date,amarah_open,amarah_close,amarah_n,babil_open,babil_close,babil_n,baghdad_generic_open,baghdad_generic_close,baghdad_generic_n,baghdad_harithiya_open,baghdad_harithiya_close,baghdad_harithiya_n,baghdad_karrada_open,baghdad_karrada_close,baghdad_karrada_n,baghdad_kifah_open,baghdad_kifah_close,baghdad_kifah_n,baghdad_samawal_open,baghdad_samawal_close,baghdad_samawal_n,baghdad_shorja_open,baghdad_shorja_close,baghdad_shorja_n,baqubah_open,baqubah_close,baqubah_n,basra_open,basra_close,basra_n,diwaniyah_open,diwaniyah_close,diwaniyah_n,erbil_open,erbil_close,erbil_n,halabja_open,halabja_close,halabja_n,hillah_open,hillah_close,hillah_n,kut_open,kut_close,kut_n,nasiriyah_open,nasiriyah_close,nasiriyah_n,ramadi_open,ramadi_close,ramadi_n,rutba_open,rutba_close,rutba_n,samarra_open,samarra_close,samarra_n,samawah_open,samawah_close,samawah_n,tikrit_open,tikrit_close,tikrit_n,zakho_open,zakho_close,zakho_n,baghdad_open,baghdad_close,baghdad_market,bid_min,bid_max,n_bid_readings
2020-12-01,1258.0,1258.0,1,1256.5,1256.5,1,,,0,1255.5,1255.5,1,,,0,1255.0,1255.0,1,,,0,,,0,,,0,1257.0,1257.0,1,,,0,1255.0,1255.0,1,,,0,,,0,1257.5,1257.5,1,,,0,1257.5,1257.5,1,,,0,,,0,1258.0,1258.0,1,,,0,,,0,1255.0,1255.0,baghdad_kifah,,,0
2020-12-03,1255.5,1255.5,1,1254.5,1254.5,1,,,0,1253.5,1253.5,1,,,0,1253.0,1253.0,2,,,0,,,0,,,0,1254.0,1254.0,2,,,0,1252.0,1252.0,2,,,0,,,0,1255.5,1255.5,1,,,0,1257.0,1257.0,1,,,0,,,0,1257.0,1257.0,1,,,0,,,0,1253.0,1253.0,baghdad_kifah,,,0
2020-12-06,1258.0,1258.0,1,1257.25,1257.25,1,,,0,1256.5,1256.5,1,,,0,1256.0,1256.0,1,,,0,,,0,,,0,1256.5,1257.0,2,,,0,1254.0,1254.25,2,,,0,,,0,1257.0,1257.0,1,,,0,1257.5,1257.5,1,,,0,,,0,1258.0,1258.0,1,1257.5,1257.5,2,,,0,1256.0,1256.0,baghdad_kifah,,,0
2020-12-07,1260.0,1260.0,2,1259.5,1259.5,1,,,0,1258.5,1258.5,1,,,0,1258.0,1258.0,2,,,0,,,0,,,0,1259.0,1259.0,2,,,0,1257.0,1257.0,2,,,0,,,0,1260.0,1260.0,1,,,0,1260.0,1260.0,2,,,0,,,0,1260.5,1260.5,1,1259.5,1259.5,1,,,0,1258.0,1258.0,baghdad_kifah,,,0
2020-12-08,1273.5,1273.5,1,1273.0,1273.0,1,,,0,1271.5,1271.5,1,,,0,1271.0,1271.0,2,,,0,,,0,,,0,1271.5,1270.0,2,,,0,1267.0,1269.0,2,,,0,,,0,1273.5,1273.5,1,,,0,1273.0,1273.0,1,,,0,,,0,1273.5,1273.5,1,1273.0,1273.0,1,,,0,1271.0,1271.0,baghdad_kifah,,,0
2020-12-09,,,0,,,0,,,0,,,0,,,0,1264.0,1264.0,1,,,0,,,0,,,0,1266.0,1266.0,1,,,0,1262.0,1262.0,1,,,0,,,0,,,0,,,0,,,0,,,0,,,0,,,0,,,0,,,0,1264.0,1264.0,baghdad_kifah,,,0
2020-12-10,,,0,,,0,,,0,,,0,,,0,1268.5,1269.0,2,,,0,,,0,,,0,1269.0,1269.0,1,,,0,1267.5,1267.5,1,,,0,,,0,,,0,,,0,,,0,,,0,,,0,,,0,,,0,,,0,1268.5,1269.0,baghdad_kifah,,,0
2020-12-13,,,0,,,0,1278.0,1278.0,1,,,0,,,0,1270.5,1270.5,1,,,0,,,0,,,0,1269.5,1276.0,2,,,0,1267.5,1274.0,2,,,0,,,0,,,0,,,0,,,0,,,0,,,0,,,0,,,0,,,0,1270.5,1270.5,baghdad_kifah,,,0
2020-12-14,1284.0,1284.0,1,1284.0,1284.0,1,1295.0,1295.0,1,1282.5,1293.5,2,,,0,1282.0,1291.0,6,,,0,,,0,,,0,1282.0,1282.0,2,,,0,1279.0,1295.0,3,,,0,,,0,,,0,,,0,,,0,,,0,,,0,1284.5,1284.5,1,,,0,,,0,1282.0,1291.0,baghdad_kifah,,,0
2020-12-15,1279.5,1279.5,1,1278.5,1278.5,1,,,0,1278.5,1278.5,1,,,0,1278.0,1286.0,5,,,0,,,0,,,0,1277.5,1277.5,2,,,0,1279.0,1285.0,4,,,0,,,0,,,0,,,0,,,0,,,0,,,0,1279.5,1279.5,1,,,0,,,0,1278.0,1286.0,baghdad_kifah,,,0
2020-12-16,,,0,,,0,1298.0,1294.0,2,,,0,,,0,1291.0,1296.0,3,,,0,,,0,,,0,1295.0,1292.0,3,,,0,1295.0,1291.5,3,,,0,,,0,,,0,,,0,,,0,,,0,,,0,,,0,,,0,,,0,1291.0,1296.0,baghdad_kifah,,,0
2020-12-17,,,0,,,0,1335.0,1325.0,2,,,0,,,0,1299.0,1325.0,5,,,0,,,0,,,0,1294.5,1320.0,3,,,0,1296.5,1318.5,3,,,0,,,0,,,0,,,0,,,0,,,0,,,0,,,0,,,0,,,0,1299.0,1325.0,baghdad_kifah,,,0
2020-12-20,,,0,,,0,1455.0,1450.0,2,,,0,,,0,1455.0,1451.0,3,,,0,,,0,,,0,1440.0,1437.5,2,,,0,1430.0,1440.0,2,,,0,,,0,,,0,,,0,,,0,,,0,,,0,,,0,,,0,,,0,1455.0,1451.0,baghdad_kifah,,,0
2020-12-21,,,0,,,0,1425.0,1377.5,2,,,0,,,0,1427.0,1385.0,4,,,0,,,0,,,0,1420.0,1375.0,2,,,0,1415.0,1415.0,1,,,0,,,0,,,0,,,0,,,0,,,0,,,0,,,0,,,0,,,0,1427.0,1385.0,baghdad_kifah,,,0
2020-12-22,,,0,,,0,1400.0,1410.0,4,,,0,,,0,1400.0,1420.0,3,,,0,,,0,,,0,1395.0,1395.0,4,,,0,1395.0,1395.0,3,,,0,,,0,,,0,,,0,,,0,,,0,,,0,,,0,,,0,,,0,1400.0,1420.0,baghdad_kifah,,,0
2020-12-23,,,0,,,0,1395.0,1425.0,3,,,0,,,0,1405.0,1416.0,5,,,0,,,0,,,0,1392.5,1393.0,2,,,0,1402.5,1395.0,2,,,0,,,0,,,0,,,0,,,0,,,0,,,0,,,0,,,0,,,0,1405.0,1416.0,baghdad_kifah,,,0
2020-12-24,,,0,,,0,1430.0,1430.0,1,,,0,,,0,1418.0,1424.0,5,,,0,,,0,,,0,1412.5,1422.5,2,,,0,1420.0,1432.5,2,,,0,,,0,,,0,,,0,,,0,,,0,,,0,,,0,,,0,,,0,1418.0,1424.0,baghdad_kifah,,,0
2020-12-27,,,0,,,0,,,0,,,0,,,0,1421.0,1420.0,3,,,0,,,0,,,0,1417.5,1417.5,1,,,0,1417.5,1417.5,1,,,0,,,0,,,0,,,0,,,0,,,0,,,0,,,0,,,0,,,0,1421.0,1420.0,baghdad_kifah,,,0
2020-12-28,,,0,,,0,1410.0,1430.0,2,,,0,,,0,1419.0,1430.5,2,,,0,,,0,,,0,1417.0,1427.0,2,,,0,1417.0,1426.0,2,,,0,,,0,,,0,1420.0,1420.0,1,,,0,,,0,,,0,,,0,,,0,,,0,1419.0,1430.5,baghdad_kifah,,,0
2020-12-29,,,0,,,0,1420.0,1420.0,1,,,0,,,0,1430.0,1436.0,2,,,0,,,0,,,0,1430.0,1430.0,1,,,0,1431.0,1431.0,1,,,0,,,0,,,0,,,0,,,0,,,0,,,0,,,0,,,0,,,0,1430.0,1436.0,baghdad_kifah,,,0
2020-12-30,,,0,,,0,1420.0,1420.0,1,1445.5,1445.5,1,,,0,1437.5,1447.0,4,,,0,,,0,,,0,1436.0,1436.0,1,,,0,1436.0,1436.0,1,,,0,,,0,,,0,1436.0,1436.0,1,,,0,,,0,,,0,,,0,,,0,,,0,1437.5,1447.0,baghdad_kifah,,,0
2020-12-31,,,0,,,0,1435.0,1445.0,2,,,0,,,0,1448.0,1444.0,3,,,0,,,0,,,0,1445.5,1440.0,3,,,0,1444.0,1443.5,3,,,0,,,0,,,0,,,0,,,0,,,0,,,0,,,0,,,0,,,0,1448.0,1444.0,baghdad_kifah,,,0
2021-01-03,,,0,,,0,,,0,,,0,,,0,1440.0,1438.5,2,,,0,,,0,,,0,1436.0,1436.0,1,,,0,1438.0,1438.0,1,,,0,,,0,,,0,,,0,,,0,,,0,,,0,,,0,,,0,,,0,1440.0,1438.5,baghdad_kifah,,,0
2021-01-04,,,0,,,0,1438.0,1438.0,1,,,0,,,0,1438.0,1438.5,2,,,0,,,0,,,0,1435.0,1436.5,2,,,0,1437.5,1438.0,2,,,0,,,0,,,0,,,0,,,0,,,0,,,0,,,0,,,0,,,0,1438.0,1438.5,baghdad_kifah,,,0
2021-01-05,,,0,,,0,1427.5,1437.5,2,,,0,,,0,1439.0,1438.5,2,,,0,,,0,,,0,1437.0,1437.0,1,,,0,1438.0,1438.0,1,,,0,,,0,,,0,1437.5,1437.5,1,,,0,,,0,,,0,,,0,,,0,,,0,1439.0,1438.5,baghdad_kifah,,,0
2021-01-06,,,0,,,0,1427.5,1427.5,1,,,0,,,0,1437.0,1439.0,3,,,0,,,0,,,0,1434.0,1434.0,1,,,0,1435.0,1435.0,1,,,0,,,0,,,0,,,0,,,0,,,0,,,0,,,0,,,0,,,0,1437.0,1439.0,baghdad_kifah,,,0
2021-01-07,,,0,,,0,1430.0,1430.0,1,,,0,,,0,1441.0,1438.0,2,,,0,,,0,,,0,1437.5,1437.5,1,,,0,1439.5,1439.5,1,,,0,,,0,,,0,,,0,,,0,,,0,,,0,,,0,,,0,,,0,1441.0,1438.0,baghdad_kifah,,,0
2021-01-10,,,0,,,0,1431.5,1434.0,2,,,0,,,0,1430.0,1431.0,2,,,0,,,0,,,0,1430.0,1431.0,3,,,0,1432.5,1432.5,1,,,0,,,0,,,0,,,0,,,0,,,0,,,0,,,0,,,0,,,0,1430.0,1431.0,baghdad_kifah,,,0
2021-01-11,1431.0,1431.0,1,,,0,1430.0,1430.0,1,,,0,,,0,1432.5,1432.0,3,,,0,,,0,,,0,1430.0,1429.0,2,,,0,1431.0,1431.0,2,,,0,,,0,,,0,,,0,,,0,1440.0,1440.0,1,,,0,,,0,,,0,,,0,1432.5,1432.0,baghdad_kifah,,,0
2021-01-12,,,0,,,0,1425.0,1425.0,1,,,0,,,0,1435.0,1437.0,3,,,0,,,0,,,0,1433.0,1433.0,1,,,0,1434.5,1434.5,1,,,0,,,0,,,0,1436.0,1436.0,1,,,0,,,0,,,0,,,0,,,0,,,0,1435.0,1437.0,baghdad_kifah,,,0
2021-01-13,,,0,,,0,,,0,,,0,,,0,1437.5,1438.0,3,,,0,,,0,,,0,1436.0,1436.0,1,,,0,1436.5,1436.5,1,,,0,,,0,,,0,1437.0,1437.0,1,,,0,,,0,,,0,,,0,,,0,,,0,1437.5,1438.0,baghdad_kifah,,,0
2021-01-14,,,0,,,0,1435.0,1437.5,2,,,0,,,0,1437.0,1437.5,2,,,0,,,0,,,0,1436.0,1436.5,2,,,0,1436.5,1435.0,2,,,0,,,0,,,0,,,0,,,0,,,0,,,0,,,0,,,0,,,0,1437.0,1437.5,baghdad_kifah,,,0
2021-01-17,,,0,,,0,1443.0,1446.0,2,,,0,,,0,1441.0,1450.0,4,,,0,,,0,,,0,1442.0,1447.0,3,,,0,1441.0,1445.0,3,,,0,,,0,,,0,,,0,,,0,,,0,,,0,,,0,1448.0,1448.0,1,,,0,1441.0,1450.0,baghdad_kifah,,,0
2021-01-18,1449.0,1449.0,1,,,0,1440.0,1457.0,2,,,0,,,0,1449.5,1456.5,3,,,0,,,0,,,0,1450.0,1455.0,2,,,0,1448.0,1448.0,1,,,0,,,0,,,0,,,0,,,0,,,0,,,0,,,0,,,0,,,0,1449.5,1456.5,baghdad_kifah,,,0
2021-01-19,,,0,,,0,1450.0,1457.5,2,,,0,,,0,1457.0,1457.0,2,,,0,,,0,,,0,1457.5,1457.0,2,,,0,1462.5,1456.0,2,,,0,,,0,,,0,,,0,,,0,,,0,,,0,,,0,,,0,,,0,1457.0,1457.0,baghdad_kifah,,,0
2021-01-20,,,0,,,0,1450.0,1450.0,1,,,0,,,0,1458.0,1457.5,4,,,0,,,0,,,0,1457.0,1457.0,1,,,0,1457.5,1457.5,1,,,0,,,0,,,0,,,0,,,0,,,0,,,0,,,0,,,0,,,0,1458.0,1457.5,baghdad_kifah,,,0
2021-01-21,,,0,,,0,1450.0,1450.0,1,,,0,,,0,1456.5,1455.5,2,,,0,,,0,,,0,1456.5,1455.0,2,,,0,1457.25,1455.0,2,,,0,,,0,,,0,,,0,,,0,,,0,,,0,,,0,,,0,,,0,1456.5,1455.5,baghdad_kifah,,,0
2021-01-24,,,0,,,0,,,0,,,0,,,0,1456.5,1455.5,2,,,0,,,0,,,0,1455.5,1455.5,1,,,0,1455.5,1455.5,1,,,0,,,0,,,0,,,0,,,0,,,0,,,0,1458.0,1458.0,1,,,0,,,0,1456.5,1455.5,baghdad_kifah,,,0
2021-01-25,,,0,1456.0,1456.0,1,1450.0,1450.0,1,,,0,,,0,1456.0,1455.0,3,,,0,,,0,,,0,1455.0,1455.0,2,,,0,1456.0,1456.25,2,,,0,,,0,,,0,,,0,,,0,,,0,,,0,,,0,,,0,,,0,1456.0,1455.0,baghdad_kifah,,,0
2021-01-26,,,0,,,0,1450.0,1450.0,1,,,0,,,0,1455.0,1455.5,3,,,0,,,0,,,0,1455.0,1455.0,1,,,0,1455.75,1455.75,1,,,0,,,0,,,0,,,0,,,0,,,0,,,0,,,0,1458.5,1458.5,1,,,0,1455.0,1455.5,baghdad_kifah,,,0
2021-01-27,1455.0,1455.0,1,,,0,1450.0,1450.0,1,,,0,,,0,1452.5,1453.5,2,,,0,,,0,,,0,1452.5,1452.5,1,,,0,1456.0,1456.0,1,,,0,,,0,,,0,,,0,,,0,,,0,,,0,1456.0,1456.0,1,,,0,,,0,1452.5,1453.5,baghdad_kifah,,,0
2021-01-28,,,0,,,0,1447.5,1447.5,1,,,0,,,0,1453.5,1450.0,3,,,0,,,0,,,0,1452.5,1452.5,1,,,0,1455.5,1455.5,1,,,0,,,0,,,0,,,0,,,0,,,0,,,0,,,0,,,0,,,0,1453.5,1450.0,baghdad_kifah,,,0
2021-01-31,,,0,,,0,,,0,,,0,,,0,1447.5,1451.5,4,,,0,,,0,,,0,1446.0,1446.0,1,,,0,1450.0,1450.0,1,,,0,,,0,,,0,,,0,,,0,,,0,,,0,,,0,,,0,,,0,1447.5,1451.5,baghdad_kifah,,,0
2021-02-01,,,0,,,0,,,0,,,0,,,0,1454.0,1451.5,4,,,0,,,0,,,0,1452.5,1452.5,1,,,0,1455.0,1455.0,1,,,0,,,0,,,0,,,0,,,0,,,0,,,0,,,0,,,0,,,0,1454.0,1451.5,baghdad_kifah,,,0
2021-02-02,,,0,,,0,,,0,,,0,,,0,1452.0,1451.5,3,,,0,,,0,,,0,1451.0,1451.0,1,,,0,1454.25,1454.25,1,,,0,,,0,,,0,,,0,,,0,,,0,,,0,,,0,1454.0,1454.0,1,,,0,1452.0,1451.5,baghdad_kifah,,,0
2021-02-03,,,0,,,0,,,0,,,0,,,0,1452.0,1452.5,3,,,0,,,0,,,0,1450.5,1450.5,1,,,0,1454.0,1454.0,1,,,0,,,0,,,0,,,0,,,0,,,0,,,0,,,0,,,0,,,0,1452.0,1452.5,baghdad_kifah,,,0
2021-02-04,,,0,,,0,,,0,,,0,,,0,1453.0,1454.0,2,,,0,,,0,,,0,1452.0,1452.0,1,,,0,1454.75,1454.75,1,,,0,,,0,,,0,,,0,,,0,,,0,,,0,,,0,,,0,,,0,1453.0,1454.0,baghdad_kifah,,,0
2021-02-07,,,0,,,0,,,0,,,0,,,0,1458.0,1458.5,2,,,0,,,0,,,0,1458.5,1458.5,1,,,0,1457.25,1457.25,1,,,0,,,0,,,0,,,0,,,0,,,0,,,0,,,0,,,0,,,0,1458.0,1458.5,baghdad_kifah,,,0
2021-02-08,,,0,,,0,,,0,,,0,,,0,1458.0,1458.0,2,,,0,,,0,,,0,1462.5,1462.5,1,1458.5,1458.5,1,1459.0,1459.0,1,,,0,,,0,,,0,,,0,,,0,,,0,,,0,,,0,,,0,,,0,1458.0,1458.0,baghdad_kifah,,,0
2021-02-09,,,0,,,0,,,0,,,0,,,0,1461.0,1460.0,3,,,0,,,0,,,0,1465.0,1465.0,1,,,0,1461.0,1461.0,1,,,0,,,0,,,0,,,0,,,0,,,0,,,0,,,0,,,0,,,0,1461.0,1460.0,baghdad_kifah,,,0
2021-02-10,,,0,,,0,,,0,,,0,,,0,1460.0,1459.0,3,,,0,,,0,,,0,1460.0,1460.0,1,,,0,1460.5,1460.5,1,,,0,,,0,,,0,,,0,,,0,,,0,,,0,1461.0,1461.0,1,,,0,,,0,1460.0,1459.0,baghdad_kifah,,,0
2021-02-11,1459.0,1459.0,1,,,0,,,0,,,0,,,0,1459.0,1459.25,2,,,0,,,0,,,0,1458.0,1458.0,1,,,0,1460.0,1460.0,1,,,0,,,0,,,0,,,0,,,0,,,0,,,0,,,0,,,0,,,0,1459.0,1459.25,baghdad_kifah,,,0
2021-02-14,,,0,,,0,,,0,1459.25,1459.25,1,,,0,1459.0,1459.0,2,,,0,,,0,,,0,1458.5,1459.0,2,,,0,1460.0,1460.25,2,,,0,,,0,,,0,,,0,,,0,,,0,,,0,,,0,,,0,,,0,1459.0,1459.0,baghdad_kifah,,,0
2021-02-15,1459.5,1459.5,1,,,0,,,0,,,0,,,0,1459.0,1459.0,1,,,0,,,0,,,0,1459.0,1459.0,1,,,0,1460.0,1460.0,1,,,0,,,0,,,0,,,0,,,0,,,0,,,0,,,0,,,0,,,0,1459.0,1459.0,baghdad_kifah,,,0
2021-02-16,,,0,,,0,1455.0,1455.0,1,1461.25,1461.25,1,,,0,1461.0,1461.5,2,,,0,,,0,,,0,1465.0,1462.0,2,,,0,1462.0,1463.25,2,,,0,,,0,,,0,,,0,,,0,,,0,,,0,,,0,,,0,,,0,1461.0,1461.5,baghdad_kifah,,,0
2021-02-17,1463.0,1463.0,1,,,0,1455.0,1455.0,1,,,0,,,0,1460.75,1460.75,1,,,0,,,0,,,0,1465.0,1465.0,1,,,0,1463.5,1463.5,1,,,0,,,0,,,0,,,0,,,0,,,0,,,0,,,0,,,0,,,0,1460.75,1460.75,baghdad_kifah,,,0
2021-02-18,,,0,,,0,,,0,1461.25,1461.25,1,,,0,1461.5,1460.75,2,,,0,,,0,,,0,1462.0,1462.5,2,,,0,1462.0,1462.5,2,,,0,,,0,,,0,,,0,,,0,,,0,,,0,,,0,,,0,,,0,1461.5,1460.75,baghdad_kifah,,,0
2021-02-21,,,0,,,0,1455.0,1455.0,1,,,0,,,0,,,0,,,0,,,0,,,0,,,0,,,0,,,0,,,0,,,0,,,0,,,0,,,0,,,0,,,0,,,0,,,0,,,0,1455.0,1455.0,baghdad_generic,,,0
2021-02-22,1460.0,1460.0,1,,,0,,,0,1459.0,1459.0,1,,,0,1459.0,1457.5,4,,,0,,,0,,,0,1458.5,1458.5,2,,,0,1460.5,1459.5,2,,,0,,,0,,,0,,,0,,,0,,,0,,,0,,,0,1462.0,1462.0,1,,,0,1459.0,1457.5,baghdad_kifah,,,0
2021-02-23,,,0,,,0,1455.0,1455.0,1,1455.75,1455.75,1,,,0,1457.0,1456.0,3,,,0,,,0,,,0,1457.0,1456.0,2,,,0,1458.0,1456.5,2,,,0,,,0,,,0,,,0,,,0,,,0,,,0,,,0,,,0,,,0,1457.0,1456.0,baghdad_kifah,,,0
2021-02-24,,,0,,,0,,,0,,,0,,,0,1453.75,1454.0,2,,,0,,,0,,,0,,,0,,,0,,,0,,,0,,,0,,,0,,,0,,,0,,,0,,,0,,,0,,,0,,,0,1453.75,1454.0,baghdad_kifah,,,0
2021-02-25,,,0,1454.0,1454.0,1,,,0,1451.75,1451.75,1,,,0,1453.5,1452.0,3,,,0,,,0,,,0,1454.0,1453.0,2,1454.0,1454.0,1,1455.25,1454.0,2,,,0,,,0,,,0,,,0,,,0,,,0,,,0,,,0,,,0,,,0,1453.5,1452.0,baghdad_kifah,,,0
2021-03-01,,,0,,,0,,,0,1451.75,1451.75,1,,,0,1452.0,1452.5,3,,,0,,,0,,,0,1451.0,1452.0,2,,,0,1452.0,1453.5,2,,,0,,,0,,,0,,,0,,,0,,,0,,,0,,,0,,,0,,,0,1452.0,1452.5,baghdad_kifah,,,0
2021-03-02,,,0,,,0,,,0,1454.5,1454.5,1,,,0,1453.5,1454.5,3,,,0,,,0,,,0,1453.5,1455.0,2,,,0,1455.75,1455.25,2,,,0,,,0,,,0,,,0,,,0,,,0,,,0,,,0,1456.0,1456.0,1,,,0,1453.5,1454.5,baghdad_kifah,,,0
2021-03-03,,,0,,,0,,,0,1455.25,1455.25,1,,,0,1454.5,1455.5,2,,,0,,,0,,,0,1453.5,1454.5,2,,,0,1455.5,1456.0,2,,,0,,,0,,,0,,,0,,,0,,,0,,,0,,,0,,,0,,,0,1454.5,1455.5,baghdad_kifah,,,0
2021-03-04,,,0,,,0,,,0,1453.0,1453.0,1,,,0,1453.0,1452.75,3,,,0,,,0,,,0,1452.0,1452.5,2,,,0,1453.0,1453.5,2,,,0,,,0,,,0,,,0,,,0,,,0,,,0,,,0,,,0,,,0,1453.0,1452.75,baghdad_kifah,,,0
2021-03-07,,,0,,,0,,,0,1453.0,1453.0,1,,,0,1454.0,1454.0,1,,,0,,,0,,,0,1452.0,1452.0,1,,,0,1455.25,1455.25,1,,,0,,,0,,,0,,,0,,,0,,,0,,,0,,,0,,,0,,,0,1454.0,1454.0,baghdad_kifah,,,0
2021-03-08,,,0,,,0,,,0,,,0,,,0,1454.0,1454.0,1,,,0,,,0,,,0,1453.0,1453.0,1,,,0,1455.75,1455.75,1,,,0,,,0,,,0,,,0,,,0,,,0,,,0,,,0,,,0,,,0,1454.0,1454.0,baghdad_kifah,,,0
2021-03-09,,,0,,,0,,,0,1453.75,1453.75,1,,,0,1453.5,1454.0,3,,,0,,,0,,,0,1452.5,1452.0,2,,,0,1455.75,1456.0,2,,,0,,,0,,,0,,,0,,,0,,,0,,,0,,,0,,,0,,,0,1453.5,1454.0,baghdad_kifah,,,0
2021-03-10,,,0,,,0,1454.0,1454.0,1,1454.5,1454.5,1,,,0,1454.5,1454.5,1,,,0,,,0,,,0,1453.0,1453.0,2,,,0,1456.25,1456.5,2,,,0,,,0,,,0,,,0,,,0,,,0,,,0,,,0,,,0,,,0,1454.5,1454.5,baghdad_kifah,,,0
2021-03-11,,,0,,,0,1455.0,1455.0,1,1454.75,1454.75,1,,,0,1454.75,1454.75,1,,,0,,,0,,,0,1454.0,1454.0,2,,,0,1457.25,1457.5,2,,,0,,,0,,,0,,,0,,,0,,,0,,,0,,,0,,,0,,,0,1454.75,1454.75,baghdad_kifah,,,0
2021-03-14,,,0,,,0,,,0,1456.0,1456.0,2,,,0,1456.5,1455.0,2,,,0,,,0,,,0,1455.0,1455.0,2,,,0,1459.25,1455.5,2,,,0,,,0,,,0,,,0,,,0,,,0,,,0,,,0,,,0,,,0,1456.5,1455.0,baghdad_kifah,,,0
2021-03-15,,,0,,,0,1455.0,1455.0,2,,,0,,,0,,,0,,,0,,,0,,,0,1460.0,1453.5,2,,,0,1453.5,1455.0,2,,,0,,,0,,,0,,,0,,,0,,,0,,,0,,,0,,,0,,,0,1455.0,1455.0,baghdad_generic,,,0
2021-03-16,,,0,,,0,,,0,,,0,,,0,1457.0,1459.0,2,,,0,,,0,,,0,1456.5,1456.5,1,,,0,1456.25,1456.25,1,,,0,,,0,,,0,,,0,,,0,,,0,,,0,,,0,,,0,,,0,1457.0,1459.0,baghdad_kifah,,,0
2021-03-17,,,0,,,0,,,0,,,0,,,0,1458.0,1459.0,2,,,0,,,0,,,0,1458.0,1458.0,1,,,0,1457.0,1457.0,1,,,0,,,0,,,0,,,0,,,0,,,0,,,0,,,0,,,0,,,0,1458.0,1459.0,baghdad_kifah,,,0
2021-03-18,,,0,,,0,,,0,,,0,,,0,1458.25,1458.25,1,,,0,,,0,,,0,1461.0,1461.0,1,,,0,1457.0,1457.0,1,,,0,,,0,,,0,,,0,,,0,,,0,,,0,,,0,,,0,,,0,1458.25,1458.25,baghdad_kifah,,,0
2021-03-21,,,0,,,0,,,0,1459.25,1459.25,1,,,0,1459.0,1459.0,1,,,0,,,0,,,0,1459.0,1459.0,1,,,0,1457.25,1457.25,1,,,0,,,0,,,0,,,0,,,0,,,0,,,0,,,0,,,0,,,0,1459.0,1459.0,baghdad_kifah,,,0
2021-03-22,,,0,,,0,1451.0,1451.0,1,1454.5,1454.5,1,,,0,1456.5,1455.0,2,,,0,,,0,,,0,1455.0,1452.0,2,,,0,1457.25,1457.25,1,,,0,,,0,,,0,,,0,,,0,,,0,,,0,,,0,,,0,,,0,1456.5,1455.0,baghdad_kifah,,,0
2021-03-23,,,0,,,0,1449.0,1438.0,3,,,0,,,0,1451.5,1451.5,1,,,0,,,0,,,0,1448.5,1448.5,1,,,0,,,0,,,0,,,0,,,0,,,0,,,0,,,0,,,0,,,0,,,0,,,0,1451.5,1451.5,baghdad_kifah,,,0
2021-03-24,,,0,,,0,,,0,,,0,,,0,1433.0,1443.0,4,,,0,,,0,,,0,1425.0,1425.0,1,,,0,1439.0,1439.0,1,,,0,,,0,,,0,,,0,,,0,,,0,,,0,,,0,,,0,,,0,1433.0,1443.0,baghdad_kifah,,,0
2021-03-25,,,0,,,0,,,0,1444.5,1444.5,1,,,0,1446.5,1444.0,3,,,0,,,0,,,0,1443.0,1442.0,2,,,0,1448.0,1448.0,2,,,0,,,0,,,0,,,0,,,0,,,0,,,0,,,0,,,0,,,0,1446.5,1444.0,baghdad_kifah,,,0
2021-03-28,,,0,,,0,,,0,1445.0,1445.0,1,,,0,1446.0,1445.5,3,,,0,,,0,,,0,1444.0,1443.0,2,,,0,1448.5,1445.5,2,,,0,,,0,,,0,,,0,,,0,,,0,,,0,,,0,,,0,,,0,1446.0,1445.5,baghdad_kifah,,,0
2021-03-29,,,0,,,0,,,0,,,0,,,0,1447.5,1450.0,4,,,0,,,0,,,0,1446.0,1446.0,1,,,0,1447.0,1447.0,1,,,0,,,0,,,0,,,0,,,0,,,0,,,0,,,0,,,0,,,0,1447.5,1450.0,baghdad_kifah,,,0
2021-03-30,,,0,,,0,,,0,,,0,,,0,1451.0,1454.5,4,,,0,,,0,,,0,1450.0,1450.0,1,,,0,1451.75,1451.75,1,,,0,,,0,,,0,,,0,,,0,,,0,,,0,,,0,,,0,,,0,1451.0,1454.5,baghdad_kifah,,,0
2021-03-31,,,0,,,0,1460.0,1460.0,1,,,0,,,0,1457.0,1458.5,2,,,0,,,0,,,0,1455.0,1455.0,1,,,0,1457.5,1457.5,1,,,0,,,0,,,0,,,0,,,0,,,0,,,0,,,0,,,0,,,0,1457.0,1458.5,baghdad_kifah,,,0
2021-04-01,,,0,,,0,,,0,1469.0,1469.0,1,,,0,1464.0,1469.0,4,,,0,,,0,,,0,1465.0,1468.0,2,,,0,1463.5,1469.0,2,,,0,,,0,,,0,,,0,,,0,,,0,,,0,,,0,,,0,,,0,1464.0,1469.0,baghdad_kifah,,,0
2021-04-04,,,0,,,0,,,0,,,0,,,0,1469.0,1468.5,2,,,0,,,0,,,0,1471.0,1471.0,1,,,0,1469.25,1469.25,1,,,0,,,0,,,0,,,0,,,0,,,0,,,0,,,0,,,0,,,0,1469.0,1468.5,baghdad_kifah,,,0
2021-04-05,,,0,,,0,,,0,,,0,,,0,1468.0,1468.0,1,,,0,,,0,,,0,1470.0,1470.0,1,,,0,1469.0,1469.0,1,,,0,,,0,,,0,,,0,,,0,,,0,,,0,,,0,,,0,,,0,1468.0,1468.0,baghdad_kifah,,,0
2021-04-06,,,0,,,0,,,0,,,0,,,0,1469.0,1469.5,2,,,0,,,0,,,0,1470.0,1470.0,1,,,0,1470.0,1470.0,1,,,0,,,0,,,0,,,0,,,0,,,0,,,0,,,0,,,0,,,0,1469.0,1469.5,baghdad_kifah,,,0
2021-04-07,,,0,,,0,,,0,,,0,,,0,1471.0,1472.5,2,,,0,,,0,,,0,1472.0,1472.0,1,,,0,1472.75,1472.75,1,,,0,,,0,,,0,,,0,,,0,,,0,,,0,,,0,,,0,,,0,1471.0,1472.5,baghdad_kifah,,,0
2021-04-08,,,0,,,0,,,0,,,0,,,0,1472.0,1471.0,3,,,0,,,0,,,0,1473.0,1473.0,1,,,0,1473.0,1473.0,1,,,0,,,0,,,0,,,0,,,0,,,0,,,0,,,0,,,0,,,0,1472.0,1471.0,baghdad_kifah,,,0
2021-04-11,1474.0,1474.0,1,,,0,,,0,,,0,,,0,1472.0,1472.0,2,,,0,,,0,,,0,1473.0,1473.5,2,,,0,1473.0,1472.75,2,,,0,,,0,,,0,,,0,1472.5,1472.5,1,,,0,,,0,1474.0,1474.0,1,,,0,,,0,1472.0,1472.0,baghdad_kifah,,,0
2021-04-12,,,0,,,0,,,0,,,0,,,0,1474.5,1476.0,4,,,0,,,0,,,0,1475.0,1475.0,1,,,0,1475.5,1475.5,1,,,0,,,0,,,0,,,0,1475.0,1475.0,1,,,0,,,0,1475.0,1475.0,1,,,0,,,0,1474.5,1476.0,baghdad_kifah,,,0
2021-04-13,,,0,,,0,1490.0,1490.0,1,,,0,,,0,1480.0,1480.0,1,,,0,,,0,,,0,,,0,,,0,,,0,,,0,,,0,,,0,,,0,,,0,,,0,,,0,,,0,,,0,,,0,1480.0,1480.0,baghdad_kifah,,,0
2021-04-14,,,0,,,0,,,0,,,0,,,0,1490.0,1479.0,2,,,0,,,0,,,0,1491.0,1491.0,1,,,0,1490.0,1490.0,1,,,0,,,0,,,0,,,0,,,0,,,0,,,0,,,0,,,0,,,0,1490.0,1479.0,baghdad_kifah,,,0
2021-04-15,,,0,,,0,,,0,,,0,,,0,1479.0,1479.0,2,,,0,,,0,,,0,1479.0,1479.0,1,,,0,1480.0,1480.0,1,,,0,,,0,,,0,,,0,,,0,,,0,,,0,,,0,,,0,,,0,1479.0,1479.0,baghdad_kifah,,,0
2021-04-18,,,0,,,0,,,0,,,0,,,0,1479.5,1481.0,2,,,0,,,0,,,0,1481.5,1481.5,1,,,0,1483.0,1483.0,1,,,0,,,0,,,0,,,0,,,0,,,0,,,0,,,0,,,0,,,0,1479.5,1481.0,baghdad_kifah,,,0
2021-04-19,,,0,,,0,,,0,1481.5,1481.5,1,,,0,1482.0,1482.0,1,,,0,,,0,,,0,1484.0,1484.0,1,,,0,1482.5,1482.5,1,,,0,,,0,,,0,,,0,,,0,,,0,,,0,,,0,,,0,,,0,1482.0,1482.0,baghdad_kifah,,,0
2021-04-20,,,0,,,0,,,0,1479.0,1479.0,1,,,0,1478.5,1478.5,1,,,0,,,0,,,0,1481.0,1481.0,1,,,0,1480.0,1480.0,1,,,0,,,0,,,0,,,0,,,0,,,0,,,0,,,0,,,0,,,0,1478.5,1478.5,baghdad_kifah,,,0
2021-04-21,,,0,,,0,,,0,1480.5,1480.5,1,,,0,1480.5,1480.5,2,,,0,,,0,,,0,1482.0,1482.0,2,,,0,1481.25,1481.5,2,,,0,,,0,,,0,,,0,,,0,,,0,,,0,,,0,,,0,,,0,1480.5,1480.5,baghdad_kifah,,,0
2021-04-22,,,0,,,0,,,0,,,0,,,0,1478.0,1478.0,1,,,0,,,0,,,0,1480.0,1480.0,1,,,0,1480.0,1480.0,1,,,0,,,0,,,0,,,0,,,0,,,0,,,0,,,0,,,0,,,0,1478.0,1478.0,baghdad_kifah,,,0
2021-04-25,,,0,,,0,,,0,,,0,,,0,1479.0,1479.0,1,,,0,,,0,,,0,1480.0,1480.0,1,,,0,1477.5,1477.5,1,,,0,,,0,,,0,,,0,,,0,,,0,,,0,,,0,,,0,,,0,1479.0,1479.0,baghdad_kifah,,,0
2021-04-26,,,0,,,0,,,0,,,0,,,0,1480.0,1480.0,1,,,0,,,0,,,0,1481.5,1481.5,1,,,0,1482.0,1482.0,1,,,0,,,0,,,0,,,0,,,0,,,0,,,0,,,0,,,0,,,0,1480.0,1480.0,baghdad_kifah,,,0
2021-04-27,,,0,,,0,,,0,,,0,,,0,1477.75,1477.75,1,,,0,,,0,,,0,1480.0,1480.0,1,,,0,1478.0,1478.0,1,,,0,,,0,,,0,,,0,,,0,,,0,,,0,,,0,,,0,,,0,1477.75,1477.75,baghdad_kifah,,,0
2021-04-28,,,0,,,0,,,0,,,0,,,0,1478.0,1478.0,1,,,0,,,0,,,0,1479.0,1479.0,1,,,0,1479.25,1479.25,1,,,0,,,0,,,0,,,0,,,0,,,0,,,0,,,0,,,0,,,0,1478.0,1478.0,baghdad_kifah,,,0
2021-04-29,,,0,,,0,,,0,1479.5,1479.5,1,,,0,1479.5,1479.25,2,,,0,,,0,,,0,1479.0,1480.0,2,,,0,1480.0,1480.75,2,,,0,,,0,,,0,,,0,,,0,,,0,,,0,,,0,,,0,,,0,1479.5,1479.25,baghdad_kifah,,,0
2021-05-02,,,0,,,0,,,0,,,0,,,0,1479.5,1479.5,1,,,0,,,0,,,0,1480.0,1480.0,1,,,0,1482.0,1482.0,1,,,0,,,0,,,0,,,0,,,0,,,0,,,0,,,0,,,0,,,0,1479.5,1479.5,baghdad_kifah,,,0
2021-05-05,,,0,,,0,,,0,,,0,,,0,1481.5,1481.5,1,,,0,,,0,,,0,,,0,,,0,,,0,,,0,,,0,,,0,,,0,,,0,,,0,,,0,,,0,,,0,,,0,1481.5,1481.5,baghdad_kifah,,,0
2021-05-06,,,0,,,0,,,0,,,0,,,0,1483.5,1483.5,1,,,0,,,0,,,0,,,0,,,0,,,0,,,0,,,0,,,0,,,0,,,0,,,0,,,0,,,0,,,0,,,0,1483.5,1483.5,baghdad_kifah,,,0
2021-05-09,,,0,,,0,,,0,,,0,,,0,1483.5,1483.5,1,,,0,,,0,,,0,,,0,,,0,,,0,,,0,,,0,,,0,,,0,,,0,,,0,,,0,,,0,,,0,,,0,1483.5,1483.5,baghdad_kifah,,,0
2021-05-10,1484.0,1484.0,1,,,0,,,0,,,0,,,0,1482.0,1482.0,1,,,0,,,0,,,0,1482.5,1482.5,1,,,0,1486.0,1486.0,1,,,0,,,0,,,0,,,0,,,0,,,0,,,0,,,0,,,0,,,0,1482.0,1482.0,baghdad_kifah,,,0
2021-05-11,,,0,,,0,,,0,,,0,,,0,1483.0,1483.0,1,,,0,,,0,,,0,1483.0,1483.0,1,,,0,1486.0,1486.0,1,,,0,,,0,,,0,,,0,,,0,,,0,,,0,,,0,,,0,,,0,1483.0,1483.0,baghdad_kifah,,,0
2021-05-18,,,0,,,0,,,0,,,0,,,0,1486.0,1486.0,1,,,0,,,0,,,0,1486.0,1486.0,1,,,0,1486.0,1486.0,1,,,0,,,0,,,0,,,0,,,0,,,0,,,0,,,0,,,0,,,0,1486.0,1486.0,baghdad_kifah,,,0
2021-05-19,,,0,,,0,,,0,,,0,,,0,1486.5,1487.0,2,,,0,,,0,,,0,1488.0,1488.0,1,,,0,1488.0,1488.0,1,,,0,,,0,,,0,,,0,,,0,,,0,,,0,,,0,,,0,,,0,1486.5,1487.0,baghdad_kifah,,,0
2021-05-20,,,0,,,0,,,0,,,0,,,0,1487.0,1487.0,1,,,0,,,0,,,0,1488.5,1488.5,1,,,0,1489.25,1489.25,1,,,0,,,0,,,0,,,0,,,0,,,0,,,0,,,0,,,0,,,0,1487.0,1487.0,baghdad_kifah,,,0
2021-05-24,,,0,,,0,,,0,,,0,,,0,1488.5,1488.5,1,,,0,,,0,,,0,1489.5,1489.5,1,,,0,1489.25,1489.25,1,,,0,,,0,,,0,,,0,,,0,,,0,,,0,,,0,,,0,,,0,1488.5,1488.5,baghdad_kifah,,,0
2021-05-25,,,0,,,0,,,0,,,0,,,0,1488.5,1491.0,2,,,0,,,0,,,0,1490.0,1490.0,1,,,0,1490.5,1490.5,1,,,0,,,0,,,0,,,0,,,0,,,0,,,0,,,0,,,0,,,0,1488.5,1491.0,baghdad_kifah,,,0
2021-05-26,,,0,,,0,,,0,,,0,,,0,1491.5,1491.5,1,,,0,,,0,,,0,1492.5,1492.5,1,,,0,1490.75,1490.75,1,,,0,,,0,,,0,,,0,,,0,,,0,,,0,,,0,,,0,,,0,1491.5,1491.5,baghdad_kifah,,,0
2021-05-27,,,0,,,0,,,0,,,0,,,0,1495.0,1493.0,2,,,0,,,0,,,0,1496.0,1496.0,1,,,0,1493.5,1493.5,1,,,0,,,0,,,0,,,0,,,0,,,0,,,0,,,0,,,0,,,0,1495.0,1493.0,baghdad_kifah,,,0
2021-05-30,,,0,,,0,,,0,,,0,,,0,1492.0,1492.0,1,,,0,,,0,,,0,1495.0,1495.0,1,,,0,1491.5,1491.5,1,,,0,,,0,,,0,1493.5,1493.5,1,,,0,,,0,,,0,,,0,,,0,,,0,1492.0,1492.0,baghdad_kifah,,,0
2021-05-31,,,0,,,0,,,0,,,0,,,0,1492.5,1492.5,1,,,0,,,0,,,0,1494.0,1494.0,1,,,0,1492.0,1492.0,1,,,0,,,0,,,0,,,0,,,0,,,0,,,0,,,0,,,0,,,0,1492.5,1492.5,baghdad_kifah,,,0
2021-06-01,,,0,,,0,,,0,,,0,,,0,1494.5,1494.5,1,,,0,,,0,,,0,1496.0,1496.0,1,,,0,1496.0,1496.0,1,,,0,,,0,,,0,,,0,,,0,,,0,,,0,,,0,,,0,,,0,1494.5,1494.5,baghdad_kifah,,,0
2021-06-02,,,0,,,0,,,0,,,0,,,0,1495.0,1495.0,1,,,0,,,0,,,0,1500.0,1500.0,1,,,0,1495.0,1495.0,1,,,0,,,0,,,0,,,0,,,0,,,0,,,0,,,0,,,0,,,0,1495.0,1495.0,baghdad_kifah,,,0
2021-06-03,,,0,,,0,,,0,,,0,,,0,1491.5,1491.5,1,,,0,,,0,,,0,1493.0,1493.0,1,,,0,1493.25,1493.25,1,,,0,,,0,,,0,,,0,,,0,,,0,,,0,,,0,,,0,,,0,1491.5,1491.5,baghdad_kifah,,,0
2021-06-06,,,0,,,0,1499.0,1499.0,1,,,0,,,0,1496.0,1496.0,1,,,0,,,0,,,0,1495.5,1495.5,1,,,0,1498.0,1498.0,1,,,0,,,0,,,0,,,0,,,0,,,0,,,0,,,0,,,0,,,0,1496.0,1496.0,baghdad_kifah,,,0
2021-06-07,,,0,,,0,,,0,,,0,,,0,1499.0,1499.0,1,,,0,,,0,,,0,1498.5,1498.5,1,,,0,1500.0,1500.0,1,,,0,,,0,,,0,,,0,,,0,,,0,,,0,,,0,,,0,,,0,1499.0,1499.0,baghdad_kifah,,,0
2021-06-08,,,0,,,0,1495.0,1495.0,1,,,0,,,0,,,0,,,0,,,0,,,0,,,0,,,0,,,0,,,0,,,0,,,0,,,0,,,0,,,0,,,0,,,0,,,0,,,0,1495.0,1495.0,baghdad_generic,,,0
2021-06-09,,,0,,,0,,,0,,,0,,,0,1500.0,1502.0,3,,,0,,,0,,,0,,,0,,,0,,,0,,,0,,,0,,,0,,,0,,,0,,,0,,,0,,,0,,,0,,,0,1500.0,1502.0,baghdad_kifah,,,0
2021-06-10,,,0,,,0,1503.5,1503.5,1,,,0,,,0,1503.0,1503.0,1,,,0,,,0,,,0,1503.0,1503.0,1,,,0,1505.5,1505.5,1,,,0,,,0,,,0,,,0,,,0,,,0,,,0,,,0,,,0,,,0,1503.0,1503.0,baghdad_kifah,,,0
2021-06-13,,,0,,,0,,,0,,,0,,,0,1501.0,1501.0,1,,,0,,,0,,,0,1502.0,1502.0,1,,,0,1502.25,1502.25,1,,,0,,,0,,,0,,,0,,,0,,,0,,,0,,,0,,,0,,,0,1501.0,1501.0,baghdad_kifah,,,0
2021-06-14,,,0,,,0,,,0,,,0,,,0,1502.0,1497.0,2,,,0,,,0,,,0,1503.0,1503.0,1,,,0,1503.25,1503.25,1,,,0,,,0,,,0,,,0,,,0,,,0,,,0,,,0,,,0,,,0,1502.0,1497.0,baghdad_kifah,,,0
2021-06-15,,,0,,,0,,,0,,,0,,,0,1495.5,1493.0,3,,,0,,,0,,,0,1496.5,1496.5,1,,,0,1496.5,1496.5,1,,,0,,,0,,,0,,,0,,,0,,,0,,,0,,,0,,,0,,,0,1495.5,1493.0,baghdad_kifah,,,0
2021-06-16,,,0,,,0,1483.0,1483.0,1,,,0,,,0,1492.0,1487.0,2,,,0,,,0,,,0,1492.5,1492.5,1,,,0,1493.0,1493.0,1,,,0,,,0,,,0,,,0,,,0,,,0,,,0,,,0,,,0,,,0,1492.0,1487.0,baghdad_kifah,,,0
2021-06-17,,,0,,,0,,,0,,,0,,,0,1486.0,1485.0,2,,,0,,,0,,,0,1489.0,1489.0,1,,,0,1488.0,1488.0,1,,,0,,,0,,,0,,,0,,,0,,,0,,,0,,,0,,,0,,,0,1486.0,1485.0,baghdad_kifah,,,0
2021-06-20,,,0,,,0,1483.5,1483.5,1,1484.5,1484.5,1,,,0,1484.5,1484.0,2,,,0,,,0,,,0,1485.5,1485.5,1,,,0,1485.5,1485.5,1,,,0,,,0,,,0,,,0,,,0,,,0,,,0,,,0,,,0,,,0,1484.5,1484.0,baghdad_kifah,,,0
2021-06-21,1486.5,1486.5,1,,,0,,,0,,,0,,,0,1484.0,1480.0,2,,,0,,,0,,,0,1486.0,1486.0,1,,,0,1485.5,1485.5,1,,,0,,,0,,,0,,,0,,,0,,,0,,,0,,,0,,,0,,,0,1484.0,1480.0,baghdad_kifah,,,0
2021-06-22,,,0,,,0,,,0,,,0,,,0,1478.0,1475.0,2,,,0,,,0,,,0,1481.0,1481.0,1,,,0,1479.5,1479.5,1,,,0,,,0,,,0,,,0,,,0,,,0,,,0,,,0,,,0,,,0,1478.0,1475.0,baghdad_kifah,,,0
2021-06-23,,,0,,,0,,,0,,,0,,,0,1475.5,1475.5,1,,,0,,,0,,,0,1477.0,1477.0,1,,,0,1477.5,1477.5,1,,,0,,,0,,,0,,,0,,,0,,,0,,,0,,,0,,,0,,,0,1475.5,1475.5,baghdad_kifah,,,0
2021-06-24,,,0,,,0,,,0,,,0,,,0,1473.0,1473.0,1,,,0,,,0,,,0,1475.0,1475.0,1,,,0,1476.5,1476.5,1,,,0,,,0,,,0,,,0,,,0,,,0,,,0,,,0,,,0,,,0,1473.0,1473.0,baghdad_kifah,,,0
2021-06-27,,,0,,,0,,,0,,,0,,,0,1473.5,1473.0,2,,,0,,,0,,,0,1475.0,1475.0,1,,,0,1475.25,1475.25,1,,,0,,,0,,,0,,,0,1475.0,1475.0,1,,,0,1476.0,1476.0,1,1475.0,1475.0,1,,,0,,,0,1473.5,1473.0,baghdad_kifah,,,0
2021-06-28,,,0,,,0,,,0,,,0,,,0,1471.0,1471.0,1,,,0,,,0,,,0,,,0,,,0,,,0,,,0,,,0,,,0,,,0,,,0,,,0,,,0,,,0,,,0,,,0,1471.0,1471.0,baghdad_kifah,,,0
2021-06-29,1471.0,1471.0,1,,,0,,,0,,,0,,,0,1468.5,1468.5,1,,,0,,,0,,,0,1470.0,1470.0,1,,,0,1471.0,1471.0,1,,,0,,,0,,,0,1469.5,1469.5,1,,,0,,,0,,,0,,,0,,,0,,,0,1468.5,1468.5,baghdad_kifah,,,0
2021-06-30,,,0,,,0,,,0,,,0,,,0,1469.5,1469.5,1,,,0,,,0,,,0,1471.0,1471.0,1,,,0,1473.5,1473.5,1,,,0,,,0,,,0,,,0,,,0,,,0,,,0,,,0,,,0,,,0,1469.5,1469.5,baghdad_kifah,,,0
2021-07-01,,,0,,,0,1470.5,1470.5,1,1470.5,1470.5,1,,,0,1472.5,1470.5,2,,,0,,,0,,,0,1473.0,1472.0,2,,,0,1475.0,1475.0,2,,,0,,,0,,,0,,,0,,,0,,,0,,,0,,,0,,,0,,,0,1472.5,1470.5,baghdad_kifah,,,0
2021-07-05,,,0,,,0,,,0,,,0,,,0,1471.5,1471.5,1,,,0,,,0,,,0,1472.5,1472.5,1,,,0,1472.5,1472.5,1,,,0,,,0,,,0,,,0,,,0,,,0,,,0,,,0,,,0,,,0,1471.5,1471.5,baghdad_kifah,,,0
2021-07-06,,,0,,,0,,,0,,,0,,,0,1471.0,1471.0,1,,,0,,,0,,,0,1471.5,1471.5,1,,,0,1471.25,1471.25,1,,,0,,,0,,,0,,,0,,,0,,,0,,,0,,,0,,,0,,,0,1471.0,1471.0,baghdad_kifah,,,0
2021-07-07,,,0,1472.0,1472.0,1,1465.0,1465.0,1,,,0,,,0,1470.0,1470.0,1,,,0,,,0,,,0,1472.5,1472.5,1,,,0,1472.5,1472.5,1,,,0,,,0,,,0,,,0,,,0,1475.0,1475.0,1,1473.0,1473.0,1,,,0,,,0,,,0,1470.0,1470.0,baghdad_kifah,,,0
2021-07-08,,,0,,,0,1473.5,1473.5,1,,,0,,,0,1472.0,1472.0,1,,,0,,,0,,,0,1472.5,1472.5,1,,,0,1475.5,1475.5,1,,,0,,,0,,,0,,,0,,,0,,,0,,,0,,,0,,,0,,,0,1472.0,1472.0,baghdad_kifah,,,0
2021-07-11,,,0,,,0,1470.0,1470.0,1,,,0,,,0,1476.5,1476.5,1,,,0,,,0,,,0,1477.5,1477.5,1,,,0,1477.75,1477.75,1,,,0,,,0,,,0,,,0,,,0,,,0,,,0,,,0,,,0,,,0,1476.5,1476.5,baghdad_kifah,,,0
2021-07-12,,,0,,,0,1475.0,1475.0,1,,,0,,,0,1480.0,1480.0,1,,,0,,,0,,,0,1481.5,1481.5,1,,,0,1482.5,1482.5,1,,,0,,,0,,,0,,,0,,,0,,,0,,,0,,,0,,,0,,,0,1480.0,1480.0,baghdad_kifah,,,0
2021-07-13,,,0,,,0,1472.5,1472.5,1,,,0,,,0,1478.5,1478.5,1,,,0,,,0,,,0,1480.0,1480.0,1,,,0,1479.5,1479.5,1,,,0,,,0,,,0,,,0,,,0,,,0,,,0,,,0,,,0,,,0,1478.5,1478.5,baghdad_kifah,,,0
2021-07-14,,,0,,,0,1472.5,1472.5,1,,,0,,,0,1478.5,1478.5,1,,,0,,,0,,,0,1481.0,1481.0,1,,,0,1477.0,1477.0,1,,,0,,,0,,,0,,,0,,,0,,,0,,,0,,,0,,,0,,,0,1478.5,1478.5,baghdad_kifah,,,0
2021-07-15,,,0,,,0,1472.5,1472.5,1,,,0,,,0,1478.0,1478.0,1,,,0,,,0,,,0,1480.0,1480.0,1,,,0,1475.0,1475.0,1,,,0,,,0,,,0,,,0,,,0,,,0,,,0,,,0,,,0,,,0,1478.0,1478.0,baghdad_kifah,,,0
2021-07-18,,,0,,,0,1477.5,1477.5,1,,,0,,,0,1482.5,1482.5,1,,,0,,,0,,,0,1483.0,1483.0,1,,,0,1481.5,1481.5,1,,,0,,,0,,,0,,,0,,,0,,,0,,,0,,,0,,,0,,,0,1482.5,1482.5,baghdad_kifah,,,0
2021-07-19,,,0,,,0,1477.5,1477.5,1,,,0,,,0,1482.5,1482.5,1,,,0,,,0,,,0,1482.5,1482.5,1,,,0,1481.0,1481.0,1,,,0,,,0,,,0,,,0,,,0,,,0,,,0,,,0,,,0,,,0,1482.5,1482.5,baghdad_kifah,,,0
2021-07-25,1483.0,1483.0,1,,,0,1475.0,1470.0,2,,,0,,,0,1481.0,1475.0,2,,,0,,,0,,,0,1482.0,1482.0,1,,,0,1480.5,1480.5,1,,,0,,,0,,,0,,,0,,,0,,,0,,,0,,,0,,,0,,,0,1481.0,1475.0,baghdad_kifah,,,0
2021-07-26,,,0,,,0,1470.0,1470.0,1,,,0,,,0,1474.5,1474.5,1,,,0,,,0,,,0,,,0,,,0,,,0,,,0,,,0,,,0,,,0,,,0,,,0,,,0,,,0,,,0,,,0,1474.5,1474.5,baghdad_kifah,,,0
2021-07-27,,,0,,,0,1472.5,1472.5,1,,,0,,,0,1477.5,1477.5,1,,,0,,,0,,,0,,,0,,,0,,,0,,,0,,,0,,,0,,,0,,,0,,,0,,,0,,,0,,,0,,,0,1477.5,1477.5,baghdad_kifah,,,0
2021-07-28,,,0,,,0,1472.5,1472.5,1,,,0,,,0,1477.25,1477.25,1,,,0,,,0,,,0,,,0,,,0,,,0,,,0,,,0,,,0,,,0,,,0,,,0,,,0,,,0,,,0,,,0,1477.25,1477.25,baghdad_kifah,,,0
2021-08-01,,,0,,,0,1472.5,1472.5,1,,,0,,,0,1477.0,1477.0,1,,,0,,,0,,,0,1478.5,1478.5,1,,,0,1479.0,1479.0,1,,,0,,,0,,,0,,,0,,,0,,,0,,,0,,,0,,,0,,,0,1477.0,1477.0,baghdad_kifah,,,0
2021-08-02,,,0,,,0,1472.5,1475.0,2,,,0,,,0,1478.5,1479.0,2,,,0,,,0,,,0,1480.0,1480.0,1,,,0,1481.0,1481.0,1,,,0,,,0,,,0,,,0,,,0,,,0,,,0,,,0,,,0,,,0,1478.5,1479.0,baghdad_kifah,,,0
2021-08-03,,,0,,,0,1472.5,1472.5,1,,,0,,,0,1478.5,1478.5,1,,,0,,,0,,,0,1479.5,1479.5,1,,,0,1481.0,1481.0,1,,,0,,,0,,,0,,,0,,,0,,,0,,,0,,,0,,,0,,,0,1478.5,1478.5,baghdad_kifah,,,0
2021-08-04,,,0,,,0,1472.5,1472.5,1,,,0,,,0,1478.0,1478.0,1,,,0,,,0,,,0,1479.0,1479.0,1,,,0,1480.5,1480.5,1,,,0,,,0,,,0,,,0,,,0,,,0,,,0,,,0,,,0,,,0,1478.0,1478.0,baghdad_kifah,,,0
2021-08-05,,,0,,,0,1472.5,1472.5,1,,,0,,,0,1478.0,1478.0,1,,,0,,,0,,,0,1478.0,1478.0,1,,,0,1480.25,1480.25,1,,,0,,,0,,,0,,,0,,,0,,,0,,,0,,,0,,,0,,,0,1478.0,1478.0,baghdad_kifah,,,0
2021-08-08,,,0,,,0,1475.0,1475.0,1,,,0,,,0,1479.5,1479.5,1,,,0,,,0,,,0,1480.0,1480.0,1,,,0,1481.0,1481.0,1,,,0,,,0,,,0,,,0,,,0,,,0,,,0,1480.0,1480.0,1,,,0,,,0,1479.5,1479.5,baghdad_kifah,,,0
2021-08-09,1481.0,1481.0,1,,,0,1475.0,1475.0,1,,,0,,,0,1479.5,1479.5,1,,,0,,,0,,,0,1481.0,1481.0,1,,,0,1480.75,1480.75,1,,,0,,,0,,,0,,,0,,,0,,,0,,,0,,,0,,,0,,,0,1479.5,1479.5,baghdad_kifah,,,0
2021-08-10,,,0,,,0,1472.5,1472.5,1,,,0,,,0,1478.5,1478.5,1,,,0,,,0,,,0,1480.0,1480.0,1,,,0,1478.5,1478.5,1,,,0,,,0,,,0,,,0,,,0,,,0,,,0,,,0,,,0,,,0,1478.5,1478.5,baghdad_kifah,,,0
2021-08-11,,,0,,,0,1472.5,1472.5,1,,,0,,,0,1478.5,1478.5,1,,,0,,,0,,,0,1479.5,1479.5,1,,,0,1479.0,1479.0,1,,,0,,,0,,,0,,,0,,,0,,,0,,,0,,,0,,,0,,,0,1478.5,1478.5,baghdad_kifah,,,0
2021-08-12,,,0,,,0,1475.0,1475.0,1,,,0,,,0,1479.5,1479.5,1,,,0,,,0,,,0,1481.0,1481.0,1,,,0,1481.0,1481.0,1,,,0,,,0,,,0,,,0,,,0,,,0,,,0,,,0,,,0,,,0,1479.5,1479.5,baghdad_kifah,,,0
2021-08-15,,,0,,,0,1475.0,1475.0,1,,,0,,,0,1479.5,1479.5,1,,,0,,,0,,,0,1481.0,1481.0,1,,,0,1480.75,1480.75,1,,,0,,,0,,,0,,,0,,,0,,,0,,,0,,,0,,,0,,,0,1479.5,1479.5,baghdad_kifah,,,0
2021-08-16,,,0,,,0,1475.0,1475.0,1,,,0,,,0,1479.5,1479.5,1,,,0,,,0,,,0,,,0,,,0,,,0,,,0,,,0,,,0,,,0,,,0,,,0,,,0,,,0,,,0,,,0,1479.5,1479.5,baghdad_kifah,,,0
2021-08-17,,,0,,,0,1472.5,1472.5,1,,,0,,,0,1477.5,1477.5,1,,,0,,,0,,,0,1479.5,1479.5,1,,,0,1479.5,1479.5,1,,,0,,,0,,,0,,,0,,,0,,,0,,,0,,,0,,,0,,,0,1477.5,1477.5,baghdad_kifah,,,0
2021-08-18,,,0,,,0,1472.5,1472.5,1,,,0,,,0,1478.0,1478.0,1,,,0,,,0,,,0,1480.0,1480.0,1,,,0,1479.75,1479.75,1,,,0,,,0,,,0,,,0,,,0,,,0,,,0,,,0,,,0,,,0,1478.0,1478.0,baghdad_kifah,,,0
2021-08-23,,,0,,,0,1470.0,1470.0,1,,,0,,,0,1476.5,1476.5,1,,,0,,,0,,,0,1478.5,1478.5,1,,,0,1478.25,1478.25,1,,,0,,,0,,,0,,,0,,,0,,,0,,,0,,,0,,,0,,,0,1476.5,1476.5,baghdad_kifah,,,0
2021-08-24,,,0,,,0,1470.0,1470.0,1,,,0,,,0,1474.5,1474.5,1,,,0,,,0,,,0,1476.5,1476.5,1,,,0,1477.25,1477.25,1,,,0,,,0,,,0,,,0,,,0,,,0,,,0,,,0,,,0,,,0,1474.5,1474.5,baghdad_kifah,,,0
2021-08-25,,,0,,,0,1470.0,1470.0,1,,,0,,,0,1474.0,1474.0,1,,,0,,,0,,,0,1476.0,1476.0,1,,,0,1476.0,1476.0,1,,,0,,,0,,,0,,,0,,,0,,,0,,,0,,,0,,,0,,,0,1474.0,1474.0,baghdad_kifah,,,0
2021-08-26,,,0,,,0,1467.5,1467.5,1,,,0,,,0,1472.0,1472.0,1,,,0,,,0,,,0,1474.0,1474.0,1,,,0,1473.75,1473.75,1,,,0,,,0,,,0,,,0,,,0,,,0,,,0,,,0,,,0,,,0,1472.0,1472.0,baghdad_kifah,,,0
2021-08-29,,,0,,,0,1470.0,1470.0,1,,,0,,,0,1474.25,1474.25,1,,,0,,,0,,,0,1475.0,1475.0,1,,,0,1476.5,1476.5,1,,,0,,,0,,,0,,,0,,,0,,,0,,,0,,,0,,,0,,,0,1474.25,1474.25,baghdad_kifah,,,0
2021-08-30,,,0,,,0,1470.0,1470.0,1,,,0,,,0,1474.0,1474.0,1,,,0,,,0,,,0,1475.5,1475.5,1,,,0,1475.5,1475.5,1,,,0,,,0,,,0,,,0,,,0,,,0,,,0,,,0,,,0,,,0,1474.0,1474.0,baghdad_kifah,,,0
2021-08-31,,,0,,,0,1467.5,1467.5,1,,,0,,,0,1473.0,1473.0,1,,,0,,,0,,,0,1474.0,1474.0,1,,,0,1473.75,1473.75,1,,,0,,,0,,,0,,,0,,,0,,,0,,,0,,,0,,,0,,,0,1473.0,1473.0,baghdad_kifah,,,0
2021-09-01,,,0,,,0,1467.5,1467.5,1,,,0,,,0,1472.0,1472.0,1,,,0,,,0,,,0,1473.5,1473.5,1,,,0,1473.5,1473.5,1,,,0,,,0,,,0,,,0,,,0,,,0,,,0,,,0,,,0,,,0,1472.0,1472.0,baghdad_kifah,,,0
2021-09-02,,,0,,,0,1467.5,1467.5,1,,,0,,,0,1473.0,1473.0,1,,,0,,,0,,,0,1474.0,1474.0,1,,,0,1474.5,1474.5,1,,,0,,,0,,,0,,,0,,,0,,,0,,,0,,,0,,,0,,,0,1473.0,1473.0,baghdad_kifah,,,0
2021-09-05,,,0,,,0,1470.0,1470.0,1,,,0,,,0,1474.0,1474.0,1,,,0,,,0,,,0,1473.5,1473.5,1,,,0,,,0,,,0,,,0,,,0,,,0,,,0,,,0,,,0,,,0,,,0,,,0,1474.0,1474.0,baghdad_kifah,,,0
2021-09-06,,,0,,,0,1470.0,1470.0,1,,,0,,,0,1473.5,1473.5,1,,,0,,,0,,,0,1474.0,1474.0,1,,,0,1474.75,1474.75,1,,,0,,,0,,,0,,,0,,,0,,,0,,,0,,,0,,,0,,,0,1473.5,1473.5,baghdad_kifah,,,0
2021-09-08,,,0,,,0,1470.0,1470.0,1,,,0,,,0,1474.0,1474.0,1,,,0,,,0,,,0,1474.5,1474.5,1,,,0,1475.5,1475.5,1,,,0,,,0,,,0,,,0,,,0,,,0,,,0,,,0,,,0,,,0,1474.0,1474.0,baghdad_kifah,,,0
2021-09-09,,,0,,,0,1470.0,1470.0,1,,,0,,,0,1474.0,1474.0,1,,,0,,,0,,,0,1475.0,1475.0,1,,,0,1475.75,1475.75,1,,,0,,,0,,,0,,,0,,,0,,,0,,,0,,,0,,,0,,,0,1474.0,1474.0,baghdad_kifah,,,0
2021-09-12,,,0,,,0,1470.0,1470.0,1,,,0,,,0,1475.0,1475.0,1,,,0,,,0,,,0,1475.0,1475.0,1,,,0,1476.5,1476.5,1,,,0,,,0,,,0,,,0,,,0,,,0,,,0,,,0,,,0,,,0,1475.0,1475.0,baghdad_kifah,,,0
2021-09-13,,,0,,,0,1470.0,1470.0,1,,,0,,,0,1475.5,1475.5,1,,,0,,,0,,,0,1475.5,1475.5,1,,,0,1476.5,1476.5,1,,,0,,,0,,,0,,,0,,,0,,,0,,,0,,,0,,,0,,,0,1475.5,1475.5,baghdad_kifah,,,0
2021-09-14,,,0,,,0,1470.0,1470.0,1,,,0,,,0,1474.0,1474.0,1,,,0,,,0,,,0,1474.5,1474.5,1,,,0,1475.75,1475.75,1,,,0,,,0,,,0,,,0,,,0,,,0,,,0,,,0,,,0,,,0,1474.0,1474.0,baghdad_kifah,,,0
2021-09-15,,,0,,,0,1470.0,1470.0,1,,,0,,,0,1473.5,1473.5,1,,,0,,,0,,,0,1475.0,1475.0,1,,,0,1475.5,1475.5,1,,,0,,,0,,,0,,,0,,,0,,,0,,,0,,,0,,,0,,,0,1473.5,1473.5,baghdad_kifah,,,0
2021-09-16,,,0,,,0,1470.0,1470.0,1,,,0,,,0,1474.5,1474.5,1,,,0,,,0,,,0,1475.5,1475.5,1,,,0,1475.5,1475.5,1,,,0,,,0,,,0,,,0,,,0,,,0,,,0,,,0,,,0,,,0,1474.5,1474.5,baghdad_kifah,,,0
2021-09-19,,,0,,,0,1470.0,1470.0,1,,,0,,,0,1474.0,1474.0,1,,,0,,,0,,,0,1475.0,1475.0,1,,,0,1475.0,1475.0,1,,,0,,,0,,,0,,,0,1475.0,1475.0,1,,,0,,,0,,,0,,,0,,,0,1474.0,1474.0,baghdad_kifah,,,0
2021-09-20,,,0,,,0,1467.5,1467.5,1,,,0,,,0,1472.5,1472.5,1,,,0,,,0,,,0,1474.0,1474.0,1,,,0,1474.0,1474.0,1,,,0,,,0,,,0,,,0,,,0,,,0,,,0,,,0,,,0,,,0,1472.5,1472.5,baghdad_kifah,,,0
2021-09-21,,,0,,,0,1465.0,1465.0,1,,,0,,,0,1471.75,1471.75,1,,,0,,,0,,,0,1472.5,1472.5,1,,,0,1472.75,1472.75,1,,,0,,,0,,,0,,,0,,,0,,,0,,,0,,,0,,,0,,,0,1471.75,1471.75,baghdad_kifah,,,0
2021-09-22,,,0,,,0,1467.5,1467.5,1,,,0,,,0,1471.5,1471.5,1,,,0,,,0,,,0,1471.5,1471.5,1,,,0,1472.0,1472.0,1,,,0,,,0,,,0,,,0,,,0,,,0,,,0,,,0,,,0,,,0,1471.5,1471.5,baghdad_kifah,,,0
2021-09-23,,,0,,,0,1467.5,1467.5,1,,,0,,,0,1472.5,1472.5,1,,,0,,,0,,,0,1473.0,1473.0,1,,,0,1473.75,1473.75,1,,,0,,,0,,,0,,,0,,,0,,,0,,,0,,,0,,,0,,,0,1472.5,1472.5,baghdad_kifah,,,0
2021-09-26,,,0,,,0,1472.5,1472.5,1,,,0,,,0,,,0,,,0,,,0,,,0,,,0,,,0,1474.25,1474.25,1,,,0,,,0,,,0,,,0,,,0,,,0,,,0,,,0,,,0,,,0,1472.5,1472.5,baghdad_generic,,,0
2021-09-27,,,0,,,0,1472.0,1472.0,1,,,0,,,0,,,0,,,0,,,0,,,0,,,0,,,0,1472.5,1472.5,1,,,0,,,0,,,0,,,0,,,0,,,0,,,0,,,0,,,0,,,0,1472.0,1472.0,baghdad_generic,,,0
2021-09-28,,,0,,,0,1467.5,1467.5,1,1472.25,1472.25,1,,,0,1472.0,1472.0,1,,,0,,,0,,,0,1472.5,1472.5,1,,,0,1472.5,1472.5,1,,,0,,,0,,,0,,,0,,,0,,,0,,,0,,,0,,,0,,,0,1472.0,1472.0,baghdad_kifah,,,0
2021-09-30,,,0,,,0,1465.0,1465.0,1,,,0,,,0,1471.0,1471.0,1,,,0,,,0,,,0,,,0,,,0,,,0,,,0,,,0,,,0,,,0,,,0,,,0,,,0,,,0,,,0,,,0,1471.0,1471.0,baghdad_kifah,,,0
2021-10-03,,,0,,,0,1472.5,1472.5,1,,,0,,,0,1477.5,1477.5,1,,,0,,,0,,,0,,,0,,,0,,,0,,,0,,,0,,,0,,,0,,,0,,,0,,,0,,,0,,,0,,,0,1477.5,1477.5,baghdad_kifah,,,0
2021-10-04,,,0,,,0,1476.0,1476.0,1,,,0,,,0,,,0,,,0,,,0,,,0,1476.0,1476.0,1,,,0,1478.0,1478.0,1,,,0,,,0,,,0,,,0,,,0,,,0,,,0,,,0,,,0,,,0,1476.0,1476.0,baghdad_generic,,,0
2021-10-05,,,0,,,0,1482.0,1482.0,1,,,0,,,0,,,0,,,0,,,0,,,0,1482.5,1482.5,1,,,0,1482.5,1482.5,1,,,0,,,0,,,0,,,0,,,0,,,0,,,0,,,0,,,0,,,0,1482.0,1482.0,baghdad_generic,,,0
2021-10-06,,,0,,,0,1482.5,1482.5,1,,,0,,,0,,,0,,,0,,,0,,,0,1482.0,1482.0,1,,,0,1482.5,1482.5,1,,,0,,,0,,,0,,,0,,,0,,,0,,,0,,,0,,,0,,,0,1482.5,1482.5,baghdad_generic,,,0
2021-10-07,,,0,,,0,1482.5,1482.5,1,,,0,,,0,,,0,,,0,,,0,,,0,1481.5,1481.5,1,,,0,1482.5,1482.5,1,,,0,,,0,,,0,,,0,,,0,,,0,,,0,,,0,,,0,,,0,1482.5,1482.5,baghdad_generic,,,0
2021-10-10,,,0,,,0,1477.5,1477.5,1,,,0,,,0,1483.0,1483.0,1,,,0,,,0,,,0,,,0,,,0,,,0,,,0,,,0,,,0,,,0,,,0,,,0,,,0,,,0,,,0,,,0,1483.0,1483.0,baghdad_kifah,,,0
2021-10-11,,,0,,,0,1477.5,1477.5,1,,,0,,,0,1482.0,1482.0,1,,,0,,,0,,,0,1482.5,1482.5,1,,,0,1484.5,1484.5,1,,,0,,,0,,,0,,,0,,,0,,,0,,,0,,,0,,,0,,,0,1482.0,1482.0,baghdad_kifah,,,0
2021-10-12,,,0,,,0,1470.0,1470.0,1,,,0,,,0,1476.5,1476.5,1,,,0,,,0,,,0,1477.0,1477.0,1,,,0,1481.5,1481.5,1,,,0,,,0,,,0,,,0,,,0,,,0,,,0,,,0,,,0,,,0,1476.5,1476.5,baghdad_kifah,,,0
2021-10-13,,,0,,,0,1475.0,1475.0,1,,,0,,,0,1480.0,1480.0,1,,,0,,,0,,,0,1480.0,1480.0,1,,,0,1481.5,1481.5,1,,,0,,,0,,,0,,,0,,,0,,,0,,,0,,,0,,,0,,,0,1480.0,1480.0,baghdad_kifah,,,0
2021-10-14,,,0,,,0,1480.0,1480.0,1,,,0,,,0,1484.5,1484.5,1,,,0,,,0,,,0,1482.5,1482.5,1,,,0,1485.0,1485.0,1,,,0,,,0,,,0,,,0,,,0,,,0,,,0,,,0,,,0,,,0,1484.5,1484.5,baghdad_kifah,,,0
2021-10-17,,,0,,,0,1477.5,1477.5,1,,,0,,,0,1483.5,1483.5,1,,,0,,,0,,,0,1483.5,1483.5,1,,,0,1484.75,1484.75,1,,,0,,,0,,,0,,,0,,,0,,,0,,,0,,,0,,,0,,,0,1483.5,1483.5,baghdad_kifah,,,0
2021-10-18,,,0,,,0,1477.5,1477.5,1,1483.75,1483.75,1,,,0,1484.0,1484.0,1,,,0,,,0,,,0,1483.5,1483.5,1,,,0,1485.5,1485.5,1,,,0,,,0,,,0,,,0,,,0,,,0,,,0,,,0,,,0,,,0,1484.0,1484.0,baghdad_kifah,,,0
2021-10-19,,,0,,,0,1475.0,1475.0,1,1481.5,1481.5,1,,,0,1481.0,1481.0,1,,,0,,,0,,,0,1482.0,1482.0,1,,,0,1483.0,1483.0,1,,,0,,,0,,,0,,,0,,,0,,,0,,,0,,,0,,,0,,,0,1481.0,1481.0,baghdad_kifah,,,0
2021-10-20,,,0,,,0,1472.5,1472.5,1,,,0,,,0,1478.5,1478.5,1,,,0,,,0,,,0,1480.0,1480.0,1,,,0,1480.75,1480.75,1,,,0,,,0,,,0,,,0,,,0,,,0,,,0,,,0,,,0,,,0,1478.5,1478.5,baghdad_kifah,,,0
2021-10-21,,,0,,,0,1472.5,1472.5,1,1478.5,1478.5,1,,,0,1478.0,1478.0,1,,,0,,,0,,,0,1479.0,1479.0,1,,,0,1479.75,1479.75,1,,,0,,,0,,,0,,,0,,,0,,,0,,,0,,,0,,,0,,,0,1478.0,1478.0,baghdad_kifah,,,0
2021-10-24,,,0,,,0,1475.0,1475.0,1,1479.0,1479.0,1,,,0,1478.75,1478.75,1,,,0,,,0,,,0,1479.0,1479.0,1,,,0,1480.0,1480.0,1,,,0,,,0,,,0,,,0,,,0,,,0,,,0,,,0,,,0,,,0,1478.75,1478.75,baghdad_kifah,,,0
2021-10-25,,,0,,,0,1472.5,1472.5,1,,,0,,,0,1478.0,1478.0,1,,,0,,,0,,,0,1478.5,1478.5,1,,,0,1478.5,1478.5,1,,,0,,,0,,,0,,,0,,,0,,,0,,,0,,,0,,,0,,,0,1478.0,1478.0,baghdad_kifah,,,0
2021-10-26,,,0,,,0,1472.5,1472.5,1,,,0,,,0,1477.5,1477.5,1,,,0,,,0,,,0,,,0,,,0,,,0,,,0,,,0,,,0,,,0,,,0,,,0,,,0,,,0,,,0,,,0,1477.5,1477.5,baghdad_kifah,,,0
2021-10-27,,,0,,,0,1472.5,1472.5,1,,,0,,,0,1476.5,1476.5,1,,,0,,,0,,,0,1477.0,1477.0,1,,,0,1475.0,1475.0,1,,,0,,,0,,,0,,,0,,,0,,,0,,,0,,,0,,,0,,,0,1476.5,1476.5,baghdad_kifah,,,0
2021-10-28,,,0,,,0,1472.5,1472.5,1,,,0,,,0,1477.5,1477.5,1,,,0,,,0,,,0,1477.5,1477.5,1,,,0,1478.5,1478.5,1,,,0,,,0,,,0,,,0,,,0,,,0,,,0,,,0,,,0,,,0,1477.5,1477.5,baghdad_kifah,,,0
2021-10-31,,,0,,,0,1472.5,1472.5,1,,,0,,,0,1478.0,1478.0,1,,,0,,,0,,,0,1478.5,1478.5,1,,,0,1480.0,1480.0,1,,,0,,,0,,,0,,,0,,,0,,,0,,,0,,,0,,,0,,,0,1478.0,1478.0,baghdad_kifah,,,0
2021-11-01,,,0,,,0,1472.5,1472.5,1,1478.5,1478.5,1,,,0,1478.5,1478.5,1,,,0,,,0,,,0,1479.0,1479.0,1,,,0,1480.0,1480.0,1,,,0,,,0,,,0,,,0,,,0,,,0,,,0,,,0,,,0,,,0,1478.5,1478.5,baghdad_kifah,,,0
2021-11-02,,,0,,,0,1475.0,1475.0,1,1479.5,1479.5,1,,,0,1479.25,1479.25,1,,,0,,,0,,,0,1480.0,1480.0,1,,,0,1482.0,1482.0,1,,,0,,,0,,,0,,,0,,,0,,,0,,,0,,,0,,,0,,,0,1479.25,1479.25,baghdad_kifah,,,0
2021-11-03,,,0,,,0,,,0,,,0,,,0,1480.0,1480.0,1,,,0,,,0,,,0,,,0,,,0,,,0,,,0,,,0,,,0,,,0,,,0,,,0,,,0,,,0,,,0,,,0,1480.0,1480.0,baghdad_kifah,,,0
2021-11-04,,,0,,,0,,,0,,,0,,,0,1479.5,1479.5,1,,,0,,,0,,,0,,,0,,,0,,,0,,,0,,,0,,,0,,,0,,,0,,,0,,,0,,,0,,,0,,,0,1479.5,1479.5,baghdad_kifah,,,0
2021-11-07,,,0,,,0,1477.5,1477.5,1,,,0,,,0,1482.5,1482.5,1,,,0,,,0,,,0,1483.0,1483.0,1,,,0,1485.0,1485.0,1,,,0,,,0,,,0,,,0,,,0,,,0,,,0,,,0,,,0,,,0,1482.5,1482.5,baghdad_kifah,,,0
2021-11-08,,,0,,,0,,,0,,,0,,,0,1482.5,1482.5,1,,,0,,,0,,,0,,,0,,,0,,,0,,,0,,,0,,,0,,,0,,,0,,,0,,,0,,,0,,,0,,,0,1482.5,1482.5,baghdad_kifah,,,0
2021-11-09,,,0,,,0,1475.0,1475.0,1,,,0,,,0,1481.25,1481.25,1,,,0,,,0,,,0,1481.0,1481.0,1,,,0,1483.0,1483.0,1,,,0,,,0,,,0,,,0,,,0,,,0,,,0,,,0,,,0,,,0,1481.25,1481.25,baghdad_kifah,,,0
2021-11-10,,,0,,,0,1477.5,1477.5,1,,,0,,,0,1482.0,1482.0,1,,,0,,,0,,,0,1481.5,1481.5,1,,,0,1483.5,1483.5,1,,,0,,,0,,,0,,,0,,,0,,,0,,,0,,,0,,,0,,,0,1482.0,1482.0,baghdad_kifah,,,0
2021-11-11,,,0,,,0,1477.5,1477.5,1,,,0,,,0,1483.0,1483.0,2,,,0,,,0,,,0,1482.0,1482.0,1,,,0,1485.5,1485.5,1,,,0,,,0,,,0,,,0,,,0,,,0,,,0,,,0,,,0,,,0,1483.0,1483.0,baghdad_kifah,,,0
2021-11-14,,,0,,,0,1477.5,1477.5,1,,,0,,,0,1482.0,1482.0,1,,,0,,,0,,,0,1482.0,1482.0,1,,,0,1484.5,1484.5,1,,,0,,,0,,,0,,,0,,,0,,,0,,,0,,,0,,,0,,,0,1482.0,1482.0,baghdad_kifah,,,0
2021-11-15,,,0,,,0,1475.0,1475.0,1,,,0,,,0,1480.75,1481.25,2,,,0,,,0,,,0,1482.0,1482.0,1,,,0,1482.75,1482.75,1,,,0,,,0,,,0,,,0,,,0,,,0,,,0,,,0,,,0,,,0,1480.75,1481.25,baghdad_kifah,,,0
2021-11-16,,,0,,,0,1475.0,1475.0,1,,,0,,,0,1481.0,1481.0,1,,,0,,,0,,,0,1482.0,1482.0,1,,,0,1482.75,1482.75,1,,,0,,,0,,,0,,,0,,,0,,,0,,,0,,,0,,,0,,,0,1481.0,1481.0,baghdad_kifah,,,0
2021-11-17,,,0,,,0,1475.0,1475.0,1,,,0,,,0,1480.5,1480.5,1,,,0,,,0,,,0,1481.5,1481.5,1,,,0,1481.25,1481.25,1,,,0,,,0,,,0,,,0,,,0,,,0,,,0,,,0,,,0,,,0,1480.5,1480.5,baghdad_kifah,,,0
2021-11-18,,,0,,,0,,,0,,,0,,,0,1480.0,1480.0,1,,,0,,,0,,,0,1485.0,1485.0,1,,,0,1480.75,1480.75,1,,,0,,,0,,,0,,,0,,,0,,,0,,,0,,,0,,,0,,,0,1480.0,1480.0,baghdad_kifah,,,0
2021-11-21,,,0,,,0,1475.0,1475.0,1,1479.5,1479.5,1,,,0,1479.5,1479.5,2,,,0,,,0,,,0,1480.5,1480.5,1,,,0,1480.25,1480.25,1,,,0,,,0,,,0,,,0,,,0,,,0,,,0,,,0,,,0,,,0,1479.5,1479.5,baghdad_kifah,,,0
2021-11-22,,,0,,,0,,,0,,,0,,,0,1479.5,1479.5,1,,,0,,,0,,,0,,,0,,,0,,,0,,,0,,,0,,,0,,,0,,,0,,,0,,,0,,,0,,,0,,,0,1479.5,1479.5,baghdad_kifah,,,0
2021-11-23,,,0,,,0,1475.0,1475.0,1,,,0,,,0,1479.0,1479.0,1,,,0,,,0,,,0,1479.5,1479.5,1,,,0,1479.75,1479.75,1,,,0,,,0,,,0,,,0,,,0,,,0,,,0,,,0,,,0,,,0,1479.0,1479.0,baghdad_kifah,,,0
2021-11-24,,,0,,,0,1475.0,1475.0,1,,,0,,,0,1479.5,1479.5,1,,,0,,,0,,,0,1480.0,1480.0,1,,,0,1481.5,1481.5,1,,,0,,,0,,,0,,,0,,,0,,,0,,,0,,,0,,,0,,,0,1479.5,1479.5,baghdad_kifah,,,0
2021-11-25,,,0,,,0,1475.0,1475.0,1,,,0,,,0,1478.75,1478.5,2,,,0,,,0,,,0,1479.5,1479.5,1,,,0,1480.5,1480.5,1,,,0,,,0,,,0,,,0,,,0,,,0,,,0,,,0,,,0,,,0,1478.75,1478.5,baghdad_kifah,,,0
2021-11-28,,,0,,,0,1475.0,1475.0,1,1478.75,1478.75,1,,,0,1478.75,1478.75,2,,,0,,,0,,,0,1479.0,1479.0,1,,,0,1480.5,1480.5,1,,,0,,,0,,,0,,,0,,,0,,,0,,,0,,,0,,,0,,,0,1478.75,1478.75,baghdad_kifah,,,0
2021-11-29,,,0,,,0,1475.0,1475.0,1,,,0,,,0,1478.75,1478.75,1,,,0,,,0,,,0,1479.0,1479.0,1,,,0,1480.25,1480.25,1,,,0,,,0,,,0,,,0,,,0,,,0,,,0,,,0,,,0,,,0,1478.75,1478.75,baghdad_kifah,,,0
2021-11-30,,,0,,,0,1472.5,1472.5,1,,,0,,,0,1477.75,1477.75,1,,,0,,,0,,,0,1478.0,1478.0,1,,,0,1479.5,1479.5,1,,,0,,,0,,,0,,,0,,,0,,,0,,,0,,,0,,,0,,,0,1477.75,1477.75,baghdad_kifah,,,0
2021-12-01,,,0,,,0,,,0,,,0,,,0,1479.5,1479.5,1,,,0,,,0,,,0,1479.0,1479.0,1,,,0,1479.75,1479.75,1,,,0,,,0,,,0,,,0,,,0,,,0,,,0,,,0,,,0,,,0,1479.5,1479.5,baghdad_kifah,,,0
2021-12-02,,,0,,,0,,,0,,,0,,,0,1479.0,1479.0,1,,,0,,,0,,,0,1478.5,1478.5,1,,,0,1480.5,1480.5,1,,,0,,,0,,,0,,,0,,,0,,,0,,,0,,,0,,,0,,,0,1479.0,1479.0,baghdad_kifah,,,0
2021-12-05,,,0,,,0,,,0,,,0,,,0,1480.5,1480.5,2,,,0,,,0,,,0,1480.0,1480.0,1,,,0,1482.0,1482.0,1,,,0,,,0,,,0,,,0,,,0,,,0,,,0,,,0,,,0,,,0,1480.5,1480.5,baghdad_kifah,,,0
2021-12-06,,,0,,,0,,,0,,,0,,,0,1480.0,1480.0,1,,,0,,,0,,,0,1480.0,1480.0,1,,,0,1479.5,1479.5,1,,,0,,,0,,,0,,,0,,,0,,,0,,,0,,,0,,,0,,,0,1480.0,1480.0,baghdad_kifah,,,0
2021-12-07,,,0,,,0,,,0,,,0,,,0,1480.5,1480.5,1,,,0,,,0,,,0,1480.0,1480.0,1,,,0,1481.5,1481.5,1,,,0,,,0,,,0,,,0,,,0,,,0,,,0,,,0,,,0,,,0,1480.5,1480.5,baghdad_kifah,,,0
2021-12-08,,,0,,,0,,,0,,,0,,,0,1480.75,1480.75,1,,,0,,,0,,,0,1480.5,1480.5,1,,,0,1482.5,1482.5,1,,,0,,,0,,,0,,,0,,,0,,,0,,,0,,,0,,,0,,,0,1480.75,1480.75,baghdad_kifah,,,0
2021-12-09,,,0,,,0,1475.0,1475.0,1,,,0,,,0,1481.0,1481.0,1,,,0,,,0,,,0,1481.5,1481.5,1,,,0,1482.5,1482.5,1,,,0,,,0,,,0,,,0,,,0,,,0,,,0,,,0,,,0,,,0,1481.0,1481.0,baghdad_kifah,,,0
2021-12-13,,,0,,,0,1477.5,1477.5,1,,,0,,,0,1482.0,1482.0,1,,,0,,,0,,,0,1482.5,1482.5,1,,,0,1482.0,1482.0,1,,,0,,,0,,,0,,,0,,,0,,,0,,,0,,,0,,,0,,,0,1482.0,1482.0,baghdad_kifah,,,0
2021-12-14,,,0,,,0,1477.5,1477.5,1,,,0,,,0,1482.0,1482.0,1,,,0,,,0,,,0,1482.0,1482.0,1,,,0,1481.5,1481.5,1,,,0,,,0,,,0,,,0,,,0,,,0,,,0,,,0,,,0,,,0,1482.0,1482.0,baghdad_kifah,,,0
2021-12-15,,,0,,,0,,,0,,,0,,,0,1480.75,1480.75,1,,,0,,,0,,,0,,,0,,,0,,,0,,,0,,,0,,,0,,,0,,,0,,,0,,,0,,,0,,,0,,,0,1480.75,1480.75,baghdad_kifah,,,0
2021-12-16,,,0,,,0,,,0,,,0,,,0,1479.0,1479.0,1,,,0,,,0,,,0,,,0,,,0,,,0,,,0,,,0,,,0,,,0,,,0,,,0,,,0,,,0,,,0,,,0,1479.0,1479.0,baghdad_kifah,,,0
2021-12-19,,,0,,,0,1475.0,1475.0,1,,,0,,,0,1479.0,1479.0,1,,,0,,,0,,,0,1480.0,1480.0,1,,,0,1479.75,1479.75,1,,,0,,,0,,,0,,,0,,,0,,,0,,,0,,,0,,,0,,,0,1479.0,1479.0,baghdad_kifah,,,0
2021-12-20,,,0,,,0,1475.0,1475.0,1,,,0,,,0,1478.5,1478.5,1,,,0,,,0,,,0,1480.0,1480.0,1,,,0,1479.25,1479.25,1,,,0,,,0,,,0,,,0,,,0,,,0,,,0,,,0,,,0,,,0,1478.5,1478.5,baghdad_kifah,,,0
2021-12-21,,,0,,,0,1477.5,1477.5,1,,,0,,,0,1477.5,1477.5,1,,,0,,,0,,,0,1478.5,1478.5,1,,,0,1478.5,1478.5,1,,,0,,,0,,,0,,,0,,,0,,,0,,,0,,,0,,,0,,,0,1477.5,1477.5,baghdad_kifah,,,0
2021-12-22,,,0,,,0,1470.0,1470.0,1,,,0,,,0,1474.5,1474.5,1,,,0,,,0,,,0,1476.5,1476.5,1,,,0,1476.75,1476.75,1,,,0,,,0,,,0,,,0,,,0,,,0,,,0,,,0,,,0,,,0,1474.5,1474.5,baghdad_kifah,,,0
2021-12-23,,,0,,,0,1472.5,1472.5,1,,,0,,,0,1477.5,1477.5,1,,,0,,,0,,,0,1478.5,1478.5,1,,,0,1479.0,1479.0,1,,,0,,,0,,,0,,,0,,,0,,,0,,,0,,,0,,,0,,,0,1477.5,1477.5,baghdad_kifah,,,0
2021-12-26,,,0,,,0,1475.0,1475.0,1,,,0,,,0,1479.5,1479.5,1,,,0,,,0,,,0,1480.5,1480.5,1,,,0,1481.25,1481.25,1,,,0,,,0,,,0,,,0,,,0,,,0,,,0,,,0,,,0,,,0,1479.5,1479.5,baghdad_kifah,,,0
2021-12-27,,,0,,,0,1475.0,1475.0,1,,,0,,,0,1478.5,1478.5,1,,,0,,,0,,,0,1479.5,1479.5,1,,,0,1477.25,1477.25,1,,,0,,,0,,,0,,,0,,,0,,,0,,,0,,,0,,,0,,,0,1478.5,1478.5,baghdad_kifah,,,0
2021-12-28,,,0,,,0,1475.0,1475.0,1,,,0,,,0,1478.5,1478.5,1,,,0,,,0,,,0,1480.0,1480.0,1,,,0,,,0,,,0,,,0,,,0,,,0,,,0,,,0,,,0,,,0,,,0,,,0,1478.5,1478.5,baghdad_kifah,,,0
2021-12-29,,,0,,,0,1472.5,1472.5,1,,,0,,,0,1477.5,1477.5,1,,,0,,,0,,,0,1479.0,1479.0,1,,,0,1479.0,1479.0,1,,,0,,,0,,,0,,,0,,,0,,,0,,,0,,,0,,,0,,,0,1477.5,1477.5,baghdad_kifah,,,0
2021-12-30,,,0,,,0,1475.0,1475.0,1,,,0,,,0,1478.5,1478.5,1,,,0,,,0,,,0,1479.0,1479.0,1,,,0,1479.5,1479.5,1,,,0,,,0,,,0,,,0,,,0,,,0,,,0,,,0,,,0,,,0,1478.5,1478.5,baghdad_kifah,,,0
2022-01-02,,,0,,,0,1475.0,1475.0,1,,,0,,,0,1479.0,1479.0,1,,,0,,,0,,,0,1479.5,1479.5,1,,,0,1479.5,1479.5,1,,,0,,,0,,,0,,,0,,,0,,,0,,,0,,,0,,,0,,,0,1479.0,1479.0,baghdad_kifah,,,0
2022-01-03,,,0,,,0,1475.0,1475.0,1,,,0,,,0,1478.75,1478.75,1,,,0,,,0,,,0,1479.5,1479.5,1,,,0,1477.75,1477.75,1,,,0,,,0,,,0,,,0,,,0,,,0,,,0,,,0,,,0,,,0,1478.75,1478.75,baghdad_kifah,,,0
2022-01-04,,,0,,,0,1475.0,1475.0,1,,,0,,,0,1478.5,1478.5,1,,,0,,,0,,,0,1479.0,1479.0,1,,,0,1478.0,1478.0,1,,,0,,,0,,,0,,,0,,,0,,,0,,,0,,,0,,,0,,,0,1478.5,1478.5,baghdad_kifah,,,0
2022-01-05,,,0,,,0,1475.0,1475.0,1,,,0,,,0,1478.5,1478.5,1,,,0,,,0,,,0,1479.0,1479.0,1,,,0,1479.0,1479.0,1,,,0,,,0,,,0,,,0,,,0,,,0,,,0,,,0,,,0,,,0,1478.5,1478.5,baghdad_kifah,,,0
2022-01-06,,,0,,,0,1475.0,1475.0,1,,,0,,,0,1478.5,1478.5,1,,,0,,,0,,,0,1479.0,1479.0,1,,,0,1479.5,1479.5,1,,,0,,,0,,,0,,,0,,,0,,,0,,,0,,,0,,,0,,,0,1478.5,1478.5,baghdad_kifah,,,0
2022-01-09,,,0,,,0,1475.0,1475.0,1,,,0,,,0,1479.0,1479.0,1,,,0,,,0,,,0,1479.5,1479.5,1,,,0,1479.75,1479.75,1,,,0,,,0,,,0,,,0,,,0,,,0,,,0,,,0,,,0,,,0,1479.0,1479.0,baghdad_kifah,,,0
2022-01-10,,,0,,,0,1475.0,1475.0,1,,,0,,,0,1481.0,1481.0,1,,,0,,,0,,,0,1480.5,1480.5,1,,,0,1481.75,1481.75,1,,,0,,,0,,,0,,,0,,,0,,,0,,,0,,,0,,,0,,,0,1481.0,1481.0,baghdad_kifah,,,0
2022-01-11,,,0,,,0,1475.0,1475.0,1,,,0,,,0,1480.5,1480.5,1,,,0,,,0,,,0,1480.5,1480.5,1,,,0,1481.5,1481.5,1,,,0,,,0,,,0,,,0,,,0,,,0,,,0,,,0,,,0,,,0,1480.5,1480.5,baghdad_kifah,,,0
2022-01-12,,,0,,,0,1475.0,1475.0,1,,,0,,,0,1481.0,1481.0,1,,,0,,,0,,,0,1481.0,1481.0,1,,,0,1481.75,1481.75,1,,,0,,,0,,,0,,,0,,,0,,,0,,,0,,,0,,,0,,,0,1481.0,1481.0,baghdad_kifah,,,0
2022-01-13,,,0,,,0,1475.0,1475.0,1,,,0,,,0,1481.0,1481.0,1,,,0,,,0,,,0,1481.5,1481.5,1,,,0,1481.25,1481.25,1,,,0,,,0,,,0,,,0,,,0,,,0,,,0,,,0,,,0,,,0,1481.0,1481.0,baghdad_kifah,,,0
2022-01-16,,,0,,,0,1475.0,1475.0,1,,,0,,,0,1481.5,1481.5,1,,,0,,,0,,,0,1482.0,1482.0,1,,,0,1482.25,1482.25,1,,,0,,,0,,,0,,,0,,,0,,,0,,,0,,,0,,,0,,,0,1481.5,1481.5,baghdad_kifah,,,0
2022-01-17,,,0,,,0,,,0,,,0,,,0,1481.0,1481.0,1,,,0,,,0,,,0,,,0,,,0,,,0,,,0,,,0,,,0,,,0,,,0,,,0,,,0,,,0,,,0,,,0,1481.0,1481.0,baghdad_kifah,,,0
2022-01-18,,,0,,,0,1475.0,1475.0,1,,,0,,,0,1481.5,1481.5,1,,,0,,,0,,,0,1482.0,1482.0,1,,,0,1482.5,1482.5,1,,,0,,,0,,,0,,,0,,,0,,,0,,,0,,,0,,,0,,,0,1481.5,1481.5,baghdad_kifah,,,0
2022-01-19,,,0,,,0,1477.5,1477.5,1,,,0,,,0,1482.25,1482.25,1,,,0,,,0,,,0,1482.5,1482.5,1,,,0,1483.25,1483.25,1,,,0,,,0,,,0,,,0,,,0,,,0,,,0,,,0,,,0,,,0,1482.25,1482.25,baghdad_kifah,,,0
2022-01-20,,,0,,,0,1475.0,1475.0,1,,,0,,,0,1481.0,1481.0,1,,,0,,,0,,,0,1482.0,1482.0,1,,,0,1482.5,1482.5,1,,,0,,,0,,,0,,,0,,,0,,,0,,,0,,,0,,,0,,,0,1481.0,1481.0,baghdad_kifah,,,0
2022-01-25,,,0,,,0,1475.0,1475.0,1,,,0,,,0,1480.0,1480.0,1,,,0,,,0,,,0,1481.0,1481.0,1,,,0,1479.75,1479.75,1,,,0,,,0,,,0,,,0,,,0,,,0,,,0,,,0,,,0,,,0,1480.0,1480.0,baghdad_kifah,,,0
2022-01-26,,,0,,,0,1475.0,1475.0,1,,,0,,,0,1478.5,1478.5,1,,,0,,,0,,,0,1480.0,1480.0,1,,,0,1479.25,1479.25,1,,,0,,,0,,,0,,,0,,,0,,,0,,,0,,,0,,,0,,,0,1478.5,1478.5,baghdad_kifah,,,0
2022-01-27,,,0,,,0,1475.0,1475.0,1,,,0,,,0,1479.0,1479.0,1,,,0,,,0,,,0,1480.0,1480.0,1,,,0,1480.25,1480.25,1,,,0,,,0,,,0,,,0,,,0,,,0,,,0,,,0,,,0,,,0,1479.0,1479.0,baghdad_kifah,,,0
2022-01-30,,,0,,,0,1475.0,1475.0,1,,,0,,,0,1479.5,1479.5,1,,,0,,,0,,,0,1480.0,1480.0,1,,,0,1480.25,1480.25,1,,,0,,,0,,,0,,,0,,,0,,,0,,,0,,,0,,,0,,,0,1479.5,1479.5,baghdad_kifah,,,0
2022-01-31,,,0,,,0,1475.0,1475.0,1,,,0,,,0,1479.5,1479.5,1,,,0,,,0,,,0,1480.0,1480.0,1,,,0,1479.25,1479.25,1,,,0,,,0,,,0,,,0,,,0,,,0,,,0,,,0,,,0,,,0,1479.5,1479.5,baghdad_kifah,,,0
2022-02-01,,,0,,,0,1475.0,1475.0,1,,,0,,,0,1478.5,1478.5,1,,,0,,,0,,,0,1479.5,1479.5,1,,,0,1479.25,1479.25,1,,,0,,,0,,,0,,,0,,,0,,,0,,,0,,,0,,,0,,,0,1478.5,1478.5,baghdad_kifah,,,0
2022-02-02,,,0,,,0,1475.0,1475.0,1,,,0,,,0,1478.25,1478.25,1,,,0,,,0,,,0,1478.5,1478.5,1,,,0,1479.0,1479.0,1,,,0,,,0,,,0,,,0,,,0,,,0,,,0,,,0,,,0,,,0,1478.25,1478.25,baghdad_kifah,,,0
2022-02-03,,,0,,,0,1475.0,1475.0,1,,,0,,,0,1477.5,1477.5,1,,,0,,,0,,,0,1478.0,1478.0,1,,,0,1478.25,1478.25,1,,,0,,,0,,,0,,,0,,,0,,,0,,,0,,,0,,,0,,,0,1477.5,1477.5,baghdad_kifah,,,0
2022-02-06,,,0,,,0,1475.0,1475.0,1,,,0,,,0,1479.0,1479.0,1,,,0,,,0,,,0,1479.0,1479.0,1,,,0,1479.25,1479.25,1,,,0,,,0,,,0,,,0,,,0,,,0,,,0,,,0,,,0,,,0,1479.0,1479.0,baghdad_kifah,,,0
2022-02-07,,,0,,,0,1475.0,1475.0,1,,,0,,,0,1478.75,1478.75,1,,,0,,,0,,,0,1479.0,1479.0,1,,,0,,,0,,,0,,,0,,,0,,,0,,,0,,,0,,,0,,,0,,,0,,,0,1478.75,1478.75,baghdad_kifah,,,0
2022-02-08,,,0,,,0,1475.0,1475.0,1,,,0,,,0,1479.0,1479.0,1,,,0,,,0,,,0,1479.0,1479.0,1,,,0,1480.75,1480.75,1,,,0,,,0,,,0,,,0,,,0,,,0,,,0,,,0,,,0,,,0,1479.0,1479.0,baghdad_kifah,,,0
2022-02-09,,,0,,,0,1475.0,1475.0,1,,,0,,,0,1478.75,1478.75,1,,,0,,,0,,,0,1479.0,1479.0,1,,,0,1480.5,1480.5,1,,,0,,,0,,,0,,,0,,,0,,,0,,,0,,,0,,,0,,,0,1478.75,1478.75,baghdad_kifah,,,0
2022-02-10,,,0,,,0,1475.0,1475.0,1,,,0,,,0,1479.25,1479.25,1,,,0,,,0,,,0,1479.5,1479.5,1,,,0,1480.0,1480.0,1,,,0,,,0,,,0,,,0,,,0,,,0,,,0,,,0,,,0,,,0,1479.25,1479.25,baghdad_kifah,,,0
2022-02-13,,,0,,,0,1475.0,1475.0,1,,,0,,,0,1481.0,1481.0,1,,,0,,,0,,,0,1481.0,1481.0,1,,,0,,,0,,,0,,,0,,,0,,,0,,,0,,,0,,,0,,,0,,,0,,,0,1481.0,1481.0,baghdad_kifah,,,0
2022-02-14,,,0,,,0,1475.0,1475.0,1,,,0,,,0,1481.0,1481.0,1,,,0,,,0,,,0,1481.5,1481.5,1,,,0,1481.5,1481.5,1,,,0,,,0,,,0,,,0,,,0,,,0,,,0,,,0,,,0,,,0,1481.0,1481.0,baghdad_kifah,,,0
2022-02-15,,,0,,,0,1475.0,1475.0,1,,,0,,,0,1479.75,1479.75,1,,,0,,,0,,,0,1480.5,1480.5,1,,,0,1480.75,1480.75,1,,,0,,,0,,,0,,,0,,,0,,,0,,,0,,,0,,,0,,,0,1479.75,1479.75,baghdad_kifah,,,0
2022-02-16,,,0,,,0,1475.0,1475.0,1,,,0,,,0,1479.0,1479.0,1,,,0,,,0,,,0,1480.0,1480.0,1,,,0,1480.5,1480.5,1,,,0,,,0,,,0,,,0,,,0,,,0,,,0,,,0,,,0,,,0,1479.0,1479.0,baghdad_kifah,,,0
2022-02-17,,,0,,,0,,,0,,,0,,,0,1479.25,1479.25,1,,,0,,,0,,,0,,,0,,,0,,,0,,,0,,,0,,,0,,,0,,,0,,,0,,,0,,,0,,,0,,,0,1479.25,1479.25,baghdad_kifah,,,0
2022-02-20,1455.0,1455.0,1,1455.0,1455.0,1,1445.0,1445.0,1,,,0,,,0,1454.0,1435.0,2,,,0,,,0,,,0,1452.0,1452.0,1,,,0,,,0,,,0,,,0,,,0,,,0,,,0,,,0,,,0,1455.0,1455.0,1,,,0,,,0,1454.0,1435.0,baghdad_kifah,,,0
2022-02-21,,,0,,,0,,,0,,,0,,,0,1458.0,1467.0,3,,,0,,,0,,,0,,,0,,,0,,,0,,,0,,,0,,,0,,,0,,,0,,,0,,,0,,,0,,,0,,,0,1458.0,1467.0,baghdad_kifah,,,0
2022-02-22,,,0,,,0,1460.0,1460.0,1,,,0,,,0,1466.0,1466.0,1,,,0,,,0,,,0,1465.0,1465.0,1,,,0,1468.0,1468.0,1,,,0,,,0,,,0,,,0,,,0,,,0,,,0,1465.0,1465.0,1,,,0,,,0,1466.0,1466.0,baghdad_kifah,,,0
2022-02-23,,,0,,,0,,,0,,,0,,,0,1461.5,1461.5,1,,,0,,,0,,,0,,,0,,,0,,,0,,,0,,,0,,,0,,,0,,,0,,,0,,,0,,,0,,,0,,,0,1461.5,1461.5,baghdad_kifah,,,0
2022-02-24,,,0,,,0,,,0,,,0,,,0,1462.0,1462.0,1,,,0,,,0,,,0,,,0,,,0,,,0,,,0,,,0,,,0,,,0,,,0,,,0,,,0,,,0,,,0,,,0,1462.0,1462.0,baghdad_kifah,,,0
2022-02-28,,,0,,,0,,,0,,,0,,,0,1464.0,1464.0,1,,,0,,,0,,,0,,,0,,,0,,,0,,,0,,,0,,,0,,,0,,,0,,,0,,,0,,,0,,,0,,,0,1464.0,1464.0,baghdad_kifah,,,0
2022-03-01,,,0,,,0,1465.0,1465.0,1,,,0,,,0,1472.5,1472.5,1,,,0,,,0,,,0,1473.5,1473.5,1,,,0,1472.5,1472.5,1,,,0,,,0,,,0,,,0,,,0,,,0,,,0,,,0,,,0,,,0,1472.5,1472.5,baghdad_kifah,,,0
2022-03-02,,,0,,,0,,,0,,,0,,,0,1472.0,1472.0,1,,,0,,,0,,,0,,,0,,,0,,,0,,,0,,,0,,,0,,,0,,,0,,,0,,,0,,,0,,,0,,,0,1472.0,1472.0,baghdad_kifah,,,0
2022-03-03,,,0,,,0,,,0,,,0,,,0,1470.5,1470.5,1,,,0,,,0,,,0,,,0,,,0,,,0,,,0,,,0,,,0,,,0,,,0,,,0,,,0,,,0,,,0,,,0,1470.5,1470.5,baghdad_kifah,,,0
2022-03-06,,,0,,,0,,,0,,,0,,,0,1472.0,1472.0,1,,,0,,,0,,,0,,,0,,,0,,,0,,,0,,,0,,,0,,,0,,,0,,,0,,,0,,,0,,,0,,,0,1472.0,1472.0,baghdad_kifah,,,0
2022-03-07,,,0,,,0,1465.0,1465.0,1,,,0,,,0,1472.0,1472.0,1,,,0,,,0,,,0,1473.0,1473.0,1,,,0,1472.5,1472.5,1,,,0,,,0,,,0,,,0,,,0,,,0,,,0,,,0,,,0,,,0,1472.0,1472.0,baghdad_kifah,,,0
2022-03-08,,,0,,,0,,,0,,,0,,,0,1474.0,1474.0,1,,,0,,,0,,,0,,,0,,,0,,,0,,,0,,,0,,,0,,,0,,,0,,,0,,,0,,,0,,,0,,,0,1474.0,1474.0,baghdad_kifah,,,0
2022-03-09,,,0,,,0,,,0,,,0,,,0,1472.5,1472.5,1,,,0,,,0,,,0,,,0,,,0,,,0,,,0,,,0,,,0,,,0,,,0,,,0,,,0,,,0,,,0,,,0,1472.5,1472.5,baghdad_kifah,,,0
2022-03-10,,,0,,,0,,,0,,,0,,,0,1471.0,1471.0,1,,,0,,,0,,,0,,,0,,,0,,,0,,,0,,,0,,,0,,,0,,,0,,,0,,,0,,,0,,,0,,,0,1471.0,1471.0,baghdad_kifah,,,0
2022-03-13,,,0,,,0,,,0,,,0,,,0,1472.0,1472.0,1,,,0,,,0,,,0,,,0,,,0,,,0,,,0,,,0,,,0,,,0,,,0,,,0,,,0,,,0,,,0,,,0,1472.0,1472.0,baghdad_kifah,,,0
2022-03-15,,,0,,,0,1467.5,1467.5,1,,,0,,,0,1473.5,1473.5,1,,,0,,,0,,,0,1474.0,1474.0,1,,,0,1472.75,1472.75,1,,,0,,,0,,,0,,,0,,,0,,,0,,,0,,,0,,,0,,,0,1473.5,1473.5,baghdad_kifah,,,0
2022-03-16,,,0,,,0,,,0,,,0,,,0,1472.0,1472.0,1,,,0,,,0,,,0,,,0,,,0,,,0,,,0,,,0,,,0,,,0,,,0,,,0,,,0,,,0,,,0,,,0,1472.0,1472.0,baghdad_kifah,,,0
2022-03-17,,,0,,,0,1467.5,1467.5,1,,,0,,,0,1473.0,1473.0,1,,,0,,,0,,,0,1474.0,1474.0,1,,,0,1472.0,1472.0,1,,,0,,,0,,,0,,,0,,,0,,,0,,,0,,,0,,,0,,,0,1473.0,1473.0,baghdad_kifah,,,0
2022-03-20,,,0,,,0,1467.5,1467.5,1,,,0,,,0,1472.25,1472.25,1,,,0,,,0,,,0,1473.5,1473.5,1,,,0,1474.25,1474.25,1,,,0,,,0,,,0,,,0,,,0,,,0,1474.0,1474.0,1,,,0,,,0,,,0,1472.25,1472.25,baghdad_kifah,,,0
2022-03-21,,,0,,,0,,,0,,,0,,,0,1472.5,1472.5,1,,,0,,,0,,,0,,,0,,,0,,,0,,,0,,,0,,,0,,,0,,,0,,,0,,,0,,,0,,,0,,,0,1472.5,1472.5,baghdad_kifah,,,0
2022-03-22,,,0,,,0,1467.5,1467.5,1,,,0,,,0,1472.0,1472.0,1,,,0,,,0,,,0,1473.0,1473.0,1,,,0,,,0,,,0,,,0,,,0,,,0,,,0,1473.0,1473.0,1,,,0,,,0,,,0,,,0,1472.0,1472.0,baghdad_kifah,,,0
2022-03-23,,,0,,,0,,,0,,,0,,,0,1472.5,1472.5,1,,,0,,,0,,,0,,,0,,,0,,,0,,,0,,,0,,,0,,,0,,,0,,,0,,,0,,,0,,,0,,,0,1472.5,1472.5,baghdad_kifah,,,0
2022-03-24,,,0,,,0,1467.5,1467.5,1,,,0,,,0,1472.0,1472.0,1,,,0,,,0,,,0,1473.5,1473.5,1,,,0,,,0,,,0,,,0,,,0,,,0,,,0,,,0,,,0,1474.0,1474.0,1,,,0,,,0,1472.0,1472.0,baghdad_kifah,,,0
2022-03-27,,,0,,,0,1467.5,1467.5,1,,,0,,,0,1472.5,1472.5,1,,,0,,,0,,,0,1474.0,1474.0,1,,,0,1472.25,1472.25,1,,,0,,,0,,,0,,,0,,,0,,,0,,,0,,,0,,,0,,,0,1472.5,1472.5,baghdad_kifah,,,0
2022-03-28,,,0,,,0,1465.0,1465.0,1,,,0,,,0,1471.0,1471.0,1,,,0,,,0,,,0,1473.0,1473.0,1,,,0,1470.75,1470.75,1,,,0,,,0,,,0,,,0,,,0,,,0,,,0,,,0,,,0,,,0,1471.0,1471.0,baghdad_kifah,,,0
2022-03-29,,,0,,,0,1465.0,1465.0,1,,,0,,,0,1471.5,1471.5,1,,,0,,,0,,,0,1473.0,1473.0,1,,,0,1471.75,1471.75,1,,,0,,,0,,,0,,,0,,,0,,,0,,,0,,,0,,,0,,,0,1471.5,1471.5,baghdad_kifah,,,0
2022-03-30,,,0,,,0,1465.0,1465.0,1,,,0,,,0,1471.0,1471.0,1,,,0,,,0,,,0,1472.5,1472.5,1,,,0,1471.5,1471.5,1,,,0,,,0,,,0,,,0,,,0,,,0,,,0,,,0,,,0,,,0,1471.0,1471.0,baghdad_kifah,,,0
2022-03-31,,,0,,,0,1465.0,1465.0,1,,,0,,,0,1471.0,1471.0,1,,,0,,,0,,,0,1472.5,1472.5,1,,,0,1471.5,1471.5,1,,,0,,,0,,,0,,,0,,,0,,,0,,,0,,,0,,,0,,,0,1471.0,1471.0,baghdad_kifah,,,0
2022-04-03,,,0,,,0,,,0,,,0,,,0,1472.0,1472.0,1,,,0,,,0,,,0,,,0,,,0,,,0,,,0,,,0,,,0,,,0,,,0,,,0,,,0,,,0,,,0,,,0,1472.0,1472.0,baghdad_kifah,,,0
2022-04-04,,,0,,,0,1467.5,1467.5,1,,,0,,,0,1473.0,1473.0,1,,,0,,,0,,,0,1473.0,1473.0,1,,,0,1472.5,1472.5,1,,,0,,,0,,,0,,,0,,,0,,,0,,,0,,,0,,,0,,,0,1473.0,1473.0,baghdad_kifah,,,0
2022-04-05,,,0,,,0,,,0,,,0,,,0,1476.0,1476.0,1,,,0,,,0,,,0,1477.0,1477.0,1,,,0,1476.25,1476.25,1,,,0,,,0,,,0,,,0,,,0,,,0,,,0,,,0,,,0,,,0,1476.0,1476.0,baghdad_kifah,,,0
2022-04-06,,,0,,,0,1470.0,1470.0,1,,,0,,,0,1474.0,1474.0,1,,,0,,,0,,,0,1475.0,1475.0,1,,,0,1474.5,1474.5,1,,,0,,,0,,,0,,,0,,,0,,,0,,,0,,,0,,,0,,,0,1474.0,1474.0,baghdad_kifah,,,0
2022-04-07,,,0,,,0,,,0,,,0,,,0,1475.75,1475.75,1,,,0,,,0,,,0,1476.5,1476.5,1,,,0,1475.75,1475.75,1,,,0,,,0,,,0,,,0,,,0,,,0,,,0,,,0,,,0,,,0,1475.75,1475.75,baghdad_kifah,,,0
2022-04-10,,,0,,,0,1470.0,1470.0,1,,,0,,,0,1477.25,1476.75,2,,,0,,,0,,,0,1478.0,1478.0,1,,,0,1476.5,1476.5,1,,,0,,,0,,,0,,,0,,,0,,,0,,,0,,,0,,,0,,,0,1477.25,1476.75,baghdad_kifah,,,0
2022-04-11,,,0,,,0,,,0,,,0,,,0,1478.5,1478.5,1,,,0,,,0,,,0,1479.0,1479.0,1,,,0,1478.25,1478.25,1,,,0,,,0,,,0,,,0,,,0,,,0,,,0,,,0,,,0,,,0,1478.5,1478.5,baghdad_kifah,,,0
2022-04-12,,,0,,,0,1472.5,1472.5,1,,,0,,,0,1477.5,1477.5,1,,,0,,,0,,,0,1478.5,1478.5,1,,,0,1477.25,1477.25,1,,,0,,,0,,,0,,,0,,,0,,,0,,,0,,,0,,,0,,,0,1477.5,1477.5,baghdad_kifah,,,0
2022-04-13,,,0,,,0,1472.5,1472.5,1,,,0,,,0,1477.75,1477.75,1,,,0,,,0,,,0,1479.0,1479.0,1,,,0,1478.25,1478.25,1,,,0,,,0,,,0,,,0,,,0,,,0,,,0,,,0,,,0,,,0,1477.75,1477.75,baghdad_kifah,,,0
2022-04-14,,,0,,,0,1472.5,1472.5,1,,,0,,,0,1477.75,1477.75,1,,,0,,,0,,,0,1479.5,1479.5,1,,,0,1477.25,1477.25,1,,,0,,,0,,,0,,,0,,,0,,,0,,,0,,,0,,,0,,,0,1477.75,1477.75,baghdad_kifah,,,0
2022-04-17,,,0,,,0,,,0,,,0,,,0,1478.0,1478.0,1,,,0,,,0,,,0,,,0,,,0,,,0,,,0,,,0,,,0,,,0,,,0,,,0,,,0,,,0,,,0,,,0,1478.0,1478.0,baghdad_kifah,,,0
2022-04-18,,,0,,,0,1472.5,1472.5,1,,,0,,,0,1477.5,1477.25,2,,,0,,,0,,,0,1479.0,1479.0,1,,,0,1477.5,1477.5,1,,,0,,,0,,,0,,,0,,,0,,,0,,,0,,,0,,,0,,,0,1477.5,1477.25,baghdad_kifah,,,0
2022-04-19,,,0,,,0,1470.0,1470.0,1,,,0,,,0,1476.25,1476.25,1,,,0,,,0,,,0,1478.0,1478.0,1,,,0,1475.75,1475.75,1,,,0,,,0,,,0,,,0,,,0,,,0,,,0,,,0,,,0,,,0,1476.25,1476.25,baghdad_kifah,,,0
2022-04-20,,,0,,,0,1470.0,1470.0,1,,,0,,,0,1474.5,1474.5,1,,,0,,,0,,,0,1476.0,1476.0,1,,,0,1474.0,1474.0,1,,,0,,,0,,,0,,,0,,,0,,,0,,,0,,,0,,,0,,,0,1474.5,1474.5,baghdad_kifah,,,0
2022-04-21,,,0,,,0,,,0,,,0,,,0,1474.5,1474.5,1,,,0,,,0,,,0,,,0,,,0,,,0,,,0,,,0,,,0,,,0,,,0,,,0,,,0,,,0,,,0,,,0,1474.5,1474.5,baghdad_kifah,,,0
2022-04-24,,,0,,,0,,,0,,,0,,,0,1474.5,1474.5,1,,,0,,,0,,,0,1480.0,1480.0,1,,,0,1473.5,1473.5,1,,,0,,,0,,,0,,,0,,,0,,,0,,,0,,,0,,,0,,,0,1474.5,1474.5,baghdad_kifah,,,0
2022-04-25,,,0,,,0,,,0,,,0,,,0,1474.5,1474.5,2,,,0,,,0,,,0,1480.0,1480.0,1,,,0,1473.75,1473.75,1,,,0,,,0,,,0,,,0,,,0,,,0,,,0,,,0,,,0,,,0,1474.5,1474.5,baghdad_kifah,,,0
2022-04-26,,,0,,,0,,,0,,,0,,,0,1473.5,1473.5,1,,,0,,,0,,,0,1477.5,1477.5,1,,,0,1473.25,1473.25,1,,,0,,,0,,,0,,,0,,,0,,,0,,,0,,,0,,,0,,,0,1473.5,1473.5,baghdad_kifah,,,0
2022-04-27,,,0,,,0,1470.0,1470.0,1,,,0,,,0,1475.0,1475.0,1,,,0,,,0,,,0,1476.0,1476.0,1,,,0,1475.5,1475.5,1,,,0,,,0,,,0,,,0,,,0,,,0,,,0,,,0,,,0,,,0,1475.0,1475.0,baghdad_kifah,,,0
2022-04-28,,,0,,,0,1470.0,1470.0,1,,,0,,,0,1475.75,1475.75,1,,,0,,,0,,,0,1477.0,1477.0,1,,,0,1476.0,1476.0,1,,,0,,,0,,,0,,,0,,,0,,,0,,,0,,,0,,,0,,,0,1475.75,1475.75,baghdad_kifah,,,0
2022-05-01,,,0,,,0,,,0,,,0,,,0,1478.5,1478.5,1,,,0,,,0,,,0,,,0,,,0,,,0,,,0,,,0,,,0,,,0,,,0,,,0,,,0,,,0,,,0,,,0,1478.5,1478.5,baghdad_kifah,,,0
2022-05-08,,,0,,,0,,,0,,,0,,,0,1477.5,1477.5,1,,,0,,,0,,,0,,,0,,,0,,,0,,,0,,,0,,,0,,,0,,,0,,,0,,,0,,,0,,,0,,,0,1477.5,1477.5,baghdad_kifah,,,0
2022-05-09,,,0,,,0,,,0,,,0,,,0,1478.0,1479.5,2,,,0,,,0,,,0,1482.5,1482.5,1,,,0,1479.25,1479.25,1,,,0,,,0,,,0,,,0,,,0,,,0,,,0,,,0,,,0,,,0,1478.0,1479.5,baghdad_kifah,,,0
2022-05-10,,,0,,,0,1475.0,1475.0,1,,,0,,,0,1479.5,1479.5,1,,,0,,,0,,,0,1480.0,1480.0,1,,,0,1479.5,1479.5,1,,,0,,,0,,,0,,,0,,,0,,,0,,,0,,,0,,,0,,,0,1479.5,1479.5,baghdad_kifah,,,0
2022-05-11,,,0,,,0,1475.0,1475.0,1,,,0,,,0,1480.0,1480.0,1,,,0,,,0,,,0,1481.5,1481.5,1,,,0,1481.0,1481.0,1,,,0,,,0,,,0,,,0,,,0,,,0,,,0,,,0,,,0,,,0,1480.0,1480.0,baghdad_kifah,,,0
2022-05-12,,,0,,,0,,,0,,,0,,,0,1480.0,1480.0,1,,,0,,,0,,,0,1481.5,1481.5,1,,,0,1481.25,1481.25,1,,,0,,,0,,,0,,,0,,,0,,,0,,,0,,,0,,,0,,,0,1480.0,1480.0,baghdad_kifah,,,0
2022-05-15,,,0,1483.25,1483.25,1,1477.5,1477.5,1,,,0,,,0,1483.0,1483.0,1,,,0,,,0,,,0,1483.0,1483.0,1,,,0,1483.5,1483.5,1,,,0,,,0,,,0,1483.5,1483.5,1,,,0,,,0,,,0,,,0,,,0,,,0,1483.0,1483.0,baghdad_kifah,,,0
2022-05-16,,,0,,,0,1475.0,1475.0,1,,,0,,,0,1480.0,1480.0,1,,,0,,,0,,,0,1481.5,1481.5,1,,,0,1481.5,1481.5,1,,,0,,,0,,,0,,,0,,,0,,,0,,,0,,,0,,,0,,,0,1480.0,1480.0,baghdad_kifah,,,0
2022-05-17,,,0,,,0,,,0,,,0,,,0,1480.0,1480.0,1,,,0,,,0,,,0,1485.0,1485.0,1,,,0,1482.25,1482.25,1,,,0,,,0,,,0,,,0,,,0,,,0,,,0,,,0,,,0,,,0,1480.0,1480.0,baghdad_kifah,,,0
2022-05-18,,,0,,,0,1477.5,1477.5,1,,,0,,,0,1482.0,1482.0,1,,,0,,,0,,,0,1482.5,1482.5,1,,,0,1483.0,1483.0,1,,,0,,,0,,,0,,,0,,,0,,,0,,,0,,,0,,,0,,,0,1482.0,1482.0,baghdad_kifah,,,0
2022-05-19,,,0,,,0,,,0,,,0,,,0,1482.25,1482.25,1,,,0,,,0,,,0,,,0,,,0,,,0,,,0,,,0,,,0,,,0,,,0,,,0,,,0,,,0,,,0,,,0,1482.25,1482.25,baghdad_kifah,,,0
2022-05-22,,,0,,,0,1477.5,1477.5,1,,,0,,,0,1481.5,1481.5,1,,,0,,,0,,,0,1482.5,1482.5,1,,,0,1482.5,1482.5,1,,,0,,,0,,,0,,,0,,,0,,,0,,,0,,,0,,,0,,,0,1481.5,1481.5,baghdad_kifah,,,0
2022-05-23,,,0,,,0,1477.5,1477.5,1,,,0,,,0,1481.25,1481.25,1,,,0,,,0,,,0,1482.0,1482.0,1,,,0,1481.0,1481.0,1,,,0,,,0,,,0,,,0,,,0,,,0,,,0,,,0,,,0,,,0,1481.25,1481.25,baghdad_kifah,,,0
2022-05-24,,,0,,,0,1477.5,1477.5,1,,,0,,,0,1481.0,1481.0,1,,,0,,,0,,,0,1481.5,1481.5,1,,,0,1480.5,1480.5,1,,,0,,,0,,,0,,,0,,,0,,,0,,,0,,,0,,,0,,,0,1481.0,1481.0,baghdad_kifah,,,0
2022-05-25,,,0,,,0,1475.0,1475.0,1,,,0,,,0,1481.25,1481.25,1,,,0,,,0,,,0,1482.0,1482.0,1,,,0,1481.0,1481.0,1,,,0,,,0,,,0,,,0,,,0,,,0,,,0,,,0,,,0,,,0,1481.25,1481.25,baghdad_kifah,,,0
2022-05-26,,,0,,,0,,,0,,,0,,,0,1482.0,1482.0,1,,,0,,,0,,,0,1482.5,1482.5,1,,,0,1482.5,1482.5,1,,,0,,,0,,,0,,,0,,,0,,,0,,,0,,,0,,,0,,,0,1482.0,1482.0,baghdad_kifah,,,0
2022-05-29,,,0,,,0,1477.5,1477.5,1,,,0,,,0,1482.0,1482.0,1,,,0,,,0,,,0,1482.5,1482.5,1,,,0,1482.25,1482.25,1,,,0,,,0,,,0,,,0,,,0,,,0,,,0,,,0,,,0,,,0,1482.0,1482.0,baghdad_kifah,,,0
2022-05-30,,,0,,,0,1480.0,1480.0,1,,,0,,,0,1484.0,1484.0,1,,,0,,,0,,,0,1484.0,1484.0,1,,,0,,,0,,,0,,,0,,,0,,,0,1485.0,1485.0,1,,,0,1485.5,1485.5,1,,,0,,,0,,,0,1484.0,1484.0,baghdad_kifah,,,0
2022-05-31,,,0,,,0,,,0,,,0,,,0,1484.0,1484.0,1,,,0,,,0,,,0,1484.5,1484.5,1,,,0,1484.5,1484.5,1,,,0,,,0,,,0,,,0,,,0,,,0,,,0,,,0,,,0,,,0,1484.0,1484.0,baghdad_kifah,,,0
2022-06-01,,,0,,,0,,,0,,,0,,,0,1481.5,1481.5,1,,,0,,,0,,,0,1482.0,1482.0,1,,,0,1481.25,1481.25,1,,,0,,,0,,,0,,,0,,,0,,,0,,,0,,,0,,,0,,,0,1481.5,1481.5,baghdad_kifah,,,0
2022-06-02,,,0,,,0,,,0,,,0,,,0,1482.0,1482.0,1,,,0,,,0,,,0,1482.5,1482.5,1,,,0,1481.75,1481.75,1,,,0,,,0,,,0,,,0,,,0,,,0,,,0,,,0,,,0,,,0,1482.0,1482.0,baghdad_kifah,,,0
2022-06-05,,,0,,,0,1477.5,1477.5,1,,,0,,,0,1483.25,1483.25,1,,,0,,,0,,,0,1483.5,1483.5,1,,,0,1483.5,1483.5,1,,,0,,,0,,,0,,,0,1485.0,1485.0,1,,,0,,,0,,,0,,,0,,,0,1483.25,1483.25,baghdad_kifah,,,0
2022-06-06,,,0,,,0,1477.5,1477.5,1,,,0,,,0,1483.25,1483.25,1,,,0,,,0,,,0,1483.5,1483.5,1,,,0,1482.75,1482.75,1,,,0,,,0,,,0,,,0,,,0,,,0,,,0,,,0,,,0,,,0,1483.25,1483.25,baghdad_kifah,,,0
2022-06-07,,,0,,,0,1477.5,1477.5,1,,,0,,,0,1483.75,1483.75,1,,,0,,,0,,,0,1484.0,1484.0,1,,,0,1483.25,1483.25,1,,,0,,,0,,,0,,,0,,,0,,,0,,,0,,,0,,,0,,,0,1483.75,1483.75,baghdad_kifah,,,0
2022-06-08,,,0,,,0,1480.0,1480.0,1,,,0,,,0,1484.0,1484.0,1,,,0,,,0,,,0,1484.5,1484.5,1,,,0,1482.75,1482.75,1,,,0,,,0,,,0,,,0,,,0,,,0,,,0,,,0,,,0,,,0,1484.0,1484.0,baghdad_kifah,,,0
2022-06-09,,,0,,,0,1477.5,1477.5,1,,,0,,,0,1482.5,1482.5,1,,,0,,,0,,,0,1483.5,1483.5,1,,,0,1482.0,1482.0,1,,,0,,,0,,,0,,,0,1483.5,1483.5,1,,,0,,,0,,,0,,,0,,,0,1482.5,1482.5,baghdad_kifah,,,0
2022-06-12,,,0,,,0,,,0,,,0,,,0,1483.5,1483.5,1,,,0,,,0,,,0,1487.5,1487.5,1,,,0,1482.25,1482.25,1,,,0,,,0,,,0,,,0,,,0,,,0,,,0,,,0,,,0,,,0,1483.5,1483.5,baghdad_kifah,,,0
2022-06-13,,,0,,,0,1480.0,1480.0,1,,,0,,,0,1486.0,1486.0,1,,,0,,,0,,,0,1486.0,1486.0,1,,,0,1485.25,1485.25,1,,,0,,,0,,,0,,,0,,,0,,,0,,,0,,,0,,,0,,,0,1486.0,1486.0,baghdad_kifah,,,0
2022-06-14,,,0,,,0,1480.0,1480.0,1,,,0,,,0,1484.5,1484.5,1,,,0,,,0,,,0,1485.5,1485.5,1,,,0,1484.5,1484.5,1,,,0,1485.0,1485.0,1,,,0,,,0,1485.5,1485.5,1,,,0,,,0,,,0,,,0,,,0,1484.5,1484.5,baghdad_kifah,,,0
2022-06-15,,,0,,,0,1477.5,1477.5,1,,,0,,,0,1482.75,1482.75,1,,,0,,,0,,,0,1484.0,1484.0,1,,,0,1483.5,1483.5,1,,,0,,,0,,,0,,,0,,,0,,,0,1485.0,1485.0,1,,,0,,,0,,,0,1482.75,1482.75,baghdad_kifah,,,0
2022-06-16,,,0,,,0,1480.0,1480.0,1,,,0,,,0,1484.5,1484.5,1,,,0,,,0,,,0,1486.0,1486.0,1,,,0,1485.75,1485.75,1,,,0,,,0,,,0,,,0,,,0,,,0,,,0,,,0,,,0,,,0,1484.5,1484.5,baghdad_kifah,,,0
2022-06-19,,,0,,,0,1480.0,1480.0,1,,,0,,,0,1484.5,1484.5,1,,,0,,,0,,,0,1485.5,1485.5,1,,,0,,,0,,,0,,,0,,,0,,,0,,,0,,,0,,,0,,,0,,,0,,,0,1484.5,1484.5,baghdad_kifah,,,0
2022-06-20,,,0,,,0,1480.0,1480.0,1,,,0,,,0,1485.5,1485.5,1,,,0,,,0,,,0,1486.0,1486.0,1,,,0,1486.25,1486.25,1,,,0,,,0,,,0,,,0,,,0,,,0,,,0,,,0,,,0,,,0,1485.5,1485.5,baghdad_kifah,,,0
2022-06-21,,,0,1484.0,1484.0,1,1477.5,1477.5,1,,,0,,,0,1483.5,1483.5,1,,,0,,,0,,,0,1485.0,1485.0,1,,,0,1484.25,1484.25,1,,,0,,,0,,,0,,,0,1485.0,1485.0,1,,,0,,,0,,,0,,,0,,,0,1483.5,1483.5,baghdad_kifah,,,0
2022-06-22,,,0,,,0,1477.5,1477.5,1,,,0,,,0,1483.25,1483.25,1,,,0,,,0,,,0,1484.5,1484.5,1,,,0,1484.5,1484.5,1,,,0,,,0,,,0,,,0,,,0,,,0,,,0,,,0,,,0,,,0,1483.25,1483.25,baghdad_kifah,,,0
2022-06-23,,,0,,,0,1477.5,1477.5,1,,,0,,,0,1483.5,1483.5,1,,,0,,,0,,,0,1485.0,1485.0,1,,,0,1485.0,1485.0,1,,,0,,,0,,,0,,,0,,,0,,,0,,,0,,,0,,,0,,,0,1483.5,1483.5,baghdad_kifah,,,0
2022-06-26,,,0,,,0,1477.5,1477.5,1,,,0,,,0,1483.0,1483.0,1,,,0,,,0,,,0,1484.5,1484.5,1,,,0,1484.5,1484.5,1,,,0,,,0,,,0,,,0,,,0,,,0,,,0,,,0,,,0,,,0,1483.0,1483.0,baghdad_kifah,,,0
2022-06-27,,,0,,,0,1475.0,1475.0,1,,,0,,,0,1480.25,1480.25,1,,,0,,,0,,,0,1481.5,1481.5,1,,,0,1481.0,1481.0,1,,,0,,,0,,,0,,,0,,,0,,,0,,,0,,,0,,,0,,,0,1480.25,1480.25,baghdad_kifah,,,0
2022-06-28,,,0,,,0,1475.0,1475.0,1,,,0,,,0,1481.0,1481.0,1,,,0,,,0,,,0,1482.5,1482.5,1,,,0,1482.25,1482.25,1,,,0,,,0,,,0,,,0,,,0,,,0,,,0,,,0,,,0,,,0,1481.0,1481.0,baghdad_kifah,,,0
2022-06-29,,,0,,,0,1475.0,1475.0,1,,,0,,,0,1480.0,1480.0,1,,,0,,,0,,,0,1481.0,1481.0,1,,,0,1481.75,1481.75,1,,,0,,,0,,,0,,,0,,,0,,,0,,,0,,,0,,,0,,,0,1480.0,1480.0,baghdad_kifah,,,0
2022-06-30,,,0,,,0,1475.0,1475.0,1,,,0,,,0,1480.5,1481.25,2,,,0,,,0,,,0,1481.5,1481.5,1,,,0,1482.5,1482.5,1,,,0,,,0,,,0,,,0,,,0,,,0,,,0,,,0,,,0,,,0,1480.5,1481.25,baghdad_kifah,,,0
2022-07-03,,,0,,,0,1477.5,1477.5,1,,,0,,,0,1483.0,1483.0,1,,,0,,,0,,,0,1483.5,1483.5,1,,,0,1484.25,1484.25,1,,,0,,,0,,,0,,,0,1484.0,1484.0,1,,,0,,,0,,,0,,,0,,,0,1483.0,1483.0,baghdad_kifah,,,0
2022-07-04,,,0,,,0,1477.5,1477.5,1,,,0,,,0,1483.0,1483.0,1,,,0,,,0,,,0,1484.0,1484.0,1,,,0,1482.25,1482.25,1,,,0,,,0,,,0,,,0,,,0,,,0,,,0,,,0,,,0,,,0,1483.0,1483.0,baghdad_kifah,,,0
2022-07-05,,,0,,,0,1477.5,1477.5,1,,,0,,,0,1483.5,1483.5,1,,,0,,,0,,,0,1484.0,1484.0,1,,,0,1483.0,1483.0,1,,,0,,,0,,,0,,,0,,,0,,,0,,,0,,,0,,,0,,,0,1483.5,1483.5,baghdad_kifah,,,0
2022-07-06,,,0,,,0,1477.5,1477.5,1,,,0,,,0,1483.5,1483.5,1,,,0,,,0,,,0,1484.0,1484.0,1,,,0,1483.25,1483.25,1,,,0,,,0,,,0,,,0,,,0,,,0,,,0,,,0,,,0,,,0,1483.5,1483.5,baghdad_kifah,,,0
2022-07-07,,,0,,,0,,,0,,,0,,,0,1484.75,1484.75,1,,,0,,,0,,,0,1485.0,1485.0,1,,,0,1484.0,1484.0,1,,,0,,,0,,,0,,,0,,,0,,,0,,,0,1485.0,1485.0,1,,,0,,,0,1484.75,1484.75,baghdad_kifah,,,0
2022-07-17,,,0,,,0,1480.0,1480.0,1,,,0,,,0,1484.5,1484.5,1,,,0,,,0,,,0,1485.5,1485.5,1,,,0,1485.0,1485.0,1,,,0,,,0,,,0,,,0,1486.0,1486.0,1,,,0,,,0,,,0,,,0,,,0,1484.5,1484.5,baghdad_kifah,,,0
2022-07-18,,,0,,,0,1480.0,1480.0,1,,,0,,,0,1484.5,1484.5,1,,,0,,,0,,,0,1485.5,1485.5,1,,,0,1484.75,1484.75,1,,,0,,,0,,,0,,,0,1485.5,1485.5,1,,,0,,,0,,,0,,,0,,,0,1484.5,1484.5,baghdad_kifah,,,0
2022-07-19,,,0,,,0,1480.0,1480.0,1,,,0,,,0,1485.0,1485.0,1,,,0,,,0,,,0,1486.0,1486.0,1,,,0,1485.75,1485.75,1,,,0,,,0,,,0,,,0,,,0,,,0,,,0,,,0,,,0,,,0,1485.0,1485.0,baghdad_kifah,,,0
2022-07-20,,,0,,,0,1480.0,1480.0,1,,,0,,,0,1484.5,1484.5,1,,,0,,,0,,,0,1485.5,1485.5,1,,,0,1486.0,1486.0,1,,,0,,,0,,,0,,,0,,,0,,,0,,,0,,,0,,,0,,,0,1484.5,1484.5,baghdad_kifah,,,0
2022-07-21,,,0,,,0,1480.0,1480.0,1,,,0,,,0,1484.75,1484.75,1,,,0,,,0,,,0,1485.5,1485.5,1,,,0,1486.5,1486.5,1,,,0,,,0,,,0,,,0,,,0,,,0,,,0,,,0,,,0,,,0,1484.75,1484.75,baghdad_kifah,,,0
2022-07-24,,,0,,,0,1480.0,1480.0,1,,,0,,,0,1485.0,1485.0,1,,,0,,,0,,,0,1485.5,1485.5,1,,,0,1486.5,1486.5,1,,,0,,,0,,,0,,,0,,,0,,,0,,,0,,,0,,,0,,,0,1485.0,1485.0,baghdad_kifah,,,0
2022-07-25,,,0,,,0,1480.0,1480.0,1,,,0,,,0,1485.5,1485.5,1,,,0,,,0,,,0,1486.0,1486.0,1,,,0,1487.0,1487.0,1,,,0,,,0,,,0,,,0,,,0,,,0,,,0,,,0,,,0,,,0,1485.5,1485.5,baghdad_kifah,,,0
2022-07-26,,,0,,,0,1480.0,1480.0,1,,,0,,,0,1485.5,1485.5,1,,,0,,,0,,,0,1486.5,1486.5,1,,,0,1486.75,1486.75,1,,,0,,,0,,,0,,,0,,,0,,,0,,,0,,,0,,,0,,,0,1485.5,1485.5,baghdad_kifah,,,0
2022-07-27,,,0,,,0,1480.0,1480.0,1,,,0,,,0,1484.5,1484.25,2,,,0,,,0,,,0,1485.5,1485.5,1,,,0,1485.75,1485.75,1,,,0,,,0,,,0,,,0,,,0,,,0,,,0,,,0,,,0,,,0,1484.5,1484.25,baghdad_kifah,,,0
2022-07-28,,,0,,,0,1480.0,1480.0,1,,,0,,,0,1485.0,1485.0,1,,,0,,,0,,,0,1485.5,1485.5,1,,,0,1484.75,1484.75,1,,,0,,,0,,,0,,,0,,,0,,,0,,,0,,,0,,,0,,,0,1485.0,1485.0,baghdad_kifah,,,0
2022-07-31,,,0,,,0,1482.5,1482.5,1,,,0,,,0,1486.5,1486.0,2,,,0,,,0,,,0,1487.0,1487.0,1,,,0,1486.5,1486.5,1,,,0,,,0,,,0,,,0,,,0,,,0,,,0,,,0,,,0,,,0,1486.5,1486.0,baghdad_kifah,,,0
2022-08-01,,,0,,,0,1482.5,1482.5,1,,,0,,,0,1486.5,1486.5,1,,,0,,,0,,,0,1487.0,1487.0,1,,,0,1485.75,1485.75,1,,,0,,,0,,,0,,,0,,,0,,,0,,,0,,,0,,,0,,,0,1486.5,1486.5,baghdad_kifah,,,0
2022-08-02,,,0,,,0,1482.5,1482.5,1,,,0,,,0,1487.0,1487.0,1,,,0,,,0,,,0,1487.5,1487.5,1,,,0,1487.5,1487.5,1,,,0,,,0,,,0,,,0,,,0,,,0,,,0,,,0,,,0,,,0,1487.0,1487.0,baghdad_kifah,,,0
2022-08-03,,,0,,,0,1480.0,1480.0,1,,,0,,,0,1485.0,1485.5,2,,,0,,,0,,,0,1485.5,1485.5,1,,,0,1486.25,1486.25,1,,,0,,,0,,,0,,,0,,,0,,,0,,,0,,,0,,,0,,,0,1485.0,1485.5,baghdad_kifah,,,0
2022-08-04,,,0,,,0,1480.0,1480.0,1,,,0,,,0,1486.5,1486.5,1,,,0,,,0,,,0,1487.0,1487.0,1,,,0,1488.0,1488.0,1,,,0,,,0,,,0,,,0,,,0,,,0,,,0,,,0,,,0,,,0,1486.5,1486.5,baghdad_kifah,,,0
2022-08-07,,,0,,,0,1480.0,1480.0,1,,,0,,,0,1485.0,1486.0,2,,,0,,,0,,,0,1486.0,1486.0,1,,,0,1486.75,1486.75,1,,,0,,,0,,,0,,,0,,,0,,,0,,,0,,,0,,,0,,,0,1485.0,1486.0,baghdad_kifah,,,0
2022-08-08,,,0,,,0,1486.0,1486.0,1,,,0,,,0,,,0,,,0,,,0,,,0,1486.5,1486.5,1,,,0,1490.0,1490.0,1,,,0,,,0,,,0,,,0,,,0,,,0,,,0,,,0,,,0,,,0,1486.0,1486.0,baghdad_generic,,,0
2022-08-10,,,0,,,0,1485.5,1485.5,1,,,0,,,0,,,0,,,0,,,0,,,0,1486.0,1486.0,1,,,0,1490.0,1490.0,1,,,0,,,0,,,0,,,0,,,0,,,0,,,0,,,0,,,0,,,0,1485.5,1485.5,baghdad_generic,,,0
2022-08-11,,,0,,,0,1484.5,1484.5,1,,,0,,,0,,,0,,,0,,,0,,,0,1486.0,1486.0,1,,,0,1485.25,1485.25,1,,,0,,,0,,,0,,,0,,,0,,,0,,,0,,,0,,,0,,,0,1484.5,1484.5,baghdad_generic,,,0
2022-08-14,,,0,,,0,,,0,,,0,,,0,1485.25,1485.5,2,,,0,,,0,,,0,1486.0,1486.0,1,,,0,1484.75,1484.75,1,,,0,,,0,,,0,,,0,,,0,,,0,,,0,,,0,,,0,,,0,1485.25,1485.5,baghdad_kifah,,,0
2022-08-15,,,0,,,0,,,0,,,0,,,0,1485.5,1485.5,1,,,0,,,0,,,0,1487.0,1487.0,1,,,0,1485.25,1485.25,1,,,0,,,0,,,0,,,0,,,0,,,0,,,0,,,0,,,0,,,0,1485.5,1485.5,baghdad_kifah,,,0
2022-08-16,,,0,,,0,1481.25,1481.25,1,,,0,,,0,1484.5,1483.5,2,,,0,,,0,,,0,1486.5,1486.5,1,,,0,1484.0,1484.0,1,,,0,,,0,,,0,,,0,,,0,,,0,,,0,,,0,,,0,,,0,1484.5,1483.5,baghdad_kifah,,,0
2022-08-17,,,0,,,0,,,0,,,0,,,0,1481.5,1481.0,3,,,0,,,0,,,0,1483.0,1483.0,1,,,0,1480.5,1480.5,1,,,0,,,0,,,0,,,0,,,0,,,0,,,0,,,0,,,0,,,0,1481.5,1481.0,baghdad_kifah,,,0
2022-08-18,,,0,,,0,,,0,,,0,,,0,1480.5,1481.0,2,,,0,,,0,,,0,1482.0,1482.0,1,,,0,1480.0,1480.0,1,,,0,,,0,,,0,,,0,,,0,,,0,,,0,,,0,,,0,,,0,1480.5,1481.0,baghdad_kifah,,,0
2022-08-21,,,0,,,0,,,0,,,0,,,0,1481.5,1481.5,1,,,0,,,0,,,0,1482.5,1482.5,1,,,0,1482.0,1482.0,1,,,0,,,0,,,0,,,0,,,0,,,0,,,0,,,0,,,0,,,0,1481.5,1481.5,baghdad_kifah,,,0
2022-08-22,,,0,,,0,,,0,,,0,,,0,1480.5,1478.5,2,,,0,,,0,,,0,1482.0,1482.0,1,,,0,1481.5,1481.5,1,,,0,,,0,,,0,,,0,,,0,,,0,,,0,,,0,,,0,,,0,1480.5,1478.5,baghdad_kifah,,,0
2022-08-23,,,0,,,0,,,0,,,0,,,0,1479.0,1481.5,3,,,0,,,0,,,0,1480.5,1480.5,1,,,0,1479.75,1479.75,1,,,0,,,0,,,0,,,0,,,0,,,0,,,0,,,0,,,0,,,0,1479.0,1481.5,baghdad_kifah,,,0
2022-08-24,,,0,,,0,,,0,,,0,,,0,1480.0,1479.5,2,,,0,,,0,,,0,1481.5,1481.5,1,,,0,1481.75,1481.75,1,,,0,,,0,,,0,,,0,,,0,,,0,,,0,,,0,,,0,,,0,1480.0,1479.5,baghdad_kifah,,,0
2022-08-25,,,0,,,0,,,0,,,0,,,0,1480.0,1479.5,2,,,0,,,0,,,0,1481.0,1481.0,1,,,0,1481.0,1481.0,1,,,0,,,0,,,0,,,0,1481.0,1481.0,1,,,0,,,0,,,0,,,0,,,0,1480.0,1479.5,baghdad_kifah,,,0
2022-08-28,,,0,,,0,,,0,,,0,,,0,1479.75,1479.25,2,,,0,,,0,,,0,1481.0,1481.0,1,,,0,1480.75,1480.75,1,,,0,,,0,,,0,,,0,,,0,,,0,,,0,,,0,,,0,,,0,1479.75,1479.25,baghdad_kifah,,,0
2022-08-29,,,0,,,0,,,0,,,0,,,0,1479.0,1478.5,2,,,0,,,0,,,0,1480.0,1480.0,2,,,0,1480.0,1479.5,2,,,0,,,0,,,0,,,0,,,0,,,0,,,0,,,0,,,0,,,0,1479.0,1478.5,baghdad_kifah,,,0
2022-08-31,,,0,,,0,,,0,,,0,,,0,1479.0,1479.5,2,,,0,,,0,,,0,1480.5,1479.5,2,,,0,1480.0,1481.0,2,,,0,,,0,,,0,,,0,,,0,,,0,,,0,,,0,,,0,,,0,1479.0,1479.5,baghdad_kifah,,,0
2022-09-01,,,0,,,0,,,0,,,0,,,0,1479.5,1479.5,1,,,0,,,0,,,0,1481.0,1481.0,1,,,0,1480.75,1480.75,1,,,0,,,0,,,0,,,0,,,0,,,0,,,0,,,0,,,0,,,0,1479.5,1479.5,baghdad_kifah,,,0
2022-09-04,,,0,,,0,,,0,,,0,,,0,1480.75,1480.75,1,,,0,,,0,,,0,1481.0,1481.0,1,,,0,1481.0,1481.0,1,,,0,,,0,,,0,,,0,,,0,,,0,,,0,,,0,,,0,,,0,1480.75,1480.75,baghdad_kifah,,,0
2022-09-05,,,0,,,0,,,0,,,0,,,0,1480.0,1480.0,1,,,0,,,0,,,0,1481.0,1481.0,1,,,0,1481.25,1481.25,1,,,0,,,0,,,0,,,0,,,0,,,0,,,0,,,0,,,0,,,0,1480.0,1480.0,baghdad_kifah,,,0
2022-09-06,,,0,,,0,,,0,,,0,,,0,1479.5,1479.5,1,,,0,,,0,,,0,1480.5,1480.5,1,,,0,1481.25,1481.25,1,,,0,,,0,,,0,,,0,,,0,,,0,,,0,,,0,,,0,,,0,1479.5,1479.5,baghdad_kifah,,,0
2022-09-07,,,0,,,0,,,0,,,0,,,0,1478.5,1478.5,1,,,0,,,0,,,0,1480.0,1480.0,1,,,0,1481.0,1481.0,1,,,0,,,0,,,0,,,0,,,0,,,0,,,0,,,0,,,0,,,0,1478.5,1478.5,baghdad_kifah,,,0
2022-09-08,,,0,,,0,,,0,,,0,,,0,1479.0,1479.0,1,,,0,,,0,,,0,1480.0,1480.0,1,,,0,1481.5,1481.5,1,,,0,,,0,,,0,,,0,,,0,,,0,,,0,,,0,,,0,,,0,1479.0,1479.0,baghdad_kifah,,,0
2022-09-11,,,0,,,0,,,0,,,0,,,0,1479.0,1478.75,2,,,0,,,0,,,0,1480.0,1480.0,2,,,0,1481.25,1480.75,2,,,0,,,0,,,0,,,0,,,0,,,0,,,0,,,0,,,0,,,0,1479.0,1478.75,baghdad_kifah,,,0
2022-09-12,,,0,,,0,,,0,,,0,,,0,1479.25,1479.5,2,,,0,,,0,,,0,1480.0,1480.0,1,,,0,1480.75,1480.75,1,,,0,,,0,,,0,,,0,,,0,,,0,,,0,,,0,,,0,,,0,1479.25,1479.5,baghdad_kifah,,,0
2022-09-13,,,0,,,0,,,0,,,0,,,0,1479.5,1479.5,1,,,0,,,0,,,0,,,0,,,0,1480.0,1480.0,1,,,0,,,0,,,0,,,0,,,0,,,0,,,0,,,0,,,0,,,0,1479.5,1479.5,baghdad_kifah,,,0
2022-09-15,,,0,,,0,1477.5,1477.5,1,,,0,,,0,,,0,,,0,,,0,,,0,,,0,,,0,,,0,,,0,,,0,,,0,,,0,,,0,,,0,,,0,,,0,,,0,,,0,1477.5,1477.5,baghdad_generic,,,0
2022-09-19,,,0,,,0,,,0,,,0,,,0,1478.5,1478.5,1,,,0,,,0,,,0,1480.0,1480.0,1,,,0,1478.5,1478.5,1,,,0,,,0,,,0,,,0,,,0,,,0,,,0,,,0,,,0,,,0,1478.5,1478.5,baghdad_kifah,,,0
2022-09-20,,,0,,,0,,,0,,,0,,,0,1476.5,1476.0,2,,,0,,,0,,,0,1478.5,1478.5,1,,,0,1477.5,1477.5,1,,,0,,,0,,,0,,,0,,,0,,,0,,,0,,,0,,,0,,,0,1476.5,1476.0,baghdad_kifah,,,0
2022-09-21,,,0,,,0,,,0,,,0,,,0,1476.5,1476.5,1,,,0,,,0,,,0,1478.0,1478.0,1,,,0,1476.0,1476.0,1,,,0,,,0,,,0,,,0,1477.5,1477.5,1,,,0,,,0,,,0,,,0,,,0,1476.5,1476.5,baghdad_kifah,,,0
2022-09-22,,,0,,,0,,,0,,,0,,,0,1476.25,1476.25,1,,,0,,,0,,,0,1477.5,1477.5,1,,,0,1477.0,1477.0,1,,,0,,,0,,,0,,,0,,,0,,,0,,,0,,,0,,,0,,,0,1476.25,1476.25,baghdad_kifah,,,0
2022-09-25,,,0,,,0,,,0,,,0,,,0,1477.0,1477.0,1,,,0,,,0,,,0,1478.0,1478.0,1,,,0,1478.25,1478.25,1,,,0,,,0,,,0,,,0,,,0,,,0,,,0,,,0,,,0,,,0,1477.0,1477.0,baghdad_kifah,,,0
2022-09-26,,,0,,,0,,,0,,,0,,,0,1477.0,1477.0,1,,,0,,,0,,,0,1478.0,1478.0,1,,,0,1476.5,1476.5,1,,,0,,,0,,,0,,,0,,,0,,,0,,,0,,,0,,,0,,,0,1477.0,1477.0,baghdad_kifah,,,0
2022-09-27,,,0,,,0,,,0,,,0,,,0,1476.5,1474.5,3,,,0,,,0,,,0,1477.5,1477.5,1,,,0,1477.0,1477.0,1,,,0,,,0,,,0,,,0,,,0,,,0,,,0,,,0,,,0,,,0,1476.5,1474.5,baghdad_kifah,,,0
2022-09-28,,,0,,,0,,,0,,,0,,,0,1474.5,1474.5,1,,,0,,,0,,,0,1476.5,1476.5,1,,,0,1475.75,1475.75,1,,,0,,,0,,,0,,,0,,,0,,,0,,,0,,,0,,,0,,,0,1474.5,1474.5,baghdad_kifah,,,0
2022-09-29,,,0,,,0,,,0,,,0,,,0,1475.0,1473.5,2,,,0,,,0,,,0,1477.0,1477.0,1,,,0,1475.25,1475.25,1,,,0,,,0,,,0,,,0,,,0,,,0,,,0,,,0,,,0,,,0,1475.0,1473.5,baghdad_kifah,,,0
2022-10-02,,,0,,,0,,,0,,,0,,,0,1475.0,1475.0,1,,,0,,,0,,,0,1476.0,1476.0,1,,,0,1475.25,1475.25,1,,,0,,,0,,,0,,,0,,,0,,,0,,,0,,,0,,,0,,,0,1475.0,1475.0,baghdad_kifah,,,0
2022-10-03,,,0,,,0,,,0,,,0,,,0,1476.5,1476.5,1,,,0,,,0,,,0,1477.0,1477.0,1,,,0,1478.0,1478.0,1,,,0,,,0,,,0,,,0,,,0,,,0,,,0,,,0,,,0,,,0,1476.5,1476.5,baghdad_kifah,,,0
2022-10-04,,,0,,,0,,,0,,,0,,,0,1476.75,1476.75,1,,,0,,,0,,,0,1477.0,1477.0,1,,,0,1479.0,1479.0,1,,,0,,,0,,,0,,,0,,,0,,,0,,,0,,,0,,,0,,,0,1476.75,1476.75,baghdad_kifah,,,0
2022-10-05,,,0,,,0,,,0,,,0,,,0,1477.5,1477.5,1,,,0,,,0,,,0,1478.0,1478.0,1,,,0,1479.5,1479.5,1,,,0,,,0,,,0,,,0,,,0,,,0,,,0,,,0,,,0,,,0,1477.5,1477.5,baghdad_kifah,,,0
2022-10-06,,,0,,,0,,,0,,,0,,,0,1479.0,1479.0,1,,,0,,,0,,,0,1480.0,1480.0,1,,,0,1480.0,1480.0,1,,,0,,,0,,,0,,,0,,,0,,,0,,,0,,,0,,,0,,,0,1479.0,1479.0,baghdad_kifah,,,0
2022-10-09,1485.0,1485.0,1,,,0,,,0,,,0,,,0,1481.5,1482.0,2,,,0,,,0,,,0,1482.5,1482.5,2,,,0,1482.75,1483.25,2,,,0,,,0,,,0,,,0,,,0,1482.0,1482.0,1,,,0,1483.5,1483.5,1,,,0,,,0,1481.5,1482.0,baghdad_kifah,,,0
2022-10-10,,,0,,,0,,,0,,,0,,,0,1482.5,1481.25,2,,,0,,,0,,,0,1482.5,1482.0,2,,,0,1483.5,1483.0,2,,,0,,,0,,,0,,,0,,,0,,,0,,,0,,,0,,,0,,,0,1482.5,1481.25,baghdad_kifah,,,0
2022-10-11,,,0,,,0,,,0,,,0,,,0,1480.0,1478.75,2,,,0,,,0,,,0,1481.0,1481.0,1,,,0,1481.75,1481.75,1,,,0,,,0,,,0,,,0,,,0,,,0,,,0,,,0,,,0,,,0,1480.0,1478.75,baghdad_kifah,,,0
2022-10-12,,,0,,,0,,,0,,,0,,,0,1478.5,1478.5,1,,,0,,,0,,,0,1480.0,1480.0,1,,,0,1481.0,1481.0,1,,,0,,,0,,,0,,,0,,,0,,,0,,,0,,,0,,,0,,,0,1478.5,1478.5,baghdad_kifah,,,0
2022-10-13,,,0,,,0,,,0,,,0,,,0,1478.75,1478.75,2,,,0,,,0,,,0,1480.0,1480.0,1,,,0,1482.25,1482.25,1,,,0,,,0,,,0,,,0,,,0,,,0,,,0,,,0,,,0,,,0,1478.75,1478.75,baghdad_kifah,,,0
2022-10-16,,,0,,,0,,,0,,,0,,,0,1475.0,1475.0,1,,,0,,,0,,,0,1476.0,1476.0,1,,,0,1478.0,1478.0,1,,,0,,,0,,,0,,,0,,,0,,,0,,,0,,,0,,,0,,,0,1475.0,1475.0,baghdad_kifah,,,0
2022-10-17,,,0,,,0,,,0,,,0,,,0,1477.25,1477.25,1,,,0,,,0,,,0,1477.5,1477.5,1,,,0,1480.0,1480.0,1,,,0,,,0,,,0,,,0,,,0,,,0,,,0,,,0,,,0,,,0,1477.25,1477.25,baghdad_kifah,,,0
2022-10-18,,,0,,,0,,,0,,,0,,,0,1475.5,1475.5,1,,,0,,,0,,,0,1475.5,1475.5,1,,,0,1479.0,1479.0,1,,,0,,,0,,,0,,,0,,,0,,,0,,,0,,,0,,,0,,,0,1475.5,1475.5,baghdad_kifah,,,0
2022-10-19,,,0,,,0,,,0,,,0,,,0,1470.0,1467.0,3,,,0,,,0,,,0,1470.0,1470.0,1,,,0,1474.0,1474.0,1,,,0,,,0,,,0,,,0,,,0,,,0,,,0,,,0,,,0,,,0,1470.0,1467.0,baghdad_kifah,,,0
2022-10-20,,,0,,,0,,,0,,,0,,,0,1469.5,1469.5,1,,,0,,,0,,,0,,,0,,,0,,,0,,,0,,,0,,,0,,,0,,,0,,,0,,,0,,,0,,,0,,,0,1469.5,1469.5,baghdad_kifah,,,0
2022-10-23,,,0,,,0,,,0,,,0,,,0,1467.0,1467.0,1,,,0,,,0,,,0,1466.0,1466.0,1,,,0,1471.5,1471.5,1,,,0,,,0,,,0,,,0,,,0,,,0,,,0,,,0,,,0,,,0,1467.0,1467.0,baghdad_kifah,,,0
2022-10-24,,,0,,,0,,,0,,,0,,,0,1464.0,1454.0,4,,,0,,,0,,,0,1462.5,1462.5,1,,,0,1468.25,1468.25,1,,,0,,,0,,,0,,,0,,,0,,,0,,,0,,,0,,,0,,,0,1464.0,1454.0,baghdad_kifah,,,0
2022-10-25,,,0,,,0,,,0,,,0,,,0,1459.0,1459.0,3,,,0,,,0,,,0,1460.0,1460.0,1,,,0,1467.5,1467.5,1,,,0,,,0,,,0,,,0,,,0,,,0,,,0,,,0,,,0,,,0,1459.0,1459.0,baghdad_kifah,,,0
2022-10-26,,,0,,,0,1460.0,1460.0,1,,,0,,,0,1459.0,1459.0,1,,,0,,,0,,,0,1456.5,1456.5,1,,,0,1464.0,1464.0,1,,,0,,,0,,,0,,,0,,,0,,,0,,,0,,,0,,,0,,,0,1459.0,1459.0,baghdad_kifah,,,0
2022-10-27,,,0,,,0,,,0,,,0,,,0,1462.0,1466.0,2,,,0,,,0,,,0,1461.0,1461.0,1,,,0,1466.0,1466.0,1,,,0,,,0,,,0,,,0,,,0,,,0,,,0,,,0,,,0,,,0,1462.0,1466.0,baghdad_kifah,,,0
2022-10-30,,,0,,,0,,,0,,,0,,,0,1464.5,1462.5,3,,,0,,,0,,,0,1462.5,1462.5,1,,,0,1464.0,1464.0,1,,,0,,,0,,,0,,,0,,,0,,,0,,,0,,,0,,,0,,,0,1464.5,1462.5,baghdad_kifah,,,0
2022-10-31,,,0,,,0,,,0,,,0,,,0,1460.0,1459.5,2,,,0,,,0,,,0,1460.0,1460.0,1,,,0,1458.0,1458.0,1,,,0,,,0,,,0,,,0,,,0,,,0,,,0,,,0,,,0,,,0,1460.0,1459.5,baghdad_kifah,,,0
2022-11-01,,,0,,,0,,,0,,,0,,,0,1462.5,1462.5,1,,,0,,,0,,,0,1463.0,1463.0,1,,,0,1459.0,1459.0,1,,,0,,,0,,,0,,,0,,,0,,,0,,,0,,,0,,,0,,,0,1462.5,1462.5,baghdad_kifah,,,0
2022-11-02,,,0,,,0,,,0,,,0,,,0,1463.5,1465.5,2,,,0,,,0,,,0,1465.0,1465.0,1,,,0,1459.5,1459.5,1,,,0,,,0,,,0,,,0,,,0,,,0,,,0,,,0,,,0,,,0,1463.5,1465.5,baghdad_kifah,,,0
2022-11-03,,,0,,,0,,,0,,,0,,,0,1465.0,1464.0,3,,,0,,,0,,,0,1464.5,1464.5,1,,,0,1463.5,1463.5,1,,,0,,,0,,,0,,,0,,,0,,,0,,,0,,,0,,,0,,,0,1465.0,1464.0,baghdad_kifah,,,0
2022-11-06,,,0,,,0,,,0,,,0,,,0,1470.0,1470.0,1,,,0,,,0,,,0,1471.0,1471.0,1,,,0,,,0,,,0,,,0,,,0,,,0,,,0,,,0,,,0,,,0,,,0,,,0,1470.0,1470.0,baghdad_kifah,,,0
2022-11-07,,,0,,,0,,,0,,,0,,,0,1470.0,1469.0,2,,,0,,,0,,,0,1470.0,1470.0,1,,,0,,,0,,,0,,,0,,,0,,,0,,,0,,,0,,,0,,,0,,,0,,,0,1470.0,1469.0,baghdad_kifah,,,0
2022-11-08,,,0,,,0,,,0,,,0,,,0,1468.5,1468.5,1,,,0,,,0,,,0,1468.5,1468.5,1,,,0,,,0,,,0,,,0,,,0,,,0,,,0,,,0,,,0,,,0,,,0,,,0,1468.5,1468.5,baghdad_kifah,,,0
2022-11-09,,,0,,,0,,,0,,,0,,,0,1470.0,1470.0,1,,,0,,,0,,,0,1470.0,1470.0,1,,,0,,,0,,,0,,,0,,,0,,,0,,,0,,,0,,,0,,,0,,,0,,,0,1470.0,1470.0,baghdad_kifah,,,0
2022-11-10,,,0,,,0,,,0,,,0,,,0,1471.0,1473.0,2,,,0,,,0,,,0,1471.0,1471.0,1,,,0,,,0,,,0,,,0,,,0,,,0,,,0,,,0,,,0,,,0,,,0,,,0,1471.0,1473.0,baghdad_kifah,,,0
2022-11-13,,,0,,,0,,,0,,,0,,,0,1477.5,1477.5,1,,,0,,,0,,,0,1477.5,1477.5,1,,,0,1478.5,1478.5,1,,,0,,,0,,,0,,,0,,,0,,,0,,,0,,,0,,,0,,,0,1477.5,1477.5,baghdad_kifah,,,0
2022-11-14,,,0,,,0,,,0,,,0,,,0,1481.5,1482.5,2,,,0,,,0,,,0,1481.0,1481.0,1,,,0,1482.0,1482.0,1,,,0,,,0,,,0,,,0,,,0,,,0,,,0,,,0,,,0,,,0,1481.5,1482.5,baghdad_kifah,,,0
2022-11-15,,,0,,,0,,,0,,,0,,,0,1485.0,1485.0,1,,,0,,,0,,,0,,,0,,,0,,,0,,,0,,,0,,,0,,,0,,,0,,,0,,,0,,,0,,,0,,,0,1485.0,1485.0,baghdad_kifah,,,0
2022-11-16,,,0,,,0,,,0,,,0,,,0,1485.5,1485.5,1,,,0,,,0,,,0,1485.0,1485.0,1,,,0,1485.5,1485.5,1,,,0,,,0,,,0,,,0,,,0,,,0,,,0,,,0,,,0,,,0,1485.5,1485.5,baghdad_kifah,,,0
2022-11-17,,,0,,,0,,,0,,,0,,,0,1484.0,1484.0,1,,,0,,,0,,,0,1484.0,1484.0,1,,,0,1483.0,1483.0,1,,,0,,,0,,,0,,,0,,,0,,,0,,,0,,,0,,,0,,,0,1484.0,1484.0,baghdad_kifah,,,0
2022-11-20,,,0,,,0,,,0,,,0,,,0,1483.0,1484.5,3,,,0,,,0,,,0,1484.0,1484.0,1,,,0,1484.5,1484.5,1,,,0,,,0,,,0,,,0,,,0,,,0,,,0,,,0,,,0,,,0,1483.0,1484.5,baghdad_kifah,,,0
2022-11-21,,,0,,,0,,,0,,,0,,,0,1486.0,1486.0,1,,,0,,,0,,,0,1485.0,1485.0,1,,,0,1487.0,1487.0,1,,,0,,,0,,,0,,,0,,,0,,,0,,,0,,,0,,,0,,,0,1486.0,1486.0,baghdad_kifah,,,0
2022-11-22,,,0,,,0,1485.0,1485.0,1,,,0,,,0,1489.0,1487.25,2,,,0,,,0,,,0,1489.0,1489.0,1,,,0,1490.0,1490.0,1,,,0,,,0,,,0,,,0,,,0,,,0,,,0,,,0,,,0,,,0,1489.0,1487.25,baghdad_kifah,,,0
2022-11-23,,,0,,,0,1490.0,1490.0,1,,,0,,,0,1486.0,1486.0,1,,,0,,,0,,,0,1487.0,1487.0,1,,,0,1487.0,1487.0,1,,,0,,,0,,,0,,,0,,,0,,,0,,,0,,,0,,,0,,,0,1486.0,1486.0,baghdad_kifah,,,0
2022-11-24,,,0,,,0,,,0,,,0,,,0,1491.0,1488.5,2,,,0,,,0,,,0,1492.0,1492.0,1,,,0,1492.0,1492.0,1,,,0,,,0,,,0,,,0,,,0,,,0,,,0,,,0,,,0,,,0,1491.0,1488.5,baghdad_kifah,,,0
2022-11-27,,,0,,,0,,,0,,,0,,,0,1489.0,1494.0,2,,,0,,,0,,,0,1490.0,1490.0,1,,,0,1488.5,1488.5,1,,,0,,,0,,,0,,,0,1490.0,1490.0,1,,,0,,,0,,,0,,,0,,,0,1489.0,1494.0,baghdad_kifah,,,0
2022-11-28,,,0,,,0,,,0,,,0,,,0,1493.5,1495.5,2,,,0,,,0,,,0,1493.0,1493.0,1,,,0,1494.0,1494.0,1,,,0,,,0,,,0,,,0,,,0,,,0,,,0,,,0,,,0,,,0,1493.5,1495.5,baghdad_kifah,,,0
2022-11-29,,,0,,,0,,,0,,,0,,,0,1495.0,1494.0,2,,,0,,,0,,,0,1495.0,1495.0,1,,,0,1493.25,1493.25,1,,,0,,,0,,,0,,,0,,,0,,,0,,,0,,,0,,,0,,,0,1495.0,1494.0,baghdad_kifah,,,0
2022-11-30,,,0,,,0,,,0,,,0,,,0,1495.0,1495.0,2,,,0,,,0,,,0,1494.5,1494.5,1,,,0,1494.25,1494.25,1,,,0,,,0,,,0,,,0,,,0,,,0,,,0,,,0,,,0,,,0,1495.0,1495.0,baghdad_kifah,,,0
2022-12-01,,,0,,,0,,,0,,,0,,,0,1496.0,1495.5,2,,,0,,,0,,,0,1495.5,1495.5,1,,,0,1497.0,1497.0,1,,,0,,,0,,,0,,,0,,,0,,,0,,,0,,,0,,,0,,,0,1496.0,1495.5,baghdad_kifah,,,0
2022-12-04,,,0,,,0,1487.5,1487.5,1,,,0,,,0,1496.5,1497.0,2,,,0,,,0,,,0,1496.0,1496.0,1,,,0,1496.0,1496.0,1,,,0,,,0,,,0,,,0,,,0,,,0,,,0,,,0,,,0,,,0,1496.5,1497.0,baghdad_kifah,,,0
2022-12-05,,,0,,,0,1495.0,1495.0,1,,,0,,,0,1494.5,1494.5,2,,,0,,,0,,,0,1494.0,1494.0,1,,,0,1494.5,1494.5,1,,,0,,,0,,,0,,,0,,,0,,,0,,,0,,,0,,,0,,,0,1494.5,1494.5,baghdad_kifah,,,0
2022-12-06,,,0,,,0,,,0,,,0,,,0,1495.5,1496.0,2,,,0,,,0,,,0,1494.5,1494.5,1,,,0,1496.25,1496.25,1,,,0,,,0,,,0,,,0,,,0,,,0,,,0,,,0,,,0,,,0,1495.5,1496.0,baghdad_kifah,,,0
2022-12-07,,,0,,,0,,,0,,,0,,,0,1502.0,1505.5,4,,,0,,,0,,,0,1501.5,1501.5,1,,,0,1502.0,1502.0,1,,,0,,,0,,,0,,,0,,,0,,,0,,,0,,,0,,,0,,,0,1502.0,1505.5,baghdad_kifah,,,0
2022-12-08,,,0,,,0,,,0,,,0,,,0,1504.5,1506.0,2,,,0,,,0,,,0,1502.0,1502.0,1,,,0,1504.0,1504.0,1,,,0,,,0,,,0,,,0,,,0,,,0,,,0,,,0,,,0,,,0,1504.5,1506.0,baghdad_kifah,,,0
2022-12-11,,,0,,,0,1501.5,1501.5,1,,,0,,,0,1502.0,1502.0,1,,,0,,,0,,,0,1500.0,1500.0,1,,,0,1501.0,1501.0,1,,,0,,,0,,,0,,,0,,,0,,,0,,,0,,,0,,,0,,,0,1502.0,1502.0,baghdad_kifah,,,0
2022-12-12,,,0,,,0,,,0,,,0,,,0,1500.5,1502.5,2,,,0,,,0,,,0,,,0,,,0,,,0,,,0,,,0,,,0,,,0,,,0,,,0,,,0,,,0,,,0,,,0,1500.5,1502.5,baghdad_kifah,,,0
2022-12-13,,,0,,,0,,,0,,,0,,,0,1503.0,1512.0,2,,,0,,,0,,,0,1504.0,1504.0,1,,,0,1507.5,1507.5,1,,,0,,,0,,,0,,,0,,,0,,,0,,,0,,,0,,,0,,,0,1503.0,1512.0,baghdad_kifah,,,0
2022-12-14,,,0,,,0,,,0,,,0,,,0,1514.0,1519.0,3,,,0,,,0,,,0,1514.0,1514.0,1,,,0,1517.5,1517.5,1,,,0,,,0,,,0,,,0,,,0,,,0,,,0,,,0,,,0,,,0,1514.0,1519.0,baghdad_kifah,,,0
2022-12-15,,,0,,,0,,,0,,,0,,,0,1524.5,1522.0,2,,,0,,,0,,,0,1519.0,1519.0,1,,,0,1522.5,1522.5,1,,,0,,,0,,,0,,,0,,,0,,,0,,,0,,,0,,,0,,,0,1524.5,1522.0,baghdad_kifah,,,0
2022-12-18,,,0,,,0,,,0,,,0,,,0,1513.0,1513.0,1,,,0,,,0,,,0,1517.5,1517.5,1,,,0,1512.0,1512.0,1,,,0,,,0,,,0,,,0,,,0,,,0,,,0,,,0,,,0,,,0,1513.0,1513.0,baghdad_kifah,,,0
2022-12-19,,,0,,,0,,,0,,,0,,,0,1517.5,1517.5,1,,,0,,,0,,,0,1520.0,1520.0,1,,,0,1517.5,1517.5,1,,,0,,,0,,,0,,,0,,,0,,,0,,,0,,,0,,,0,,,0,1517.5,1517.5,baghdad_kifah,,,0
2022-12-20,,,0,,,0,,,0,,,0,,,0,1512.5,1513.5,3,,,0,,,0,,,0,1515.0,1515.0,1,,,0,1513.5,1513.5,1,,,0,,,0,,,0,,,0,,,0,,,0,,,0,,,0,,,0,,,0,1512.5,1513.5,baghdad_kifah,,,0
2022-12-21,,,0,,,0,,,0,,,0,,,0,1514.0,1516.5,2,,,0,,,0,,,0,1517.5,1517.5,1,,,0,1513.5,1513.5,1,,,0,,,0,,,0,,,0,,,0,,,0,,,0,,,0,,,0,,,0,1514.0,1516.5,baghdad_kifah,,,0
2022-12-22,,,0,,,0,1528.0,1528.0,1,,,0,,,0,1520.0,1527.0,2,,,0,,,0,,,0,1522.5,1522.5,1,,,0,1517.0,1517.0,1,,,0,,,0,,,0,,,0,,,0,,,0,,,0,,,0,,,0,,,0,1520.0,1527.0,baghdad_kifah,,,0
2022-12-25,,,0,,,0,1540.0,1540.0,1,,,0,,,0,1544.0,1544.0,1,,,0,,,0,,,0,1535.0,1535.0,1,,,0,1537.5,1537.5,1,,,0,,,0,,,0,,,0,,,0,,,0,,,0,,,0,,,0,,,0,1544.0,1544.0,baghdad_kifah,,,0
2022-12-26,,,0,,,0,,,0,1578.0,1578.0,1,,,0,1544.0,1576.0,6,,,0,,,0,,,0,1546.5,1546.5,1,,,0,1547.5,1547.5,1,,,0,,,0,,,0,,,0,,,0,,,0,,,0,,,0,,,0,,,0,1544.0,1576.0,baghdad_kifah,,,0
2022-12-27,,,0,,,0,1553.0,1553.0,1,,,0,,,0,1581.0,1581.0,5,,,0,,,0,,,0,1585.0,1585.0,1,,,0,1590.0,1590.0,1,,,0,,,0,,,0,,,0,,,0,,,0,,,0,,,0,,,0,,,0,1581.0,1581.0,baghdad_kifah,,,0
2022-12-28,,,0,,,0,1524.0,1524.0,1,,,0,,,0,1566.0,1530.0,4,,,0,,,0,,,0,1567.0,1567.0,1,,,0,1575.0,1575.0,1,,,0,,,0,,,0,,,0,,,0,,,0,,,0,,,0,,,0,,,0,1566.0,1530.0,baghdad_kifah,,,0
2022-12-29,,,0,,,0,,,0,,,0,,,0,1515.0,1531.0,3,,,0,,,0,,,0,,,0,,,0,,,0,,,0,,,0,,,0,,,0,,,0,,,0,,,0,,,0,,,0,,,0,1515.0,1531.0,baghdad_kifah,,,0
2023-01-01,,,0,,,0,1525.0,1525.0,1,,,0,,,0,,,0,,,0,,,0,,,0,,,0,,,0,,,0,,,0,,,0,,,0,,,0,,,0,,,0,,,0,,,0,,,0,,,0,1525.0,1525.0,baghdad_generic,,,0
2023-01-02,,,0,,,0,,,0,,,0,,,0,1529.5,1529.0,2,,,0,,,0,,,0,1532.5,1532.5,1,,,0,1529.0,1529.0,1,,,0,,,0,,,0,,,0,,,0,,,0,,,0,,,0,,,0,,,0,1529.5,1529.0,baghdad_kifah,,,0
2023-01-03,,,0,,,0,,,0,,,0,,,0,1531.0,1547.0,3,,,0,,,0,,,0,1527.0,1527.0,1,,,0,1530.0,1530.0,1,,,0,,,0,,,0,,,0,,,0,,,0,,,0,,,0,,,0,,,0,1531.0,1547.0,baghdad_kifah,,,0
2023-01-04,,,0,,,0,1560.0,1560.0,1,,,0,,,0,1561.0,1568.0,3,,,0,,,0,,,0,1558.5,1558.5,1,,,0,1558.0,1558.0,1,,,0,,,0,,,0,,,0,,,0,,,0,,,0,,,0,,,0,,,0,1561.0,1568.0,baghdad_kifah,,,0
2023-01-05,,,0,,,0,,,0,,,0,,,0,1564.0,1561.0,3,,,0,,,0,,,0,1567.5,1567.5,1,,,0,1562.5,1562.5,1,,,0,,,0,,,0,,,0,,,0,,,0,,,0,,,0,,,0,,,0,1564.0,1561.0,baghdad_kifah,,,0
2023-01-08,,,0,,,0,,,0,,,0,,,0,1560.0,1565.0,2,,,0,,,0,,,0,1565.0,1565.0,1,,,0,1558.5,1558.5,1,,,0,,,0,,,0,,,0,,,0,,,0,,,0,,,0,,,0,,,0,1560.0,1565.0,baghdad_kifah,,,0
2023-01-09,,,0,,,0,,,0,,,0,,,0,1574.0,1590.0,5,,,0,,,0,,,0,1577.5,1577.5,1,,,0,1570.0,1570.0,1,,,0,,,0,,,0,,,0,,,0,,,0,,,0,,,0,,,0,,,0,1574.0,1590.0,baghdad_kifah,,,0
2023-01-10,,,0,,,0,1598.0,1599.0,2,,,0,,,0,1595.0,1606.0,6,,,0,,,0,,,0,1600.0,1600.0,1,,,0,1593.0,1593.0,1,,,0,,,0,,,0,,,0,,,0,,,0,,,0,,,0,,,0,,,0,1595.0,1606.0,baghdad_kifah,,,0
2023-01-11,,,0,,,0,1576.5,1576.5,1,,,0,,,0,1597.0,1573.0,6,,,0,,,0,,,0,1600.0,1600.0,1,,,0,1595.0,1595.0,1,,,0,,,0,,,0,,,0,,,0,,,0,,,0,,,0,,,0,,,0,1597.0,1573.0,baghdad_kifah,,,0
2023-01-12,,,0,,,0,1578.0,1578.0,1,1578.0,1578.0,1,,,0,1572.0,1580.0,3,,,0,,,0,,,0,1577.5,1577.5,2,,,0,1572.5,1582.0,2,,,0,,,0,,,0,,,0,1582.0,1582.0,1,,,0,,,0,,,0,,,0,,,0,1572.0,1580.0,baghdad_kifah,,,0
2023-01-15,,,0,,,0,,,0,1583.0,1573.0,3,,,0,1581.0,1573.0,5,,,0,,,0,,,0,1580.0,1572.0,4,,,0,1577.5,1571.0,4,,,0,,,0,,,0,,,0,1585.0,1575.0,3,,,0,,,0,,,0,,,0,,,0,1581.0,1573.0,baghdad_kifah,,,0
2023-01-16,,,0,,,0,1600.0,1600.0,1,1574.0,1592.0,5,,,0,1574.0,1593.0,7,,,0,,,0,,,0,1572.5,1587.0,5,,,0,1573.0,1596.0,5,,,0,,,0,,,0,,,0,1576.0,1595.0,5,,,0,,,0,,,0,,,0,,,0,1574.0,1593.0,baghdad_kifah,,,0
2023-01-17,,,0,,,0,1605.0,1605.0,1,1595.0,1603.5,5,,,0,1596.0,1603.0,5,,,0,,,0,,,0,1599.0,1602.0,3,,,0,1606.0,1608.0,6,,,0,,,0,,,0,,,0,1598.0,1605.0,5,,,0,,,0,,,0,,,0,,,0,1596.0,1603.0,baghdad_kifah,,,0
2023-01-18,,,0,,,0,,,0,1605.0,1624.0,8,,,0,1605.0,1622.0,10,,,0,,,0,,,0,1606.0,1611.0,9,,,0,1601.0,1624.0,10,,,0,,,0,,,0,,,0,1607.0,1627.0,8,,,0,,,0,,,0,,,0,,,0,1605.0,1622.0,baghdad_kifah,,,0
2023-01-19,,,0,,,0,,,0,1631.0,1650.0,8,,,0,1630.0,1657.0,12,,,0,,,0,,,0,1630.0,1645.0,8,,,0,1635.0,1652.0,8,,,0,,,0,,,0,,,0,1635.0,1655.0,8,,,0,,,0,,,0,,,0,,,0,1630.0,1657.0,baghdad_kifah,,,0
2023-01-22,,,0,,,0,1644.0,1641.0,2,1652.0,1652.0,1,,,0,,,0,,,0,,,0,,,0,1635.0,1635.0,1,,,0,1650.0,1658.0,4,,,0,,,0,,,0,,,0,,,0,,,0,,,0,,,0,,,0,,,0,1644.0,1641.0,baghdad_generic,,,0
2023-01-23,,,0,,,0,1599.0,1583.0,4,,,0,,,0,,,0,,,0,,,0,,,0,,,0,,,0,,,0,,,0,,,0,,,0,,,0,,,0,,,0,,,0,,,0,,,0,,,0,1599.0,1583.0,baghdad_generic,,,0
2023-01-24,,,0,,,0,1590.0,1590.0,1,,,0,,,0,,,0,,,0,,,0,,,0,1612.0,1612.0,1,,,0,1612.5,1612.5,1,,,0,,,0,,,0,,,0,,,0,,,0,,,0,,,0,,,0,,,0,1590.0,1590.0,baghdad_generic,,,0
2023-01-25,,,0,,,0,,,0,,,0,,,0,1610.0,1609.0,2,,,0,,,0,,,0,1605.0,1605.0,1,,,0,1622.5,1620.0,2,,,0,,,0,,,0,,,0,,,0,,,0,,,0,,,0,,,0,,,0,1610.0,1609.0,baghdad_kifah,,,0
2023-01-29,,,0,,,0,1655.0,1655.0,1,,,0,,,0,,,0,,,0,,,0,,,0,1653.0,1653.0,1,,,0,1662.5,1662.5,1,,,0,1663.0,1663.0,1,,,0,1662.0,1662.0,1,1661.0,1661.0,1,,,0,,,0,1662.0,1662.0,1,,,0,,,0,1655.0,1655.0,baghdad_generic,,,0
2023-01-30,,,0,,,0,,,0,,,0,,,0,1665.0,1665.0,1,,,0,,,0,,,0,1665.0,1665.0,1,,,0,1675.0,1675.0,1,,,0,,,0,,,0,,,0,,,0,,,0,,,0,,,0,,,0,,,0,1665.0,1665.0,baghdad_kifah,,,0
2023-01-31,,,0,,,0,1685.0,1685.0,3,,,0,,,0,,,0,,,0,,,0,,,0,1679.5,1680.0,3,,,0,1690.0,1681.0,3,,,0,,,0,,,0,,,0,,,0,,,0,,,0,,,0,,,0,,,0,1685.0,1685.0,baghdad_generic,,,0
2023-02-01,,,0,,,0,1681.0,1686.0,4,,,0,,,0,,,0,,,0,,,0,,,0,1683.0,1686.0,4,,,0,1679.0,1685.5,4,,,0,,,0,,,0,,,0,,,0,,,0,,,0,,,0,,,0,,,0,1681.0,1686.0,baghdad_generic,,,0
2023-02-02,,,0,,,0,1705.0,1705.0,1,,,0,,,0,,,0,,,0,,,0,,,0,1704.0,1704.0,1,,,0,1706.0,1706.0,1,,,0,,,0,,,0,,,0,,,0,,,0,,,0,,,0,,,0,,,0,1705.0,1705.0,baghdad_generic,,,0
2023-02-06,,,0,,,0,1645.0,1609.0,3,,,0,,,0,,,0,,,0,,,0,,,0,1650.0,1610.0,2,,,0,1660.0,1637.0,2,,,0,,,0,,,0,,,0,,,0,,,0,,,0,,,0,,,0,,,0,1645.0,1609.0,baghdad_generic,,,0
2023-02-07,,,0,,,0,1580.0,1557.0,5,,,0,,,0,,,0,,,0,,,0,,,0,1580.0,1590.0,2,,,0,1605.0,1585.0,2,,,0,,,0,,,0,,,0,,,0,,,0,,,0,,,0,,,0,,,0,1580.0,1557.0,baghdad_generic,,,0
2023-02-08,,,0,,,0,1455.0,1455.0,1,,,0,,,0,,,0,,,0,,,0,,,0,,,0,,,0,,,0,,,0,,,0,,,0,,,0,,,0,,,0,,,0,,,0,,,0,,,0,1455.0,1455.0,baghdad_generic,,,0
2023-02-09,,,0,,,0,1480.0,1478.0,2,,,0,,,0,,,0,,,0,,,0,,,0,1475.0,1475.0,1,,,0,1507.5,1507.5,1,,,0,,,0,,,0,,,0,,,0,,,0,,,0,,,0,,,0,,,0,1480.0,1478.0,baghdad_generic,,,0
2023-02-20,1538.0,1538.0,1,,,0,1534.0,1534.0,1,,,0,,,0,,,0,,,0,,,0,1538.0,1538.0,1,1536.0,1536.0,1,1538.0,1538.0,1,1539.0,1539.0,1,,,0,1538.0,1538.0,1,1538.0,1538.0,1,1538.0,1538.0,1,1538.0,1538.0,1,,,0,,,0,1538.0,1538.0,1,1538.0,1538.0,1,,,0,1534.0,1534.0,baghdad_generic,,,0
2023-02-26,,,0,,,0,,,0,1522.0,1525.0,2,,,0,1522.0,1525.0,2,,,0,,,0,,,0,1529.0,1527.0,2,,,0,1530.0,1532.0,2,,,0,,,0,,,0,,,0,,,0,,,0,,,0,,,0,,,0,,,0,1522.0,1525.0,baghdad_kifah,,,0
2023-02-27,,,0,,,0,,,0,1535.0,1540.0,4,,,0,1537.0,1540.0,4,,,0,,,0,,,0,1539.0,1542.0,4,,,0,1546.5,1550.0,4,,,0,,,0,,,0,,,0,,,0,,,0,,,0,,,0,,,0,,,0,1537.0,1540.0,baghdad_kifah,,,0
2023-02-28,,,0,,,0,,,0,1540.0,1540.0,1,,,0,1540.0,1540.0,1,,,0,,,0,,,0,1542.0,1542.0,1,,,0,1551.0,1551.0,1,,,0,,,0,,,0,,,0,,,0,,,0,,,0,,,0,,,0,,,0,1540.0,1540.0,baghdad_kifah,,,0
2023-03-01,,,0,,,0,1555.0,1555.0,1,,,0,,,0,,,0,,,0,,,0,,,0,,,0,,,0,,,0,,,0,,,0,,,0,,,0,,,0,,,0,,,0,,,0,,,0,,,0,1555.0,1555.0,baghdad_generic,,,0
2023-03-02,,,0,,,0,1564.0,1564.0,1,1553.0,1553.0,1,,,0,1553.0,1553.0,1,,,0,,,0,,,0,1555.0,1555.0,1,,,0,1560.0,1560.0,1,,,0,,,0,,,0,,,0,,,0,,,0,,,0,,,0,,,0,,,0,1553.0,1553.0,baghdad_kifah,,,0
2023-03-05,,,0,,,0,,,0,1567.0,1567.0,1,,,0,1568.0,1568.0,1,,,0,,,0,,,0,1563.0,1563.0,1,,,0,1572.0,1572.0,1,,,0,,,0,,,0,,,0,,,0,,,0,,,0,,,0,,,0,,,0,1568.0,1568.0,baghdad_kifah,,,0
2023-03-07,,,0,,,0,,,0,1578.0,1578.0,1,,,0,1578.0,1578.0,1,,,0,,,0,,,0,1576.0,1576.0,1,,,0,1579.0,1579.0,1,,,0,,,0,,,0,,,0,,,0,,,0,,,0,,,0,,,0,,,0,1578.0,1578.0,baghdad_kifah,,,0
2023-03-08,,,0,,,0,,,0,1578.0,1578.0,1,,,0,1578.0,1578.0,1,,,0,,,0,,,0,1576.0,1576.0,1,,,0,1579.5,1579.5,1,,,0,,,0,,,0,,,0,,,0,,,0,,,0,,,0,,,0,,,0,1578.0,1578.0,baghdad_kifah,,,0
2023-03-12,,,0,,,0,,,0,1570.0,1570.0,1,,,0,1570.0,1570.0,1,,,0,,,0,,,0,1572.5,1572.5,1,,,0,1575.0,1575.0,1,,,0,,,0,,,0,,,0,,,0,,,0,,,0,,,0,,,0,,,0,1570.0,1570.0,baghdad_kifah,,,0
2023-03-13,,,0,,,0,,,0,1566.0,1566.0,1,,,0,1565.0,1565.0,1,,,0,,,0,,,0,1568.0,1568.0,1,,,0,1567.0,1567.0,1,,,0,,,0,,,0,,,0,,,0,,,0,,,0,,,0,,,0,,,0,1565.0,1565.0,baghdad_kifah,,,0
2023-03-14,,,0,,,0,,,0,1532.0,1532.0,1,,,0,1552.0,1552.0,1,,,0,,,0,,,0,1557.0,1557.0,1,,,0,1553.5,1553.5,1,,,0,,,0,,,0,,,0,,,0,,,0,,,0,,,0,,,0,,,0,1552.0,1552.0,baghdad_kifah,,,0
2023-03-15,,,0,,,0,1569.5,1569.5,1,,,0,,,0,,,0,,,0,,,0,,,0,,,0,,,0,,,0,,,0,,,0,,,0,,,0,,,0,,,0,,,0,,,0,,,0,,,0,1569.5,1569.5,baghdad_generic,,,0
2023-03-16,,,0,,,0,1565.0,1565.0,1,,,0,,,0,,,0,,,0,,,0,,,0,,,0,,,0,,,0,,,0,,,0,,,0,,,0,,,0,,,0,,,0,,,0,,,0,,,0,1565.0,1565.0,baghdad_generic,,,0
2023-03-19,,,0,,,0,1562.5,1562.5,1,,,0,,,0,,,0,,,0,,,0,,,0,,,0,,,0,,,0,,,0,,,0,,,0,,,0,,,0,,,0,,,0,,,0,,,0,,,0,1562.5,1562.5,baghdad_generic,,,0
2023-03-22,,,0,,,0,1557.5,1561.0,2,,,0,,,0,1560.0,1560.0,1,,,0,,,0,,,0,1560.0,1561.5,2,,,0,1563.0,1563.0,1,,,0,,,0,,,0,,,0,,,0,,,0,,,0,,,0,,,0,,,0,1560.0,1560.0,baghdad_kifah,,,0
2023-03-27,,,0,,,0,1550.0,1550.0,1,,,0,,,0,,,0,,,0,,,0,,,0,,,0,,,0,,,0,,,0,,,0,,,0,,,0,,,0,,,0,,,0,,,0,,,0,,,0,1550.0,1550.0,baghdad_generic,,,0
2023-03-28,,,0,,,0,1544.0,1541.0,2,,,0,,,0,1549.0,1549.0,1,,,0,,,0,,,0,1547.0,1547.0,1,,,0,1547.0,1545.0,3,,,0,,,0,,,0,,,0,,,0,,,0,,,0,,,0,,,0,,,0,1549.0,1549.0,baghdad_kifah,,,0
2023-03-29,,,0,,,0,1534.0,1529.0,2,,,0,,,0,,,0,,,0,,,0,,,0,1540.0,1540.0,1,,,0,1537.0,1535.0,2,,,0,,,0,,,0,,,0,,,0,,,0,,,0,,,0,,,0,,,0,1534.0,1529.0,baghdad_generic,,,0
2023-03-30,,,0,,,0,1520.0,1523.0,3,,,0,,,0,,,0,,,0,,,0,1524.5,1524.5,1,1522.0,1524.0,2,1525.5,1525.5,1,1525.0,1525.0,2,,,0,1524.5,1524.5,1,1525.0,1525.0,1,1521.5,1521.5,1,1524.5,1524.5,1,,,0,,,0,1524.5,1524.5,1,1524.0,1524.0,1,,,0,1520.0,1523.0,baghdad_generic,,,0
2023-04-02,,,0,,,0,1490.0,1490.0,1,,,0,,,0,1490.0,1490.0,1,,,0,,,0,,,0,1493.5,1490.0,2,,,0,1494.0,1494.0,3,,,0,,,0,,,0,,,0,,,0,,,0,,,0,,,0,,,0,,,0,1490.0,1490.0,baghdad_kifah,,,0
2023-04-03,,,0,,,0,1494.5,1492.5,2,,,0,,,0,,,0,,,0,,,0,,,0,1493.0,1493.0,1,,,0,1493.0,1496.0,2,,,0,,,0,,,0,,,0,,,0,,,0,,,0,,,0,,,0,,,0,1494.5,1492.5,baghdad_generic,,,0
2023-04-04,,,0,,,0,1502.0,1502.0,1,,,0,,,0,,,0,,,0,,,0,,,0,1503.0,1503.0,1,,,0,1502.5,1502.5,1,,,0,,,0,,,0,,,0,,,0,,,0,,,0,,,0,,,0,,,0,1502.0,1502.0,baghdad_generic,,,0
2023-04-05,1500.5,1500.5,1,,,0,1499.0,1500.0,3,,,0,,,0,,,0,,,0,,,0,1500.5,1500.5,1,1500.0,1500.0,1,1500.5,1500.5,1,1500.0,1499.0,2,,,0,1500.0,1500.0,1,1500.0,1500.0,1,1500.5,1500.5,1,1499.5,1499.5,1,,,0,,,0,1500.5,1500.5,1,1501.5,1501.5,1,,,0,1499.0,1500.0,baghdad_generic,,,0
2023-04-06,,,0,,,0,1495.0,1490.0,3,,,0,,,0,,,0,,,0,,,0,,,0,1496.0,1496.0,1,,,0,1491.0,1493.0,2,,,0,,,0,,,0,,,0,,,0,,,0,,,0,,,0,,,0,,,0,1495.0,1490.0,baghdad_generic,,,0
2023-04-09,,,0,,,0,1471.0,1453.0,4,,,0,,,0,,,0,,,0,,,0,,,0,1466.0,1466.0,1,,,0,1469.0,1443.5,4,,,0,,,0,,,0,,,0,,,0,,,0,,,0,,,0,,,0,,,0,1471.0,1453.0,baghdad_generic,,,0
2023-04-10,,,0,,,0,1447.5,1442.0,4,,,0,,,0,,,0,,,0,,,0,,,0,1447.5,1448.0,2,,,0,1437.0,1430.0,3,,,0,,,0,,,0,,,0,,,0,,,0,,,0,,,0,,,0,,,0,1447.5,1442.0,baghdad_generic,,,0
2023-04-11,,,0,,,0,1443.0,1449.0,2,,,0,,,0,,,0,,,0,,,0,,,0,1450.0,1450.0,1,,,0,1436.0,1448.0,2,,,0,,,0,,,0,,,0,,,0,,,0,,,0,,,0,,,0,,,0,1443.0,1449.0,baghdad_generic,,,0
2023-04-12,,,0,,,0,1455.0,1449.0,2,,,0,,,0,,,0,,,0,,,0,,,0,,,0,,,0,1450.0,1442.5,2,,,0,,,0,,,0,,,0,,,0,,,0,,,0,,,0,,,0,,,0,1455.0,1449.0,baghdad_generic,,,0
2023-04-13,,,0,,,0,1447.0,1445.0,2,,,0,,,0,,,0,,,0,,,0,,,0,1451.0,1451.0,1,,,0,1439.0,1438.0,3,,,0,,,0,,,0,,,0,,,0,,,0,,,0,,,0,,,0,,,0,1447.0,1445.0,baghdad_generic,,,0
2023-04-16,,,0,,,0,1436.0,1435.0,2,,,0,,,0,,,0,,,0,,,0,,,0,1439.0,1439.0,1,,,0,1434.0,1434.0,1,,,0,,,0,,,0,,,0,,,0,,,0,,,0,,,0,,,0,,,0,1436.0,1435.0,baghdad_generic,,,0
2023-04-17,,,0,,,0,1442.5,1442.5,1,,,0,,,0,,,0,,,0,,,0,,,0,,,0,,,0,1446.0,1446.0,1,,,0,,,0,,,0,,,0,,,0,,,0,,,0,,,0,,,0,,,0,1442.5,1442.5,baghdad_generic,,,0
2023-04-18,,,0,,,0,1442.5,1442.5,1,,,0,,,0,,,0,,,0,,,0,,,0,1446.0,1446.0,1,,,0,1446.0,1446.0,1,,,0,,,0,,,0,,,0,,,0,,,0,,,0,,,0,,,0,,,0,1442.5,1442.5,baghdad_generic,,,0
2023-04-19,,,0,,,0,1434.0,1434.0,1,,,0,,,0,,,0,,,0,,,0,,,0,,,0,,,0,1435.0,1435.0,1,,,0,,,0,,,0,,,0,,,0,,,0,,,0,,,0,,,0,,,0,1434.0,1434.0,baghdad_generic,,,0
2023-04-20,,,0,,,0,1432.0,1432.0,1,,,0,,,0,,,0,,,0,,,0,,,0,1434.0,1434.0,1,,,0,1432.0,1432.0,1,,,0,,,0,,,0,,,0,,,0,,,0,,,0,,,0,,,0,,,0,1432.0,1432.0,baghdad_generic,,,0
2023-04-24,,,0,,,0,1431.0,1428.0,2,,,0,,,0,,,0,,,0,,,0,,,0,1430.0,1430.0,1,,,0,1431.0,1431.0,1,,,0,,,0,,,0,,,0,,,0,,,0,,,0,,,0,,,0,,,0,1431.0,1428.0,baghdad_generic,,,0
2023-04-25,,,0,,,0,1423.0,1399.0,7,,,0,,,0,,,0,,,0,,,0,,,0,1425.0,1408.0,2,,,0,1426.0,1410.0,6,,,0,,,0,,,0,,,0,,,0,,,0,,,0,,,0,,,0,,,0,1423.0,1399.0,baghdad_generic,,,0
2023-04-26,,,0,,,0,1412.0,1412.0,1,,,0,,,0,,,0,,,0,,,0,,,0,,,0,,,0,,,0,,,0,,,0,,,0,,,0,,,0,,,0,,,0,,,0,,,0,,,0,1412.0,1412.0,baghdad_generic,,,0
2023-04-27,,,0,,,0,1416.5,1416.5,1,,,0,,,0,,,0,,,0,,,0,,,0,,,0,,,0,1419.0,1419.0,1,,,0,,,0,,,0,,,0,,,0,,,0,,,0,,,0,,,0,,,0,1416.5,1416.5,baghdad_generic,,,0
2023-04-30,,,0,,,0,1416.0,1416.0,1,,,0,,,0,,,0,,,0,,,0,,,0,,,0,,,0,1423.0,1423.0,1,,,0,,,0,,,0,,,0,,,0,,,0,,,0,,,0,,,0,,,0,1416.0,1416.0,baghdad_generic,,,0
2023-05-01,,,0,,,0,1423.0,1419.0,3,,,0,,,0,,,0,,,0,,,0,,,0,1422.5,1420.0,2,,,0,1424.0,1422.0,2,,,0,,,0,,,0,,,0,,,0,,,0,,,0,,,0,,,0,,,0,1423.0,1419.0,baghdad_generic,,,0
2023-05-02,,,0,,,0,1422.0,1429.0,2,,,0,,,0,,,0,,,0,,,0,,,0,1422.5,1427.5,2,,,0,1426.0,1432.0,2,,,0,,,0,,,0,,,0,,,0,,,0,,,0,,,0,,,0,,,0,1422.0,1429.0,baghdad_generic,,,0
2023-05-03,,,0,,,0,1436.0,1436.0,1,,,0,,,0,,,0,,,0,,,0,,,0,,,0,,,0,1439.0,1439.0,1,,,0,,,0,,,0,,,0,,,0,,,0,,,0,,,0,,,0,,,0,1436.0,1436.0,baghdad_generic,,,0
2023-05-04,,,0,,,0,1452.0,1441.0,3,,,0,,,0,,,0,,,0,,,0,,,0,,,0,,,0,,,0,,,0,,,0,,,0,,,0,,,0,,,0,,,0,,,0,,,0,,,0,1452.0,1441.0,baghdad_generic,,,0
2023-05-07,,,0,,,0,1440.0,1443.5,2,,,0,,,0,,,0,,,0,,,0,,,0,1443.0,1443.0,1,,,0,1446.5,1446.5,1,,,0,,,0,,,0,,,0,,,0,,,0,,,0,,,0,,,0,,,0,1440.0,1443.5,baghdad_generic,,,0
2023-05-08,,,0,,,0,1447.0,1447.0,1,,,0,,,0,,,0,,,0,,,0,,,0,,,0,,,0,,,0,,,0,,,0,,,0,,,0,,,0,,,0,,,0,,,0,,,0,,,0,1447.0,1447.0,baghdad_generic,,,0
2023-05-09,,,0,,,0,1451.0,1448.0,2,1448.0,1448.0,1,,,0,1448.0,1448.0,1,,,0,,,0,,,0,1451.0,1451.0,1,,,0,1453.5,1453.5,2,,,0,,,0,,,0,,,0,,,0,,,0,,,0,,,0,,,0,,,0,1448.0,1448.0,baghdad_kifah,,,0
2023-05-10,,,0,,,0,1456.0,1464.0,4,,,0,,,0,,,0,,,0,,,0,,,0,1459.0,1461.0,2,,,0,1465.0,1475.0,4,,,0,,,0,,,0,,,0,,,0,,,0,,,0,,,0,,,0,,,0,1456.0,1464.0,baghdad_generic,,,0
2023-05-11,,,0,,,0,1469.0,1457.5,4,,,0,,,0,,,0,,,0,,,0,,,0,1469.0,1456.5,2,,,0,1477.0,1466.0,4,,,0,,,0,,,0,,,0,,,0,,,0,,,0,,,0,,,0,,,0,1469.0,1457.5,baghdad_generic,,,0
2023-05-14,,,0,,,0,1460.0,1460.0,1,,,0,,,0,,,0,,,0,,,0,,,0,1461.0,1461.0,1,,,0,1467.5,1467.5,1,,,0,,,0,,,0,,,0,,,0,,,0,,,0,,,0,,,0,,,0,1460.0,1460.0,baghdad_generic,,,0
2023-05-15,,,0,,,0,1468.0,1463.0,2,1465.0,1465.0,1,,,0,1465.0,1465.0,1,,,0,,,0,,,0,1465.0,1465.0,1,,,0,1471.0,1471.0,1,,,0,,,0,,,0,,,0,,,0,,,0,,,0,,,0,,,0,,,0,1465.0,1465.0,baghdad_kifah,,,0
2023-05-16,,,0,,,0,,,0,1452.0,1452.0,1,,,0,1452.0,1452.0,1,,,0,,,0,,,0,1456.0,1456.0,1,,,0,1457.5,1457.5,1,,,0,,,0,,,0,,,0,,,0,,,0,,,0,,,0,,,0,,,0,1452.0,1452.0,baghdad_kifah,,,0
2023-05-17,,,0,,,0,1439.0,1439.0,1,,,0,,,0,,,0,,,0,,,0,,,0,1439.0,1439.0,1,,,0,1442.5,1442.5,1,,,0,,,0,,,0,,,0,,,0,,,0,,,0,,,0,,,0,,,0,1439.0,1439.0,baghdad_generic,,,0
2023-05-18,,,0,,,0,1443.0,1443.0,1,,,0,,,0,,,0,,,0,,,0,,,0,,,0,,,0,,,0,,,0,,,0,,,0,,,0,,,0,,,0,,,0,,,0,,,0,,,0,1443.0,1443.0,baghdad_generic,,,0
2023-05-21,,,0,,,0,1450.0,1465.5,3,,,0,,,0,,,0,,,0,,,0,,,0,,,0,,,0,1470.0,1469.5,2,,,0,,,0,,,0,,,0,,,0,,,0,,,0,,,0,,,0,,,0,1450.0,1465.5,baghdad_generic,,,0
2023-05-22,,,0,,,0,1468.5,1452.0,3,,,0,,,0,,,0,,,0,,,0,,,0,1462.0,1462.0,1,,,0,1465.0,1459.0,2,,,0,,,0,,,0,,,0,,,0,,,0,,,0,,,0,,,0,,,0,1468.5,1452.0,baghdad_generic,,,0
2023-05-23,,,0,,,0,1457.0,1457.0,1,,,0,,,0,,,0,,,0,,,0,,,0,1455.0,1455.0,1,,,0,1463.5,1463.5,1,,,0,,,0,,,0,,,0,,,0,,,0,,,0,,,0,,,0,,,0,1457.0,1457.0,baghdad_generic,,,0
2023-05-24,,,0,,,0,,,0,1461.0,1457.0,3,,,0,1461.0,1458.0,3,,,0,,,0,,,0,1461.0,1458.0,3,,,0,1468.0,1465.0,3,,,0,,,0,,,0,,,0,,,0,,,0,,,0,,,0,,,0,,,0,1461.0,1458.0,baghdad_kifah,,,0
2023-05-25,,,0,,,0,1458.0,1461.0,2,,,0,,,0,,,0,,,0,,,0,,,0,1458.0,1458.0,1,,,0,1462.0,1465.0,2,,,0,,,0,,,0,,,0,,,0,,,0,,,0,,,0,,,0,,,0,1458.0,1461.0,baghdad_generic,,,0
2023-05-28,,,0,,,0,1462.5,1464.0,3,,,0,,,0,,,0,,,0,,,0,,,0,1463.5,1463.5,1,,,0,1468.5,1468.5,1,,,0,,,0,,,0,,,0,,,0,,,0,,,0,,,0,,,0,,,0,1462.5,1464.0,baghdad_generic,,,0
2023-05-29,,,0,,,0,1467.0,1469.0,2,,,0,,,0,,,0,,,0,,,0,,,0,1466.0,1466.0,1,,,0,1471.0,1472.0,2,,,0,,,0,,,0,,,0,,,0,,,0,,,0,,,0,,,0,,,0,1467.0,1469.0,baghdad_generic,,,0
2023-05-30,,,0,,,0,1465.0,1465.0,1,,,0,,,0,,,0,,,0,,,0,,,0,1465.0,1465.0,1,,,0,1468.0,1468.0,1,,,0,,,0,,,0,,,0,,,0,,,0,,,0,,,0,,,0,,,0,1465.0,1465.0,baghdad_generic,,,0
2023-05-31,,,0,,,0,1464.0,1464.0,1,1463.0,1463.0,1,,,0,1464.0,1464.0,1,1464.0,1464.0,1,,,0,,,0,1465.0,1465.0,1,,,0,1467.5,1467.5,1,,,0,,,0,,,0,,,0,,,0,,,0,,,0,,,0,,,0,,,0,1464.0,1464.0,baghdad_kifah,,,0
2023-06-04,,,0,,,0,1470.0,1474.0,4,,,0,,,0,,,0,,,0,,,0,,,0,,,0,,,0,1473.5,1476.0,3,,,0,,,0,,,0,,,0,,,0,,,0,,,0,,,0,,,0,,,0,1470.0,1474.0,baghdad_generic,,,0
2023-06-05,,,0,,,0,,,0,1480.0,1480.0,1,,,0,1480.0,1480.0,1,,,0,,,0,,,0,1480.0,1480.0,1,,,0,1481.0,1481.0,1,,,0,,,0,,,0,,,0,,,0,,,0,,,0,,,0,,,0,,,0,1480.0,1480.0,baghdad_kifah,,,0
2023-06-06,,,0,,,0,,,0,1476.0,1476.0,1,,,0,1475.5,1475.5,1,,,0,,,0,,,0,1474.0,1474.0,1,,,0,1476.0,1476.0,1,,,0,,,0,,,0,,,0,,,0,,,0,,,0,,,0,,,0,,,0,1475.5,1475.5,baghdad_kifah,,,0
2023-06-07,,,0,,,0,,,0,1479.5,1479.5,1,,,0,1480.0,1480.0,1,,,0,,,0,,,0,1477.5,1477.5,1,,,0,1479.0,1479.0,1,,,0,,,0,,,0,,,0,,,0,,,0,,,0,,,0,,,0,,,0,1480.0,1480.0,baghdad_kifah,,,0
2023-06-08,,,0,,,0,,,0,1470.0,1470.0,1,,,0,1473.0,1473.0,1,,,0,,,0,,,0,,,0,,,0,1471.0,1471.0,1,,,0,,,0,,,0,,,0,,,0,,,0,,,0,,,0,,,0,,,0,1473.0,1473.0,baghdad_kifah,,,0
2023-06-11,,,0,,,0,,,0,1460.0,1461.5,2,,,0,1460.0,1460.0,2,,,0,,,0,,,0,1458.0,1460.0,2,,,0,1459.0,1463.0,2,,,0,,,0,,,0,,,0,,,0,,,0,,,0,,,0,,,0,,,0,1460.0,1460.0,baghdad_kifah,,,0
2023-06-12,,,0,,,0,,,0,1466.5,1466.5,1,,,0,1466.5,1466.5,1,,,0,,,0,,,0,1467.0,1467.0,1,,,0,1469.5,1469.5,1,,,0,,,0,,,0,,,0,,,0,,,0,,,0,,,0,,,0,,,0,1466.5,1466.5,baghdad_kifah,,,0
2023-06-13,,,0,,,0,1464.5,1466.5,3,,,0,,,0,,,0,,,0,,,0,,,0,1465.0,1467.0,2,,,0,1468.0,1469.0,3,,,0,,,0,,,0,,,0,,,0,,,0,,,0,,,0,,,0,,,0,1464.5,1466.5,baghdad_generic,,,0
2023-06-14,,,0,,,0,1470.0,1470.0,1,,,0,,,0,,,0,,,0,,,0,,,0,1470.0,1470.0,1,,,0,1473.0,1473.0,1,,,0,,,0,,,0,,,0,,,0,,,0,,,0,,,0,,,0,,,0,1470.0,1470.0,baghdad_generic,,,0
2023-06-15,,,0,,,0,1472.0,1469.0,3,,,0,,,0,,,0,,,0,,,0,,,0,1472.0,1468.5,2,,,0,1474.0,1471.5,3,,,0,,,0,,,0,,,0,,,0,,,0,,,0,,,0,,,0,,,0,1472.0,1469.0,baghdad_generic,,,0
2023-06-19,,,0,,,0,1466.0,1462.5,2,,,0,,,0,,,0,,,0,,,0,,,0,,,0,,,0,1464.0,1464.0,1,,,0,,,0,,,0,,,0,,,0,,,0,,,0,,,0,,,0,,,0,1466.0,1462.5,baghdad_generic,,,0
2023-06-20,,,0,,,0,1457.5,1457.5,1,,,0,,,0,,,0,,,0,,,0,,,0,1459.0,1459.0,1,,,0,1458.0,1458.0,1,,,0,,,0,,,0,,,0,,,0,,,0,,,0,,,0,,,0,,,0,1457.5,1457.5,baghdad_generic,,,0
2023-06-21,,,0,,,0,1464.5,1464.5,1,,,0,,,0,,,0,,,0,,,0,,,0,,,0,,,0,1465.5,1465.5,1,,,0,,,0,,,0,,,0,,,0,,,0,,,0,,,0,,,0,,,0,1464.5,1464.5,baghdad_generic,,,0
2023-06-22,,,0,,,0,1468.0,1468.0,1,,,0,,,0,,,0,,,0,,,0,,,0,1469.0,1469.0,1,,,0,1472.0,1472.0,1,,,0,,,0,,,0,,,0,,,0,,,0,,,0,,,0,,,0,,,0,1468.0,1468.0,baghdad_generic,,,0
2023-06-25,,,0,,,0,1471.0,1471.0,1,,,0,,,0,,,0,,,0,,,0,,,0,,,0,,,0,,,0,,,0,,,0,,,0,,,0,,,0,,,0,,,0,,,0,,,0,,,0,1471.0,1471.0,baghdad_generic,,,0
2023-06-26,,,0,,,0,1477.5,1474.5,2,,,0,,,0,,,0,,,0,,,0,,,0,1475.0,1475.0,1,,,0,1475.5,1475.5,1,,,0,,,0,,,0,,,0,,,0,,,0,,,0,,,0,,,0,,,0,1477.5,1474.5,baghdad_generic,,,0
2023-07-04,,,0,,,0,1480.5,1480.5,1,,,0,,,0,,,0,,,0,,,0,,,0,1480.0,1480.0,1,,,0,1481.0,1481.0,1,,,0,,,0,,,0,,,0,,,0,,,0,,,0,,,0,,,0,,,0,1480.5,1480.5,baghdad_generic,,,0
2023-07-05,,,0,,,0,1481.0,1481.0,1,,,0,,,0,,,0,,,0,,,0,,,0,,,0,,,0,,,0,,,0,,,0,,,0,,,0,,,0,,,0,,,0,,,0,,,0,,,0,1481.0,1481.0,baghdad_generic,,,0
2023-07-06,,,0,,,0,1478.5,1478.5,1,,,0,,,0,,,0,,,0,,,0,,,0,1479.0,1479.0,1,,,0,1477.0,1477.0,1,,,0,,,0,,,0,,,0,,,0,,,0,,,0,,,0,,,0,,,0,1478.5,1478.5,baghdad_generic,,,0
2023-07-09,,,0,,,0,1475.5,1475.5,1,,,0,,,0,,,0,,,0,,,0,,,0,1475.5,1475.5,1,,,0,1475.5,1475.5,1,,,0,,,0,,,0,,,0,,,0,,,0,,,0,,,0,,,0,,,0,1475.5,1475.5,baghdad_generic,,,0
2023-07-10,,,0,,,0,1478.0,1479.0,2,,,0,,,0,,,0,,,0,,,0,,,0,1478.0,1478.0,1,,,0,1479.5,1480.0,2,,,0,,,0,,,0,,,0,,,0,,,0,,,0,,,0,,,0,,,0,1478.0,1479.0,baghdad_generic,,,0
2023-07-11,,,0,,,0,1479.5,1479.5,1,,,0,,,0,,,0,,,0,,,0,,,0,1479.0,1479.0,1,,,0,1482.0,1482.0,1,,,0,,,0,,,0,,,0,,,0,,,0,,,0,,,0,,,0,,,0,1479.5,1479.5,baghdad_generic,,,0
2023-07-12,,,0,,,0,1478.0,1478.0,1,,,0,,,0,,,0,,,0,,,0,,,0,1477.5,1477.5,1,,,0,1481.0,1481.0,1,,,0,,,0,,,0,,,0,,,0,,,0,,,0,,,0,,,0,,,0,1478.0,1478.0,baghdad_generic,,,0
2023-07-13,,,0,,,0,,,0,1479.0,1479.0,1,,,0,1479.0,1479.0,1,,,0,,,0,,,0,1479.5,1479.5,1,,,0,1481.5,1481.5,1,,,0,,,0,,,0,,,0,,,0,,,0,,,0,,,0,,,0,,,0,1479.0,1479.0,baghdad_kifah,,,0
2023-07-17,,,0,,,0,1483.0,1483.0,1,,,0,,,0,,,0,,,0,,,0,,,0,,,0,,,0,1487.5,1487.5,1,,,0,,,0,,,0,,,0,,,0,,,0,,,0,,,0,,,0,,,0,1483.0,1483.0,baghdad_generic,,,0
2023-07-18,,,0,,,0,1481.0,1482.5,2,,,0,,,0,,,0,,,0,,,0,,,0,1482.5,1482.5,1,,,0,1485.0,1485.0,1,,,0,,,0,,,0,,,0,,,0,,,0,,,0,,,0,,,0,,,0,1481.0,1482.5,baghdad_generic,,,0
2023-07-20,,,0,,,0,1489.5,1511.0,4,,,0,,,0,,,0,,,0,,,0,,,0,1510.0,1510.0,1,,,0,1513.0,1511.5,3,,,0,,,0,,,0,,,0,,,0,,,0,,,0,,,0,,,0,,,0,1489.5,1511.0,baghdad_generic,,,0
2023-07-23,,,0,,,0,1540.0,1540.0,1,,,0,,,0,,,0,,,0,,,0,,,0,1539.0,1539.0,1,,,0,1540.0,1536.0,2,,,0,,,0,,,0,,,0,,,0,,,0,,,0,,,0,,,0,,,0,1540.0,1540.0,baghdad_generic,,,0
2023-07-24,,,0,,,0,1537.0,1537.0,1,,,0,,,0,,,0,,,0,,,0,,,0,1535.0,1535.0,1,,,0,1540.0,1536.5,2,,,0,,,0,,,0,,,0,,,0,,,0,,,0,,,0,,,0,,,0,1537.0,1537.0,baghdad_generic,,,0
2023-07-25,,,0,,,0,1534.0,1534.0,1,,,0,,,0,,,0,,,0,,,0,,,0,1534.5,1534.5,1,,,0,1532.5,1532.5,1,,,0,,,0,,,0,,,0,,,0,,,0,,,0,,,0,,,0,,,0,1534.0,1534.0,baghdad_generic,,,0
2023-07-26,,,0,,,0,1555.5,1555.5,1,,,0,,,0,,,0,,,0,,,0,,,0,1555.0,1555.0,1,,,0,1559.0,1559.0,1,,,0,,,0,,,0,,,0,,,0,,,0,,,0,,,0,,,0,,,0,1555.5,1555.5,baghdad_generic,,,0
2023-07-27,,,0,,,0,1544.0,1544.0,3,,,0,,,0,,,0,,,0,,,0,,,0,,,0,,,0,1539.0,1540.0,3,,,0,,,0,,,0,,,0,,,0,,,0,,,0,,,0,,,0,,,0,1544.0,1544.0,baghdad_generic,,,0
2023-07-30,,,0,,,0,1505.0,1505.0,1,,,0,,,0,,,0,,,0,,,0,,,0,,,0,,,0,1502.5,1502.5,1,,,0,,,0,,,0,,,0,,,0,,,0,,,0,,,0,,,0,,,0,1505.0,1505.0,baghdad_generic,,,0
2023-07-31,,,0,,,0,1507.0,1507.0,1,,,0,,,0,,,0,,,0,,,0,,,0,1502.0,1502.0,1,,,0,1503.0,1503.0,1,,,0,,,0,,,0,,,0,,,0,,,0,,,0,,,0,,,0,,,0,1507.0,1507.0,baghdad_generic,,,0
2023-08-02,,,0,,,0,1516.0,1507.0,2,,,0,,,0,,,0,,,0,,,0,,,0,1510.0,1510.0,1,,,0,1516.5,1511.0,2,,,0,,,0,,,0,,,0,,,0,,,0,,,0,,,0,,,0,,,0,1516.0,1507.0,baghdad_generic,,,0
2023-08-03,,,0,,,0,1502.5,1502.5,1,,,0,,,0,,,0,,,0,,,0,,,0,1503.0,1503.0,1,,,0,1506.5,1506.5,1,,,0,,,0,,,0,,,0,,,0,,,0,,,0,,,0,,,0,,,0,1502.5,1502.5,baghdad_generic,,,0
2023-08-07,,,0,,,0,1507.0,1510.0,2,,,0,,,0,,,0,,,0,,,0,,,0,1507.0,1507.0,1,,,0,1511.0,1511.0,1,,,0,,,0,,,0,,,0,,,0,,,0,,,0,,,0,,,0,,,0,1507.0,1510.0,baghdad_generic,,,0
2023-08-08,,,0,,,0,1520.0,1520.0,1,,,0,,,0,,,0,,,0,,,0,,,0,1521.0,1521.0,1,,,0,,,0,,,0,,,0,,,0,,,0,,,0,,,0,,,0,,,0,,,0,,,0,1520.0,1520.0,baghdad_generic,,,0
2023-08-09,,,0,,,0,1525.0,1525.0,1,,,0,,,0,1533.0,1533.0,1,,,0,,,0,,,0,1531.0,1524.0,2,,,0,1539.0,1530.0,2,,,0,,,0,,,0,,,0,,,0,,,0,,,0,,,0,,,0,,,0,1533.0,1533.0,baghdad_kifah,,,0
2023-08-10,,,0,,,0,1524.0,1524.0,1,,,0,,,0,,,0,,,0,,,0,,,0,1523.0,1523.0,1,,,0,1524.5,1524.5,1,,,0,,,0,,,0,,,0,,,0,,,0,,,0,,,0,,,0,,,0,1524.0,1524.0,baghdad_generic,,,0
2023-08-13,,,0,,,0,,,0,,,0,,,0,1525.0,1525.0,1,,,0,,,0,,,0,1526.0,1526.0,1,,,0,1530.0,1530.0,1,,,0,,,0,,,0,,,0,,,0,,,0,,,0,,,0,,,0,,,0,1525.0,1525.0,baghdad_kifah,,,0
2023-08-14,,,0,,,0,1530.0,1530.0,1,,,0,,,0,,,0,,,0,,,0,,,0,1528.0,1528.0,1,,,0,1532.0,1532.0,1,,,0,,,0,,,0,,,0,,,0,,,0,,,0,,,0,,,0,,,0,1530.0,1530.0,baghdad_generic,,,0
2023-08-15,,,0,,,0,1531.0,1531.0,1,,,0,,,0,,,0,,,0,,,0,,,0,,,0,,,0,1531.0,1531.0,1,,,0,,,0,,,0,,,0,,,0,,,0,,,0,,,0,,,0,,,0,1531.0,1531.0,baghdad_generic,,,0
2023-08-17,,,0,,,0,1535.0,1536.5,2,,,0,,,0,,,0,,,0,,,0,,,0,1535.5,1537.0,2,,,0,1534.0,1538.0,3,,,0,,,0,,,0,,,0,,,0,,,0,,,0,,,0,,,0,,,0,1535.0,1536.5,baghdad_generic,,,0
2023-08-20,,,0,,,0,1537.0,1530.0,2,,,0,,,0,1540.0,1540.0,1,,,0,,,0,,,0,1540.0,1529.5,3,,,0,1542.5,1531.0,3,,,0,,,0,,,0,,,0,,,0,,,0,,,0,,,0,,,0,,,0,1540.0,1540.0,baghdad_kifah,,,0
2023-08-21,,,0,,,0,,,0,,,0,,,0,1533.0,1533.0,1,,,0,,,0,,,0,1529.0,1529.0,1,,,0,1535.5,1535.5,1,,,0,,,0,,,0,,,0,,,0,,,0,,,0,,,0,,,0,,,0,1533.0,1533.0,baghdad_kifah,,,0
2023-08-22,,,0,,,0,1524.5,1521.5,2,,,0,,,0,1530.0,1530.0,1,,,0,,,0,,,0,1528.0,1528.0,1,,,0,1534.0,1534.0,1,,,0,,,0,,,0,,,0,,,0,,,0,,,0,,,0,,,0,,,0,1530.0,1530.0,baghdad_kifah,,,0
2023-08-23,,,0,,,0,1513.0,1513.0,1,,,0,,,0,,,0,,,0,,,0,,,0,1515.5,1515.5,1,,,0,1523.0,1523.0,1,,,0,,,0,,,0,,,0,,,0,,,0,,,0,,,0,,,0,,,0,1513.0,1513.0,baghdad_generic,,,0
2023-08-24,,,0,,,0,1530.0,1529.0,2,,,0,,,0,,,0,,,0,,,0,,,0,1530.5,1530.0,2,,,0,1534.5,1537.0,2,,,0,,,0,,,0,,,0,,,0,,,0,,,0,,,0,,,0,,,0,1530.0,1529.0,baghdad_generic,,,0
2023-08-27,,,0,,,0,1530.0,1532.0,2,,,0,,,0,,,0,,,0,,,0,,,0,,,0,,,0,1536.5,1538.0,2,,,0,,,0,,,0,,,0,,,0,,,0,,,0,,,0,,,0,,,0,1530.0,1532.0,baghdad_generic,,,0
2023-08-28,,,0,,,0,1535.0,1538.0,3,,,0,,,0,,,0,,,0,,,0,,,0,1533.0,1534.0,2,,,0,1540.0,1541.0,5,,,0,,,0,,,0,,,0,,,0,,,0,,,0,,,0,,,0,,,0,1535.0,1538.0,baghdad_generic,,,0
2023-08-29,,,0,,,0,1536.0,1533.0,3,,,0,,,0,,,0,,,0,,,0,,,0,1535.0,1535.0,1,,,0,1539.0,1538.0,5,,,0,,,0,,,0,,,0,,,0,,,0,,,0,,,0,,,0,,,0,1536.0,1533.0,baghdad_generic,,,0
2023-08-30,,,0,,,0,1530.0,1531.0,3,,,0,,,0,,,0,,,0,,,0,,,0,1530.0,1526.0,2,,,0,1535.0,1538.0,3,,,0,,,0,,,0,,,0,,,0,,,0,,,0,,,0,,,0,,,0,1530.0,1531.0,baghdad_generic,,,0
2023-08-31,,,0,,,0,1532.0,1532.0,1,,,0,,,0,,,0,,,0,,,0,,,0,1527.0,1527.0,1,,,0,1537.5,1537.5,1,,,0,,,0,,,0,,,0,,,0,,,0,,,0,,,0,,,0,,,0,1532.0,1532.0,baghdad_generic,,,0
2023-09-03,,,0,,,0,1533.0,1533.0,1,,,0,,,0,,,0,,,0,,,0,,,0,1530.0,1530.0,1,,,0,1541.0,1541.0,1,,,0,,,0,,,0,,,0,,,0,,,0,,,0,,,0,,,0,,,0,1533.0,1533.0,baghdad_generic,,,0
2023-09-05,,,0,,,0,1536.0,1536.0,1,,,0,,,0,,,0,,,0,,,0,,,0,1532.0,1532.0,1,,,0,1544.0,1544.0,1,,,0,,,0,,,0,,,0,,,0,,,0,,,0,,,0,,,0,,,0,1536.0,1536.0,baghdad_generic,,,0
2023-09-06,,,0,,,0,1539.0,1538.0,2,,,0,,,0,,,0,,,0,,,0,,,0,1533.0,1533.0,1,,,0,1549.0,1545.0,2,,,0,,,0,,,0,,,0,,,0,,,0,,,0,,,0,,,0,,,0,1539.0,1538.0,baghdad_generic,,,0
2023-09-07,,,0,,,0,1539.0,1539.0,1,,,0,,,0,,,0,,,0,,,0,,,0,1536.5,1536.5,1,,,0,1547.0,1547.0,1,,,0,,,0,,,0,,,0,,,0,,,0,,,0,,,0,,,0,,,0,1539.0,1539.0,baghdad_generic,,,0
2023-09-10,,,0,,,0,1540.0,1540.0,2,,,0,,,0,1540.0,1540.0,1,,,0,,,0,,,0,1536.5,1537.5,2,,,0,1547.0,1547.5,3,,,0,,,0,,,0,,,0,,,0,,,0,,,0,,,0,,,0,,,0,1540.0,1540.0,baghdad_kifah,,,0
2023-09-11,,,0,,,0,1547.0,1555.0,4,,,0,,,0,,,0,,,0,,,0,,,0,1544.0,1551.0,3,,,0,1553.0,1565.0,6,,,0,,,0,,,0,,,0,,,0,,,0,,,0,,,0,,,0,,,0,1547.0,1555.0,baghdad_generic,,,0
2023-09-12,,,0,,,0,1554.0,1553.0,4,,,0,,,0,,,0,,,0,,,0,,,0,1549.0,1549.0,2,,,0,1558.5,1561.0,6,,,0,,,0,,,0,,,0,,,0,,,0,,,0,,,0,,,0,,,0,1554.0,1553.0,baghdad_generic,,,0
2023-09-13,,,0,,,0,1566.0,1555.0,3,,,0,,,0,,,0,,,0,,,0,,,0,,,0,,,0,1560.0,1560.0,1,,,0,,,0,,,0,,,0,,,0,,,0,,,0,,,0,,,0,,,0,1566.0,1555.0,baghdad_generic,,,0
2023-09-14,,,0,,,0,1561.5,1559.0,3,,,0,,,0,,,0,,,0,,,0,,,0,1557.5,1557.0,2,,,0,1561.5,1560.0,3,,,0,,,0,,,0,,,0,,,0,,,0,,,0,,,0,,,0,,,0,1561.5,1559.0,baghdad_generic,,,0
2023-09-17,,,0,,,0,1566.0,1572.0,4,,,0,,,0,,,0,,,0,,,0,,,0,1559.0,1564.0,2,,,0,1561.5,1567.0,5,,,0,,,0,,,0,,,0,,,0,,,0,,,0,,,0,,,0,,,0,1566.0,1572.0,baghdad_generic,,,0
2023-09-18,,,0,,,0,1569.0,1585.0,4,,,0,,,0,1568.5,1585.0,2,,,0,,,0,,,0,1573.0,1580.0,3,,,0,1572.5,1573.0,2,,,0,,,0,,,0,1575.0,1575.0,1,,,0,,,0,,,0,,,0,,,0,,,0,1568.5,1585.0,baghdad_kifah,,,0
2023-09-19,,,0,,,0,1581.0,1566.5,3,,,0,,,0,1566.0,1566.0,1,,,0,,,0,,,0,1578.0,1578.0,1,,,0,1580.0,1566.5,4,,,0,1572.0,1572.0,1,,,0,1569.0,1569.0,1,,,0,,,0,,,0,,,0,,,0,,,0,1566.0,1566.0,baghdad_kifah,,,0
2023-09-20,,,0,,,0,1563.0,1566.0,3,,,0,,,0,,,0,,,0,,,0,,,0,1563.0,1564.0,2,,,0,1562.5,1560.5,4,,,0,,,0,,,0,,,0,,,0,,,0,,,0,,,0,,,0,,,0,1563.0,1566.0,baghdad_generic,,,0
2023-09-21,,,0,,,0,1557.0,1553.0,4,,,0,,,0,,,0,1550.0,1550.0,1,,,0,,,0,1557.0,1554.0,4,,,0,1550.0,1550.5,4,,,0,,,0,,,0,,,0,,,0,,,0,,,0,,,0,,,0,,,0,1557.0,1553.0,baghdad_generic,,,0
2023-09-24,,,0,,,0,,,0,,,0,,,0,1541.0,1533.5,2,,,0,,,0,,,0,1545.0,1545.0,1,,,0,1538.0,1538.0,1,,,0,,,0,,,0,,,0,,,0,,,0,,,0,,,0,,,0,,,0,1541.0,1533.5,baghdad_kifah,,,0
2023-09-25,,,0,,,0,1551.0,1547.5,4,1543.0,1543.0,1,,,0,1549.0,1550.0,3,,,0,,,0,,,0,1553.0,1546.5,2,,,0,1545.0,1539.0,6,,,0,,,0,,,0,,,0,,,0,,,0,,,0,,,0,,,0,,,0,1549.0,1550.0,baghdad_kifah,,,0
2023-09-26,,,0,,,0,1546.0,1546.0,1,,,0,,,0,1544.0,1544.0,1,,,0,,,0,,,0,1548.0,1548.0,1,,,0,1539.5,1555.0,3,,,0,,,0,,,0,,,0,,,0,,,0,,,0,,,0,,,0,,,0,1544.0,1544.0,baghdad_kifah,,,0
2023-09-27,,,0,1556.5,1556.5,1,1551.0,1555.0,2,1556.5,1556.5,1,,,0,1554.0,1554.0,1,,,0,,,0,,,0,1558.5,1559.0,2,,,0,1549.5,1549.5,1,,,0,,,0,,,0,,,0,,,0,,,0,,,0,,,0,,,0,,,0,1554.0,1554.0,baghdad_kifah,,,0
2023-09-28,,,0,,,0,1557.5,1555.0,2,1557.0,1557.0,1,,,0,1559.0,1559.0,1,,,0,,,0,,,0,1559.5,1559.5,1,,,0,1553.0,1553.0,1,,,0,,,0,,,0,,,0,,,0,,,0,,,0,,,0,,,0,,,0,1559.0,1559.0,baghdad_kifah,,,0
2023-10-01,,,0,,,0,1556.5,1558.5,3,1558.0,1559.0,2,,,0,1561.0,1561.0,1,,,0,,,0,,,0,1558.5,1562.0,4,,,0,1555.0,1560.5,3,,,0,,,0,,,0,,,0,,,0,,,0,,,0,,,0,,,0,,,0,1561.0,1561.0,baghdad_kifah,,,0
2023-10-02,,,0,,,0,1566.0,1567.0,2,1565.0,1565.0,1,,,0,,,0,,,0,,,0,,,0,1565.0,1565.0,3,,,0,1567.0,1567.5,4,,,0,,,0,,,0,,,0,,,0,,,0,,,0,,,0,,,0,,,0,1566.0,1567.0,baghdad_generic,,,0
2023-10-03,,,0,,,0,1567.5,1567.5,1,1567.0,1567.0,1,,,0,1567.5,1567.0,2,,,0,,,0,,,0,1566.0,1567.0,2,,,0,1569.0,1568.0,2,,,0,,,0,,,0,,,0,,,0,,,0,,,0,,,0,,,0,,,0,1567.5,1567.0,baghdad_kifah,,,0
2023-10-04,,,0,,,0,1569.0,1569.0,2,,,0,1567.0,1567.0,1,1568.0,1568.0,1,,,0,,,0,,,0,1568.0,1567.0,5,,,0,1569.5,1567.0,2,,,0,,,0,,,0,,,0,,,0,,,0,,,0,,,0,,,0,,,0,1568.0,1568.0,baghdad_kifah,,,0
2023-10-05,,,0,,,0,1572.5,1574.0,3,1566.0,1566.0,1,,,0,,,0,,,0,,,0,,,0,1567.0,1571.0,2,,,0,1571.5,1571.5,1,,,0,,,0,,,0,,,0,,,0,,,0,,,0,,,0,,,0,,,0,1572.5,1574.0,baghdad_generic,,,0
2023-10-08,,,0,,,0,1591.0,1592.0,3,1588.0,1588.0,1,,,0,1589.0,1589.0,1,,,0,,,0,,,0,1587.0,1590.0,2,,,0,1583.0,1587.5,2,,,0,,,0,,,0,,,0,,,0,,,0,,,0,1589.0,1589.0,1,,,0,,,0,1589.0,1589.0,baghdad_kifah,,,0
2023-10-09,,,0,,,0,1606.0,1615.0,2,1597.0,1597.0,1,,,0,,,0,,,0,,,0,,,0,1620.0,1620.0,1,,,0,1600.0,1625.0,4,,,0,,,0,,,0,,,0,,,0,,,0,,,0,,,0,,,0,,,0,1606.0,1615.0,baghdad_generic,,,0
2023-10-10,,,0,,,0,1632.0,1609.0,4,1627.5,1627.5,1,,,0,,,0,,,0,,,0,,,0,1607.0,1607.0,1,,,0,1628.0,1605.0,6,,,0,,,0,,,0,,,0,,,0,,,0,,,0,,,0,,,0,,,0,1632.0,1609.0,baghdad_generic,,,0
2023-10-11,,,0,,,0,1623.0,1606.0,4,1624.0,1601.0,2,,,0,1624.5,1622.0,2,,,0,,,0,,,0,1620.0,1612.0,3,,,0,1619.0,1610.0,7,,,0,,,0,,,0,,,0,,,0,,,0,,,0,,,0,,,0,,,0,1624.5,1622.0,baghdad_kifah,,,0
2023-10-12,,,0,,,0,1621.5,1605.5,4,1605.0,1604.0,2,1603.0,1603.0,1,1604.0,1604.0,1,,,0,1605.0,1602.0,2,,,0,1604.0,1602.0,4,,,0,1601.0,1606.5,2,,,0,,,0,,,0,,,0,,,0,,,0,,,0,1608.0,1608.0,1,,,0,,,0,1604.0,1604.0,baghdad_kifah,,,0
2023-10-15,,,0,,,0,1596.5,1576.5,10,1580.0,1580.0,1,1588.5,1588.5,1,1600.0,1591.0,2,,,0,,,0,,,0,1598.5,1575.0,10,,,0,1599.5,1585.0,7,,,0,,,0,,,0,,,0,,,0,,,0,,,0,,,0,,,0,,,0,1600.0,1591.0,baghdad_kifah,,,0
2023-10-16,,,0,,,0,1579.0,1584.0,6,,,0,,,0,1576.5,1576.5,1,,,0,,,0,,,0,1581.0,1587.0,2,,,0,1579.0,1584.0,4,,,0,,,0,,,0,,,0,,,0,,,0,,,0,,,0,,,0,,,0,1576.5,1576.5,baghdad_kifah,,,0
2023-10-17,,,0,,,0,1588.0,1598.5,5,,,0,1591.0,1591.0,1,1593.0,1587.5,5,,,0,,,0,,,0,1591.0,1589.0,5,,,0,1592.5,1594.5,5,,,0,,,0,,,0,,,0,,,0,,,0,,,0,,,0,,,0,,,0,1593.0,1587.5,baghdad_kifah,,,0
2023-10-18,,,0,,,0,1597.0,1598.5,2,,,0,,,0,1602.5,1598.0,2,,,0,,,0,,,0,1599.0,1598.0,2,,,0,1598.0,1600.0,4,,,0,,,0,,,0,,,0,,,0,,,0,,,0,,,0,,,0,,,0,1602.5,1598.0,baghdad_kifah,,,0
2023-10-19,,,0,,,0,1597.5,1599.0,3,,,0,,,0,1596.0,1596.0,1,,,0,,,0,,,0,1597.0,1600.0,3,,,0,1595.0,1601.5,3,,,0,,,0,,,0,,,0,,,0,,,0,,,0,,,0,,,0,,,0,1596.0,1596.0,baghdad_kifah,,,0
2023-10-22,,,0,,,0,1599.0,1602.0,3,,,0,,,0,1596.0,1600.0,3,,,0,,,0,,,0,1596.5,1599.5,3,,,0,1594.0,1598.5,4,,,0,,,0,,,0,,,0,,,0,,,0,,,0,,,0,,,0,,,0,1596.0,1600.0,baghdad_kifah,,,0
2023-10-23,,,0,1605.0,1605.0,2,1603.0,1612.0,5,,,0,,,0,1602.5,1607.5,6,,,0,,,0,,,0,1603.0,1614.0,8,,,0,1601.0,1606.5,4,,,0,1605.0,1610.0,2,,,0,1605.0,1605.0,1,,,0,,,0,,,0,1605.0,1605.0,1,,,0,,,0,1602.5,1607.5,baghdad_kifah,,,0
2023-10-24,,,0,,,0,1612.0,1620.0,6,,,0,,,0,1612.0,1621.0,5,,,0,,,0,,,0,1613.0,1617.0,5,,,0,1612.0,1617.0,8,,,0,,,0,,,0,,,0,,,0,,,0,,,0,,,0,,,0,,,0,1612.0,1621.0,baghdad_kifah,,,0
2023-10-25,,,0,,,0,1622.0,1609.5,6,,,0,,,0,1619.5,1619.5,2,,,0,,,0,,,0,1621.0,1614.0,4,,,0,1615.5,1605.0,5,,,0,,,0,,,0,,,0,,,0,,,0,,,0,,,0,,,0,,,0,1619.5,1619.5,baghdad_kifah,,,0
2023-10-26,,,0,,,0,1613.0,1612.0,7,,,0,,,0,1615.0,1608.5,5,,,0,,,0,,,0,1614.0,1614.0,3,,,0,1609.0,1609.0,10,,,0,,,0,,,0,,,0,,,0,,,0,,,0,,,0,,,0,,,0,1615.0,1608.5,baghdad_kifah,,,0
2023-10-29,,,0,,,0,1615.0,1617.0,7,,,0,1615.0,1615.0,1,1615.0,1615.0,1,,,0,,,0,,,0,1616.5,1615.0,2,,,0,1614.0,1613.5,2,,,0,1617.0,1617.0,1,,,0,,,0,,,0,,,0,,,0,,,0,,,0,,,0,1615.0,1615.0,baghdad_kifah,,,0
2023-10-30,,,0,,,0,1615.0,1619.5,3,,,0,,,0,1615.0,1615.0,1,,,0,,,0,,,0,1600.0,1615.5,2,,,0,1612.5,1614.5,3,,,0,,,0,,,0,,,0,,,0,,,0,,,0,,,0,,,0,,,0,1615.0,1615.0,baghdad_kifah,,,0
2023-10-31,,,0,,,0,1617.5,1619.5,2,,,0,,,0,1620.0,1620.0,1,,,0,,,0,,,0,1617.0,1620.0,3,,,0,1617.5,1619.0,2,,,0,,,0,,,0,,,0,,,0,,,0,,,0,,,0,,,0,,,0,1620.0,1620.0,baghdad_kifah,,,0
2023-11-01,,,0,,,0,1619.0,1621.0,3,,,0,,,0,1620.0,1620.0,1,,,0,,,0,,,0,1620.0,1621.5,4,,,0,1620.0,1619.25,6,,,0,,,0,,,0,,,0,,,0,,,0,,,0,,,0,,,0,,,0,1620.0,1620.0,baghdad_kifah,,,0
2023-11-02,,,0,,,0,1623.0,1626.5,4,,,0,,,0,1625.5,1625.5,1,,,0,,,0,,,0,1625.0,1624.5,4,,,0,1623.0,1626.0,5,,,0,,,0,,,0,,,0,,,0,,,0,,,0,,,0,,,0,,,0,1625.5,1625.5,baghdad_kifah,,,0
2023-11-05,,,0,1633.5,1632.0,2,1630.0,1644.0,6,,,0,,,0,1630.0,1634.0,4,,,0,,,0,,,0,1632.0,1643.0,3,,,0,1631.0,1638.0,5,,,0,1644.0,1644.0,1,,,0,,,0,,,0,,,0,,,0,,,0,,,0,,,0,1630.0,1634.0,baghdad_kifah,,,0
2023-11-06,,,0,,,0,1642.0,1660.0,8,,,0,,,0,1645.0,1645.0,1,,,0,1643.0,1643.0,1,,,0,1644.0,1659.0,4,,,0,1644.0,1663.5,9,,,0,,,0,,,0,,,0,,,0,,,0,,,0,,,0,,,0,,,0,1645.0,1645.0,baghdad_kifah,,,0
2023-11-07,,,0,,,0,1660.0,1635.0,6,,,0,1642.5,1635.0,2,,,0,,,0,1641.0,1641.0,1,,,0,1655.0,1636.0,3,,,0,1660.0,1637.5,5,,,0,,,0,,,0,,,0,,,0,,,0,,,0,,,0,,,0,,,0,1660.0,1635.0,baghdad_generic,,,0
2023-11-08,,,0,,,0,1641.0,1648.0,8,,,0,,,0,1628.0,1637.0,3,,,0,,,0,,,0,1641.0,1641.5,2,,,0,1624.5,1643.0,6,,,0,,,0,,,0,,,0,,,0,,,0,,,0,,,0,,,0,,,0,1628.0,1637.0,baghdad_kifah,,,0
2023-11-09,,,0,,,0,1652.0,1649.0,4,,,0,,,0,,,0,,,0,,,0,,,0,1652.5,1652.5,1,,,0,1650.0,1648.0,3,,,0,,,0,,,0,,,0,,,0,,,0,,,0,,,0,,,0,,,0,1652.0,1649.0,baghdad_generic,,,0
2023-11-12,,,0,,,0,1626.0,1612.0,5,,,0,,,0,,,0,,,0,,,0,,,0,1633.0,1620.0,4,,,0,1629.0,1610.0,7,,,0,,,0,,,0,,,0,,,0,,,0,,,0,,,0,,,0,,,0,1626.0,1612.0,baghdad_generic,,,0
2023-11-13,,,0,,,0,1599.0,1597.5,4,,,0,,,0,,,0,,,0,,,0,,,0,,,0,,,0,1604.0,1602.0,4,,,0,,,0,,,0,,,0,,,0,,,0,,,0,,,0,,,0,,,0,1599.0,1597.5,baghdad_generic,,,0
2023-11-14,,,0,,,0,1590.0,1555.0,7,,,0,,,0,,,0,,,0,,,0,,,0,1591.5,1553.0,6,,,0,1593.5,1556.0,9,,,0,,,0,,,0,,,0,,,0,,,0,,,0,,,0,,,0,,,0,1590.0,1555.0,baghdad_generic,,,0
2023-11-15,,,0,,,0,1575.0,1586.0,5,1569.0,1569.0,1,,,0,,,0,,,0,,,0,,,0,1568.0,1577.0,4,,,0,1574.0,1589.0,10,,,0,,,0,,,0,,,0,,,0,,,0,,,0,,,0,,,0,,,0,1575.0,1586.0,baghdad_generic,,,0
2023-11-16,,,0,,,0,1589.0,1592.5,3,,,0,,,0,1586.5,1595.0,4,,,0,,,0,,,0,1593.0,1587.5,3,,,0,1578.5,1588.0,6,,,0,,,0,,,0,,,0,,,0,,,0,,,0,,,0,,,0,,,0,1586.5,1595.0,baghdad_kifah,,,0
2023-11-19,,,0,,,0,1582.5,1580.0,5,,,0,,,0,,,0,,,0,,,0,,,0,1584.0,1582.0,2,,,0,1582.0,1577.5,5,,,0,,,0,,,0,,,0,,,0,,,0,,,0,,,0,,,0,,,0,1582.5,1580.0,baghdad_generic,,,0
2023-11-20,,,0,,,0,1573.0,1580.0,4,1582.5,1582.5,1,,,0,1572.0,1572.0,1,1573.0,1573.0,1,,,0,,,0,1576.0,1577.0,4,,,0,1574.5,1582.0,6,,,0,,,0,,,0,,,0,,,0,,,0,,,0,,,0,,,0,,,0,1572.0,1572.0,baghdad_kifah,,,0
2023-11-21,,,0,,,0,1577.0,1583.0,2,,,0,,,0,1581.0,1583.0,2,,,0,,,0,,,0,1585.0,1585.0,3,,,0,1582.0,1584.0,5,,,0,,,0,,,0,,,0,,,0,,,0,,,0,,,0,,,0,,,0,1581.0,1583.0,baghdad_kifah,,,0
2023-11-22,,,0,,,0,1589.0,1597.0,5,,,0,,,0,1589.0,1590.0,2,,,0,,,0,,,0,1590.0,1590.0,1,,,0,1587.5,1590.0,3,,,0,,,0,,,0,,,0,,,0,,,0,,,0,,,0,,,0,,,0,1589.0,1590.0,baghdad_kifah,,,0
2023-11-23,,,0,,,0,1594.0,1586.0,4,,,0,,,0,1587.0,1587.0,1,,,0,,,0,,,0,1594.0,1589.0,2,,,0,1594.0,1588.0,7,,,0,,,0,,,0,,,0,,,0,,,0,,,0,,,0,,,0,,,0,1587.0,1587.0,baghdad_kifah,,,0
2023-11-26,,,0,,,0,1570.0,1582.0,9,1579.0,1579.0,1,,,0,1583.0,1583.0,1,,,0,,,0,,,0,1576.5,1583.0,3,,,0,1569.5,1580.5,3,,,0,,,0,,,0,,,0,,,0,,,0,,,0,,,0,,,0,,,0,1583.0,1583.0,baghdad_kifah,,,0
2023-11-27,,,0,,,0,1580.0,1577.5,2,,,0,,,0,1587.0,1581.0,4,,,0,,,0,,,0,1588.0,1584.0,4,,,0,1581.5,1580.0,3,,,0,,,0,,,0,,,0,,,0,,,0,,,0,,,0,,,0,,,0,1587.0,1581.0,baghdad_kifah,,,0
2023-11-28,,,0,,,0,1575.5,1574.5,2,,,0,,,0,1574.5,1574.5,1,,,0,,,0,,,0,1582.0,1581.0,2,,,0,1573.0,1576.5,4,,,0,,,0,,,0,,,0,,,0,,,0,,,0,,,0,,,0,,,0,1574.5,1574.5,baghdad_kifah,,,0
2023-11-29,,,0,,,0,1575.0,1565.0,5,1566.0,1566.0,1,,,0,1567.5,1567.5,1,,,0,,,0,,,0,1570.0,1570.0,1,,,0,1577.0,1569.0,6,,,0,,,0,,,0,,,0,,,0,,,0,,,0,,,0,,,0,,,0,1567.5,1567.5,baghdad_kifah,,,0
2023-11-30,,,0,,,0,1564.5,1559.0,3,,,0,,,0,1570.0,1560.0,3,,,0,,,0,,,0,1561.0,1560.0,2,,,0,1569.0,1561.5,6,,,0,1572.0,1572.0,1,,,0,,,0,,,0,,,0,,,0,,,0,,,0,,,0,1570.0,1560.0,baghdad_kifah,,,0
2023-12-03,,,0,,,0,1567.0,1570.0,5,,,0,,,0,1569.0,1567.5,2,,,0,,,0,,,0,1567.0,1569.0,3,,,0,1568.0,1569.0,4,,,0,,,0,,,0,,,0,,,0,,,0,,,0,,,0,,,0,,,0,1569.0,1567.5,baghdad_kifah,,,0
2023-12-04,,,0,,,0,1575.0,1577.0,3,,,0,,,0,1574.0,1576.5,4,,,0,,,0,,,0,1572.0,1577.0,4,,,0,1574.0,1576.5,6,,,0,,,0,,,0,,,0,,,0,,,0,,,0,,,0,,,0,,,0,1574.0,1576.5,baghdad_kifah,,,0
2023-12-05,,,0,,,0,1575.0,1570.0,4,,,0,,,0,1573.5,1573.5,1,,,0,,,0,,,0,1575.0,1568.0,3,,,0,1574.5,1571.5,6,,,0,,,0,,,0,,,0,,,0,,,0,,,0,,,0,,,0,,,0,1573.5,1573.5,baghdad_kifah,,,0
2023-12-06,,,0,,,0,1571.0,1571.0,1,,,0,,,0,1572.0,1574.0,2,,,0,,,0,,,0,1569.0,1572.5,3,,,0,1568.0,1569.5,2,,,0,,,0,,,0,,,0,,,0,,,0,,,0,,,0,,,0,,,0,1572.0,1574.0,baghdad_kifah,,,0
2023-12-07,,,0,,,0,1573.0,1575.0,2,,,0,,,0,1575.0,1575.0,1,,,0,,,0,,,0,1571.5,1571.5,3,,,0,1571.5,1568.5,4,,,0,,,0,,,0,,,0,,,0,,,0,,,0,,,0,,,0,,,0,1575.0,1575.0,baghdad_kifah,,,0
2023-12-10,,,0,,,0,1572.5,1572.5,4,,,0,,,0,1571.5,1571.5,1,,,0,,,0,,,0,1574.5,1573.5,3,,,0,1569.0,1569.0,3,,,0,,,0,,,0,,,0,,,0,,,0,,,0,,,0,,,0,,,0,1571.5,1571.5,baghdad_kifah,,,0
2023-12-11,,,0,,,0,1573.0,1573.0,1,,,0,,,0,,,0,1573.5,1573.5,1,,,0,,,0,1572.5,1572.5,1,,,0,1573.0,1573.0,1,,,0,,,0,,,0,,,0,,,0,,,0,,,0,,,0,,,0,,,0,1573.0,1573.0,baghdad_generic,,,0
2023-12-12,,,0,,,0,1572.5,1567.0,3,,,0,,,0,1572.0,1573.0,2,,,0,,,0,,,0,1575.0,1569.0,3,,,0,1573.0,1567.5,4,,,0,,,0,,,0,,,0,,,0,,,0,,,0,,,0,,,0,,,0,1572.0,1573.0,baghdad_kifah,,,0
2023-12-13,,,0,,,0,1562.5,1560.0,2,,,0,,,0,1563.0,1563.0,1,,,0,,,0,,,0,1566.0,1566.0,1,,,0,1561.0,1559.0,2,,,0,,,0,,,0,,,0,,,0,,,0,,,0,,,0,,,0,,,0,1563.0,1563.0,baghdad_kifah,,,0
2023-12-14,,,0,1562.0,1562.0,1,1561.0,1561.0,1,,,0,,,0,1562.0,1557.5,2,,,0,,,0,,,0,1565.0,1565.0,1,,,0,1561.5,1557.0,2,,,0,,,0,,,0,,,0,,,0,,,0,,,0,,,0,,,0,,,0,1562.0,1557.5,baghdad_kifah,,,0
2023-12-17,,,0,,,0,1555.0,1535.0,6,,,0,,,0,1561.5,1561.5,1,,,0,,,0,,,0,1557.5,1545.0,7,,,0,1557.0,1541.5,4,,,0,,,0,,,0,,,0,,,0,,,0,,,0,,,0,,,0,,,0,1561.5,1561.5,baghdad_kifah,,,0
2023-12-18,,,0,,,0,1535.5,1535.5,1,,,0,,,0,,,0,,,0,,,0,,,0,1540.0,1540.0,1,,,0,1530.0,1540.0,2,,,0,,,0,,,0,,,0,,,0,,,0,,,0,,,0,,,0,,,0,1535.5,1535.5,baghdad_generic,,,0
2023-12-19,,,0,,,0,1543.0,1544.0,4,,,0,,,0,1544.0,1544.0,1,,,0,,,0,,,0,1548.0,1547.0,5,,,0,1538.0,1539.75,5,,,0,,,0,,,0,,,0,,,0,,,0,,,0,,,0,,,0,,,0,1544.0,1544.0,baghdad_kifah,,,0
2023-12-20,,,0,,,0,1545.0,1530.25,6,,,0,,,0,,,0,,,0,,,0,,,0,1539.0,1530.0,3,,,0,1541.0,1529.5,5,,,0,,,0,,,0,,,0,,,0,,,0,,,0,,,0,,,0,,,0,1545.0,1530.25,baghdad_generic,,,0
2023-12-21,,,0,,,0,1524.5,1526.0,6,,,0,,,0,1523.0,1524.5,2,,,0,,,0,,,0,1525.0,1523.0,4,,,0,1527.0,1527.5,5,,,0,,,0,,,0,,,0,,,0,,,0,,,0,,,0,,,0,,,0,1523.0,1524.5,baghdad_kifah,,,0
2023-12-24,,,0,,,0,1512.0,1486.0,9,,,0,,,0,,,0,,,0,,,0,,,0,1510.0,1491.0,5,,,0,1511.5,1508.0,5,,,0,,,0,,,0,,,0,,,0,,,0,,,0,,,0,,,0,,,0,1512.0,1486.0,baghdad_generic,,,0
2023-12-25,,,0,,,0,1480.0,1493.0,3,,,0,,,0,1490.0,1490.0,1,,,0,,,0,,,0,1491.0,1484.0,2,,,0,1494.0,1495.0,4,,,0,,,0,,,0,,,0,,,0,,,0,,,0,,,0,,,0,,,0,1490.0,1490.0,baghdad_kifah,,,0
2023-12-26,,,0,,,0,1509.0,1525.0,5,,,0,,,0,1507.0,1531.0,4,1537.0,1537.0,1,,,0,,,0,1505.0,1526.0,3,,,0,1515.0,1528.0,7,,,0,,,0,,,0,,,0,,,0,,,0,,,0,,,0,,,0,,,0,1507.0,1531.0,baghdad_kifah,,,0
2023-12-27,,,0,,,0,1520.0,1515.0,8,,,0,,,0,1522.0,1517.5,2,,,0,,,0,,,0,1520.0,1516.5,4,,,0,1522.5,1518.5,7,,,0,,,0,,,0,,,0,,,0,,,0,,,0,,,0,,,0,,,0,1522.0,1517.5,baghdad_kifah,,,0
2023-12-28,,,0,,,0,1514.0,1520.0,3,,,0,,,0,1521.0,1525.0,4,,,0,,,0,,,0,1521.5,1521.5,1,,,0,1516.0,1524.0,6,,,0,,,0,,,0,,,0,,,0,,,0,,,0,,,0,,,0,,,0,1521.0,1525.0,baghdad_kifah,,,0
2023-12-31,,,0,,,0,1525.5,1522.4,3,,,0,,,0,1525.5,1525.5,1,,,0,,,0,,,0,1525.0,1523.0,2,,,0,1523.0,1523.0,3,,,0,,,0,,,0,,,0,,,0,,,0,,,0,,,0,,,0,,,0,1525.5,1525.5,baghdad_kifah,,,0
2024-01-01,,,0,,,0,1523.0,1523.0,1,,,0,,,0,,,0,,,0,,,0,,,0,,,0,,,0,,,0,,,0,,,0,,,0,,,0,,,0,,,0,,,0,,,0,,,0,,,0,1523.0,1523.0,baghdad_generic,,,0
2024-01-02,,,0,,,0,1526.5,1527.0,2,,,0,,,0,1524.5,1529.0,2,,,0,,,0,,,0,1526.5,1526.5,1,,,0,,,0,,,0,,,0,,,0,,,0,,,0,,,0,,,0,,,0,,,0,,,0,1524.5,1529.0,baghdad_kifah,,,0
2024-01-03,,,0,,,0,1526.0,1527.5,2,,,0,,,0,1526.0,1526.0,3,,,0,,,0,,,0,1526.0,1527.0,2,,,0,1526.0,1525.5,3,,,0,,,0,,,0,,,0,,,0,,,0,,,0,,,0,,,0,,,0,1526.0,1526.0,baghdad_kifah,,,0
2024-01-04,,,0,,,0,1526.0,1536.0,5,,,0,,,0,1531.5,1532.5,2,,,0,,,0,,,0,1526.5,1537.5,3,,,0,1523.5,1533.5,5,,,0,,,0,,,0,,,0,,,0,,,0,,,0,,,0,,,0,,,0,1531.5,1532.5,baghdad_kifah,,,0
2024-01-07,,,0,,,0,1525.0,1531.0,5,,,0,,,0,,,0,,,0,,,0,,,0,,,0,,,0,1525.0,1525.0,1,,,0,,,0,,,0,,,0,,,0,,,0,,,0,,,0,,,0,,,0,1525.0,1531.0,baghdad_generic,,,0
2024-01-08,,,0,,,0,1532.0,1536.0,3,,,0,,,0,1534.5,1537.0,2,,,0,,,0,,,0,,,0,,,0,1531.0,1535.0,4,,,0,,,0,,,0,,,0,,,0,,,0,,,0,,,0,,,0,,,0,1534.5,1537.0,baghdad_kifah,,,0
2024-01-09,,,0,,,0,1537.0,1535.0,3,,,0,,,0,1536.0,1539.0,3,,,0,,,0,,,0,1537.0,1539.0,4,,,0,1533.0,1535.0,5,,,0,,,0,,,0,,,0,,,0,,,0,,,0,,,0,,,0,,,0,1536.0,1539.0,baghdad_kifah,,,0
2024-01-10,,,0,,,0,1542.0,1536.5,4,,,0,,,0,1543.0,1543.0,1,,,0,,,0,,,0,1543.0,1539.0,5,,,0,1541.0,1542.0,4,,,0,,,0,,,0,,,0,,,0,,,0,,,0,,,0,,,0,,,0,1543.0,1543.0,baghdad_kifah,,,0
2024-01-11,,,0,1535.0,1535.0,1,1534.0,1527.5,3,,,0,,,0,1539.0,1534.5,2,1536.0,1536.0,1,,,0,,,0,1536.0,1530.0,2,,,0,1535.0,1532.5,4,,,0,,,0,,,0,,,0,,,0,,,0,,,0,,,0,,,0,,,0,1539.0,1534.5,baghdad_kifah,,,0
2024-01-14,,,0,,,0,1526.0,1522.5,2,,,0,,,0,1528.0,1525.5,4,,,0,,,0,,,0,1531.0,1526.0,4,,,0,1526.0,1530.0,4,,,0,,,0,,,0,,,0,,,0,,,0,,,0,,,0,,,0,,,0,1528.0,1525.5,baghdad_kifah,,,0
2024-01-15,,,0,,,0,1523.0,1528.5,5,,,0,,,0,1524.5,1525.5,2,,,0,,,0,,,0,1528.0,1529.0,2,,,0,1524.0,1526.5,4,,,0,,,0,,,0,,,0,,,0,,,0,,,0,,,0,,,0,,,0,1524.5,1525.5,baghdad_kifah,,,0
2024-01-16,,,0,,,0,1531.5,1518.0,4,,,0,,,0,,,0,,,0,,,0,,,0,1532.0,1525.0,2,,,0,1530.0,1527.0,5,,,0,,,0,,,0,,,0,,,0,,,0,,,0,,,0,,,0,,,0,1531.5,1518.0,baghdad_generic,,,0
2024-01-17,,,0,,,0,1525.5,1515.0,3,,,0,,,0,1524.0,1523.5,2,,,0,,,0,,,0,1526.0,1518.0,4,,,0,1519.0,1522.5,4,,,0,,,0,,,0,,,0,,,0,,,0,,,0,,,0,,,0,,,0,1524.0,1523.5,baghdad_kifah,,,0
2024-01-18,,,0,,,0,1515.0,1521.0,4,,,0,,,0,,,0,,,0,,,0,,,0,1525.0,1525.0,1,,,0,1512.5,1520.5,4,,,0,,,0,,,0,,,0,,,0,,,0,,,0,,,0,,,0,,,0,1515.0,1521.0,baghdad_generic,,,0
2024-01-21,,,0,,,0,1521.5,1511.5,4,,,0,,,0,1519.5,1519.5,1,,,0,,,0,,,0,1524.0,1515.0,4,,,0,1517.5,1515.0,4,,,0,,,0,,,0,,,0,,,0,,,0,,,0,,,0,,,0,,,0,1519.5,1519.5,baghdad_kifah,,,0
2024-01-22,,,0,,,0,1512.5,1513.0,2,,,0,,,0,1513.0,1510.0,2,,,0,,,0,,,0,1517.5,1517.5,1,,,0,1512.0,1507.5,4,,,0,,,0,,,0,,,0,,,0,,,0,,,0,,,0,,,0,,,0,1513.0,1510.0,baghdad_kifah,,,0
2024-01-23,,,0,,,0,1511.5,1507.0,3,,,0,,,0,1513.0,1513.0,1,,,0,,,0,,,0,1512.5,1509.0,2,,,0,1511.5,1509.0,5,,,0,,,0,,,0,,,0,,,0,,,0,,,0,,,0,,,0,,,0,1513.0,1513.0,baghdad_kifah,,,0
2024-01-24,,,0,,,0,1509.5,1513.0,4,,,0,,,0,1510.0,1510.0,1,,,0,,,0,,,0,1514.0,1517.0,4,,,0,1507.0,1513.5,5,,,0,,,0,,,0,,,0,,,0,,,0,,,0,,,0,,,0,,,0,1510.0,1510.0,baghdad_kifah,,,0
2024-01-25,,,0,,,0,1516.0,1515.0,4,,,0,,,0,,,0,,,0,,,0,,,0,1519.0,1519.0,1,,,0,1514.5,1514.0,4,,,0,,,0,,,0,,,0,,,0,,,0,,,0,,,0,,,0,,,0,1516.0,1515.0,baghdad_generic,,,0
2024-01-28,,,0,,,0,1511.0,1512.5,2,,,0,,,0,1509.0,1509.5,3,,,0,,,0,,,0,1504.0,1514.0,2,,,0,1509.5,1510.0,3,,,0,,,0,,,0,,,0,,,0,,,0,,,0,,,0,,,0,,,0,1509.0,1509.5,baghdad_kifah,,,0
2024-01-29,,,0,1515.0,1515.0,1,1514.5,1518.0,3,,,0,,,0,1514.5,1516.0,2,,,0,,,0,,,0,1516.0,1520.0,5,,,0,1513.5,1518.0,4,,,0,,,0,,,0,,,0,,,0,,,0,,,0,,,0,,,0,,,0,1514.5,1516.0,baghdad_kifah,,,0
2024-01-30,,,0,,,0,1519.0,1518.75,4,,,0,,,0,1520.0,1527.0,3,,,0,,,0,,,0,1521.0,1532.0,5,,,0,1521.0,1529.0,7,,,0,,,0,,,0,,,0,,,0,,,0,,,0,,,0,,,0,,,0,1520.0,1527.0,baghdad_kifah,,,0
2024-01-31,,,0,,,0,1526.0,1519.0,3,,,0,,,0,1528.0,1527.0,2,,,0,,,0,,,0,1531.0,1521.0,4,,,0,1527.5,1516.0,4,,,0,,,0,,,0,,,0,,,0,,,0,,,0,,,0,,,0,,,0,1528.0,1527.0,baghdad_kifah,,,0
2024-02-01,,,0,1524.0,1524.0,1,1522.0,1519.6,2,,,0,,,0,1522.5,1522.0,2,,,0,,,0,,,0,1527.0,1522.5,2,,,0,1519.0,1519.0,4,,,0,,,0,,,0,,,0,,,0,,,0,,,0,,,0,,,0,,,0,1522.5,1522.0,baghdad_kifah,,,0
2024-02-04,,,0,,,0,1520.0,1519.0,5,,,0,,,0,1523.5,1523.5,1,,,0,,,0,,,0,1525.0,1525.0,4,,,0,1519.5,1517.5,4,,,0,,,0,,,0,,,0,,,0,,,0,,,0,,,0,,,0,,,0,1523.5,1523.5,baghdad_kifah,,,0
2024-02-05,,,0,,,0,1524.5,1521.0,6,,,0,,,0,,,0,,,0,,,0,,,0,1525.0,1521.0,2,,,0,1519.0,1516.5,6,,,0,,,0,,,0,,,0,,,0,,,0,,,0,,,0,,,0,,,0,1524.5,1521.0,baghdad_generic,,,0
2024-02-06,,,0,,,0,1520.0,1520.0,1,,,0,,,0,,,0,,,0,,,0,,,0,,,0,,,0,1517.5,1517.5,1,,,0,,,0,,,0,,,0,,,0,,,0,,,0,,,0,,,0,,,0,1520.0,1520.0,baghdad_generic,,,0
2024-02-07,,,0,,,0,1522.0,1522.0,1,,,0,,,0,1523.0,1522.0,2,,,0,,,0,,,0,1524.5,1524.5,2,,,0,1519.5,1517.5,3,,,0,,,0,,,0,,,0,,,0,,,0,,,0,,,0,,,0,,,0,1523.0,1522.0,baghdad_kifah,,,0
2024-02-08,,,0,,,0,1521.0,1521.75,3,,,0,,,0,,,0,,,0,,,0,,,0,1525.0,1524.5,3,,,0,1520.0,1519.5,3,,,0,,,0,,,0,,,0,,,0,,,0,,,0,,,0,,,0,,,0,1521.0,1521.75,baghdad_generic,,,0
2024-02-11,,,0,,,0,1525.5,1519.25,4,,,0,,,0,1526.5,1526.5,1,,,0,,,0,,,0,1530.0,1522.5,4,,,0,1523.5,1522.0,3,,,0,,,0,,,0,,,0,,,0,,,0,,,0,,,0,,,0,,,0,1526.5,1526.5,baghdad_kifah,,,0
2024-02-12,,,0,,,0,1519.5,1519.5,1,,,0,,,0,1524.0,1523.0,2,,,0,,,0,,,0,1523.5,1523.5,1,,,0,1519.5,1521.0,3,,,0,,,0,,,0,,,0,,,0,,,0,,,0,,,0,,,0,,,0,1524.0,1523.0,baghdad_kifah,,,0
2024-02-13,,,0,,,0,,,0,,,0,,,0,1522.5,1523.0,2,,,0,,,0,,,0,1524.0,1524.0,1,,,0,1519.25,1520.0,2,,,0,,,0,,,0,,,0,,,0,,,0,,,0,,,0,,,0,,,0,1522.5,1523.0,baghdad_kifah,,,0
2024-02-14,,,0,,,0,1523.0,1523.0,1,,,0,,,0,1522.5,1523.0,2,,,0,,,0,,,0,1524.5,1524.0,3,,,0,1520.0,1522.0,4,,,0,,,0,,,0,,,0,,,0,,,0,,,0,,,0,,,0,,,0,1522.5,1523.0,baghdad_kifah,,,0
2024-02-15,,,0,,,0,1524.5,1521.5,2,,,0,,,0,1523.0,1524.0,2,,,0,,,0,,,0,1524.5,1524.0,5,,,0,1520.0,1523.0,4,,,0,,,0,,,0,,,0,,,0,,,0,,,0,,,0,,,0,,,0,1523.0,1524.0,baghdad_kifah,,,0
2024-02-18,,,0,,,0,1523.5,1520.25,2,,,0,,,0,1523.0,1522.5,2,,,0,,,0,,,0,1525.0,1523.0,3,,,0,1522.5,1521.5,3,,,0,,,0,,,0,,,0,,,0,,,0,,,0,,,0,,,0,,,0,1523.0,1522.5,baghdad_kifah,,,0
2024-02-19,,,0,,,0,1523.5,1519.0,2,,,0,1522.5,1522.5,1,1523.0,1523.0,1,,,0,1523.0,1523.0,1,,,0,1525.0,1522.0,3,,,0,1519.5,1521.5,3,,,0,,,0,,,0,,,0,,,0,,,0,,,0,,,0,,,0,,,0,1523.0,1523.0,baghdad_kifah,,,0
2024-02-20,,,0,,,0,,,0,1520.0,1520.0,1,1519.5,1519.5,1,1521.0,1522.5,3,,,0,1521.5,1521.5,1,,,0,1524.0,1524.0,1,,,0,1518.75,1520.0,3,,,0,,,0,,,0,,,0,,,0,,,0,,,0,,,0,,,0,,,0,1521.0,1522.5,baghdad_kifah,,,0
2024-02-21,,,0,,,0,1522.5,1522.5,2,,,0,,,0,1522.5,1523.0,3,,,0,,,0,,,0,1524.0,1523.0,4,,,0,1521.5,1520.5,3,,,0,,,0,,,0,,,0,,,0,,,0,,,0,,,0,,,0,,,0,1522.5,1523.0,baghdad_kifah,,,0
2024-02-22,,,0,,,0,1520.5,1516.75,2,,,0,,,0,1522.0,1519.0,2,,,0,,,0,,,0,1523.0,1519.5,2,,,0,1518.0,1517.75,2,,,0,,,0,,,0,,,0,,,0,,,0,,,0,,,0,,,0,,,0,1522.0,1519.0,baghdad_kifah,,,0
2024-02-25,,,0,,,0,1513.0,1508.5,3,1509.5,1509.5,1,,,0,,,0,,,0,,,0,,,0,1516.0,1510.0,2,,,0,1511.0,1508.5,3,,,0,,,0,,,0,,,0,,,0,,,0,,,0,,,0,,,0,,,0,1513.0,1508.5,baghdad_generic,,,0
2024-02-26,,,0,,,0,,,0,,,0,1509.5,1509.5,1,1512.0,1513.5,2,,,0,,,0,,,0,1514.0,1514.5,2,,,0,1509.5,1511.5,3,,,0,,,0,,,0,,,0,,,0,,,0,,,0,,,0,,,0,,,0,1512.0,1513.5,baghdad_kifah,,,0
2024-02-27,,,0,,,0,,,0,1513.5,1513.5,1,1514.5,1514.0,2,1514.5,1513.0,4,,,0,,,0,,,0,1516.5,1516.5,2,,,0,1511.25,1510.0,4,,,0,,,0,,,0,,,0,,,0,,,0,,,0,,,0,,,0,,,0,1514.5,1513.0,baghdad_kifah,,,0
2024-02-28,,,0,1510.0,1510.0,1,,,0,1509.5,1509.5,1,1509.5,1507.0,4,1510.0,1508.5,4,,,0,1508.0,1508.0,1,,,0,1511.0,1510.0,2,,,0,1505.0,1507.5,3,,,0,,,0,,,0,,,0,,,0,,,0,,,0,,,0,,,0,,,0,1510.0,1508.5,baghdad_kifah,,,0
2024-02-29,,,0,,,0,,,0,,,0,1508.5,1508.5,2,1509.5,1509.0,2,,,0,,,0,,,0,1511.0,1511.0,1,,,0,1505.0,1508.5,2,,,0,,,0,,,0,,,0,,,0,,,0,,,0,,,0,,,0,,,0,1509.5,1509.0,baghdad_kifah,,,0
2024-03-03,,,0,,,0,1501.0,1501.0,1,,,0,1502.0,1502.0,1,1502.5,1502.5,2,1502.0,1502.0,1,,,0,,,0,1507.0,1504.0,2,,,0,1502.5,1501.0,2,,,0,,,0,,,0,,,0,,,0,,,0,,,0,,,0,,,0,,,0,1502.5,1502.5,baghdad_kifah,,,0
2024-03-04,,,0,,,0,,,0,,,0,,,0,1495.0,1499.0,5,,,0,,,0,,,0,1496.0,1499.0,5,,,0,1495.0,1500.0,5,,,0,,,0,,,0,,,0,,,0,,,0,,,0,,,0,,,0,,,0,1495.0,1499.0,baghdad_kifah,,,0
2024-03-05,,,0,,,0,,,0,,,0,,,0,1501.0,1504.5,4,,,0,,,0,,,0,1502.5,1505.0,3,,,0,1502.0,1502.0,3,,,0,,,0,,,0,,,0,,,0,,,0,,,0,,,0,,,0,,,0,1501.0,1504.5,baghdad_kifah,,,0
2024-03-06,,,0,,,0,1507.5,1498.5,2,,,0,,,0,1509.0,1507.5,2,,,0,,,0,,,0,1507.0,1502.0,4,,,0,1505.5,1505.5,3,,,0,,,0,,,0,,,0,,,0,,,0,,,0,,,0,,,0,,,0,1509.0,1507.5,baghdad_kifah,,,0
2024-03-07,,,0,,,0,,,0,1505.0,1502.0,2,,,0,1504.0,1504.0,1,,,0,1503.5,1503.5,1,,,0,1505.0,1505.0,3,,,0,1501.0,1501.0,3,,,0,,,0,,,0,,,0,,,0,,,0,,,0,,,0,,,0,,,0,1504.0,1504.0,baghdad_kifah,,,0
2024-03-10,,,0,,,0,,,0,1501.0,1500.0,2,,,0,1500.5,1501.0,4,,,0,,,0,,,0,1501.5,1502.5,4,,,0,1501.0,1501.5,4,,,0,,,0,,,0,,,0,,,0,,,0,,,0,,,0,,,0,,,0,1500.5,1501.0,baghdad_kifah,,,0
2024-03-11,,,0,,,0,,,0,1503.5,1504.5,3,,,0,1503.5,1505.0,3,,,0,,,0,,,0,1503.5,1505.0,3,,,0,1503.5,1504.0,3,,,0,,,0,,,0,,,0,,,0,,,0,,,0,,,0,,,0,,,0,1503.5,1505.0,baghdad_kifah,,,0
2024-03-12,,,0,,,0,,,0,1501.5,1502.0,2,,,0,1502.0,1502.5,2,,,0,,,0,,,0,1502.5,1502.0,2,,,0,1502.0,1502.5,2,,,0,,,0,,,0,,,0,,,0,,,0,,,0,,,0,,,0,,,0,1502.0,1502.5,baghdad_kifah,,,0
2024-03-13,,,0,,,0,,,0,1500.5,1502.0,3,,,0,1501.0,1501.5,4,,,0,,,0,,,0,1501.0,1502.0,4,,,0,1501.0,1502.5,4,,,0,,,0,,,0,,,0,,,0,,,0,,,0,,,0,,,0,,,0,1501.0,1501.5,baghdad_kifah,,,0
2024-03-14,,,0,,,0,,,0,1502.5,1502.5,1,,,0,1502.5,1502.5,1,,,0,,,0,,,0,1503.0,1503.0,1,,,0,1503.0,1503.0,1,,,0,,,0,,,0,,,0,,,0,,,0,,,0,,,0,,,0,,,0,1502.5,1502.5,baghdad_kifah,,,0
2024-03-17,,,0,,,0,,,0,1498.5,1498.5,1,,,0,1498.5,1498.5,1,,,0,,,0,,,0,1501.0,1501.0,2,,,0,1499.5,1499.0,2,,,0,,,0,,,0,,,0,,,0,,,0,,,0,,,0,,,0,,,0,1498.5,1498.5,baghdad_kifah,,,0
2024-03-18,,,0,,,0,1495.0,1495.0,1,,,0,,,0,1494.5,1495.0,2,,,0,,,0,,,0,1497.0,1496.5,3,,,0,1495.5,1496.5,3,,,0,,,0,,,0,,,0,,,0,,,0,,,0,,,0,,,0,,,0,1494.5,1495.0,baghdad_kifah,,,0
2024-03-19,,,0,,,0,,,0,1495.5,1496.0,2,,,0,1495.5,1496.0,2,,,0,,,0,,,0,1496.0,1496.0,2,,,0,1497.0,1496.5,2,,,0,,,0,,,0,,,0,,,0,,,0,,,0,,,0,,,0,,,0,1495.5,1496.0,baghdad_kifah,,,0
2024-03-20,,,0,,,0,,,0,1498.0,1497.0,4,,,0,1498.0,1497.0,4,,,0,,,0,,,0,1496.5,1497.0,4,,,0,1499.5,1497.0,4,,,0,,,0,,,0,,,0,,,0,,,0,,,0,,,0,,,0,,,0,1498.0,1497.0,baghdad_kifah,,,0
2024-03-21,,,0,,,0,,,0,1496.0,1495.0,3,,,0,1496.0,1495.5,3,,,0,,,0,,,0,1496.5,1495.5,3,,,0,,,0,,,0,,,0,,,0,,,0,,,0,,,0,,,0,,,0,,,0,,,0,1496.0,1495.5,baghdad_kifah,,,0
2024-03-24,,,0,,,0,,,0,1482.5,1483.5,2,,,0,1482.5,1482.5,1,,,0,,,0,,,0,1485.0,1485.0,2,,,0,1484.0,1483.0,2,,,0,,,0,,,0,,,0,,,0,,,0,,,0,,,0,,,0,,,0,1482.5,1482.5,baghdad_kifah,,,0
2024-03-25,,,0,,,0,,,0,1468.0,1468.0,2,,,0,1469.0,1469.0,1,,,0,1468.0,1468.0,1,,,0,,,0,,,0,1467.5,1466.0,2,,,0,,,0,,,0,,,0,,,0,,,0,,,0,,,0,,,0,,,0,1469.0,1469.0,baghdad_kifah,,,0
2024-03-26,,,0,,,0,1478.5,1478.5,1,1478.0,1479.0,2,,,0,1478.5,1478.0,2,,,0,,,0,,,0,1479.0,1479.5,3,,,0,1476.5,1475.5,3,,,0,,,0,,,0,,,0,,,0,,,0,,,0,,,0,,,0,,,0,1478.5,1478.0,baghdad_kifah,,,0
2024-03-27,,,0,,,0,1480.0,1480.0,1,1480.5,1477.0,2,,,0,,,0,,,0,,,0,,,0,1481.0,1481.0,2,,,0,1478.5,1474.0,3,,,0,,,0,,,0,,,0,,,0,,,0,,,0,,,0,,,0,,,0,1480.0,1480.0,baghdad_generic,,,0
2024-03-28,,,0,,,0,,,0,1469.5,1471.0,2,,,0,1472.0,1472.0,2,1470.0,1470.0,1,,,0,,,0,1473.0,1472.0,3,,,0,1466.5,1468.0,3,,,0,,,0,,,0,,,0,,,0,,,0,,,0,,,0,,,0,,,0,1472.0,1472.0,baghdad_kifah,,,0
2024-03-31,,,0,,,0,,,0,1470.5,1470.5,1,,,0,1471.0,1471.0,1,,,0,,,0,,,0,1471.0,1471.0,2,,,0,1468.5,1470.0,3,,,0,,,0,,,0,,,0,,,0,,,0,,,0,,,0,,,0,,,0,1471.0,1471.0,baghdad_kifah,,,0
2024-04-01,,,0,,,0,1471.0,1471.0,1,1472.0,1472.0,1,,,0,1472.0,1471.5,2,,,0,,,0,,,0,1471.5,1471.5,3,,,0,1470.0,1468.5,3,,,0,,,0,,,0,,,0,,,0,,,0,,,0,,,0,,,0,,,0,1472.0,1471.5,baghdad_kifah,,,0
2024-04-02,,,0,,,0,,,0,1472.5,1477.0,4,,,0,1472.5,1474.0,4,,,0,,,0,,,0,1472.0,1473.5,4,,,0,1469.25,1478.0,5,,,0,,,0,,,0,,,0,,,0,,,0,,,0,,,0,,,0,,,0,1472.5,1474.0,baghdad_kifah,,,0
2024-04-03,,,0,,,0,,,0,1474.0,1474.0,1,,,0,1472.0,1474.0,3,,,0,,,0,,,0,1473.0,1473.0,2,,,0,1470.5,1472.0,3,,,0,,,0,,,0,,,0,,,0,,,0,,,0,,,0,,,0,,,0,1472.0,1474.0,baghdad_kifah,,,0
2024-04-04,,,0,,,0,,,0,1473.0,1475.0,3,,,0,1473.0,1473.0,1,,,0,,,0,,,0,1473.5,1474.5,2,,,0,1470.5,1473.0,3,,,0,,,0,,,0,,,0,,,0,,,0,,,0,,,0,,,0,,,0,1473.0,1473.0,baghdad_kifah,,,0
2024-04-07,,,0,,,0,,,0,1474.5,1474.5,1,,,0,1474.5,1476.0,2,,,0,,,0,,,0,1476.5,1476.5,1,,,0,1473.0,1476.0,2,,,0,,,0,,,0,,,0,,,0,,,0,,,0,,,0,,,0,,,0,1474.5,1476.0,baghdad_kifah,,,0
2024-04-08,,,0,,,0,,,0,1480.5,1479.5,3,,,0,1479.0,1480.0,3,,,0,,,0,,,0,1481.0,1480.0,3,,,0,1479.0,1481.0,4,,,0,,,0,,,0,,,0,,,0,,,0,,,0,,,0,,,0,,,0,1479.0,1480.0,baghdad_kifah,,,0
2024-04-14,,,0,,,0,,,0,1483.5,1489.0,5,,,0,1484.0,1488.0,6,1486.0,1486.0,1,,,0,,,0,1483.5,1487.5,4,,,0,1484.5,1490.5,5,,,0,,,0,,,0,,,0,,,0,,,0,,,0,1489.0,1489.0,1,,,0,,,0,1484.0,1488.0,baghdad_kifah,,,0
2024-04-15,,,0,,,0,,,0,1485.0,1483.5,3,,,0,1487.0,1483.5,5,,,0,,,0,,,0,1486.5,1485.0,4,,,0,1488.0,1483.5,4,,,0,,,0,,,0,,,0,,,0,,,0,,,0,,,0,,,0,,,0,1487.0,1483.5,baghdad_kifah,,,0
2024-04-16,,,0,,,0,,,0,1482.0,1485.0,3,,,0,1482.0,1485.0,3,,,0,,,0,,,0,1483.0,1484.0,2,,,0,1483.5,1487.0,4,,,0,,,0,,,0,,,0,,,0,,,0,,,0,,,0,,,0,,,0,1482.0,1485.0,baghdad_kifah,,,0
2024-04-17,,,0,,,0,1482.5,1482.5,1,1485.0,1484.5,2,,,0,1484.5,1484.5,1,,,0,1484.5,1484.5,1,,,0,1485.0,1483.5,2,,,0,1487.0,1483.0,3,,,0,,,0,,,0,,,0,,,0,,,0,,,0,,,0,,,0,,,0,1484.5,1484.5,baghdad_kifah,,,0
2024-04-18,,,0,,,0,1479.5,1479.5,1,1481.0,1481.0,1,,,0,1482.0,1480.5,2,,,0,,,0,,,0,1481.5,1480.0,3,,,0,1481.5,1479.5,3,,,0,,,0,,,0,,,0,,,0,,,0,,,0,,,0,,,0,,,0,1482.0,1480.5,baghdad_kifah,,,0
2024-04-21,,,0,,,0,,,0,1473.0,1473.0,3,,,0,1472.0,1474.0,4,,,0,,,0,,,0,1473.5,1474.0,2,,,0,1472.5,1475.0,4,,,0,,,0,,,0,,,0,,,0,,,0,,,0,,,0,,,0,,,0,1472.0,1474.0,baghdad_kifah,,,0
2024-04-22,,,0,,,0,1473.5,1473.5,1,1474.0,1474.5,2,,,0,1474.0,1474.0,2,,,0,,,0,,,0,1473.0,1473.5,3,,,0,1476.5,1472.0,4,,,0,,,0,,,0,,,0,,,0,,,0,,,0,,,0,,,0,,,0,1474.0,1474.0,baghdad_kifah,,,0
2024-04-23,,,0,,,0,,,0,,,0,,,0,1471.0,1470.5,3,1469.0,1469.0,1,,,0,,,0,1472.0,1472.0,2,,,0,1470.5,1467.5,3,,,0,,,0,,,0,,,0,,,0,,,0,,,0,,,0,,,0,,,0,1471.0,1470.5,baghdad_kifah,,,0
2024-04-24,,,0,,,0,1464.5,1464.5,1,1468.0,1466.0,3,1467.5,1467.5,1,1468.0,1467.0,3,,,0,,,0,,,0,1468.0,1467.5,3,,,0,1466.75,1467.75,4,,,0,,,0,,,0,,,0,,,0,,,0,,,0,,,0,,,0,,,0,1468.0,1467.0,baghdad_kifah,,,0
2024-04-25,,,0,,,0,,,0,1464.5,1464.5,1,,,0,1465.0,1464.0,3,,,0,1464.0,1464.0,1,,,0,1465.0,1465.0,3,,,0,1468.5,1466.5,3,,,0,,,0,,,0,,,0,,,0,,,0,,,0,,,0,,,0,,,0,1465.0,1464.0,baghdad_kifah,,,0
2024-04-28,,,0,,,0,1452.0,1452.0,1,1454.0,1454.0,1,,,0,1453.0,1452.5,3,,,0,1455.0,1455.0,1,,,0,1457.0,1455.5,3,,,0,1457.5,1452.5,4,,,0,,,0,,,0,,,0,,,0,,,0,,,0,,,0,,,0,,,0,1453.0,1452.5,baghdad_kifah,,,0
2024-04-29,,,0,,,0,1446.0,1446.0,1,1445.5,1452.5,3,1445.5,1445.5,1,1445.0,1454.5,3,1445.0,1445.0,1,,,0,,,0,1447.0,1447.0,2,,,0,1449.0,1454.0,3,,,0,,,0,,,0,,,0,,,0,,,0,,,0,,,0,,,0,,,0,1445.0,1454.5,baghdad_kifah,,,0
2024-04-30,,,0,,,0,,,0,1458.5,1461.0,4,1462.5,1459.0,2,1458.0,1461.0,4,1462.0,1459.0,2,,,0,,,0,1457.5,1459.0,3,,,0,1459.5,1459.5,3,,,0,,,0,,,0,,,0,,,0,,,0,,,0,,,0,,,0,,,0,1458.0,1461.0,baghdad_kifah,,,0
2024-05-01,,,0,,,0,1457.5,1457.5,1,1459.0,1459.0,1,,,0,1458.5,1458.5,1,1459.0,1459.0,1,,,0,,,0,1459.0,1459.0,1,,,0,1458.5,1457.0,2,,,0,,,0,,,0,,,0,,,0,,,0,,,0,,,0,,,0,,,0,1458.5,1458.5,baghdad_kifah,,,0
2024-05-02,,,0,,,0,1458.5,1458.5,1,1457.5,1458.5,2,,,0,1456.5,1458.0,3,,,0,,,0,,,0,1458.5,1459.0,3,,,0,1454.5,1457.0,4,,,0,,,0,,,0,,,0,,,0,,,0,,,0,,,0,,,0,,,0,1456.5,1458.0,baghdad_kifah,,,0
2024-05-05,,,0,,,0,,,0,1458.5,1454.5,4,,,0,1458.0,1454.0,4,,,0,,,0,,,0,1457.0,1457.0,2,,,0,1456.0,1453.5,4,,,0,,,0,,,0,,,0,,,0,,,0,,,0,,,0,,,0,,,0,1458.0,1454.0,baghdad_kifah,,,0
2024-05-06,,,0,,,0,1454.5,1454.5,1,1454.0,1454.5,2,,,0,1453.5,1454.0,5,1456.0,1455.0,2,,,0,,,0,1454.0,1454.5,3,,,0,1453.0,1452.5,4,,,0,,,0,,,0,,,0,,,0,,,0,,,0,,,0,,,0,,,0,1453.5,1454.0,baghdad_kifah,,,0
2024-05-07,,,0,,,0,,,0,1456.5,1454.5,3,,,0,1456.0,1455.0,3,,,0,,,0,,,0,1456.5,1457.5,2,,,0,1455.0,1454.0,3,,,0,,,0,,,0,,,0,,,0,,,0,,,0,,,0,,,0,,,0,1456.0,1455.0,baghdad_kifah,,,0
2024-05-08,,,0,,,0,1455.0,1455.0,1,1455.5,1457.0,2,,,0,1455.0,1457.0,2,,,0,,,0,,,0,1456.0,1456.0,3,,,0,1454.0,1456.0,4,,,0,,,0,,,0,,,0,,,0,,,0,,,0,,,0,,,0,,,0,1455.0,1457.0,baghdad_kifah,,,0
2024-05-09,,,0,,,0,1459.0,1459.0,1,1461.0,1461.0,1,,,0,,,0,,,0,,,0,,,0,1459.0,1460.0,2,,,0,1458.0,1460.5,2,,,0,,,0,,,0,,,0,,,0,,,0,,,0,,,0,,,0,,,0,1459.0,1459.0,baghdad_generic,,,0
2024-05-12,,,0,,,0,,,0,1458.5,1458.5,1,,,0,1457.0,1458.5,4,,,0,,,0,,,0,1457.0,1457.0,1,,,0,1454.5,1457.0,2,,,0,,,0,,,0,,,0,,,0,,,0,,,0,,,0,,,0,,,0,1457.0,1458.5,baghdad_kifah,,,0
2024-05-13,,,0,,,0,,,0,1456.5,1456.5,1,,,0,1457.0,1458.0,2,,,0,1458.5,1458.5,1,,,0,1458.0,1458.0,1,,,0,1455.0,1456.5,2,,,0,,,0,,,0,,,0,,,0,,,0,,,0,,,0,,,0,,,0,1457.0,1458.0,baghdad_kifah,,,0
2024-05-14,,,0,,,0,,,0,1459.0,1458.5,2,,,0,1459.0,1460.0,2,,,0,,,0,,,0,1459.0,1458.5,3,,,0,1458.5,1456.5,2,,,0,,,0,,,0,,,0,,,0,,,0,,,0,,,0,,,0,,,0,1459.0,1460.0,baghdad_kifah,,,0
2024-05-15,,,0,,,0,,,0,1459.0,1459.0,3,,,0,1459.5,1458.5,3,1459.0,1458.0,2,,,0,,,0,1459.0,1458.5,2,,,0,1458.5,1457.5,2,,,0,,,0,,,0,,,0,,,0,,,0,,,0,,,0,,,0,,,0,1459.5,1458.5,baghdad_kifah,,,0
2024-05-16,,,0,,,0,,,0,1461.0,1461.0,1,,,0,,,0,,,0,,,0,,,0,1460.0,1460.0,1,,,0,1459.0,1459.0,1,,,0,,,0,,,0,,,0,,,0,,,0,,,0,,,0,,,0,,,0,1461.0,1461.0,baghdad_harithiya,,,0
2024-05-19,,,0,,,0,,,0,1459.0,1459.0,1,,,0,1457.5,1458.0,3,,,0,,,0,,,0,1457.5,1458.0,2,,,0,1456.0,1456.5,3,,,0,,,0,,,0,,,0,,,0,,,0,,,0,,,0,,,0,,,0,1457.5,1458.0,baghdad_kifah,,,0
2024-05-20,,,0,,,0,,,0,1457.5,1457.5,1,,,0,1457.5,1457.5,1,,,0,,,0,,,0,1457.0,1457.0,1,,,0,1454.5,1454.5,4,,,0,,,0,,,0,,,0,,,0,,,0,,,0,,,0,,,0,,,0,1457.5,1457.5,baghdad_kifah,,,0
2024-05-21,,,0,,,0,,,0,1458.5,1458.5,1,,,0,1457.0,1457.5,3,,,0,,,0,,,0,,,0,,,0,1455.5,1455.0,2,,,0,,,0,,,0,,,0,,,0,,,0,,,0,,,0,,,0,,,0,1457.0,1457.5,baghdad_kifah,,,0
2024-05-22,,,0,,,0,1458.0,1458.0,1,1458.0,1458.0,1,,,0,1458.0,1457.5,2,,,0,,,0,,,0,1458.5,1459.0,3,,,0,1456.5,1455.5,3,,,0,,,0,,,0,,,0,,,0,,,0,,,0,,,0,,,0,,,0,1458.0,1457.5,baghdad_kifah,,,0
2024-05-23,,,0,,,0,,,0,1457.5,1456.0,3,,,0,,,0,,,0,,,0,,,0,1457.5,1457.5,3,,,0,1455.5,1455.0,3,,,0,,,0,,,0,,,0,,,0,,,0,,,0,,,0,,,0,,,0,1457.5,1456.0,baghdad_harithiya,,,0
2024-05-26,,,0,,,0,,,0,1455.5,1455.0,2,,,0,1455.5,1454.5,3,,,0,,,0,,,0,1456.0,1455.0,2,,,0,1454.5,1453.0,3,,,0,,,0,,,0,,,0,,,0,,,0,,,0,,,0,,,0,,,0,1455.5,1454.5,baghdad_kifah,,,0
2024-05-27,,,0,,,0,,,0,1450.0,1450.0,2,,,0,,,0,,,0,,,0,,,0,1450.0,1450.0,2,,,0,1448.5,1449.0,2,,,0,,,0,,,0,,,0,,,0,,,0,,,0,,,0,,,0,,,0,1450.0,1450.0,baghdad_harithiya,,,0
2024-05-28,,,0,,,0,,,0,1448.5,1449.5,2,,,0,1448.0,1449.5,3,,,0,,,0,,,0,1450.0,1449.5,2,,,0,1446.5,1446.5,1,,,0,,,0,,,0,,,0,,,0,,,0,,,0,,,0,,,0,,,0,1448.0,1449.5,baghdad_kifah,,,0
2024-05-29,,,0,,,0,,,0,1449.0,1449.0,1,1448.75,1448.75,1,1449.0,1451.0,3,,,0,1449.0,1449.0,1,,,0,1448.5,1452.0,2,,,0,1446.5,1446.5,1,,,0,,,0,,,0,,,0,,,0,,,0,,,0,,,0,,,0,,,0,1449.0,1451.0,baghdad_kifah,,,0
2024-05-30,,,0,,,0,,,0,1451.5,1452.5,2,,,0,1452.0,1452.5,3,,,0,,,0,,,0,1452.0,1452.0,1,,,0,1449.5,1451.0,2,,,0,,,0,,,0,,,0,,,0,,,0,,,0,,,0,,,0,,,0,1452.0,1452.5,baghdad_kifah,,,0
2024-06-02,,,0,,,0,,,0,1450.0,1451.0,2,,,0,1450.5,1451.5,3,,,0,,,0,,,0,1450.5,1450.0,3,,,0,1449.0,1449.0,3,,,0,,,0,,,0,,,0,,,0,,,0,,,0,,,0,,,0,,,0,1450.5,1451.5,baghdad_kifah,,,0
2024-06-03,,,0,,,0,,,0,1453.5,1454.0,2,1457.5,1457.5,1,1458.0,1460.0,2,1453.5,1453.5,1,,,0,,,0,1453.5,1456.0,3,,,0,1452.5,1454.0,4,,,0,,,0,,,0,,,0,,,0,,,0,,,0,,,0,,,0,,,0,1458.0,1460.0,baghdad_kifah,,,0
2024-06-04,,,0,,,0,1460.0,1460.0,1,,,0,,,0,1456.0,1455.0,2,,,0,,,0,,,0,1457.0,1457.0,1,,,0,1459.0,1452.75,3,,,0,,,0,,,0,,,0,,,0,,,0,,,0,,,0,,,0,,,0,1456.0,1455.0,baghdad_kifah,,,0
2024-06-05,,,0,,,0,,,0,1456.0,1457.0,2,,,0,1456.0,1456.0,2,,,0,,,0,,,0,1455.0,1455.0,1,,,0,1452.5,1455.5,3,,,0,,,0,,,0,,,0,,,0,,,0,,,0,,,0,,,0,,,0,1456.0,1456.0,baghdad_kifah,,,0
2024-06-06,,,0,,,0,1458.0,1459.5,2,,,0,,,0,1459.0,1459.0,1,,,0,1459.0,1459.0,1,,,0,1460.0,1460.0,1,,,0,1458.5,1459.0,3,,,0,,,0,,,0,,,0,,,0,,,0,,,0,,,0,,,0,,,0,1459.0,1459.0,baghdad_kifah,,,0
2024-06-09,1468.5,1468.5,1,,,0,1466.0,1466.0,1,1463.0,1470.0,3,,,0,1462.75,1466.5,2,,,0,,,0,1468.0,1468.0,1,1463.5,1456.5,3,1468.5,1468.5,1,1462.0,1466.0,5,1467.5,1467.5,1,1468.0,1468.0,1,1468.5,1468.5,1,1468.5,1468.5,1,1468.0,1468.0,1,,,0,,,0,1468.0,1468.0,1,1468.0,1468.0,1,,,0,1462.75,1466.5,baghdad_kifah,,,0
2024-06-10,,,0,,,0,1471.0,1471.0,1,1467.5,1469.5,2,1470.0,1470.0,1,,,0,,,0,,,0,,,0,,,0,,,0,1466.0,1469.5,3,,,0,,,0,,,0,,,0,,,0,,,0,,,0,,,0,,,0,,,0,1471.0,1471.0,baghdad_generic,,,0
2024-06-11,,,0,,,0,,,0,1474.0,1474.0,1,,,0,1472.0,1476.0,4,1477.0,1475.0,2,,,0,,,0,1474.0,1474.5,3,,,0,1474.5,1475.5,3,,,0,,,0,,,0,,,0,,,0,,,0,,,0,,,0,,,0,,,0,1472.0,1476.0,baghdad_kifah,,,0
2024-06-12,,,0,,,0,,,0,1471.0,1471.0,1,,,0,1472.0,1470.5,3,,,0,,,0,,,0,,,0,,,0,1470.0,1470.5,3,,,0,,,0,,,0,,,0,,,0,,,0,,,0,,,0,,,0,,,0,1472.0,1470.5,baghdad_kifah,,,0
2024-06-13,,,0,,,0,,,0,1468.5,1466.0,2,,,0,1468.5,1466.5,2,,,0,,,0,,,0,1467.5,1467.5,1,,,0,1469.0,1469.0,1,,,0,,,0,,,0,,,0,,,0,,,0,,,0,,,0,,,0,,,0,1468.5,1466.5,baghdad_kifah,,,0
2024-06-18,,,0,,,0,1468.0,1468.0,1,,,0,,,0,,,0,,,0,,,0,,,0,1472.0,1472.0,1,,,0,,,0,,,0,,,0,,,0,,,0,,,0,,,0,,,0,,,0,,,0,,,0,1468.0,1468.0,baghdad_generic,,,0
2024-06-20,,,0,,,0,1470.0,1471.0,2,,,0,,,0,,,0,,,0,,,0,,,0,,,0,,,0,1471.0,1467.5,4,,,0,,,0,,,0,,,0,,,0,,,0,,,0,,,0,,,0,,,0,1470.0,1471.0,baghdad_generic,,,0
2024-06-23,,,0,,,0,1468.5,1468.5,1,1468.0,1468.0,1,,,0,1469.0,1469.0,1,,,0,,,0,,,0,1467.0,1467.5,2,,,0,1468.0,1469.5,2,,,0,,,0,,,0,,,0,,,0,,,0,,,0,,,0,,,0,,,0,1469.0,1469.0,baghdad_kifah,,,0
2024-06-24,,,0,,,0,1473.5,1473.5,1,1475.0,1474.0,2,,,0,1473.5,1474.25,3,,,0,,,0,,,0,1473.0,1473.0,1,,,0,1474.0,1480.0,5,,,0,,,0,,,0,,,0,,,0,,,0,,,0,,,0,,,0,,,0,1473.5,1474.25,baghdad_kifah,,,0
2024-06-25,,,0,,,0,,,0,1475.0,1475.0,1,,,0,1477.0,1476.0,2,,,0,1476.0,1476.0,1,,,0,1476.0,1474.5,3,,,0,1477.5,1477.0,4,,,0,,,0,,,0,,,0,,,0,,,0,,,0,,,0,,,0,,,0,1477.0,1476.0,baghdad_kifah,,,0
2024-06-26,,,0,,,0,,,0,1472.5,1474.0,2,,,0,1474.0,1474.0,1,,,0,,,0,,,0,,,0,,,0,1476.0,1475.5,3,,,0,,,0,,,0,,,0,,,0,,,0,,,0,,,0,,,0,,,0,1474.0,1474.0,baghdad_kifah,,,0
2024-06-27,,,0,,,0,1470.0,1470.0,1,1472.5,1472.5,1,,,0,1472.0,1473.0,2,,,0,,,0,,,0,1470.0,1471.0,2,,,0,1474.0,1474.5,2,,,0,,,0,,,0,,,0,,,0,,,0,,,0,,,0,,,0,,,0,1472.0,1473.0,baghdad_kifah,,,0
2024-06-30,,,0,,,0,,,0,1474.0,1474.0,1,,,0,1472.0,1475.5,3,,,0,,,0,,,0,1471.0,1472.5,2,,,0,1472.5,1475.5,3,,,0,,,0,,,0,,,0,,,0,,,0,,,0,,,0,,,0,,,0,1472.0,1475.5,baghdad_kifah,,,0
2024-07-01,,,0,,,0,1480.0,1480.0,1,1478.0,1480.0,2,,,0,1476.0,1479.5,3,,,0,,,0,,,0,1477.5,1477.5,2,,,0,1477.5,1478.5,5,,,0,,,0,,,0,,,0,,,0,,,0,,,0,,,0,,,0,,,0,1476.0,1479.5,baghdad_kifah,,,0
2024-07-02,,,0,,,0,1480.5,1480.5,2,,,0,,,0,,,0,,,0,1482.0,1482.0,1,,,0,1478.0,1477.5,2,,,0,1480.5,1483.5,3,,,0,,,0,,,0,,,0,,,0,,,0,,,0,,,0,,,0,,,0,1480.5,1480.5,baghdad_generic,,,0
2024-07-03,,,0,,,0,1487.0,1487.0,1,1486.5,1488.0,2,,,0,1486.0,1489.0,3,,,0,,,0,,,0,1486.0,1484.0,2,,,0,1488.0,1489.5,4,,,0,,,0,,,0,,,0,,,0,,,0,,,0,,,0,,,0,,,0,1486.0,1489.0,baghdad_kifah,,,0
2024-07-04,,,0,,,0,1491.0,1491.0,1,1493.0,1493.0,1,,,0,1496.0,1492.0,3,,,0,,,0,,,0,1495.0,1486.0,3,,,0,1496.0,1489.5,5,,,0,,,0,,,0,,,0,,,0,,,0,,,0,,,0,,,0,,,0,1496.0,1492.0,baghdad_kifah,,,0
2024-07-07,,,0,,,0,1489.0,1496.0,2,1489.0,1489.0,1,,,0,1490.0,1494.0,3,,,0,,,0,,,0,1488.5,1489.0,3,,,0,1490.5,1491.0,4,,,0,,,0,,,0,,,0,,,0,,,0,,,0,,,0,,,0,,,0,1490.0,1494.0,baghdad_kifah,,,0
2024-07-08,,,0,,,0,1507.0,1507.0,1,1501.0,1501.0,1,,,0,1497.5,1506.0,4,,,0,,,0,,,0,1497.5,1497.5,1,,,0,1491.5,1505.5,6,,,0,,,0,,,0,,,0,,,0,,,0,,,0,,,0,,,0,,,0,1497.5,1506.0,baghdad_kifah,,,0
2024-07-09,,,0,,,0,,,0,1508.5,1506.0,4,,,0,1507.0,1509.0,2,,,0,,,0,,,0,1509.0,1507.5,2,,,0,1502.5,1504.5,5,,,0,,,0,,,0,,,0,,,0,,,0,,,0,,,0,,,0,,,0,1507.0,1509.0,baghdad_kifah,,,0
2024-07-10,,,0,,,0,1494.5,1494.5,1,1502.5,1495.0,2,,,0,1502.0,1491.0,4,,,0,,,0,,,0,1499.0,1490.0,4,,,0,1501.0,1492.5,5,,,0,,,0,,,0,,,0,,,0,,,0,,,0,,,0,,,0,,,0,1502.0,1491.0,baghdad_kifah,,,0
2024-07-11,,,0,,,0,1497.5,1497.5,1,1495.0,1496.0,3,,,0,1491.0,1499.0,4,,,0,,,0,,,0,1489.0,1495.0,4,,,0,1492.0,1498.0,5,,,0,,,0,,,0,,,0,,,0,,,0,,,0,,,0,,,0,,,0,1491.0,1499.0,baghdad_kifah,,,0
2024-07-14,,,0,,,0,1495.0,1493.0,2,1489.0,1489.0,1,,,0,1490.0,1490.0,1,,,0,1488.0,1488.0,1,,,0,1496.0,1496.0,1,,,0,1498.5,1491.0,5,,,0,,,0,,,0,,,0,,,0,,,0,,,0,,,0,,,0,,,0,1490.0,1490.0,baghdad_kifah,,,0
2024-07-15,,,0,,,0,,,0,1489.0,1488.5,2,,,0,1491.5,1489.0,3,,,0,,,0,,,0,1490.0,1489.0,2,,,0,1492.0,1492.5,3,,,0,,,0,,,0,,,0,,,0,,,0,,,0,,,0,,,0,,,0,1491.5,1489.0,baghdad_kifah,,,0
2024-07-16,,,0,,,0,,,0,1490.0,1492.0,3,,,0,1489.0,1492.5,5,,,0,,,0,,,0,1489.0,1490.0,2,,,0,1491.0,1496.0,5,,,0,,,0,,,0,,,0,,,0,,,0,,,0,,,0,,,0,,,0,1489.0,1492.5,baghdad_kifah,,,0
2024-07-17,,,0,,,0,,,0,,,0,,,0,,,0,,,0,,,0,,,0,,,0,,,0,1495.0,1494.0,4,,,0,,,0,,,0,,,0,,,0,,,0,,,0,,,0,,,0,,,0,,,,,,0
2024-07-18,,,0,,,0,,,0,1490.0,1490.0,1,1489.0,1489.0,1,1490.0,1490.0,1,,,0,1488.5,1488.5,1,,,0,1491.0,1491.0,1,,,0,1494.0,1493.0,3,,,0,,,0,,,0,,,0,,,0,,,0,,,0,,,0,,,0,,,0,1490.0,1490.0,baghdad_kifah,,,0
2024-07-21,,,0,,,0,,,0,1490.5,1490.0,3,,,0,1489.5,1489.0,3,,,0,,,0,,,0,1490.0,1490.0,1,,,0,1494.0,1496.5,4,,,0,,,0,,,0,,,0,,,0,,,0,,,0,,,0,,,0,,,0,1489.5,1489.0,baghdad_kifah,,,0
2024-07-22,,,0,,,0,1494.0,1493.0,2,1494.0,1494.0,1,,,0,1494.0,1493.5,2,,,0,,,0,,,0,1491.5,1491.5,1,,,0,1496.0,1495.5,3,,,0,,,0,,,0,,,0,,,0,,,0,,,0,,,0,,,0,,,0,1494.0,1493.5,baghdad_kifah,,,0
2024-07-23,,,0,,,0,,,0,1493.5,1493.5,3,,,0,1494.0,1493.0,3,,,0,,,0,,,0,1493.5,1492.5,2,,,0,1496.5,1496.5,3,,,0,,,0,,,0,,,0,,,0,,,0,,,0,,,0,,,0,,,0,1494.0,1493.0,baghdad_kifah,,,0
2024-07-24,,,0,,,0,1497.0,1497.0,1,1497.0,1497.0,1,,,0,1496.0,1496.5,2,,,0,,,0,,,0,1496.0,1496.0,3,,,0,1497.5,1498.0,4,,,0,,,0,,,0,,,0,,,0,,,0,,,0,,,0,,,0,,,0,1496.0,1496.5,baghdad_kifah,,,0
2024-07-25,,,0,,,0,,,0,1493.5,1493.0,3,,,0,1494.0,1494.0,1,,,0,,,0,,,0,1492.5,1492.5,2,,,0,1493.5,1495.0,4,,,0,,,0,,,0,,,0,,,0,,,0,,,0,,,0,,,0,,,0,1494.0,1494.0,baghdad_kifah,,,0
2024-07-28,,,0,,,0,,,0,1492.75,1492.75,1,,,0,1492.75,1492.75,1,,,0,,,0,,,0,1491.5,1491.5,1,,,0,1495.0,1495.0,1,,,0,,,0,,,0,,,0,,,0,,,0,,,0,,,0,,,0,,,0,1492.75,1492.75,baghdad_kifah,,,0
2024-07-29,,,0,,,0,1491.5,1490.0,3,,,0,,,0,,,0,,,0,,,0,,,0,1491.5,1489.5,3,,,0,1493.5,1492.5,3,,,0,,,0,,,0,,,0,,,0,,,0,,,0,,,0,,,0,,,0,1491.5,1490.0,baghdad_generic,,,0
2024-07-30,,,0,,,0,1488.5,1488.0,2,,,0,,,0,,,0,,,0,,,0,,,0,1486.5,1486.5,1,,,0,1488.5,1489.5,2,,,0,,,0,,,0,,,0,,,0,,,0,,,0,,,0,,,0,,,0,1488.5,1488.0,baghdad_generic,,,0
2024-07-31,,,0,,,0,,,0,1491.5,1491.5,1,,,0,1491.0,1492.5,2,,,0,,,0,,,0,1491.0,1491.0,1,,,0,1493.5,1493.5,2,,,0,,,0,,,0,,,0,,,0,,,0,,,0,,,0,,,0,,,0,1491.0,1492.5,baghdad_kifah,,,0
2024-08-01,,,0,,,0,1494.0,1494.0,1,1493.5,1493.5,1,,,0,1494.0,1495.0,2,,,0,,,0,,,0,1492.5,1492.5,2,,,0,1494.5,1497.0,4,,,0,,,0,,,0,,,0,,,0,,,0,,,0,,,0,,,0,,,0,1494.0,1495.0,baghdad_kifah,,,0
2024-08-04,,,0,,,0,1500.0,1500.0,1,1496.5,1496.5,1,1498.0,1498.0,1,1496.5,1501.0,4,1498.0,1498.0,1,,,0,,,0,1495.0,1496.0,2,,,0,1498.0,1501.5,4,,,0,,,0,,,0,,,0,,,0,,,0,,,0,,,0,,,0,,,0,1496.5,1501.0,baghdad_kifah,,,0
2024-08-05,,,0,,,0,1502.0,1502.5,2,1498.5,1498.5,1,,,0,1499.5,1498.0,2,,,0,,,0,,,0,1499.0,1498.5,2,,,0,1500.5,1499.0,4,,,0,,,0,,,0,,,0,,,0,,,0,,,0,,,0,,,0,,,0,1499.5,1498.0,baghdad_kifah,,,0
2024-08-06,,,0,,,0,1500.0,1498.0,2,1497.0,1497.0,1,,,0,1498.0,1497.5,2,,,0,,,0,,,0,1497.0,1498.0,2,,,0,1497.5,1498.0,2,,,0,,,0,,,0,,,0,,,0,,,0,,,0,,,0,,,0,,,0,1498.0,1497.5,baghdad_kifah,,,0
2024-08-07,,,0,,,0,1500.0,1502.0,3,1500.0,1500.0,2,,,0,1500.0,1500.0,1,,,0,,,0,,,0,1498.0,1498.0,1,,,0,1498.5,1499.5,4,,,0,,,0,,,0,,,0,,,0,,,0,,,0,,,0,,,0,,,0,1500.0,1500.0,baghdad_kifah,,,0
2024-08-08,,,0,,,0,,,0,1499.5,1500.5,2,1500.0,1500.0,1,1500.0,1500.75,2,,,0,,,0,,,0,1499.5,1499.5,2,,,0,1501.0,1502.0,2,,,0,,,0,,,0,,,0,,,0,,,0,,,0,,,0,,,0,,,0,1500.0,1500.75,baghdad_kifah,,,0
2024-08-11,,,0,,,0,1495.0,1495.0,1,1496.5,1497.0,2,,,0,1496.25,1496.0,2,,,0,,,0,,,0,1496.0,1496.0,1,,,0,1498.0,1498.0,4,,,0,,,0,,,0,,,0,,,0,,,0,,,0,,,0,,,0,,,0,1496.25,1496.0,baghdad_kifah,,,0
2024-08-12,,,0,,,0,,,0,1498.5,1498.5,1,,,0,1498.25,1498.25,1,,,0,,,0,,,0,1496.5,1496.5,1,,,0,1499.5,1499.5,1,,,0,,,0,,,0,,,0,,,0,,,0,,,0,,,0,,,0,,,0,1498.25,1498.25,baghdad_kifah,,,0
2024-08-13,,,0,,,0,,,0,1499.0,1500.0,2,,,0,1499.0,1500.0,3,,,0,,,0,,,0,1499.0,1499.0,2,,,0,1501.0,1500.5,2,,,0,,,0,,,0,,,0,,,0,,,0,,,0,,,0,,,0,,,0,1499.0,1500.0,baghdad_kifah,,,0
2024-08-14,,,0,,,0,1500.0,1500.0,1,,,0,,,0,1498.0,1498.0,1,,,0,,,0,,,0,,,0,,,0,1499.0,1499.0,1,,,0,,,0,,,0,,,0,,,0,,,0,,,0,,,0,,,0,,,0,1498.0,1498.0,baghdad_kifah,,,0
2024-08-15,,,0,,,0,1497.5,1498.0,2,1498.0,1498.0,1,,,0,,,0,,,0,,,0,,,0,,,0,,,0,1496.5,1498.5,2,,,0,,,0,,,0,,,0,,,0,,,0,,,0,,,0,,,0,,,0,1497.5,1498.0,baghdad_generic,,,0
2024-08-18,,,0,,,0,1492.75,1490.0,2,,,0,,,0,,,0,,,0,,,0,,,0,1493.0,1490.0,2,,,0,1495.0,1495.0,1,,,0,,,0,,,0,,,0,,,0,,,0,,,0,,,0,,,0,,,0,1492.75,1490.0,baghdad_generic,,,0
2024-08-19,,,0,,,0,,,0,1489.5,1492.5,2,1489.5,1489.5,1,1489.0,1490.5,2,,,0,,,0,,,0,,,0,,,0,1490.0,1492.5,3,,,0,,,0,,,0,,,0,,,0,,,0,,,0,,,0,,,0,,,0,1489.0,1490.5,baghdad_kifah,,,0
2024-08-20,,,0,,,0,1493.0,1493.0,1,1493.0,1493.5,2,,,0,1493.5,1495.0,2,,,0,,,0,,,0,1492.0,1492.0,1,,,0,1494.0,1495.0,3,,,0,,,0,,,0,,,0,,,0,,,0,,,0,,,0,,,0,,,0,1493.5,1495.0,baghdad_kifah,,,0
2024-08-21,,,0,,,0,,,0,1494.5,1495.0,2,1494.5,1494.5,1,,,0,,,0,,,0,,,0,1493.0,1493.0,1,,,0,1495.0,1495.0,2,,,0,,,0,,,0,,,0,,,0,,,0,,,0,,,0,,,0,,,0,1494.5,1495.0,baghdad_harithiya,,,0
2024-08-22,,,0,,,0,,,0,1494.0,1494.0,1,1493.0,1493.0,1,,,0,,,0,1494.0,1494.0,1,,,0,,,0,,,0,1494.0,1494.5,2,,,0,,,0,,,0,,,0,,,0,,,0,,,0,,,0,,,0,,,0,1494.0,1494.0,baghdad_harithiya,,,0
2024-08-25,,,0,,,0,1492.0,1493.0,2,,,0,,,0,,,0,,,0,,,0,,,0,1494.0,1494.0,1,,,0,1494.5,1495.0,2,,,0,,,0,,,0,,,0,,,0,,,0,,,0,,,0,,,0,,,0,1492.0,1493.0,baghdad_generic,,,0
2024-08-26,,,0,,,0,,,0,1492.5,1492.5,1,,,0,,,0,,,0,1492.0,1492.0,1,,,0,,,0,,,0,1492.0,1492.0,1,,,0,,,0,,,0,,,0,,,0,,,0,,,0,,,0,,,0,,,0,1492.5,1492.5,baghdad_harithiya,,,0
2024-08-27,,,0,,,0,1488.0,1488.0,1,1489.5,1489.5,1,1489.0,1489.0,1,1490.5,1489.0,2,,,0,,,0,,,0,,,0,,,0,1490.0,1488.5,3,,,0,,,0,,,0,,,0,,,0,,,0,,,0,,,0,,,0,,,0,1490.5,1489.0,baghdad_kifah,,,0
2024-08-28,,,0,,,0,,,0,1488.5,1492.0,2,,,0,1491.0,1491.0,1,1488.5,1488.5,1,,,0,,,0,,,0,,,0,1488.5,1491.0,2,,,0,,,0,,,0,,,0,,,0,,,0,,,0,,,0,,,0,,,0,1491.0,1491.0,baghdad_kifah,,,0
2024-08-29,,,0,,,0,1493.5,1493.5,1,,,0,,,0,1493.5,1493.5,1,,,0,,,0,,,0,,,0,,,0,1494.0,1492.0,2,,,0,,,0,,,0,,,0,,,0,,,0,,,0,,,0,,,0,,,0,1493.5,1493.5,baghdad_kifah,,,0
2024-09-01,,,0,,,0,1491.5,1491.0,2,,,0,,,0,,,0,,,0,,,0,,,0,1491.0,1491.0,2,,,0,1491.0,1490.5,2,,,0,,,0,,,0,,,0,,,0,,,0,,,0,,,0,,,0,,,0,1491.5,1491.0,baghdad_generic,,,0
2024-09-02,,,0,,,0,,,0,1493.5,1493.5,1,,,0,1493.0,1493.0,1,,,0,,,0,,,0,,,0,,,0,1492.5,1492.5,1,,,0,,,0,,,0,,,0,,,0,,,0,,,0,,,0,,,0,,,0,1493.0,1493.0,baghdad_kifah,,,0
2024-09-03,,,0,,,0,,,0,1495.0,1493.5,2,,,0,1495.5,1494.0,2,,,0,,,0,,,0,1494.0,1494.0,1,,,0,1496.0,1493.0,2,,,0,,,0,,,0,,,0,,,0,,,0,,,0,,,0,,,0,,,0,1495.5,1494.0,baghdad_kifah,,,0
2024-09-04,,,0,,,0,,,0,1493.5,1494.0,2,,,0,1493.5,1494.5,2,,,0,,,0,,,0,1493.0,1493.0,1,,,0,1493.5,1493.0,2,,,0,,,0,,,0,,,0,,,0,,,0,,,0,,,0,,,0,,,0,1493.5,1494.5,baghdad_kifah,,,0
2024-09-05,,,0,,,0,,,0,1494.0,1494.0,2,,,0,1494.0,1494.0,2,,,0,,,0,,,0,1493.0,1493.0,1,,,0,1493.5,1494.0,2,,,0,,,0,,,0,,,0,,,0,,,0,,,0,,,0,,,0,,,0,1494.0,1494.0,baghdad_kifah,,,0
2024-09-08,,,0,,,0,,,0,1495.0,1498.0,3,,,0,1495.0,1497.0,3,,,0,,,0,,,0,1495.0,1495.5,2,,,0,1496.0,1497.75,3,,,0,,,0,,,0,,,0,,,0,,,0,,,0,,,0,,,0,,,0,1495.0,1497.0,baghdad_kifah,,,0
2024-09-09,,,0,,,0,,,0,1499.0,1499.0,1,,,0,1499.0,1499.0,1,,,0,,,0,,,0,1497.0,1497.0,1,,,0,1499.0,1499.0,1,,,0,,,0,,,0,,,0,,,0,,,0,,,0,,,0,,,0,,,0,1499.0,1499.0,baghdad_kifah,,,0
2024-09-10,,,0,,,0,,,0,1500.0,1499.25,4,,,0,1499.0,1499.5,5,,,0,,,0,,,0,1497.0,1498.0,3,,,0,1499.0,1499.25,5,,,0,,,0,,,0,,,0,,,0,,,0,,,0,,,0,,,0,,,0,1499.0,1499.5,baghdad_kifah,,,0
2024-09-11,,,0,,,0,,,0,1498.5,1498.5,1,,,0,1498.5,1498.5,1,,,0,,,0,,,0,1497.0,1497.0,1,,,0,1498.5,1498.5,1,,,0,,,0,,,0,,,0,,,0,,,0,,,0,,,0,,,0,,,0,1498.5,1498.5,baghdad_kifah,,,0
2024-09-12,,,0,,,0,,,0,1496.5,1496.5,1,,,0,1495.75,1496.0,3,,,0,,,0,,,0,1495.5,1496.0,3,,,0,1497.0,1497.5,3,,,0,,,0,,,0,,,0,,,0,,,0,,,0,,,0,,,0,,,0,1495.75,1496.0,baghdad_kifah,,,0
2024-09-15,,,0,,,0,,,0,1499.5,1499.5,1,,,0,,,0,,,0,,,0,,,0,1498.5,1498.5,1,,,0,1500.0,1500.0,1,,,0,,,0,,,0,,,0,,,0,,,0,,,0,,,0,,,0,,,0,1499.5,1499.5,baghdad_harithiya,,,0
2024-09-16,,,0,,,0,1502.5,1502.5,1,1499.5,1499.5,1,,,0,1498.5,1499.0,2,,,0,,,0,,,0,,,0,,,0,1500.0,1500.0,2,,,0,,,0,,,0,,,0,,,0,,,0,,,0,,,0,,,0,,,0,1498.5,1499.0,baghdad_kifah,,,0
2024-09-17,,,0,,,0,,,0,,,0,,,0,1500.0,1501.0,2,,,0,,,0,,,0,,,0,,,0,1502.5,1503.0,2,,,0,,,0,,,0,,,0,,,0,,,0,,,0,,,0,,,0,,,0,1500.0,1501.0,baghdad_kifah,,,0
2024-09-18,,,0,,,0,1498.5,1498.5,1,,,0,,,0,,,0,,,0,,,0,,,0,1498.25,1498.25,1,,,0,1501.25,1501.25,1,,,0,,,0,,,0,,,0,,,0,,,0,,,0,,,0,,,0,,,0,1498.5,1498.5,baghdad_generic,,,0
2024-09-19,,,0,,,0,,,0,1499.0,1499.0,1,,,0,1499.5,1499.5,1,,,0,,,0,,,0,,,0,,,0,1498.5,1501.0,2,,,0,,,0,,,0,,,0,,,0,,,0,,,0,,,0,,,0,,,0,1499.5,1499.5,baghdad_kifah,,,0
2024-09-22,,,0,,,0,,,0,,,0,,,0,1497.5,1497.5,1,,,0,,,0,,,0,,,0,,,0,1498.25,1498.25,1,,,0,,,0,,,0,,,0,,,0,,,0,,,0,,,0,,,0,,,0,1497.5,1497.5,baghdad_kifah,,,0
2024-09-23,,,0,,,0,1498.0,1498.0,1,,,0,,,0,1499.0,1499.0,1,,,0,,,0,,,0,,,0,,,0,1499.0,1500.0,2,,,0,,,0,,,0,,,0,,,0,,,0,,,0,,,0,,,0,,,0,1499.0,1499.0,baghdad_kifah,,,0
2024-09-24,,,0,,,0,1505.0,1505.0,1,1505.5,1505.5,1,,,0,1504.0,1506.0,2,,,0,,,0,,,0,1504.0,1504.0,1,,,0,1504.0,1505.5,2,,,0,,,0,,,0,,,0,,,0,,,0,,,0,,,0,,,0,,,0,1504.0,1506.0,baghdad_kifah,,,0
2024-09-25,,,0,,,0,,,0,1517.0,1516.0,2,1515.5,1515.5,1,1516.0,1516.0,1,,,0,,,0,,,0,1512.0,1512.0,1,,,0,1516.0,1516.5,2,,,0,,,0,,,0,,,0,,,0,,,0,,,0,,,0,,,0,,,0,1516.0,1516.0,baghdad_kifah,,,0
2024-09-26,,,0,,,0,,,0,1518.5,1514.0,2,,,0,1518.0,1515.5,2,,,0,,,0,,,0,1515.5,1511.0,2,,,0,1519.0,1513.0,3,,,0,,,0,,,0,,,0,,,0,,,0,,,0,,,0,,,0,,,0,1518.0,1515.5,baghdad_kifah,,,0
2024-09-29,,,0,,,0,,,0,1516.0,1516.0,1,,,0,1515.5,1515.5,1,,,0,,,0,,,0,1515.0,1515.0,1,,,0,1516.5,1516.5,1,,,0,,,0,,,0,,,0,,,0,,,0,,,0,,,0,,,0,,,0,1515.5,1515.5,baghdad_kifah,,,0
2024-09-30,,,0,,,0,,,0,1516.0,1516.0,1,,,0,1516.0,1516.0,1,,,0,,,0,,,0,1514.5,1514.5,1,,,0,1514.5,1514.5,1,,,0,,,0,,,0,,,0,,,0,,,0,,,0,,,0,,,0,,,0,1516.0,1516.0,baghdad_kifah,,,0
2024-10-01,,,0,,,0,,,0,1518.0,1518.0,2,,,0,1518.0,1523.5,3,,,0,,,0,,,0,1517.0,1517.0,2,,,0,1518.5,1518.5,2,,,0,,,0,,,0,,,0,,,0,,,0,,,0,,,0,,,0,,,0,1518.0,1523.5,baghdad_kifah,,,0
2024-10-02,,,0,,,0,1534.0,1534.0,1,1526.0,1530.0,2,,,0,1525.0,1534.5,3,,,0,,,0,,,0,1522.5,1526.5,2,,,0,1530.0,1539.0,3,,,0,,,0,,,0,,,0,,,0,,,0,,,0,,,0,,,0,,,0,1525.0,1534.5,baghdad_kifah,,,0
2024-10-03,,,0,,,0,1530.0,1530.0,1,1533.0,1532.0,4,,,0,1533.0,1531.0,3,,,0,,,0,,,0,,,0,,,0,1533.5,1530.0,4,,,0,,,0,,,0,,,0,,,0,,,0,,,0,,,0,,,0,,,0,1533.0,1531.0,baghdad_kifah,,,0
2024-10-06,,,0,,,0,1570.0,1570.0,1,1542.0,1555.0,4,,,0,1550.0,1558.5,5,,,0,,,0,,,0,1553.0,1548.0,2,,,0,1545.0,1559.0,7,,,0,,,0,,,0,,,0,,,0,,,0,,,0,,,0,,,0,,,0,1550.0,1558.5,baghdad_kifah,,,0
2024-10-07,,,0,,,0,,,0,1547.0,1540.0,5,1547.0,1543.0,2,1547.0,1546.0,2,1541.0,1541.0,1,,,0,,,0,1543.0,1536.0,2,,,0,1545.5,1540.5,6,,,0,,,0,,,0,,,0,,,0,,,0,,,0,,,0,,,0,,,0,1547.0,1546.0,baghdad_kifah,,,0
2024-10-08,,,0,,,0,1536.5,1536.5,1,1533.0,1531.5,2,,,0,1531.5,1531.0,2,,,0,,,0,,,0,1529.5,1529.5,1,,,0,1533.5,1534.5,2,,,0,,,0,,,0,,,0,,,0,,,0,,,0,,,0,,,0,,,0,1531.5,1531.0,baghdad_kifah,,,0
2024-10-09,,,0,,,0,1528.0,1528.0,1,,,0,,,0,1529.5,1534.0,2,,,0,,,0,,,0,1527.0,1531.0,3,,,0,1530.0,1533.5,4,,,0,,,0,,,0,,,0,,,0,,,0,,,0,,,0,,,0,,,0,1529.5,1534.0,baghdad_kifah,,,0
2024-10-10,,,0,,,0,1536.0,1538.5,4,,,0,,,0,1537.5,1538.0,2,,,0,,,0,,,0,1534.0,1534.0,1,,,0,1538.0,1540.0,5,,,0,,,0,,,0,,,0,,,0,,,0,,,0,,,0,,,0,,,0,1537.5,1538.0,baghdad_kifah,,,0
2024-10-13,,,0,,,0,1530.0,1530.0,2,1526.0,1526.0,1,,,0,1529.0,1526.0,4,1527.0,1527.0,1,,,0,,,0,,,0,,,0,1533.5,1525.75,5,,,0,,,0,,,0,,,0,,,0,,,0,,,0,,,0,,,0,,,0,1529.0,1526.0,baghdad_kifah,,,0
2024-10-14,,,0,,,0,,,0,1532.0,1532.0,1,1530.5,1530.5,1,1530.0,1530.0,1,,,0,,,0,,,0,1528.0,1530.0,2,,,0,1531.0,1533.0,2,,,0,,,0,,,0,,,0,,,0,,,0,,,0,,,0,,,0,,,0,1530.0,1530.0,baghdad_kifah,,,0
2024-10-15,,,0,,,0,,,0,,,0,1531.0,1531.0,1,1530.0,1529.5,2,1529.5,1530.0,2,,,0,,,0,1529.0,1529.0,2,,,0,1532.5,1531.25,3,,,0,,,0,,,0,,,0,,,0,,,0,,,0,,,0,,,0,,,0,1530.0,1529.5,baghdad_kifah,,,0
2024-10-16,,,0,,,0,1535.0,1535.0,1,1528.0,1530.0,2,,,0,1527.0,1529.0,3,,,0,,,0,,,0,1526.0,1526.0,1,,,0,1529.0,1531.0,3,,,0,,,0,,,0,,,0,,,0,,,0,,,0,,,0,,,0,,,0,1527.0,1529.0,baghdad_kifah,,,0
2024-10-17,,,0,,,0,1531.0,1531.0,1,,,0,,,0,1531.0,1531.0,1,,,0,,,0,,,0,1529.0,1529.0,1,,,0,1534.5,1534.0,2,,,0,,,0,,,0,,,0,,,0,,,0,,,0,,,0,,,0,,,0,1531.0,1531.0,baghdad_kifah,,,0
2024-10-20,,,0,,,0,1526.0,1526.0,1,1525.5,1528.0,3,,,0,1525.5,1527.5,3,,,0,,,0,,,0,1526.5,1526.5,1,,,0,1530.0,1528.5,4,,,0,,,0,,,0,,,0,,,0,,,0,,,0,,,0,,,0,,,0,1525.5,1527.5,baghdad_kifah,,,0
2024-10-21,,,0,,,0,1530.0,1530.0,1,1530.0,1525.5,2,1526.5,1526.5,1,1529.5,1525.0,2,,,0,,,0,,,0,1529.0,1529.0,1,,,0,1532.5,1526.5,4,,,0,,,0,,,0,,,0,,,0,,,0,,,0,,,0,,,0,,,0,1529.5,1525.0,baghdad_kifah,,,0
2024-10-22,,,0,,,0,,,0,1525.5,1525.5,1,,,0,1526.0,1526.0,1,,,0,,,0,,,0,,,0,,,0,1527.0,1527.0,1,,,0,,,0,,,0,,,0,,,0,,,0,,,0,,,0,,,0,,,0,1526.0,1526.0,baghdad_kifah,,,0
2024-10-23,,,0,,,0,1524.5,1524.5,1,1527.5,1526.0,2,1527.0,1527.0,1,1526.0,1526.0,1,,,0,,,0,,,0,1527.0,1527.0,1,,,0,1530.0,1524.5,3,,,0,,,0,,,0,,,0,,,0,,,0,,,0,,,0,,,0,,,0,1526.0,1526.0,baghdad_kifah,,,0
2024-10-24,,,0,,,0,,,0,1521.5,1522.25,2,,,0,1522.0,1523.5,2,,,0,,,0,,,0,1521.0,1521.0,1,,,0,1524.0,1525.5,2,,,0,,,0,,,0,,,0,,,0,,,0,,,0,,,0,,,0,,,0,1522.0,1523.5,baghdad_kifah,,,0
2024-10-27,1510.5,1510.5,1,,,0,1509.5,1507.0,2,1505.0,1505.5,2,1506.0,1506.0,1,1505.5,1506.0,2,,,0,,,0,1510.0,1510.0,1,1505.5,1508.0,2,1510.0,1510.0,1,1510.0,1508.0,4,1510.5,1510.5,1,1510.0,1510.0,1,1510.0,1510.0,1,1510.0,1510.0,1,1510.0,1510.0,1,,,0,,,0,1510.5,1510.5,1,1510.0,1510.0,1,,,0,1505.5,1506.0,baghdad_kifah,,,0
2024-10-28,1510.5,1510.5,1,,,0,1507.0,1507.0,1,1511.0,1509.75,2,,,0,1512.0,1510.0,2,,,0,,,0,1510.0,1510.0,1,1510.0,1509.0,2,1510.0,1510.0,1,1514.0,1509.0,3,1510.5,1510.5,1,1510.0,1510.0,1,1510.0,1510.0,1,1510.0,1510.0,1,1510.0,1510.0,1,,,0,,,0,1510.5,1510.5,1,1510.0,1510.0,1,,,0,1512.0,1510.0,baghdad_kifah,,,0
2024-10-29,1507.5,1507.5,1,,,0,1505.5,1505.5,1,,,0,,,0,1506.0,1506.0,1,,,0,,,0,1507.0,1507.0,1,1506.0,1506.0,1,1507.0,1507.0,1,1509.0,1506.0,2,1507.5,1507.5,1,1507.5,1507.5,1,1507.0,1507.0,1,1507.5,1507.5,1,1507.5,1507.5,1,,,0,,,0,1507.5,1507.5,1,1507.5,1507.5,1,,,0,1506.0,1506.0,baghdad_kifah,,,0
2024-10-30,1503.5,1503.5,1,,,0,1501.5,1501.5,1,1504.0,1504.0,1,,,0,1504.0,1504.0,1,,,0,,,0,1503.0,1503.0,1,1502.0,1502.0,2,1503.0,1503.0,1,1507.5,1502.0,2,1503.5,1503.5,1,1503.5,1503.5,1,1503.0,1503.0,1,1503.5,1503.5,1,1503.5,1503.5,1,,,0,,,0,1503.5,1503.5,1,1503.5,1503.5,1,,,0,1504.0,1504.0,baghdad_kifah,,,0
2024-10-31,1506.5,1506.5,1,,,0,1503.5,1503.5,1,,,0,1502.5,1502.5,1,1502.5,1502.5,1,,,0,,,0,1506.0,1506.0,1,1501.0,1504.0,2,1506.0,1506.0,1,1504.0,1504.0,2,1506.5,1506.5,1,1506.5,1506.5,1,1506.0,1506.0,1,1506.5,1506.5,1,1506.5,1506.5,1,,,0,,,0,1506.5,1506.5,1,1506.5,1506.5,1,,,0,1502.5,1502.5,baghdad_kifah,,,0
2024-11-03,,,0,,,0,1507.5,1507.5,1,1507.5,1507.5,1,,,0,1507.5,1509.0,2,,,0,,,0,,,0,1507.0,1507.0,1,,,0,1509.5,1510.0,2,,,0,,,0,,,0,,,0,,,0,,,0,,,0,,,0,,,0,,,0,1507.5,1509.0,baghdad_kifah,,,0
2024-11-04,1511.5,1511.5,1,,,0,1509.0,1509.0,1,1510.5,1511.5,2,1511.0,1511.0,1,1510.0,1510.5,2,,,0,,,0,1511.0,1511.0,1,1511.0,1510.0,2,1511.0,1511.0,1,1513.0,1510.0,3,1511.5,1511.5,1,1511.5,1511.5,1,1511.0,1511.0,1,1511.5,1511.5,1,1511.5,1511.5,1,,,0,,,0,1511.5,1511.5,1,1511.5,1511.5,1,,,0,1510.0,1510.5,baghdad_kifah,,,0
2024-11-05,1508.5,1508.5,1,,,0,1506.5,1506.5,1,1507.0,1506.0,2,1507.0,1507.0,1,1507.5,1507.0,2,1506.75,1506.75,1,,,0,1508.0,1508.0,1,1507.0,1507.0,2,1509.0,1509.0,1,1508.0,1507.0,3,1509.5,1509.5,1,1508.5,1508.5,1,1509.0,1509.0,1,1509.5,1509.5,1,1508.5,1508.5,1,,,0,,,0,1509.5,1509.5,1,1508.5,1508.5,1,,,0,1507.5,1507.0,baghdad_kifah,,,0
2024-11-06,1510.5,1510.5,1,,,0,1507.0,1507.0,1,1508.5,1508.5,1,,,0,1508.5,1509.0,2,1508.5,1508.5,1,,,0,1510.0,1510.0,1,1508.0,1508.0,2,1510.0,1510.0,1,1511.0,1508.0,3,1510.5,1510.5,1,1510.0,1510.0,1,1510.0,1510.0,1,1510.0,1510.0,1,1510.0,1510.0,1,,,0,,,0,1510.0,1510.0,1,1510.0,1510.0,1,,,0,1508.5,1509.0,baghdad_kifah,,,0
2024-11-07,,,0,,,0,1507.0,1507.0,1,1506.5,1506.5,1,,,0,1507.5,1507.0,2,,,0,,,0,,,0,1506.5,1506.5,1,,,0,1507.5,1508.0,2,,,0,,,0,,,0,,,0,,,0,,,0,,,0,,,0,,,0,,,0,1507.5,1507.0,baghdad_kifah,,,0
2024-11-10,,,0,,,0,1505.0,1504.5,2,1505.5,1505.5,1,,,0,1505.75,1505.75,1,,,0,,,0,,,0,1505.5,1505.5,1,,,0,1507.5,1506.0,2,,,0,,,0,,,0,,,0,,,0,,,0,,,0,,,0,,,0,,,0,1505.75,1505.75,baghdad_kifah,,,0
2024-11-11,,,0,,,0,,,0,,,0,1503.0,1503.0,1,1502.5,1504.0,2,,,0,1501.75,1503.0,2,,,0,1503.0,1503.0,1,,,0,1503.5,1503.5,2,,,0,,,0,,,0,,,0,,,0,,,0,,,0,,,0,,,0,,,0,1502.5,1504.0,baghdad_kifah,,,0
2024-11-12,,,0,,,0,,,0,,,0,,,0,1502.0,1502.0,1,1501.0,1501.0,1,,,0,,,0,1501.5,1501.5,1,,,0,1501.5,1501.5,1,,,0,,,0,,,0,,,0,,,0,,,0,,,0,,,0,,,0,,,0,1502.0,1502.0,baghdad_kifah,,,0
2024-11-13,,,0,,,0,,,0,1503.0,1504.5,2,1503.5,1505.0,2,1504.5,1504.5,1,,,0,,,0,,,0,1503.0,1504.0,2,,,0,1505.0,1505.5,2,,,0,,,0,,,0,,,0,,,0,,,0,,,0,,,0,,,0,,,0,1504.5,1504.5,baghdad_kifah,,,0
2024-11-14,,,0,,,0,1507.0,1507.0,1,1507.5,1507.5,1,,,0,1508.0,1508.0,1,,,0,,,0,,,0,1507.0,1507.0,1,,,0,1507.0,1507.0,2,,,0,,,0,,,0,,,0,,,0,,,0,,,0,,,0,,,0,,,0,1508.0,1508.0,baghdad_kifah,,,0
2024-11-17,,,0,,,0,1503.5,1501.5,2,,,0,,,0,,,0,,,0,,,0,,,0,1502.5,1503.0,2,,,0,1502.5,1502.5,1,,,0,,,0,,,0,,,0,,,0,,,0,,,0,,,0,,,0,,,0,1503.5,1501.5,baghdad_generic,,,0
2024-11-18,,,0,,,0,1505.0,1504.25,2,1504.0,1504.0,1,,,0,1503.5,1503.5,1,,,0,,,0,,,0,1503.5,1505.5,3,,,0,1504.0,1504.5,2,,,0,,,0,,,0,,,0,,,0,,,0,,,0,,,0,,,0,,,0,1503.5,1503.5,baghdad_kifah,,,0
2024-11-19,,,0,,,0,1505.5,1505.5,1,,,0,,,0,1506.5,1506.5,1,,,0,,,0,,,0,1505.5,1505.5,1,,,0,1506.0,1504.5,2,,,0,,,0,,,0,,,0,,,0,,,0,,,0,,,0,,,0,,,0,1506.5,1506.5,baghdad_kifah,,,0
2024-11-24,,,0,,,0,,,0,,,0,,,0,1503.0,1501.25,2,,,0,,,0,,,0,1500.0,1500.0,1,,,0,1503.5,1502.5,2,,,0,,,0,,,0,,,0,,,0,,,0,,,0,,,0,,,0,,,0,1503.0,1501.25,baghdad_kifah,,,0
2024-11-25,,,0,,,0,,,0,1503.5,1503.5,1,,,0,1503.5,1503.5,1,,,0,1504.0,1504.0,1,,,0,1503.0,1503.0,1,,,0,1504.0,1504.0,1,,,0,,,0,,,0,,,0,,,0,,,0,,,0,,,0,,,0,,,0,1503.5,1503.5,baghdad_kifah,,,0
2024-11-26,,,0,,,0,,,0,1503.0,1499.5,2,,,0,1503.5,1498.5,2,1499.0,1499.0,1,,,0,,,0,1502.5,1499.5,2,,,0,1503.5,1498.5,2,,,0,,,0,,,0,,,0,,,0,,,0,,,0,,,0,,,0,,,0,1503.5,1498.5,baghdad_kifah,,,0
2024-11-27,,,0,,,0,,,0,1498.5,1498.5,1,1499.0,1499.0,1,1499.0,1498.5,2,,,0,,,0,,,0,1499.0,1499.0,1,,,0,1500.0,1499.5,2,,,0,,,0,,,0,,,0,,,0,,,0,,,0,,,0,,,0,,,0,1499.0,1498.5,baghdad_kifah,,,0
2024-11-28,1501.0,1501.0,1,,,0,1500.0,1500.0,1,1501.0,1501.0,1,1500.0,1500.0,2,1501.0,1500.0,2,,,0,,,0,1500.5,1500.5,1,1501.0,1500.0,2,1500.5,1500.5,1,1502.0,1500.0,3,1501.0,1501.0,1,1501.0,1501.0,1,1500.5,1500.5,1,1501.0,1501.0,1,1501.0,1501.0,1,,,0,,,0,1501.0,1501.0,1,1501.0,1501.0,1,,,0,1501.0,1500.0,baghdad_kifah,,,0
2024-12-01,,,0,,,0,,,0,1499.0,1499.0,1,1498.5,1498.5,1,1499.25,1499.25,1,,,0,,,0,,,0,1495.0,1495.0,1,,,0,1499.0,1499.0,1,,,0,,,0,,,0,,,0,,,0,,,0,,,0,,,0,,,0,,,0,1499.25,1499.25,baghdad_kifah,,,0
2024-12-02,,,0,,,0,,,0,,,0,1501.5,1501.5,1,1502.0,1502.0,1,,,0,,,0,,,0,1500.0,1500.0,1,,,0,1502.0,1502.0,1,,,0,,,0,,,0,,,0,,,0,,,0,,,0,,,0,,,0,,,0,1502.0,1502.0,baghdad_kifah,,,0
2024-12-03,,,0,,,0,1501.5,1501.5,1,,,0,,,0,1500.5,1500.5,1,,,0,,,0,,,0,1499.0,1500.0,2,,,0,1500.5,1501.5,2,,,0,,,0,,,0,,,0,,,0,,,0,,,0,,,0,,,0,,,0,1500.5,1500.5,baghdad_kifah,,,0
2024-12-04,,,0,,,0,,,0,1502.0,1502.0,1,,,0,1502.5,1505.0,2,1504.0,1504.0,1,,,0,,,0,1502.5,1501.0,2,,,0,1503.0,1503.5,2,,,0,,,0,,,0,,,0,,,0,,,0,,,0,,,0,,,0,,,0,1502.5,1505.0,baghdad_kifah,,,0
2024-12-05,,,0,,,0,,,0,1504.25,1504.25,1,1504.5,1504.5,1,1504.5,1504.5,1,,,0,,,0,,,0,1502.0,1502.0,1,,,0,1503.25,1503.25,1,,,0,,,0,,,0,,,0,,,0,,,0,,,0,,,0,,,0,,,0,1504.5,1504.5,baghdad_kifah,,,0
2024-12-08,1509.0,1509.0,1,,,0,1506.0,1506.0,1,,,0,,,0,1511.5,1511.5,1,,,0,1510.0,1510.0,1,1508.5,1508.5,1,1508.5,1507.0,2,1508.5,1508.5,1,1508.5,1507.0,2,1509.0,1509.0,1,1508.0,1508.0,1,1508.5,1508.5,1,1508.0,1508.0,1,1508.0,1508.0,1,,,0,,,0,1508.0,1508.0,1,1509.0,1509.0,1,,,0,1511.5,1511.5,baghdad_kifah,,,0
2024-12-09,1505.0,1505.0,1,,,0,1504.0,1504.0,1,1506.5,1506.5,1,,,0,1507.0,1507.0,1,1507.0,1507.0,1,,,0,1506.5,1506.5,1,1505.0,1505.0,2,1505.5,1505.5,1,1503.5,1505.0,2,1506.0,1506.0,1,1506.0,1506.0,1,1505.5,1505.5,1,1506.0,1506.0,1,1506.0,1506.0,1,,,0,,,0,1506.0,1506.0,1,1505.0,1505.0,1,,,0,1507.0,1507.0,baghdad_kifah,,,0
2024-12-10,,,0,,,0,1508.5,1501.0,2,1508.5,1508.5,1,,,0,1508.5,1508.5,1,1509.0,1509.0,1,,,0,,,0,1507.5,1505.0,2,,,0,1505.0,1506.0,2,,,0,,,0,,,0,,,0,,,0,,,0,,,0,,,0,,,0,,,0,1508.5,1508.5,baghdad_kifah,,,0
2024-12-11,,,0,,,0,1503.5,1503.5,1,,,0,,,0,1505.0,1505.0,1,,,0,,,0,,,0,1501.5,1501.0,2,,,0,1502.5,1500.0,2,,,0,,,0,,,0,,,0,,,0,,,0,,,0,,,0,,,0,,,0,1505.0,1505.0,baghdad_kifah,,,0
2024-12-12,,,0,,,0,,,0,1504.0,1504.0,1,1504.0,1504.0,1,1504.5,1504.5,1,,,0,,,0,,,0,,,0,,,0,1502.0,1502.0,1,,,0,,,0,,,0,,,0,,,0,,,0,,,0,,,0,,,0,,,0,1504.5,1504.5,baghdad_kifah,,,0
2024-12-15,,,0,,,0,1508.5,1508.5,1,1509.0,1509.0,1,,,0,1507.0,1509.5,3,1506.0,1506.0,1,1508.5,1508.5,1,,,0,1507.0,1507.5,3,,,0,1500.0,1500.0,1,,,0,,,0,,,0,,,0,,,0,,,0,,,0,,,0,,,0,,,0,1507.0,1509.5,baghdad_kifah,,,0
2024-12-16,,,0,,,0,,,0,,,0,,,0,1509.0,1508.5,2,1509.5,1509.5,1,,,0,,,0,1507.0,1507.0,1,,,0,1504.5,1505.0,2,,,0,,,0,,,0,,,0,,,0,,,0,,,0,,,0,,,0,,,0,1509.0,1508.5,baghdad_kifah,,,0
2024-12-17,,,0,,,0,,,0,1512.0,1510.5,2,1513.5,1513.5,1,1509.5,1511.5,3,,,0,,,0,,,0,1509.0,1509.0,1,,,0,1505.5,1505.0,3,,,0,,,0,,,0,,,0,,,0,,,0,,,0,,,0,,,0,,,0,1509.5,1511.5,baghdad_kifah,,,0
2024-12-18,,,0,,,0,1512.0,1512.0,1,1510.0,1509.5,2,1509.5,1509.5,1,1509.5,1509.5,1,,,0,,,0,,,0,1511.0,1510.5,3,,,0,1507.0,1505.0,3,,,0,,,0,,,0,,,0,,,0,,,0,,,0,,,0,,,0,,,0,1509.5,1509.5,baghdad_kifah,,,0
2024-12-19,,,0,,,0,,,0,,,0,,,0,1510.5,1510.5,1,1510.5,1510.5,1,,,0,,,0,1509.5,1509.5,1,,,0,1506.5,1506.5,1,,,0,,,0,,,0,,,0,,,0,,,0,,,0,,,0,,,0,,,0,1510.5,1510.5,baghdad_kifah,,,0
2024-12-22,,,0,,,0,,,0,1506.5,1506.5,1,,,0,1507.0,1507.0,1,,,0,,,0,,,0,1508.0,1508.0,1,,,0,1504.0,1504.0,1,,,0,,,0,,,0,,,0,,,0,,,0,,,0,,,0,,,0,,,0,1507.0,1507.0,baghdad_kifah,,,0
2024-12-23,1511.0,1511.0,1,,,0,1510.0,1510.0,1,1511.5,1511.5,1,1513.0,1513.0,1,1512.5,1512.5,1,,,0,,,0,1510.5,1510.5,1,1512.0,1510.0,2,1510.5,1510.5,1,1510.0,1508.5,2,1511.5,1511.5,1,1511.0,1511.0,1,1510.5,1510.5,1,1511.0,1511.0,1,1510.0,1510.0,1,,,0,,,0,1511.0,1511.0,1,1511.0,1511.0,1,,,0,1512.5,1512.5,baghdad_kifah,,,0
2024-12-24,,,0,,,0,1515.5,1515.5,1,,,0,1515.0,1515.0,1,,,0,,,0,,,0,,,0,1512.0,1512.0,1,,,0,1514.75,1514.75,1,,,0,,,0,,,0,,,0,,,0,,,0,,,0,,,0,,,0,,,0,1515.5,1515.5,baghdad_generic,,,0
2024-12-25,,,0,,,0,,,0,1517.5,1517.5,1,1518.0,1518.0,1,1518.0,1518.0,1,,,0,,,0,,,0,1515.0,1515.0,1,,,0,1519.0,1519.0,1,,,0,,,0,,,0,1520.0,1520.0,1,,,0,,,0,,,0,,,0,,,0,,,0,1518.0,1518.0,baghdad_kifah,,,0
2024-12-26,,,0,,,0,,,0,1518.0,1518.0,1,,,0,1518.0,1518.0,1,,,0,,,0,,,0,1517.0,1517.0,1,,,0,1517.0,1517.0,1,,,0,,,0,,,0,1518.0,1518.0,1,,,0,,,0,,,0,,,0,,,0,,,0,1518.0,1518.0,baghdad_kifah,,,0
2024-12-29,1516.0,1516.0,1,,,0,1515.0,1515.0,1,1513.0,1513.0,1,1512.5,1512.5,1,1513.0,1513.0,1,,,0,,,0,1516.5,1516.5,1,1513.0,1515.0,2,1516.5,1516.5,1,1513.5,1514.0,2,1516.5,1516.5,1,1516.0,1516.0,1,1516.5,1516.5,1,1516.0,1516.0,1,1516.0,1516.0,1,,,0,,,0,1516.0,1516.0,1,1516.0,1516.0,1,,,0,1513.0,1513.0,baghdad_kifah,,,0
2024-12-30,,,0,,,0,,,0,1517.5,1517.5,1,,,0,1517.5,1517.5,1,,,0,,,0,,,0,1517.5,1517.5,1,,,0,1517.0,1517.0,1,,,0,,,0,,,0,,,0,,,0,,,0,,,0,,,0,,,0,,,0,1517.5,1517.5,baghdad_kifah,,,0
2024-12-31,1516.0,1516.0,1,,,0,1515.0,1515.0,1,,,0,,,0,,,0,,,0,,,0,1516.5,1516.5,1,1515.0,1515.0,1,1516.5,1516.5,1,1514.0,1514.0,1,1516.5,1516.5,1,1516.0,1516.0,1,1516.5,1516.5,1,1516.0,1516.0,1,1516.0,1516.0,1,,,0,,,0,1516.0,1516.0,1,1516.0,1516.0,1,,,0,1515.0,1515.0,baghdad_generic,,,0
2025-01-01,1516.0,1516.0,1,,,0,1515.0,1515.0,1,,,0,,,0,,,0,,,0,,,0,1516.5,1516.5,1,1515.0,1515.0,1,1516.5,1516.5,1,1514.0,1514.0,1,1516.5,1516.5,1,1516.0,1516.0,1,1516.5,1516.5,1,1516.0,1516.0,1,1516.0,1516.0,1,,,0,,,0,1516.0,1516.0,1,1516.0,1516.0,1,,,0,1515.0,1515.0,baghdad_generic,,,0
2025-01-02,1516.0,1516.0,1,,,0,1517.0,1517.0,1,,,0,,,0,,,0,,,0,,,0,1517.5,1517.5,1,1517.0,1517.0,1,1517.5,1517.5,1,1516.0,1516.0,1,1517.5,1517.5,1,1517.0,1517.0,1,1517.5,1517.5,1,1518.0,1518.0,1,1518.0,1518.0,1,,,0,,,0,1518.0,1518.0,1,1518.0,1518.0,1,,,0,1517.0,1517.0,baghdad_generic,,,0
2025-01-05,1513.0,1513.0,1,,,0,1512.0,1512.0,1,1513.5,1513.5,1,,,0,1513.0,1513.0,1,,,0,,,0,1512.5,1512.5,1,1513.0,1512.0,2,1512.5,1512.5,1,1510.0,1510.0,2,1512.5,1512.5,1,1513.0,1513.0,1,1513.5,1513.5,1,1513.0,1513.0,1,1513.0,1513.0,1,,,0,,,0,1513.0,1513.0,1,1513.0,1513.0,1,,,0,1513.0,1513.0,baghdad_kifah,,,0
2025-01-06,,,0,,,0,1513.0,1513.0,1,1513.0,1513.0,1,1513.0,1513.0,1,,,0,,,0,,,0,,,0,1512.0,1512.0,1,,,0,1511.0,1511.0,1,,,0,,,0,,,0,,,0,,,0,,,0,,,0,,,0,,,0,,,0,1513.0,1513.0,baghdad_generic,,,0
2025-01-07,1511.0,1511.0,1,,,0,1510.0,1510.0,1,1508.0,1508.0,1,1507.5,1507.5,1,1508.0,1508.0,1,,,0,,,0,1511.5,1511.5,1,1508.0,1510.0,2,1510.5,1510.5,1,1508.5,1508.0,2,1510.5,1510.5,1,1511.0,1511.0,1,1510.5,1510.5,1,1511.0,1511.0,1,1511.0,1511.0,1,,,0,,,0,1511.0,1511.0,1,1511.0,1511.0,1,,,0,1508.0,1508.0,baghdad_kifah,,,0
2025-01-08,1512.0,1512.0,1,,,0,1511.0,1511.0,1,1509.5,1509.5,1,,,0,1509.5,1509.5,1,,,0,,,0,1512.5,1512.5,1,1509.0,1511.0,2,1512.5,1512.5,1,1511.0,1510.0,2,1511.5,1511.5,1,1512.0,1512.0,1,1512.5,1512.5,1,1512.0,1512.0,1,1512.0,1512.0,1,,,0,,,0,1512.0,1512.0,1,1512.0,1512.0,1,,,0,1509.5,1509.5,baghdad_kifah,,,0
2025-01-09,1512.0,1512.0,1,,,0,1513.0,1511.0,2,,,0,,,0,,,0,,,0,,,0,1512.5,1512.5,1,1511.0,1511.0,2,1512.5,1512.5,1,1513.0,1510.0,2,1511.5,1511.5,1,1512.0,1512.0,1,1512.5,1512.5,1,1512.0,1512.0,1,1512.0,1512.0,1,,,0,,,0,1512.0,1512.0,1,1512.0,1512.0,1,,,0,1513.0,1511.0,baghdad_generic,,,0
2025-01-12,1512.0,1512.0,1,,,0,1508.5,1511.5,4,1508.5,1510.5,2,,,0,1508.5,1508.5,1,,,0,,,0,1512.5,1512.5,1,1510.0,1511.5,5,1512.5,1512.5,1,1509.5,1513.0,4,,,0,1512.0,1512.0,1,1512.5,1512.5,1,1512.0,1512.0,1,1512.0,1512.0,1,,,0,,,0,1512.0,1512.0,1,1512.0,1512.0,1,,,0,1508.5,1508.5,baghdad_kifah,,,0
2025-01-13,,,0,1510.0,1510.0,1,1511.5,1508.5,2,1512.0,1510.5,2,1512.0,1512.0,1,1512.0,1511.0,2,,,0,,,0,,,0,1510.5,1508.0,4,,,0,1513.0,1511.0,3,,,0,,,0,,,0,1513.5,1513.5,1,,,0,,,0,,,0,,,0,,,0,,,0,1512.0,1511.0,baghdad_kifah,,,0
2025-01-14,1511.0,1511.0,1,,,0,1509.5,1509.25,4,1510.0,1509.5,2,1509.5,1509.5,1,1510.5,1509.0,2,,,0,,,0,1511.5,1511.5,1,1509.0,1509.5,5,1510.5,1510.5,1,1511.5,1509.0,4,1510.5,1510.5,1,1511.0,1511.0,1,1510.5,1510.5,1,1511.0,1511.0,1,1511.0,1511.0,1,,,0,,,0,1511.0,1511.0,1,1511.0,1511.0,1,,,0,1510.5,1509.0,baghdad_kifah,,,0
2025-01-15,1512.0,1512.0,1,,,0,1510.0,1511.5,2,1509.5,1509.5,1,,,0,1509.5,1509.5,1,,,0,,,0,1512.5,1512.5,1,1510.0,1511.5,3,1512.5,1512.5,1,1510.5,1510.5,3,1512.0,1512.0,1,1512.0,1512.0,1,1512.5,1512.5,1,1512.0,1512.0,1,1512.0,1512.0,1,,,0,,,0,1512.0,1512.0,1,1512.0,1512.0,1,,,0,1509.5,1509.5,baghdad_kifah,,,0
2025-01-16,1508.0,1508.0,1,,,0,1509.0,1505.0,3,1508.0,1507.0,2,1509.0,1507.0,2,1508.5,1507.0,2,,,0,,,0,1507.5,1507.5,1,1509.0,1505.0,4,1507.5,1507.5,1,1511.0,1505.0,4,1508.5,1508.5,1,1508.0,1508.0,1,1508.5,1508.5,1,1508.0,1508.0,1,1508.0,1508.0,1,,,0,,,0,1508.0,1508.0,1,1508.0,1508.0,1,,,0,1508.5,1507.0,baghdad_kifah,,,0
2025-01-19,1507.5,1507.5,1,,,0,1506.0,1506.0,1,1506.5,1506.5,2,1506.5,1506.5,1,1506.5,1506.5,3,,,0,,,0,1507.5,1507.5,1,1506.0,1506.0,4,1507.5,1507.5,1,1507.0,1505.0,4,1507.5,1507.5,1,1507.0,1507.0,1,1507.5,1507.5,1,1507.0,1507.0,1,1507.0,1507.0,1,,,0,,,0,1507.0,1507.0,1,1507.0,1507.0,1,,,0,1506.5,1506.5,baghdad_kifah,,,0
2025-01-20,1509.5,1509.5,1,,,0,1508.0,1508.0,1,1506.75,1508.0,2,,,0,1506.5,1508.0,2,,,0,,,0,1509.5,1509.5,1,1509.0,1509.0,3,1509.5,1509.5,1,1507.0,1507.5,3,1509.5,1509.5,1,1509.0,1509.0,1,1509.5,1509.5,1,1509.0,1509.0,1,1509.0,1509.0,1,,,0,,,0,1509.0,1509.0,1,1509.0,1509.0,1,,,0,1506.5,1508.0,baghdad_kifah,,,0
2025-01-21,,,0,,,0,,,0,1509.5,1509.5,1,,,0,1509.5,1509.5,1,,,0,,,0,,,0,1509.0,1509.0,1,,,0,1509.0,1509.0,1,,,0,,,0,,,0,,,0,,,0,,,0,,,0,,,0,,,0,,,0,1509.5,1509.5,baghdad_kifah,,,0
2025-01-22,1509.5,1509.5,1,,,0,1508.5,1506.0,3,,,0,1509.0,1509.0,1,1509.0,1509.5,2,,,0,,,0,1509.5,1509.5,1,1510.0,1507.5,5,1509.5,1509.5,1,1509.0,1507.5,4,1509.5,1509.5,1,1509.0,1509.0,1,1509.5,1509.5,1,1509.0,1509.0,1,1509.0,1509.0,1,,,0,,,0,1509.0,1509.0,1,1509.0,1509.0,1,,,0,1509.0,1509.5,baghdad_kifah,,,0
2025-01-23,,,0,,,0,,,0,,,0,,,0,1508.0,1508.5,2,,,0,,,0,,,0,1509.0,1509.0,2,,,0,1507.5,1508.0,2,,,0,,,0,,,0,,,0,,,0,,,0,,,0,,,0,,,0,,,0,1508.0,1508.5,baghdad_kifah,,,0
2025-01-26,,,0,,,0,,,0,1507.0,1507.0,1,,,0,1508.0,1508.0,1,,,0,,,0,,,0,1509.0,1508.5,2,,,0,1507.0,1507.0,2,,,0,,,0,,,0,,,0,,,0,,,0,,,0,,,0,,,0,,,0,1508.0,1508.0,baghdad_kifah,,,0
2025-01-27,,,0,,,0,,,0,1502.75,1502.75,1,,,0,1503.0,1503.0,1,,,0,,,0,,,0,1508.5,1507.0,2,,,0,1507.5,1503.5,2,,,0,,,0,,,0,,,0,,,0,,,0,,,0,,,0,,,0,,,0,1503.0,1503.0,baghdad_kifah,,,0
2025-01-28,,,0,,,0,,,0,1500.5,1500.5,1,1500.0,1500.0,1,1500.0,1499.5,2,,,0,,,0,,,0,1503.5,1499.5,2,,,0,1501.5,1498.5,2,,,0,,,0,,,0,,,0,,,0,,,0,,,0,,,0,,,0,,,0,1500.0,1499.5,baghdad_kifah,,,0
2025-01-29,,,0,,,0,,,0,1501.0,1501.0,1,,,0,1502.0,1502.0,2,,,0,,,0,,,0,1503.0,1504.0,2,,,0,1503.0,1503.25,2,,,0,,,0,,,0,,,0,,,0,,,0,,,0,,,0,,,0,,,0,1502.0,1502.0,baghdad_kifah,,,0
2025-01-30,,,0,,,0,1504.5,1504.5,1,1504.0,1504.0,1,,,0,1505.0,1505.0,1,,,0,,,0,,,0,1504.5,1506.0,2,,,0,1504.5,1504.0,2,,,0,,,0,,,0,,,0,,,0,,,0,,,0,,,0,,,0,,,0,1505.0,1505.0,baghdad_kifah,,,0
2025-02-02,,,0,,,0,,,0,1502.5,1503.0,2,,,0,1502.5,1503.0,2,,,0,,,0,,,0,1503.5,1504.0,2,,,0,1503.5,1504.0,2,,,0,,,0,,,0,,,0,,,0,,,0,,,0,,,0,,,0,,,0,1502.5,1503.0,baghdad_kifah,,,0
2025-02-03,,,0,,,0,1503.0,1503.0,1,,,0,,,0,1503.5,1503.5,1,,,0,,,0,,,0,1504.0,1503.5,2,,,0,1503.5,1503.0,2,,,0,,,0,,,0,,,0,,,0,,,0,,,0,,,0,,,0,,,0,1503.5,1503.5,baghdad_kifah,,,0
2025-02-04,1501.5,1501.5,1,,,0,1501.0,1501.0,1,1503.0,1503.0,1,,,0,1502.5,1502.5,1,,,0,,,0,1501.5,1501.5,1,1503.0,1501.0,2,1501.5,1501.5,1,1502.0,1500.0,2,1501.5,1501.5,1,1502.0,1502.0,1,1501.5,1501.5,1,1502.0,1502.0,1,1502.0,1502.0,1,,,0,,,0,1502.0,1502.0,1,1501.0,1501.0,1,,,0,1502.5,1502.5,baghdad_kifah,,,0
2025-02-05,,,0,,,0,,,0,,,0,,,0,1502.5,1503.0,3,,,0,,,0,,,0,1502.0,1503.5,3,,,0,1501.0,1504.5,3,,,0,,,0,,,0,,,0,,,0,,,0,,,0,,,0,,,0,,,0,1502.5,1503.0,baghdad_kifah,,,0
2025-02-06,1503.5,1503.5,1,,,0,1503.0,1503.0,1,,,0,,,0,1504.5,1504.5,1,,,0,,,0,1503.5,1503.5,1,1504.0,1503.0,2,1503.5,1503.5,1,1504.0,1502.5,2,,,0,1504.0,1504.0,1,1503.5,1503.5,1,1504.0,1504.0,1,1504.0,1504.0,1,,,0,,,0,1504.0,1504.0,1,1503.0,1503.0,1,,,0,1504.5,1504.5,baghdad_kifah,,,0
2025-02-09,,,0,,,0,1502.5,1502.5,1,,,0,,,0,1503.5,1503.5,1,,,0,,,0,,,0,1505.0,1503.75,2,,,0,1502.5,1501.5,2,,,0,,,0,,,0,,,0,,,0,,,0,,,0,,,0,,,0,,,0,1503.5,1503.5,baghdad_kifah,,,0
2025-02-10,1501.5,1501.5,1,,,0,1502.0,1501.0,2,,,0,,,0,,,0,,,0,,,0,1501.5,1501.5,1,1503.0,1501.0,2,1501.5,1501.5,1,1501.5,1500.5,2,1501.5,1501.5,1,1502.0,1502.0,1,1501.5,1501.5,1,1502.0,1502.0,1,1502.0,1502.0,1,,,0,,,0,1502.0,1502.0,1,1502.0,1502.0,1,,,0,1502.0,1501.0,baghdad_generic,,,0
2025-02-11,1502.5,1502.5,1,,,0,1503.0,1502.0,4,,,0,,,0,,,0,,,0,,,0,1502.5,1502.5,1,1503.5,1502.0,4,1502.5,1502.5,1,1502.0,1502.75,3,,,0,1502.0,1502.0,1,1502.5,1502.5,1,1502.0,1502.0,1,1502.0,1502.0,1,,,0,,,0,1502.0,1502.0,1,1502.0,1502.0,1,,,0,1503.0,1502.0,baghdad_generic,,,0
2025-02-12,1503.5,1503.5,1,,,0,1502.0,1501.0,4,,,0,,,0,,,0,,,0,,,0,1503.5,1503.5,1,1503.0,1502.0,3,1503.5,1503.5,1,1503.0,1502.5,3,1503.5,1503.5,1,1504.0,1504.0,1,1503.5,1503.5,1,1504.0,1504.0,1,1504.0,1504.0,1,,,0,,,0,1504.0,1504.0,1,1503.0,1503.0,1,,,0,1502.0,1501.0,baghdad_generic,,,0
2025-02-13,,,0,,,0,1502.5,1502.5,1,1502.0,1502.0,1,,,0,1502.5,1502.5,1,,,0,,,0,,,0,1502.5,1501.5,2,,,0,1502.5,1502.5,1,,,0,,,0,,,0,,,0,,,0,,,0,,,0,,,0,,,0,,,0,1502.5,1502.5,baghdad_kifah,,,0
2025-02-16,1502.5,1502.5,1,,,0,1502.0,1501.5,2,1501.0,1501.0,1,,,0,1500.5,1500.5,1,,,0,,,0,1502.5,1502.5,1,1502.0,1502.0,3,1502.5,1502.5,1,1502.0,1501.0,2,1502.5,1502.5,1,1502.0,1502.0,1,1502.5,1502.5,1,1502.0,1502.0,1,1502.0,1502.0,1,,,0,,,0,1502.0,1502.0,1,1502.0,1502.0,1,,,0,1500.5,1500.5,baghdad_kifah,,,0
2025-02-17,1503.5,1503.5,1,,,0,1503.0,1503.0,1,,,0,,,0,1503.0,1504.0,2,,,0,,,0,1503.5,1503.5,1,1502.0,1504.0,3,1503.5,1503.5,1,1504.0,1503.5,3,1503.5,1503.5,1,1504.0,1504.0,1,1503.5,1503.5,1,1504.0,1504.0,1,1504.0,1504.0,1,,,0,,,0,1504.0,1504.0,1,1504.0,1504.0,1,,,0,1503.0,1504.0,baghdad_kifah,,,0
2025-02-18,1502.5,1502.5,1,,,0,1503.0,1503.0,1,,,0,,,0,1503.25,1503.25,1,,,0,,,0,1502.5,1502.5,1,1505.0,1503.5,2,1502.5,1502.5,1,1503.5,1501.0,2,1502.5,1502.5,1,1502.0,1502.0,1,1502.5,1502.5,1,1502.0,1502.0,1,1502.0,1502.0,1,,,0,,,0,1502.0,1502.0,1,1502.0,1502.0,1,,,0,1503.25,1503.25,baghdad_kifah,,,0
2025-02-19,1500.5,1500.5,1,,,0,1500.0,1500.0,1,,,0,,,0,1502.5,1502.5,1,,,0,,,0,1500.5,1500.5,1,1503.0,1500.0,2,1500.5,1500.5,1,1501.0,1499.0,2,1500.5,1500.5,1,1501.0,1501.0,1,1500.5,1500.5,1,1501.0,1501.0,1,1501.0,1501.0,1,,,0,,,0,1500.5,1500.5,1,1500.5,1500.5,1,,,0,1502.5,1502.5,baghdad_kifah,,,0
2025-02-20,1500.5,1500.5,1,,,0,1500.0,1500.0,1,,,0,,,0,1500.0,1500.0,1,,,0,,,0,1500.5,1500.5,1,1500.0,1500.0,2,1500.5,1500.5,1,1499.0,1499.0,2,1500.5,1500.5,1,1501.0,1501.0,1,1500.5,1500.5,1,1501.0,1501.0,1,1501.0,1501.0,1,,,0,,,0,1500.5,1500.5,1,1500.5,1500.5,1,,,0,1500.0,1500.0,baghdad_kifah,,,0
2025-02-23,,,0,,,0,1492.5,1492.5,1,1497.5,1497.5,1,1495.0,1495.0,1,1497.25,1492.5,3,,,0,,,0,,,0,1499.5,1495.5,3,,,0,1497.0,1493.5,4,,,0,,,0,,,0,,,0,,,0,,,0,,,0,,,0,,,0,,,0,1497.25,1492.5,baghdad_kifah,,,0
2025-02-24,1492.5,1492.5,1,,,0,1491.0,1485.0,2,,,0,,,0,1490.0,1490.0,1,,,0,,,0,1492.5,1492.5,1,1493.5,1485.5,3,1492.5,1492.5,1,1491.5,1490.5,2,1492.5,1492.5,1,1492.0,1492.0,1,1492.5,1492.5,1,1492.0,1492.0,1,1492.0,1492.0,1,,,0,,,0,1492.5,1492.5,1,1492.0,1492.0,1,,,0,1490.0,1490.0,baghdad_kifah,,,0
2025-02-25,,,0,,,0,,,0,1488.0,1488.0,1,,,0,1487.0,1487.0,1,,,0,,,0,,,0,1490.0,1490.0,1,,,0,1489.5,1489.5,1,,,0,,,0,,,0,,,0,,,0,,,0,,,0,,,0,,,0,,,0,1487.0,1487.0,baghdad_kifah,,,0
2025-02-26,1489.0,1489.0,1,,,0,1488.0,1488.0,1,,,0,,,0,1491.0,1491.0,1,,,0,,,0,1489.5,1489.5,1,1491.5,1488.0,2,1489.0,1489.0,1,1488.5,1488.5,2,1489.5,1489.5,1,1489.0,1489.0,1,1489.5,1489.5,1,1489.0,1489.0,1,1489.0,1489.0,1,,,0,,,0,1489.0,1489.0,1,1489.5,1489.5,1,,,0,1491.0,1491.0,baghdad_kifah,,,0
2025-02-27,1483.0,1483.0,1,,,0,1486.0,1484.0,3,,,0,,,0,,,0,,,0,,,0,1483.5,1483.5,1,1489.5,1480.75,3,1483.0,1483.0,1,1484.0,1481.5,2,1483.5,1483.5,1,1483.0,1483.0,1,1483.5,1483.5,1,1483.0,1483.0,1,1483.0,1483.0,1,,,0,,,0,1483.0,1483.0,1,1483.5,1483.5,1,,,0,1486.0,1484.0,baghdad_generic,,,0
2025-03-02,,,0,,,0,1465.0,1476.0,2,1471.0,1471.0,1,,,0,,,0,1470.5,1470.5,1,1469.0,1469.0,1,,,0,1470.0,1477.0,2,,,0,1467.0,1461.5,2,,,0,,,0,,,0,,,0,,,0,,,0,,,0,,,0,,,0,,,0,1465.0,1476.0,baghdad_generic,,,0
2025-03-03,1488.0,1488.0,1,,,0,1488.5,1487.0,2,1485.0,1485.0,1,,,0,1485.5,1490.75,2,,,0,,,0,1487.5,1487.5,1,1484.0,1491.0,4,1488.0,1488.0,1,1483.5,1488.0,4,1487.5,1487.5,1,1488.0,1488.0,1,1487.5,1487.5,1,1488.0,1488.0,1,1487.0,1487.0,1,,,0,,,0,1487.5,1487.5,1,1487.5,1487.5,1,,,0,1485.5,1490.75,baghdad_kifah,,,0
2025-03-04,,,0,,,0,1479.0,1479.0,1,1482.0,1486.0,2,,,0,1484.0,1487.0,3,,,0,,,0,,,0,1484.0,1481.0,4,,,0,1481.0,1484.0,3,,,0,,,0,,,0,,,0,,,0,,,0,,,0,,,0,,,0,,,0,1484.0,1487.0,baghdad_kifah,,,0
2025-03-05,1482.0,1482.0,1,,,0,1482.5,1481.0,3,1482.5,1482.5,1,,,0,1483.0,1483.0,1,,,0,,,0,1482.5,1482.5,1,1484.0,1481.0,4,1482.0,1482.0,1,1481.5,1480.5,4,1481.5,1481.5,1,1483.0,1483.0,1,1482.5,1482.5,1,1482.0,1482.0,1,1482.0,1482.0,1,,,0,,,0,1482.0,1482.0,1,1482.5,1482.5,1,,,0,1483.0,1483.0,baghdad_kifah,,,0
2025-03-06,,,0,,,0,1482.5,1482.5,1,1483.0,1483.0,2,,,0,1483.0,1483.5,2,,,0,,,0,,,0,1485.0,1485.0,3,,,0,1481.0,1480.5,2,,,0,,,0,,,0,,,0,,,0,,,0,,,0,,,0,,,0,,,0,1483.0,1483.5,baghdad_kifah,,,0
2025-03-09,,,0,,,0,1483.5,1485.0,2,1486.0,1486.0,1,,,0,1486.5,1486.5,1,,,0,,,0,,,0,1480.0,1486.5,3,,,0,1483.0,1484.5,2,,,0,,,0,,,0,,,0,,,0,,,0,,,0,,,0,,,0,,,0,1486.5,1486.5,baghdad_kifah,,,0
2025-03-10,1482.0,1482.0,1,,,0,1485.0,1480.5,3,,,0,,,0,,,0,,,0,,,0,1482.5,1482.5,1,1486.5,1480.5,3,1482.0,1482.0,1,1483.25,1480.0,3,1482.5,1482.5,1,1482.0,1482.0,1,1482.5,1482.5,1,1482.0,1482.0,1,1482.0,1482.0,1,,,0,,,0,1482.0,1482.0,1,1482.5,1482.5,1,,,0,1485.0,1480.5,baghdad_generic,,,0
2025-03-11,1478.0,1478.0,1,,,0,1483.0,1478.0,3,,,0,,,0,,,0,,,0,,,0,1478.5,1478.5,1,1483.5,1478.5,3,1478.0,1478.0,1,1481.0,1477.5,3,1478.5,1478.5,1,1478.0,1478.0,1,1477.5,1477.5,1,1478.0,1478.0,1,1478.0,1478.0,1,,,0,,,0,1478.0,1478.0,1,1477.5,1477.5,1,,,0,1483.0,1478.0,baghdad_generic,,,0
2025-03-12,,,0,,,0,,,0,1478.5,1478.5,1,,,0,1478.0,1478.0,1,,,0,,,0,,,0,1480.0,1480.0,1,,,0,1476.5,1476.5,1,,,0,,,0,,,0,,,0,,,0,,,0,,,0,,,0,,,0,,,0,1478.0,1478.0,baghdad_kifah,,,0
2025-03-13,,,0,,,0,1482.5,1482.5,1,1479.5,1479.5,1,,,0,1479.5,1479.5,1,,,0,,,0,,,0,1483.0,1483.0,1,,,0,1477.0,1480.5,2,,,0,,,0,,,0,,,0,,,0,,,0,,,0,,,0,,,0,,,0,1479.5,1479.5,baghdad_kifah,,,0
2025-03-16,1479.0,1479.0,1,,,0,1478.0,1476.0,2,1478.5,1478.5,1,,,0,1478.5,1478.5,1,,,0,,,0,1479.5,1479.5,1,1480.0,1477.5,3,1478.0,1478.0,1,1476.5,1477.5,2,1479.5,1479.5,1,1478.5,1478.5,1,1479.5,1479.5,1,1479.0,1479.0,1,1479.0,1479.0,1,,,0,,,0,1479.0,1479.0,1,1478.5,1478.5,1,,,0,1478.5,1478.5,baghdad_kifah,,,0
2025-03-17,1473.0,1473.0,1,,,0,1478.5,1474.0,4,,,0,,,0,,,0,,,0,,,0,1473.5,1473.5,1,1480.5,1475.5,4,1473.0,1473.0,1,1475.5,1468.0,4,1473.5,1473.5,1,1473.5,1473.5,1,1472.5,1472.5,1,1473.0,1473.0,1,1473.0,1473.0,1,,,0,,,0,1473.0,1473.0,1,1472.5,1472.5,1,,,0,1478.5,1474.0,baghdad_generic,,,0
2025-03-18,1474.0,1474.0,1,,,0,1473.0,1473.0,1,,,0,,,0,1473.5,1475.5,2,,,0,,,0,1474.5,1474.5,1,1475.0,1473.0,3,1474.0,1474.0,1,1472.0,1472.0,3,1475.5,1475.5,1,1474.5,1474.5,1,1474.5,1474.5,1,1474.0,1474.0,1,1474.0,1474.0,1,,,0,,,0,1474.0,1474.0,1,1474.5,1474.5,1,,,0,1473.5,1475.5,baghdad_kifah,,,0
2025-03-19,,,0,,,0,1473.0,1473.0,1,1475.5,1474.5,2,,,0,1475.5,1474.5,2,,,0,,,0,,,0,1477.0,1470.0,3,,,0,1475.0,1472.5,2,,,0,,,0,,,0,,,0,,,0,,,0,,,0,,,0,,,0,,,0,1475.5,1474.5,baghdad_kifah,,,0
2025-03-20,1474.0,1474.0,1,,,0,1473.0,1473.0,1,,,0,,,0,1472.0,1472.5,2,,,0,1472.0,1472.0,1,1474.5,1474.5,1,1473.0,1473.0,3,1474.0,1474.0,1,1471.0,1471.0,3,1475.5,1475.5,1,1474.5,1474.5,1,1474.5,1474.5,1,1474.0,1474.0,1,1474.0,1474.0,1,,,0,,,0,1474.0,1474.0,1,1474.5,1474.5,1,,,0,1472.0,1472.5,baghdad_kifah,,,0
2025-03-23,,,0,,,0,1473.5,1469.0,2,,,0,,,0,,,0,,,0,,,0,,,0,1474.0,1470.5,2,,,0,1471.25,1471.25,1,,,0,,,0,,,0,,,0,,,0,,,0,,,0,,,0,,,0,,,0,1473.5,1469.0,baghdad_generic,,,0
2025-03-24,1466.5,1466.5,1,,,0,1469.0,1467.5,3,1470.0,1470.0,1,,,0,1470.5,1470.5,1,,,0,,,0,1466.5,1466.5,1,1470.5,1465.5,4,1466.5,1466.5,1,1466.25,1465.0,3,1465.5,1465.5,1,1467.5,1467.5,1,1467.5,1467.5,1,1466.5,1466.5,1,1466.5,1466.5,1,,,0,,,0,1466.5,1466.5,1,1467.5,1467.5,1,,,0,1470.5,1470.5,baghdad_kifah,,,0
2025-03-25,,,0,,,0,1467.5,1469.0,2,,,0,,,0,,,0,,,0,,,0,,,0,1469.0,1469.0,2,,,0,1466.0,1467.0,2,,,0,,,0,,,0,,,0,,,0,,,0,,,0,,,0,,,0,,,0,1467.5,1469.0,baghdad_generic,,,0
2025-03-26,,,0,,,0,1471.5,1471.5,1,,,0,,,0,1470.5,1472.5,2,,,0,,,0,,,0,1471.5,1472.5,3,,,0,1467.5,1469.0,3,,,0,,,0,,,0,,,0,,,0,,,0,,,0,,,0,,,0,,,0,1470.5,1472.5,baghdad_kifah,,,0
2025-03-27,,,0,,,0,1469.0,1469.0,1,1471.25,1471.25,1,,,0,1471.5,1471.5,1,,,0,,,0,,,0,1471.0,1470.0,2,,,0,1468.5,1468.5,1,,,0,,,0,,,0,,,0,,,0,,,0,,,0,,,0,,,0,,,0,1471.5,1471.5,baghdad_kifah,,,0
2025-03-30,,,0,,,0,1478.0,1478.0,1,,,0,,,0,,,0,,,0,,,0,,,0,1478.5,1478.5,1,,,0,,,0,,,0,,,0,,,0,,,0,,,0,,,0,,,0,,,0,,,0,,,0,1478.0,1478.0,baghdad_generic,,,0
2025-04-06,,,0,,,0,,,0,1475.5,1475.5,1,,,0,1473.0,1476.0,3,1473.5,1473.5,1,,,0,,,0,1474.5,1475.5,3,,,0,1472.75,1477.0,3,,,0,,,0,,,0,,,0,,,0,,,0,,,0,,,0,,,0,,,0,1473.0,1476.0,baghdad_kifah,,,0
2025-04-07,,,0,,,0,1480.0,1480.0,1,1480.0,1480.0,1,,,0,1480.5,1480.5,1,,,0,,,0,,,0,1481.0,1480.0,2,,,0,1480.5,1479.0,2,,,0,,,0,,,0,,,0,,,0,,,0,,,0,,,0,,,0,,,0,1480.5,1480.5,baghdad_kifah,,,0
2025-04-08,,,0,,,0,1478.0,1478.0,1,1480.0,1480.0,1,,,0,1480.0,1480.0,1,,,0,,,0,,,0,1479.0,1479.0,2,,,0,1478.0,1477.5,2,,,0,,,0,,,0,,,0,,,0,,,0,,,0,,,0,,,0,,,0,1480.0,1480.0,baghdad_kifah,,,0
2025-04-09,,,0,,,0,1476.5,1476.5,1,1476.0,1476.0,1,,,0,1475.0,1475.0,1,,,0,,,0,,,0,1475.5,1476.5,2,,,0,1475.5,1477.5,2,,,0,,,0,,,0,,,0,,,0,,,0,,,0,,,0,,,0,,,0,1475.0,1475.0,baghdad_kifah,,,0
2025-04-10,,,0,,,0,,,0,1479.0,1479.0,1,,,0,1479.0,1481.0,3,,,0,,,0,,,0,1477.5,1478.0,2,,,0,1482.0,1481.5,2,,,0,,,0,,,0,,,0,,,0,,,0,,,0,,,0,,,0,,,0,1479.0,1481.0,baghdad_kifah,,,0
2025-04-13,,,0,,,0,1475.0,1475.0,1,,,0,,,0,1474.5,1474.5,1,,,0,,,0,,,0,1475.0,1473.0,2,,,0,1477.0,1476.5,2,,,0,,,0,,,0,,,0,,,0,,,0,,,0,,,0,,,0,,,0,1474.5,1474.5,baghdad_kifah,,,0
2025-04-14,,,0,,,0,1474.0,1472.5,2,1473.5,1473.5,1,,,0,1474.0,1474.0,1,1474.5,1474.5,1,,,0,,,0,1473.5,1473.5,2,,,0,1476.0,1476.25,2,,,0,,,0,,,0,,,0,,,0,,,0,,,0,,,0,,,0,,,0,1474.0,1474.0,baghdad_kifah,,,0
2025-04-15,,,0,,,0,1473.5,1473.0,2,1470.5,1470.5,1,,,0,,,0,,,0,,,0,,,0,1473.5,1471.0,3,,,0,1475.5,1473.0,3,,,0,,,0,,,0,,,0,,,0,,,0,,,0,,,0,,,0,,,0,1473.5,1473.0,baghdad_generic,,,0
2025-04-16,,,0,,,0,,,0,1470.0,1469.0,2,,,0,1469.5,1468.5,5,1468.0,1468.0,2,,,0,,,0,1468.5,1467.0,5,,,0,1472.0,1472.5,5,,,0,,,0,,,0,,,0,,,0,,,0,,,0,,,0,,,0,,,0,1469.5,1468.5,baghdad_kifah,,,0
2025-04-17,,,0,,,0,,,0,1470.0,1470.0,1,,,0,1469.5,1470.0,3,1469.5,1469.5,1,,,0,,,0,1467.5,1467.5,3,,,0,1473.5,1473.0,3,,,0,,,0,,,0,,,0,,,0,,,0,,,0,,,0,,,0,,,0,1469.5,1470.0,baghdad_kifah,,,0
2025-04-20,,,0,,,0,,,0,1465.0,1465.0,2,,,0,1465.0,1465.0,2,1465.0,1464.5,2,,,0,,,0,1465.0,1465.0,2,,,0,1468.5,1468.5,2,,,0,,,0,,,0,,,0,,,0,,,0,,,0,,,0,,,0,,,0,1465.0,1465.0,baghdad_kifah,,,0
2025-04-21,,,0,,,0,,,0,1461.0,1461.0,2,,,0,1461.0,1460.5,2,1461.0,1460.0,2,,,0,,,0,1461.5,1460.0,2,,,0,1462.5,1462.5,2,,,0,,,0,,,0,,,0,,,0,,,0,,,0,,,0,,,0,,,0,1461.0,1460.5,baghdad_kifah,,,0
2025-04-22,,,0,,,0,1457.0,1457.0,1,1458.0,1456.5,2,,,0,1459.0,1457.5,2,1459.0,1458.0,2,,,0,,,0,1457.0,1457.5,3,,,0,1462.5,1460.5,3,,,0,,,0,,,0,,,0,,,0,,,0,,,0,,,0,,,0,,,0,1459.0,1457.5,baghdad_kifah,,,0
2025-04-23,,,0,,,0,1457.5,1457.5,1,1455.5,1455.5,1,,,0,,,0,,,0,,,0,,,0,1457.5,1455.5,2,,,0,1460.5,1459.5,2,,,0,,,0,,,0,,,0,,,0,,,0,,,0,,,0,,,0,,,0,1457.5,1457.5,baghdad_generic,,,0
2025-04-24,,,0,,,0,1445.5,1445.5,1,1449.5,1449.5,1,,,0,1448.0,1448.0,1,1449.5,1449.5,1,,,0,,,0,1444.5,1449.0,2,,,0,1449.0,1452.5,2,,,0,,,0,,,0,,,0,,,0,,,0,,,0,,,0,,,0,,,0,1448.0,1448.0,baghdad_kifah,,,0
2025-04-27,,,0,,,0,,,0,,,0,,,0,1446.0,1452.0,2,,,0,,,0,,,0,1447.0,1451.5,2,,,0,1448.0,1453.5,2,,,0,,,0,,,0,,,0,,,0,,,0,,,0,,,0,,,0,,,0,1446.0,1452.0,baghdad_kifah,,,0
2025-04-28,,,0,,,0,,,0,1453.5,1453.5,1,,,0,1452.5,1447.5,2,1452.0,1452.0,1,,,0,,,0,1453.0,1448.5,2,,,0,1452.0,1447.0,2,,,0,,,0,,,0,,,0,,,0,,,0,,,0,,,0,,,0,,,0,1452.5,1447.5,baghdad_kifah,,,0
2025-04-29,,,0,,,0,,,0,1447.0,1448.5,2,,,0,1447.0,1448.0,2,1447.0,1447.0,2,,,0,,,0,1448.0,1449.0,2,,,0,1447.0,1448.5,2,,,0,,,0,,,0,,,0,,,0,,,0,,,0,,,0,,,0,,,0,1447.0,1448.0,baghdad_kifah,,,0
2025-04-30,,,0,,,0,,,0,1446.5,1446.5,1,,,0,1446.5,1446.0,2,,,0,,,0,,,0,1448.5,1445.5,2,,,0,1447.0,1445.25,2,,,0,,,0,,,0,,,0,,,0,,,0,,,0,,,0,,,0,,,0,1446.5,1446.0,baghdad_kifah,,,0
2025-05-01,,,0,,,0,,,0,1446.5,1446.5,1,,,0,1446.5,1446.5,1,,,0,,,0,,,0,1445.5,1445.5,1,,,0,1446.5,1446.5,1,,,0,,,0,,,0,,,0,,,0,,,0,,,0,,,0,,,0,,,0,1446.5,1446.5,baghdad_kifah,,,0
2025-05-04,,,0,,,0,,,0,1446.5,1446.5,1,,,0,1446.0,1445.0,2,1446.0,1446.0,1,,,0,,,0,1446.5,1444.5,2,,,0,1447.5,1446.0,2,,,0,,,0,,,0,,,0,,,0,,,0,,,0,,,0,,,0,,,0,1446.0,1445.0,baghdad_kifah,,,0
2025-05-05,,,0,,,0,,,0,1439.5,1439.5,1,,,0,1440.0,1440.0,2,,,0,,,0,,,0,1440.0,1440.0,2,,,0,1442.0,1442.0,1,,,0,,,0,,,0,,,0,,,0,,,0,,,0,,,0,,,0,,,0,1440.0,1440.0,baghdad_kifah,,,0
2025-05-06,,,0,,,0,1440.0,1435.5,2,,,0,,,0,1436.0,1436.0,1,,,0,,,0,,,0,1440.0,1436.0,2,,,0,1442.0,1442.0,1,,,0,,,0,,,0,,,0,,,0,,,0,,,0,,,0,,,0,,,0,1436.0,1436.0,baghdad_kifah,,,0
2025-05-07,,,0,,,0,1431.5,1431.5,1,1424.0,1424.0,1,,,0,1424.5,1424.5,1,1426.0,1426.0,1,,,0,,,0,1431.5,1425.0,2,,,0,1427.5,1422.5,2,,,0,,,0,,,0,,,0,,,0,,,0,,,0,,,0,,,0,,,0,1424.5,1424.5,baghdad_kifah,,,0
2025-05-08,,,0,,,0,,,0,1430.0,1430.0,1,,,0,1418.0,1427.5,2,1419.0,1430.0,2,,,0,,,0,1416.0,1429.5,2,,,0,1419.0,1429.5,3,,,0,,,0,,,0,,,0,,,0,,,0,,,0,,,0,,,0,,,0,1418.0,1427.5,baghdad_kifah,,,0
2025-05-11,,,0,,,0,,,0,,,0,,,0,1420.5,1420.5,1,,,0,,,0,,,0,,,0,,,0,1421.5,1421.5,1,,,0,,,0,,,0,,,0,,,0,,,0,,,0,,,0,,,0,,,0,1420.5,1420.5,baghdad_kifah,,,0
2025-05-12,,,0,,,0,,,0,1430.5,1430.5,1,,,0,1429.0,1430.0,2,1432.0,1432.0,1,,,0,,,0,1425.5,1431.0,2,,,0,1427.0,1428.5,2,,,0,,,0,,,0,,,0,,,0,,,0,,,0,,,0,,,0,,,0,1429.0,1430.0,baghdad_kifah,,,0
2025-05-13,,,0,,,0,,,0,,,0,,,0,1426.5,1427.0,2,1427.0,1427.0,1,,,0,,,0,1428.0,1427.5,2,,,0,1425.0,1425.5,2,,,0,,,0,,,0,,,0,,,0,,,0,,,0,,,0,,,0,,,0,1426.5,1427.0,baghdad_kifah,,,0
2025-05-14,,,0,,,0,,,0,1425.0,1425.0,1,,,0,1422.5,1425.0,2,,,0,,,0,,,0,1424.0,1425.5,2,,,0,1422.0,1422.25,2,,,0,,,0,,,0,,,0,,,0,,,0,,,0,,,0,,,0,,,0,1422.5,1425.0,baghdad_kifah,,,0
2025-05-15,,,0,,,0,,,0,1424.5,1424.5,1,1425.0,1425.0,1,1426.0,1424.5,2,1424.5,1424.5,1,,,0,,,0,1426.0,1425.5,2,,,0,1425.0,1423.5,2,,,0,,,0,,,0,,,0,,,0,,,0,,,0,,,0,,,0,,,0,1426.0,1424.5,baghdad_kifah,,,0
2025-05-18,,,0,,,0,,,0,1425.0,1425.0,2,,,0,1425.0,1423.0,2,1425.0,1425.0,2,,,0,,,0,1426.0,1423.0,2,,,0,1425.5,1423.5,2,,,0,,,0,,,0,,,0,,,0,,,0,,,0,,,0,,,0,,,0,1425.0,1423.0,baghdad_kifah,,,0
2025-05-19,,,0,,,0,,,0,1422.5,1422.5,1,,,0,1421.5,1422.0,2,1422.0,1422.5,2,,,0,,,0,1422.5,1422.5,2,,,0,1422.5,1422.75,2,,,0,,,0,,,0,,,0,,,0,,,0,,,0,,,0,,,0,,,0,1421.5,1422.0,baghdad_kifah,,,0
2025-05-20,,,0,,,0,,,0,,,0,,,0,1425.0,1425.0,1,,,0,,,0,,,0,1425.0,1425.0,1,,,0,1425.0,1425.0,1,,,0,1425.5,1425.5,1,,,0,,,0,,,0,,,0,,,0,,,0,,,0,,,0,1425.0,1425.0,baghdad_kifah,,,0
2025-05-21,,,0,,,0,,,0,1423.5,1423.5,1,,,0,1423.5,1423.5,1,1424.0,1424.0,1,,,0,,,0,1425.0,1425.0,1,,,0,1424.5,1424.5,1,,,0,,,0,,,0,,,0,,,0,,,0,,,0,,,0,,,0,,,0,1423.5,1423.5,baghdad_kifah,,,0
2025-05-22,,,0,,,0,,,0,1420.0,1420.0,1,,,0,1420.0,1420.0,2,1420.0,1420.0,1,,,0,,,0,1422.0,1420.5,2,,,0,1422.0,1420.5,2,,,0,,,0,,,0,,,0,,,0,,,0,,,0,,,0,,,0,,,0,1420.0,1420.0,baghdad_kifah,,,0
2025-05-25,,,0,,,0,,,0,1420.0,1416.0,2,,,0,1419.5,1416.0,2,1419.0,1419.0,1,,,0,,,0,1419.5,1416.0,2,,,0,1418.0,1418.0,2,,,0,,,0,,,0,,,0,,,0,,,0,,,0,,,0,,,0,,,0,1419.5,1416.0,baghdad_kifah,,,0
2025-05-26,,,0,,,0,,,0,1407.5,1407.5,1,,,0,1410.0,1407.5,2,,,0,,,0,,,0,1414.0,1410.0,2,,,0,1412.0,1407.0,2,,,0,,,0,,,0,,,0,,,0,,,0,,,0,,,0,,,0,,,0,1410.0,1407.5,baghdad_kifah,,,0
2025-05-27,,,0,,,0,1410.0,1410.0,1,1404.0,1404.0,1,,,0,1405.0,1405.0,1,1404.0,1404.0,1,,,0,,,0,1406.5,1411.0,2,,,0,1405.5,1408.5,2,,,0,,,0,,,0,,,0,,,0,,,0,,,0,,,0,,,0,,,0,1405.0,1405.0,baghdad_kifah,,,0
2025-05-28,,,0,,,0,1407.5,1407.5,1,1409.0,1409.0,1,,,0,1408.5,1408.5,1,1408.5,1408.5,1,,,0,,,0,1410.0,1407.5,2,,,0,1407.5,1407.5,2,,,0,,,0,,,0,,,0,,,0,,,0,,,0,,,0,,,0,,,0,1408.5,1408.5,baghdad_kifah,,,0
2025-05-29,,,0,,,0,1415.0,1415.0,1,1409.5,1409.5,1,,,0,1409.5,1409.5,1,1409.0,1409.0,1,,,0,,,0,1411.0,1415.0,2,,,0,1410.0,1414.0,2,,,0,,,0,,,0,,,0,,,0,,,0,,,0,,,0,,,0,,,0,1409.5,1409.5,baghdad_kifah,,,0
2025-06-01,,,0,,,0,1409.5,1409.5,1,1414.0,1414.0,1,,,0,1413.0,1413.0,1,,,0,,,0,,,0,1411.5,1413.5,2,,,0,1410.0,1412.5,2,,,0,,,0,,,0,,,0,,,0,,,0,,,0,,,0,,,0,,,0,1413.0,1413.0,baghdad_kifah,,,0
2025-06-02,,,0,,,0,1417.0,1417.0,1,1415.0,1417.5,2,,,0,1414.5,1417.5,2,1414.5,1414.5,1,,,0,,,0,1416.0,1416.0,3,,,0,1413.5,1415.0,3,,,0,,,0,,,0,,,0,,,0,,,0,,,0,,,0,,,0,,,0,1414.5,1417.5,baghdad_kifah,,,0
2025-06-03,,,0,,,0,1411.0,1411.0,1,1415.5,1415.5,1,,,0,1415.0,1415.0,2,1415.0,1415.0,1,,,0,,,0,1415.0,1413.0,3,,,0,1414.5,1412.0,3,,,0,,,0,,,0,,,0,,,0,,,0,,,0,,,0,,,0,,,0,1415.0,1415.0,baghdad_kifah,,,0
2025-06-04,,,0,,,0,1412.0,1415.0,2,1412.0,1412.0,1,,,0,,,0,,,0,,,0,,,0,1414.0,1417.0,2,,,0,1410.0,1412.0,2,,,0,,,0,,,0,,,0,,,0,,,0,,,0,,,0,,,0,,,0,1412.0,1415.0,baghdad_generic,,,0
2025-06-05,,,0,,,0,1416.0,1416.0,1,,,0,,,0,,,0,,,0,,,0,,,0,1416.5,1416.5,1,,,0,1414.0,1414.0,1,,,0,,,0,,,0,,,0,,,0,,,0,,,0,,,0,,,0,,,0,1416.0,1416.0,baghdad_generic,,,0
2025-06-09,,,0,,,0,1415.0,1415.0,1,,,0,,,0,,,0,,,0,,,0,,,0,,,0,,,0,1412.5,1412.5,1,,,0,,,0,,,0,,,0,,,0,,,0,,,0,,,0,,,0,,,0,1415.0,1415.0,baghdad_generic,,,0
2025-06-10,,,0,,,0,1415.0,1415.0,1,,,0,,,0,,,0,,,0,,,0,,,0,1416.0,1416.0,1,,,0,1412.5,1412.5,1,,,0,,,0,,,0,,,0,,,0,,,0,,,0,,,0,,,0,,,0,1415.0,1415.0,baghdad_generic,,,0
2025-06-11,,,0,,,0,1413.5,1413.5,1,,,0,1414.0,1414.0,1,1414.0,1414.0,1,1414.0,1414.0,1,,,0,,,0,1415.0,1413.0,2,,,0,1411.5,1411.5,2,,,0,,,0,,,0,,,0,,,0,,,0,,,0,,,0,,,0,,,0,1414.0,1414.0,baghdad_kifah,,,0
2025-06-12,,,0,,,0,1417.5,1433.5,4,1432.0,1432.0,1,,,0,1434.0,1434.0,1,,,0,,,0,,,0,1428.0,1433.0,3,,,0,1418.5,1437.0,5,,,0,,,0,,,0,,,0,,,0,,,0,,,0,,,0,,,0,,,0,1434.0,1434.0,baghdad_kifah,,,0
2025-06-15,,,0,,,0,1440.0,1440.0,1,1436.0,1436.0,1,,,0,1436.0,1439.0,3,,,0,,,0,,,0,1440.0,1440.0,3,,,0,1438.0,1443.0,4,,,0,,,0,,,0,,,0,,,0,,,0,,,0,,,0,,,0,,,0,1436.0,1439.0,baghdad_kifah,,,0
2025-06-16,,,0,,,0,1439.0,1437.0,2,,,0,,,0,1433.0,1433.0,1,,,0,,,0,,,0,1439.0,1434.0,3,,,0,1441.5,1433.0,3,,,0,,,0,,,0,,,0,,,0,,,0,,,0,,,0,,,0,,,0,1433.0,1433.0,baghdad_kifah,,,0
2025-06-17,,,0,,,0,1436.0,1436.0,1,,,0,,,0,1431.5,1434.0,4,,,0,,,0,,,0,1431.5,1436.5,5,,,0,1431.5,1438.0,5,,,0,,,0,,,0,,,0,,,0,,,0,,,0,,,0,,,0,,,0,1431.5,1434.0,baghdad_kifah,,,0
2025-06-18,,,0,,,0,1443.0,1440.0,2,,,0,1436.5,1436.5,1,1436.0,1438.5,2,,,0,,,0,,,0,1438.0,1440.0,3,,,0,1437.0,1438.5,4,,,0,,,0,,,0,,,0,,,0,,,0,,,0,,,0,,,0,,,0,1436.0,1438.5,baghdad_kifah,,,0
2025-06-19,,,0,,,0,1438.5,1438.5,1,1442.0,1442.5,2,,,0,1440.0,1442.5,3,,,0,,,0,,,0,1439.0,1442.0,4,,,0,1439.0,1443.5,4,,,0,,,0,,,0,,,0,,,0,,,0,,,0,,,0,,,0,,,0,1440.0,1442.5,baghdad_kifah,,,0
2025-06-22,,,0,,,0,1440.5,1441.0,3,,,0,,,0,1440.0,1440.0,2,,,0,,,0,,,0,1440.0,1441.0,5,,,0,1440.5,1439.5,5,,,0,,,0,,,0,,,0,,,0,,,0,,,0,,,0,,,0,,,0,1440.0,1440.0,baghdad_kifah,,,0
2025-06-23,,,0,,,0,1437.0,1435.0,2,1436.5,1436.5,1,,,0,1436.5,1437.5,2,,,0,,,0,,,0,1436.5,1439.5,4,,,0,1435.0,1434.5,4,,,0,,,0,,,0,,,0,,,0,,,0,,,0,,,0,,,0,,,0,1436.5,1437.5,baghdad_kifah,,,0
2025-06-24,,,0,,,0,1416.0,1416.0,1,,,0,,,0,1422.0,1418.5,2,,,0,,,0,,,0,1422.5,1415.0,3,,,0,1422.0,1412.0,3,,,0,,,0,,,0,,,0,,,0,,,0,,,0,,,0,,,0,,,0,1422.0,1418.5,baghdad_kifah,,,0
2025-06-25,,,0,,,0,1411.0,1412.5,2,1416.0,1416.0,1,,,0,1416.0,1416.0,1,,,0,,,0,,,0,1416.0,1413.0,3,,,0,1413.5,1410.5,3,,,0,,,0,,,0,,,0,,,0,,,0,,,0,,,0,,,0,,,0,1416.0,1416.0,baghdad_kifah,,,0
2025-06-26,,,0,,,0,1414.0,1414.0,1,1414.5,1414.5,1,1414.0,1414.0,1,,,0,,,0,,,0,,,0,1413.5,1412.5,2,,,0,1412.0,1411.0,2,,,0,,,0,,,0,,,0,,,0,,,0,,,0,,,0,,,0,,,0,1414.0,1414.0,baghdad_generic,,,0
2025-06-29,,,0,,,0,,,0,1412.5,1412.5,1,,,0,1412.5,1413.0,4,,,0,,,0,,,0,1413.0,1413.5,4,,,0,1410.0,1411.0,4,,,0,,,0,,,0,,,0,,,0,,,0,,,0,,,0,,,0,,,0,1412.5,1413.0,baghdad_kifah,,,0
2025-06-30,,,0,,,0,,,0,1416.0,1416.0,1,,,0,1413.5,1415.5,2,,,0,,,0,,,0,1414.0,1414.0,2,,,0,1413.0,1415.0,2,,,0,,,0,,,0,,,0,,,0,,,0,,,0,,,0,,,0,,,0,1413.5,1415.5,baghdad_kifah,,,0
2025-07-01,,,0,,,0,1412.5,1413.0,2,1412.0,1412.0,1,,,0,1413.0,1413.0,1,,,0,,,0,,,0,1413.0,1412.0,3,,,0,1411.5,1411.0,3,,,0,,,0,,,0,,,0,,,0,,,0,,,0,,,0,,,0,,,0,1413.0,1413.0,baghdad_kifah,,,0
2025-07-02,,,0,,,0,1413.5,1413.5,1,,,0,,,0,1413.0,1411.5,2,,,0,,,0,,,0,1413.0,1412.5,3,,,0,1411.5,1408.0,3,,,0,,,0,,,0,,,0,,,0,,,0,,,0,,,0,,,0,,,0,1413.0,1411.5,baghdad_kifah,,,0
2025-07-03,,,0,,,0,1412.0,1412.5,3,1411.5,1411.5,1,,,0,1412.0,1412.0,1,,,0,,,0,,,0,1410.0,1412.0,4,,,0,1407.0,1409.5,4,,,0,,,0,,,0,,,0,,,0,,,0,,,0,,,0,,,0,,,0,1412.0,1412.0,baghdad_kifah,,,0
2025-07-06,,,0,,,0,,,0,,,0,,,0,,,0,,,0,,,0,,,0,1412.5,1412.0,2,,,0,1411.0,1410.5,2,,,0,,,0,,,0,,,0,,,0,,,0,,,0,,,0,,,0,,,0,,,,,,0
2025-07-07,,,0,1413.0,1413.0,1,1411.5,1411.5,1,,,0,,,0,1412.5,1412.0,2,,,0,,,0,,,0,1412.5,1411.5,2,,,0,1408.0,1408.25,3,,,0,,,0,,,0,,,0,,,0,,,0,,,0,,,0,,,0,,,0,1412.5,1412.0,baghdad_kifah,,,0
2025-07-08,,,0,,,0,1411.0,1411.0,1,,,0,,,0,1411.5,1411.0,2,,,0,,,0,,,0,1410.5,1410.5,3,,,0,1409.0,1410.0,3,,,0,,,0,,,0,,,0,,,0,,,0,,,0,,,0,,,0,,,0,1411.5,1411.0,baghdad_kifah,,,0
2025-07-09,,,0,,,0,1412.5,1412.5,2,1412.0,1412.0,1,,,0,1413.0,1413.0,1,,,0,,,0,,,0,1412.5,1412.0,3,,,0,1410.5,1410.5,3,,,0,,,0,,,0,,,0,,,0,,,0,,,0,,,0,,,0,,,0,1413.0,1413.0,baghdad_kifah,,,0
2025-07-10,,,0,,,0,1412.5,1412.5,3,1412.0,1412.0,1,,,0,1412.0,1412.0,1,,,0,,,0,,,0,1412.5,1412.0,4,,,0,1410.0,1410.5,3,,,0,,,0,,,0,,,0,,,0,,,0,,,0,,,0,,,0,,,0,1412.0,1412.0,baghdad_kifah,,,0
2025-07-13,,,0,,,0,1411.5,1410.5,3,,,0,,,0,,,0,,,0,,,0,,,0,1412.5,1410.0,3,,,0,1408.0,1408.5,3,,,0,,,0,,,0,,,0,,,0,,,0,,,0,,,0,,,0,,,0,1411.5,1410.5,baghdad_generic,,,0
2025-07-14,,,0,,,0,1410.75,1410.75,1,,,0,,,0,1410.5,1410.5,1,,,0,,,0,,,0,1411.5,1411.5,2,,,0,1408.5,1408.5,2,,,0,,,0,,,0,,,0,,,0,,,0,,,0,,,0,,,0,,,0,1410.5,1410.5,baghdad_kifah,,,0
2025-07-15,,,0,,,0,1407.5,1406.25,2,1407.0,1407.0,1,,,0,1406.5,1406.5,1,,,0,,,0,,,0,1409.0,1406.5,3,,,0,1406.0,1403.0,3,,,0,1410.0,1410.0,1,,,0,,,0,,,0,,,0,,,0,,,0,,,0,,,0,1406.5,1406.5,baghdad_kifah,,,0
2025-07-16,,,0,,,0,1406.5,1406.0,2,1406.5,1406.0,2,,,0,1407.0,1407.0,1,,,0,,,0,,,0,1408.0,1405.0,3,,,0,1405.0,1404.5,3,,,0,,,0,,,0,,,0,,,0,,,0,,,0,,,0,,,0,,,0,1407.0,1407.0,baghdad_kifah,,,0
2025-07-17,,,0,,,0,1406.0,1406.0,1,1406.5,1407.5,2,,,0,1406.5,1407.0,2,,,0,,,0,,,0,1408.0,1408.5,3,,,0,1404.0,1404.5,3,,,0,,,0,,,0,,,0,,,0,,,0,,,0,,,0,,,0,,,0,1406.5,1407.0,baghdad_kifah,,,0
2025-07-20,,,0,,,0,1399.5,1398.0,2,,,0,,,0,1403.5,1403.5,1,,,0,,,0,,,0,1405.0,1399.0,3,,,0,1400.25,1395.5,3,,,0,1400.0,1400.0,1,,,0,,,0,,,0,,,0,,,0,,,0,,,0,,,0,1403.5,1403.5,baghdad_kifah,,,0
2025-07-21,,,0,,,0,1398.0,1393.5,2,1396.5,1396.5,1,,,0,1396.5,1396.0,2,,,0,,,0,,,0,1397.5,1396.5,4,,,0,1397.0,1390.5,4,,,0,,,0,,,0,,,0,,,0,,,0,,,0,,,0,,,0,,,0,1396.5,1396.0,baghdad_kifah,,,0
2025-07-22,,,0,,,0,1395.0,1395.0,1,1392.0,1392.0,1,,,0,1393.0,1394.5,2,,,0,1395.0,1395.0,1,,,0,1393.0,1396.5,3,,,0,1390.5,1391.0,3,,,0,,,0,,,0,,,0,,,0,,,0,,,0,,,0,,,0,,,0,1393.0,1394.5,baghdad_kifah,,,0
2025-07-23,,,0,,,0,1393.5,1393.5,1,1394.0,1394.0,1,,,0,1396.0,1394.0,3,,,0,,,0,,,0,1397.5,1392.5,4,,,0,1392.5,1391.5,3,,,0,,,0,,,0,,,0,,,0,,,0,,,0,,,0,,,0,,,0,1396.0,1394.0,baghdad_kifah,,,0
2025-07-24,,,0,,,0,1395.5,1395.0,2,,,0,,,0,1394.0,1394.0,1,,,0,,,0,,,0,1396.5,1394.5,3,,,0,1392.0,1392.5,3,,,0,,,0,,,0,,,0,,,0,,,0,,,0,,,0,,,0,,,0,1394.0,1394.0,baghdad_kifah,,,0
2025-07-27,,,0,,,0,1392.0,1392.0,1,1391.5,1392.0,2,,,0,1392.0,1392.0,2,,,0,,,0,,,0,1393.5,1393.0,3,,,0,1390.0,1391.0,3,,,0,,,0,,,0,,,0,,,0,,,0,,,0,,,0,,,0,,,0,1392.0,1392.0,baghdad_kifah,,,0
2025-07-28,,,0,,,0,1392.5,1392.5,1,,,0,,,0,1392.0,1392.0,1,,,0,,,0,,,0,1393.5,1393.0,2,,,0,1390.5,1390.0,2,,,0,,,0,,,0,,,0,,,0,,,0,,,0,,,0,,,0,,,0,1392.0,1392.0,baghdad_kifah,,,0
2025-07-29,,,0,,,0,,,0,1393.5,1393.5,1,,,0,1392.0,1393.0,3,1393.5,1393.5,1,,,0,,,0,1393.0,1393.5,3,,,0,1389.5,1390.0,3,,,0,,,0,,,0,,,0,,,0,,,0,,,0,,,0,,,0,,,0,1392.0,1393.0,baghdad_kifah,,,0
2025-07-30,,,0,,,0,1396.0,1398.5,2,1394.0,1394.0,1,,,0,1393.5,1393.5,1,,,0,,,0,,,0,1395.0,1397.0,3,,,0,1390.5,1396.0,3,,,0,,,0,,,0,,,0,,,0,,,0,,,0,,,0,,,0,,,0,1393.5,1393.5,baghdad_kifah,,,0
2025-07-31,,,0,,,0,1401.0,1401.0,1,1399.0,1400.0,3,,,0,1398.0,1398.0,1,1401.0,1401.0,1,,,0,,,0,1398.0,1401.0,3,,,0,1395.5,1397.25,3,,,0,,,0,,,0,,,0,,,0,,,0,,,0,,,0,,,0,,,0,1398.0,1398.0,baghdad_kifah,,,0
2025-08-03,,,0,,,0,,,0,1396.5,1396.5,1,,,0,1395.5,1398.0,2,1396.0,1396.0,1,,,0,,,0,1396.0,1397.0,3,,,0,1393.5,1393.5,4,,,0,,,0,,,0,,,0,,,0,,,0,,,0,,,0,,,0,,,0,1395.5,1398.0,baghdad_kifah,,,0
2025-08-04,,,0,,,0,1399.0,1399.0,1,1398.5,1399.0,3,,,0,1398.0,1398.0,3,1398.0,1399.0,2,,,0,,,0,1398.0,1398.5,5,,,0,1395.5,1397.5,5,,,0,,,0,,,0,,,0,,,0,,,0,,,0,,,0,,,0,,,0,1398.0,1398.0,baghdad_kifah,,,0
2025-08-05,,,0,,,0,1400.0,1400.0,2,1400.0,1400.0,1,,,0,1399.0,1399.0,1,,,0,,,0,,,0,1398.5,1398.0,3,,,0,1399.5,1399.0,3,,,0,,,0,,,0,,,0,,,0,,,0,,,0,,,0,,,0,,,0,1399.0,1399.0,baghdad_kifah,,,0
2025-08-06,,,0,,,0,,,0,1398.5,1399.5,3,,,0,1397.75,1398.5,2,1398.0,1398.0,2,,,0,,,0,1397.5,1397.0,3,,,0,1397.0,1398.5,3,,,0,,,0,,,0,,,0,,,0,,,0,,,0,,,0,,,0,,,0,1397.75,1398.5,baghdad_kifah,,,0
2025-08-07,,,0,,,0,1398.5,1399.0,2,,,0,,,0,1398.0,1398.5,2,1398.5,1399.0,2,,,0,,,0,1398.0,1396.5,4,,,0,1398.5,1398.25,4,,,0,,,0,,,0,,,0,,,0,,,0,,,0,,,0,,,0,,,0,1398.0,1398.5,baghdad_kifah,,,0
2025-08-10,,,0,,,0,1401.0,1401.0,1,1401.0,1401.0,1,,,0,1398.5,1400.5,2,1398.5,1400.0,2,,,0,,,0,1398.5,1399.0,3,,,0,1398.5,1401.5,3,,,0,,,0,,,0,,,0,,,0,,,0,,,0,,,0,,,0,,,0,1398.5,1400.5,baghdad_kifah,,,0
2025-08-11,,,0,,,0,1404.0,1404.0,1,1401.5,1405.0,2,,,0,1401.5,1403.5,2,,,0,,,0,,,0,1401.0,1402.5,3,,,0,1401.5,1404.0,3,,,0,,,0,,,0,,,0,,,0,,,0,,,0,,,0,,,0,,,0,1401.5,1403.5,baghdad_kifah,,,0
2025-08-12,,,0,,,0,1405.5,1405.5,2,1407.0,1407.0,1,,,0,1406.5,1406.5,1,,,0,,,0,,,0,1405.5,1407.0,3,,,0,1405.0,1404.5,3,,,0,,,0,,,0,,,0,,,0,,,0,,,0,,,0,,,0,,,0,1406.5,1406.5,baghdad_kifah,,,0
2025-08-13,,,0,,,0,1403.5,1404.25,2,1404.5,1404.25,2,,,0,1404.0,1404.0,1,,,0,,,0,,,0,1404.0,1405.5,3,,,0,1403.5,1405.5,3,,,0,,,0,,,0,,,0,,,0,,,0,,,0,,,0,,,0,,,0,1404.0,1404.0,baghdad_kifah,,,0
2025-08-14,,,0,,,0,1406.0,1404.5,2,,,0,,,0,,,0,,,0,,,0,,,0,1406.5,1403.5,2,,,0,1406.0,1403.5,2,,,0,,,0,,,0,,,0,,,0,,,0,,,0,,,0,,,0,,,0,1406.0,1404.5,baghdad_generic,,,0
2025-08-17,,,0,,,0,1407.5,1407.5,1,1405.5,1407.0,2,1406.0,1406.0,1,1407.0,1407.0,1,,,0,,,0,,,0,1406.0,1407.5,3,,,0,1405.0,1407.0,3,,,0,,,0,,,0,,,0,,,0,,,0,,,0,,,0,,,0,,,0,1407.0,1407.0,baghdad_kifah,,,0
2025-08-18,,,0,,,0,1417.0,1417.0,1,1417.5,1420.0,2,,,0,1413.0,1418.5,3,1418.0,1418.0,1,,,0,,,0,1411.0,1419.0,3,,,0,1410.0,1414.5,4,,,0,,,0,,,0,,,0,,,0,,,0,,,0,,,0,,,0,,,0,1413.0,1418.5,baghdad_kifah,,,0
2025-08-19,,,0,,,0,1415.0,1420.0,2,1416.5,1423.5,2,,,0,1417.0,1420.5,4,,,0,,,0,,,0,1415.0,1420.0,4,,,0,1414.0,1416.5,5,,,0,,,0,,,0,,,0,,,0,,,0,,,0,,,0,,,0,,,0,1417.0,1420.5,baghdad_kifah,,,0
2025-08-20,,,0,,,0,1431.5,1432.5,3,,,0,,,0,1425.0,1433.0,4,1426.5,1432.0,2,,,0,,,0,1424.0,1437.0,4,,,0,1422.5,1430.5,5,,,0,,,0,,,0,,,0,,,0,,,0,,,0,,,0,,,0,,,0,1425.0,1433.0,baghdad_kifah,,,0
2025-08-21,,,0,,,0,1435.0,1424.5,2,1424.5,1424.5,1,,,0,1435.0,1425.0,3,1431.5,1431.5,1,,,0,,,0,1438.0,1424.0,4,,,0,1428.0,1420.0,5,,,0,,,0,,,0,,,0,,,0,,,0,,,0,,,0,,,0,,,0,1435.0,1425.0,baghdad_kifah,,,0
2025-08-24,,,0,,,0,1419.0,1419.0,1,1416.5,1416.5,1,,,0,1417.0,1419.0,2,,,0,,,0,,,0,1417.0,1419.0,3,,,0,1415.5,1418.0,3,,,0,,,0,,,0,,,0,,,0,,,0,,,0,,,0,,,0,,,0,1417.0,1419.0,baghdad_kifah,,,0
2025-08-25,,,0,,,0,1424.0,1424.0,1,1421.0,1421.0,1,,,0,1421.0,1421.0,2,,,0,,,0,,,0,1425.0,1421.5,3,,,0,1422.0,1420.0,3,,,0,,,0,,,0,,,0,,,0,,,0,,,0,,,0,,,0,,,0,1421.0,1421.0,baghdad_kifah,,,0
2025-08-26,,,0,,,0,,,0,1419.0,1421.0,2,,,0,1418.5,1421.5,2,,,0,,,0,,,0,1421.0,1421.0,2,,,0,1417.0,1418.5,2,,,0,,,0,,,0,,,0,,,0,,,0,,,0,,,0,,,0,,,0,1418.5,1421.5,baghdad_kifah,,,0
2025-08-27,,,0,,,0,1423.0,1423.0,1,1424.0,1423.0,2,1424.0,1424.0,1,1424.0,1423.5,3,1424.5,1424.5,2,,,0,,,0,1421.5,1424.0,4,,,0,1420.0,1419.0,4,,,0,,,0,,,0,,,0,,,0,,,0,,,0,,,0,,,0,,,0,1424.0,1423.5,baghdad_kifah,,,0
2025-08-28,,,0,,,0,1423.0,1423.0,1,1421.0,1422.5,2,,,0,1421.0,1422.0,2,1421.0,1422.0,2,,,0,,,0,1421.5,1422.5,3,,,0,1418.0,1418.0,3,,,0,,,0,,,0,,,0,,,0,,,0,,,0,,,0,,,0,,,0,1421.0,1422.0,baghdad_kifah,,,0
2025-08-31,,,0,,,0,,,0,1427.0,1427.0,1,,,0,1430.0,1427.0,3,1427.5,1427.5,1,,,0,,,0,1430.0,1427.0,3,,,0,1428.0,1423.0,3,,,0,,,0,,,0,,,0,,,0,,,0,,,0,,,0,,,0,,,0,1430.0,1427.0,baghdad_kifah,,,0
2025-09-01,,,0,,,0,1425.5,1425.5,1,1425.0,1425.0,2,,,0,1425.5,1425.0,2,1425.0,1424.0,2,,,0,,,0,1426.0,1425.0,3,,,0,1422.5,1423.0,3,,,0,,,0,,,0,,,0,,,0,,,0,,,0,,,0,,,0,,,0,1425.5,1425.0,baghdad_kifah,,,0
2025-09-02,,,0,,,0,1427.0,1427.0,1,1426.0,1426.5,2,,,0,1426.0,1427.0,2,1426.0,1426.0,1,,,0,,,0,1427.0,1427.5,3,,,0,1423.5,1425.5,3,,,0,,,0,,,0,,,0,,,0,,,0,,,0,,,0,,,0,,,0,1426.0,1427.0,baghdad_kifah,,,0
2025-09-03,,,0,,,0,1431.0,1431.0,1,1428.5,1429.0,2,,,0,1428.5,1428.5,2,1429.0,1429.0,1,,,0,,,0,1429.0,1430.0,3,,,0,1426.5,1429.0,3,,,0,,,0,,,0,,,0,,,0,,,0,,,0,,,0,,,0,,,0,1428.5,1428.5,baghdad_kifah,,,0
2025-09-04,,,0,,,0,1431.0,1431.0,1,1431.0,1430.5,2,,,0,1430.5,1431.0,2,1430.5,1430.0,2,,,0,,,0,1431.0,1430.0,3,,,0,1427.5,1428.5,3,,,0,,,0,,,0,,,0,,,0,,,0,,,0,,,0,,,0,,,0,1430.5,1431.0,baghdad_kifah,,,0
2025-09-07,,,0,,,0,1427.0,1427.0,1,1429.5,1429.5,1,1428.75,1428.75,1,1429.0,1429.0,1,,,0,,,0,,,0,1428.0,1429.5,2,,,0,1425.5,1427.0,2,,,0,,,0,,,0,,,0,,,0,,,0,,,0,,,0,,,0,,,0,1429.0,1429.0,baghdad_kifah,,,0
2025-09-08,,,0,,,0,,,0,1431.5,1431.5,2,1429.0,1429.0,1,1429.0,1431.5,3,,,0,,,0,,,0,1429.0,1431.0,3,,,0,1427.0,1430.0,3,,,0,,,0,,,0,,,0,,,0,,,0,,,0,,,0,,,0,,,0,1429.0,1431.5,baghdad_kifah,,,0
2025-09-09,,,0,,,0,1438.0,1438.0,1,1433.5,1436.0,2,,,0,1433.0,1435.0,2,1433.0,1435.0,2,,,0,,,0,1433.0,1438.0,3,,,0,1432.5,1437.5,3,,,0,,,0,,,0,,,0,,,0,,,0,,,0,,,0,,,0,,,0,1433.0,1435.0,baghdad_kifah,,,0
2025-09-10,,,0,,,0,1435.0,1435.0,2,,,0,,,0,1434.0,1434.0,1,,,0,,,0,,,0,1436.0,1433.0,3,,,0,1434.0,1432.5,3,,,0,,,0,,,0,,,0,,,0,,,0,,,0,,,0,,,0,,,0,1434.0,1434.0,baghdad_kifah,,,0
2025-09-11,,,0,,,0,1431.0,1431.0,1,1432.0,1431.5,2,,,0,1432.5,1431.5,2,1432.0,1431.5,2,,,0,,,0,1432.0,1431.0,3,,,0,1430.5,1429.5,3,,,0,,,0,,,0,,,0,,,0,,,0,,,0,,,0,,,0,,,0,1432.5,1431.5,baghdad_kifah,,,0
2025-09-14,,,0,,,0,1430.0,1431.25,2,1427.5,1429.0,3,,,0,1428.0,1430.5,4,1428.0,1429.0,2,,,0,,,0,1427.5,1429.5,6,,,0,1427.5,1428.5,6,,,0,,,0,,,0,,,0,,,0,,,0,,,0,,,0,,,0,,,0,1428.0,1430.5,baghdad_kifah,,,0
2025-09-15,,,0,,,0,1430.0,1429.0,2,1430.0,1430.0,1,1430.0,1430.0,1,1429.5,1429.5,1,,,0,,,0,,,0,1429.0,1429.0,3,,,0,1428.5,1428.5,3,,,0,,,0,,,0,,,0,,,0,,,0,,,0,,,0,,,0,,,0,1429.5,1429.5,baghdad_kifah,,,0
2025-09-16,,,0,,,0,1428.0,1427.5,3,,,0,,,0,,,0,,,0,,,0,,,0,1428.0,1428.0,2,,,0,1427.5,1425.5,3,,,0,,,0,,,0,,,0,,,0,,,0,,,0,,,0,,,0,,,0,1428.0,1427.5,baghdad_generic,,,0
2025-09-17,,,0,,,0,1428.0,1428.0,1,1427.5,1427.5,1,1426.5,1426.5,1,1427.0,1427.0,2,1426.0,1427.0,2,,,0,,,0,1426.5,1427.5,3,,,0,1426.0,1428.5,3,,,0,,,0,,,0,,,0,,,0,,,0,,,0,,,0,,,0,,,0,1427.0,1427.0,baghdad_kifah,,,0
2025-09-18,,,0,,,0,1428.0,1427.0,2,,,0,,,0,1427.0,1427.0,1,,,0,,,0,,,0,1428.0,1426.0,3,,,0,1428.0,1423.5,3,,,0,,,0,,,0,,,0,,,0,,,0,,,0,,,0,,,0,,,0,1427.0,1427.0,baghdad_kifah,,,0
2025-09-21,,,0,,,0,1419.25,1418.0,2,,,0,,,0,,,0,,,0,,,0,,,0,1421.0,1418.0,2,,,0,1415.5,1415.5,2,,,0,,,0,,,0,,,0,,,0,,,0,,,0,,,0,,,0,,,0,1419.25,1418.0,baghdad_generic,,,0
2025-09-22,,,0,,,0,1412.5,1412.5,1,1415.5,1415.5,1,,,0,1415.0,1415.0,1,1415.0,1415.0,1,,,0,,,0,1415.0,1413.0,2,,,0,1412.5,1408.5,2,,,0,,,0,,,0,,,0,,,0,,,0,,,0,,,0,,,0,,,0,1415.0,1415.0,baghdad_kifah,,,0
2025-09-23,,,0,,,0,1414.5,1414.5,1,1411.0,1414.0,2,,,0,1410.5,1414.0,2,1410.5,1410.5,1,,,0,,,0,1413.0,1416.0,3,,,0,1409.0,1410.5,3,,,0,,,0,,,0,,,0,,,0,,,0,,,0,,,0,,,0,,,0,1410.5,1414.0,baghdad_kifah,,,0
2025-09-24,,,0,,,0,1417.0,1420.0,3,,,0,,,0,,,0,,,0,,,0,,,0,1416.5,1419.5,3,,,0,1415.0,1417.0,3,,,0,,,0,,,0,,,0,,,0,,,0,,,0,,,0,,,0,,,0,1417.0,1420.0,baghdad_generic,,,0
2025-09-25,,,0,,,0,1416.5,1416.5,1,1420.0,1420.0,1,1420.5,1420.5,1,1420.0,1417.0,2,,,0,,,0,,,0,1419.0,1415.5,3,,,0,1416.5,1414.0,3,,,0,,,0,,,0,,,0,,,0,,,0,,,0,,,0,,,0,,,0,1420.0,1417.0,baghdad_kifah,,,0
2025-09-28,,,0,,,0,1414.0,1414.0,1,1416.5,1416.5,1,1416.0,1412.5,3,1414.5,1413.0,2,,,0,,,0,,,0,1417.0,1414.0,4,,,0,1413.0,1409.0,4,,,0,,,0,,,0,,,0,,,0,,,0,,,0,,,0,,,0,,,0,1414.5,1413.0,baghdad_kifah,,,0
2025-09-29,,,0,,,0,1414.0,1416.0,2,1416.5,1416.5,1,,,0,1415.25,1416.5,2,,,0,,,0,,,0,1415.0,1416.0,4,,,0,1411.5,1414.0,4,,,0,,,0,,,0,,,0,,,0,,,0,,,0,,,0,,,0,,,0,1415.25,1416.5,baghdad_kifah,,,0
2025-09-30,,,0,,,0,1417.0,1415.0,2,1415.0,1415.0,1,,,0,1414.25,1414.25,1,,,0,,,0,,,0,1417.0,1415.0,2,,,0,1415.0,1412.0,3,,,0,,,0,,,0,,,0,,,0,,,0,,,0,,,0,,,0,,,0,1414.25,1414.25,baghdad_kifah,,,0
2025-10-01,,,0,,,0,1412.5,1412.5,1,1412.5,1412.5,2,,,0,1412.5,1412.5,2,1412.5,1412.5,1,,,0,,,0,1413.0,1412.5,3,,,0,1408.5,1408.5,3,,,0,,,0,,,0,,,0,,,0,,,0,,,0,,,0,,,0,,,0,1412.5,1412.5,baghdad_kifah,,,0
2025-10-02,,,0,,,0,1414.0,1415.5,3,,,0,,,0,,,0,,,0,,,0,,,0,1413.5,1415.0,3,,,0,1411.5,1412.5,3,,,0,,,0,,,0,,,0,,,0,,,0,,,0,,,0,,,0,,,0,1414.0,1415.5,baghdad_generic,,,0
2025-10-05,,,0,,,0,1416.0,1416.5,2,,,0,,,0,1416.0,1416.0,1,,,0,,,0,,,0,1415.0,1415.0,3,,,0,1414.0,1413.0,2,,,0,,,0,,,0,,,0,,,0,,,0,,,0,,,0,,,0,,,0,1416.0,1416.0,baghdad_kifah,,,0
2025-10-06,,,0,,,0,,,0,,,0,,,0,1415.5,1415.0,3,,,0,,,0,,,0,1415.0,1414.0,3,,,0,1413.0,1411.5,3,,,0,,,0,,,0,,,0,,,0,,,0,,,0,,,0,,,0,,,0,1415.5,1415.0,baghdad_kifah,,,0
2025-10-07,,,0,,,0,,,0,1415.5,1415.0,2,,,0,1415.0,1415.75,3,1415.0,1415.0,1,,,0,,,0,1414.5,1414.0,3,,,0,1411.5,1412.0,3,,,0,,,0,,,0,,,0,,,0,,,0,,,0,,,0,,,0,,,0,1415.0,1415.75,baghdad_kifah,,,0
2025-10-08,,,0,,,0,1417.5,1417.5,1,1418.0,1418.0,1,,,0,,,0,,,0,,,0,,,0,1415.5,1416.5,2,,,0,1415.0,1415.5,2,,,0,,,0,,,0,,,0,,,0,,,0,,,0,,,0,,,0,,,0,1417.5,1417.5,baghdad_generic,,,0
2025-10-09,,,0,,,0,1416.0,1416.0,1,1417.0,1417.0,1,,,0,1417.0,1417.0,1,1416.5,1416.5,1,,,0,,,0,1415.5,1416.0,2,,,0,1414.0,1413.0,2,,,0,,,0,,,0,,,0,,,0,,,0,,,0,,,0,,,0,,,0,1417.0,1417.0,baghdad_kifah,,,0
2025-10-12,,,0,,,0,1417.0,1417.0,1,1416.0,1417.0,2,,,0,1415.5,1417.0,2,,,0,,,0,,,0,1416.0,1416.5,3,,,0,1414.0,1415.0,3,,,0,,,0,,,0,,,0,,,0,,,0,,,0,,,0,,,0,,,0,1415.5,1417.0,baghdad_kifah,,,0
2025-10-13,,,0,,,0,1417.0,1417.0,1,1417.25,1417.5,2,1417.5,1417.5,1,1417.5,1417.5,2,,,0,,,0,,,0,1417.5,1416.0,3,,,0,1416.5,1414.5,3,,,0,,,0,,,0,,,0,,,0,,,0,,,0,,,0,,,0,,,0,1417.5,1417.5,baghdad_kifah,,,0
2025-10-14,,,0,,,0,1416.5,1417.0,2,1417.0,1417.0,1,,,0,1417.0,1417.0,1,,,0,,,0,,,0,1416.5,1417.0,3,,,0,1414.5,1415.5,3,,,0,,,0,,,0,,,0,,,0,,,0,,,0,,,0,,,0,,,0,1417.0,1417.0,baghdad_kifah,,,0
2025-10-15,,,0,,,0,1416.5,1416.5,1,1417.0,1417.0,1,,,0,1417.0,1417.0,1,,,0,,,0,,,0,1417.0,1416.5,2,,,0,1415.0,1414.0,2,,,0,,,0,,,0,,,0,,,0,,,0,,,0,,,0,,,0,,,0,1417.0,1417.0,baghdad_kifah,,,0
2025-10-16,,,0,,,0,1415.5,1415.5,1,1415.5,1415.5,1,,,0,1415.5,1415.5,1,,,0,,,0,,,0,1414.5,1415.0,2,,,0,1414.25,1414.0,2,,,0,,,0,,,0,,,0,,,0,,,0,,,0,,,0,,,0,,,0,1415.5,1415.5,baghdad_kifah,,,0
2025-10-19,,,0,,,0,1416.5,1417.5,2,,,0,,,0,,,0,,,0,,,0,,,0,1416.0,1417.0,2,,,0,1414.25,1416.0,2,,,0,,,0,,,0,,,0,,,0,,,0,,,0,,,0,,,0,,,0,1416.5,1417.5,baghdad_generic,,,0
2025-10-20,,,0,,,0,1417.5,1417.5,1,,,0,,,0,,,0,,,0,,,0,,,0,1417.5,1417.5,1,,,0,1415.5,1415.5,1,,,0,,,0,,,0,,,0,,,0,,,0,,,0,,,0,,,0,,,0,1417.5,1417.5,baghdad_generic,,,0
2025-10-21,,,0,,,0,1415.5,1415.5,1,,,0,,,0,,,0,,,0,,,0,,,0,1415.0,1415.0,1,,,0,1414.0,1414.0,1,,,0,,,0,,,0,,,0,,,0,,,0,,,0,,,0,,,0,,,0,1415.5,1415.5,baghdad_generic,,,0
2025-10-22,,,0,,,0,1415.0,1415.0,1,1414.25,1414.25,1,1413.5,1413.5,1,1414.75,1414.0,2,1414.75,1414.75,1,,,0,,,0,1416.5,1414.5,3,,,0,1412.0,1412.5,3,,,0,,,0,,,0,,,0,,,0,,,0,,,0,,,0,,,0,,,0,1414.75,1414.0,baghdad_kifah,,,0
2025-10-23,,,0,,,0,1414.0,1414.75,2,,,0,,,0,,,0,,,0,,,0,,,0,1414.0,1414.5,2,,,0,1411.5,1412.0,2,,,0,,,0,,,0,,,0,,,0,,,0,,,0,,,0,,,0,,,0,1414.0,1414.75,baghdad_generic,,,0
2025-10-26,,,0,,,0,1412.0,1412.0,1,,,0,,,0,1409.5,1409.5,1,,,0,,,0,,,0,1412.5,1408.5,2,,,0,1409.0,1407.0,2,,,0,,,0,,,0,,,0,,,0,,,0,,,0,,,0,,,0,,,0,1409.5,1409.5,baghdad_kifah,,,0
2025-10-27,,,0,,,0,,,0,1409.5,1409.5,1,,,0,1410.0,1410.0,1,,,0,,,0,,,0,1412.0,1412.0,1,,,0,1406.5,1406.5,1,,,0,,,0,,,0,,,0,,,0,,,0,,,0,,,0,,,0,,,0,1410.0,1410.0,baghdad_kifah,,,0
2025-10-28,,,0,,,0,1411.5,1411.5,1,1411.0,1411.0,1,,,0,1411.5,1411.5,1,,,0,,,0,,,0,1413.0,1412.0,2,,,0,1409.0,1407.75,2,,,0,,,0,,,0,,,0,,,0,,,0,,,0,,,0,,,0,,,0,1411.5,1411.5,baghdad_kifah,,,0
2025-10-29,,,0,,,0,1411.0,1410.0,3,,,0,,,0,1409.5,1409.5,1,,,0,,,0,,,0,1411.0,1410.0,2,,,0,1408.0,1404.5,3,,,0,,,0,,,0,,,0,,,0,,,0,,,0,,,0,,,0,,,0,1409.5,1409.5,baghdad_kifah,,,0
2025-10-30,,,0,,,0,1410.0,1410.0,1,1409.5,1409.5,1,,,0,1409.5,1409.5,1,,,0,,,0,,,0,1410.0,1410.5,2,,,0,1407.0,1407.0,2,,,0,,,0,,,0,,,0,,,0,,,0,,,0,,,0,,,0,,,0,1409.5,1409.5,baghdad_kifah,,,0
2025-11-02,,,0,,,0,1408.0,1410.0,2,,,0,,,0,1408.5,1408.5,1,,,0,,,0,,,0,1410.0,1410.0,3,,,0,1406.5,1407.0,3,,,0,,,0,,,0,,,0,,,0,,,0,,,0,,,0,,,0,,,0,1408.5,1408.5,baghdad_kifah,,,0
2025-11-03,,,0,,,0,1411.0,1411.0,3,,,0,,,0,,,0,,,0,,,0,,,0,1411.5,1411.5,3,,,0,1408.5,1409.0,3,,,0,,,0,,,0,,,0,,,0,,,0,,,0,,,0,,,0,,,0,1411.0,1411.0,baghdad_generic,,,0
2025-11-04,,,0,,,0,1411.0,1411.0,1,1411.5,1411.5,1,,,0,1411.5,1411.5,1,1411.0,1411.0,1,,,0,,,0,1411.0,1411.0,2,,,0,1408.0,1408.0,2,,,0,,,0,,,0,,,0,,,0,,,0,,,0,,,0,,,0,,,0,1411.5,1411.5,baghdad_kifah,,,0
2025-11-05,,,0,,,0,1412.0,1413.0,2,1413.0,1413.0,1,,,0,1413.0,1413.0,1,1412.75,1412.75,1,,,0,,,0,1411.5,1413.0,3,,,0,1409.5,1409.5,3,,,0,,,0,,,0,,,0,,,0,,,0,,,0,,,0,,,0,,,0,1413.0,1413.0,baghdad_kifah,,,0
2025-11-06,,,0,,,0,1415.5,1415.5,1,1412.75,1415.0,3,,,0,1412.75,1415.0,3,1412.75,1415.0,3,,,0,,,0,1412.5,1413.5,4,,,0,1409.0,1412.5,4,,,0,,,0,,,0,,,0,,,0,,,0,,,0,,,0,,,0,,,0,1412.75,1415.0,baghdad_kifah,,,0
2025-11-09,,,0,,,0,1415.5,1415.5,1,,,0,,,0,1415.5,1415.5,1,,,0,,,0,,,0,1415.0,1415.5,2,,,0,1412.5,1413.0,2,,,0,,,0,,,0,,,0,,,0,,,0,,,0,,,0,,,0,,,0,1415.5,1415.5,baghdad_kifah,,,0
2025-11-10,,,0,,,0,1416.25,1416.25,1,1416.25,1416.25,1,,,0,1416.0,1416.0,1,,,0,,,0,,,0,1415.0,1415.5,2,,,0,1414.0,1413.5,2,,,0,,,0,,,0,,,0,,,0,,,0,,,0,,,0,,,0,,,0,1416.0,1416.0,baghdad_kifah,,,0
2025-11-12,,,0,,,0,,,0,1415.5,1415.5,1,,,0,1416.0,1416.0,1,1415.5,1415.5,1,,,0,,,0,1415.0,1415.0,1,,,0,1412.5,1412.5,1,,,0,,,0,,,0,,,0,,,0,,,0,,,0,,,0,,,0,,,0,1416.0,1416.0,baghdad_kifah,,,0
2025-11-13,,,0,,,0,1414.0,1414.0,1,1414.0,1414.0,1,,,0,1412.5,1412.5,1,,,0,,,0,,,0,1413.5,1413.5,2,,,0,1408.25,1411.5,2,,,0,,,0,,,0,,,0,,,0,,,0,,,0,,,0,,,0,,,0,1412.5,1412.5,baghdad_kifah,,,0
2025-11-16,,,0,,,0,1414.0,1414.0,1,1414.0,1414.5,2,1413.5,1413.5,1,1413.75,1414.0,2,,,0,,,0,,,0,1415.5,1416.0,3,,,0,1410.5,1411.75,3,,,0,,,0,,,0,,,0,,,0,,,0,,,0,,,0,,,0,,,0,1413.75,1414.0,baghdad_kifah,,,0
2025-11-17,,,0,,,0,1412.0,1412.0,1,1414.0,1414.0,1,,,0,1414.0,1414.0,1,,,0,,,0,,,0,1416.0,1413.0,2,,,0,1411.0,1410.0,2,,,0,,,0,,,0,,,0,,,0,,,0,,,0,,,0,,,0,,,0,1414.0,1414.0,baghdad_kifah,,,0
2025-11-18,,,0,,,0,,,0,1413.0,1413.0,1,,,0,1412.5,1412.5,1,,,0,,,0,,,0,1413.5,1413.5,1,,,0,1411.0,1411.0,1,,,0,,,0,,,0,,,0,,,0,,,0,,,0,,,0,,,0,,,0,1412.5,1412.5,baghdad_kifah,,,0
2025-11-19,,,0,,,0,,,0,1412.5,1412.5,1,,,0,1412.0,1412.0,1,,,0,1412.0,1412.0,1,,,0,1413.5,1413.5,1,,,0,1411.5,1411.5,1,,,0,,,0,,,0,,,0,,,0,,,0,,,0,,,0,,,0,,,0,1412.0,1412.0,baghdad_kifah,,,0
2025-11-20,,,0,,,0,1413.5,1413.5,1,1413.0,1413.0,1,,,0,1414.0,1414.0,1,1413.5,1413.5,1,1412.0,1412.0,1,,,0,1414.5,1414.0,2,,,0,1410.5,1410.5,2,,,0,,,0,,,0,,,0,,,0,,,0,,,0,,,0,,,0,,,0,1414.0,1414.0,baghdad_kifah,,,0
2025-11-23,,,0,,,0,,,0,,,0,,,0,1412.5,1418.0,2,,,0,,,0,,,0,1413.0,1416.0,2,,,0,1408.5,1412.0,2,,,0,,,0,,,0,,,0,,,0,,,0,,,0,,,0,,,0,,,0,1412.5,1418.0,baghdad_kifah,,,0
2025-11-24,,,0,,,0,1432.0,1432.0,1,1433.0,1433.0,1,,,0,,,0,,,0,,,0,,,0,1432.0,1432.0,1,,,0,1424.5,1424.5,1,,,0,,,0,,,0,,,0,,,0,,,0,,,0,,,0,,,0,,,0,1432.0,1432.0,baghdad_generic,,,0
2025-11-25,,,0,,,0,1423.5,1423.5,1,1424.0,1424.0,1,,,0,1422.0,1422.0,1,,,0,,,0,,,0,1425.0,1423.0,2,,,0,1418.5,1416.0,2,,,0,,,0,,,0,,,0,,,0,,,0,,,0,,,0,,,0,,,0,1422.0,1422.0,baghdad_kifah,,,0
2025-11-26,,,0,,,0,1422.5,1420.0,2,,,0,,,0,,,0,,,0,,,0,,,0,1426.0,1422.0,2,,,0,1414.0,1411.5,2,,,0,,,0,,,0,,,0,,,0,,,0,,,0,,,0,,,0,,,0,1422.5,1420.0,baghdad_generic,,,0
2025-11-27,,,0,,,0,1425.0,1425.0,1,1423.5,1423.5,1,,,0,1423.0,1423.0,1,1423.0,1423.0,1,,,0,,,0,1424.0,1426.0,2,,,0,1415.5,1418.0,2,,,0,,,0,,,0,,,0,,,0,,,0,,,0,,,0,,,0,,,0,1423.0,1423.0,baghdad_kifah,,,0
2025-11-30,,,0,,,0,1426.5,1426.5,1,1425.0,1425.0,1,,,0,1425.0,1425.0,1,1424.5,1424.5,1,,,0,,,0,1426.5,1427.5,2,,,0,1416.5,1418.75,2,,,0,,,0,,,0,,,0,,,0,,,0,,,0,,,0,,,0,,,0,1425.0,1425.0,baghdad_kifah,,,0
2025-12-01,,,0,,,0,1428.0,1430.0,2,,,0,,,0,1428.5,1428.5,1,,,0,,,0,,,0,1429.0,1428.5,2,,,0,1422.5,1422.0,2,,,0,,,0,,,0,,,0,,,0,,,0,,,0,,,0,,,0,,,0,1428.5,1428.5,baghdad_kifah,,,0
2025-12-02,,,0,,,0,1427.0,1427.5,2,,,0,,,0,,,0,,,0,,,0,,,0,1429.0,1430.0,2,,,0,1418.0,1416.25,2,,,0,,,0,,,0,,,0,,,0,,,0,,,0,,,0,,,0,,,0,1427.0,1427.5,baghdad_generic,,,0
2025-12-03,,,0,,,0,,,0,,,0,,,0,1425.0,1425.0,1,,,0,,,0,,,0,1428.5,1428.5,1,,,0,1414.5,1414.5,1,,,0,,,0,,,0,,,0,,,0,,,0,,,0,,,0,,,0,,,0,1425.0,1425.0,baghdad_kifah,,,0
2025-12-04,,,0,,,0,,,0,,,0,,,0,1426.0,1426.5,2,,,0,,,0,,,0,1429.0,1429.5,2,,,0,1416.5,1416.5,2,,,0,,,0,,,0,,,0,,,0,,,0,,,0,,,0,,,0,,,0,1426.0,1426.5,baghdad_kifah,,,0
2025-12-07,,,0,,,0,,,0,1427.5,1427.5,1,,,0,1427.5,1427.5,1,,,0,,,0,,,0,1430.0,1430.0,1,,,0,1416.5,1416.5,1,,,0,,,0,,,0,,,0,,,0,,,0,,,0,,,0,,,0,,,0,1427.5,1427.5,baghdad_kifah,,,0
2025-12-08,,,0,,,0,,,0,1428.5,1429.5,2,,,0,1429.0,1429.0,2,,,0,,,0,,,0,1430.0,1430.5,2,,,0,1418.5,1418.0,2,,,0,,,0,,,0,,,0,,,0,,,0,,,0,,,0,,,0,,,0,1429.0,1429.0,baghdad_kifah,,,0
2025-12-09,,,0,,,0,,,0,1428.75,1428.75,1,1429.0,1429.0,1,1428.75,1429.75,2,,,0,,,0,,,0,1431.0,1430.5,2,,,0,1417.0,1418.0,2,,,0,,,0,,,0,,,0,,,0,,,0,,,0,,,0,,,0,,,0,1428.75,1429.75,baghdad_kifah,,,0
2025-12-10,,,0,,,0,,,0,1431.0,1432.0,2,,,0,1430.5,1432.0,2,1431.0,1431.0,1,,,0,,,0,1431.0,1432.0,2,,,0,1419.0,1421.5,2,,,0,,,0,,,0,,,0,,,0,,,0,,,0,,,0,,,0,,,0,1430.5,1432.0,baghdad_kifah,,,0
2025-12-11,,,0,,,0,,,0,1431.0,1432.0,3,,,0,1430.5,1432.0,3,,,0,,,0,,,0,1431.5,1432.5,3,,,0,1419.0,1421.5,3,,,0,,,0,,,0,,,0,,,0,,,0,,,0,,,0,,,0,,,0,1430.5,1432.0,baghdad_kifah,,,0
2025-12-14,,,0,,,0,1433.5,1433.5,1,1433.5,1433.5,1,,,0,1433.5,1433.5,1,,,0,,,0,,,0,1434.0,1434.0,2,,,0,1420.5,1419.5,2,,,0,,,0,,,0,,,0,,,0,,,0,,,0,,,0,,,0,,,0,1433.5,1433.5,baghdad_kifah,,,0
2025-12-15,,,0,,,0,1431.0,1431.0,1,1433.0,1430.5,2,,,0,1433.0,1431.0,2,,,0,,,0,,,0,1433.0,1433.5,3,,,0,1418.5,1414.0,3,,,0,,,0,,,0,,,0,,,0,,,0,,,0,,,0,,,0,,,0,1433.0,1431.0,baghdad_kifah,,,0
2025-12-16,,,0,,,0,,,0,1431.0,1426.0,2,,,0,1430.5,1427.0,2,1431.0,1431.0,1,,,0,,,0,1432.0,1428.0,2,,,0,1418.5,1416.5,2,,,0,,,0,,,0,,,0,,,0,,,0,,,0,,,0,,,0,,,0,1430.5,1427.0,baghdad_kifah,,,0
2025-12-17,,,0,,,0,1426.0,1426.0,1,1425.25,1425.25,1,,,0,1424.0,1424.0,1,,,0,,,0,,,0,1425.5,1427.5,2,,,0,1413.0,1417.0,2,,,0,,,0,,,0,,,0,,,0,,,0,,,0,,,0,,,0,,,0,1424.0,1424.0,baghdad_kifah,,,0
2025-12-18,,,0,,,0,,,0,1425.75,1429.5,2,,,0,1426.0,1429.5,2,,,0,,,0,,,0,1429.0,1431.0,2,,,0,1417.0,1418.0,2,,,0,,,0,,,0,,,0,,,0,,,0,,,0,,,0,,,0,,,0,1426.0,1429.5,baghdad_kifah,,,0
2025-12-21,,,0,,,0,1428.0,1428.0,1,1428.0,1428.0,1,,,0,1428.0,1428.0,1,1428.5,1428.5,1,,,0,,,0,1430.5,1430.0,2,,,0,1419.0,1418.0,2,,,0,,,0,,,0,,,0,,,0,,,0,,,0,,,0,,,0,,,0,1428.0,1428.0,baghdad_kifah,,,0
2025-12-22,,,0,,,0,1430.0,1430.0,1,1431.0,1433.0,2,,,0,1431.0,1432.0,2,,,0,,,0,,,0,1431.0,1433.0,3,,,0,1421.0,1421.5,3,,,0,,,0,,,0,,,0,,,0,,,0,,,0,,,0,,,0,,,0,1431.0,1432.0,baghdad_kifah,,,0
2025-12-23,,,0,,,0,1432.0,1431.5,2,,,0,,,0,,,0,,,0,,,0,,,0,1432.5,1431.5,2,,,0,1422.0,1420.0,2,,,0,,,0,,,0,,,0,,,0,,,0,,,0,,,0,,,0,,,0,1432.0,1431.5,baghdad_generic,,,0
2025-12-24,,,0,,,0,1431.5,1433.0,2,,,0,,,0,,,0,,,0,,,0,,,0,1431.5,1434.0,2,,,0,1420.5,1423.5,2,,,0,,,0,,,0,,,0,,,0,,,0,,,0,,,0,,,0,,,0,1431.5,1433.0,baghdad_generic,,,0
2025-12-25,,,0,,,0,1434.5,1436.5,4,,,0,,,0,,,0,,,0,,,0,,,0,1436.0,1436.5,4,,,0,1425.0,1424.5,4,,,0,,,0,,,0,,,0,,,0,,,0,,,0,,,0,,,0,,,0,1434.5,1436.5,baghdad_generic,,,0
2025-12-28,,,0,,,0,1439.0,1439.0,1,1433.0,1433.0,1,,,0,1432.5,1432.5,1,,,0,,,0,,,0,1433.0,1439.0,2,,,0,1426.5,1435.0,2,,,0,,,0,,,0,,,0,,,0,,,0,,,0,,,0,,,0,,,0,1432.5,1432.5,baghdad_kifah,,,0
2025-12-29,,,0,,,0,1444.0,1442.5,2,1441.0,1444.5,3,1445.0,1445.0,1,1441.0,1444.0,3,1440.0,1440.0,1,,,0,,,0,1440.0,1443.0,4,,,0,1437.0,1435.0,5,,,0,,,0,,,0,,,0,,,0,,,0,,,0,,,0,,,0,,,0,1441.0,1444.0,baghdad_kifah,,,0
2025-12-30,,,0,,,0,1444.0,1444.0,1,1439.0,1438.5,2,,,0,1439.0,1439.0,2,,,0,,,0,,,0,1444.0,1440.0,3,,,0,1436.5,1430.0,3,,,0,,,0,,,0,,,0,,,0,,,0,,,0,,,0,,,0,,,0,1439.0,1439.0,baghdad_kifah,,,0
2025-12-31,,,0,,,0,,,0,1446.0,1446.0,2,,,0,1447.0,1446.5,2,,,0,,,0,,,0,1444.0,1442.0,2,,,0,1435.0,1434.5,2,,,0,,,0,,,0,,,0,,,0,,,0,,,0,,,0,,,0,,,0,1447.0,1446.5,baghdad_kifah,,,0
2026-01-01,,,0,,,0,,,0,,,0,,,0,1445.0,1445.0,1,,,0,,,0,,,0,1443.5,1443.5,1,,,0,1433.5,1433.5,1,,,0,,,0,,,0,,,0,,,0,,,0,,,0,,,0,,,0,,,0,1445.0,1445.0,baghdad_kifah,,,0
2026-01-04,,,0,,,0,1461.0,1465.0,2,1451.0,1458.5,3,,,0,1450.5,1465.0,4,1458.0,1466.0,2,,,0,,,0,1450.0,1451.5,5,,,0,1438.25,1452.0,5,,,0,,,0,,,0,,,0,,,0,,,0,,,0,,,0,,,0,,,0,1450.5,1465.0,baghdad_kifah,,,0
2026-01-05,,,0,,,0,1481.0,1481.0,1,,,0,,,0,1470.0,1477.25,2,,,0,,,0,,,0,1481.0,1481.0,1,,,0,1458.0,1470.0,2,,,0,,,0,,,0,,,0,,,0,,,0,,,0,,,0,,,0,,,0,1470.0,1477.25,baghdad_kifah,,,0
2026-01-06,,,0,,,0,,,0,1485.0,1469.75,2,,,0,1484.0,1465.0,3,,,0,,,0,,,0,1479.0,1460.0,3,,,0,1473.5,1452.25,3,,,0,,,0,,,0,,,0,,,0,,,0,,,0,,,0,,,0,,,0,1484.0,1465.0,baghdad_kifah,,,0
2026-01-07,,,0,,,0,1469.0,1475.0,3,,,0,,,0,,,0,,,0,,,0,,,0,1468.5,1473.5,3,,,0,1461.0,1464.5,3,,,0,,,0,,,0,,,0,,,0,,,0,,,0,,,0,,,0,,,0,1469.0,1475.0,baghdad_generic,,,0
2026-01-08,,,0,,,0,1467.0,1467.0,1,1478.5,1473.5,2,,,0,1478.0,1473.0,2,1473.5,1473.5,1,,,0,,,0,1477.0,1463.5,3,,,0,1469.5,1457.5,3,,,0,,,0,,,0,,,0,,,0,,,0,,,0,,,0,,,0,,,0,1478.0,1473.0,baghdad_kifah,,,0
2026-01-11,,,0,,,0,1455.0,1464.5,2,1466.0,1466.0,1,,,0,1465.5,1465.5,1,,,0,,,0,,,0,1455.0,1464.0,3,,,0,1451.0,1459.5,3,,,0,,,0,,,0,,,0,,,0,,,0,,,0,,,0,,,0,,,0,1465.5,1465.5,baghdad_kifah,,,0
2026-01-12,,,0,,,0,1465.5,1465.5,1,1469.0,1469.0,1,,,0,1469.0,1469.0,1,,,0,1469.0,1469.0,1,,,0,1469.0,1463.0,2,,,0,1465.5,1461.0,2,,,0,,,0,,,0,,,0,,,0,,,0,,,0,,,0,,,0,,,0,1469.0,1469.0,baghdad_kifah,,,0
2026-01-13,,,0,,,0,1471.0,1471.0,1,1470.0,1471.0,2,1469.0,1469.0,1,1465.0,1472.0,3,,,0,1472.0,1472.0,1,,,0,1465.0,1470.0,4,,,0,1461.5,1469.5,4,,,0,,,0,,,0,,,0,,,0,,,0,,,0,,,0,,,0,,,0,1465.0,1472.0,baghdad_kifah,,,0
2026-01-14,,,0,,,0,1482.0,1481.0,2,,,0,,,0,,,0,,,0,,,0,,,0,1478.5,1479.0,2,,,0,1483.0,1482.5,2,,,0,,,0,,,0,,,0,,,0,,,0,,,0,,,0,,,0,,,0,1482.0,1481.0,baghdad_generic,,,0
2026-01-15,,,0,,,0,1475.0,1475.0,1,,,0,,,0,1481.0,1481.0,1,,,0,,,0,,,0,1479.0,1476.0,2,,,0,1481.5,1474.0,2,,,0,,,0,,,0,,,0,,,0,,,0,,,0,,,0,,,0,,,0,1481.0,1481.0,baghdad_kifah,,,0
2026-01-18,,,0,,,0,1473.0,1473.0,1,1471.5,1472.5,2,,,0,1472.0,1473.0,2,,,0,,,0,,,0,1470.0,1472.5,2,,,0,1471.5,1476.0,3,,,0,,,0,,,0,,,0,,,0,,,0,,,0,,,0,,,0,,,0,1472.0,1473.0,baghdad_kifah,,,0
2026-01-19,,,0,1475.0,1475.0,1,1474.5,1475.0,2,,,0,,,0,1474.5,1474.5,1,,,0,,,0,,,0,1474.5,1475.0,2,,,0,1475.0,1478.0,3,,,0,,,0,,,0,,,0,,,0,,,0,,,0,,,0,,,0,,,0,1474.5,1474.5,baghdad_kifah,,,0
2026-01-20,,,0,,,0,,,0,,,0,1481.0,1481.0,1,1477.0,1483.5,3,,,0,1481.0,1481.0,1,,,0,1476.0,1482.0,3,,,0,1477.0,1484.0,3,,,0,,,0,,,0,,,0,,,0,,,0,,,0,,,0,,,0,,,0,1477.0,1483.5,baghdad_kifah,,,0
2026-01-21,,,0,1482.0,1482.0,1,1482.0,1482.0,1,1481.0,1481.0,1,1480.5,1480.5,1,1481.0,1482.0,3,,,0,,,0,,,0,1479.0,1480.0,4,,,0,1481.5,1480.5,4,,,0,,,0,,,0,,,0,,,0,,,0,,,0,,,0,,,0,,,0,1481.0,1482.0,baghdad_kifah,,,0
2026-01-22,,,0,,,0,1479.5,1478.0,3,1480.5,1480.5,1,,,0,1480.5,1480.5,1,,,0,,,0,,,0,1479.5,1477.0,4,,,0,1479.0,1479.5,4,,,0,,,0,,,0,,,0,,,0,,,0,,,0,,,0,,,0,,,0,1480.5,1480.5,baghdad_kifah,,,0
2026-01-25,,,0,1491.0,1491.0,1,1490.0,1492.0,2,1490.0,1490.0,1,,,0,1481.5,1490.0,3,1481.0,1481.0,1,,,0,,,0,1481.0,1488.0,4,,,0,1482.0,1495.0,5,,,0,,,0,,,0,,,0,,,0,,,0,,,0,,,0,,,0,,,0,1481.5,1490.0,baghdad_kifah,,,0
2026-01-26,,,0,1503.0,1503.0,1,1515.0,1524.0,3,1505.0,1521.0,3,,,0,1504.0,1522.0,3,,,0,,,0,,,0,1503.0,1515.0,3,,,0,1511.0,1537.0,5,,,0,,,0,,,0,,,0,,,0,,,0,,,0,,,0,,,0,,,0,1504.0,1522.0,baghdad_kifah,,,0
2026-01-27,,,0,,,0,1532.0,1531.0,2,1534.5,1534.5,1,1534.0,1534.0,1,1530.0,1534.0,2,1534.0,1534.0,1,1533.0,1533.0,1,,,0,1520.0,1530.0,2,,,0,1541.0,1540.0,4,,,0,,,0,,,0,,,0,,,0,,,0,,,0,,,0,,,0,,,0,1530.0,1534.0,baghdad_kifah,,,0
2026-01-28,,,0,,,0,,,0,1522.5,1522.5,1,1523.0,1516.0,2,1524.0,1496.0,4,1525.0,1525.0,2,,,0,,,0,1518.5,1490.0,4,,,0,1530.0,1499.0,4,,,0,,,0,,,0,,,0,,,0,,,0,,,0,,,0,,,0,,,0,1524.0,1496.0,baghdad_kifah,,,0
2026-01-29,,,0,1502.0,1502.0,2,,,0,1501.0,1503.0,5,,,0,1500.0,1502.0,5,1495.5,1495.5,1,1500.0,1500.0,1,,,0,1493.5,1500.0,4,,,0,1501.5,1507.5,5,,,0,,,0,,,0,,,0,,,0,,,0,,,0,,,0,,,0,,,0,1500.0,1502.0,baghdad_kifah,,,0
2026-02-01,,,0,,,0,1489.0,1489.0,1,1483.5,1483.5,1,1483.0,1491.5,2,1483.5,1491.5,2,,,0,,,0,,,0,1487.0,1482.0,2,,,0,1491.0,1492.0,3,,,0,,,0,,,0,,,0,,,0,,,0,,,0,,,0,,,0,,,0,1483.5,1491.5,baghdad_kifah,,,0
2026-02-02,,,0,,,0,1491.0,1491.0,2,,,0,,,0,1490.0,1490.0,1,,,0,,,0,,,0,1489.0,1487.5,3,,,0,1488.0,1488.5,3,,,0,,,0,,,0,,,0,,,0,,,0,,,0,,,0,,,0,,,0,1490.0,1490.0,baghdad_kifah,,,0
2026-02-03,,,0,,,0,1498.5,1498.5,1,1495.0,1495.0,1,,,0,1495.0,1495.0,1,,,0,,,0,,,0,1492.0,1498.0,2,,,0,1493.0,1498.5,2,,,0,,,0,,,0,,,0,,,0,,,0,,,0,,,0,,,0,,,0,1495.0,1495.0,baghdad_kifah,,,0
2026-02-04,,,0,,,0,1498.0,1498.0,1,1503.0,1503.0,1,,,0,1502.5,1502.5,1,,,0,,,0,,,0,1500.0,1497.0,2,,,0,1505.0,1495.5,2,,,0,,,0,,,0,,,0,,,0,,,0,,,0,,,0,,,0,,,0,1502.5,1502.5,baghdad_kifah,,,0
2026-02-05,,,0,,,0,,,0,,,0,,,0,1499.5,1502.0,3,1499.5,1499.5,1,,,0,,,0,1499.0,1500.0,3,,,0,1497.5,1501.0,3,,,0,,,0,,,0,1500.5,1501.0,2,,,0,,,0,,,0,,,0,,,0,,,0,1499.5,1502.0,baghdad_kifah,,,0
2026-02-08,,,0,,,0,1499.0,1499.0,1,1499.5,1500.0,2,1500.0,1500.0,1,1498.5,1498.5,1,,,0,,,0,,,0,1497.0,1499.0,3,,,0,1496.5,1498.0,3,,,0,,,0,,,0,1497.5,1498.0,3,,,0,,,0,,,0,,,0,,,0,,,0,1498.5,1498.5,baghdad_kifah,,,0
2026-02-09,,,0,,,0,,,0,1500.0,1500.0,1,1500.0,1500.0,1,1500.5,1500.5,1,1499.5,1499.5,1,,,0,,,0,1498.5,1499.0,2,,,0,1500.0,1499.0,2,,,0,,,0,,,0,1499.5,1499.5,2,,,0,,,0,,,0,,,0,,,0,,,0,1500.5,1500.5,baghdad_kifah,,,0
2026-02-10,1505.0,1502.5,2,,,0,1502.5,1502.5,1,1505.0,1505.0,1,,,0,1504.0,1505.0,2,1504.0,1505.0,2,1505.0,1505.0,1,,,0,1501.5,1501.0,3,,,0,1503.5,1501.5,3,,,0,,,0,,,0,1502.5,1502.5,1,,,0,,,0,,,0,,,0,,,0,,,0,1504.0,1505.0,baghdad_kifah,,,0
2026-02-11,1503.0,1503.0,1,,,0,1514.0,1514.0,1,,,0,,,0,,,0,,,0,,,0,,,0,1513.0,1513.0,1,,,0,1509.0,1509.0,1,,,0,,,0,,,0,,,0,,,0,,,0,,,0,,,0,,,0,,,0,1514.0,1514.0,baghdad_generic,,,0
2026-02-12,1515.0,1513.0,3,,,0,1513.5,1513.5,1,,,0,1517.0,1517.0,1,1517.0,1514.0,2,,,0,,,0,,,0,1513.5,1511.0,3,,,0,1514.0,1510.0,3,,,0,,,0,,,0,,,0,,,0,,,0,,,0,,,0,,,0,,,0,1517.0,1514.0,baghdad_kifah,,,0
2026-02-15,,,0,,,0,1511.0,1511.0,1,1509.5,1509.5,1,1506.0,1506.0,1,1507.0,1509.0,2,1508.5,1508.5,1,,,0,,,0,1505.0,1507.5,3,,,0,1506.5,1508.5,3,,,0,,,0,,,0,1507.5,1507.5,2,,,0,,,0,,,0,,,0,,,0,,,0,1507.0,1509.0,baghdad_kifah,,,0
2026-02-16,,,0,,,0,1516.0,1516.0,1,1513.5,1513.5,1,,,0,1513.0,1513.0,1,1513.0,1513.0,1,,,0,,,0,1511.5,1513.5,2,,,0,1511.5,1515.0,2,,,0,,,0,,,0,,,0,,,0,,,0,,,0,,,0,,,0,,,0,1513.0,1513.0,baghdad_kifah,,,0
2026-02-17,,,0,,,0,,,0,,,0,,,0,1514.5,1517.5,2,,,0,,,0,,,0,1512.5,1515.0,2,,,0,1514.5,1517.5,2,,,0,,,0,,,0,,,0,,,0,,,0,,,0,,,0,,,0,,,0,1514.5,1517.5,baghdad_kifah,,,0
2026-02-18,,,0,,,0,1522.5,1522.5,1,1522.5,1522.5,1,1519.0,1519.0,1,1518.5,1522.5,2,1523.0,1523.0,1,,,0,,,0,1516.5,1520.0,3,,,0,1519.0,1522.0,3,,,0,,,0,,,0,,,0,,,0,,,0,,,0,,,0,,,0,,,0,1518.5,1522.5,baghdad_kifah,,,0
2026-02-19,,,0,,,0,1530.0,1530.0,1,1527.5,1527.5,1,,,0,1527.0,1527.0,1,1527.5,1527.5,1,,,0,,,0,1526.0,1527.5,2,,,0,1527.5,1529.0,2,,,0,,,0,,,0,,,0,,,0,,,0,,,0,,,0,,,0,,,0,1527.0,1527.0,baghdad_kifah,,,0
2026-02-22,,,0,,,0,1526.25,1526.25,1,1527.5,1527.5,1,,,0,1527.5,1527.5,1,1527.5,1527.5,1,1527.5,1527.5,1,,,0,1525.5,1524.5,2,,,0,1526.5,1525.0,2,,,0,,,0,,,0,,,0,,,0,,,0,,,0,,,0,,,0,,,0,1527.5,1527.5,baghdad_kifah,,,0
2026-02-23,,,0,,,0,,,0,1527.0,1531.5,2,1527.0,1527.0,1,1527.0,1532.0,2,1527.5,1527.5,1,,,0,,,0,1524.5,1528.0,2,,,0,1523.5,1527.75,2,,,0,,,0,,,0,,,0,,,0,,,0,,,0,,,0,,,0,,,0,1527.0,1532.0,baghdad_kifah,,,0
2026-02-24,,,0,,,0,1536.5,1536.5,1,,,0,1535.5,1535.5,1,1536.0,1536.0,1,1537.0,1537.0,1,,,0,,,0,1534.0,1534.5,2,,,0,1532.5,1531.0,2,,,0,,,0,,,0,,,0,,,0,,,0,,,0,,,0,,,0,,,0,1536.0,1536.0,baghdad_kifah,,,0
2026-02-25,,,0,,,0,1540.0,1535.0,3,,,0,,,0,,,0,,,0,,,0,,,0,1537.5,1531.0,3,,,0,1534.0,1533.0,2,,,0,,,0,,,0,,,0,,,0,,,0,,,0,,,0,,,0,,,0,1540.0,1535.0,baghdad_generic,,,0
2026-02-26,,,0,,,0,1535.5,1533.0,2,,,0,,,0,,,0,,,0,,,0,,,0,1533.0,1530.0,2,,,0,1528.0,1527.5,2,,,0,,,0,,,0,,,0,,,0,,,0,,,0,,,0,,,0,,,0,1535.5,1533.0,baghdad_generic,,,0
2026-03-01,,,0,,,0,,,0,1546.5,1546.5,1,1545.0,1545.0,1,1574.0,1547.0,4,1574.0,1574.0,1,,,0,,,0,1572.5,1544.0,4,,,0,1568.5,1541.5,4,,,0,,,0,,,0,,,0,,,0,,,0,,,0,,,0,,,0,,,0,1574.0,1547.0,baghdad_kifah,,,0
2026-03-02,,,0,,,0,1548.0,1550.0,2,,,0,,,0,1550.0,1550.0,1,,,0,,,0,,,0,1546.0,1549.0,3,,,0,1542.0,1546.5,3,,,0,,,0,,,0,,,0,,,0,,,0,,,0,,,0,,,0,,,0,1550.0,1550.0,baghdad_kifah,,,0
2026-03-03,,,0,,,0,1553.5,1553.5,1,1552.0,1552.0,1,1552.0,1552.0,1,1553.0,1553.0,1,1552.0,1552.0,1,,,0,,,0,1550.0,1551.0,2,,,0,1549.0,1549.0,2,,,0,,,0,,,0,,,0,,,0,,,0,,,0,,,0,,,0,,,0,1553.0,1553.0,baghdad_kifah,,,0
2026-03-04,,,0,,,0,1566.0,1566.0,1,1563.5,1563.5,2,,,0,1559.0,1564.0,3,1563.0,1565.0,2,,,0,,,0,1562.0,1560.0,2,,,0,1552.5,1560.5,4,,,0,,,0,,,0,,,0,,,0,,,0,,,0,,,0,,,0,,,0,1559.0,1564.0,baghdad_kifah,,,0
2026-03-05,,,0,,,0,,,0,1565.5,1566.0,2,,,0,1565.0,1565.5,2,1565.0,1566.5,2,,,0,,,0,1564.0,1565.0,2,,,0,1559.5,1560.5,2,,,0,,,0,,,0,,,0,,,0,,,0,,,0,,,0,,,0,,,0,1565.0,1565.5,baghdad_kifah,,,0
2026-03-08,,,0,,,0,,,0,1558.0,1558.0,1,,,0,1558.25,1560.0,2,,,0,,,0,,,0,1556.0,1558.0,2,,,0,1554.0,1554.5,2,,,0,,,0,,,0,,,0,,,0,,,0,,,0,,,0,,,0,,,0,1558.25,1560.0,baghdad_kifah,,,0
2026-03-09,,,0,,,0,1558.5,1555.0,2,,,0,,,0,,,0,,,0,,,0,,,0,1557.5,1554.0,2,,,0,1552.5,1551.0,2,,,0,,,0,,,0,,,0,,,0,,,0,,,0,,,0,,,0,,,0,1558.5,1555.0,baghdad_generic,,,0
2026-03-10,,,0,,,0,1537.0,1537.0,1,1543.0,1543.0,1,1543.0,1543.0,1,1543.0,1543.0,1,1545.0,1545.0,1,,,0,,,0,1537.5,1535.0,2,,,0,1538.0,1533.0,2,,,0,,,0,,,0,,,0,,,0,,,0,,,0,,,0,,,0,,,0,1543.0,1543.0,baghdad_kifah,,,0
2026-03-11,,,0,,,0,,,0,1542.5,1542.5,1,1541.5,1541.5,1,1542.5,1545.5,2,1542.0,1542.0,1,1545.0,1545.0,1,,,0,1541.0,1544.0,2,,,0,1538.0,1543.0,2,,,0,,,0,,,0,,,0,,,0,,,0,,,0,,,0,,,0,,,0,1542.5,1545.5,baghdad_kifah,,,0
2026-03-12,,,0,,,0,,,0,1541.5,1541.5,1,1541.0,1541.0,1,1541.0,1538.5,2,,,0,,,0,,,0,1538.0,1535.0,2,,,0,1538.0,1537.5,2,,,0,,,0,,,0,,,0,,,0,,,0,,,0,,,0,,,0,,,0,1541.0,1538.5,baghdad_kifah,,,0
2026-03-15,,,0,,,0,1547.5,1547.5,1,1545.0,1545.0,1,1545.0,1545.0,1,1545.0,1545.0,1,1545.5,1545.5,1,,,0,,,0,1544.0,1546.0,2,,,0,1545.0,1548.0,2,,,0,,,0,,,0,,,0,,,0,,,0,,,0,,,0,,,0,,,0,1545.0,1545.0,baghdad_kifah,,,0
2026-03-16,,,0,,,0,1546.5,1545.5,2,1546.0,1546.0,1,1546.5,1546.5,1,1546.5,1546.5,1,,,0,,,0,,,0,1544.5,1543.5,3,,,0,1543.5,1542.0,3,,,0,,,0,,,0,,,0,,,0,,,0,,,0,,,0,,,0,,,0,1546.5,1546.5,baghdad_kifah,,,0
2026-03-17,,,0,,,0,,,0,1556.0,1556.0,1,1556.0,1556.0,1,1555.0,1555.0,1,,,0,,,0,,,0,1553.0,1553.0,1,,,0,1551.5,1551.5,1,,,0,,,0,,,0,,,0,,,0,,,0,,,0,,,0,,,0,,,0,1555.0,1555.0,baghdad_kifah,,,0
2026-03-18,,,0,,,0,1552.5,1550.0,2,1553.0,1552.0,2,1551.5,1551.5,1,1551.5,1551.5,2,1552.0,1552.0,1,,,0,,,0,1550.0,1547.5,3,,,0,1546.5,1545.5,3,,,0,,,0,,,0,,,0,,,0,,,0,,,0,,,0,,,0,,,0,1551.5,1551.5,baghdad_kifah,,,0
2026-03-19,,,0,,,0,,,0,1550.5,1550.5,1,,,0,1550.0,1550.0,1,1550.0,1550.0,1,,,0,,,0,1548.5,1548.5,1,,,0,1547.0,1547.0,1,,,0,,,0,,,0,,,0,,,0,,,0,,,0,,,0,,,0,,,0,1550.0,1550.0,baghdad_kifah,,,0
2026-03-23,,,0,,,0,,,0,1543.5,1543.5,1,1542.0,1542.0,1,,,0,,,0,,,0,,,0,1542.5,1542.5,1,,,0,1541.0,1541.0,1,,,0,,,0,,,0,,,0,,,0,,,0,,,0,,,0,,,0,,,0,1543.5,1543.5,baghdad_harithiya,,,0
2026-03-24,,,0,,,0,1544.5,1544.5,1,1544.5,1544.5,1,,,0,1543.0,1543.0,1,1542.0,1542.0,1,1543.0,1543.0,1,,,0,1540.0,1543.0,2,,,0,1540.0,1541.5,2,,,0,,,0,,,0,,,0,,,0,,,0,,,0,,,0,,,0,,,0,1543.0,1543.0,baghdad_kifah,,,0
2026-03-25,,,0,,,0,1544.5,1546.0,2,1544.5,1544.5,1,1544.0,1544.0,1,1545.0,1545.0,1,1544.5,1544.5,1,,,0,,,0,1543.0,1544.0,2,,,0,1543.0,1545.5,2,,,0,,,0,,,0,,,0,,,0,,,0,,,0,,,0,,,0,,,0,1545.0,1545.0,baghdad_kifah,,,0
2026-03-26,,,0,,,0,1545.0,1545.0,1,,,0,,,0,1545.5,1545.5,1,,,0,,,0,,,0,1543.5,1543.0,2,,,0,1545.0,1545.0,2,,,0,,,0,,,0,,,0,,,0,,,0,,,0,,,0,,,0,,,0,1545.5,1545.5,baghdad_kifah,,,0
2026-03-29,,,0,,,0,1549.0,1549.0,1,,,0,,,0,1545.0,1545.0,1,,,0,,,0,,,0,1543.0,1547.0,2,,,0,1546.0,1549.0,2,,,0,,,0,,,0,,,0,,,0,,,0,,,0,,,0,,,0,,,0,1545.0,1545.0,baghdad_kifah,,,0
2026-03-30,,,0,,,0,,,0,,,0,1550.0,1550.0,1,1551.0,1551.0,1,1550.0,1550.0,1,,,0,,,0,1547.5,1547.5,1,,,0,1550.5,1550.5,1,,,0,,,0,,,0,,,0,,,0,,,0,,,0,,,0,,,0,,,0,1551.0,1551.0,baghdad_kifah,,,0
2026-03-31,,,0,,,0,1549.0,1549.0,1,1553.0,1553.0,1,,,0,1553.0,1553.0,1,1553.0,1553.0,1,,,0,,,0,1550.0,1548.0,2,,,0,1554.5,1549.5,2,,,0,,,0,,,0,,,0,,,0,,,0,,,0,,,0,,,0,,,0,1553.0,1553.0,baghdad_kifah,,,0
2026-04-01,,,0,,,0,1545.0,1544.5,2,,,0,,,0,,,0,,,0,,,0,,,0,1544.5,1544.5,2,,,0,1544.5,1544.5,2,,,0,,,0,,,0,,,0,,,0,,,0,,,0,,,0,,,0,,,0,1545.0,1544.5,baghdad_generic,,,0
2026-04-02,,,0,,,0,1545.0,1545.5,2,,,0,,,0,,,0,,,0,,,0,,,0,1543.0,1544.5,2,,,0,1547.0,1547.0,2,,,0,,,0,,,0,,,0,,,0,,,0,,,0,,,0,,,0,,,0,1545.0,1545.5,baghdad_generic,,,0
2026-04-05,,,0,,,0,,,0,,,0,,,0,1548.0,1548.0,1,,,0,,,0,,,0,1546.0,1546.0,1,,,0,1548.5,1548.5,1,,,0,,,0,,,0,,,0,,,0,,,0,,,0,,,0,,,0,,,0,1548.0,1548.0,baghdad_kifah,,,0
2026-04-06,,,0,,,0,,,0,,,0,,,0,1545.25,1546.0,2,,,0,,,0,,,0,1544.0,1544.0,2,,,0,1546.5,1546.5,2,,,0,,,0,,,0,,,0,,,0,,,0,,,0,,,0,,,0,,,0,1545.25,1546.0,baghdad_kifah,,,0
2026-04-07,,,0,,,0,1551.0,1551.0,1,,,0,,,0,1547.0,1547.0,1,,,0,,,0,,,0,1545.0,1548.5,2,,,0,1547.5,1552.5,2,,,0,,,0,,,0,,,0,,,0,,,0,,,0,,,0,,,0,,,0,1547.0,1547.0,baghdad_kifah,,,0
2026-04-08,,,0,,,0,,,0,1526.0,1526.0,1,,,0,1527.0,1527.0,1,,,0,,,0,,,0,1522.0,1522.0,1,,,0,1531.0,1531.0,1,,,0,,,0,,,0,,,0,,,0,,,0,,,0,,,0,,,0,,,0,1527.0,1527.0,baghdad_kifah,,,0
2026-04-09,,,0,,,0,,,0,,,0,,,0,1530.0,1532.0,2,,,0,,,0,,,0,1528.0,1530.0,2,,,0,1532.5,1532.5,2,,,0,,,0,,,0,,,0,,,0,,,0,,,0,,,0,,,0,,,0,1530.0,1532.0,baghdad_kifah,,,0
2026-04-12,,,0,,,0,,,0,,,0,,,0,,,0,1539.0,1539.0,1,,,0,,,0,1535.0,1535.0,1,,,0,1538.5,1538.5,1,,,0,,,0,,,0,,,0,,,0,,,0,,,0,,,0,,,0,,,0,1539.0,1539.0,baghdad_samawal,,,0
2026-04-13,,,0,,,0,1541.5,1541.5,1,,,0,,,0,,,0,,,0,,,0,,,0,1540.0,1540.0,1,,,0,1541.0,1541.0,1,,,0,,,0,,,0,,,0,,,0,,,0,,,0,,,0,,,0,,,0,1541.5,1541.5,baghdad_generic,,,0
2026-04-14,,,0,,,0,1535.0,1534.0,2,,,0,,,0,,,0,,,0,,,0,,,0,1535.0,1535.5,2,,,0,1536.5,1535.5,2,,,0,,,0,,,0,,,0,,,0,,,0,,,0,,,0,,,0,,,0,1535.0,1534.0,baghdad_generic,,,0
2026-04-15,,,0,,,0,1535.0,1536.0,2,,,0,,,0,,,0,,,0,,,0,,,0,1535.5,1535.0,2,,,0,1536.0,1536.5,2,,,0,,,0,,,0,,,0,,,0,,,0,,,0,,,0,,,0,,,0,1535.0,1536.0,baghdad_generic,,,0
2026-04-19,,,0,,,0,1531.0,1531.0,1,,,0,,,0,,,0,,,0,,,0,,,0,1530.0,1530.0,1,,,0,1532.5,1532.5,1,,,0,,,0,,,0,,,0,,,0,,,0,,,0,,,0,,,0,,,0,1531.0,1531.0,baghdad_generic,,,0
2026-04-20,,,0,,,0,1531.0,1539.0,2,,,0,,,0,,,0,,,0,,,0,,,0,1530.0,1538.0,2,,,0,1531.5,1543.5,2,,,0,,,0,,,0,,,0,,,0,,,0,,,0,,,0,,,0,,,0,1531.0,1539.0,baghdad_generic,,,0
2026-04-21,,,0,,,0,1545.0,1545.0,3,,,0,,,0,,,0,,,0,,,0,,,0,1544.0,1544.0,3,,,0,1544.5,1544.5,3,,,0,,,0,,,0,,,0,,,0,,,0,,,0,,,0,,,0,,,0,1545.0,1545.0,baghdad_generic,,,0
2026-04-22,,,0,,,0,1550.0,1550.0,2,,,0,,,0,,,0,,,0,,,0,,,0,1549.0,1549.0,2,,,0,1548.0,1548.5,2,,,0,,,0,,,0,,,0,,,0,,,0,,,0,,,0,,,0,,,0,1550.0,1550.0,baghdad_generic,,,0
2026-04-23,,,0,,,0,1556.0,1552.5,2,,,0,,,0,,,0,,,0,,,0,,,0,1555.0,1551.0,2,,,0,1555.0,1550.0,2,,,0,,,0,,,0,,,0,,,0,,,0,,,0,,,0,,,0,,,0,1556.0,1552.5,baghdad_generic,,,0
2026-04-26,,,0,,,0,1555.0,1550.5,2,,,0,,,0,,,0,,,0,,,0,,,0,1552.5,1548.0,2,,,0,1552.0,1547.0,2,,,0,,,0,,,0,,,0,,,0,,,0,,,0,,,0,,,0,,,0,1555.0,1550.5,baghdad_generic,,,0
2026-04-27,,,0,,,0,1549.0,1549.0,1,,,0,,,0,,,0,,,0,,,0,,,0,1548.0,1548.0,1,,,0,1546.5,1546.5,1,,,0,,,0,,,0,,,0,,,0,,,0,,,0,,,0,,,0,,,0,1549.0,1549.0,baghdad_generic,,,0
2026-04-28,,,0,,,0,1544.5,1544.5,1,,,0,,,0,,,0,,,0,,,0,,,0,1543.0,1543.0,1,,,0,1541.0,1541.0,1,,,0,,,0,,,0,,,0,,,0,,,0,,,0,,,0,,,0,,,0,1544.5,1544.5,baghdad_generic,,,0
2026-04-29,,,0,,,0,1533.0,1535.5,2,,,0,,,0,,,0,,,0,,,0,,,0,1532.0,1534.5,2,,,0,1533.0,1535.5,2,,,0,,,0,,,0,,,0,,,0,,,0,,,0,,,0,,,0,,,0,1533.0,1535.5,baghdad_generic,,,0
2026-04-30,,,0,,,0,1538.0,1538.0,1,,,0,,,0,,,0,,,0,,,0,,,0,1538.5,1538.5,1,,,0,1537.5,1537.5,1,,,0,,,0,,,0,,,0,,,0,,,0,,,0,,,0,,,0,,,0,1538.0,1538.0,baghdad_generic,,,0
2026-05-03,,,0,,,0,1529.5,1524.0,2,,,0,,,0,,,0,,,0,,,0,,,0,1529.5,1524.0,2,,,0,1528.5,1524.0,2,,,0,,,0,,,0,,,0,,,0,,,0,,,0,,,0,,,0,,,0,1529.5,1524.0,baghdad_generic,,,0
2026-05-04,,,0,,,0,1525.0,1525.0,1,,,0,,,0,,,0,,,0,,,0,,,0,1525.0,1525.0,1,,,0,1525.5,1525.5,1,,,0,,,0,,,0,,,0,,,0,,,0,,,0,,,0,,,0,,,0,1525.0,1525.0,baghdad_generic,,,0
2026-05-05,,,0,,,0,1531.0,1535.0,2,,,0,,,0,,,0,,,0,,,0,,,0,1531.0,1534.5,2,,,0,1530.5,1532.5,2,,,0,,,0,,,0,,,0,,,0,,,0,,,0,,,0,,,0,,,0,1531.0,1535.0,baghdad_generic,,,0
2026-05-06,,,0,,,0,1528.5,1529.5,2,,,0,,,0,,,0,,,0,,,0,,,0,1528.5,1529.5,2,,,0,1526.5,1528.0,2,,,0,,,0,,,0,,,0,,,0,,,0,,,0,,,0,,,0,,,0,1528.5,1529.5,baghdad_generic,,,0
2026-05-07,,,0,,,0,1529.5,1531.0,2,,,0,,,0,,,0,,,0,,,0,,,0,1529.5,1531.0,2,,,0,1527.5,1528.5,2,,,0,,,0,,,0,,,0,,,0,,,0,,,0,,,0,,,0,,,0,1529.5,1531.0,baghdad_generic,,,0
2026-05-10,,,0,,,0,1539.0,1539.0,1,,,0,,,0,1541.0,1541.0,1,,,0,,,0,,,0,1539.5,1539.5,1,,,0,1534.5,1534.0,2,,,0,,,0,,,0,,,0,,,0,,,0,,,0,,,0,,,0,,,0,1541.0,1541.0,baghdad_kifah,,,0
2026-05-11,,,0,,,0,1542.5,1542.5,1,,,0,,,0,,,0,,,0,,,0,,,0,1542.5,1542.5,1,,,0,1536.5,1536.5,1,,,0,,,0,,,0,,,0,,,0,,,0,,,0,,,0,,,0,,,0,1542.5,1542.5,baghdad_generic,,,0
2026-05-12,,,0,,,0,1543.0,1543.0,1,,,0,,,0,,,0,,,0,,,0,,,0,1543.0,1543.0,1,,,0,1539.0,1539.0,1,,,0,,,0,,,0,,,0,,,0,,,0,,,0,,,0,,,0,,,0,1543.0,1543.0,baghdad_generic,,,0
2026-05-13,,,0,,,0,1537.5,1538.5,2,,,0,,,0,,,0,,,0,,,0,,,0,1537.5,1538.5,2,,,0,1535.5,1535.5,2,,,0,,,0,,,0,,,0,,,0,,,0,,,0,,,0,,,0,,,0,1537.5,1538.5,baghdad_generic,,,0
2026-05-14,,,0,,,0,1538.5,1538.5,1,,,0,,,0,,,0,,,0,,,0,,,0,1538.5,1538.5,1,,,0,1535.0,1535.0,1,,,0,,,0,,,0,,,0,,,0,,,0,,,0,,,0,,,0,,,0,1538.5,1538.5,baghdad_generic,,,0
2026-05-17,,,0,,,0,1541.0,1540.5,2,,,0,,,0,,,0,,,0,,,0,,,0,1541.0,1540.5,2,,,0,1537.5,1537.0,2,,,0,,,0,,,0,,,0,,,0,,,0,,,0,,,0,,,0,,,0,1541.0,1540.5,baghdad_generic,,,0
2026-05-18,,,0,,,0,1542.0,1540.0,2,,,0,,,0,,,0,,,0,,,0,,,0,1542.0,1540.0,2,,,0,1539.0,1537.5,2,,,0,,,0,,,0,,,0,,,0,,,0,,,0,,,0,,,0,,,0,1542.0,1540.0,baghdad_generic,,,0
2026-05-19,,,0,,,0,1536.5,1536.5,1,,,0,,,0,,,0,,,0,,,0,,,0,1536.5,1536.5,1,,,0,1534.75,1534.75,1,,,0,,,0,,,0,,,0,,,0,,,0,,,0,,,0,,,0,,,0,1536.5,1536.5,baghdad_generic,,,0
2026-05-20,,,0,,,0,1536.0,1536.5,2,,,0,,,0,,,0,,,0,,,0,,,0,1536.0,1536.5,2,,,0,1534.75,1535.0,2,,,0,,,0,,,0,,,0,,,0,,,0,,,0,,,0,,,0,,,0,1536.0,1536.5,baghdad_generic,,,0
2026-05-21,,,0,,,0,1536.0,1536.0,1,,,0,,,0,,,0,,,0,,,0,,,0,1536.0,1536.0,1,,,0,1534.75,1534.75,1,,,0,,,0,,,0,,,0,,,0,,,0,,,0,,,0,,,0,,,0,1536.0,1536.0,baghdad_generic,,,0
2026-05-24,,,0,,,0,1530.5,1531.0,2,,,0,,,0,,,0,,,0,,,0,,,0,1530.5,1532.0,2,,,0,1528.5,1528.0,2,,,0,,,0,,,0,,,0,,,0,,,0,,,0,,,0,,,0,,,0,1530.5,1531.0,baghdad_generic,,,0
2026-05-25,,,0,,,0,1533.0,1533.0,1,,,0,,,0,,,0,,,0,,,0,,,0,1533.0,1533.0,1,,,0,1529.5,1529.5,1,,,0,,,0,,,0,,,0,,,0,,,0,,,0,,,0,,,0,,,0,1533.0,1533.0,baghdad_generic,,,0
2026-05-26,,,0,,,0,1534.5,1534.5,1,,,0,,,0,,,0,,,0,,,0,,,0,1534.5,1534.5,1,,,0,1530.5,1530.5,1,,,0,,,0,,,0,,,0,,,0,,,0,,,0,,,0,,,0,,,0,1534.5,1534.5,baghdad_generic,,,0
2026-05-31,,,0,,,0,1533.5,1533.5,1,,,0,,,0,,,0,,,0,,,0,,,0,1533.5,1533.5,1,,,0,1530.0,1530.0,1,,,0,,,0,,,0,,,0,,,0,,,0,,,0,,,0,,,0,,,0,1533.5,1533.5,baghdad_generic,,,0
2026-06-01,,,0,,,0,1535.5,1537.5,3,,,0,,,0,,,0,,,0,,,0,,,0,1535.5,1538.0,3,,,0,1534.0,1536.5,3,,,0,,,0,,,0,,,0,,,0,,,0,,,0,,,0,,,0,,,0,1535.5,1537.5,baghdad_generic,,,0
2026-06-02,,,0,,,0,1537.5,1538.5,3,,,0,,,0,,,0,,,0,,,0,,,0,1537.5,1539.0,3,,,0,1535.5,1536.75,3,,,0,,,0,,,0,,,0,,,0,,,0,,,0,,,0,,,0,,,0,1537.5,1538.5,baghdad_generic,,,0
2026-06-03,,,0,,,0,1540.0,1538.5,2,,,0,,,0,,,0,,,0,,,0,,,0,1540.0,1538.5,2,,,0,1538.0,1537.0,2,,,0,,,0,,,0,,,0,,,0,,,0,,,0,,,0,,,0,,,0,1540.0,1538.5,baghdad_generic,,,0
2026-06-04,,,0,,,0,1538.5,1538.5,2,,,0,,,0,,,0,,,0,,,0,,,0,1538.5,1538.5,2,,,0,1538.0,1537.5,2,,,0,,,0,,,0,,,0,,,0,,,0,,,0,,,0,,,0,,,0,1538.5,1538.5,baghdad_generic,,,0
2026-06-07,,,0,,,0,1541.5,1543.5,2,,,0,,,0,,,0,,,0,,,0,,,0,1541.5,1543.5,2,,,0,1541.75,1545.0,2,,,0,,,0,,,0,,,0,,,0,,,0,,,0,,,0,,,0,,,0,1541.5,1543.5,baghdad_generic,,,0
2026-06-08,,,0,,,0,1542.0,1542.0,1,,,0,,,0,,,0,,,0,,,0,,,0,1542.0,1542.0,1,,,0,1541.5,1541.5,1,,,0,,,0,,,0,,,0,,,0,,,0,,,0,,,0,,,0,,,0,1542.0,1542.0,baghdad_generic,,,0
2026-06-09,,,0,,,0,1540.75,1541.5,2,,,0,,,0,,,0,,,0,,,0,,,0,1541.0,1542.0,2,,,0,1539.5,1540.75,2,,,0,,,0,,,0,,,0,,,0,,,0,,,0,,,0,,,0,,,0,1540.75,1541.5,baghdad_generic,,,0
2026-06-10,,,0,,,0,1543.0,1547.5,3,,,0,,,0,,,0,,,0,,,0,,,0,1543.0,1547.5,3,,,0,1542.5,1547.0,3,,,0,,,0,,,0,,,0,,,0,,,0,,,0,,,0,,,0,,,0,1543.0,1547.5,baghdad_generic,,,0
2026-06-11,,,0,,,0,1550.0,1557.5,2,,,0,,,0,,,0,,,0,,,0,,,0,1550.0,1557.5,2,,,0,1548.75,1553.5,2,,,0,,,0,,,0,,,0,,,0,,,0,,,0,,,0,,,0,,,0,1550.0,1557.5,baghdad_generic,,,0
2026-06-14,,,0,,,0,1548.5,1550.0,2,,,0,,,0,,,0,,,0,,,0,,,0,1549.0,1550.5,2,,,0,1546.5,1547.5,2,,,0,,,0,,,0,,,0,,,0,,,0,,,0,,,0,,,0,,,0,1548.5,1550.0,baghdad_generic,,,0
2026-06-15,,,0,,,0,1545.5,1550.0,2,,,0,,,0,,,0,,,0,,,0,,,0,1545.5,1550.0,2,,,0,1542.5,1546.5,2,,,0,,,0,,,0,,,0,,,0,,,0,,,0,,,0,,,0,,,0,1545.5,1550.0,baghdad_generic,,,0
2026-06-16,,,0,,,0,1561.0,1557.0,2,,,0,,,0,,,0,,,0,,,0,,,0,1561.0,1557.0,2,,,0,1557.5,1553.0,2,,,0,,,0,,,0,,,0,,,0,,,0,,,0,,,0,,,0,,,0,1561.0,1557.0,baghdad_generic,,,0
2026-06-17,,,0,,,0,1560.0,1560.0,1,,,0,,,0,1562.0,1562.0,1,,,0,,,0,,,0,1560.0,1562.5,2,,,0,1555.0,1557.5,2,,,0,,,0,,,0,,,0,,,0,,,0,,,0,,,0,,,0,,,0,1562.0,1562.0,baghdad_kifah,,,0
2026-06-18,,,0,,,0,1553.0,1549.0,2,,,0,,,0,,,0,,,0,,,0,,,0,1553.0,1549.0,2,,,0,1550.0,1549.0,2,,,0,,,0,,,0,,,0,,,0,,,0,,,0,,,0,,,0,,,0,1553.0,1549.0,baghdad_generic,,,0
2026-06-21,,,0,,,0,1559.5,1564.5,2,,,0,,,0,,,0,,,0,,,0,,,0,1559.5,1564.5,2,,,0,1556.5,1561.0,2,,,0,,,0,,,0,,,0,,,0,,,0,,,0,,,0,,,0,,,0,1559.5,1564.5,baghdad_generic,,,0
2026-06-22,,,0,,,0,1580.5,1580.5,1,,,0,,,0,1590.0,1589.0,2,,,0,,,0,,,0,1580.5,1580.5,1,,,0,1578.5,1590.0,3,,,0,,,0,,,0,,,0,,,0,,,0,,,0,,,0,,,0,,,0,1590.0,1589.0,baghdad_kifah,,,0
2026-06-23,,,0,,,0,1577.0,1570.0,3,,,0,,,0,,,0,,,0,,,0,,,0,1577.5,1570.0,3,,,0,1574.0,1566.0,3,,,0,,,0,,,0,,,0,,,0,,,0,,,0,,,0,,,0,,,0,1577.0,1570.0,baghdad_generic,,,0
2026-06-24,,,0,,,0,1571.5,1569.5,2,,,0,,,0,,,0,,,0,,,0,,,0,1571.5,1569.5,2,,,0,1567.0,1566.0,2,,,0,,,0,,,0,,,0,,,0,,,0,,,0,,,0,,,0,,,0,1571.5,1569.5,baghdad_generic,,,0
2026-06-25,,,0,,,0,1570.0,1570.0,2,,,0,,,0,,,0,,,0,,,0,,,0,1570.0,1570.5,2,,,0,1567.0,1568.5,2,,,0,,,0,,,0,,,0,,,0,,,0,,,0,,,0,,,0,,,0,1570.0,1570.0,baghdad_generic,,,0
2026-06-28,,,0,,,0,1555.5,1548.0,3,,,0,,,0,,,0,,,0,,,0,,,0,1555.5,1548.0,3,,,0,1552.5,1548.5,3,,,0,,,0,,,0,,,0,,,0,,,0,,,0,,,0,,,0,,,0,1555.5,1548.0,baghdad_generic,,,0
2026-06-29,,,0,,,0,1545.0,1551.0,4,,,0,,,0,,,0,,,0,,,0,,,0,1545.0,1551.0,4,,,0,1541.5,1549.5,4,,,0,,,0,,,0,,,0,,,0,,,0,,,0,,,0,,,0,,,0,1545.0,1551.0,baghdad_generic,,,0
2026-06-30,,,0,,,0,1552.0,1550.0,2,,,0,,,0,,,0,,,0,,,0,,,0,1552.0,1550.0,2,,,0,1548.5,1546.5,2,,,0,,,0,,,0,,,0,,,0,,,0,,,0,,,0,,,0,,,0,1552.0,1550.0,baghdad_generic,,,0
2026-07-01,,,0,,,0,1551.5,1550.0,2,,,0,,,0,,,0,,,0,,,0,,,0,1551.5,1550.0,2,,,0,1549.0,1549.75,2,,,0,,,0,,,0,,,0,,,0,,,0,,,0,,,0,,,0,,,0,1551.5,1550.0,baghdad_generic,,,0
2026-07-02,,,0,,,0,1542.5,1543.0,2,,,0,,,0,,,0,,,0,,,0,,,0,1542.5,1543.0,2,,,0,1541.0,1541.0,2,,,0,,,0,,,0,,,0,,,0,,,0,,,0,,,0,,,0,,,0,1542.5,1543.0,baghdad_generic,,,0
2026-07-05,,,0,,,0,1533.0,1534.0,2,,,0,,,0,,,0,,,0,,,0,,,0,1533.0,1534.0,2,,,0,1533.0,1534.5,2,,,0,,,0,,,0,,,0,,,0,,,0,,,0,,,0,,,0,,,0,1533.0,1534.0,baghdad_generic,,,0
2026-07-06,,,0,,,0,1530.0,1526.5,2,,,0,,,0,,,0,,,0,,,0,,,0,1530.0,1526.5,2,,,0,1530.5,1525.5,2,,,0,,,0,,,0,,,0,,,0,,,0,,,0,,,0,,,0,,,0,1530.0,1526.5,baghdad_generic,,,0
2026-07-07,,,0,,,0,1529.5,1531.5,2,,,0,,,0,,,0,,,0,,,0,,,0,1529.5,1531.5,2,,,0,1529.5,1531.0,2,,,0,,,0,,,0,,,0,,,0,,,0,,,0,,,0,,,0,,,0,1529.5,1531.5,baghdad_generic,,,0
2026-07-08,,,0,,,0,1538.5,1538.5,1,,,0,,,0,,,0,,,0,,,0,,,0,1538.5,1538.5,1,,,0,1538.0,1538.0,1,,,0,,,0,,,0,,,0,,,0,,,0,,,0,,,0,,,0,,,0,1538.5,1538.5,baghdad_generic,,,0
2026-07-09,,,0,,,0,1542.0,1542.0,1,,,0,,,0,,,0,,,0,,,0,,,0,1542.0,1542.0,1,,,0,1539.5,1539.5,1,,,0,,,0,,,0,,,0,,,0,,,0,,,0,,,0,,,0,,,0,1542.0,1542.0,baghdad_generic,,,0
2026-07-12,,,0,,,0,1535.5,1535.5,1,,,0,,,0,,,0,,,0,,,0,,,0,1535.5,1535.5,1,,,0,1533.5,1533.5,1,,,0,,,0,,,0,,,0,,,0,,,0,,,0,,,0,,,0,,,0,1535.5,1535.5,baghdad_generic,,,0
2026-07-13,,,0,,,0,1535.0,1534.5,2,,,0,,,0,,,0,,,0,,,0,,,0,1535.0,1534.5,2,,,0,1533.0,1533.5,2,,,0,,,0,,,0,,,0,,,0,,,0,,,0,,,0,,,0,,,0,1535.0,1534.5,baghdad_generic,,,0
2026-07-14,,,0,,,0,1536.5,1537.5,2,,,0,,,0,,,0,,,0,,,0,,,0,1536.5,1537.5,2,,,0,1534.5,1536.0,2,,,0,,,0,,,0,,,0,,,0,,,0,,,0,,,0,,,0,,,0,1536.5,1537.5,baghdad_generic,,,0
2026-07-15,,,0,,,0,1532.0,1529.5,2,,,0,,,0,,,0,,,0,,,0,,,0,1532.0,1529.5,2,,,0,1530.5,1530.0,2,,,0,,,0,,,0,,,0,,,0,,,0,,,0,,,0,,,0,,,0,1532.0,1529.5,baghdad_generic,,,0
2026-07-16,,,0,,,0,1531.0,1531.5,2,,,0,,,0,,,0,,,0,,,0,,,0,1531.0,1531.5,2,,,0,1531.0,1531.5,2,,,0,,,0,,,0,,,0,,,0,,,0,,,0,,,0,,,0,,,0,1531.0,1531.5,baghdad_generic,,,0
2026-07-19,,,0,,,0,1524.5,1524.5,1,,,0,,,0,,,0,,,0,,,0,,,0,1524.5,1524.5,1,,,0,1527.0,1527.0,1,,,0,,,0,,,0,,,0,,,0,,,0,,,0,,,0,,,0,,,0,1524.5,1524.5,baghdad_generic,,,0
2026-07-20,,,0,,,0,1500.5,1506.5,3,,,0,,,0,,,0,,,0,,,0,,,0,1500.5,1506.5,3,,,0,1506.0,1513.0,3,,,0,,,0,,,0,,,0,,,0,,,0,,,0,,,0,,,0,,,0,1500.5,1506.5,baghdad_generic,,,0
2026-07-21,,,0,,,0,1502.0,1502.0,1,,,0,,,0,,,0,,,0,,,0,,,0,1502.0,1502.0,1,,,0,1507.5,1507.5,1,,,0,,,0,,,0,,,0,,,0,,,0,,,0,,,0,,,0,,,0,1502.0,1502.0,baghdad_generic,,,0
2026-07-22,,,0,,,0,1507.5,1507.5,1,,,0,,,0,,,0,,,0,,,0,,,0,1507.5,1507.5,1,,,0,1510.0,1510.0,1,,,0,,,0,,,0,,,0,,,0,,,0,,,0,,,0,,,0,,,0,1507.5,1507.5,baghdad_generic,,,0
2026-07-23,,,0,,,0,1505.5,1505.5,2,,,0,,,0,,,0,,,0,,,0,,,0,1505.5,1505.5,2,,,0,1508.5,1508.5,2,,,0,,,0,,,0,,,0,,,0,,,0,,,0,,,0,,,0,,,0,1505.5,1505.5,baghdad_generic,,,0
2026-07-26,,,0,,,0,1499.0,1500.0,3,,,0,,,0,,,0,,,0,,,0,,,0,1499.0,1500.0,3,,,0,1501.0,1501.0,3,,,0,,,0,,,0,,,0,,,0,,,0,,,0,,,0,,,0,,,0,1499.0,1500.0,baghdad_generic,,,0
2026-07-27,,,0,,,0,1502.0,1502.0,1,,,0,,,0,,,0,,,0,,,0,,,0,1502.0,1502.0,1,,,0,1503.5,1503.5,1,,,0,,,0,,,0,,,0,,,0,,,0,,,0,,,0,,,0,,,0,1502.0,1502.0,baghdad_generic,,,0
2026-07-28,,,0,,,0,1499.0,1499.0,1,,,0,,,0,,,0,,,0,,,0,,,0,1499.0,1499.0,1,,,0,1499.5,1499.5,1,,,0,,,0,,,0,,,0,,,0,,,0,,,0,,,0,,,0,,,0,1499.0,1499.0,baghdad_generic,,,0
2026-07-29,,,0,,,0,1500.0,1506.0,3,,,0,,,0,,,0,,,0,,,0,,,0,1500.0,1506.0,3,,,0,1501.5,1505.5,3,,,0,,,0,,,0,,,0,,,0,,,0,,,0,,,0,,,0,,,0,1500.0,1506.0,baghdad_generic,,,0
2026-07-30,,,0,,,0,1507.0,1508.0,2,,,0,,,0,,,0,,,0,,,0,,,0,1507.0,1508.0,2,,,0,1507.0,1508.5,2,,,0,,,0,,,0,,,0,,,0,,,0,,,0,,,0,,,0,,,0,1507.0,1508.0,baghdad_generic,,,0
2026-08-02,,,0,,,0,1516.0,1521.5,2,,,0,,,0,,,0,,,0,,,0,,,0,1516.0,1521.5,2,,,0,1518.0,1523.5,2,,,0,,,0,,,0,,,0,,,0,,,0,,,0,,,0,,,0,,,0,1516.0,1521.5,baghdad_generic,,,0
2026-08-03,,,0,,,0,1521.5,1525.5,2,,,0,,,0,,,0,,,0,,,0,,,0,1521.5,1525.5,2,,,0,1526.5,1529.5,2,,,0,,,0,,,0,,,0,,,0,,,0,,,0,,,0,,,0,,,0,1521.5,1525.5,baghdad_generic,,,0
2026-08-04,,,0,,,0,1524.0,1524.0,1,,,0,,,0,,,0,,,0,,,0,,,0,1524.0,1524.0,1,,,0,1526.0,1526.0,1,,,0,,,0,,,0,,,0,,,0,,,0,,,0,,,0,,,0,,,0,1524.0,1524.0,baghdad_generic,,,0
2026-08-05,,,0,,,0,1522.5,1522.5,1,,,0,,,0,,,0,,,0,,,0,,,0,1522.5,1522.5,1,,,0,1524.5,1524.5,1,,,0,,,0,,,0,,,0,,,0,,,0,,,0,,,0,,,0,,,0,1522.5,1522.5,baghdad_generic,,,0
2026-08-06,,,0,,,0,1523.0,1523.5,2,,,0,,,0,,,0,,,0,,,0,,,0,1523.0,1523.5,2,,,0,1525.5,1526.0,2,,,0,,,0,,,0,,,0,,,0,,,0,,,0,,,0,,,0,,,0,1523.0,1523.5,baghdad_generic,,,0
2026-08-09,,,0,,,0,1523.0,1523.0,1,,,0,,,0,,,0,,,0,,,0,,,0,1523.0,1523.0,1,,,0,1523.5,1523.5,1,,,0,,,0,,,0,,,0,,,0,,,0,,,0,,,0,,,0,,,0,1523.0,1523.0,baghdad_generic,,,0
2026-08-10,,,0,,,0,1529.5,1529.5,1,,,0,,,0,,,0,,,0,,,0,,,0,1529.5,1529.5,1,,,0,1528.5,1528.5,1,,,0,,,0,,,0,,,0,,,0,,,0,,,0,,,0,,,0,,,0,1529.5,1529.5,baghdad_generic,,,0
2026-08-11,,,0,,,0,1536.0,1534.5,3,,,0,,,0,,,0,,,0,,,0,,,0,1536.0,1534.5,3,,,0,1536.5,1534.5,3,,,0,,,0,,,0,,,0,,,0,,,0,,,0,,,0,,,0,,,0,1536.0,1534.5,baghdad_generic,,,0
2026-08-12,,,0,,,0,1529.5,1529.5,1,,,0,,,0,,,0,,,0,,,0,,,0,1529.5,1529.5,1,,,0,1528.5,1528.5,1,,,0,,,0,,,0,,,0,,,0,,,0,,,0,,,0,,,0,,,0,1529.5,1529.5,baghdad_generic,,,0
2026-08-13,,,0,,,0,1529.0,1529.0,1,,,0,,,0,,,0,,,0,,,0,,,0,1529.0,1529.0,1,,,0,1529.5,1529.5,1,,,0,,,0,,,0,,,0,,,0,,,0,,,0,,,0,,,0,,,0,1529.0,1529.0,baghdad_generic,,,0
2026-08-16,,,0,,,0,1532.0,1542.0,3,,,0,,,0,,,0,,,0,,,0,,,0,1532.0,1542.0,3,,,0,1533.0,1540.5,3,,,0,,,0,,,0,,,0,,,0,,,0,,,0,,,0,,,0,,,0,1532.0,1542.0,baghdad_generic,,,0
2026-08-17,,,0,,,0,1547.5,1542.0,2,,,0,,,0,,,0,,,0,,,0,,,0,1547.5,1542.0,2,,,0,1544.5,1540.0,2,,,0,,,0,,,0,,,0,,,0,,,0,,,0,,,0,,,0,,,0,1547.5,1542.0,baghdad_generic,,,0
2026-08-18,,,0,,,0,1541.5,1543.0,2,,,0,,,0,,,0,,,0,,,0,,,0,1542.0,1543.5,2,,,0,1539.5,1541.5,2,,,0,,,0,,,0,,,0,,,0,,,0,,,0,,,0,,,0,,,0,1541.5,1543.0,baghdad_generic,,,0
2026-08-19,,,0,,,0,1543.0,1543.0,1,,,0,,,0,,,0,,,0,,,0,,,0,1544.0,1544.0,1,,,0,1541.5,1541.5,1,,,0,,,0,,,0,,,0,,,0,,,0,,,0,,,0,,,0,,,0,1543.0,1543.0,baghdad_generic,,,0
2026-08-23,,,0,,,0,1540.0,1542.0,2,,,0,,,0,,,0,,,0,,,0,,,0,1541.0,1541.0,2,,,0,1537.0,1538.75,2,,,0,,,0,,,0,,,0,,,0,,,0,,,0,,,0,,,0,,,0,1540.0,1542.0,baghdad_generic,,,0
2026-08-24,,,0,,,0,1544.5,1544.5,1,,,0,,,0,,,0,,,0,,,0,,,0,1545.5,1545.5,1,,,0,1544.5,1544.5,1,,,0,,,0,,,0,,,0,,,0,,,0,,,0,,,0,,,0,,,0,1544.5,1544.5,baghdad_generic,,,0
2026-08-25,,,0,,,0,1543.0,1544.0,2,,,0,,,0,,,0,,,0,,,0,,,0,1544.0,1544.0,2,,,0,1543.0,1545.0,2,,,0,,,0,,,0,,,0,,,0,,,0,,,0,,,0,,,0,,,0,1543.0,1544.0,baghdad_generic,,,0
2026-08-26,,,0,,,0,1539.5,1537.5,2,,,0,,,0,,,0,,,0,,,0,,,0,1540.5,1538.0,2,,,0,1538.0,1537.0,2,,,0,,,0,,,0,,,0,,,0,,,0,,,0,,,0,,,0,,,0,1539.5,1537.5,baghdad_generic,,,0
2026-08-27,,,0,,,0,1538.0,1538.0,1,,,0,,,0,,,0,,,0,,,0,,,0,1538.5,1538.5,1,,,0,1537.5,1537.5,1,,,0,,,0,,,0,,,0,,,0,,,0,,,0,,,0,,,0,,,0,1538.0,1538.0,baghdad_generic,,,0
2026-08-30,,,0,,,0,1539.0,1539.0,1,,,0,,,0,,,0,,,0,,,0,,,0,1540.0,1540.0,1,,,0,1538.0,1538.0,1,,,0,,,0,,,0,,,0,,,0,,,0,,,0,,,0,,,0,,,0,1539.0,1539.0,baghdad_generic,,,0
2026-08-31,,,0,,,0,1540.5,1540.5,1,,,0,,,0,,,0,,,0,,,0,,,0,1541.0,1541.0,1,,,0,1539.0,1539.0,1,,,0,,,0,,,0,,,0,,,0,,,0,,,0,,,0,,,0,,,0,1540.5,1540.5,baghdad_generic,,,0
2026-09-01,,,0,,,0,1542.0,1543.0,2,,,0,,,0,,,0,,,0,,,0,,,0,1542.5,1544.0,2,,,0,1541.0,1542.0,2,,,0,,,0,,,0,,,0,,,0,,,0,,,0,,,0,,,0,,,0,1542.0,1543.0,baghdad_generic,,,0
2026-09-02,,,0,,,0,1544.5,1548.0,2,,,0,,,0,,,0,,,0,,,0,,,0,1545.5,1548.5,2,,,0,1543.0,1546.5,2,,,0,,,0,,,0,,,0,,,0,,,0,,,0,,,0,,,0,,,0,1544.5,1548.0,baghdad_generic,,,0
2026-09-03,,,0,,,0,1547.0,1547.5,2,,,0,,,0,,,0,,,0,,,0,,,0,1548.0,1548.0,2,,,0,1546.0,1546.0,2,,,0,,,0,,,0,,,0,,,0,,,0,,,0,,,0,,,0,,,0,1547.0,1547.5,baghdad_generic,,,0
2026-09-06,,,0,,,0,1552.0,1558.0,3,,,0,,,0,,,0,,,0,,,0,,,0,1552.0,1559.0,3,,,0,1550.0,1555.0,3,,,0,,,0,,,0,,,0,,,0,,,0,,,0,,,0,,,0,,,0,1552.0,1558.0,baghdad_generic,,,0
2026-09-07,,,0,,,0,1556.5,1556.5,2,,,0,,,0,,,0,,,0,,,0,,,0,1556.5,1557.0,2,,,0,1553.0,1553.5,2,,,0,,,0,,,0,,,0,,,0,,,0,,,0,,,0,,,0,,,0,1556.5,1556.5,baghdad_generic,,,0
2026-09-09,,,0,,,0,1562.0,1562.0,1,,,0,,,0,,,0,,,0,,,0,,,0,1562.0,1562.0,1,,,0,1558.0,1558.0,1,,,0,,,0,,,0,,,0,,,0,,,0,,,0,,,0,,,0,,,0,1562.0,1562.0,baghdad_generic,,,0
2026-09-13,,,0,,,0,1566.5,1565.0,2,,,0,,,0,,,0,,,0,,,0,,,0,1567.0,1565.0,2,,,0,1564.0,1562.0,2,,,0,,,0,,,0,,,0,,,0,,,0,,,0,,,0,,,0,,,0,1566.5,1565.0,baghdad_generic,,,0
2026-09-14,,,0,,,0,1566.0,1566.0,1,,,0,,,0,,,0,,,0,,,0,,,0,1567.0,1567.0,1,,,0,1563.5,1563.5,1,,,0,,,0,,,0,,,0,,,0,,,0,,,0,,,0,,,0,,,0,1566.0,1566.0,baghdad_generic,,,0
2026-09-20,,,0,,,0,,,0,,,0,,,0,1589.5,1589.5,1,1589.0,1589.0,1,,,0,,,0,1588.5,1588.5,1,,,0,1587.5,1587.5,1,,,0,,,0,,,0,,,0,,,0,,,0,,,0,,,0,,,0,,,0,1589.5,1589.5,baghdad_kifah,,,0
2026-09-28,,,0,,,0,,,0,,,0,,,0,,,0,,,0,,,0,,,0,,,0,,,0,,,0,,,0,,,0,,,0,,,0,,,0,,,0,,,0,,,0,1568.5,1568.5,1,,,0,,,,,,0
2026-09-30,,,0,,,0,,,0,,,0,,,0,,,0,,,0,,,0,,,0,,,0,,,0,,,0,,,0,,,0,,,0,,,0,,,0,,,0,,,0,,,0,1570.0,1570.0,1,,,0,,,,,,0
2026-10-01,,,0,,,0,,,0,1570.5,1570.5,1,,,0,1571.0,1571.0,1,1572.0,1572.0,1,,,0,,,0,1569.5,1569.5,1,,,0,1572.5,1572.5,1,,,0,,,0,,,0,,,0,,,0,,,0,,,0,,,0,1568.5,1569.5,2,,,0,1571.0,1571.0,baghdad_kifah,,,0
2026-10-04,,,0,,,0,,,0,,,0,,,0,,,0,,,0,,,0,,,0,1581.0,1581.25,2,,,0,1581.0,1581.0,1,,,0,,,0,,,0,,,0,,,0,,,0,,,0,,,0,1578.5,1578.5,2,,,0,,,,,,0
2026-10-05,,,0,,,0,,,0,1604.0,1604.0,1,,,0,,,0,1604.0,1604.0,1,,,0,,,0,1596.0,1596.0,1,,,0,1601.0,1601.0,1,,,0,,,0,,,0,,,0,,,0,,,0,,,0,,,0,1592.0,1601.5,2,,,0,1604.0,1604.0,baghdad_harithiya,,,0
2026-10-06,,,0,,,0,,,0,,,0,,,0,,,0,,,0,,,0,,,0,,,0,,,0,,,0,,,0,,,0,,,0,,,0,,,0,,,0,,,0,,,0,1601.0,1601.0,1,,,0,,,,,,0
2026-10-07,,,0,,,0,,,0,,,0,,,0,,,0,,,0,,,0,,,0,,,0,,,0,,,0,,,0,,,0,,,0,,,0,,,0,,,0,,,0,,,0,1676.0,1676.0,1,,,0,,,,,,0
