date,amarah_open,amarah_close,amarah_n,babil_open,babil_close,babil_n,baghdad_generic_open,baghdad_generic_close,baghdad_generic_n,baghdad_harithiya_open,baghdad_harithiya_close,baghdad_harithiya_n,baghdad_karrada_open,baghdad_karrada_close,baghdad_karrada_n,baghdad_kifah_open,baghdad_kifah_close,baghdad_kifah_n,baghdad_samawal_open,baghdad_samawal_close,baghdad_samawal_n,baghdad_shorja_open,baghdad_shorja_close,baghdad_shorja_n,baqubah_open,baqubah_close,baqubah_n,basra_open,basra_close,basra_n,diwaniyah_open,diwaniyah_close,diwaniyah_n,erbil_open,erbil_close,erbil_n,halabja_open,halabja_close,halabja_n,hillah_open,hillah_close,hillah_n,kut_open,kut_close,kut_n,nasiriyah_open,nasiriyah_close,nasiriyah_n,ramadi_open,ramadi_close,ramadi_n,rutba_open,rutba_close,rutba_n,samarra_open,samarra_close,samarra_n,samawah_open,samawah_close,samawah_n,tikrit_open,tikrit_close,tikrit_n,zakho_open,zakho_close,zakho_n,baghdad_open,baghdad_close,baghdad_market,bid_min,bid_max,n_bid_readings
2017-05-18,,,0,,,0,,,0,,,0,,,0,,,0,,,0,,,0,,,0,,,0,,,0,1257.5,1257.5,1,,,0,,,0,,,0,,,0,,,0,,,0,,,0,,,0,,,0,,,0,,,,,,0
2017-05-28,,,0,,,0,,,0,,,0,,,0,,,0,,,0,,,0,,,0,1252.5,1252.5,1,,,0,,,0,,,0,,,0,,,0,,,0,,,0,,,0,,,0,,,0,,,0,,,0,,,,,,0
2017-06-28,,,0,,,0,,,0,,,0,,,0,,,0,,,0,,,0,,,0,1254.0,1254.0,1,,,0,,,0,,,0,,,0,,,0,,,0,,,0,,,0,,,0,,,0,,,0,,,0,,,,,,0
2017-06-29,,,0,,,0,,,0,,,0,,,0,,,0,,,0,,,0,,,0,1254.0,1254.0,1,,,0,,,0,,,0,,,0,,,0,,,0,,,0,,,0,,,0,,,0,,,0,,,0,,,,,,0
2017-07-02,,,0,,,0,,,0,,,0,,,0,,,0,,,0,,,0,,,0,1255.0,1255.0,1,,,0,,,0,,,0,,,0,,,0,,,0,,,0,,,0,,,0,,,0,,,0,,,0,,,,,,0
2017-07-03,,,0,,,0,,,0,,,0,,,0,,,0,,,0,,,0,,,0,1257.5,1257.5,1,,,0,,,0,,,0,,,0,,,0,,,0,,,0,,,0,,,0,,,0,,,0,,,0,,,,,,0
2017-07-05,,,0,,,0,1265.5,1265.5,1,,,0,,,0,,,0,,,0,,,0,,,0,,,0,,,0,,,0,,,0,,,0,,,0,,,0,,,0,,,0,,,0,,,0,,,0,,,0,1265.5,1265.5,baghdad_generic,,,0
2017-07-06,,,0,,,0,,,0,,,0,,,0,,,0,,,0,,,0,,,0,1266.5,1266.5,1,,,0,,,0,,,0,,,0,,,0,,,0,,,0,,,0,,,0,,,0,,,0,,,0,,,,,,0
2017-07-11,,,0,,,0,,,0,,,0,,,0,,,0,,,0,,,0,,,0,1261.0,1261.0,1,,,0,,,0,,,0,,,0,,,0,,,0,,,0,,,0,,,0,,,0,,,0,,,0,,,,,,0
2017-07-12,,,0,,,0,1262.5,1262.5,1,,,0,,,0,,,0,,,0,,,0,,,0,,,0,,,0,,,0,,,0,,,0,,,0,,,0,,,0,,,0,,,0,,,0,,,0,,,0,1262.5,1262.5,baghdad_generic,,,0
2017-07-16,,,0,,,0,1266.5,1266.5,1,,,0,,,0,,,0,,,0,,,0,,,0,,,0,,,0,,,0,,,0,,,0,,,0,,,0,,,0,,,0,,,0,,,0,,,0,,,0,1266.5,1266.5,baghdad_generic,,,0
2017-07-17,,,0,,,0,,,0,,,0,,,0,,,0,,,0,,,0,,,0,1266.5,1266.5,1,,,0,,,0,,,0,,,0,,,0,,,0,,,0,,,0,,,0,,,0,,,0,,,0,,,,,,0
2017-07-18,,,0,,,0,,,0,,,0,,,0,,,0,,,0,,,0,,,0,1266.5,1266.5,1,,,0,,,0,,,0,,,0,,,0,,,0,,,0,,,0,,,0,,,0,,,0,,,0,,,,,,0
2017-07-19,,,0,,,0,,,0,,,0,,,0,,,0,,,0,,,0,,,0,1268.0,1268.0,1,,,0,,,0,,,0,,,0,,,0,,,0,,,0,,,0,,,0,,,0,,,0,,,0,,,,,,0
2017-07-20,,,0,,,0,,,0,,,0,,,0,,,0,,,0,,,0,,,0,1264.0,1264.0,1,,,0,,,0,,,0,,,0,,,0,,,0,,,0,,,0,,,0,,,0,,,0,,,0,,,,,,0
2017-07-23,,,0,,,0,,,0,,,0,,,0,,,0,,,0,,,0,,,0,1263.0,1263.0,1,,,0,,,0,,,0,,,0,,,0,,,0,,,0,,,0,,,0,,,0,,,0,,,0,,,,,,0
2017-07-24,,,0,,,0,,,0,,,0,,,0,,,0,,,0,,,0,,,0,1261.0,1261.0,1,,,0,,,0,,,0,,,0,,,0,,,0,,,0,,,0,,,0,,,0,,,0,,,0,,,,,,0
2017-07-25,,,0,,,0,,,0,,,0,,,0,,,0,,,0,,,0,,,0,1261.0,1261.0,1,,,0,,,0,,,0,,,0,,,0,,,0,,,0,,,0,,,0,,,0,,,0,,,0,,,,,,0
2017-07-27,,,0,,,0,,,0,,,0,,,0,,,0,,,0,,,0,,,0,1258.0,1258.0,1,,,0,,,0,,,0,,,0,,,0,,,0,,,0,,,0,,,0,,,0,,,0,,,0,,,,,,0
2017-07-31,,,0,,,0,,,0,,,0,,,0,,,0,,,0,,,0,,,0,1264.0,1264.0,1,,,0,,,0,,,0,,,0,,,0,,,0,,,0,,,0,,,0,,,0,,,0,,,0,,,,,,0
2017-08-07,,,0,,,0,,,0,,,0,,,0,,,0,,,0,,,0,,,0,1260.5,1260.5,1,,,0,,,0,,,0,,,0,,,0,,,0,,,0,,,0,,,0,,,0,,,0,,,0,,,,,,0
2017-08-08,,,0,,,0,,,0,,,0,,,0,,,0,,,0,,,0,,,0,1261.0,1261.0,1,,,0,,,0,,,0,,,0,,,0,,,0,,,0,,,0,,,0,,,0,,,0,,,0,,,,,,0
2017-08-09,,,0,,,0,,,0,,,0,,,0,,,0,,,0,,,0,,,0,1261.5,1261.5,1,,,0,,,0,,,0,,,0,,,0,,,0,,,0,,,0,,,0,,,0,,,0,,,0,,,,,,0
2017-08-20,,,0,,,0,,,0,,,0,,,0,,,0,,,0,,,0,,,0,1261.5,1261.5,1,,,0,,,0,,,0,,,0,,,0,,,0,,,0,,,0,,,0,,,0,,,0,,,0,,,,,,0
2017-09-07,,,0,,,0,1263.0,1263.0,1,,,0,,,0,,,0,,,0,,,0,,,0,1262.0,1262.0,1,,,0,,,0,,,0,,,0,,,0,,,0,,,0,,,0,,,0,,,0,,,0,,,0,1263.0,1263.0,baghdad_generic,,,0
2017-09-10,,,0,,,0,1263.0,1263.0,1,,,0,,,0,,,0,,,0,,,0,,,0,1262.0,1262.0,1,,,0,,,0,,,0,,,0,,,0,,,0,,,0,,,0,,,0,,,0,,,0,,,0,1263.0,1263.0,baghdad_generic,,,0
2017-09-11,,,0,,,0,1272.0,1272.0,1,,,0,,,0,1272.0,1272.0,1,,,0,,,0,,,0,,,0,,,0,,,0,,,0,,,0,,,0,,,0,,,0,,,0,,,0,,,0,,,0,,,0,1272.0,1272.0,baghdad_kifah,,,0
2017-09-13,,,0,,,0,,,0,,,0,,,0,1261.0,1261.0,1,,,0,,,0,,,0,,,0,,,0,,,0,,,0,,,0,,,0,,,0,,,0,,,0,,,0,,,0,,,0,,,0,1261.0,1261.0,baghdad_kifah,,,0
2017-09-14,,,0,,,0,,,0,,,0,,,0,1260.0,1260.0,1,,,0,,,0,,,0,,,0,,,0,,,0,,,0,,,0,,,0,,,0,,,0,,,0,,,0,,,0,,,0,,,0,1260.0,1260.0,baghdad_kifah,,,0
2017-09-17,,,0,,,0,,,0,,,0,,,0,1260.0,1260.0,1,,,0,,,0,,,0,,,0,,,0,,,0,,,0,,,0,,,0,,,0,,,0,,,0,,,0,,,0,,,0,,,0,1260.0,1260.0,baghdad_kifah,,,0
2017-09-18,,,0,,,0,,,0,,,0,,,0,1258.0,1258.0,1,,,0,,,0,,,0,,,0,,,0,,,0,,,0,,,0,,,0,,,0,,,0,,,0,,,0,,,0,,,0,,,0,1258.0,1258.0,baghdad_kifah,,,0
2017-09-19,,,0,,,0,,,0,,,0,,,0,1257.5,1257.5,1,,,0,,,0,,,0,,,0,,,0,,,0,,,0,,,0,,,0,,,0,,,0,,,0,,,0,,,0,,,0,,,0,1257.5,1257.5,baghdad_kifah,,,0
2017-09-20,,,0,,,0,,,0,,,0,,,0,1257.0,1257.0,1,,,0,,,0,,,0,,,0,,,0,,,0,,,0,,,0,,,0,,,0,,,0,,,0,,,0,,,0,,,0,,,0,1257.0,1257.0,baghdad_kifah,,,0
2017-09-21,,,0,,,0,,,0,,,0,,,0,1258.5,1258.5,1,,,0,,,0,,,0,,,0,,,0,,,0,,,0,,,0,,,0,,,0,,,0,,,0,,,0,,,0,,,0,,,0,1258.5,1258.5,baghdad_kifah,,,0
2017-09-24,,,0,,,0,,,0,,,0,,,0,1260.0,1260.0,1,,,0,,,0,,,0,,,0,,,0,,,0,,,0,,,0,,,0,,,0,,,0,,,0,,,0,,,0,,,0,,,0,1260.0,1260.0,baghdad_kifah,,,0
2017-09-25,,,0,,,0,,,0,,,0,,,0,1261.0,1261.0,1,,,0,,,0,,,0,,,0,,,0,,,0,,,0,,,0,,,0,,,0,,,0,,,0,,,0,,,0,,,0,,,0,1261.0,1261.0,baghdad_kifah,,,0
2017-09-26,,,0,,,0,,,0,,,0,,,0,1254.5,1254.5,1,,,0,,,0,,,0,,,0,,,0,,,0,,,0,,,0,,,0,,,0,,,0,,,0,,,0,,,0,,,0,,,0,1254.5,1254.5,baghdad_kifah,,,0
2017-09-27,,,0,,,0,,,0,,,0,,,0,1252.0,1252.0,1,,,0,,,0,,,0,,,0,,,0,,,0,,,0,,,0,,,0,,,0,,,0,,,0,,,0,,,0,,,0,,,0,1252.0,1252.0,baghdad_kifah,,,0
2017-10-02,,,0,,,0,,,0,,,0,,,0,1256.5,1256.0,3,,,0,,,0,,,0,,,0,,,0,,,0,,,0,,,0,,,0,,,0,,,0,,,0,,,0,,,0,,,0,,,0,1256.5,1256.0,baghdad_kifah,,,0
2017-10-03,,,0,,,0,,,0,,,0,,,0,1256.0,1256.0,1,,,0,,,0,,,0,,,0,,,0,,,0,,,0,,,0,,,0,,,0,,,0,,,0,,,0,,,0,,,0,,,0,1256.0,1256.0,baghdad_kifah,,,0
2017-10-04,,,0,,,0,,,0,,,0,,,0,1257.5,1257.5,1,,,0,,,0,,,0,,,0,,,0,,,0,,,0,,,0,,,0,,,0,,,0,,,0,,,0,,,0,,,0,,,0,1257.5,1257.5,baghdad_kifah,,,0
2017-10-05,,,0,,,0,,,0,,,0,,,0,1258.5,1258.5,1,,,0,,,0,,,0,,,0,,,0,,,0,,,0,,,0,,,0,,,0,,,0,,,0,,,0,,,0,,,0,,,0,1258.5,1258.5,baghdad_kifah,,,0
2017-10-08,,,0,,,0,,,0,,,0,,,0,1259.0,1259.0,1,,,0,,,0,,,0,,,0,,,0,,,0,,,0,,,0,,,0,,,0,,,0,,,0,,,0,,,0,,,0,,,0,1259.0,1259.0,baghdad_kifah,,,0
2017-10-09,,,0,,,0,,,0,,,0,,,0,1260.0,1260.0,1,,,0,,,0,,,0,,,0,,,0,,,0,,,0,,,0,,,0,,,0,,,0,,,0,,,0,,,0,,,0,,,0,1260.0,1260.0,baghdad_kifah,,,0
2017-10-10,,,0,,,0,,,0,,,0,,,0,1262.0,1262.0,1,,,0,,,0,,,0,,,0,,,0,,,0,,,0,,,0,,,0,,,0,,,0,,,0,,,0,,,0,,,0,,,0,1262.0,1262.0,baghdad_kifah,,,0
2017-10-11,,,0,,,0,,,0,,,0,,,0,1260.0,1260.0,1,,,0,,,0,,,0,,,0,,,0,,,0,,,0,,,0,,,0,,,0,,,0,,,0,,,0,,,0,,,0,,,0,1260.0,1260.0,baghdad_kifah,,,0
2017-10-12,,,0,,,0,,,0,,,0,,,0,1260.5,1260.5,1,,,0,,,0,,,0,,,0,,,0,,,0,,,0,,,0,,,0,,,0,,,0,,,0,,,0,,,0,,,0,,,0,1260.5,1260.5,baghdad_kifah,,,0
2017-10-15,,,0,,,0,,,0,,,0,,,0,1261.0,1261.0,1,,,0,,,0,,,0,,,0,,,0,,,0,,,0,,,0,,,0,,,0,,,0,,,0,,,0,,,0,,,0,,,0,1261.0,1261.0,baghdad_kifah,,,0
2017-10-16,,,0,,,0,,,0,,,0,,,0,1260.0,1260.0,1,,,0,,,0,,,0,,,0,,,0,,,0,,,0,,,0,,,0,,,0,,,0,,,0,,,0,,,0,,,0,,,0,1260.0,1260.0,baghdad_kifah,,,0
2017-10-17,,,0,,,0,,,0,,,0,,,0,1261.0,1261.0,1,,,0,,,0,,,0,,,0,,,0,,,0,,,0,,,0,,,0,,,0,,,0,,,0,,,0,,,0,,,0,,,0,1261.0,1261.0,baghdad_kifah,,,0
2017-10-18,,,0,,,0,,,0,,,0,,,0,1259.5,1259.5,1,,,0,,,0,,,0,,,0,,,0,,,0,,,0,,,0,,,0,,,0,,,0,,,0,,,0,,,0,,,0,,,0,1259.5,1259.5,baghdad_kifah,,,0
2017-10-19,,,0,,,0,,,0,,,0,,,0,1258.5,1258.5,1,,,0,,,0,,,0,,,0,,,0,,,0,,,0,,,0,,,0,,,0,,,0,,,0,,,0,,,0,,,0,,,0,1258.5,1258.5,baghdad_kifah,,,0
2017-10-25,,,0,,,0,,,0,,,0,,,0,1260.0,1261.5,4,,,0,,,0,,,0,,,0,,,0,,,0,,,0,,,0,,,0,,,0,,,0,,,0,,,0,,,0,,,0,,,0,1260.0,1261.5,baghdad_kifah,,,0
2017-10-26,,,0,,,0,,,0,,,0,,,0,1259.5,1259.5,1,,,0,,,0,,,0,,,0,,,0,,,0,,,0,,,0,,,0,,,0,,,0,,,0,,,0,,,0,,,0,,,0,1259.5,1259.5,baghdad_kifah,,,0
2017-10-30,,,0,,,0,,,0,,,0,,,0,1261.0,1259.5,3,,,0,,,0,,,0,,,0,,,0,,,0,,,0,,,0,,,0,,,0,,,0,,,0,,,0,,,0,,,0,,,0,1261.0,1259.5,baghdad_kifah,,,0
2017-10-31,,,0,,,0,,,0,,,0,,,0,1259.5,1259.5,1,,,0,,,0,,,0,,,0,,,0,,,0,,,0,,,0,,,0,,,0,,,0,,,0,,,0,,,0,,,0,,,0,1259.5,1259.5,baghdad_kifah,,,0
2017-11-02,,,0,,,0,,,0,,,0,,,0,1259.5,1259.5,2,,,0,,,0,,,0,,,0,,,0,,,0,,,0,,,0,,,0,,,0,,,0,,,0,,,0,,,0,,,0,,,0,1259.5,1259.5,baghdad_kifah,,,0
2017-11-06,,,0,,,0,,,0,,,0,,,0,1256.5,1256.5,1,,,0,,,0,,,0,,,0,,,0,,,0,,,0,,,0,,,0,,,0,,,0,,,0,,,0,,,0,,,0,,,0,1256.5,1256.5,baghdad_kifah,,,0
2017-11-14,,,0,,,0,,,0,,,0,,,0,1258.0,1252.5,3,,,0,,,0,,,0,,,0,,,0,,,0,,,0,,,0,,,0,,,0,,,0,,,0,,,0,,,0,,,0,,,0,1258.0,1252.5,baghdad_kifah,,,0
2017-11-15,,,0,,,0,,,0,,,0,,,0,1253.0,1253.0,1,,,0,,,0,,,0,,,0,,,0,,,0,,,0,,,0,,,0,,,0,,,0,,,0,,,0,,,0,,,0,,,0,1253.0,1253.0,baghdad_kifah,,,0
2017-11-16,,,0,,,0,,,0,,,0,,,0,1254.0,1254.0,1,,,0,,,0,,,0,,,0,,,0,,,0,,,0,,,0,,,0,,,0,,,0,,,0,,,0,,,0,,,0,,,0,1254.0,1254.0,baghdad_kifah,,,0
2017-11-19,,,0,,,0,,,0,,,0,,,0,1254.5,1254.5,1,,,0,,,0,,,0,,,0,,,0,,,0,,,0,,,0,,,0,,,0,,,0,,,0,,,0,,,0,,,0,,,0,1254.5,1254.5,baghdad_kifah,,,0
2017-11-21,,,0,,,0,,,0,,,0,,,0,1253.5,1252.0,2,,,0,,,0,,,0,,,0,,,0,,,0,,,0,,,0,,,0,,,0,,,0,,,0,,,0,,,0,,,0,,,0,1253.5,1252.0,baghdad_kifah,,,0
2017-11-28,,,0,,,0,,,0,,,0,,,0,1250.0,1245.5,6,,,0,,,0,,,0,,,0,,,0,,,0,,,0,,,0,,,0,,,0,,,0,,,0,,,0,,,0,,,0,,,0,1250.0,1245.5,baghdad_kifah,,,0
2017-12-03,,,0,,,0,,,0,,,0,,,0,1249.0,1249.0,1,,,0,,,0,,,0,,,0,,,0,,,0,,,0,,,0,,,0,,,0,,,0,,,0,,,0,,,0,,,0,,,0,1249.0,1249.0,baghdad_kifah,,,0
2017-12-04,,,0,,,0,,,0,,,0,,,0,1247.5,1247.5,1,,,0,,,0,,,0,,,0,,,0,,,0,,,0,,,0,,,0,,,0,,,0,,,0,,,0,,,0,,,0,,,0,1247.5,1247.5,baghdad_kifah,,,0
2017-12-05,,,0,,,0,,,0,,,0,,,0,1250.0,1250.0,1,,,0,,,0,,,0,,,0,,,0,,,0,,,0,,,0,,,0,,,0,,,0,,,0,,,0,,,0,,,0,,,0,1250.0,1250.0,baghdad_kifah,,,0
2017-12-06,,,0,,,0,,,0,,,0,,,0,1253.5,1253.5,1,,,0,,,0,,,0,,,0,,,0,,,0,,,0,,,0,,,0,,,0,,,0,,,0,,,0,,,0,,,0,,,0,1253.5,1253.5,baghdad_kifah,,,0
2017-12-10,,,0,,,0,,,0,,,0,,,0,1254.0,1254.0,1,,,0,,,0,,,0,,,0,,,0,,,0,,,0,,,0,,,0,,,0,,,0,,,0,,,0,,,0,,,0,,,0,1254.0,1254.0,baghdad_kifah,,,0
2017-12-11,,,0,,,0,,,0,,,0,,,0,1252.5,1252.5,1,,,0,,,0,,,0,,,0,,,0,,,0,,,0,,,0,,,0,,,0,,,0,,,0,,,0,,,0,,,0,,,0,1252.5,1252.5,baghdad_kifah,,,0
2017-12-12,,,0,,,0,,,0,,,0,,,0,1255.0,1255.0,1,,,0,,,0,,,0,,,0,,,0,,,0,,,0,,,0,,,0,,,0,,,0,,,0,,,0,,,0,,,0,,,0,1255.0,1255.0,baghdad_kifah,,,0
2017-12-13,,,0,,,0,,,0,,,0,,,0,1253.5,1253.5,1,,,0,,,0,,,0,,,0,,,0,,,0,,,0,,,0,,,0,,,0,,,0,,,0,,,0,,,0,,,0,,,0,1253.5,1253.5,baghdad_kifah,,,0
2017-12-14,,,0,,,0,,,0,,,0,,,0,1252.0,1252.0,1,,,0,,,0,,,0,,,0,,,0,,,0,,,0,,,0,,,0,,,0,,,0,,,0,,,0,,,0,,,0,,,0,1252.0,1252.0,baghdad_kifah,,,0
2017-12-18,,,0,,,0,,,0,,,0,,,0,1253.0,1253.0,1,,,0,,,0,,,0,,,0,,,0,,,0,,,0,,,0,,,0,,,0,,,0,,,0,,,0,,,0,,,0,,,0,1253.0,1253.0,baghdad_kifah,,,0
2017-12-19,,,0,,,0,,,0,,,0,,,0,1252.5,1252.5,1,,,0,,,0,,,0,,,0,,,0,,,0,,,0,,,0,,,0,,,0,,,0,,,0,,,0,,,0,,,0,,,0,1252.5,1252.5,baghdad_kifah,,,0
2017-12-20,,,0,,,0,,,0,,,0,,,0,1251.0,1251.0,1,,,0,,,0,,,0,,,0,,,0,,,0,,,0,,,0,,,0,,,0,,,0,,,0,,,0,,,0,,,0,,,0,1251.0,1251.0,baghdad_kifah,,,0
2017-12-21,,,0,,,0,,,0,,,0,,,0,1251.0,1251.0,1,,,0,,,0,,,0,,,0,,,0,,,0,,,0,,,0,,,0,,,0,,,0,,,0,,,0,,,0,,,0,,,0,1251.0,1251.0,baghdad_kifah,,,0
2017-12-24,,,0,,,0,,,0,,,0,,,0,1250.0,1252.0,2,,,0,,,0,,,0,,,0,,,0,,,0,,,0,,,0,,,0,,,0,,,0,,,0,,,0,,,0,,,0,,,0,1250.0,1252.0,baghdad_kifah,,,0
2017-12-25,,,0,,,0,,,0,,,0,,,0,1252.0,1252.0,1,,,0,,,0,,,0,,,0,,,0,,,0,,,0,,,0,,,0,,,0,,,0,,,0,,,0,,,0,,,0,,,0,1252.0,1252.0,baghdad_kifah,,,0
2017-12-26,,,0,,,0,,,0,,,0,,,0,1248.0,1248.0,1,,,0,,,0,,,0,,,0,,,0,,,0,,,0,,,0,,,0,,,0,,,0,,,0,,,0,,,0,,,0,,,0,1248.0,1248.0,baghdad_kifah,,,0
2017-12-28,,,0,,,0,,,0,,,0,,,0,1249.5,1249.5,2,,,0,,,0,,,0,,,0,,,0,,,0,,,0,,,0,,,0,,,0,,,0,,,0,,,0,,,0,,,0,,,0,1249.5,1249.5,baghdad_kifah,,,0
2017-12-31,,,0,,,0,,,0,,,0,,,0,1253.5,1253.5,1,,,0,,,0,,,0,,,0,,,0,,,0,,,0,,,0,,,0,,,0,,,0,,,0,,,0,,,0,,,0,,,0,1253.5,1253.5,baghdad_kifah,,,0
2018-01-02,,,0,,,0,,,0,,,0,,,0,1253.0,1253.0,1,,,0,,,0,,,0,,,0,,,0,,,0,,,0,,,0,,,0,,,0,,,0,,,0,,,0,,,0,,,0,,,0,1253.0,1253.0,baghdad_kifah,,,0
2018-01-04,,,0,,,0,,,0,,,0,,,0,1250.0,1251.0,2,,,0,,,0,,,0,,,0,,,0,,,0,,,0,,,0,,,0,,,0,,,0,,,0,,,0,,,0,,,0,,,0,1250.0,1251.0,baghdad_kifah,,,0
2018-01-07,,,0,,,0,,,0,,,0,,,0,1252.5,1252.5,1,,,0,,,0,,,0,,,0,,,0,,,0,,,0,,,0,,,0,,,0,,,0,,,0,,,0,,,0,,,0,,,0,1252.5,1252.5,baghdad_kifah,,,0
2018-01-08,,,0,,,0,,,0,,,0,,,0,1253.0,1253.0,1,,,0,,,0,,,0,,,0,,,0,,,0,,,0,,,0,,,0,,,0,,,0,,,0,,,0,,,0,,,0,,,0,1253.0,1253.0,baghdad_kifah,,,0
2018-01-09,,,0,,,0,,,0,,,0,,,0,1253.0,1253.0,1,,,0,,,0,,,0,,,0,,,0,,,0,,,0,,,0,,,0,,,0,,,0,,,0,,,0,,,0,,,0,,,0,1253.0,1253.0,baghdad_kifah,,,0
2018-01-10,,,0,,,0,,,0,,,0,,,0,1253.5,1253.5,1,,,0,,,0,,,0,,,0,,,0,,,0,,,0,,,0,,,0,,,0,,,0,,,0,,,0,,,0,,,0,,,0,1253.5,1253.5,baghdad_kifah,,,0
2018-01-11,,,0,,,0,,,0,,,0,,,0,1252.5,1252.5,1,,,0,,,0,,,0,,,0,,,0,,,0,,,0,,,0,,,0,,,0,,,0,,,0,,,0,,,0,,,0,,,0,1252.5,1252.5,baghdad_kifah,,,0
2018-01-14,,,0,,,0,,,0,,,0,,,0,1252.0,1252.0,1,,,0,,,0,,,0,,,0,,,0,,,0,,,0,,,0,,,0,,,0,,,0,,,0,,,0,,,0,,,0,,,0,1252.0,1252.0,baghdad_kifah,,,0
2018-01-15,,,0,,,0,,,0,,,0,,,0,1250.0,1250.0,1,,,0,,,0,,,0,,,0,,,0,,,0,,,0,,,0,,,0,,,0,,,0,,,0,,,0,,,0,,,0,,,0,1250.0,1250.0,baghdad_kifah,,,0
2018-01-16,,,0,,,0,,,0,,,0,,,0,1249.5,1249.5,1,,,0,,,0,,,0,,,0,,,0,,,0,,,0,,,0,,,0,,,0,,,0,,,0,,,0,,,0,,,0,,,0,1249.5,1249.5,baghdad_kifah,,,0
2018-01-18,,,0,,,0,,,0,,,0,,,0,1249.5,1249.5,1,,,0,,,0,,,0,,,0,,,0,,,0,,,0,,,0,,,0,,,0,,,0,,,0,,,0,,,0,,,0,,,0,1249.5,1249.5,baghdad_kifah,,,0
2018-01-21,,,0,,,0,,,0,,,0,,,0,1248.5,1248.5,1,,,0,,,0,,,0,,,0,,,0,,,0,,,0,,,0,,,0,,,0,,,0,,,0,,,0,,,0,,,0,,,0,1248.5,1248.5,baghdad_kifah,,,0
2018-01-22,,,0,,,0,,,0,,,0,,,0,1247.5,1247.5,1,,,0,,,0,,,0,,,0,,,0,,,0,,,0,,,0,,,0,,,0,,,0,,,0,,,0,,,0,,,0,,,0,1247.5,1247.5,baghdad_kifah,,,0
2018-01-24,,,0,,,0,,,0,,,0,,,0,1239.0,1239.0,1,,,0,,,0,,,0,,,0,,,0,,,0,,,0,,,0,,,0,,,0,,,0,,,0,,,0,,,0,,,0,,,0,1239.0,1239.0,baghdad_kifah,,,0
2018-01-25,,,0,,,0,,,0,,,0,,,0,1239.5,1239.5,1,,,0,,,0,,,0,,,0,,,0,,,0,,,0,,,0,,,0,,,0,,,0,,,0,,,0,,,0,,,0,,,0,1239.5,1239.5,baghdad_kifah,,,0
2018-01-30,,,0,,,0,,,0,,,0,,,0,1241.0,1237.5,4,,,0,,,0,,,0,,,0,,,0,,,0,,,0,,,0,,,0,,,0,,,0,,,0,,,0,,,0,,,0,,,0,1241.0,1237.5,baghdad_kifah,,,0
2018-01-31,,,0,,,0,,,0,,,0,,,0,1234.5,1234.5,1,,,0,,,0,,,0,,,0,,,0,,,0,,,0,,,0,,,0,,,0,,,0,,,0,,,0,,,0,,,0,,,0,1234.5,1234.5,baghdad_kifah,,,0
2018-02-04,,,0,,,0,,,0,,,0,,,0,1237.5,1237.5,1,,,0,,,0,,,0,,,0,,,0,,,0,,,0,,,0,,,0,,,0,,,0,,,0,,,0,,,0,,,0,,,0,1237.5,1237.5,baghdad_kifah,,,0
2018-02-05,,,0,,,0,,,0,,,0,,,0,1237.0,1237.0,1,,,0,,,0,,,0,,,0,,,0,,,0,,,0,,,0,,,0,,,0,,,0,,,0,,,0,,,0,,,0,,,0,1237.0,1237.0,baghdad_kifah,,,0
2018-02-06,,,0,,,0,,,0,,,0,,,0,1235.5,1235.5,1,,,0,,,0,,,0,,,0,,,0,,,0,,,0,,,0,,,0,,,0,,,0,,,0,,,0,,,0,,,0,,,0,1235.5,1235.5,baghdad_kifah,,,0
2018-02-07,,,0,,,0,,,0,,,0,,,0,1237.5,1237.5,1,,,0,,,0,,,0,,,0,,,0,,,0,,,0,,,0,,,0,,,0,,,0,,,0,,,0,,,0,,,0,,,0,1237.5,1237.5,baghdad_kifah,,,0
2018-02-11,,,0,,,0,,,0,,,0,,,0,1235.5,1235.5,1,,,0,,,0,,,0,,,0,,,0,,,0,,,0,,,0,,,0,,,0,,,0,,,0,,,0,,,0,,,0,,,0,1235.5,1235.5,baghdad_kifah,,,0
2018-02-12,,,0,,,0,,,0,,,0,,,0,1237.0,1237.0,1,,,0,,,0,,,0,,,0,,,0,,,0,,,0,,,0,,,0,,,0,,,0,,,0,,,0,,,0,,,0,,,0,1237.0,1237.0,baghdad_kifah,,,0
2018-02-13,,,0,,,0,,,0,,,0,,,0,1235.0,1235.0,1,,,0,,,0,,,0,,,0,,,0,,,0,,,0,,,0,,,0,,,0,,,0,,,0,,,0,,,0,,,0,,,0,1235.0,1235.0,baghdad_kifah,,,0
2018-02-14,,,0,,,0,,,0,,,0,,,0,1232.0,1232.0,1,,,0,,,0,,,0,,,0,,,0,,,0,,,0,,,0,,,0,,,0,,,0,,,0,,,0,,,0,,,0,,,0,1232.0,1232.0,baghdad_kifah,,,0
2018-02-18,,,0,,,0,,,0,,,0,,,0,1225.5,1225.5,1,,,0,,,0,,,0,,,0,,,0,,,0,,,0,,,0,,,0,,,0,,,0,,,0,,,0,,,0,,,0,,,0,1225.5,1225.5,baghdad_kifah,,,0
2018-02-19,,,0,,,0,,,0,,,0,,,0,1225.0,1225.0,1,,,0,,,0,,,0,,,0,,,0,,,0,,,0,,,0,,,0,,,0,,,0,,,0,,,0,,,0,,,0,,,0,1225.0,1225.0,baghdad_kifah,,,0
2018-02-20,,,0,,,0,,,0,,,0,,,0,1220.0,1220.0,1,,,0,,,0,,,0,,,0,,,0,,,0,,,0,,,0,,,0,,,0,,,0,,,0,,,0,,,0,,,0,,,0,1220.0,1220.0,baghdad_kifah,,,0
2018-02-21,,,0,,,0,,,0,,,0,,,0,1220.0,1220.0,1,,,0,,,0,,,0,,,0,,,0,,,0,,,0,,,0,,,0,,,0,,,0,,,0,,,0,,,0,,,0,,,0,1220.0,1220.0,baghdad_kifah,,,0
2018-02-26,,,0,,,0,,,0,1219.5,1219.5,1,,,0,,,0,,,0,,,0,,,0,1221.0,1221.0,1,,,0,1220.25,1220.25,1,,,0,,,0,,,0,,,0,,,0,,,0,,,0,,,0,,,0,,,0,1219.5,1219.5,baghdad_harithiya,,,0
2018-02-28,,,0,,,0,,,0,,,0,,,0,1219.5,1219.5,1,,,0,,,0,,,0,1222.0,1222.0,1,,,0,1220.5,1220.5,1,,,0,,,0,,,0,,,0,,,0,,,0,,,0,,,0,,,0,,,0,1219.5,1219.5,baghdad_kifah,,,0
2018-03-11,1223.0,1223.0,1,1223.0,1223.0,1,,,0,1222.0,1222.0,1,,,0,1221.5,1221.5,1,,,0,,,0,,,0,1223.5,1223.5,1,,,0,1221.25,1221.25,1,,,0,,,0,,,0,,,0,,,0,,,0,,,0,,,0,,,0,,,0,1221.5,1221.5,baghdad_kifah,,,0
2018-03-12,1223.0,1223.0,1,,,0,,,0,,,0,,,0,1221.5,1221.5,1,,,0,,,0,,,0,1224.0,1224.0,1,,,0,1222.25,1222.25,1,,,0,,,0,,,0,,,0,,,0,,,0,,,0,,,0,,,0,,,0,1221.5,1221.5,baghdad_kifah,,,0
2018-03-13,,,0,,,0,,,0,1217.0,1217.0,1,,,0,1216.0,1216.0,1,,,0,,,0,,,0,1219.0,1219.0,1,,,0,1218.75,1218.75,1,,,0,,,0,,,0,,,0,,,0,,,0,,,0,,,0,,,0,,,0,1216.0,1216.0,baghdad_kifah,,,0
2018-03-18,,,0,,,0,,,0,1213.0,1213.0,1,,,0,1212.5,1212.5,1,1212.0,1212.0,1,,,0,,,0,1214.5,1214.5,1,,,0,1218.25,1218.25,1,,,0,,,0,,,0,,,0,,,0,,,0,,,0,,,0,,,0,,,0,1212.5,1212.5,baghdad_kifah,,,0
2018-03-19,,,0,,,0,1212.0,1212.0,1,,,0,,,0,,,0,,,0,,,0,,,0,1213.5,1213.5,1,,,0,1218.25,1218.25,1,,,0,,,0,,,0,,,0,,,0,,,0,,,0,,,0,,,0,,,0,1212.0,1212.0,baghdad_generic,,,0
2018-03-20,,,0,,,0,1212.5,1212.5,1,,,0,,,0,,,0,,,0,,,0,,,0,1213.5,1213.5,1,,,0,1219.75,1219.75,1,,,0,,,0,,,0,,,0,,,0,,,0,,,0,,,0,,,0,,,0,1212.5,1212.5,baghdad_generic,,,0
2018-03-21,,,0,,,0,,,0,,,0,,,0,1213.5,1213.5,1,,,0,,,0,,,0,1214.0,1214.0,1,,,0,,,0,,,0,,,0,,,0,,,0,,,0,,,0,,,0,,,0,,,0,,,0,1213.5,1213.5,baghdad_kifah,,,0
2018-03-25,,,0,,,0,,,0,,,0,,,0,1210.0,1210.0,1,,,0,,,0,,,0,1212.0,1212.0,1,,,0,1214.75,1214.75,1,,,0,,,0,,,0,,,0,,,0,,,0,,,0,,,0,,,0,,,0,1210.0,1210.0,baghdad_kifah,,,0
2018-03-26,,,0,,,0,1202.5,1202.5,1,,,0,,,0,1206.0,1206.0,1,,,0,,,0,,,0,1209.0,1209.0,1,,,0,1212.5,1212.5,1,,,0,,,0,,,0,,,0,,,0,,,0,,,0,,,0,,,0,,,0,1206.0,1206.0,baghdad_kifah,,,0
2018-04-01,1206.5,1206.5,1,,,0,,,0,1205.5,1205.5,1,,,0,1205.0,1205.0,1,,,0,,,0,,,0,1206.0,1206.0,1,,,0,1208.0,1208.0,1,,,0,,,0,,,0,,,0,,,0,,,0,,,0,,,0,,,0,,,0,1205.0,1205.0,baghdad_kifah,,,0
2018-04-02,,,0,,,0,,,0,,,0,,,0,1202.5,1202.5,1,,,0,,,0,,,0,1204.5,1204.5,1,,,0,1206.0,1206.0,1,,,0,,,0,,,0,,,0,,,0,,,0,,,0,,,0,,,0,,,0,1202.5,1202.5,baghdad_kifah,,,0
2018-04-03,,,0,,,0,1203.0,1203.0,1,,,0,,,0,,,0,,,0,,,0,,,0,1205.0,1205.0,1,,,0,1205.25,1205.25,1,,,0,,,0,,,0,,,0,,,0,,,0,,,0,,,0,,,0,,,0,1203.0,1203.0,baghdad_generic,,,0
2018-04-09,,,0,,,0,,,0,,,0,,,0,1204.0,1204.0,1,,,0,,,0,,,0,1205.5,1205.5,1,,,0,1207.5,1207.5,1,,,0,,,0,,,0,,,0,,,0,,,0,,,0,,,0,,,0,,,0,1204.0,1204.0,baghdad_kifah,,,0
2018-04-10,,,0,,,0,1203.5,1203.5,2,,,0,,,0,,,0,,,0,,,0,,,0,1205.5,1205.5,2,,,0,1206.25,1206.25,2,,,0,,,0,,,0,,,0,,,0,,,0,,,0,,,0,,,0,,,0,1203.5,1203.5,baghdad_generic,,,0
2018-04-11,,,0,,,0,,,0,1204.5,1204.5,1,,,0,1204.0,1204.0,1,,,0,,,0,,,0,,,0,,,0,1213.0,1213.0,1,,,0,,,0,,,0,,,0,,,0,,,0,,,0,,,0,,,0,,,0,1204.0,1204.0,baghdad_kifah,,,0
2018-04-12,,,0,,,0,1205.0,1205.0,1,,,0,,,0,,,0,,,0,,,0,,,0,1207.0,1207.0,1,,,0,1211.0,1211.0,1,,,0,,,0,,,0,,,0,,,0,,,0,,,0,,,0,,,0,,,0,1205.0,1205.0,baghdad_generic,,,0
2018-04-15,,,0,,,0,,,0,1205.5,1205.5,1,,,0,1205.0,1205.0,1,,,0,,,0,,,0,1206.5,1206.5,1,,,0,1210.75,1210.75,1,,,0,,,0,,,0,,,0,,,0,,,0,,,0,,,0,,,0,,,0,1205.0,1205.0,baghdad_kifah,,,0
2018-04-16,1207.5,1207.5,1,1206.5,1206.5,1,1203.5,1203.5,1,,,0,,,0,1204.5,1204.5,1,,,0,,,0,,,0,1206.5,1206.5,1,,,0,1209.5,1209.5,1,,,0,,,0,,,0,1206.5,1206.5,1,,,0,1206.0,1206.0,1,,,0,1206.0,1206.0,1,,,0,,,0,1204.5,1204.5,baghdad_kifah,,,0
2018-04-17,,,0,1206.0,1206.0,1,,,0,1204.5,1204.5,1,,,0,1204.0,1204.0,1,,,0,,,0,,,0,1205.5,1205.5,1,,,0,1208.25,1208.25,1,,,0,,,0,,,0,,,0,,,0,,,0,,,0,,,0,,,0,,,0,1204.0,1204.0,baghdad_kifah,,,0
2018-04-18,,,0,,,0,1200.0,1200.0,1,,,0,,,0,,,0,,,0,,,0,,,0,1202.5,1202.5,1,,,0,1206.0,1206.0,1,,,0,,,0,,,0,,,0,,,0,,,0,,,0,,,0,,,0,,,0,1200.0,1200.0,baghdad_generic,,,0
2018-04-19,1202.0,1202.0,1,,,0,,,0,,,0,,,0,1200.5,1200.5,1,,,0,,,0,,,0,1202.5,1202.5,1,,,0,1205.75,1205.75,1,,,0,,,0,,,0,1202.0,1202.0,1,1201.5,1201.5,1,1205.0,1205.0,1,1203.0,1203.0,1,1202.5,1202.5,1,,,0,,,0,1200.5,1200.5,baghdad_kifah,,,0
2018-04-23,,,0,,,0,,,0,,,0,,,0,1196.5,1196.5,1,,,0,,,0,,,0,1197.5,1197.5,1,,,0,,,0,,,0,,,0,,,0,,,0,,,0,,,0,,,0,,,0,,,0,,,0,1196.5,1196.5,baghdad_kifah,,,0
2018-04-24,,,0,,,0,,,0,,,0,,,0,1196.5,1196.5,1,,,0,,,0,,,0,1197.5,1197.5,1,,,0,1200.25,1200.25,1,,,0,,,0,,,0,,,0,,,0,,,0,,,0,,,0,,,0,,,0,1196.5,1196.5,baghdad_kifah,,,0
2018-04-25,,,0,1197.5,1197.5,1,,,0,,,0,,,0,1196.0,1196.0,1,,,0,,,0,,,0,1197.5,1197.5,1,,,0,1199.5,1199.5,1,,,0,,,0,,,0,,,0,,,0,,,0,,,0,,,0,,,0,,,0,1196.0,1196.0,baghdad_kifah,,,0
2018-04-29,,,0,,,0,,,0,,,0,,,0,1195.0,1195.0,1,,,0,,,0,,,0,1196.0,1196.0,1,,,0,1197.25,1197.25,1,,,0,,,0,,,0,,,0,,,0,,,0,,,0,,,0,,,0,,,0,1195.0,1195.0,baghdad_kifah,,,0
2018-05-01,,,0,,,0,,,0,1197.5,1197.5,1,,,0,1197.0,1197.0,1,,,0,,,0,,,0,1198.0,1198.0,1,,,0,1201.0,1201.0,1,,,0,,,0,,,0,,,0,,,0,,,0,,,0,,,0,,,0,,,0,1197.0,1197.0,baghdad_kifah,,,0
2018-05-02,,,0,,,0,1199.0,1199.0,1,,,0,,,0,,,0,,,0,,,0,,,0,1200.0,1200.0,1,,,0,1201.75,1201.75,1,,,0,,,0,,,0,,,0,,,0,,,0,,,0,,,0,,,0,,,0,1199.0,1199.0,baghdad_generic,,,0
2018-05-06,,,0,,,0,,,0,,,0,,,0,1205.0,1205.0,1,,,0,,,0,,,0,1206.0,1206.0,1,,,0,1207.0,1207.0,1,,,0,,,0,,,0,,,0,,,0,,,0,,,0,,,0,,,0,,,0,1205.0,1205.0,baghdad_kifah,,,0
2018-05-07,1208.0,1208.0,1,,,0,,,0,,,0,,,0,1204.0,1204.0,1,,,0,,,0,,,0,1206.5,1206.5,1,,,0,1207.0,1207.0,1,,,0,,,0,,,0,,,0,,,0,,,0,,,0,,,0,,,0,,,0,1204.0,1204.0,baghdad_kifah,,,0
2018-05-08,,,0,,,0,,,0,1201.0,1201.0,1,,,0,1201.0,1201.0,1,,,0,,,0,,,0,1203.0,1203.0,1,,,0,1205.5,1205.5,1,,,0,,,0,,,0,,,0,,,0,,,0,,,0,,,0,,,0,,,0,1201.0,1201.0,baghdad_kifah,,,0
2018-05-09,,,0,1204.0,1204.0,1,,,0,,,0,,,0,1203.0,1203.0,1,,,0,,,0,,,0,1204.0,1204.0,1,,,0,1207.5,1207.5,1,,,0,,,0,,,0,,,0,,,0,1205.0,1205.0,1,,,0,,,0,,,0,,,0,1203.0,1203.0,baghdad_kifah,,,0
2018-05-14,1203.5,1203.5,1,,,0,,,0,,,0,,,0,1200.5,1200.5,1,,,0,,,0,,,0,1203.0,1203.0,1,,,0,1204.25,1204.25,1,,,0,,,0,,,0,,,0,,,0,,,0,,,0,,,0,,,0,,,0,1200.5,1200.5,baghdad_kifah,,,0
2018-05-15,,,0,,,0,1200.0,1200.0,1,,,0,,,0,,,0,,,0,,,0,,,0,1202.0,1202.0,1,,,0,1204.75,1204.75,1,,,0,,,0,,,0,,,0,,,0,,,0,,,0,,,0,,,0,,,0,1200.0,1200.0,baghdad_generic,,,0
2018-05-16,,,0,,,0,,,0,,,0,,,0,1200.5,1200.5,1,,,0,,,0,,,0,1202.0,1202.0,1,,,0,1207.0,1207.0,1,,,0,,,0,,,0,,,0,,,0,,,0,,,0,,,0,,,0,,,0,1200.5,1200.5,baghdad_kifah,,,0
2018-05-17,,,0,,,0,,,0,1199.5,1199.5,1,,,0,1199.0,1199.0,1,,,0,,,0,,,0,1201.5,1201.5,1,,,0,1205.75,1205.75,1,,,0,,,0,,,0,,,0,,,0,,,0,1202.0,1202.0,1,,,0,,,0,,,0,1199.0,1199.0,baghdad_kifah,,,0
2018-05-20,,,0,,,0,,,0,,,0,,,0,1199.0,1199.0,1,,,0,,,0,,,0,1202.0,1202.0,1,,,0,1204.75,1204.75,1,,,0,,,0,,,0,,,0,,,0,,,0,,,0,,,0,,,0,,,0,1199.0,1199.0,baghdad_kifah,,,0
2018-05-21,,,0,1198.5,1198.5,1,,,0,,,0,,,0,1197.0,1197.0,1,,,0,,,0,,,0,1200.0,1200.0,1,,,0,1203.25,1203.25,1,,,0,,,0,,,0,,,0,1198.5,1198.5,1,,,0,,,0,,,0,,,0,,,0,1197.0,1197.0,baghdad_kifah,,,0
2018-05-22,,,0,1196.5,1196.5,1,,,0,,,0,,,0,1195.5,1195.5,1,,,0,,,0,,,0,1198.5,1198.5,1,,,0,1202.0,1202.0,1,,,0,,,0,,,0,,,0,,,0,,,0,,,0,,,0,,,0,,,0,1195.5,1195.5,baghdad_kifah,,,0
2018-05-23,,,0,,,0,1196.0,1196.0,1,,,0,,,0,,,0,,,0,,,0,,,0,1198.5,1198.5,1,,,0,1201.0,1201.0,1,,,0,,,0,,,0,,,0,1197.5,1197.5,1,,,0,1198.5,1198.5,1,,,0,,,0,,,0,1196.0,1196.0,baghdad_generic,,,0
2018-05-24,,,0,,,0,,,0,,,0,,,0,1196.0,1196.0,1,,,0,,,0,,,0,1198.5,1198.5,1,,,0,1200.75,1200.75,1,,,0,,,0,,,0,,,0,,,0,,,0,1198.0,1198.0,1,,,0,,,0,,,0,1196.0,1196.0,baghdad_kifah,,,0
2018-05-27,,,0,,,0,1197.5,1197.5,1,,,0,,,0,,,0,,,0,,,0,,,0,1200.0,1200.0,1,,,0,1202.0,1202.0,1,,,0,,,0,,,0,,,0,,,0,,,0,,,0,,,0,,,0,,,0,1197.5,1197.5,baghdad_generic,,,0
2018-05-28,,,0,,,0,,,0,,,0,,,0,1198.0,1198.0,1,,,0,,,0,,,0,1199.0,1199.0,1,,,0,1202.5,1202.5,1,,,0,,,0,,,0,,,0,,,0,,,0,1201.0,1201.0,1,,,0,,,0,,,0,1198.0,1198.0,baghdad_kifah,,,0
2018-05-29,1198.0,1198.0,1,,,0,,,0,,,0,,,0,1197.0,1197.0,1,,,0,,,0,,,0,1198.5,1198.5,1,,,0,1200.5,1200.5,1,,,0,,,0,,,0,,,0,1198.0,1198.0,1,1205.0,1205.0,1,,,0,,,0,,,0,,,0,1197.0,1197.0,baghdad_kifah,,,0
2018-05-30,,,0,,,0,,,0,,,0,,,0,1197.0,1197.0,1,,,0,,,0,,,0,1198.5,1198.5,1,,,0,1200.5,1200.5,1,,,0,,,0,,,0,,,0,,,0,,,0,,,0,,,0,,,0,,,0,1197.0,1197.0,baghdad_kifah,,,0
2018-05-31,,,0,,,0,,,0,,,0,,,0,1197.25,1197.25,1,,,0,,,0,,,0,1198.5,1198.5,1,,,0,1199.75,1199.75,1,,,0,,,0,,,0,,,0,1199.0,1199.0,1,,,0,,,0,,,0,,,0,,,0,1197.25,1197.25,baghdad_kifah,,,0
2018-06-03,,,0,,,0,,,0,,,0,,,0,1197.75,1197.75,1,,,0,,,0,,,0,1198.5,1198.5,1,,,0,1197.75,1197.75,1,,,0,,,0,,,0,,,0,1200.0,1200.0,1,,,0,1201.0,1201.0,1,,,0,,,0,,,0,1197.75,1197.75,baghdad_kifah,,,0
2018-06-04,1198.5,1198.5,1,,,0,,,0,1198.0,1198.0,1,,,0,1197.5,1197.5,1,,,0,,,0,,,0,1198.5,1198.5,1,,,0,1198.0,1198.0,1,,,0,,,0,,,0,1199.0,1199.0,1,1199.0,1199.0,1,1202.5,1202.5,1,,,0,1200.0,1200.0,1,,,0,,,0,1197.5,1197.5,baghdad_kifah,,,0
2018-06-05,1198.0,1198.0,1,,,0,,,0,,,0,,,0,1196.5,1196.5,1,,,0,,,0,,,0,1197.5,1197.5,1,,,0,1197.0,1197.0,1,,,0,,,0,,,0,1198.5,1198.5,1,,,0,,,0,,,0,,,0,,,0,,,0,1196.5,1196.5,baghdad_kifah,,,0
2018-06-06,,,0,,,0,,,0,1196.5,1196.5,1,,,0,1196.0,1196.0,1,,,0,,,0,,,0,1197.0,1197.0,1,,,0,1197.0,1197.0,1,,,0,,,0,,,0,,,0,,,0,1200.0,1200.0,1,,,0,1199.0,1199.0,1,,,0,,,0,1196.0,1196.0,baghdad_kifah,,,0
2018-06-07,1197.5,1197.5,1,,,0,,,0,,,0,,,0,1197.0,1197.0,1,,,0,,,0,,,0,1197.0,1197.0,1,,,0,1197.5,1197.5,1,,,0,,,0,,,0,,,0,1198.0,1198.0,1,1200.0,1200.0,1,1200.0,1200.0,1,,,0,,,0,,,0,1197.0,1197.0,baghdad_kifah,,,0
2018-06-10,1199.0,1199.0,1,,,0,,,0,1199.0,1199.0,1,,,0,1198.5,1198.5,1,,,0,,,0,,,0,1199.0,1199.0,1,,,0,1202.5,1202.5,1,,,0,,,0,,,0,,,0,1200.0,1200.0,1,,,0,,,0,,,0,,,0,,,0,1198.5,1198.5,baghdad_kifah,,,0
2018-06-11,,,0,1202.0,1202.0,1,1201.0,1201.0,1,1201.0,1201.0,1,,,0,1201.0,1201.0,1,1200.0,1200.0,1,,,0,,,0,1201.5,1201.5,1,,,0,1206.0,1206.0,1,,,0,,,0,1202.5,1202.5,1,1202.0,1202.0,1,,,0,1205.0,1205.0,1,,,0,1202.5,1202.5,1,,,0,,,0,1201.0,1201.0,baghdad_kifah,,,0
2018-06-12,,,0,,,0,,,0,,,0,,,0,1200.5,1200.5,1,,,0,,,0,,,0,1200.5,1200.5,1,,,0,1206.0,1206.0,1,,,0,,,0,,,0,,,0,,,0,,,0,,,0,,,0,,,0,,,0,1200.5,1200.5,baghdad_kifah,,,0
2018-06-13,1201.5,1201.5,1,,,0,,,0,1199.5,1199.5,1,,,0,1199.25,1199.25,1,,,0,,,0,,,0,1201.0,1201.0,1,,,0,1204.75,1204.75,1,,,0,,,0,,,0,,,0,,,0,,,0,,,0,,,0,,,0,,,0,1199.25,1199.25,baghdad_kifah,,,0
2018-06-14,1201.0,1201.0,1,,,0,,,0,,,0,,,0,1199.0,1199.0,1,,,0,,,0,,,0,1200.5,1200.5,1,,,0,1204.75,1204.75,1,,,0,,,0,,,0,,,0,,,0,1202.5,1202.5,1,,,0,1202.0,1202.0,1,,,0,,,0,1199.0,1199.0,baghdad_kifah,,,0
2018-06-19,,,0,,,0,,,0,,,0,,,0,1200.0,1200.0,1,,,0,,,0,,,0,,,0,,,0,1204.25,1204.25,1,,,0,,,0,,,0,,,0,,,0,,,0,,,0,,,0,,,0,,,0,1200.0,1200.0,baghdad_kifah,,,0
2018-06-20,,,0,,,0,,,0,,,0,,,0,1200.0,1200.0,1,,,0,,,0,,,0,1201.5,1201.5,1,,,0,1205.0,1205.0,1,,,0,,,0,,,0,1202.0,1202.0,1,,,0,,,0,,,0,1202.0,1202.0,1,,,0,,,0,1200.0,1200.0,baghdad_kifah,,,0
2018-06-21,,,0,,,0,,,0,,,0,,,0,1198.0,1198.0,1,,,0,,,0,,,0,1201.0,1201.0,1,,,0,1204.25,1204.25,1,,,0,,,0,,,0,,,0,,,0,,,0,,,0,,,0,,,0,,,0,1198.0,1198.0,baghdad_kifah,,,0
2018-06-24,1203.0,1203.0,1,,,0,,,0,,,0,,,0,1202.0,1202.0,1,,,0,,,0,,,0,1202.5,1202.5,1,,,0,1205.5,1205.5,1,,,0,,,0,,,0,,,0,,,0,,,0,1206.5,1206.5,1,1204.0,1204.0,1,,,0,,,0,1202.0,1202.0,baghdad_kifah,,,0
2018-06-25,,,0,,,0,,,0,,,0,,,0,1204.0,1204.0,1,,,0,,,0,,,0,1205.5,1205.5,1,,,0,,,0,,,0,,,0,,,0,,,0,1205.0,1205.0,1,1207.5,1207.5,1,,,0,,,0,,,0,,,0,1204.0,1204.0,baghdad_kifah,,,0
2018-06-26,,,0,,,0,,,0,1202.5,1202.5,1,,,0,1202.0,1202.0,1,,,0,,,0,,,0,1203.5,1203.5,1,,,0,1205.0,1205.0,1,,,0,,,0,,,0,1205.0,1205.0,1,1205.0,1205.0,1,1205.0,1205.0,1,,,0,1205.0,1205.0,1,,,0,,,0,1202.0,1202.0,baghdad_kifah,,,0
2018-06-27,,,0,,,0,1200.0,1200.0,1,,,0,,,0,,,0,,,0,,,0,,,0,1202.0,1202.0,1,,,0,1203.25,1203.25,1,,,0,,,0,,,0,,,0,,,0,,,0,1203.0,1203.0,1,,,0,,,0,,,0,1200.0,1200.0,baghdad_generic,,,0
2018-06-28,,,0,,,0,,,0,,,0,,,0,1198.25,1198.25,1,,,0,,,0,,,0,1201.0,1201.0,1,,,0,1200.5,1200.5,1,,,0,,,0,,,0,,,0,,,0,,,0,,,0,,,0,,,0,,,0,1198.25,1198.25,baghdad_kifah,,,0
2018-07-01,1200.0,1200.0,1,,,0,,,0,,,0,,,0,1198.5,1198.5,1,,,0,,,0,,,0,1200.0,1200.0,1,,,0,1200.75,1200.75,1,,,0,,,0,,,0,,,0,1200.0,1200.0,1,1202.5,1202.5,1,,,0,,,0,,,0,,,0,1198.5,1198.5,baghdad_kifah,,,0
2018-07-02,1200.0,1200.0,1,,,0,,,0,,,0,,,0,1198.5,1198.5,1,,,0,,,0,,,0,1200.0,1200.0,1,,,0,1200.75,1200.75,1,,,0,,,0,,,0,,,0,1200.0,1200.0,1,1202.5,1202.5,1,,,0,,,0,,,0,,,0,1198.5,1198.5,baghdad_kifah,,,0
2018-07-03,1202.0,1202.0,1,1201.5,1201.5,1,,,0,1200.5,1200.5,1,,,0,1200.0,1200.0,1,,,0,,,0,,,0,1202.0,1202.0,1,,,0,1201.75,1201.75,1,,,0,,,0,,,0,,,0,1202.0,1202.0,1,,,0,,,0,,,0,,,0,,,0,1200.0,1200.0,baghdad_kifah,,,0
2018-07-04,,,0,,,0,,,0,1200.0,1200.0,1,,,0,1199.5,1199.5,1,,,0,,,0,,,0,1201.5,1201.5,1,,,0,1200.25,1200.25,1,,,0,,,0,,,0,,,0,,,0,,,0,,,0,,,0,,,0,,,0,1199.5,1199.5,baghdad_kifah,,,0
2018-07-05,,,0,,,0,,,0,1201.5,1201.5,1,,,0,1201.0,1201.0,1,,,0,,,0,,,0,1202.5,1202.5,1,,,0,1202.5,1202.5,1,,,0,,,0,,,0,,,0,,,0,,,0,,,0,,,0,,,0,,,0,1201.0,1201.0,baghdad_kifah,,,0
2018-07-08,,,0,,,0,,,0,,,0,,,0,1202.0,1202.0,1,,,0,,,0,,,0,1204.0,1204.0,1,,,0,1203.25,1203.25,1,,,0,,,0,,,0,,,0,,,0,,,0,,,0,,,0,,,0,,,0,1202.0,1202.0,baghdad_kifah,,,0
2018-07-09,,,0,,,0,,,0,,,0,,,0,1203.25,1203.25,1,,,0,,,0,,,0,1205.0,1205.0,1,,,0,1205.75,1205.75,1,,,0,,,0,,,0,,,0,,,0,,,0,,,0,,,0,,,0,,,0,1203.25,1203.25,baghdad_kifah,,,0
2018-07-10,,,0,,,0,,,0,1201.5,1201.5,1,,,0,1201.5,1201.5,1,,,0,,,0,,,0,1202.5,1202.5,1,,,0,1204.25,1204.25,1,,,0,,,0,,,0,,,0,,,0,,,0,1205.0,1205.0,1,,,0,,,0,,,0,1201.5,1201.5,baghdad_kifah,,,0
2018-07-11,1203.0,1203.0,1,,,0,,,0,,,0,,,0,1202.0,1202.0,1,,,0,,,0,,,0,1203.5,1203.5,1,,,0,1205.25,1205.25,1,,,0,,,0,,,0,,,0,,,0,,,0,,,0,,,0,,,0,,,0,1202.0,1202.0,baghdad_kifah,,,0
2018-07-12,,,0,,,0,,,0,,,0,,,0,1202.5,1202.5,1,,,0,,,0,,,0,1204.0,1204.0,1,,,0,,,0,,,0,,,0,,,0,,,0,,,0,,,0,,,0,,,0,,,0,,,0,1202.5,1202.5,baghdad_kifah,,,0
2018-07-16,,,0,,,0,,,0,,,0,,,0,1205.0,1205.0,1,,,0,,,0,,,0,1207.0,1207.0,1,,,0,1207.5,1207.5,1,,,0,,,0,,,0,1210.0,1210.0,1,,,0,,,0,,,0,,,0,,,0,,,0,1205.0,1205.0,baghdad_kifah,,,0
2018-07-19,,,0,,,0,,,0,,,0,,,0,1200.5,1200.5,1,,,0,,,0,,,0,1203.0,1203.0,1,,,0,1203.5,1203.5,1,,,0,,,0,,,0,,,0,,,0,,,0,,,0,,,0,,,0,,,0,1200.5,1200.5,baghdad_kifah,,,0
2018-07-22,,,0,,,0,,,0,,,0,,,0,1199.5,1199.5,1,,,0,,,0,,,0,1201.0,1201.0,1,,,0,1201.25,1201.25,1,,,0,,,0,,,0,,,0,,,0,,,0,,,0,,,0,,,0,,,0,1199.5,1199.5,baghdad_kifah,,,0
2018-07-23,,,0,,,0,,,0,1199.0,1199.0,1,,,0,1198.5,1198.5,1,,,0,,,0,,,0,1201.0,1201.0,1,,,0,1202.0,1202.0,1,,,0,,,0,,,0,,,0,,,0,,,0,,,0,,,0,,,0,,,0,1198.5,1198.5,baghdad_kifah,,,0
2018-07-24,,,0,,,0,,,0,,,0,,,0,1198.5,1198.5,1,,,0,,,0,,,0,1201.0,1201.0,1,,,0,1201.75,1201.75,1,,,0,,,0,,,0,,,0,,,0,,,0,,,0,,,0,,,0,,,0,1198.5,1198.5,baghdad_kifah,,,0
2018-07-25,,,0,,,0,,,0,1199.5,1199.5,1,,,0,1199.5,1199.5,1,,,0,,,0,,,0,1201.5,1201.5,1,,,0,1203.0,1203.0,1,,,0,,,0,,,0,,,0,,,0,,,0,1202.0,1202.0,1,,,0,,,0,,,0,1199.5,1199.5,baghdad_kifah,,,0
2018-07-26,1202.0,1202.0,1,1201.5,1201.5,1,1200.0,1200.0,1,,,0,,,0,,,0,,,0,,,0,,,0,1202.5,1202.5,1,,,0,1203.0,1203.0,1,,,0,,,0,,,0,1202.5,1202.5,1,,,0,,,0,1203.0,1203.0,1,1202.5,1202.5,1,,,0,,,0,1200.0,1200.0,baghdad_generic,,,0
2018-07-29,,,0,,,0,,,0,,,0,,,0,1199.0,1199.0,1,,,0,,,0,,,0,1201.0,1201.0,1,,,0,1202.0,1202.0,1,,,0,,,0,,,0,1201.0,1201.0,1,,,0,,,0,,,0,,,0,,,0,,,0,1199.0,1199.0,baghdad_kifah,,,0
2018-07-30,,,0,,,0,,,0,,,0,,,0,1199.0,1199.0,1,,,0,,,0,,,0,1200.5,1200.5,1,,,0,1201.5,1201.5,1,,,0,,,0,,,0,,,0,,,0,,,0,,,0,,,0,,,0,,,0,1199.0,1199.0,baghdad_kifah,,,0
2018-07-31,,,0,,,0,,,0,1199.0,1199.0,1,,,0,1198.5,1198.5,1,,,0,,,0,,,0,1200.5,1200.5,1,,,0,1200.5,1200.5,1,,,0,,,0,,,0,,,0,,,0,1202.5,1202.5,1,,,0,,,0,,,0,,,0,1198.5,1198.5,baghdad_kifah,,,0
2018-08-01,,,0,,,0,1198.0,1198.0,1,,,0,,,0,,,0,,,0,,,0,,,0,1200.0,1200.0,1,,,0,1200.75,1200.75,1,,,0,,,0,,,0,,,0,,,0,,,0,,,0,,,0,,,0,,,0,1198.0,1198.0,baghdad_generic,,,0
2018-08-02,,,0,1201.5,1201.5,1,,,0,1200.0,1200.0,1,,,0,1199.5,1199.5,1,,,0,,,0,,,0,1201.0,1201.0,1,,,0,1201.75,1201.75,1,,,0,,,0,,,0,,,0,1201.0,1201.0,1,,,0,,,0,,,0,,,0,,,0,1199.5,1199.5,baghdad_kifah,,,0
2018-08-05,,,0,,,0,1195.0,1195.0,1,1202.0,1202.0,1,,,0,1201.0,1201.0,1,,,0,,,0,,,0,1202.5,1202.5,1,,,0,1203.0,1203.0,1,,,0,,,0,,,0,,,0,,,0,1205.0,1205.0,1,,,0,,,0,,,0,,,0,1201.0,1201.0,baghdad_kifah,,,0
2018-08-07,,,0,,,0,,,0,,,0,,,0,1201.0,1201.0,1,,,0,,,0,,,0,1202.5,1202.5,1,,,0,1203.25,1203.25,1,,,0,,,0,,,0,,,0,,,0,,,0,,,0,,,0,,,0,,,0,1201.0,1201.0,baghdad_kifah,,,0
2018-08-08,,,0,,,0,,,0,1202.0,1202.0,1,,,0,1201.5,1201.5,1,,,0,,,0,,,0,1203.0,1203.0,1,,,0,1205.0,1205.0,1,,,0,,,0,,,0,,,0,,,0,,,0,,,0,,,0,,,0,,,0,1201.5,1201.5,baghdad_kifah,,,0
2018-08-09,,,0,,,0,,,0,,,0,,,0,1204.0,1204.0,1,,,0,,,0,,,0,1205.0,1205.0,1,,,0,1206.5,1206.5,1,,,0,,,0,,,0,,,0,,,0,,,0,,,0,,,0,,,0,,,0,1204.0,1204.0,baghdad_kifah,,,0
2018-08-12,,,0,,,0,,,0,1208.0,1208.0,1,,,0,1207.0,1207.0,1,,,0,,,0,,,0,1211.5,1211.5,1,,,0,1209.75,1209.75,1,,,0,,,0,,,0,,,0,,,0,,,0,,,0,,,0,,,0,,,0,1207.0,1207.0,baghdad_kifah,,,0
2018-08-13,,,0,,,0,,,0,1208.5,1208.5,1,,,0,1208.0,1208.0,1,,,0,,,0,,,0,1211.0,1211.0,1,,,0,1210.0,1210.0,1,,,0,,,0,,,0,,,0,1209.0,1209.0,1,,,0,,,0,,,0,,,0,,,0,1208.0,1208.0,baghdad_kifah,,,0
2018-08-14,,,0,,,0,,,0,,,0,,,0,1208.0,1208.0,1,,,0,,,0,,,0,1211.5,1211.5,1,,,0,,,0,,,0,,,0,,,0,,,0,,,0,,,0,,,0,,,0,,,0,,,0,1208.0,1208.0,baghdad_kifah,,,0
2018-08-16,,,0,,,0,1202.5,1202.5,1,,,0,,,0,1208.25,1208.25,1,,,0,,,0,,,0,1211.5,1211.5,1,,,0,1212.25,1212.25,1,,,0,,,0,,,0,,,0,,,0,,,0,,,0,,,0,,,0,,,0,1208.25,1208.25,baghdad_kifah,,,0
2018-08-19,,,0,,,0,1205.0,1205.0,1,,,0,,,0,1212.0,1212.0,1,,,0,,,0,,,0,1213.5,1213.5,1,,,0,1216.0,1216.0,1,,,0,,,0,,,0,1215.0,1215.0,1,,,0,,,0,,,0,,,0,,,0,,,0,1212.0,1212.0,baghdad_kifah,,,0
2018-08-20,1215.0,1215.0,1,,,0,,,0,1214.5,1214.5,1,,,0,1214.0,1214.0,1,,,0,,,0,,,0,1215.0,1215.0,1,,,0,1215.75,1215.75,1,,,0,,,0,,,0,,,0,,,0,1220.0,1220.0,1,,,0,,,0,,,0,,,0,1214.0,1214.0,baghdad_kifah,,,0
2018-08-23,1215.0,1215.0,1,,,0,,,0,1214.5,1214.5,1,,,0,1214.0,1214.0,1,,,0,,,0,,,0,1215.0,1215.0,1,,,0,1215.75,1215.75,1,,,0,,,0,,,0,,,0,,,0,1220.0,1220.0,1,,,0,,,0,,,0,,,0,1214.0,1214.0,baghdad_kifah,,,0
2018-08-26,,,0,,,0,,,0,1213.5,1213.5,1,,,0,1213.0,1213.0,1,,,0,,,0,,,0,1215.5,1215.5,1,,,0,1215.25,1215.25,1,,,0,,,0,,,0,,,0,,,0,,,0,,,0,,,0,,,0,,,0,1213.0,1213.0,baghdad_kifah,,,0
2018-08-27,1213.5,1213.5,1,,,0,,,0,,,0,,,0,1210.0,1210.0,1,,,0,,,0,,,0,1213.0,1213.0,1,,,0,1213.25,1213.25,1,,,0,,,0,,,0,,,0,,,0,1212.5,1212.5,1,,,0,,,0,,,0,,,0,1210.0,1210.0,baghdad_kifah,,,0
2018-08-28,,,0,,,0,1206.0,1206.0,1,,,0,,,0,,,0,,,0,,,0,,,0,1208.0,1208.0,1,,,0,1210.0,1210.0,1,,,0,,,0,,,0,,,0,1207.5,1207.5,1,,,0,,,0,,,0,,,0,,,0,1206.0,1206.0,baghdad_generic,,,0
2018-08-29,,,0,,,0,,,0,,,0,,,0,1207.0,1207.0,1,,,0,,,0,,,0,1209.0,1209.0,1,,,0,1210.0,1210.0,1,,,0,,,0,,,0,,,0,,,0,1207.5,1207.5,1,1209.0,1209.0,1,,,0,,,0,,,0,1207.0,1207.0,baghdad_kifah,,,0
2018-08-30,,,0,,,0,,,0,1206.5,1206.5,1,,,0,1206.0,1206.0,1,,,0,,,0,,,0,1208.0,1208.0,1,,,0,1209.75,1209.75,1,,,0,,,0,,,0,,,0,,,0,,,0,,,0,,,0,,,0,,,0,1206.0,1206.0,baghdad_kifah,,,0
2018-09-02,1206.5,1206.5,1,,,0,,,0,1205.5,1205.5,1,,,0,1204.5,1204.5,1,,,0,,,0,,,0,1206.0,1206.0,1,,,0,,,0,,,0,,,0,,,0,,,0,,,0,,,0,,,0,,,0,,,0,,,0,1204.5,1204.5,baghdad_kifah,,,0
2018-09-03,1207.0,1207.0,1,,,0,,,0,,,0,,,0,1205.5,1205.5,1,,,0,,,0,,,0,1207.0,1207.0,1,,,0,1208.0,1208.0,1,,,0,,,0,,,0,,,0,,,0,,,0,1207.5,1207.5,1,,,0,,,0,,,0,1205.5,1205.5,baghdad_kifah,,,0
2018-09-04,,,0,,,0,1206.5,1206.5,1,,,0,,,0,,,0,,,0,,,0,,,0,,,0,,,0,1209.0,1209.0,1,,,0,,,0,,,0,,,0,,,0,,,0,,,0,,,0,,,0,,,0,1206.5,1206.5,baghdad_generic,,,0
2018-09-06,,,0,,,0,,,0,,,0,,,0,1208.5,1208.5,1,,,0,,,0,,,0,1211.0,1211.0,1,,,0,1209.75,1209.75,1,,,0,,,0,,,0,,,0,,,0,,,0,,,0,,,0,,,0,,,0,1208.5,1208.5,baghdad_kifah,,,0
2018-09-10,1215.0,1215.0,1,,,0,,,0,,,0,,,0,1213.0,1213.0,1,,,0,,,0,,,0,1215.0,1215.0,1,,,0,1215.0,1215.0,1,,,0,,,0,,,0,1215.0,1215.0,1,1214.5,1214.5,1,1215.0,1215.0,1,1216.5,1216.5,1,1215.0,1215.0,1,,,0,,,0,1213.0,1213.0,baghdad_kifah,,,0
2018-09-11,,,0,,,0,1205.0,1205.0,1,,,0,,,0,1209.0,1209.0,1,,,0,,,0,,,0,1211.0,1211.0,1,,,0,1212.0,1212.0,1,,,0,,,0,,,0,,,0,,,0,,,0,,,0,,,0,,,0,,,0,1209.0,1209.0,baghdad_kifah,,,0
2018-09-12,,,0,,,0,,,0,,,0,,,0,1208.5,1208.5,1,,,0,,,0,,,0,1210.5,1210.5,1,,,0,1211.0,1211.0,1,,,0,,,0,,,0,,,0,,,0,,,0,1211.0,1211.0,1,,,0,,,0,,,0,1208.5,1208.5,baghdad_kifah,,,0
2018-09-13,,,0,,,0,,,0,,,0,,,0,1210.0,1210.0,1,,,0,,,0,,,0,1211.0,1211.0,1,,,0,1213.75,1213.75,1,,,0,,,0,,,0,,,0,,,0,,,0,1212.0,1212.0,1,1212.0,1212.0,1,,,0,,,0,1210.0,1210.0,baghdad_kifah,,,0
2018-09-17,,,0,,,0,,,0,,,0,,,0,1208.5,1208.5,1,,,0,,,0,,,0,1210.0,1210.0,1,,,0,1211.0,1211.0,1,,,0,,,0,,,0,1211.0,1211.0,1,,,0,1210.0,1210.0,1,,,0,,,0,,,0,,,0,1208.5,1208.5,baghdad_kifah,,,0
2018-09-18,,,0,,,0,1206.0,1206.0,1,,,0,,,0,,,0,,,0,,,0,,,0,1207.0,1207.0,1,,,0,1210.75,1210.75,1,,,0,,,0,,,0,,,0,,,0,,,0,,,0,,,0,,,0,,,0,1206.0,1206.0,baghdad_generic,,,0
2018-09-24,,,0,,,0,1204.0,1204.0,1,,,0,,,0,,,0,,,0,,,0,,,0,1206.0,1206.0,1,,,0,1206.75,1206.75,1,,,0,,,0,,,0,,,0,,,0,1207.5,1207.5,1,,,0,,,0,,,0,,,0,1204.0,1204.0,baghdad_generic,,,0
2018-09-25,,,0,,,0,,,0,,,0,,,0,1203.0,1203.0,1,,,0,,,0,,,0,1204.5,1204.5,1,,,0,1206.0,1206.0,1,,,0,,,0,,,0,,,0,,,0,1205.0,1205.0,1,1205.5,1205.5,1,,,0,,,0,,,0,1203.0,1203.0,baghdad_kifah,,,0
2018-09-26,1205.0,1205.0,1,,,0,,,0,,,0,,,0,1203.5,1203.5,1,,,0,,,0,,,0,1205.0,1205.0,1,,,0,1207.25,1207.25,1,,,0,,,0,,,0,,,0,,,0,,,0,,,0,,,0,,,0,,,0,1203.5,1203.5,baghdad_kifah,,,0
2018-09-30,1205.0,1205.0,1,,,0,1204.0,1204.0,1,,,0,,,0,,,0,,,0,,,0,,,0,1205.0,1205.0,1,,,0,,,0,,,0,,,0,,,0,,,0,,,0,,,0,,,0,,,0,,,0,,,0,1204.0,1204.0,baghdad_generic,,,0
2018-10-07,1208.5,1208.5,1,,,0,,,0,,,0,,,0,1207.5,1207.5,1,,,0,,,0,,,0,1208.5,1208.5,1,,,0,1207.5,1207.5,1,,,0,,,0,,,0,,,0,,,0,,,0,,,0,,,0,,,0,,,0,1207.5,1207.5,baghdad_kifah,,,0
2018-10-08,,,0,,,0,,,0,,,0,,,0,1207.25,1207.25,1,,,0,,,0,,,0,1208.5,1208.5,1,,,0,1207.75,1207.75,1,,,0,,,0,,,0,,,0,,,0,1208.0,1208.0,1,,,0,,,0,,,0,,,0,1207.25,1207.25,baghdad_kifah,,,0
2018-10-09,,,0,,,0,,,0,,,0,,,0,1207.0,1207.0,1,,,0,,,0,,,0,1208.0,1208.0,1,,,0,1207.75,1207.75,1,,,0,,,0,,,0,,,0,,,0,,,0,,,0,1208.5,1208.5,1,,,0,,,0,1207.0,1207.0,baghdad_kifah,,,0
2018-10-10,,,0,,,0,,,0,,,0,,,0,1207.5,1207.5,1,,,0,,,0,,,0,1208.5,1208.5,1,,,0,1209.0,1209.0,1,,,0,,,0,,,0,,,0,,,0,,,0,,,0,1209.5,1209.5,1,,,0,,,0,1207.5,1207.5,baghdad_kifah,,,0
2018-10-11,1209.0,1209.0,1,,,0,,,0,,,0,,,0,1207.0,1207.0,1,,,0,,,0,,,0,1209.0,1209.0,1,,,0,1208.5,1208.5,1,,,0,,,0,,,0,,,0,,,0,1208.0,1208.0,1,1209.0,1209.0,1,1209.0,1209.0,1,,,0,,,0,1207.0,1207.0,baghdad_kifah,,,0
2018-10-16,,,0,,,0,,,0,,,0,,,0,1205.25,1205.25,1,,,0,,,0,,,0,1206.5,1206.5,1,,,0,1206.25,1206.25,1,,,0,,,0,,,0,,,0,,,0,,,0,,,0,,,0,,,0,,,0,1205.25,1205.25,baghdad_kifah,,,0
2018-10-18,1207.0,1207.0,1,,,0,,,0,,,0,,,0,1206.0,1206.0,1,,,0,,,0,,,0,1207.5,1207.5,1,,,0,1208.0,1208.0,1,,,0,,,0,,,0,,,0,,,0,1207.5,1207.5,1,,,0,,,0,,,0,,,0,1206.0,1206.0,baghdad_kifah,,,0
2018-10-21,,,0,,,0,,,0,,,0,,,0,1204.5,1204.5,1,,,0,,,0,,,0,1206.5,1206.5,1,,,0,1206.0,1206.0,1,,,0,,,0,,,0,,,0,,,0,,,0,1207.0,1207.0,1,,,0,,,0,,,0,1204.5,1204.5,baghdad_kifah,,,0
2018-10-23,,,0,,,0,1203.0,1203.0,1,,,0,,,0,,,0,,,0,,,0,,,0,1204.0,1204.0,1,,,0,1204.25,1204.25,1,,,0,,,0,,,0,,,0,,,0,,,0,,,0,1204.0,1204.0,1,,,0,,,0,1203.0,1203.0,baghdad_generic,,,0
2018-10-24,1205.0,1205.0,1,,,0,,,0,,,0,,,0,1204.0,1204.0,1,,,0,,,0,,,0,1205.0,1205.0,1,,,0,1205.5,1205.5,1,,,0,,,0,,,0,,,0,,,0,1205.0,1205.0,1,1206.0,1206.0,1,,,0,,,0,,,0,1204.0,1204.0,baghdad_kifah,,,0
2018-10-29,,,0,,,0,,,0,,,0,,,0,1203.5,1203.5,1,,,0,,,0,,,0,,,0,,,0,1204.75,1204.75,1,,,0,,,0,,,0,,,0,,,0,1205.0,1205.0,1,1206.0,1206.0,1,,,0,,,0,,,0,1203.5,1203.5,baghdad_kifah,,,0
2018-11-01,,,0,,,0,,,0,,,0,,,0,1206.25,1206.25,1,,,0,,,0,,,0,1208.0,1208.0,1,,,0,1206.0,1206.0,1,,,0,,,0,,,0,,,0,,,0,,,0,,,0,1208.0,1208.0,1,,,0,,,0,1206.25,1206.25,baghdad_kifah,,,0
2018-11-04,,,0,,,0,,,0,,,0,,,0,1206.5,1206.5,1,,,0,,,0,,,0,1207.0,1207.0,1,,,0,1206.0,1206.0,1,,,0,,,0,,,0,,,0,,,0,,,0,,,0,,,0,,,0,,,0,1206.5,1206.5,baghdad_kifah,,,0
2018-11-05,,,0,,,0,,,0,,,0,,,0,1205.0,1205.0,1,,,0,,,0,,,0,1206.0,1206.0,1,,,0,1206.0,1206.0,1,,,0,,,0,,,0,,,0,,,0,,,0,,,0,1207.5,1207.5,1,,,0,,,0,1205.0,1205.0,baghdad_kifah,,,0
2018-11-06,1206.5,1206.5,1,,,0,,,0,,,0,,,0,1205.0,1205.0,1,,,0,,,0,,,0,1206.0,1206.0,1,,,0,1205.5,1205.5,1,,,0,,,0,,,0,,,0,,,0,,,0,,,0,,,0,,,0,,,0,1205.0,1205.0,baghdad_kifah,,,0
2018-11-08,,,0,,,0,,,0,,,0,,,0,1203.75,1203.75,1,,,0,,,0,,,0,1205.0,1205.0,1,,,0,1204.75,1204.75,1,,,0,,,0,,,0,,,0,,,0,,,0,,,0,,,0,,,0,,,0,1203.75,1203.75,baghdad_kifah,,,0
2018-11-11,1206.0,1206.0,1,,,0,,,0,,,0,,,0,1204.5,1204.5,1,,,0,,,0,,,0,1205.5,1205.5,1,,,0,1206.0,1206.0,1,,,0,,,0,,,0,,,0,,,0,,,0,,,0,1206.0,1206.0,1,,,0,,,0,1204.5,1204.5,baghdad_kifah,,,0
2018-11-12,,,0,,,0,,,0,,,0,,,0,1204.5,1204.5,1,,,0,,,0,,,0,1205.5,1205.5,1,,,0,1206.25,1206.25,1,,,0,,,0,,,0,,,0,,,0,,,0,,,0,1206.0,1206.0,1,,,0,,,0,1204.5,1204.5,baghdad_kifah,,,0
2018-11-14,1204.5,1204.5,1,,,0,1203.0,1203.0,1,,,0,,,0,,,0,,,0,,,0,,,0,1205.0,1205.0,1,,,0,1205.5,1205.5,1,,,0,,,0,,,0,,,0,,,0,,,0,,,0,,,0,,,0,,,0,1203.0,1203.0,baghdad_generic,,,0
2018-11-15,,,0,,,0,,,0,,,0,,,0,1202.0,1202.0,1,,,0,,,0,,,0,1204.0,1204.0,1,,,0,1205.5,1205.5,1,,,0,,,0,,,0,,,0,,,0,,,0,,,0,,,0,,,0,,,0,1202.0,1202.0,baghdad_kifah,,,0
2018-11-18,,,0,,,0,,,0,,,0,,,0,1202.25,1202.25,1,,,0,,,0,,,0,1204.5,1204.5,1,,,0,1205.5,1205.5,1,,,0,,,0,,,0,,,0,,,0,,,0,,,0,,,0,,,0,,,0,1202.25,1202.25,baghdad_kifah,,,0
2018-11-19,,,0,,,0,1202.0,1202.0,1,,,0,,,0,,,0,,,0,,,0,,,0,1204.5,1204.5,1,,,0,1205.0,1205.0,1,,,0,,,0,,,0,,,0,1203.0,1203.0,1,,,0,,,0,,,0,,,0,,,0,1202.0,1202.0,baghdad_generic,,,0
2018-11-21,,,0,,,0,,,0,,,0,,,0,1202.25,1202.25,1,,,0,,,0,,,0,1204.0,1204.0,1,,,0,1205.25,1205.25,1,,,0,,,0,,,0,,,0,,,0,,,0,,,0,1204.0,1204.0,1,,,0,,,0,1202.25,1202.25,baghdad_kifah,,,0
2018-11-22,,,0,,,0,,,0,,,0,,,0,1199.5,1199.5,1,,,0,,,0,,,0,1202.0,1202.0,1,,,0,1202.5,1202.5,1,,,0,,,0,,,0,,,0,,,0,,,0,,,0,,,0,,,0,,,0,1199.5,1199.5,baghdad_kifah,,,0
2018-11-25,,,0,,,0,1198.0,1198.0,1,,,0,,,0,,,0,,,0,,,0,,,0,1200.0,1200.0,1,,,0,1201.25,1201.25,1,,,0,,,0,,,0,,,0,,,0,,,0,,,0,,,0,,,0,,,0,1198.0,1198.0,baghdad_generic,,,0
2018-11-26,1200.0,1200.0,1,,,0,,,0,,,0,,,0,1197.0,1197.0,1,,,0,,,0,,,0,1198.5,1198.5,1,,,0,1200.75,1200.75,1,,,0,,,0,,,0,,,0,,,0,,,0,,,0,,,0,,,0,,,0,1197.0,1197.0,baghdad_kifah,,,0
2018-11-27,1197.5,1197.5,1,,,0,,,0,,,0,,,0,1196.0,1196.0,1,,,0,,,0,,,0,,,0,,,0,1198.25,1198.25,1,,,0,,,0,,,0,,,0,,,0,,,0,,,0,,,0,,,0,,,0,1196.0,1196.0,baghdad_kifah,,,0
2018-11-29,,,0,,,0,,,0,,,0,,,0,1195.25,1195.25,1,,,0,,,0,,,0,1197.0,1197.0,1,,,0,1197.75,1197.75,1,,,0,,,0,,,0,,,0,,,0,,,0,,,0,,,0,,,0,,,0,1195.25,1195.25,baghdad_kifah,,,0
2018-12-02,1200.0,1200.0,1,1200.0,1200.0,1,1198.5,1198.5,1,,,0,,,0,,,0,,,0,,,0,,,0,1200.0,1200.0,1,,,0,,,0,,,0,,,0,,,0,,,0,1200.0,1200.0,1,,,0,,,0,,,0,,,0,,,0,1198.5,1198.5,baghdad_generic,,,0
2018-12-03,,,0,,,0,,,0,,,0,,,0,1198.0,1198.0,1,,,0,,,0,,,0,1199.5,1199.5,1,,,0,1199.5,1199.5,1,,,0,,,0,,,0,,,0,,,0,,,0,,,0,,,0,,,0,,,0,1198.0,1198.0,baghdad_kifah,,,0
2018-12-04,,,0,,,0,,,0,,,0,,,0,1197.5,1197.5,1,,,0,,,0,,,0,1199.0,1199.0,1,,,0,1199.5,1199.5,1,,,0,,,0,,,0,,,0,,,0,,,0,,,0,,,0,,,0,,,0,1197.5,1197.5,baghdad_kifah,,,0
2018-12-05,,,0,,,0,,,0,,,0,,,0,1197.5,1197.5,1,,,0,,,0,,,0,1198.5,1198.5,1,,,0,1201.0,1201.0,1,,,0,,,0,,,0,,,0,,,0,,,0,,,0,,,0,,,0,,,0,1197.5,1197.5,baghdad_kifah,,,0
2018-12-10,1202.0,1202.0,1,,,0,1200.0,1200.0,1,,,0,,,0,,,0,,,0,,,0,,,0,1202.0,1202.0,1,,,0,1204.75,1204.75,1,,,0,,,0,,,0,,,0,,,0,,,0,1203.5,1203.5,1,1202.5,1202.5,1,,,0,,,0,1200.0,1200.0,baghdad_generic,,,0
2018-12-11,,,0,,,0,,,0,,,0,,,0,1199.0,1199.0,1,,,0,,,0,,,0,1200.0,1200.0,1,,,0,1201.5,1201.5,1,,,0,,,0,,,0,,,0,1200.0,1200.0,1,,,0,1202.5,1202.5,1,1201.0,1201.0,1,,,0,,,0,1199.0,1199.0,baghdad_kifah,,,0
2018-12-12,,,0,,,0,,,0,,,0,,,0,1198.25,1198.25,1,,,0,,,0,,,0,1200.0,1200.0,1,,,0,1201.75,1201.75,1,,,0,,,0,,,0,,,0,,,0,,,0,,,0,,,0,,,0,,,0,1198.25,1198.25,baghdad_kifah,,,0
2018-12-13,,,0,,,0,,,0,,,0,,,0,1198.25,1198.25,1,,,0,,,0,,,0,1199.5,1199.5,1,,,0,1201.25,1201.25,1,,,0,,,0,,,0,,,0,1200.0,1200.0,1,,,0,,,0,,,0,,,0,,,0,1198.25,1198.25,baghdad_kifah,,,0
2018-12-16,1200.0,1200.0,1,,,0,,,0,,,0,,,0,,,0,,,0,,,0,,,0,1200.0,1200.0,1,,,0,1201.75,1201.75,1,,,0,,,0,,,0,,,0,,,0,,,0,,,0,1200.0,1200.0,1,,,0,,,0,,,,,,0
2018-12-17,1199.5,1199.5,1,,,0,,,0,,,0,,,0,1197.5,1197.5,1,,,0,,,0,,,0,1199.0,1199.0,1,,,0,1201.5,1201.5,1,,,0,,,0,,,0,,,0,1199.0,1199.0,1,,,0,,,0,1199.5,1199.5,1,,,0,,,0,1197.5,1197.5,baghdad_kifah,,,0
2018-12-19,,,0,,,0,,,0,,,0,,,0,1196.0,1196.0,2,,,0,,,0,,,0,1197.5,1197.0,2,,,0,1199.5,1198.0,2,,,0,,,0,1198.0,1198.0,1,,,0,,,0,,,0,,,0,,,0,,,0,,,0,1196.0,1196.0,baghdad_kifah,,,0
2018-12-20,,,0,,,0,,,0,,,0,,,0,1196.5,1196.5,1,,,0,,,0,,,0,1197.5,1197.5,1,,,0,1198.75,1198.75,1,,,0,,,0,,,0,,,0,,,0,,,0,,,0,,,0,,,0,,,0,1196.5,1196.5,baghdad_kifah,,,0
2018-12-23,1197.5,1197.5,1,,,0,,,0,,,0,,,0,1196.0,1196.0,1,,,0,,,0,,,0,1197.5,1197.5,1,,,0,1199.5,1199.5,1,,,0,,,0,,,0,,,0,,,0,,,0,,,0,,,0,,,0,,,0,1196.0,1196.0,baghdad_kifah,,,0
2018-12-24,,,0,,,0,,,0,,,0,,,0,1197.25,1197.25,1,,,0,,,0,,,0,1198.5,1198.5,1,,,0,1201.75,1201.75,1,,,0,,,0,,,0,,,0,,,0,,,0,,,0,,,0,,,0,,,0,1197.25,1197.25,baghdad_kifah,,,0
2018-12-25,,,0,,,0,,,0,,,0,,,0,1197.25,1197.25,1,,,0,,,0,,,0,1198.5,1198.5,1,,,0,1200.5,1200.5,1,,,0,,,0,,,0,,,0,,,0,,,0,,,0,,,0,,,0,,,0,1197.25,1197.25,baghdad_kifah,,,0
2018-12-26,1198.0,1198.0,1,,,0,,,0,,,0,,,0,1196.75,1196.75,1,,,0,,,0,,,0,1197.5,1197.5,1,,,0,1198.0,1198.0,1,,,0,,,0,,,0,,,0,,,0,,,0,,,0,,,0,,,0,,,0,1196.75,1196.75,baghdad_kifah,,,0
2018-12-27,,,0,,,0,1197.5,1197.5,1,,,0,,,0,,,0,,,0,,,0,,,0,1198.0,1198.0,1,,,0,1199.0,1199.0,1,,,0,,,0,,,0,,,0,,,0,,,0,,,0,,,0,,,0,,,0,1197.5,1197.5,baghdad_generic,,,0
2018-12-30,1200.0,1200.0,1,,,0,,,0,,,0,,,0,1199.5,1199.5,1,,,0,,,0,,,0,1200.0,1200.0,1,,,0,1201.75,1201.75,1,,,0,,,0,,,0,,,0,1200.0,1200.0,1,,,0,1202.0,1202.0,1,1201.0,1201.0,1,,,0,,,0,1199.5,1199.5,baghdad_kifah,,,0
2018-12-31,1201.5,1201.5,1,,,0,,,0,,,0,,,0,1200.5,1200.5,1,,,0,,,0,,,0,1201.0,1201.0,1,,,0,1202.5,1202.5,1,,,0,,,0,,,0,,,0,,,0,,,0,,,0,1202.5,1202.5,1,,,0,,,0,1200.5,1200.5,baghdad_kifah,,,0
2019-01-01,,,0,,,0,1200.0,1200.0,1,,,0,,,0,,,0,,,0,,,0,,,0,1200.5,1200.5,1,,,0,,,0,,,0,,,0,,,0,,,0,,,0,,,0,,,0,,,0,,,0,,,0,1200.0,1200.0,baghdad_generic,,,0
2019-01-02,1201.0,1201.0,1,1201.0,1201.0,1,,,0,,,0,,,0,1199.5,1199.5,1,,,0,,,0,,,0,1200.5,1200.5,1,,,0,1200.75,1200.75,1,,,0,,,0,,,0,,,0,,,0,,,0,,,0,,,0,,,0,,,0,1199.5,1199.5,baghdad_kifah,,,0
2019-01-03,1201.0,1201.0,1,1201.0,1201.0,1,,,0,,,0,,,0,1199.5,1199.5,1,,,0,,,0,,,0,1200.5,1200.5,1,,,0,1200.75,1200.75,1,,,0,,,0,,,0,,,0,,,0,,,0,,,0,,,0,,,0,,,0,1199.5,1199.5,baghdad_kifah,,,0
2019-01-06,,,0,,,0,1199.0,1199.0,1,,,0,,,0,,,0,,,0,,,0,,,0,1200.0,1200.0,1,,,0,1200.75,1200.75,1,,,0,,,0,,,0,,,0,,,0,,,0,,,0,,,0,,,0,,,0,1199.0,1199.0,baghdad_generic,,,0
2019-01-07,1201.0,1201.0,1,,,0,,,0,,,0,,,0,1200.0,1200.0,1,,,0,,,0,,,0,1201.0,1201.0,1,,,0,1200.75,1200.75,1,,,0,,,0,,,0,,,0,,,0,,,0,,,0,,,0,,,0,,,0,1200.0,1200.0,baghdad_kifah,,,0
2019-01-08,1200.5,1200.5,1,,,0,,,0,,,0,,,0,1199.0,1199.0,1,,,0,,,0,,,0,1200.0,1200.0,1,,,0,1201.0,1201.0,1,,,0,,,0,,,0,1201.0,1201.0,1,,,0,1202.5,1202.5,1,1201.5,1201.5,1,1201.0,1201.0,1,,,0,,,0,1199.0,1199.0,baghdad_kifah,,,0
2019-01-09,1200.5,1200.5,1,,,0,,,0,,,0,,,0,1198.5,1198.5,1,,,0,,,0,,,0,1200.0,1200.0,1,,,0,1200.5,1200.5,1,,,0,,,0,,,0,,,0,,,0,1201.5,1201.5,1,,,0,1201.0,1201.0,1,,,0,,,0,1198.5,1198.5,baghdad_kifah,,,0
2019-01-10,1201.0,1201.0,1,,,0,,,0,,,0,,,0,1199.0,1199.0,1,,,0,,,0,,,0,1200.0,1200.0,1,,,0,1199.5,1199.5,1,,,0,,,0,,,0,,,0,,,0,,,0,,,0,,,0,,,0,,,0,1199.0,1199.0,baghdad_kifah,,,0
2019-01-13,1200.5,1200.5,1,,,0,,,0,,,0,,,0,1198.0,1198.0,1,,,0,,,0,,,0,1200.0,1200.0,1,,,0,1199.75,1199.75,1,,,0,,,0,,,0,,,0,,,0,1201.0,1201.0,1,,,0,1200.5,1200.5,1,,,0,,,0,1198.0,1198.0,baghdad_kifah,,,0
2019-01-14,1199.0,1199.0,1,,,0,,,0,,,0,,,0,1197.5,1197.5,1,,,0,,,0,,,0,1199.5,1199.5,1,,,0,1199.5,1199.5,1,,,0,,,0,,,0,,,0,,,0,,,0,,,0,,,0,,,0,,,0,1197.5,1197.5,baghdad_kifah,,,0
2019-01-15,1198.5,1198.5,1,,,0,,,0,,,0,,,0,1197.0,1197.0,1,,,0,,,0,,,0,1198.0,1198.0,1,,,0,1199.5,1199.5,1,,,0,,,0,,,0,,,0,,,0,1201.0,1201.0,1,,,0,1198.5,1198.5,1,,,0,,,0,1197.0,1197.0,baghdad_kifah,,,0
2019-01-16,1198.0,1198.0,1,1197.5,1197.5,1,,,0,,,0,,,0,1196.5,1196.5,1,,,0,,,0,,,0,1197.5,1197.5,1,,,0,1199.0,1199.0,1,,,0,,,0,,,0,,,0,,,0,1200.0,1200.0,1,1198.5,1198.5,1,,,0,,,0,,,0,1196.5,1196.5,baghdad_kifah,,,0
2019-01-17,,,0,,,0,,,0,,,0,,,0,1197.25,1197.25,1,,,0,,,0,,,0,1198.5,1198.5,1,,,0,1200.0,1200.0,1,,,0,,,0,,,0,,,0,,,0,,,0,,,0,1199.0,1199.0,1,,,0,,,0,1197.25,1197.25,baghdad_kifah,,,0
2019-01-20,,,0,,,0,,,0,,,0,,,0,1197.0,1197.0,1,,,0,,,0,,,0,1198.5,1198.5,1,,,0,1199.75,1199.75,1,,,0,,,0,,,0,,,0,,,0,,,0,,,0,,,0,,,0,,,0,1197.0,1197.0,baghdad_kifah,,,0
2019-01-21,,,0,,,0,1196.0,1196.0,1,,,0,,,0,,,0,,,0,,,0,,,0,1197.5,1197.5,1,,,0,1198.25,1198.25,1,,,0,,,0,,,0,,,0,,,0,,,0,,,0,,,0,,,0,,,0,1196.0,1196.0,baghdad_generic,,,0
2019-01-22,1197.5,1197.5,1,,,0,,,0,,,0,,,0,1196.25,1196.25,1,,,0,,,0,,,0,1197.5,1197.5,1,,,0,1198.5,1198.5,1,,,0,,,0,,,0,,,0,1197.5,1197.5,1,1199.0,1199.0,1,,,0,,,0,,,0,,,0,1196.25,1196.25,baghdad_kifah,,,0
2019-01-23,1197.0,1197.0,1,,,0,,,0,,,0,,,0,1195.75,1195.75,1,,,0,,,0,,,0,1197.5,1197.5,1,,,0,1198.0,1198.0,1,,,0,,,0,,,0,,,0,,,0,1198.0,1198.0,1,,,0,,,0,,,0,,,0,1195.75,1195.75,baghdad_kifah,,,0
2019-01-24,1197.0,1197.0,1,,,0,,,0,,,0,,,0,1195.75,1195.75,1,,,0,,,0,,,0,1196.5,1196.5,1,,,0,1197.25,1197.25,1,,,0,,,0,,,0,,,0,,,0,,,0,,,0,,,0,,,0,,,0,1195.75,1195.75,baghdad_kifah,,,0
2019-01-27,1197.0,1197.0,1,,,0,1190.0,1190.0,1,,,0,,,0,1195.25,1195.25,1,,,0,,,0,,,0,1196.5,1196.5,1,,,0,1196.75,1196.75,1,,,0,,,0,,,0,,,0,,,0,1198.0,1198.0,1,,,0,,,0,,,0,,,0,1195.25,1195.25,baghdad_kifah,,,0
2019-01-28,1197.0,1197.0,1,,,0,,,0,,,0,,,0,1195.75,1195.75,1,,,0,,,0,,,0,1196.5,1196.5,1,,,0,1197.25,1197.25,1,,,0,,,0,,,0,,,0,,,0,,,0,,,0,1197.5,1197.5,1,,,0,,,0,1195.75,1195.75,baghdad_kifah,,,0
2019-01-29,,,0,,,0,1190.0,1190.0,1,,,0,,,0,1195.0,1195.0,1,,,0,,,0,,,0,1196.0,1196.0,1,,,0,1195.75,1195.75,1,,,0,,,0,,,0,,,0,,,0,1198.0,1198.0,1,,,0,,,0,,,0,,,0,1195.0,1195.0,baghdad_kifah,,,0
2019-01-30,,,0,,,0,,,0,,,0,,,0,1195.25,1195.25,1,,,0,,,0,,,0,1196.0,1196.0,1,,,0,1195.75,1195.75,1,,,0,,,0,,,0,,,0,,,0,,,0,,,0,,,0,,,0,,,0,1195.25,1195.25,baghdad_kifah,,,0
2019-01-31,1197.5,1197.5,1,,,0,,,0,,,0,,,0,1196.0,1196.0,1,,,0,,,0,,,0,1197.0,1197.0,1,,,0,1196.0,1196.0,1,,,0,,,0,,,0,,,0,,,0,,,0,,,0,,,0,,,0,,,0,1196.0,1196.0,baghdad_kifah,,,0
2019-02-03,1197.5,1197.5,1,,,0,,,0,,,0,,,0,1197.0,1197.0,1,,,0,,,0,,,0,1197.0,1197.0,1,,,0,1197.25,1197.25,1,,,0,,,0,,,0,,,0,,,0,,,0,1199.0,1199.0,1,,,0,,,0,,,0,1197.0,1197.0,baghdad_kifah,,,0
2019-02-04,1198.5,1198.5,1,,,0,1190.0,1190.0,1,,,0,,,0,,,0,,,0,,,0,,,0,1198.0,1198.0,1,,,0,1197.5,1197.5,1,,,0,,,0,,,0,,,0,,,0,1199.0,1199.0,1,1200.0,1200.0,1,1199.0,1199.0,1,,,0,,,0,1190.0,1190.0,baghdad_generic,,,0
2019-02-05,1198.5,1198.5,1,,,0,,,0,,,0,,,0,1197.0,1197.0,1,,,0,,,0,,,0,1197.5,1197.5,1,,,0,1197.5,1197.5,1,,,0,,,0,,,0,,,0,,,0,1198.5,1198.5,1,,,0,,,0,,,0,,,0,1197.0,1197.0,baghdad_kifah,,,0
2019-02-06,1199.0,1199.0,1,1199.0,1199.0,1,,,0,,,0,,,0,1198.0,1198.0,1,,,0,,,0,,,0,1198.5,1198.5,1,,,0,1197.75,1197.75,1,,,0,,,0,,,0,,,0,,,0,1200.0,1200.0,1,1201.0,1201.0,1,,,0,,,0,,,0,1198.0,1198.0,baghdad_kifah,,,0
2019-02-10,,,0,,,0,,,0,,,0,,,0,1200.5,1200.5,1,,,0,,,0,,,0,1201.0,1201.0,1,,,0,1200.25,1200.25,1,,,0,,,0,,,0,,,0,,,0,,,0,,,0,,,0,,,0,,,0,1200.5,1200.5,baghdad_kifah,,,0
2019-02-11,1201.5,1201.5,1,,,0,,,0,,,0,,,0,1199.5,1199.5,1,,,0,,,0,,,0,1200.5,1200.5,1,,,0,1200.0,1200.0,1,,,0,,,0,,,0,,,0,,,0,,,0,,,0,,,0,,,0,,,0,1199.5,1199.5,baghdad_kifah,,,0
2019-02-12,,,0,,,0,,,0,,,0,,,0,1198.5,1198.5,1,,,0,,,0,,,0,1199.5,1199.5,1,,,0,1199.0,1199.0,1,,,0,,,0,,,0,,,0,,,0,,,0,,,0,,,0,,,0,,,0,1198.5,1198.5,baghdad_kifah,,,0
2019-02-14,,,0,,,0,,,0,,,0,,,0,1198.0,1198.0,1,,,0,,,0,,,0,1198.5,1198.5,1,,,0,1199.0,1199.0,1,,,0,,,0,,,0,,,0,,,0,,,0,,,0,,,0,,,0,,,0,1198.0,1198.0,baghdad_kifah,,,0
2019-02-17,1199.0,1199.0,1,,,0,,,0,,,0,,,0,1198.0,1198.0,1,,,0,,,0,,,0,1199.0,1199.0,1,,,0,1199.0,1199.0,1,,,0,,,0,,,0,,,0,,,0,1200.0,1200.0,1,,,0,1200.0,1200.0,1,,,0,,,0,1198.0,1198.0,baghdad_kifah,,,0
2019-02-18,,,0,,,0,,,0,,,0,,,0,,,0,,,0,,,0,,,0,1199.0,1199.0,1,,,0,,,0,,,0,,,0,,,0,,,0,,,0,,,0,,,0,1200.0,1200.0,1,,,0,,,0,,,,,,0
2019-02-19,1199.0,1199.0,1,1202.5,1202.5,1,,,0,,,0,,,0,,,0,,,0,,,0,,,0,1199.0,1199.0,1,,,0,1199.0,1199.0,1,,,0,,,0,,,0,,,0,1199.0,1199.0,1,1200.0,1200.0,1,,,0,1199.5,1199.5,1,,,0,,,0,,,,,,0
2019-02-20,1199.0,1199.0,1,1199.0,1199.0,1,,,0,,,0,,,0,,,0,,,0,,,0,,,0,1199.0,1199.0,1,,,0,1199.0,1199.0,1,,,0,,,0,,,0,,,0,1199.0,1199.0,1,1200.0,1200.0,1,,,0,1200.0,1200.0,1,,,0,,,0,,,,,,0
2019-02-21,,,0,,,0,,,0,,,0,,,0,1199.0,1199.0,1,,,0,,,0,,,0,,,0,,,0,1200.0,1200.0,1,,,0,,,0,,,0,,,0,,,0,,,0,,,0,,,0,,,0,,,0,1199.0,1199.0,baghdad_kifah,,,0
2019-02-24,1200.0,1200.0,1,1199.5,1199.5,1,,,0,,,0,,,0,1199.25,1199.25,1,,,0,,,0,,,0,1201.0,1201.0,1,,,0,1201.5,1201.5,1,,,0,,,0,,,0,,,0,1200.0,1200.0,1,1202.5,1202.5,1,,,0,,,0,,,0,,,0,1199.25,1199.25,baghdad_kifah,,,0
2019-02-25,1200.0,1200.0,1,,,0,,,0,,,0,,,0,1199.0,1199.0,1,,,0,,,0,,,0,1200.5,1200.5,1,,,0,1201.0,1201.0,1,,,0,,,0,,,0,,,0,,,0,1202.5,1202.5,1,,,0,,,0,,,0,,,0,1199.0,1199.0,baghdad_kifah,,,0
2019-02-26,1199.5,1199.5,1,1198.25,1198.25,1,,,0,,,0,,,0,1198.0,1198.0,1,,,0,,,0,,,0,1199.0,1199.0,1,,,0,1199.5,1199.5,1,,,0,,,0,,,0,,,0,,,0,,,0,,,0,,,0,,,0,,,0,1198.0,1198.0,baghdad_kifah,,,0
2019-02-27,1199.0,1199.0,1,,,0,,,0,,,0,,,0,1197.5,1197.5,1,,,0,,,0,,,0,1199.0,1199.0,1,,,0,1199.5,1199.5,1,,,0,,,0,,,0,,,0,,,0,,,0,,,0,,,0,,,0,,,0,1197.5,1197.5,baghdad_kifah,,,0
2019-02-28,1198.5,1198.5,1,,,0,,,0,,,0,,,0,1197.0,1197.0,1,,,0,,,0,,,0,1199.0,1199.0,1,,,0,1198.75,1198.75,1,,,0,,,0,,,0,,,0,,,0,,,0,,,0,,,0,,,0,,,0,1197.0,1197.0,baghdad_kifah,,,0
2019-03-03,1198.5,1198.5,1,,,0,,,0,,,0,,,0,1197.0,1197.0,1,,,0,,,0,,,0,1199.0,1199.0,1,,,0,1198.75,1198.75,1,,,0,,,0,,,0,,,0,,,0,,,0,,,0,,,0,,,0,,,0,1197.0,1197.0,baghdad_kifah,,,0
2019-03-05,1200.5,1200.5,1,,,0,,,0,,,0,,,0,1199.0,1199.0,1,,,0,,,0,,,0,1200.0,1200.0,1,,,0,1200.5,1200.5,1,,,0,,,0,,,0,,,0,,,0,,,0,,,0,,,0,,,0,,,0,1199.0,1199.0,baghdad_kifah,,,0
2019-03-06,1201.0,1201.0,1,,,0,,,0,,,0,,,0,1200.0,1200.0,1,,,0,,,0,,,0,1201.0,1201.0,1,,,0,1200.25,1200.25,1,,,0,,,0,,,0,,,0,,,0,1202.5,1202.5,1,,,0,,,0,,,0,,,0,1200.0,1200.0,baghdad_kifah,,,0
2019-03-07,1202.0,1202.0,1,,,0,,,0,,,0,,,0,1200.5,1200.5,1,,,0,,,0,,,0,1202.0,1202.0,1,,,0,1200.25,1200.25,1,,,0,,,0,,,0,,,0,,,0,1202.5,1202.5,1,,,0,1202.0,1202.0,1,,,0,,,0,1200.5,1200.5,baghdad_kifah,,,0
2019-03-10,1202.0,1202.0,1,,,0,1200.0,1200.0,1,,,0,,,0,,,0,,,0,,,0,,,0,1201.0,1201.0,1,,,0,1200.0,1200.0,1,,,0,,,0,,,0,,,0,,,0,1202.5,1202.5,1,,,0,,,0,,,0,,,0,1200.0,1200.0,baghdad_generic,,,0
2019-03-11,1201.5,1201.5,1,,,0,1200.0,1200.0,1,,,0,,,0,,,0,,,0,,,0,,,0,1201.5,1201.5,1,,,0,1201.0,1201.0,1,,,0,,,0,,,0,,,0,,,0,1202.5,1202.5,1,,,0,,,0,,,0,,,0,1200.0,1200.0,baghdad_generic,,,0
2019-03-12,,,0,,,0,,,0,,,0,,,0,1198.5,1198.5,1,,,0,,,0,,,0,1199.0,1199.0,1,,,0,1199.25,1199.25,1,,,0,,,0,,,0,,,0,,,0,1202.0,1202.0,1,,,0,,,0,,,0,,,0,1198.5,1198.5,baghdad_kifah,,,0
2019-03-13,,,0,,,0,1200.0,1200.0,1,,,0,,,0,,,0,,,0,,,0,,,0,1200.5,1200.5,1,,,0,1200.5,1200.5,1,,,0,,,0,,,0,,,0,,,0,,,0,,,0,,,0,,,0,,,0,1200.0,1200.0,baghdad_generic,,,0
2019-03-14,,,0,,,0,1200.0,1200.0,1,,,0,,,0,,,0,,,0,,,0,,,0,1200.5,1200.5,1,,,0,1200.5,1200.5,1,,,0,,,0,,,0,,,0,,,0,,,0,,,0,,,0,,,0,,,0,1200.0,1200.0,baghdad_generic,,,0
2019-03-17,1201.0,1201.0,1,1199.5,1199.5,1,,,0,,,0,,,0,1198.5,1198.5,1,,,0,,,0,,,0,1200.0,1200.0,1,,,0,1201.5,1201.5,1,,,0,,,0,,,0,,,0,,,0,1202.0,1202.0,1,,,0,,,0,,,0,,,0,1198.5,1198.5,baghdad_kifah,,,0
2019-03-18,,,0,,,0,1200.0,1200.0,1,,,0,,,0,,,0,,,0,,,0,,,0,,,0,,,0,1204.75,1204.75,1,,,0,,,0,,,0,,,0,,,0,,,0,,,0,,,0,,,0,,,0,1200.0,1200.0,baghdad_generic,,,0
2019-03-19,1202.0,1202.0,1,,,0,1200.0,1200.0,1,,,0,,,0,,,0,,,0,,,0,,,0,1201.0,1201.0,1,,,0,1205.0,1205.0,1,,,0,,,0,,,0,1202.0,1202.0,1,,,0,1201.0,1201.0,1,,,0,,,0,,,0,,,0,1200.0,1200.0,baghdad_generic,,,0
2019-03-20,1200.5,1200.5,1,,,0,,,0,,,0,,,0,1199.75,1199.75,1,,,0,,,0,,,0,1201.0,1201.0,1,,,0,1201.75,1201.75,1,,,0,,,0,,,0,1201.0,1201.0,1,,,0,1201.0,1201.0,1,,,0,1201.0,1201.0,1,,,0,,,0,1199.75,1199.75,baghdad_kifah,,,0
2019-03-21,1200.5,1200.5,1,,,0,,,0,,,0,,,0,1199.75,1199.75,1,,,0,,,0,,,0,1201.0,1201.0,1,,,0,1201.75,1201.75,1,,,0,,,0,,,0,1201.0,1201.0,1,,,0,1201.0,1201.0,1,,,0,1201.0,1201.0,1,,,0,,,0,1199.75,1199.75,baghdad_kifah,,,0
2019-03-24,,,0,,,0,1199.5,1199.5,1,,,0,,,0,,,0,,,0,,,0,,,0,1200.0,1200.0,1,,,0,,,0,,,0,,,0,,,0,,,0,,,0,,,0,,,0,,,0,,,0,,,0,1199.5,1199.5,baghdad_generic,,,0
2019-03-25,1201.0,1201.0,1,,,0,,,0,,,0,,,0,1199.75,1199.75,1,,,0,,,0,,,0,1200.0,1200.0,1,,,0,1201.25,1201.25,1,,,0,,,0,,,0,,,0,,,0,,,0,,,0,,,0,,,0,,,0,1199.75,1199.75,baghdad_kifah,,,0
2019-03-26,1202.5,1202.5,1,,,0,,,0,,,0,,,0,1199.0,1199.0,1,,,0,,,0,,,0,1202.5,1202.5,1,,,0,1199.5,1199.5,1,,,0,,,0,,,0,,,0,,,0,,,0,,,0,,,0,,,0,,,0,1199.0,1199.0,baghdad_kifah,,,0
2019-03-27,1199.5,1199.5,1,1199.25,1199.25,1,1198.0,1198.0,1,,,0,,,0,,,0,,,0,,,0,,,0,1199.0,1199.0,1,,,0,1201.25,1201.25,1,,,0,,,0,,,0,,,0,1200.0,1200.0,1,1201.0,1201.0,1,,,0,,,0,,,0,,,0,1198.0,1198.0,baghdad_generic,,,0
2019-03-28,1201.0,1201.0,1,1200.0,1200.0,1,,,0,,,0,,,0,1199.0,1199.0,1,,,0,,,0,,,0,1200.0,1200.0,1,,,0,1200.25,1200.25,1,,,0,,,0,,,0,,,0,,,0,,,0,,,0,,,0,,,0,,,0,1199.0,1199.0,baghdad_kifah,,,0
2019-03-31,,,0,,,0,1199.0,1199.0,1,,,0,,,0,,,0,,,0,,,0,,,0,1200.0,1200.0,1,,,0,1200.5,1200.5,1,,,0,,,0,,,0,,,0,,,0,1201.0,1201.0,1,,,0,,,0,,,0,,,0,1199.0,1199.0,baghdad_generic,,,0
2019-04-01,,,0,,,0,1195.0,1195.0,1,,,0,,,0,,,0,,,0,,,0,,,0,1199.5,1199.5,1,,,0,1200.0,1200.0,1,,,0,,,0,,,0,,,0,,,0,1202.0,1202.0,1,,,0,,,0,,,0,,,0,1195.0,1195.0,baghdad_generic,,,0
2019-04-02,,,0,,,0,1195.0,1195.0,1,,,0,,,0,,,0,,,0,,,0,,,0,1199.0,1199.0,1,,,0,1200.0,1200.0,1,,,0,,,0,,,0,,,0,,,0,1201.0,1201.0,1,,,0,,,0,,,0,,,0,1195.0,1195.0,baghdad_generic,,,0
2019-04-03,1200.0,1200.0,1,,,0,1199.0,1199.0,1,,,0,,,0,,,0,,,0,,,0,,,0,1199.5,1199.5,1,,,0,1200.0,1200.0,1,,,0,,,0,,,0,,,0,,,0,,,0,,,0,,,0,,,0,,,0,1199.0,1199.0,baghdad_generic,,,0
2019-04-04,1200.5,1200.5,1,,,0,,,0,,,0,,,0,,,0,,,0,,,0,,,0,1199.5,1199.5,1,,,0,1199.75,1199.75,1,,,0,,,0,,,0,,,0,,,0,,,0,,,0,,,0,,,0,,,0,,,,,,0
2019-04-07,1201.5,1201.5,1,,,0,1195.0,1195.0,1,,,0,,,0,,,0,,,0,,,0,,,0,1200.0,1200.0,1,,,0,1200.0,1200.0,1,,,0,,,0,,,0,,,0,,,0,1201.0,1201.0,1,1202.5,1202.5,1,,,0,,,0,,,0,1195.0,1195.0,baghdad_generic,,,0
2019-04-08,1201.5,1201.5,1,,,0,1200.25,1200.25,1,,,0,,,0,,,0,,,0,,,0,,,0,1201.0,1201.0,1,,,0,1201.0,1201.0,1,,,0,,,0,,,0,,,0,,,0,,,0,,,0,,,0,,,0,,,0,1200.25,1200.25,baghdad_generic,,,0
2019-04-09,1201.5,1201.5,1,,,0,1200.0,1200.0,1,,,0,,,0,,,0,,,0,,,0,,,0,1201.0,1201.0,1,,,0,1201.25,1201.25,1,,,0,,,0,,,0,,,0,,,0,1201.0,1201.0,1,,,0,1202.0,1202.0,1,,,0,,,0,1200.0,1200.0,baghdad_generic,,,0
2019-04-11,1202.0,1202.0,1,,,0,1200.5,1200.5,1,,,0,,,0,,,0,,,0,,,0,,,0,1201.5,1201.5,1,,,0,1201.25,1201.25,1,,,0,,,0,,,0,,,0,,,0,1202.5,1202.5,1,,,0,,,0,,,0,,,0,1200.5,1200.5,baghdad_generic,,,0
2019-04-14,1202.0,1202.0,1,,,0,1200.0,1200.0,1,,,0,,,0,,,0,,,0,,,0,,,0,1201.5,1201.5,1,,,0,1201.25,1201.25,1,,,0,,,0,,,0,,,0,,,0,1202.0,1202.0,1,,,0,,,0,,,0,,,0,1200.0,1200.0,baghdad_generic,,,0
2019-04-15,1202.5,1202.5,1,,,0,,,0,,,0,,,0,,,0,,,0,,,0,,,0,1202.0,1202.0,1,,,0,1201.75,1201.75,1,,,0,,,0,,,0,,,0,,,0,1202.0,1202.0,1,,,0,,,0,,,0,,,0,,,,,,0
2019-04-16,1201.5,1201.5,1,,,0,,,0,,,0,,,0,,,0,,,0,,,0,,,0,1201.5,1201.5,1,,,0,1201.75,1201.75,1,,,0,,,0,,,0,,,0,,,0,,,0,,,0,,,0,,,0,,,0,,,,,,0
2019-04-17,1201.5,1201.5,1,,,0,1199.5,1199.5,1,,,0,,,0,,,0,,,0,,,0,,,0,1201.5,1201.5,1,,,0,1203.0,1203.0,1,,,0,,,0,,,0,,,0,,,0,,,0,,,0,,,0,,,0,,,0,1199.5,1199.5,baghdad_generic,,,0
2019-04-18,1201.0,1201.0,1,,,0,,,0,,,0,,,0,,,0,,,0,,,0,,,0,1201.0,1201.0,1,,,0,1202.75,1202.75,1,,,0,,,0,,,0,,,0,1201.0,1201.0,1,1201.0,1201.0,1,1201.5,1201.5,1,,,0,,,0,,,0,,,,,,0
2019-04-21,1201.0,1201.0,1,,,0,,,0,,,0,,,0,,,0,,,0,,,0,,,0,1201.0,1201.0,1,,,0,1202.75,1202.75,1,,,0,,,0,,,0,,,0,,,0,1201.5,1201.5,1,,,0,,,0,,,0,,,0,,,,,,0
2019-04-22,1201.0,1201.0,1,,,0,,,0,,,0,,,0,,,0,,,0,,,0,,,0,1201.0,1201.0,1,,,0,1201.5,1201.5,1,,,0,,,0,,,0,,,0,,,0,1201.5,1201.5,1,,,0,,,0,,,0,,,0,,,,,,0
2019-04-23,1201.0,1201.0,1,,,0,1200.0,1200.0,1,,,0,,,0,,,0,,,0,,,0,,,0,1201.0,1201.0,1,,,0,1201.75,1201.75,1,,,0,,,0,,,0,,,0,1201.0,1201.0,1,,,0,,,0,,,0,,,0,,,0,1200.0,1200.0,baghdad_generic,,,0
2019-04-24,1201.0,1201.0,1,,,0,1199.5,1199.5,1,,,0,,,0,,,0,,,0,,,0,,,0,1201.0,1201.0,1,,,0,1201.5,1201.5,1,,,0,,,0,,,0,,,0,,,0,1201.0,1201.0,1,,,0,,,0,,,0,,,0,1199.5,1199.5,baghdad_generic,,,0
2019-04-25,1200.5,1200.5,1,,,0,1199.25,1199.25,1,,,0,,,0,,,0,,,0,,,0,,,0,1200.5,1200.5,1,,,0,1200.75,1200.75,1,,,0,,,0,,,0,,,0,,,0,1201.5,1201.5,1,,,0,,,0,,,0,,,0,1199.25,1199.25,baghdad_generic,,,0
2019-04-28,1200.5,1200.5,1,,,0,1199.0,1199.0,1,,,0,,,0,,,0,,,0,,,0,,,0,1200.0,1200.0,1,,,0,1200.5,1200.5,1,,,0,,,0,,,0,,,0,1200.0,1200.0,1,1201.5,1201.5,1,,,0,,,0,,,0,,,0,1199.0,1199.0,baghdad_generic,,,0
2019-04-29,1200.5,1200.5,1,1200.0,1200.0,1,1195.0,1195.0,1,,,0,,,0,,,0,,,0,,,0,,,0,1200.0,1200.0,1,,,0,1201.0,1201.0,1,,,0,,,0,,,0,,,0,,,0,1201.5,1201.5,1,,,0,,,0,,,0,,,0,1195.0,1195.0,baghdad_generic,,,0
2019-04-30,,,0,,,0,1198.75,1198.75,1,,,0,,,0,,,0,,,0,,,0,,,0,1200.0,1200.0,1,,,0,1200.75,1200.75,1,,,0,,,0,,,0,,,0,,,0,1201.5,1201.5,1,,,0,,,0,,,0,,,0,1198.75,1198.75,baghdad_generic,,,0
2019-05-01,1200.5,1200.5,1,,,0,1199.25,1199.25,1,,,0,,,0,,,0,,,0,,,0,,,0,1200.0,1200.0,1,,,0,1200.75,1200.75,1,,,0,,,0,,,0,,,0,1200.0,1200.0,1,1201.0,1201.0,1,1201.5,1201.5,1,,,0,,,0,,,0,1199.25,1199.25,baghdad_generic,,,0
2019-05-02,1200.5,1200.5,1,,,0,1199.0,1199.0,1,,,0,,,0,,,0,,,0,,,0,,,0,1200.0,1200.0,1,,,0,1200.5,1200.5,1,,,0,,,0,,,0,,,0,,,0,1201.0,1201.0,1,,,0,,,0,,,0,,,0,1199.0,1199.0,baghdad_generic,,,0
2019-05-05,1202.5,1202.5,1,,,0,1200.5,1200.5,1,,,0,,,0,,,0,,,0,,,0,,,0,1201.0,1201.0,1,,,0,1200.0,1200.0,1,,,0,,,0,,,0,,,0,,,0,1201.5,1201.5,1,,,0,,,0,,,0,,,0,1200.5,1200.5,baghdad_generic,,,0
2019-05-06,1202.5,1202.5,1,,,0,1201.0,1201.0,1,,,0,,,0,,,0,,,0,,,0,,,0,1202.0,1202.0,1,,,0,1200.25,1200.25,1,,,0,,,0,,,0,,,0,1202.5,1202.5,1,1203.0,1203.0,1,,,0,1203.0,1203.0,1,,,0,,,0,1201.0,1201.0,baghdad_generic,,,0
2019-05-07,1201.0,1201.0,1,,,0,,,0,,,0,,,0,1199.25,1199.25,1,,,0,,,0,,,0,1202.5,1202.5,1,,,0,1200.0,1200.0,1,,,0,,,0,,,0,,,0,1202.5,1202.5,1,1202.0,1202.0,1,,,0,,,0,,,0,,,0,1199.25,1199.25,baghdad_kifah,,,0
2019-05-08,1201.0,1201.0,1,,,0,,,0,,,0,,,0,1199.25,1199.25,1,,,0,,,0,,,0,1201.0,1201.0,1,,,0,1197.5,1197.5,1,,,0,,,0,,,0,,,0,1201.0,1201.0,1,1201.0,1201.0,1,,,0,,,0,,,0,,,0,1199.25,1199.25,baghdad_kifah,,,0
2019-05-09,1201.0,1201.0,1,1200.25,1200.25,1,1200.0,1200.0,1,,,0,,,0,,,0,,,0,,,0,,,0,1201.0,1201.0,1,,,0,1199.5,1199.5,1,,,0,,,0,,,0,1201.0,1201.0,1,,,0,1201.0,1201.0,1,1202.0,1202.0,1,1201.0,1201.0,1,,,0,,,0,1200.0,1200.0,baghdad_generic,,,0
2019-05-12,1202.0,1202.0,1,,,0,1200.5,1200.5,1,,,0,,,0,,,0,,,0,,,0,,,0,,,0,,,0,1200.75,1200.75,1,,,0,,,0,,,0,,,0,,,0,,,0,,,0,,,0,,,0,,,0,1200.5,1200.5,baghdad_generic,,,0
2019-05-13,,,0,,,0,1199.75,1199.75,1,,,0,,,0,,,0,,,0,,,0,,,0,1201.5,1201.5,1,,,0,1200.5,1200.5,1,,,0,,,0,,,0,1201.5,1201.5,1,,,0,,,0,,,0,,,0,,,0,,,0,1199.75,1199.75,baghdad_generic,,,0
2019-05-14,1201.5,1201.5,1,,,0,1199.5,1199.5,1,,,0,,,0,,,0,,,0,,,0,,,0,1201.0,1201.0,1,,,0,1200.0,1200.0,1,,,0,,,0,,,0,,,0,,,0,,,0,1201.5,1201.5,1,1201.5,1201.5,1,,,0,,,0,1199.5,1199.5,baghdad_generic,,,0
2019-05-15,,,0,1200.0,1200.0,1,1195.0,1195.0,1,,,0,,,0,1199.5,1199.5,1,,,0,,,0,,,0,1201.0,1201.0,1,,,0,1200.75,1200.75,1,,,0,,,0,,,0,,,0,,,0,1201.5,1201.5,1,,,0,,,0,,,0,,,0,1199.5,1199.5,baghdad_kifah,,,0
2019-05-16,1201.0,1201.0,1,1200.0,1200.0,1,1195.0,1195.0,1,,,0,,,0,1199.5,1199.5,1,,,0,,,0,,,0,1201.0,1201.0,1,,,0,1201.25,1201.25,1,,,0,,,0,,,0,,,0,,,0,1201.0,1201.0,1,,,0,,,0,,,0,,,0,1199.5,1199.5,baghdad_kifah,,,0
2019-05-19,,,0,,,0,1195.0,1195.0,1,,,0,,,0,1199.5,1199.5,1,,,0,,,0,,,0,1201.0,1201.0,1,,,0,1202.25,1202.25,1,,,0,,,0,,,0,,,0,,,0,,,0,,,0,1201.5,1201.5,1,,,0,,,0,1199.5,1199.5,baghdad_kifah,,,0
2019-05-20,1201.0,1201.0,1,,,0,1195.0,1195.0,1,,,0,,,0,1199.5,1199.5,1,,,0,,,0,,,0,1201.0,1201.0,1,,,0,1201.5,1201.5,1,,,0,,,0,,,0,,,0,,,0,,,0,,,0,1201.5,1201.5,1,,,0,,,0,1199.5,1199.5,baghdad_kifah,,,0
2019-05-21,1200.5,1200.5,1,,,0,1198.75,1198.75,1,,,0,,,0,,,0,,,0,,,0,,,0,1200.5,1200.5,1,,,0,1201.0,1201.0,1,,,0,,,0,,,0,,,0,1200.0,1200.0,1,,,0,1201.0,1201.0,1,,,0,,,0,,,0,1198.75,1198.75,baghdad_generic,,,0
2019-05-22,1200.5,1200.5,1,,,0,1195.0,1195.0,1,,,0,,,0,1198.25,1198.25,1,,,0,,,0,,,0,1200.5,1200.5,1,,,0,1200.5,1200.5,1,,,0,,,0,,,0,,,0,,,0,1201.0,1201.0,1,,,0,,,0,,,0,,,0,1198.25,1198.25,baghdad_kifah,,,0
2019-05-23,1200.5,1200.5,1,,,0,1192.5,1192.5,1,,,0,,,0,1197.75,1197.75,1,,,0,,,0,,,0,1200.0,1200.0,1,,,0,1198.5,1198.5,1,,,0,,,0,,,0,1200.0,1200.0,1,,,0,1201.0,1201.0,1,,,0,,,0,,,0,,,0,1197.75,1197.75,baghdad_kifah,,,0
2019-05-26,1200.0,1200.0,1,1199.5,1199.5,1,1192.5,1192.5,1,,,0,,,0,1199.0,1199.0,1,,,0,,,0,,,0,1200.0,1200.0,1,,,0,1199.25,1199.25,1,,,0,,,0,,,0,,,0,,,0,1201.0,1201.0,1,,,0,,,0,,,0,,,0,1199.0,1199.0,baghdad_kifah,,,0
2019-05-28,1200.5,1200.5,1,,,0,1192.5,1192.5,1,,,0,,,0,1198.25,1198.25,1,,,0,,,0,,,0,1200.0,1200.0,1,,,0,1196.75,1196.75,1,,,0,,,0,,,0,,,0,,,0,1201.0,1201.0,1,,,0,1200.0,1200.0,1,,,0,,,0,1198.25,1198.25,baghdad_kifah,,,0
2019-05-29,1200.0,1200.0,1,,,0,1192.5,1192.5,1,,,0,,,0,1197.5,1197.5,1,,,0,,,0,,,0,1200.0,1200.0,1,,,0,1195.25,1195.25,1,,,0,,,0,,,0,,,0,,,0,1201.0,1201.0,1,,,0,1200.0,1200.0,1,,,0,,,0,1197.5,1197.5,baghdad_kifah,,,0
2019-05-30,1200.0,1200.0,1,,,0,1192.5,1192.5,1,,,0,,,0,1198.0,1198.0,1,,,0,,,0,,,0,1200.0,1200.0,1,,,0,1197.5,1197.5,1,,,0,,,0,,,0,,,0,,,0,1201.0,1201.0,1,,,0,1200.0,1200.0,1,,,0,,,0,1198.0,1198.0,baghdad_kifah,,,0
2019-06-02,1200.5,1200.5,1,,,0,1195.0,1195.0,1,,,0,,,0,1199.75,1199.75,1,,,0,,,0,,,0,1200.0,1200.0,1,,,0,1202.0,1202.0,1,,,0,,,0,,,0,,,0,,,0,1201.0,1201.0,1,,,0,,,0,,,0,,,0,1199.75,1199.75,baghdad_kifah,,,0
2019-06-03,1202.0,1202.0,1,,,0,1195.0,1195.0,1,,,0,,,0,1201.5,1201.5,1,,,0,,,0,,,0,1202.0,1202.0,1,,,0,,,0,,,0,,,0,,,0,,,0,,,0,,,0,,,0,1203.0,1203.0,1,,,0,,,0,1201.5,1201.5,baghdad_kifah,,,0
2019-06-09,,,0,,,0,,,0,,,0,,,0,,,0,,,0,,,0,,,0,1202.0,1202.0,1,,,0,1201.5,1201.5,1,,,0,,,0,,,0,,,0,,,0,,,0,,,0,,,0,,,0,,,0,,,,,,0
2019-06-10,1203.0,1203.0,1,,,0,,,0,,,0,,,0,,,0,,,0,,,0,,,0,1202.5,1202.5,1,,,0,1201.5,1201.5,1,,,0,,,0,,,0,1203.0,1203.0,1,1202.5,1202.5,1,,,0,,,0,1202.5,1202.5,1,,,0,,,0,,,,,,0
2019-06-11,1203.5,1203.5,1,,,0,,,0,,,0,,,0,1202.0,1202.0,1,,,0,,,0,,,0,1203.0,1203.0,1,,,0,1202.5,1202.5,1,,,0,,,0,,,0,1203.5,1203.5,1,1202.5,1202.5,1,1202.5,1202.5,1,,,0,1203.5,1203.5,1,,,0,,,0,1202.0,1202.0,baghdad_kifah,,,0
2019-06-12,1203.0,1203.0,1,,,0,,,0,,,0,,,0,1201.5,1201.5,1,,,0,,,0,,,0,1202.5,1202.5,1,,,0,1201.5,1201.5,1,,,0,,,0,,,0,,,0,,,0,,,0,,,0,,,0,,,0,,,0,1201.5,1201.5,baghdad_kifah,,,0
2019-06-13,1202.0,1202.0,1,,,0,,,0,,,0,,,0,1201.0,1201.0,1,,,0,,,0,,,0,1201.5,1201.5,1,,,0,1202.0,1202.0,1,,,0,,,0,,,0,1202.5,1202.5,1,,,0,1202.5,1202.5,1,,,0,1202.5,1202.5,1,,,0,,,0,1201.0,1201.0,baghdad_kifah,,,0
2019-06-16,1202.5,1202.5,1,,,0,1201.5,1201.5,1,,,0,,,0,,,0,,,0,,,0,,,0,1203.0,1203.0,1,,,0,1203.0,1203.0,1,,,0,,,0,,,0,,,0,,,0,1202.0,1202.0,1,,,0,1202.5,1202.5,1,,,0,,,0,1201.5,1201.5,baghdad_generic,,,0
2019-06-17,,,0,,,0,1200.5,1200.5,1,,,0,,,0,,,0,,,0,,,0,,,0,1202.0,1202.0,1,,,0,1201.0,1201.0,1,,,0,,,0,,,0,,,0,,,0,1202.5,1202.5,1,,,0,,,0,,,0,,,0,1200.5,1200.5,baghdad_generic,,,0
2019-06-18,,,0,,,0,1201.0,1201.0,1,,,0,,,0,,,0,,,0,,,0,,,0,1201.5,1201.5,1,,,0,1201.5,1201.5,1,,,0,,,0,,,0,,,0,,,0,,,0,,,0,,,0,,,0,,,0,1201.0,1201.0,baghdad_generic,,,0
2019-06-19,1202.5,1202.5,1,,,0,1201.5,1201.5,1,,,0,,,0,,,0,,,0,,,0,,,0,1202.5,1202.5,1,,,0,1202.25,1202.25,1,,,0,,,0,,,0,,,0,,,0,1202.0,1202.0,1,,,0,,,0,,,0,,,0,1201.5,1201.5,baghdad_generic,,,0
2019-06-23,1202.5,1202.5,1,,,0,1201.5,1201.5,1,,,0,,,0,,,0,,,0,,,0,,,0,1202.0,1202.0,1,,,0,1202.5,1202.5,1,,,0,,,0,,,0,,,0,,,0,1202.5,1202.5,1,,,0,1202.5,1202.5,1,,,0,,,0,1201.5,1201.5,baghdad_generic,,,0
2019-06-24,1202.5,1202.5,1,,,0,1201.0,1201.0,1,,,0,,,0,,,0,,,0,,,0,,,0,1202.0,1202.0,1,,,0,1201.25,1201.25,1,,,0,,,0,,,0,,,0,,,0,1202.5,1202.5,1,,,0,1202.5,1202.5,1,,,0,,,0,1201.0,1201.0,baghdad_generic,,,0
2019-06-25,1202.0,1202.0,1,,,0,1200.5,1200.5,1,,,0,,,0,,,0,,,0,,,0,,,0,1201.5,1201.5,1,,,0,1200.75,1200.75,1,,,0,,,0,,,0,,,0,,,0,1202.5,1202.5,1,,,0,1202.5,1202.5,1,,,0,,,0,1200.5,1200.5,baghdad_generic,,,0
2019-06-26,1202.0,1202.0,1,,,0,1200.75,1200.75,1,,,0,,,0,,,0,,,0,,,0,,,0,1201.5,1201.5,1,,,0,1201.75,1201.75,1,,,0,,,0,,,0,,,0,,,0,1202.5,1202.5,1,,,0,,,0,,,0,,,0,1200.75,1200.75,baghdad_generic,,,0
2019-06-27,1202.0,1202.0,1,,,0,1201.0,1201.0,1,,,0,,,0,,,0,,,0,,,0,,,0,1202.0,1202.0,1,,,0,1202.25,1202.25,1,,,0,,,0,,,0,,,0,1202.5,1202.5,1,,,0,,,0,,,0,1203.5,1203.5,1,,,0,1201.0,1201.0,baghdad_generic,,,0
2019-06-30,1202.0,1202.0,1,,,0,1201.5,1201.5,1,,,0,,,0,,,0,,,0,,,0,,,0,1202.0,1202.0,1,,,0,1202.25,1202.25,1,,,0,,,0,,,0,,,0,1202.0,1202.0,1,,,0,,,0,1202.5,1202.5,1,,,0,,,0,1201.5,1201.5,baghdad_generic,,,0
2019-07-01,1202.5,1202.5,1,,,0,1201.5,1201.5,1,,,0,,,0,,,0,,,0,,,0,,,0,1202.5,1202.5,1,,,0,1202.5,1202.5,1,,,0,,,0,,,0,,,0,,,0,,,0,,,0,,,0,,,0,,,0,1201.5,1201.5,baghdad_generic,,,0
2019-07-02,1202.5,1202.5,1,,,0,1195.0,1195.0,1,,,0,,,0,1201.25,1201.25,1,,,0,,,0,,,0,1202.0,1202.0,1,,,0,1202.5,1202.5,1,,,0,,,0,,,0,,,0,,,0,1201.5,1201.5,1,,,0,,,0,,,0,,,0,1201.25,1201.25,baghdad_kifah,,,0
2019-07-03,1202.5,1202.5,1,,,0,1195.0,1195.0,1,,,0,,,0,1201.75,1201.75,1,,,0,,,0,,,0,1202.5,1202.5,1,,,0,1203.0,1203.0,1,,,0,,,0,,,0,,,0,,,0,,,0,,,0,,,0,,,0,,,0,1201.75,1201.75,baghdad_kifah,,,0
2019-07-04,1203.0,1203.0,1,,,0,1195.0,1195.0,1,,,0,,,0,1202.0,1202.0,1,,,0,,,0,,,0,1202.5,1202.5,1,,,0,1203.25,1203.25,1,,,0,,,0,,,0,,,0,,,0,,,0,,,0,,,0,,,0,,,0,1202.0,1202.0,baghdad_kifah,,,0
2019-07-07,1204.5,1204.5,1,,,0,1200.0,1200.0,1,,,0,,,0,1204.0,1204.0,1,,,0,,,0,,,0,1204.0,1204.0,1,,,0,1204.75,1204.75,1,,,0,,,0,,,0,1205.0,1205.0,1,,,0,,,0,,,0,1206.0,1206.0,1,,,0,,,0,1204.0,1204.0,baghdad_kifah,,,0
2019-07-08,,,0,,,0,,,0,,,0,,,0,1203.25,1203.25,1,,,0,,,0,,,0,1203.5,1203.5,1,,,0,1204.25,1204.25,1,,,0,,,0,,,0,,,0,,,0,,,0,,,0,,,0,,,0,,,0,1203.25,1203.25,baghdad_kifah,,,0
2019-07-09,1204.5,1204.5,1,,,0,,,0,,,0,,,0,1204.0,1204.0,1,,,0,,,0,,,0,1204.0,1204.0,1,,,0,1204.5,1204.5,1,,,0,,,0,,,0,1205.5,1205.5,1,,,0,1205.0,1205.0,1,1206.0,1206.0,1,1205.5,1205.5,1,,,0,,,0,1204.0,1204.0,baghdad_kifah,,,0
2019-07-10,,,0,,,0,1203.5,1203.5,1,,,0,,,0,,,0,,,0,,,0,,,0,1204.5,1204.5,1,,,0,1205.0,1205.0,1,,,0,,,0,,,0,,,0,,,0,,,0,,,0,,,0,,,0,,,0,1203.5,1203.5,baghdad_generic,,,0
2019-07-11,1205.0,1205.0,1,,,0,,,0,,,0,,,0,1203.75,1203.75,1,,,0,,,0,,,0,1204.5,1204.5,1,,,0,1205.0,1205.0,1,,,0,,,0,,,0,1205.0,1205.0,1,,,0,1205.0,1205.0,1,1206.0,1206.0,1,,,0,,,0,,,0,1203.75,1203.75,baghdad_kifah,,,0
2019-07-14,1206.0,1206.0,1,,,0,1200.0,1200.0,1,,,0,,,0,1204.25,1204.25,1,,,0,,,0,,,0,1205.0,1205.0,1,,,0,1205.5,1205.5,1,,,0,,,0,,,0,,,0,,,0,1205.0,1205.0,1,,,0,1206.0,1206.0,1,,,0,,,0,1204.25,1204.25,baghdad_kifah,,,0
2019-07-15,1205.5,1205.5,1,,,0,1200.0,1200.0,1,,,0,,,0,1203.5,1203.5,1,,,0,,,0,,,0,1204.0,1204.0,1,,,0,1204.75,1204.75,1,,,0,,,0,,,0,,,0,,,0,1205.0,1205.0,1,,,0,,,0,,,0,,,0,1203.5,1203.5,baghdad_kifah,,,0
2019-07-16,1204.5,1204.5,1,,,0,1197.5,1197.5,1,,,0,,,0,1202.5,1202.5,1,,,0,,,0,,,0,1204.0,1204.0,1,,,0,1204.5,1204.5,1,,,0,,,0,,,0,,,0,,,0,1205.0,1205.0,1,,,0,,,0,,,0,,,0,1202.5,1202.5,baghdad_kifah,,,0
2019-07-17,1202.5,1202.5,1,,,0,1201.0,1201.0,1,,,0,,,0,,,0,,,0,,,0,,,0,1202.0,1202.0,1,,,0,1202.0,1202.0,1,,,0,,,0,,,0,,,0,,,0,1203.0,1203.0,1,,,0,,,0,,,0,,,0,1201.0,1201.0,baghdad_generic,,,0
2019-07-18,1202.5,1202.5,1,,,0,1195.0,1195.0,1,,,0,,,0,1201.0,1201.0,1,,,0,,,0,,,0,1202.0,1202.0,1,,,0,1202.25,1202.25,1,,,0,,,0,,,0,1202.5,1202.5,1,,,0,1203.0,1203.0,1,,,0,,,0,,,0,,,0,1201.0,1201.0,baghdad_kifah,,,0
2019-07-21,1202.5,1202.5,1,,,0,1197.5,1197.5,1,,,0,,,0,1201.0,1201.0,1,,,0,,,0,,,0,1202.0,1202.0,1,,,0,1202.5,1202.5,1,,,0,,,0,,,0,,,0,,,0,,,0,,,0,,,0,,,0,,,0,1201.0,1201.0,baghdad_kifah,,,0
2019-07-22,1203.5,1203.5,1,,,0,1197.5,1197.5,1,1202.0,1202.0,1,,,0,1201.5,1201.5,1,,,0,,,0,,,0,1202.5,1202.5,1,,,0,1203.25,1203.25,1,,,0,,,0,,,0,,,0,,,0,1202.5,1202.5,1,,,0,,,0,,,0,,,0,1201.5,1201.5,baghdad_kifah,,,0
2019-07-23,1204.0,1204.0,1,,,0,1197.5,1197.5,1,,,0,,,0,1202.5,1202.5,1,,,0,,,0,,,0,1203.0,1203.0,1,,,0,1203.5,1203.5,1,,,0,,,0,,,0,,,0,,,0,,,0,,,0,,,0,,,0,,,0,1202.5,1202.5,baghdad_kifah,,,0
2019-07-24,1204.0,1204.0,1,,,0,1197.5,1197.5,1,,,0,,,0,1202.5,1202.5,1,,,0,,,0,,,0,1203.5,1203.5,1,,,0,1203.0,1203.0,1,,,0,,,0,,,0,,,0,,,0,,,0,,,0,1204.0,1204.0,1,,,0,,,0,1202.5,1202.5,baghdad_kifah,,,0
2019-07-28,1203.0,1203.0,1,,,0,,,0,,,0,,,0,1201.5,1201.5,1,,,0,,,0,,,0,1202.0,1202.0,1,,,0,1201.75,1201.75,1,,,0,,,0,,,0,1203.0,1203.0,1,,,0,1202.5,1202.5,1,,,0,,,0,,,0,,,0,1201.5,1201.5,baghdad_kifah,,,0
2019-07-29,,,0,,,0,,,0,,,0,,,0,1201.75,1201.75,1,,,0,,,0,,,0,1203.0,1203.0,1,,,0,1202.0,1202.0,1,,,0,,,0,,,0,,,0,,,0,,,0,,,0,,,0,,,0,,,0,1201.75,1201.75,baghdad_kifah,,,0
2019-07-30,,,0,,,0,1200.5,1200.5,1,,,0,,,0,,,0,,,0,,,0,,,0,1202.0,1202.0,1,,,0,1201.5,1201.5,1,,,0,,,0,,,0,,,0,,,0,,,0,,,0,,,0,,,0,,,0,1200.5,1200.5,baghdad_generic,,,0
2019-07-31,1202.0,1202.0,1,,,0,,,0,,,0,,,0,1200.0,1200.0,1,,,0,,,0,,,0,1202.0,1202.0,1,,,0,1201.5,1201.5,1,,,0,,,0,,,0,,,0,,,0,,,0,,,0,,,0,,,0,,,0,1200.0,1200.0,baghdad_kifah,,,0
2019-08-01,,,0,,,0,,,0,,,0,,,0,1200.0,1200.0,1,,,0,,,0,,,0,1201.5,1201.5,1,,,0,1201.0,1201.0,1,,,0,,,0,,,0,,,0,,,0,1201.0,1201.0,1,,,0,,,0,,,0,,,0,1200.0,1200.0,baghdad_kifah,,,0
2019-08-04,1202.5,1202.5,1,,,0,,,0,,,0,,,0,1201.5,1201.5,1,,,0,,,0,,,0,1202.5,1202.5,1,,,0,1202.5,1202.5,1,,,0,,,0,,,0,,,0,,,0,,,0,,,0,,,0,,,0,,,0,1201.5,1201.5,baghdad_kifah,,,0
2019-08-05,,,0,,,0,,,0,,,0,,,0,1201.75,1201.75,1,,,0,,,0,,,0,1202.5,1202.5,1,,,0,1202.5,1202.5,1,,,0,,,0,,,0,,,0,,,0,,,0,,,0,,,0,,,0,,,0,1201.75,1201.75,baghdad_kifah,,,0
2019-08-06,1202.5,1202.5,1,,,0,,,0,,,0,,,0,1201.25,1201.25,1,,,0,,,0,,,0,1202.5,1202.5,1,,,0,1202.25,1202.25,1,,,0,,,0,,,0,1203.5,1203.5,1,,,0,,,0,,,0,,,0,,,0,,,0,1201.25,1201.25,baghdad_kifah,,,0
2019-08-07,,,0,,,0,,,0,,,0,,,0,1201.75,1201.75,1,,,0,,,0,,,0,1202.5,1202.5,1,,,0,,,0,,,0,,,0,,,0,,,0,,,0,,,0,,,0,,,0,,,0,,,0,1201.75,1201.75,baghdad_kifah,,,0
2019-08-08,,,0,,,0,,,0,,,0,,,0,1203.5,1203.5,1,,,0,,,0,,,0,1205.0,1205.0,1,,,0,1204.0,1204.0,1,,,0,,,0,,,0,,,0,,,0,,,0,,,0,,,0,,,0,,,0,1203.5,1203.5,baghdad_kifah,,,0
2019-08-18,,,0,,,0,,,0,,,0,,,0,1202.75,1202.75,1,,,0,,,0,,,0,1203.5,1203.5,1,,,0,1204.0,1204.0,1,,,0,,,0,,,0,,,0,,,0,,,0,,,0,,,0,,,0,,,0,1202.75,1202.75,baghdad_kifah,,,0
2019-08-19,,,0,,,0,,,0,,,0,,,0,1205.0,1205.0,1,,,0,,,0,,,0,1206.0,1206.0,1,,,0,1205.5,1205.5,1,,,0,,,0,,,0,,,0,,,0,,,0,,,0,,,0,,,0,,,0,1205.0,1205.0,baghdad_kifah,,,0
2019-08-20,,,0,1206.0,1206.0,1,,,0,,,0,,,0,1204.0,1204.0,1,,,0,,,0,,,0,1205.5,1205.5,1,,,0,1205.25,1205.25,1,,,0,,,0,,,0,1207.5,1207.5,1,,,0,1205.0,1205.0,1,,,0,,,0,,,0,,,0,1204.0,1204.0,baghdad_kifah,,,0
2019-08-21,1205.0,1205.0,1,1204.5,1204.5,1,,,0,,,0,,,0,1203.5,1203.5,1,,,0,,,0,,,0,1204.5,1204.5,1,,,0,1204.5,1204.5,1,,,0,,,0,,,0,,,0,,,0,1205.0,1205.0,1,,,0,,,0,,,0,,,0,1203.5,1203.5,baghdad_kifah,,,0
2019-08-22,1205.5,1205.5,1,1204.5,1204.5,1,,,0,,,0,,,0,1204.0,1204.0,1,,,0,,,0,,,0,1205.5,1205.5,1,,,0,1206.0,1206.0,1,,,0,,,0,,,0,,,0,,,0,,,0,,,0,,,0,,,0,,,0,1204.0,1204.0,baghdad_kifah,,,0
2019-08-25,1205.0,1205.0,1,1204.0,1204.0,1,,,0,,,0,,,0,1203.25,1203.25,1,,,0,,,0,,,0,1205.0,1205.0,1,,,0,1205.0,1205.0,1,,,0,,,0,,,0,,,0,,,0,,,0,,,0,,,0,,,0,,,0,1203.25,1203.25,baghdad_kifah,,,0
2019-08-26,1206.0,1206.0,1,,,0,,,0,,,0,,,0,1204.0,1204.0,1,,,0,,,0,,,0,1206.5,1206.5,1,,,0,1206.0,1206.0,1,,,0,,,0,,,0,,,0,,,0,,,0,,,0,,,0,,,0,,,0,1204.0,1204.0,baghdad_kifah,,,0
2019-08-27,,,0,,,0,,,0,,,0,,,0,1203.5,1203.5,1,,,0,,,0,,,0,1204.5,1204.5,1,,,0,1204.75,1204.75,1,,,0,,,0,,,0,,,0,,,0,,,0,,,0,,,0,,,0,,,0,1203.5,1203.5,baghdad_kifah,,,0
2019-08-28,,,0,1202.0,1202.0,1,,,0,,,0,,,0,1201.0,1201.0,1,,,0,,,0,,,0,1203.5,1203.5,1,,,0,1202.5,1202.5,1,,,0,,,0,,,0,,,0,,,0,,,0,,,0,,,0,,,0,,,0,1201.0,1201.0,baghdad_kifah,,,0
2019-08-29,1203.5,1203.5,1,,,0,,,0,,,0,,,0,1202.5,1202.5,1,,,0,,,0,,,0,1204.0,1204.0,1,,,0,1203.0,1203.0,1,,,0,,,0,,,0,,,0,,,0,,,0,,,0,,,0,,,0,,,0,1202.5,1202.5,baghdad_kifah,,,0
2019-09-01,,,0,,,0,,,0,,,0,,,0,1203.0,1203.0,1,,,0,,,0,,,0,1203.5,1203.5,1,,,0,1204.0,1204.0,1,,,0,,,0,,,0,,,0,,,0,,,0,,,0,,,0,,,0,,,0,1203.0,1203.0,baghdad_kifah,,,0
2019-09-02,,,0,,,0,,,0,,,0,,,0,1203.5,1203.5,1,,,0,,,0,,,0,1204.0,1204.0,1,,,0,1204.25,1204.25,1,,,0,,,0,,,0,,,0,,,0,,,0,,,0,,,0,,,0,,,0,1203.5,1203.5,baghdad_kifah,,,0
2019-09-03,,,0,,,0,,,0,,,0,,,0,1203.0,1203.0,1,,,0,,,0,,,0,1203.5,1203.5,1,,,0,1203.75,1203.75,1,,,0,,,0,,,0,,,0,,,0,,,0,,,0,,,0,,,0,,,0,1203.0,1203.0,baghdad_kifah,,,0
2019-09-08,,,0,1205.5,1205.5,1,,,0,,,0,,,0,1203.75,1203.75,1,,,0,,,0,,,0,1204.0,1204.0,1,,,0,1204.75,1204.75,1,,,0,,,0,,,0,1205.0,1205.0,1,,,0,,,0,,,0,1205.5,1205.5,1,,,0,,,0,1203.75,1203.75,baghdad_kifah,,,0
2019-09-09,,,0,,,0,,,0,,,0,,,0,1203.75,1203.75,1,,,0,,,0,,,0,1204.5,1204.5,1,,,0,1204.75,1204.75,1,,,0,,,0,,,0,,,0,,,0,,,0,,,0,,,0,,,0,,,0,1203.75,1203.75,baghdad_kifah,,,0
2019-09-11,,,0,1204.0,1204.0,1,,,0,,,0,,,0,1203.0,1203.0,1,,,0,,,0,,,0,1204.0,1204.0,1,,,0,1204.5,1204.5,1,,,0,,,0,,,0,,,0,,,0,1203.0,1203.0,1,1205.0,1205.0,1,,,0,,,0,,,0,1203.0,1203.0,baghdad_kifah,,,0
2019-09-12,,,0,1203.25,1203.25,1,,,0,,,0,,,0,1202.5,1202.5,1,,,0,,,0,,,0,1203.5,1203.5,1,,,0,1203.5,1203.5,1,,,0,,,0,,,0,,,0,,,0,1202.0,1202.0,1,1205.0,1205.0,1,,,0,,,0,,,0,1202.5,1202.5,baghdad_kifah,,,0
2019-09-15,,,0,1204.5,1204.5,1,,,0,,,0,,,0,1204.0,1204.0,1,,,0,,,0,,,0,1204.5,1204.5,1,,,0,1204.75,1204.75,1,,,0,,,0,,,0,,,0,,,0,,,0,,,0,,,0,,,0,,,0,1204.0,1204.0,baghdad_kifah,,,0
2019-09-16,,,0,1203.5,1203.5,1,,,0,,,0,,,0,1203.0,1203.0,1,,,0,,,0,,,0,1204.5,1204.5,1,,,0,1203.75,1203.75,1,,,0,,,0,,,0,,,0,,,0,,,0,1205.5,1205.5,1,,,0,,,0,,,0,1203.0,1203.0,baghdad_kifah,,,0
2019-09-17,,,0,,,0,,,0,,,0,,,0,1203.0,1203.0,1,,,0,,,0,,,0,1204.0,1204.0,1,,,0,1204.0,1204.0,1,,,0,,,0,,,0,,,0,,,0,,,0,1205.5,1205.5,1,,,0,,,0,,,0,1203.0,1203.0,baghdad_kifah,,,0
2019-09-18,,,0,1204.0,1204.0,1,,,0,,,0,,,0,1203.0,1203.0,1,,,0,,,0,,,0,1204.0,1204.0,1,,,0,1204.25,1204.25,1,,,0,,,0,,,0,,,0,,,0,,,0,,,0,,,0,,,0,,,0,1203.0,1203.0,baghdad_kifah,,,0
2019-09-19,,,0,,,0,,,0,,,0,,,0,1202.75,1202.75,1,,,0,,,0,,,0,1204.0,1204.0,1,,,0,1204.5,1204.5,1,,,0,,,0,,,0,,,0,,,0,,,0,1205.5,1205.5,1,,,0,,,0,,,0,1202.75,1202.75,baghdad_kifah,,,0
2019-09-22,,,0,,,0,,,0,,,0,,,0,1202.75,1202.75,1,,,0,,,0,,,0,1204.0,1204.0,1,,,0,1203.75,1203.75,1,,,0,,,0,,,0,,,0,,,0,,,0,,,0,,,0,,,0,,,0,1202.75,1202.75,baghdad_kifah,,,0
2019-09-23,,,0,1203.75,1203.75,1,,,0,,,0,,,0,1202.75,1202.75,1,,,0,,,0,,,0,1204.0,1204.0,1,,,0,1203.25,1203.25,1,,,0,,,0,,,0,,,0,,,0,,,0,,,0,,,0,,,0,,,0,1202.75,1202.75,baghdad_kifah,,,0
2019-09-24,,,0,,,0,,,0,,,0,,,0,1202.25,1202.25,1,,,0,,,0,,,0,1203.5,1203.5,1,,,0,1203.25,1203.25,1,,,0,,,0,,,0,,,0,,,0,,,0,,,0,,,0,,,0,,,0,1202.25,1202.25,baghdad_kifah,,,0
2019-09-25,,,0,1202.75,1202.75,1,,,0,,,0,,,0,1202.0,1202.0,1,,,0,,,0,,,0,1203.0,1203.0,1,,,0,1203.5,1203.5,1,,,0,,,0,,,0,,,0,,,0,,,0,,,0,,,0,,,0,,,0,1202.0,1202.0,baghdad_kifah,,,0
2019-09-26,,,0,,,0,,,0,,,0,,,0,1202.5,1202.5,1,,,0,,,0,,,0,1203.0,1203.0,1,,,0,1203.5,1203.5,1,,,0,,,0,,,0,,,0,,,0,,,0,,,0,,,0,,,0,,,0,1202.5,1202.5,baghdad_kifah,,,0
2019-09-30,,,0,1205.0,1205.0,1,,,0,,,0,,,0,1204.5,1204.5,1,,,0,,,0,,,0,1204.0,1204.0,1,,,0,1204.0,1204.0,1,,,0,,,0,,,0,,,0,,,0,,,0,,,0,,,0,,,0,,,0,1204.5,1204.5,baghdad_kifah,,,0
2019-10-01,,,0,,,0,,,0,,,0,,,0,1203.0,1203.0,1,,,0,,,0,,,0,1203.0,1203.0,1,,,0,1203.25,1203.25,1,,,0,,,0,,,0,,,0,,,0,,,0,,,0,,,0,,,0,,,0,1203.0,1203.0,baghdad_kifah,,,0
2019-10-09,,,0,,,0,,,0,,,0,,,0,1203.5,1203.5,1,,,0,,,0,,,0,1205.0,1205.0,1,,,0,1203.5,1203.5,1,,,0,,,0,,,0,,,0,,,0,,,0,,,0,,,0,,,0,,,0,1203.5,1203.5,baghdad_kifah,,,0
2019-10-10,,,0,,,0,,,0,,,0,,,0,1203.5,1203.5,1,,,0,,,0,,,0,1204.5,1204.5,1,,,0,1203.5,1203.5,1,,,0,,,0,,,0,,,0,,,0,,,0,,,0,,,0,,,0,,,0,1203.5,1203.5,baghdad_kifah,,,0
2019-10-13,1205.0,1205.0,1,,,0,,,0,,,0,,,0,1203.0,1203.0,1,,,0,,,0,,,0,1204.0,1204.0,1,,,0,1203.75,1203.75,1,,,0,,,0,,,0,,,0,,,0,,,0,,,0,,,0,,,0,,,0,1203.0,1203.0,baghdad_kifah,,,0
2019-10-14,,,0,,,0,,,0,,,0,,,0,1202.75,1202.75,1,,,0,,,0,,,0,1203.5,1203.5,1,,,0,1203.5,1203.5,1,,,0,,,0,,,0,,,0,,,0,,,0,,,0,,,0,,,0,,,0,1202.75,1202.75,baghdad_kifah,,,0
2019-10-15,,,0,,,0,,,0,,,0,,,0,1202.5,1202.5,1,,,0,,,0,,,0,1204.0,1204.0,1,,,0,1203.75,1203.75,1,,,0,,,0,,,0,,,0,,,0,,,0,,,0,,,0,,,0,,,0,1202.5,1202.5,baghdad_kifah,,,0
2019-10-20,1205.0,1205.0,1,,,0,,,0,,,0,,,0,1203.0,1203.0,1,,,0,,,0,,,0,1204.5,1204.5,1,,,0,1203.75,1203.75,1,,,0,,,0,,,0,,,0,,,0,1203.5,1203.5,1,,,0,,,0,,,0,,,0,1203.0,1203.0,baghdad_kifah,,,0
2019-10-21,,,0,,,0,,,0,,,0,,,0,1202.75,1202.75,1,,,0,,,0,,,0,1204.0,1204.0,1,,,0,1203.25,1203.25,1,,,0,,,0,,,0,,,0,,,0,,,0,,,0,,,0,,,0,,,0,1202.75,1202.75,baghdad_kifah,,,0
2019-10-23,,,0,,,0,,,0,,,0,,,0,1206.0,1206.0,1,,,0,,,0,,,0,1207.5,1207.5,1,,,0,1204.75,1204.75,1,,,0,,,0,,,0,,,0,,,0,,,0,,,0,,,0,,,0,,,0,1206.0,1206.0,baghdad_kifah,,,0
2019-10-24,1208.5,1208.5,1,,,0,,,0,,,0,,,0,1207.5,1207.5,1,,,0,,,0,,,0,1208.5,1208.5,1,,,0,1206.5,1206.5,1,,,0,,,0,,,0,,,0,,,0,1210.0,1210.0,1,,,0,1210.0,1210.0,1,,,0,,,0,1207.5,1207.5,baghdad_kifah,,,0
2019-10-28,,,0,,,0,,,0,1204.0,1204.0,1,,,0,1203.5,1203.5,1,,,0,,,0,,,0,1205.5,1205.5,1,,,0,1203.25,1203.25,1,,,0,,,0,,,0,,,0,,,0,,,0,,,0,,,0,,,0,,,0,1203.5,1203.5,baghdad_kifah,,,0
2019-10-30,,,0,,,0,,,0,,,0,,,0,1206.5,1206.5,1,,,0,,,0,,,0,1208.0,1208.0,1,,,0,1204.5,1204.5,1,,,0,,,0,,,0,,,0,,,0,,,0,,,0,,,0,,,0,,,0,1206.5,1206.5,baghdad_kifah,,,0
2019-10-31,1211.5,1211.5,1,,,0,,,0,1209.0,1209.0,1,,,0,1208.5,1208.5,1,,,0,,,0,,,0,1211.0,1211.0,1,,,0,1206.5,1206.5,1,,,0,,,0,,,0,,,0,,,0,,,0,,,0,,,0,,,0,,,0,1208.5,1208.5,baghdad_kifah,,,0
2019-11-03,,,0,,,0,,,0,,,0,,,0,1211.5,1211.5,1,,,0,,,0,,,0,1212.0,1212.0,1,,,0,,,0,,,0,,,0,,,0,,,0,,,0,,,0,,,0,,,0,,,0,,,0,1211.5,1211.5,baghdad_kifah,,,0
2019-11-04,,,0,,,0,,,0,,,0,,,0,1211.5,1211.5,1,,,0,,,0,,,0,1213.5,1213.5,1,,,0,1211.25,1211.25,1,,,0,,,0,,,0,,,0,,,0,,,0,,,0,,,0,,,0,,,0,1211.5,1211.5,baghdad_kifah,,,0
2019-11-10,1210.0,1210.0,1,,,0,1207.5,1207.5,1,,,0,,,0,,,0,,,0,,,0,,,0,1209.0,1209.0,1,,,0,1208.0,1208.0,1,,,0,,,0,,,0,,,0,,,0,1212.0,1212.0,1,,,0,,,0,,,0,,,0,1207.5,1207.5,baghdad_generic,,,0
2019-11-11,,,0,,,0,,,0,,,0,,,0,1205.0,1205.0,1,,,0,,,0,,,0,1208.5,1208.5,1,,,0,1206.5,1206.5,1,,,0,,,0,,,0,,,0,,,0,,,0,,,0,,,0,,,0,,,0,1205.0,1205.0,baghdad_kifah,,,0
2019-11-12,,,0,,,0,,,0,,,0,,,0,1206.5,1206.5,1,,,0,,,0,,,0,1211.0,1211.0,1,,,0,1207.25,1207.25,1,,,0,,,0,,,0,,,0,,,0,,,0,,,0,,,0,,,0,,,0,1206.5,1206.5,baghdad_kifah,,,0
2019-11-13,,,0,,,0,,,0,,,0,,,0,1206.75,1206.75,1,,,0,,,0,,,0,1208.5,1208.5,1,,,0,1207.0,1207.0,1,,,0,,,0,,,0,,,0,,,0,,,0,,,0,,,0,,,0,,,0,1206.75,1206.75,baghdad_kifah,,,0
2019-11-14,,,0,,,0,,,0,,,0,,,0,1206.5,1206.5,1,,,0,,,0,,,0,1210.0,1210.0,1,,,0,1206.5,1206.5,1,,,0,,,0,,,0,,,0,,,0,,,0,,,0,,,0,,,0,,,0,1206.5,1206.5,baghdad_kifah,,,0
2019-11-18,,,0,,,0,,,0,,,0,,,0,1207.5,1207.5,1,,,0,,,0,,,0,1210.0,1210.0,1,,,0,1208.0,1208.0,1,,,0,,,0,,,0,,,0,,,0,,,0,,,0,,,0,,,0,,,0,1207.5,1207.5,baghdad_kifah,,,0
2019-11-19,,,0,,,0,,,0,,,0,,,0,1206.0,1206.0,1,,,0,,,0,,,0,1210.0,1210.0,1,,,0,1207.0,1207.0,1,,,0,,,0,,,0,,,0,,,0,,,0,,,0,,,0,,,0,,,0,1206.0,1206.0,baghdad_kifah,,,0
2019-11-21,,,0,,,0,,,0,,,0,,,0,1206.0,1206.0,1,,,0,,,0,,,0,1208.5,1208.5,1,,,0,1206.5,1206.5,1,,,0,,,0,,,0,,,0,,,0,,,0,,,0,,,0,,,0,,,0,1206.0,1206.0,baghdad_kifah,,,0
2019-11-24,,,0,,,0,,,0,,,0,,,0,1205.5,1205.5,1,,,0,,,0,,,0,1208.0,1208.0,1,,,0,1204.75,1204.75,1,,,0,,,0,,,0,,,0,,,0,,,0,,,0,,,0,,,0,,,0,1205.5,1205.5,baghdad_kifah,,,0
2019-11-25,,,0,,,0,,,0,,,0,,,0,1206.0,1206.0,1,,,0,,,0,,,0,1208.0,1208.0,1,,,0,1206.0,1206.0,1,,,0,,,0,,,0,,,0,,,0,,,0,,,0,,,0,,,0,,,0,1206.0,1206.0,baghdad_kifah,,,0
2019-11-26,,,0,,,0,,,0,,,0,,,0,1205.75,1205.75,1,,,0,,,0,,,0,1208.5,1208.5,1,,,0,1206.75,1206.75,1,,,0,,,0,,,0,,,0,,,0,,,0,,,0,,,0,,,0,,,0,1205.75,1205.75,baghdad_kifah,,,0
2019-11-27,,,0,,,0,,,0,,,0,,,0,1205.75,1205.75,1,,,0,,,0,,,0,1208.0,1208.0,1,,,0,1206.25,1206.25,1,,,0,,,0,,,0,,,0,,,0,1207.0,1207.0,1,,,0,,,0,,,0,,,0,1205.75,1205.75,baghdad_kifah,,,0
2019-11-28,,,0,,,0,,,0,,,0,,,0,1204.5,1204.5,1,,,0,,,0,,,0,1206.5,1206.5,1,,,0,1204.25,1204.25,1,,,0,,,0,,,0,,,0,,,0,,,0,,,0,,,0,,,0,,,0,1204.5,1204.5,baghdad_kifah,,,0
2019-12-01,,,0,,,0,,,0,,,0,,,0,1207.5,1207.5,1,,,0,,,0,,,0,1209.0,1209.0,1,,,0,1209.5,1209.5,1,,,0,,,0,,,0,,,0,,,0,,,0,,,0,,,0,,,0,,,0,1207.5,1207.5,baghdad_kifah,,,0
2019-12-02,,,0,,,0,,,0,,,0,,,0,1207.0,1207.0,1,,,0,,,0,,,0,1208.5,1208.5,1,,,0,1208.0,1208.0,1,,,0,,,0,,,0,,,0,,,0,,,0,,,0,,,0,,,0,,,0,1207.0,1207.0,baghdad_kifah,,,0
2019-12-03,1200.0,1200.0,1,,,0,,,0,,,0,,,0,1207.5,1207.5,1,,,0,,,0,,,0,1208.0,1208.0,1,,,0,1207.25,1207.25,1,,,0,,,0,,,0,,,0,,,0,1207.5,1207.5,1,,,0,,,0,,,0,,,0,1207.5,1207.5,baghdad_kifah,,,0
2019-12-04,,,0,1208.0,1208.0,1,,,0,,,0,,,0,1207.0,1207.0,1,,,0,,,0,,,0,1208.0,1208.0,1,,,0,1206.75,1206.75,1,,,0,,,0,,,0,,,0,,,0,,,0,,,0,,,0,,,0,,,0,1207.0,1207.0,baghdad_kifah,,,0
2019-12-05,,,0,,,0,,,0,,,0,,,0,1208.0,1208.0,1,,,0,,,0,,,0,1208.5,1208.5,1,,,0,1208.0,1208.0,1,,,0,,,0,,,0,,,0,,,0,,,0,,,0,,,0,,,0,,,0,1208.0,1208.0,baghdad_kifah,,,0
2019-12-08,,,0,,,0,,,0,,,0,,,0,1208.5,1208.5,1,,,0,,,0,,,0,1210.5,1210.5,1,,,0,1209.0,1209.0,1,,,0,,,0,,,0,,,0,,,0,,,0,,,0,,,0,,,0,,,0,1208.5,1208.5,baghdad_kifah,,,0
2019-12-09,1209.5,1209.5,1,,,0,,,0,,,0,,,0,1208.5,1208.5,1,,,0,,,0,,,0,1210.5,1210.5,1,,,0,1208.5,1208.5,1,,,0,,,0,,,0,,,0,,,0,,,0,,,0,,,0,,,0,,,0,1208.5,1208.5,baghdad_kifah,,,0
2019-12-10,,,0,,,0,,,0,,,0,,,0,1208.0,1208.0,1,,,0,,,0,,,0,1210.5,1210.5,1,,,0,1208.75,1208.75,1,,,0,,,0,,,0,,,0,,,0,,,0,,,0,,,0,,,0,,,0,1208.0,1208.0,baghdad_kifah,,,0
2019-12-11,,,0,,,0,,,0,,,0,,,0,1207.5,1207.5,1,,,0,,,0,,,0,1210.0,1210.0,1,,,0,1207.75,1207.75,1,,,0,,,0,,,0,,,0,,,0,,,0,,,0,,,0,,,0,,,0,1207.5,1207.5,baghdad_kifah,,,0
2019-12-12,,,0,,,0,,,0,,,0,,,0,1208.5,1208.5,1,,,0,,,0,,,0,1211.0,1211.0,1,,,0,1208.5,1208.5,1,,,0,,,0,,,0,,,0,,,0,,,0,,,0,,,0,,,0,,,0,1208.5,1208.5,baghdad_kifah,,,0
2019-12-15,,,0,,,0,,,0,,,0,,,0,1208.5,1208.5,1,,,0,,,0,,,0,1211.0,1211.0,1,,,0,1209.75,1209.75,1,,,0,,,0,,,0,,,0,,,0,,,0,,,0,,,0,,,0,,,0,1208.5,1208.5,baghdad_kifah,,,0
2019-12-16,,,0,,,0,,,0,,,0,,,0,1208.0,1208.0,1,,,0,,,0,,,0,1211.0,1211.0,1,,,0,1209.5,1209.5,1,,,0,,,0,,,0,1210.0,1210.0,1,,,0,,,0,,,0,,,0,,,0,,,0,1208.0,1208.0,baghdad_kifah,,,0
2019-12-17,,,0,,,0,,,0,,,0,,,0,1207.5,1207.5,1,,,0,,,0,,,0,1210.5,1210.5,1,,,0,1209.75,1209.75,1,,,0,,,0,,,0,1210.0,1210.0,1,,,0,,,0,,,0,,,0,,,0,,,0,1207.5,1207.5,baghdad_kifah,,,0
2019-12-18,,,0,,,0,,,0,,,0,,,0,1207.5,1207.5,1,,,0,,,0,,,0,1209.5,1209.5,1,,,0,1210.5,1210.5,1,,,0,,,0,,,0,,,0,,,0,,,0,,,0,,,0,,,0,,,0,1207.5,1207.5,baghdad_kifah,,,0
2019-12-19,,,0,,,0,,,0,,,0,,,0,1207.25,1207.25,1,,,0,,,0,,,0,1210.0,1210.0,1,,,0,1210.5,1210.5,1,,,0,,,0,,,0,,,0,,,0,,,0,,,0,,,0,,,0,,,0,1207.25,1207.25,baghdad_kifah,,,0
2019-12-22,,,0,,,0,,,0,,,0,,,0,1208.0,1208.0,1,,,0,,,0,,,0,1210.0,1210.0,1,,,0,1209.5,1209.5,1,,,0,,,0,,,0,,,0,,,0,,,0,,,0,,,0,,,0,,,0,1208.0,1208.0,baghdad_kifah,,,0
2019-12-23,1210.0,1210.0,1,,,0,,,0,,,0,,,0,1207.75,1207.75,1,,,0,,,0,,,0,1211.0,1211.0,1,,,0,1209.0,1209.0,1,,,0,,,0,,,0,,,0,,,0,,,0,,,0,,,0,,,0,,,0,1207.75,1207.75,baghdad_kifah,,,0
2019-12-24,,,0,,,0,,,0,,,0,,,0,1208.0,1208.0,1,,,0,,,0,,,0,1210.0,1210.0,1,,,0,1210.5,1210.5,1,,,0,,,0,,,0,,,0,,,0,,,0,,,0,,,0,,,0,,,0,1208.0,1208.0,baghdad_kifah,,,0
2019-12-25,,,0,,,0,,,0,,,0,,,0,1208.0,1208.0,1,,,0,,,0,,,0,1210.0,1210.0,1,,,0,1210.25,1210.25,1,,,0,,,0,,,0,,,0,,,0,,,0,,,0,,,0,,,0,,,0,1208.0,1208.0,baghdad_kifah,,,0
2019-12-26,,,0,,,0,,,0,,,0,,,0,1208.25,1208.25,1,,,0,,,0,,,0,1210.0,1210.0,1,,,0,1210.25,1210.25,1,,,0,,,0,,,0,,,0,,,0,,,0,,,0,,,0,,,0,,,0,1208.25,1208.25,baghdad_kifah,,,0
2019-12-29,,,0,,,0,,,0,,,0,,,0,1209.5,1209.5,1,,,0,,,0,,,0,1211.0,1211.0,1,,,0,1212.0,1212.0,1,,,0,,,0,,,0,,,0,,,0,,,0,,,0,,,0,,,0,,,0,1209.5,1209.5,baghdad_kifah,,,0
2019-12-31,,,0,,,0,,,0,,,0,,,0,1209.0,1209.0,1,,,0,,,0,,,0,1211.0,1211.0,1,,,0,1211.5,1211.5,1,,,0,,,0,,,0,,,0,,,0,,,0,,,0,,,0,,,0,,,0,1209.0,1209.0,baghdad_kifah,,,0
2020-01-02,,,0,,,0,,,0,,,0,,,0,1210.0,1210.0,1,,,0,,,0,,,0,1212.0,1212.0,1,,,0,1211.75,1211.75,1,,,0,,,0,,,0,,,0,,,0,,,0,,,0,,,0,,,0,,,0,1210.0,1210.0,baghdad_kifah,,,0
2020-01-05,,,0,,,0,,,0,,,0,,,0,1214.0,1214.0,1,,,0,,,0,,,0,1217.5,1217.5,1,,,0,1216.5,1216.5,1,,,0,,,0,,,0,,,0,,,0,,,0,,,0,,,0,,,0,,,0,1214.0,1214.0,baghdad_kifah,,,0
2020-01-06,,,0,,,0,,,0,,,0,,,0,1224.0,1224.0,1,,,0,,,0,,,0,1227.0,1227.0,1,,,0,1224.5,1224.5,1,,,0,,,0,,,0,,,0,,,0,,,0,,,0,,,0,,,0,,,0,1224.0,1224.0,baghdad_kifah,,,0
2020-01-07,,,0,,,0,,,0,,,0,,,0,1224.0,1224.0,1,,,0,,,0,,,0,1227.0,1227.0,1,,,0,1224.5,1224.5,1,,,0,,,0,,,0,,,0,,,0,,,0,,,0,,,0,,,0,,,0,1224.0,1224.0,baghdad_kifah,,,0
2020-01-08,,,0,,,0,,,0,,,0,,,0,1234.0,1234.0,1,,,0,,,0,,,0,1237.5,1237.5,1,,,0,1236.25,1236.25,1,,,0,,,0,,,0,,,0,,,0,,,0,,,0,,,0,,,0,,,0,1234.0,1234.0,baghdad_kifah,,,0
2020-01-12,,,0,,,0,,,0,,,0,,,0,1214.0,1214.0,1,,,0,,,0,,,0,1216.5,1216.5,1,,,0,1214.0,1214.0,1,,,0,,,0,,,0,,,0,,,0,,,0,,,0,,,0,,,0,,,0,1214.0,1214.0,baghdad_kifah,,,0
2020-01-13,,,0,,,0,,,0,,,0,,,0,1217.0,1217.0,1,,,0,,,0,,,0,1221.0,1221.0,1,,,0,1217.25,1217.25,1,,,0,,,0,,,0,,,0,,,0,1220.0,1220.0,1,,,0,,,0,,,0,,,0,1217.0,1217.0,baghdad_kifah,,,0
2020-01-14,,,0,,,0,,,0,,,0,,,0,1216.0,1216.0,1,,,0,,,0,,,0,1219.0,1219.0,1,,,0,1216.75,1216.75,1,,,0,,,0,,,0,,,0,,,0,1220.0,1220.0,1,,,0,,,0,,,0,,,0,1216.0,1216.0,baghdad_kifah,,,0
2020-01-15,,,0,,,0,,,0,,,0,,,0,1215.0,1215.0,1,,,0,,,0,,,0,1219.0,1219.0,1,,,0,1216.0,1216.0,1,,,0,,,0,,,0,,,0,,,0,1217.0,1217.0,1,,,0,,,0,,,0,,,0,1215.0,1215.0,baghdad_kifah,,,0
2020-01-16,,,0,,,0,,,0,,,0,,,0,1219.0,1219.0,1,,,0,,,0,,,0,1222.0,1222.0,1,,,0,1218.25,1218.25,1,,,0,,,0,,,0,,,0,,,0,1220.0,1220.0,1,,,0,,,0,,,0,,,0,1219.0,1219.0,baghdad_kifah,,,0
2020-01-19,,,0,1218.5,1218.5,1,,,0,,,0,,,0,1218.0,1218.0,1,,,0,,,0,,,0,1220.0,1220.0,1,,,0,1218.5,1218.5,1,,,0,,,0,,,0,,,0,,,0,,,0,1219.5,1219.5,1,,,0,,,0,,,0,1218.0,1218.0,baghdad_kifah,,,0
2020-01-20,,,0,1217.5,1217.5,1,,,0,,,0,,,0,1216.0,1216.0,1,,,0,,,0,,,0,1220.0,1220.0,1,,,0,1217.75,1217.75,1,,,0,,,0,,,0,,,0,,,0,,,0,,,0,,,0,,,0,,,0,1216.0,1216.0,baghdad_kifah,,,0
2020-01-21,,,0,,,0,,,0,,,0,,,0,1215.0,1215.0,1,,,0,,,0,,,0,1218.5,1218.5,1,,,0,1216.25,1216.25,1,,,0,,,0,,,0,,,0,,,0,,,0,,,0,,,0,,,0,,,0,1215.0,1215.0,baghdad_kifah,,,0
2020-01-22,,,0,,,0,,,0,,,0,,,0,1216.5,1216.5,1,,,0,,,0,,,0,1219.0,1219.0,1,,,0,1217.0,1217.0,1,,,0,,,0,,,0,,,0,,,0,,,0,,,0,,,0,,,0,,,0,1216.5,1216.5,baghdad_kifah,,,0
2020-01-23,,,0,,,0,,,0,,,0,,,0,1215.0,1215.0,1,,,0,,,0,,,0,1218.0,1218.0,1,,,0,1215.25,1215.25,1,,,0,,,0,,,0,,,0,,,0,,,0,,,0,,,0,,,0,,,0,1215.0,1215.0,baghdad_kifah,,,0
2020-01-26,,,0,1213.0,1213.0,1,,,0,,,0,,,0,1211.5,1211.5,1,,,0,,,0,,,0,1213.5,1213.5,1,,,0,1213.0,1213.0,1,,,0,,,0,,,0,,,0,,,0,,,0,,,0,,,0,,,0,,,0,1211.5,1211.5,baghdad_kifah,,,0
2020-01-27,,,0,,,0,,,0,,,0,,,0,1210.0,1210.0,1,,,0,,,0,,,0,1212.5,1212.5,1,,,0,1211.5,1211.5,1,,,0,,,0,,,0,,,0,,,0,,,0,,,0,,,0,,,0,,,0,1210.0,1210.0,baghdad_kifah,,,0
2020-01-28,1213.0,1213.0,1,,,0,,,0,,,0,,,0,1211.0,1211.0,1,,,0,,,0,,,0,1213.5,1213.5,1,,,0,1211.0,1211.0,1,,,0,,,0,,,0,,,0,1212.5,1212.5,1,1212.5,1212.5,1,1213.0,1213.0,1,1212.5,1212.5,1,,,0,,,0,1211.0,1211.0,baghdad_kifah,,,0
2020-01-30,,,0,,,0,,,0,,,0,,,0,,,0,,,0,,,0,,,0,1213.0,1213.0,1,,,0,1211.25,1211.25,1,,,0,,,0,,,0,,,0,,,0,,,0,,,0,,,0,,,0,,,0,,,,,,0
2020-02-02,1212.5,1212.5,1,,,0,,,0,,,0,,,0,1209.5,1209.5,1,,,0,,,0,,,0,1212.0,1212.0,1,,,0,1209.5,1209.5,1,,,0,,,0,,,0,,,0,1212.5,1212.5,1,,,0,,,0,,,0,,,0,,,0,1209.5,1209.5,baghdad_kifah,,,0
2020-02-03,,,0,,,0,,,0,,,0,,,0,1211.0,1211.0,1,,,0,,,0,,,0,1213.0,1213.0,1,,,0,1209.25,1209.25,1,,,0,,,0,,,0,,,0,,,0,,,0,,,0,,,0,,,0,,,0,1211.0,1211.0,baghdad_kifah,,,0
2020-02-04,,,0,,,0,,,0,,,0,,,0,1209.5,1209.5,1,,,0,,,0,,,0,1211.5,1211.5,1,,,0,1208.5,1208.5,1,,,0,,,0,,,0,,,0,,,0,,,0,,,0,,,0,,,0,,,0,1209.5,1209.5,baghdad_kifah,,,0
2020-02-05,,,0,,,0,,,0,,,0,,,0,1208.0,1208.0,1,,,0,,,0,,,0,1210.0,1210.0,1,,,0,1206.5,1206.5,1,,,0,,,0,,,0,,,0,1210.0,1210.0,1,,,0,1210.0,1210.0,1,,,0,,,0,,,0,1208.0,1208.0,baghdad_kifah,,,0
2020-02-06,,,0,,,0,,,0,,,0,,,0,1208.0,1208.0,1,,,0,,,0,,,0,1211.0,1211.0,1,,,0,1208.0,1208.0,1,,,0,,,0,,,0,,,0,,,0,,,0,,,0,,,0,,,0,,,0,1208.0,1208.0,baghdad_kifah,,,0
2020-02-09,1211.0,1211.0,1,,,0,,,0,,,0,,,0,1208.0,1208.0,1,,,0,,,0,,,0,1211.0,1211.0,1,,,0,1208.0,1208.0,1,,,0,,,0,,,0,,,0,,,0,1210.0,1210.0,1,1211.0,1211.0,1,,,0,,,0,,,0,1208.0,1208.0,baghdad_kifah,,,0
2020-02-10,,,0,,,0,,,0,,,0,,,0,1208.25,1208.25,1,,,0,,,0,,,0,1211.0,1211.0,1,,,0,1207.75,1207.75,1,,,0,,,0,,,0,,,0,,,0,,,0,,,0,,,0,,,0,,,0,1208.25,1208.25,baghdad_kifah,,,0
2020-02-11,,,0,,,0,,,0,,,0,,,0,1207.5,1207.5,1,,,0,,,0,,,0,1211.0,1211.0,1,,,0,1206.5,1206.5,1,,,0,,,0,,,0,,,0,,,0,,,0,,,0,,,0,,,0,,,0,1207.5,1207.5,baghdad_kifah,,,0
2020-02-12,,,0,,,0,,,0,,,0,,,0,1206.0,1206.0,1,,,0,,,0,,,0,1209.0,1209.0,1,,,0,1205.5,1205.5,1,,,0,,,0,,,0,,,0,,,0,,,0,,,0,,,0,,,0,,,0,1206.0,1206.0,baghdad_kifah,,,0
2020-02-13,,,0,,,0,,,0,,,0,,,0,1204.0,1204.0,1,,,0,,,0,,,0,1207.0,1207.0,1,,,0,1204.25,1204.25,1,,,0,,,0,,,0,,,0,,,0,,,0,,,0,,,0,,,0,,,0,1204.0,1204.0,baghdad_kifah,,,0
2020-02-16,,,0,,,0,,,0,,,0,,,0,1205.0,1205.0,1,,,0,,,0,,,0,1207.0,1207.0,1,,,0,1206.0,1206.0,1,,,0,,,0,,,0,,,0,,,0,,,0,,,0,,,0,,,0,,,0,1205.0,1205.0,baghdad_kifah,,,0
2020-02-17,1207.5,1207.5,1,,,0,,,0,,,0,,,0,1205.0,1205.0,1,,,0,,,0,,,0,1207.5,1207.5,1,,,0,1205.75,1205.75,1,,,0,,,0,,,0,,,0,,,0,,,0,,,0,,,0,,,0,,,0,1205.0,1205.0,baghdad_kifah,,,0
2020-02-18,,,0,,,0,,,0,,,0,,,0,1205.0,1205.0,1,,,0,,,0,,,0,1206.5,1206.5,1,,,0,1205.5,1205.5,1,,,0,,,0,,,0,,,0,,,0,,,0,,,0,,,0,,,0,,,0,1205.0,1205.0,baghdad_kifah,,,0
2020-02-19,,,0,,,0,,,0,,,0,,,0,1204.5,1204.5,1,,,0,,,0,,,0,1206.5,1206.5,1,,,0,1205.25,1205.25,1,,,0,,,0,,,0,,,0,,,0,,,0,,,0,,,0,,,0,,,0,1204.5,1204.5,baghdad_kifah,,,0
2020-02-20,,,0,,,0,,,0,,,0,,,0,1204.25,1204.25,1,,,0,,,0,,,0,1207.0,1207.0,1,,,0,1204.5,1204.5,1,,,0,,,0,,,0,,,0,,,0,1205.0,1205.0,1,1206.5,1206.5,1,,,0,,,0,,,0,1204.25,1204.25,baghdad_kifah,,,0
2020-02-23,1206.0,1206.0,1,,,0,,,0,,,0,,,0,1204.25,1204.25,1,,,0,,,0,,,0,1206.5,1206.5,1,,,0,1205.25,1205.25,1,,,0,,,0,,,0,,,0,,,0,,,0,,,0,,,0,,,0,,,0,1204.25,1204.25,baghdad_kifah,,,0
2020-02-24,,,0,,,0,,,0,,,0,,,0,1203.5,1203.5,1,,,0,,,0,,,0,1205.5,1205.5,1,,,0,1203.5,1203.5,1,,,0,,,0,,,0,,,0,,,0,,,0,,,0,,,0,,,0,,,0,1203.5,1203.5,baghdad_kifah,,,0
2020-02-25,,,0,,,0,,,0,,,0,,,0,1203.5,1203.5,1,,,0,,,0,,,0,1205.0,1205.0,1,,,0,1203.5,1203.5,1,,,0,,,0,,,0,,,0,,,0,,,0,,,0,,,0,,,0,,,0,1203.5,1203.5,baghdad_kifah,,,0
2020-02-26,,,0,,,0,,,0,,,0,,,0,1201.0,1201.0,1,,,0,,,0,,,0,1203.5,1203.5,1,,,0,1201.75,1201.75,1,,,0,,,0,,,0,,,0,,,0,,,0,,,0,,,0,,,0,,,0,1201.0,1201.0,baghdad_kifah,,,0
2020-02-27,,,0,,,0,,,0,,,0,,,0,1201.75,1201.75,1,,,0,,,0,,,0,1203.5,1203.5,1,,,0,1201.25,1201.25,1,,,0,,,0,,,0,,,0,,,0,,,0,,,0,,,0,,,0,,,0,1201.75,1201.75,baghdad_kifah,,,0
2020-03-01,1205.5,1205.5,1,,,0,,,0,,,0,,,0,1203.0,1203.0,1,,,0,,,0,,,0,1204.5,1204.5,1,,,0,1203.25,1203.25,1,,,0,,,0,,,0,,,0,,,0,,,0,,,0,,,0,,,0,,,0,1203.0,1203.0,baghdad_kifah,,,0
2020-03-02,,,0,,,0,,,0,,,0,,,0,1203.5,1203.5,1,,,0,,,0,,,0,1205.0,1205.0,1,,,0,1203.25,1203.25,1,,,0,,,0,,,0,,,0,,,0,,,0,,,0,,,0,,,0,,,0,1203.5,1203.5,baghdad_kifah,,,0
2020-03-03,,,0,,,0,,,0,,,0,,,0,1204.5,1204.5,1,,,0,,,0,,,0,1206.0,1206.0,1,,,0,1203.5,1203.5,1,,,0,,,0,,,0,,,0,,,0,,,0,,,0,,,0,,,0,,,0,1204.5,1204.5,baghdad_kifah,,,0
2020-03-04,,,0,,,0,,,0,,,0,,,0,1204.75,1204.75,1,,,0,,,0,,,0,1205.5,1205.5,1,,,0,1204.5,1204.5,1,,,0,,,0,,,0,,,0,,,0,,,0,,,0,,,0,,,0,,,0,1204.75,1204.75,baghdad_kifah,,,0
2020-03-05,,,0,,,0,,,0,,,0,,,0,1206.0,1206.0,1,,,0,,,0,,,0,1208.0,1208.0,1,,,0,1207.0,1207.0,1,,,0,,,0,,,0,,,0,,,0,,,0,,,0,,,0,,,0,,,0,1206.0,1206.0,baghdad_kifah,,,0
2020-03-08,,,0,,,0,,,0,,,0,,,0,1208.5,1208.5,1,,,0,,,0,,,0,1209.0,1209.0,1,,,0,1210.0,1210.0,1,,,0,,,0,,,0,,,0,,,0,,,0,,,0,,,0,,,0,,,0,1208.5,1208.5,baghdad_kifah,,,0
2020-03-09,,,0,,,0,,,0,,,0,,,0,1213.0,1213.0,1,,,0,,,0,,,0,1216.0,1216.0,1,,,0,1216.5,1216.5,1,,,0,,,0,,,0,,,0,,,0,,,0,,,0,,,0,,,0,,,0,1213.0,1213.0,baghdad_kifah,,,0
2020-03-10,1214.5,1214.5,1,,,0,,,0,,,0,,,0,1212.0,1212.0,1,,,0,,,0,,,0,1215.0,1215.0,1,,,0,1214.5,1214.5,1,,,0,,,0,,,0,1214.0,1214.0,1,,,0,,,0,,,0,,,0,,,0,,,0,1212.0,1212.0,baghdad_kifah,,,0
2020-03-11,1216.0,1216.0,1,,,0,,,0,,,0,,,0,1212.5,1212.5,1,,,0,,,0,,,0,1216.0,1216.0,1,,,0,1212.75,1212.75,1,,,0,,,0,,,0,,,0,,,0,,,0,,,0,,,0,,,0,,,0,1212.5,1212.5,baghdad_kifah,,,0
2020-03-12,1216.5,1216.5,1,,,0,,,0,,,0,,,0,1213.5,1213.5,1,,,0,,,0,,,0,1217.5,1217.5,1,,,0,1216.25,1216.25,1,,,0,,,0,,,0,,,0,,,0,,,0,,,0,,,0,,,0,,,0,1213.5,1213.5,baghdad_kifah,,,0
2020-03-15,,,0,,,0,,,0,,,0,,,0,1214.0,1214.0,1,,,0,,,0,,,0,1217.5,1217.5,1,,,0,,,0,,,0,,,0,,,0,,,0,,,0,,,0,,,0,,,0,,,0,,,0,1214.0,1214.0,baghdad_kifah,,,0
2020-03-16,,,0,,,0,,,0,,,0,,,0,1215.0,1215.0,1,,,0,,,0,,,0,1219.0,1219.0,1,,,0,,,0,,,0,,,0,,,0,,,0,,,0,,,0,,,0,,,0,,,0,,,0,1215.0,1215.0,baghdad_kifah,,,0
2020-03-17,,,0,,,0,,,0,,,0,,,0,1215.0,1215.0,1,,,0,,,0,,,0,,,0,,,0,,,0,,,0,,,0,,,0,,,0,,,0,1215.0,1215.0,1,,,0,,,0,,,0,,,0,1215.0,1215.0,baghdad_kifah,,,0
2020-04-19,,,0,,,0,1220.0,1220.0,1,,,0,,,0,,,0,,,0,,,0,,,0,1222.5,1222.5,1,,,0,,,0,,,0,,,0,,,0,,,0,,,0,,,0,,,0,,,0,,,0,,,0,1220.0,1220.0,baghdad_generic,,,0
2020-04-22,,,0,,,0,,,0,,,0,,,0,1231.0,1231.0,1,,,0,,,0,,,0,1233.5,1233.5,1,,,0,,,0,,,0,,,0,,,0,,,0,,,0,1235.0,1235.0,1,,,0,1235.0,1235.0,1,,,0,,,0,1231.0,1231.0,baghdad_kifah,,,0
2020-04-26,,,0,,,0,,,0,,,0,,,0,1231.0,1231.0,1,,,0,,,0,,,0,1233.5,1233.5,1,,,0,1231.5,1231.5,1,,,0,,,0,,,0,,,0,,,0,,,0,,,0,,,0,,,0,,,0,1231.0,1231.0,baghdad_kifah,,,0
2020-04-29,,,0,,,0,,,0,,,0,,,0,1242.0,1242.0,1,,,0,,,0,,,0,1241.0,1241.0,1,,,0,1240.0,1240.0,1,,,0,,,0,,,0,1245.0,1245.0,1,1245.0,1245.0,1,,,0,,,0,1245.0,1245.0,1,,,0,,,0,1242.0,1242.0,baghdad_kifah,,,0
2020-04-30,1238.0,1238.0,1,,,0,,,0,,,0,,,0,1236.5,1236.5,1,,,0,,,0,,,0,1237.0,1237.0,1,,,0,1237.5,1237.5,1,,,0,,,0,,,0,,,0,,,0,,,0,,,0,,,0,,,0,,,0,1236.5,1236.5,baghdad_kifah,,,0
2020-05-04,,,0,,,0,,,0,,,0,,,0,1238.0,1238.0,1,,,0,,,0,,,0,1241.0,1241.0,1,,,0,1238.5,1238.5,1,,,0,,,0,,,0,,,0,,,0,,,0,,,0,,,0,,,0,,,0,1238.0,1238.0,baghdad_kifah,,,0
2020-05-05,1242.5,1242.5,1,,,0,,,0,,,0,,,0,1243.0,1243.0,1,,,0,,,0,,,0,1243.0,1243.0,1,,,0,1241.5,1241.5,1,,,0,,,0,,,0,,,0,1245.0,1245.0,1,,,0,,,0,,,0,,,0,,,0,1243.0,1243.0,baghdad_kifah,,,0
2020-05-07,1240.0,1240.0,1,,,0,,,0,,,0,,,0,1238.5,1238.5,1,,,0,,,0,,,0,1239.0,1239.0,1,,,0,1237.0,1237.0,1,,,0,,,0,,,0,1239.5,1239.5,1,,,0,,,0,,,0,,,0,,,0,,,0,1238.5,1238.5,baghdad_kifah,,,0
2020-05-10,,,0,,,0,,,0,,,0,,,0,1238.0,1238.0,1,,,0,,,0,,,0,1238.5,1238.5,1,,,0,1236.5,1236.5,1,,,0,,,0,,,0,,,0,,,0,,,0,,,0,,,0,,,0,,,0,1238.0,1238.0,baghdad_kifah,,,0
2020-05-11,1240.0,1240.0,1,,,0,,,0,,,0,,,0,1239.0,1239.0,1,,,0,,,0,,,0,1240.0,1240.0,1,,,0,1236.75,1236.75,1,,,0,,,0,,,0,,,0,,,0,,,0,,,0,,,0,,,0,,,0,1239.0,1239.0,baghdad_kifah,,,0
2020-05-12,1240.0,1240.0,1,,,0,,,0,,,0,,,0,1238.0,1238.0,1,,,0,,,0,,,0,1240.0,1240.0,1,,,0,1237.5,1237.5,1,,,0,,,0,,,0,,,0,,,0,1240.0,1240.0,1,1241.0,1241.0,1,1241.0,1241.0,1,,,0,,,0,1238.0,1238.0,baghdad_kifah,,,0
2020-05-13,,,0,,,0,,,0,,,0,,,0,1232.5,1232.5,1,,,0,,,0,,,0,1234.0,1234.0,1,,,0,1233.0,1233.0,1,,,0,,,0,,,0,,,0,,,0,,,0,,,0,,,0,,,0,,,0,1232.5,1232.5,baghdad_kifah,,,0
2020-05-17,,,0,,,0,,,0,,,0,,,0,1226.5,1226.5,1,,,0,,,0,,,0,1228.5,1228.5,1,,,0,1222.5,1222.5,1,,,0,,,0,,,0,,,0,,,0,,,0,,,0,,,0,,,0,,,0,1226.5,1226.5,baghdad_kifah,,,0
2020-05-18,,,0,,,0,,,0,,,0,,,0,1220.0,1220.0,1,,,0,,,0,,,0,1224.0,1224.0,1,,,0,1222.0,1222.0,1,,,0,,,0,,,0,,,0,,,0,,,0,,,0,,,0,,,0,,,0,1220.0,1220.0,baghdad_kifah,,,0
2020-05-19,,,0,,,0,,,0,,,0,,,0,1225.0,1225.0,1,,,0,,,0,,,0,1226.5,1226.5,1,,,0,1221.5,1221.5,1,,,0,,,0,,,0,,,0,,,0,,,0,,,0,,,0,,,0,,,0,1225.0,1225.0,baghdad_kifah,,,0
2020-05-20,,,0,,,0,,,0,,,0,,,0,1229.0,1229.0,1,,,0,,,0,,,0,1231.0,1231.0,1,,,0,1226.0,1226.0,1,,,0,,,0,,,0,,,0,,,0,,,0,,,0,1230.0,1230.0,1,,,0,,,0,1229.0,1229.0,baghdad_kifah,,,0
2020-05-21,,,0,,,0,,,0,,,0,,,0,1230.0,1230.0,1,,,0,,,0,,,0,1232.5,1232.5,1,,,0,1227.0,1227.0,1,,,0,,,0,,,0,,,0,,,0,,,0,,,0,,,0,,,0,,,0,1230.0,1230.0,baghdad_kifah,,,0
2020-05-31,,,0,,,0,1239.0,1239.0,1,,,0,,,0,,,0,,,0,,,0,,,0,1238.5,1238.5,1,,,0,1234.0,1234.0,1,,,0,,,0,,,0,,,0,,,0,,,0,,,0,,,0,,,0,,,0,1239.0,1239.0,baghdad_generic,,,0
2020-06-01,,,0,,,0,,,0,,,0,,,0,1240.0,1240.0,1,,,0,,,0,,,0,1241.0,1241.0,1,,,0,1240.0,1240.0,1,,,0,,,0,,,0,,,0,,,0,,,0,,,0,,,0,,,0,,,0,1240.0,1240.0,baghdad_kifah,,,0
2020-06-02,,,0,,,0,,,0,,,0,,,0,1240.0,1240.0,1,,,0,,,0,,,0,1241.0,1241.0,1,,,0,1240.0,1240.0,1,,,0,,,0,,,0,,,0,,,0,,,0,,,0,,,0,,,0,,,0,1240.0,1240.0,baghdad_kifah,,,0
2020-06-03,,,0,,,0,,,0,,,0,,,0,1238.0,1238.0,1,,,0,,,0,,,0,1239.0,1239.0,1,,,0,,,0,,,0,,,0,,,0,,,0,,,0,,,0,,,0,,,0,,,0,,,0,1238.0,1238.0,baghdad_kifah,,,0
2020-06-04,,,0,,,0,,,0,,,0,,,0,1233.5,1233.5,1,,,0,,,0,,,0,1234.5,1234.5,1,,,0,1233.5,1233.5,1,,,0,,,0,,,0,,,0,,,0,,,0,,,0,,,0,,,0,,,0,1233.5,1233.5,baghdad_kifah,,,0
2020-06-07,,,0,,,0,,,0,,,0,,,0,1240.0,1240.0,1,,,0,,,0,,,0,1240.0,1240.0,1,,,0,1239.0,1239.0,1,,,0,,,0,,,0,,,0,,,0,,,0,,,0,,,0,,,0,,,0,1240.0,1240.0,baghdad_kifah,,,0
2020-06-08,,,0,,,0,,,0,,,0,,,0,1243.0,1243.0,1,,,0,,,0,,,0,1243.0,1243.0,1,,,0,1242.5,1242.5,1,,,0,,,0,,,0,,,0,,,0,,,0,,,0,,,0,,,0,,,0,1243.0,1243.0,baghdad_kifah,,,0
2020-06-09,,,0,,,0,,,0,,,0,,,0,1242.0,1242.0,1,,,0,,,0,,,0,1241.5,1241.5,1,,,0,1238.0,1238.0,1,,,0,,,0,,,0,,,0,,,0,,,0,,,0,,,0,,,0,,,0,1242.0,1242.0,baghdad_kifah,,,0
2020-06-11,,,0,,,0,,,0,,,0,,,0,1241.0,1241.0,1,,,0,,,0,,,0,1241.5,1241.5,1,,,0,1240.0,1240.0,1,,,0,,,0,,,0,,,0,,,0,,,0,,,0,,,0,,,0,,,0,1241.0,1241.0,baghdad_kifah,,,0
2020-06-14,,,0,,,0,,,0,,,0,,,0,1238.0,1238.0,1,,,0,,,0,,,0,1238.0,1238.0,1,,,0,1237.5,1237.5,1,,,0,,,0,,,0,,,0,,,0,,,0,,,0,,,0,,,0,,,0,1238.0,1238.0,baghdad_kifah,,,0
2020-06-15,,,0,,,0,,,0,,,0,,,0,1236.0,1236.0,1,,,0,,,0,,,0,1237.5,1237.5,1,,,0,1235.0,1235.0,1,,,0,,,0,,,0,,,0,,,0,,,0,,,0,,,0,,,0,,,0,1236.0,1236.0,baghdad_kifah,,,0
2020-06-16,1239.0,1239.0,1,,,0,,,0,,,0,,,0,1237.5,1237.5,1,,,0,,,0,,,0,1238.5,1238.5,1,,,0,1237.25,1237.25,1,,,0,,,0,,,0,,,0,1240.0,1240.0,1,,,0,,,0,,,0,,,0,,,0,1237.5,1237.5,baghdad_kifah,,,0
2020-06-17,,,0,,,0,,,0,,,0,,,0,1244.0,1244.0,1,,,0,,,0,,,0,1242.5,1242.5,1,,,0,1243.0,1243.0,1,,,0,,,0,,,0,,,0,,,0,,,0,,,0,,,0,,,0,,,0,1244.0,1244.0,baghdad_kifah,,,0
2020-06-18,,,0,,,0,,,0,,,0,,,0,1241.0,1241.0,1,,,0,,,0,,,0,1241.5,1241.5,1,,,0,1241.0,1241.0,1,,,0,,,0,,,0,,,0,,,0,,,0,,,0,,,0,,,0,,,0,1241.0,1241.0,baghdad_kifah,,,0
2020-06-21,,,0,,,0,,,0,,,0,,,0,1239.5,1239.5,1,,,0,,,0,,,0,1240.0,1240.0,1,,,0,1240.0,1240.0,1,,,0,,,0,,,0,,,0,,,0,,,0,,,0,,,0,,,0,,,0,1239.5,1239.5,baghdad_kifah,,,0
2020-06-22,,,0,,,0,,,0,,,0,,,0,1244.5,1244.5,1,,,0,,,0,,,0,1245.0,1245.0,1,,,0,1245.0,1245.0,1,,,0,,,0,,,0,,,0,,,0,,,0,,,0,,,0,,,0,,,0,1244.5,1244.5,baghdad_kifah,,,0
2020-06-23,,,0,,,0,,,0,,,0,,,0,1243.0,1243.0,1,,,0,,,0,,,0,,,0,,,0,1245.0,1245.0,1,,,0,,,0,,,0,,,0,1245.0,1245.0,1,,,0,,,0,,,0,,,0,,,0,1243.0,1243.0,baghdad_kifah,,,0
2020-06-25,,,0,,,0,,,0,,,0,,,0,1237.5,1237.5,1,,,0,,,0,,,0,,,0,,,0,1242.75,1242.75,1,,,0,,,0,,,0,,,0,,,0,,,0,,,0,,,0,,,0,,,0,1237.5,1237.5,baghdad_kifah,,,0
2020-06-28,,,0,,,0,,,0,,,0,,,0,1228.0,1228.0,1,,,0,,,0,,,0,1230.0,1230.0,1,,,0,1232.5,1232.5,1,,,0,,,0,,,0,,,0,,,0,,,0,,,0,,,0,,,0,,,0,1228.0,1228.0,baghdad_kifah,,,0
2020-06-29,,,0,,,0,1229.0,1229.0,1,,,0,,,0,,,0,,,0,,,0,,,0,1230.0,1230.0,1,,,0,1239.0,1239.0,1,,,0,,,0,,,0,,,0,,,0,,,0,,,0,,,0,,,0,,,0,1229.0,1229.0,baghdad_generic,,,0
2020-06-30,,,0,,,0,,,0,,,0,,,0,1224.5,1224.5,1,,,0,,,0,,,0,1227.0,1227.0,1,,,0,,,0,,,0,,,0,,,0,,,0,,,0,,,0,,,0,,,0,,,0,,,0,1224.5,1224.5,baghdad_kifah,,,0
2020-07-02,,,0,,,0,,,0,,,0,,,0,1225.0,1225.0,1,,,0,,,0,,,0,1230.0,1230.0,1,,,0,,,0,,,0,,,0,,,0,,,0,,,0,,,0,,,0,,,0,,,0,,,0,1225.0,1225.0,baghdad_kifah,,,0
2020-07-05,,,0,,,0,,,0,,,0,,,0,1230.0,1230.0,1,,,0,,,0,,,0,1230.0,1230.0,1,,,0,1231.0,1231.0,1,,,0,,,0,,,0,,,0,,,0,,,0,,,0,,,0,,,0,,,0,1230.0,1230.0,baghdad_kifah,,,0
2020-07-06,1230.0,1230.0,1,,,0,,,0,,,0,,,0,1227.0,1227.0,1,,,0,,,0,,,0,1229.5,1229.5,1,,,0,1229.0,1229.0,1,,,0,,,0,,,0,,,0,,,0,,,0,,,0,,,0,,,0,,,0,1227.0,1227.0,baghdad_kifah,,,0
2020-07-07,1228.0,1228.0,1,1225.5,1225.5,1,,,0,,,0,,,0,1224.0,1224.0,1,,,0,,,0,,,0,1226.5,1226.5,1,,,0,1227.5,1227.5,1,,,0,,,0,,,0,,,0,,,0,,,0,1226.5,1226.5,1,,,0,,,0,,,0,1224.0,1224.0,baghdad_kifah,,,0
2020-07-08,,,0,,,0,,,0,,,0,,,0,1228.0,1228.0,1,,,0,,,0,,,0,1230.0,1230.0,1,,,0,1229.5,1229.5,1,,,0,,,0,,,0,,,0,,,0,,,0,,,0,,,0,,,0,,,0,1228.0,1228.0,baghdad_kifah,,,0
2020-07-09,,,0,,,0,,,0,,,0,,,0,1228.5,1228.5,1,,,0,,,0,,,0,1229.0,1229.0,1,,,0,1231.25,1231.25,1,,,0,,,0,,,0,,,0,,,0,,,0,,,0,,,0,,,0,,,0,1228.5,1228.5,baghdad_kifah,,,0
2020-07-12,,,0,,,0,,,0,,,0,,,0,1228.5,1228.5,1,,,0,,,0,,,0,1229.0,1229.0,1,,,0,1231.5,1231.5,1,,,0,,,0,,,0,,,0,,,0,,,0,,,0,,,0,,,0,,,0,1228.5,1228.5,baghdad_kifah,,,0
2020-07-13,,,0,,,0,,,0,,,0,,,0,1229.5,1229.5,1,,,0,,,0,,,0,1229.5,1229.5,1,,,0,1231.25,1231.25,1,,,0,,,0,,,0,,,0,,,0,,,0,,,0,,,0,,,0,,,0,1229.5,1229.5,baghdad_kifah,,,0
2020-07-14,1231.0,1231.0,1,,,0,,,0,,,0,,,0,1229.5,1229.5,1,,,0,,,0,,,0,1231.0,1231.0,1,,,0,1233.0,1233.0,1,,,0,,,0,,,0,,,0,,,0,,,0,,,0,,,0,,,0,,,0,1229.5,1229.5,baghdad_kifah,,,0
2020-07-15,,,0,,,0,,,0,,,0,,,0,1233.5,1233.5,1,,,0,,,0,,,0,1234.0,1234.0,1,,,0,1236.0,1236.0,1,,,0,,,0,,,0,,,0,,,0,,,0,,,0,,,0,,,0,,,0,1233.5,1233.5,baghdad_kifah,,,0
2020-07-16,,,0,,,0,,,0,,,0,,,0,1233.5,1233.5,1,,,0,,,0,,,0,1234.0,1234.0,1,,,0,1236.0,1236.0,1,,,0,,,0,,,0,,,0,,,0,,,0,,,0,,,0,,,0,,,0,1233.5,1233.5,baghdad_kifah,,,0
2020-07-19,,,0,,,0,,,0,,,0,,,0,1239.0,1239.0,1,,,0,,,0,,,0,1238.0,1238.0,1,,,0,1239.0,1239.0,1,,,0,,,0,,,0,,,0,,,0,,,0,1241.5,1241.5,1,1240.0,1240.0,1,,,0,,,0,1239.0,1239.0,baghdad_kifah,,,0
2020-07-20,,,0,,,0,,,0,,,0,,,0,1241.0,1241.0,1,,,0,,,0,,,0,1239.0,1239.0,1,,,0,1241.0,1241.0,1,,,0,,,0,,,0,,,0,,,0,1245.0,1245.0,1,,,0,,,0,,,0,,,0,1241.0,1241.0,baghdad_kifah,,,0
2020-07-21,,,0,,,0,,,0,,,0,,,0,1239.0,1239.0,1,,,0,,,0,,,0,1239.0,1239.0,1,,,0,1240.0,1240.0,1,,,0,,,0,,,0,,,0,,,0,,,0,,,0,,,0,,,0,,,0,1239.0,1239.0,baghdad_kifah,,,0
2020-07-22,,,0,,,0,,,0,,,0,,,0,1241.0,1241.0,1,,,0,,,0,,,0,1240.0,1240.0,1,,,0,1241.75,1241.75,1,,,0,,,0,,,0,,,0,,,0,,,0,,,0,,,0,,,0,,,0,1241.0,1241.0,baghdad_kifah,,,0
2020-07-23,,,0,,,0,,,0,,,0,,,0,1237.5,1237.5,1,,,0,,,0,,,0,1238.0,1238.0,1,,,0,1239.5,1239.5,1,,,0,,,0,,,0,,,0,,,0,,,0,,,0,,,0,,,0,,,0,1237.5,1237.5,baghdad_kifah,,,0
2020-07-26,,,0,,,0,,,0,,,0,,,0,1237.0,1237.0,1,,,0,,,0,,,0,1237.5,1237.5,1,,,0,1239.5,1239.5,1,,,0,,,0,,,0,,,0,,,0,,,0,,,0,,,0,,,0,,,0,1237.0,1237.0,baghdad_kifah,,,0
2020-07-27,,,0,,,0,,,0,,,0,,,0,1237.5,1237.5,1,,,0,,,0,,,0,1237.5,1237.5,1,,,0,1239.5,1239.5,1,,,0,,,0,,,0,,,0,,,0,,,0,,,0,,,0,,,0,,,0,1237.5,1237.5,baghdad_kifah,,,0
2020-07-28,,,0,,,0,,,0,,,0,,,0,1237.0,1237.0,1,,,0,,,0,,,0,1238.0,1238.0,1,,,0,1239.5,1239.5,1,,,0,,,0,,,0,,,0,,,0,,,0,,,0,,,0,,,0,,,0,1237.0,1237.0,baghdad_kifah,,,0
2020-07-29,,,0,,,0,,,0,,,0,,,0,1238.5,1238.5,1,,,0,,,0,,,0,1239.0,1239.0,1,,,0,1240.25,1240.25,1,,,0,,,0,,,0,,,0,,,0,,,0,,,0,,,0,,,0,,,0,1238.5,1238.5,baghdad_kifah,,,0
2020-07-30,,,0,,,0,,,0,,,0,,,0,,,0,,,0,,,0,,,0,1237.0,1237.0,1,,,0,1238.0,1238.0,1,,,0,,,0,,,0,,,0,,,0,,,0,,,0,,,0,,,0,,,0,,,,,,0
2020-08-09,1239.5,1239.5,1,,,0,,,0,,,0,,,0,1238.0,1238.0,1,,,0,,,0,,,0,1238.0,1238.0,1,,,0,1237.0,1237.0,1,,,0,,,0,,,0,,,0,1240.0,1240.0,1,,,0,,,0,,,0,,,0,,,0,1238.0,1238.0,baghdad_kifah,,,0
2020-08-10,,,0,,,0,,,0,,,0,,,0,1236.5,1236.5,1,,,0,,,0,,,0,1237.5,1237.5,1,,,0,1235.0,1235.0,1,,,0,,,0,,,0,,,0,,,0,,,0,,,0,,,0,,,0,,,0,1236.5,1236.5,baghdad_kifah,,,0
2020-08-11,,,0,,,0,,,0,,,0,,,0,1235.5,1235.5,1,,,0,,,0,,,0,1236.0,1236.0,1,,,0,1235.25,1235.25,1,,,0,,,0,,,0,,,0,,,0,,,0,,,0,,,0,,,0,,,0,1235.5,1235.5,baghdad_kifah,,,0
2020-08-12,,,0,,,0,,,0,,,0,,,0,1236.5,1236.5,1,,,0,,,0,,,0,1236.5,1236.5,1,,,0,1237.0,1237.0,1,,,0,,,0,,,0,,,0,,,0,,,0,,,0,,,0,,,0,,,0,1236.5,1236.5,baghdad_kifah,,,0
2020-08-13,1236.5,1236.5,1,,,0,,,0,,,0,,,0,1233.5,1233.5,1,,,0,,,0,,,0,1235.5,1235.5,1,,,0,1234.5,1234.5,1,,,0,,,0,,,0,,,0,,,0,,,0,,,0,,,0,,,0,,,0,1233.5,1233.5,baghdad_kifah,,,0
2020-08-16,1235.0,1235.0,1,,,0,,,0,,,0,,,0,1231.5,1231.5,1,,,0,,,0,,,0,1233.0,1233.0,1,,,0,1231.5,1231.5,1,,,0,,,0,,,0,,,0,,,0,1235.0,1235.0,1,1234.0,1234.0,1,,,0,,,0,,,0,1231.5,1231.5,baghdad_kifah,,,0
2020-08-17,,,0,,,0,,,0,,,0,,,0,1226.0,1226.0,1,,,0,,,0,,,0,1227.5,1227.5,1,,,0,1229.5,1229.5,1,,,0,,,0,,,0,,,0,,,0,,,0,,,0,,,0,,,0,,,0,1226.0,1226.0,baghdad_kifah,,,0
2020-08-18,,,0,,,0,,,0,,,0,,,0,1226.5,1226.5,1,,,0,,,0,,,0,1228.5,1228.5,1,,,0,1231.0,1231.0,1,,,0,,,0,,,0,,,0,,,0,,,0,1229.0,1229.0,1,,,0,,,0,,,0,1226.5,1226.5,baghdad_kifah,,,0
2020-08-19,,,0,,,0,,,0,,,0,,,0,1228.0,1228.0,1,,,0,,,0,,,0,1229.0,1229.0,1,,,0,1232.0,1232.0,1,,,0,,,0,,,0,,,0,,,0,1232.5,1232.5,1,,,0,,,0,,,0,,,0,1228.0,1228.0,baghdad_kifah,,,0
2020-08-23,,,0,,,0,,,0,,,0,,,0,1228.5,1228.5,1,,,0,,,0,,,0,1229.5,1229.5,1,,,0,1232.0,1232.0,1,,,0,,,0,,,0,,,0,,,0,,,0,,,0,,,0,,,0,,,0,1228.5,1228.5,baghdad_kifah,,,0
2020-08-24,,,0,,,0,,,0,,,0,,,0,1228.5,1228.5,1,,,0,,,0,,,0,1230.0,1230.0,1,1229.0,1229.0,1,1232.75,1232.75,1,,,0,,,0,,,0,,,0,,,0,,,0,1231.5,1231.5,1,1232.5,1232.5,1,,,0,,,0,1228.5,1228.5,baghdad_kifah,,,0
2020-08-26,,,0,,,0,,,0,,,0,,,0,1229.0,1229.0,1,,,0,,,0,,,0,1229.5,1229.5,1,,,0,1231.5,1231.5,1,,,0,,,0,,,0,,,0,,,0,,,0,,,0,,,0,,,0,,,0,1229.0,1229.0,baghdad_kifah,,,0
2020-08-27,,,0,,,0,,,0,,,0,,,0,1228.5,1228.5,1,,,0,,,0,,,0,,,0,,,0,1230.75,1230.75,1,,,0,,,0,,,0,,,0,,,0,,,0,,,0,,,0,,,0,,,0,1228.5,1228.5,baghdad_kifah,,,0
2020-08-31,,,0,,,0,,,0,,,0,,,0,1228.0,1228.0,1,,,0,,,0,,,0,1229.5,1229.5,1,,,0,1231.5,1231.5,1,,,0,,,0,,,0,,,0,,,0,,,0,,,0,,,0,,,0,,,0,1228.0,1228.0,baghdad_kifah,,,0
2020-09-01,,,0,,,0,,,0,,,0,,,0,1228.0,1228.0,1,,,0,,,0,,,0,1229.5,1229.5,1,,,0,1231.5,1231.5,1,,,0,,,0,,,0,,,0,,,0,,,0,,,0,,,0,,,0,,,0,1228.0,1228.0,baghdad_kifah,,,0
2020-09-02,,,0,,,0,,,0,,,0,,,0,1229.0,1229.0,1,,,0,,,0,,,0,1229.0,1229.0,1,,,0,1231.5,1231.5,1,,,0,,,0,,,0,,,0,1230.0,1230.0,1,,,0,,,0,,,0,,,0,,,0,1229.0,1229.0,baghdad_kifah,,,0
2020-09-03,,,0,,,0,,,0,,,0,,,0,1229.0,1229.0,1,,,0,,,0,,,0,1229.5,1229.5,1,,,0,1231.0,1231.0,1,,,0,,,0,,,0,,,0,,,0,,,0,,,0,,,0,1231.0,1231.0,1,,,0,1229.0,1229.0,baghdad_kifah,,,0
2020-09-06,,,0,,,0,,,0,,,0,,,0,1230.0,1230.0,1,,,0,,,0,,,0,1231.0,1231.0,1,,,0,1231.5,1231.5,1,,,0,,,0,,,0,,,0,1231.5,1231.5,1,,,0,,,0,,,0,1233.0,1233.0,1,,,0,1230.0,1230.0,baghdad_kifah,,,0
2020-09-07,,,0,,,0,,,0,,,0,,,0,1232.0,1232.0,1,,,0,,,0,,,0,1232.5,1232.5,1,,,0,1233.0,1233.0,1,,,0,,,0,,,0,,,0,,,0,,,0,,,0,,,0,1234.0,1234.0,1,,,0,1232.0,1232.0,baghdad_kifah,,,0
2020-09-08,,,0,,,0,,,0,,,0,,,0,1230.0,1230.0,1,,,0,,,0,,,0,1231.0,1231.0,1,,,0,1232.0,1232.0,1,,,0,,,0,,,0,,,0,,,0,,,0,,,0,,,0,,,0,,,0,1230.0,1230.0,baghdad_kifah,,,0
2020-09-09,1233.0,1233.0,1,,,0,,,0,,,0,,,0,1230.0,1230.0,1,,,0,,,0,,,0,1231.0,1231.0,1,,,0,1231.75,1231.75,1,,,0,,,0,,,0,,,0,1232.5,1232.5,1,,,0,,,0,,,0,1232.0,1232.0,1,,,0,1230.0,1230.0,baghdad_kifah,,,0
2020-09-10,,,0,,,0,,,0,,,0,,,0,1231.0,1231.0,1,,,0,,,0,,,0,1231.5,1231.5,1,,,0,1232.5,1232.5,1,,,0,,,0,,,0,,,0,,,0,,,0,,,0,,,0,1233.0,1233.0,1,,,0,1231.0,1231.0,baghdad_kifah,,,0
2020-09-13,1233.5,1233.5,1,,,0,,,0,,,0,,,0,1231.5,1231.5,1,,,0,,,0,,,0,1232.5,1232.5,1,,,0,1232.5,1232.5,1,,,0,,,0,,,0,,,0,,,0,,,0,,,0,1233.5,1233.5,1,1233.5,1233.5,1,,,0,1231.5,1231.5,baghdad_kifah,,,0
2020-09-14,,,0,,,0,,,0,,,0,,,0,1232.5,1232.5,1,,,0,,,0,,,0,1233.5,1233.5,1,,,0,1233.0,1233.0,1,,,0,,,0,,,0,,,0,1235.0,1235.0,1,,,0,,,0,,,0,,,0,,,0,1232.5,1232.5,baghdad_kifah,,,0
2020-09-15,,,0,,,0,,,0,,,0,,,0,1233.5,1233.5,1,,,0,,,0,,,0,1234.5,1234.5,1,,,0,1233.5,1233.5,1,,,0,,,0,,,0,,,0,,,0,,,0,,,0,,,0,,,0,,,0,1233.5,1233.5,baghdad_kifah,,,0
2020-09-16,,,0,,,0,,,0,,,0,,,0,1230.5,1230.5,1,,,0,,,0,,,0,1230.5,1230.5,1,,,0,1230.75,1230.75,1,,,0,,,0,,,0,,,0,,,0,,,0,,,0,,,0,,,0,,,0,1230.5,1230.5,baghdad_kifah,,,0
2020-09-17,,,0,,,0,,,0,,,0,,,0,1230.5,1230.5,1,,,0,,,0,,,0,1231.5,1231.5,1,,,0,1231.0,1231.0,1,,,0,,,0,,,0,,,0,1232.5,1232.5,1,,,0,,,0,,,0,,,0,,,0,1230.5,1230.5,baghdad_kifah,,,0
2020-09-20,,,0,,,0,,,0,,,0,,,0,1229.5,1229.5,1,,,0,,,0,,,0,1231.0,1231.0,1,,,0,1230.75,1230.75,1,,,0,,,0,,,0,,,0,,,0,,,0,,,0,,,0,,,0,,,0,1229.5,1229.5,baghdad_kifah,,,0
2020-09-21,,,0,,,0,,,0,,,0,,,0,1229.0,1229.0,1,,,0,,,0,,,0,1231.0,1231.0,1,,,0,1229.25,1229.25,1,,,0,,,0,,,0,,,0,,,0,,,0,,,0,,,0,,,0,,,0,1229.0,1229.0,baghdad_kifah,,,0
2020-09-22,,,0,,,0,,,0,,,0,,,0,1230.0,1230.0,1,,,0,,,0,,,0,1231.0,1231.0,1,,,0,1230.25,1230.25,1,,,0,,,0,,,0,,,0,,,0,,,0,,,0,,,0,,,0,,,0,1230.0,1230.0,baghdad_kifah,,,0
2020-09-23,1232.0,1232.0,1,,,0,,,0,,,0,,,0,1230.0,1230.0,1,,,0,,,0,,,0,1231.0,1231.0,1,,,0,1230.5,1230.5,1,,,0,,,0,,,0,,,0,,,0,,,0,,,0,,,0,,,0,,,0,1230.0,1230.0,baghdad_kifah,,,0
2020-09-24,1232.0,1232.0,1,,,0,,,0,,,0,,,0,1229.0,1229.0,1,,,0,,,0,,,0,1230.5,1230.5,1,,,0,1230.25,1230.25,1,,,0,,,0,,,0,,,0,1231.0,1231.0,1,,,0,,,0,,,0,,,0,,,0,1229.0,1229.0,baghdad_kifah,,,0
2020-09-27,,,0,,,0,,,0,,,0,,,0,1228.5,1228.5,1,,,0,,,0,,,0,1230.0,1230.0,1,,,0,1229.75,1229.75,1,,,0,,,0,,,0,,,0,,,0,,,0,,,0,,,0,,,0,,,0,1228.5,1228.5,baghdad_kifah,,,0
2020-09-28,,,0,,,0,,,0,,,0,,,0,1228.5,1228.5,1,,,0,,,0,,,0,1229.5,1229.5,1,,,0,1230.25,1230.25,1,,,0,,,0,,,0,,,0,,,0,,,0,,,0,1231.0,1231.0,1,1231.0,1231.0,1,,,0,1228.5,1228.5,baghdad_kifah,,,0
2020-09-29,1234.5,1234.5,1,,,0,,,0,,,0,,,0,1233.5,1233.5,1,,,0,,,0,,,0,1234.0,1234.0,1,,,0,1233.25,1233.25,1,,,0,,,0,,,0,,,0,,,0,,,0,,,0,,,0,,,0,,,0,1233.5,1233.5,baghdad_kifah,,,0
2020-09-30,,,0,,,0,,,0,,,0,,,0,1235.0,1235.0,1,,,0,,,0,,,0,1236.0,1236.0,1,,,0,1236.5,1236.5,1,,,0,,,0,,,0,,,0,,,0,,,0,,,0,,,0,1237.5,1237.5,1,,,0,1235.0,1235.0,baghdad_kifah,,,0
2020-10-04,1239.0,1239.0,1,,,0,,,0,,,0,,,0,1237.0,1237.0,1,,,0,,,0,,,0,1237.5,1237.5,1,,,0,1236.5,1236.5,1,,,0,,,0,,,0,,,0,,,0,,,0,,,0,,,0,,,0,,,0,1237.0,1237.0,baghdad_kifah,,,0
2020-10-05,,,0,,,0,,,0,,,0,,,0,1232.5,1232.5,1,,,0,,,0,,,0,1235.0,1235.0,1,,,0,1234.25,1234.25,1,,,0,,,0,,,0,,,0,1235.0,1235.0,1,,,0,,,0,,,0,,,0,,,0,1232.5,1232.5,baghdad_kifah,,,0
2020-10-06,,,0,,,0,,,0,,,0,,,0,1237.0,1237.0,1,,,0,,,0,,,0,1237.5,1237.5,1,,,0,1238.25,1238.25,1,,,0,,,0,,,0,,,0,1240.0,1240.0,1,,,0,,,0,,,0,1239.0,1239.0,1,,,0,1237.0,1237.0,baghdad_kifah,,,0
2020-10-07,,,0,,,0,,,0,,,0,,,0,,,0,,,0,,,0,,,0,1238.5,1238.5,1,,,0,1237.5,1237.5,1,,,0,,,0,,,0,,,0,1240.0,1240.0,1,,,0,,,0,,,0,1240.0,1240.0,1,,,0,,,,,,0
2020-10-08,,,0,,,0,,,0,1237.0,1237.0,1,,,0,,,0,,,0,,,0,,,0,,,0,,,0,1237.5,1237.5,1,,,0,,,0,,,0,,,0,,,0,,,0,,,0,,,0,,,0,,,0,1237.0,1237.0,baghdad_harithiya,,,0
2020-10-11,,,0,,,0,,,0,,,0,,,0,1238.5,1238.5,1,,,0,,,0,,,0,1240.0,1240.0,1,,,0,1239.25,1239.25,1,,,0,,,0,,,0,,,0,,,0,,,0,,,0,,,0,1240.0,1240.0,1,,,0,1238.5,1238.5,baghdad_kifah,,,0
2020-10-12,,,0,,,0,,,0,,,0,,,0,1238.0,1238.0,1,,,0,,,0,,,0,1240.0,1240.0,1,,,0,1238.0,1238.0,1,,,0,,,0,,,0,,,0,,,0,,,0,,,0,,,0,,,0,,,0,1238.0,1238.0,baghdad_kifah,,,0
2020-10-13,,,0,,,0,,,0,,,0,,,0,1238.5,1238.5,1,,,0,,,0,,,0,1239.5,1239.5,1,,,0,1239.25,1239.25,1,,,0,,,0,,,0,,,0,,,0,,,0,,,0,,,0,1240.0,1240.0,1,,,0,1238.5,1238.5,baghdad_kifah,,,0
2020-10-14,,,0,,,0,,,0,,,0,,,0,1241.0,1241.0,1,,,0,,,0,,,0,1242.0,1242.0,1,,,0,1241.25,1241.25,1,,,0,,,0,,,0,,,0,,,0,,,0,,,0,,,0,1240.0,1240.0,1,,,0,1241.0,1241.0,baghdad_kifah,,,0
2020-10-15,,,0,,,0,,,0,,,0,,,0,1244.5,1244.5,1,,,0,,,0,,,0,1245.0,1245.0,1,,,0,1244.0,1244.0,1,,,0,,,0,,,0,,,0,,,0,,,0,,,0,,,0,,,0,,,0,1244.5,1244.5,baghdad_kifah,,,0
2020-10-18,,,0,,,0,,,0,,,0,,,0,1262.0,1262.0,1,,,0,,,0,,,0,1261.0,1261.0,1,,,0,,,0,,,0,,,0,,,0,,,0,,,0,,,0,,,0,,,0,,,0,,,0,1262.0,1262.0,baghdad_kifah,,,0
2020-10-19,,,0,,,0,,,0,,,0,,,0,1246.0,1246.0,1,,,0,,,0,,,0,1246.0,1246.0,1,,,0,1246.0,1246.0,1,,,0,,,0,,,0,,,0,,,0,,,0,,,0,,,0,,,0,,,0,1246.0,1246.0,baghdad_kifah,,,0
2020-10-20,,,0,,,0,,,0,,,0,,,0,1239.0,1239.0,1,,,0,,,0,,,0,1241.0,1241.0,1,,,0,1241.0,1241.0,1,,,0,,,0,,,0,,,0,,,0,,,0,,,0,,,0,,,0,,,0,1239.0,1239.0,baghdad_kifah,,,0
2020-10-21,,,0,,,0,,,0,,,0,,,0,1248.0,1248.0,1,,,0,,,0,,,0,1248.0,1248.0,1,,,0,1249.0,1249.0,1,,,0,,,0,,,0,,,0,,,0,,,0,,,0,,,0,,,0,,,0,1248.0,1248.0,baghdad_kifah,,,0
2020-10-22,1255.0,1255.0,1,,,0,,,0,,,0,,,0,1253.0,1253.0,1,,,0,,,0,,,0,1255.0,1255.0,1,,,0,1253.5,1253.5,1,,,0,,,0,,,0,,,0,,,0,,,0,,,0,,,0,,,0,,,0,1253.0,1253.0,baghdad_kifah,,,0
2020-10-25,1253.0,1253.0,1,,,0,,,0,,,0,,,0,1249.0,1249.0,1,,,0,,,0,,,0,1250.0,1250.0,1,,,0,1251.5,1251.5,1,,,0,,,0,,,0,1252.0,1252.0,1,,,0,,,0,,,0,,,0,1251.0,1251.0,1,,,0,1249.0,1249.0,baghdad_kifah,,,0
2020-10-26,1252.5,1252.5,1,,,0,,,0,,,0,,,0,1248.5,1248.5,1,,,0,,,0,,,0,1249.5,1249.5,1,,,0,1251.25,1251.25,1,,,0,,,0,,,0,,,0,,,0,,,0,,,0,,,0,1251.0,1251.0,1,,,0,1248.5,1248.5,baghdad_kifah,,,0
2020-10-27,,,0,,,0,,,0,,,0,,,0,1248.5,1248.5,1,,,0,,,0,,,0,1249.5,1249.5,1,,,0,1251.5,1251.5,1,,,0,,,0,,,0,,,0,,,0,,,0,,,0,,,0,,,0,,,0,1248.5,1248.5,baghdad_kifah,,,0
2020-10-28,,,0,,,0,,,0,,,0,,,0,1251.0,1251.0,1,,,0,,,0,,,0,1251.0,1251.0,1,,,0,1255.0,1255.0,1,,,0,,,0,,,0,,,0,,,0,,,0,,,0,,,0,,,0,,,0,1251.0,1251.0,baghdad_kifah,,,0
2020-10-29,,,0,,,0,,,0,,,0,,,0,1250.0,1250.0,1,,,0,,,0,,,0,1251.5,1251.5,1,,,0,,,0,,,0,,,0,,,0,,,0,,,0,,,0,,,0,,,0,,,0,,,0,1250.0,1250.0,baghdad_kifah,,,0
2020-11-01,,,0,,,0,,,0,,,0,,,0,1251.0,1251.0,1,,,0,,,0,,,0,1251.5,1251.5,1,,,0,1254.0,1254.0,1,,,0,,,0,,,0,,,0,,,0,,,0,,,0,,,0,,,0,,,0,1251.0,1251.0,baghdad_kifah,,,0
2020-11-02,,,0,,,0,,,0,,,0,,,0,1252.0,1252.0,1,,,0,,,0,,,0,1252.0,1252.0,1,,,0,1255.5,1255.5,1,,,0,,,0,,,0,,,0,,,0,,,0,,,0,,,0,,,0,,,0,1252.0,1252.0,baghdad_kifah,,,0
2020-11-03,1253.0,1253.0,1,,,0,,,0,,,0,,,0,1251.0,1251.0,1,,,0,,,0,,,0,1252.0,1252.0,1,,,0,1254.25,1254.25,1,,,0,,,0,,,0,,,0,,,0,,,0,,,0,,,0,1253.0,1253.0,1,,,0,1251.0,1251.0,baghdad_kifah,,,0
2020-11-04,,,0,,,0,,,0,,,0,,,0,1248.5,1248.5,1,,,0,,,0,,,0,1251.0,1251.0,1,,,0,1251.75,1251.75,1,,,0,,,0,,,0,,,0,,,0,,,0,,,0,,,0,,,0,,,0,1248.5,1248.5,baghdad_kifah,,,0
2020-11-05,,,0,,,0,,,0,,,0,,,0,1251.0,1251.0,1,,,0,,,0,,,0,1252.0,1252.0,1,,,0,1254.0,1254.0,1,,,0,,,0,,,0,,,0,,,0,,,0,,,0,,,0,,,0,,,0,1251.0,1251.0,baghdad_kifah,,,0
2020-11-08,,,0,,,0,,,0,,,0,,,0,1250.0,1250.0,1,,,0,,,0,,,0,1250.0,1250.0,1,,,0,1251.5,1251.5,1,,,0,,,0,,,0,,,0,1252.0,1252.0,1,,,0,,,0,,,0,,,0,,,0,1250.0,1250.0,baghdad_kifah,,,0
2020-11-09,1252.5,1252.5,1,,,0,,,0,,,0,,,0,1249.0,1249.0,1,,,0,,,0,,,0,1250.0,1250.0,1,,,0,1251.5,1251.5,1,,,0,,,0,,,0,,,0,,,0,,,0,,,0,,,0,1251.5,1251.5,1,,,0,1249.0,1249.0,baghdad_kifah,,,0
2020-11-11,,,0,,,0,,,0,,,0,,,0,1249.5,1249.5,1,,,0,,,0,,,0,1250.5,1250.5,1,,,0,1251.25,1251.25,1,,,0,,,0,,,0,,,0,,,0,,,0,,,0,,,0,,,0,,,0,1249.5,1249.5,baghdad_kifah,,,0
2020-11-12,,,0,,,0,,,0,,,0,,,0,1249.5,1249.5,1,,,0,,,0,,,0,1251.0,1251.0,1,,,0,1251.25,1251.25,1,,,0,,,0,,,0,,,0,,,0,,,0,,,0,,,0,1252.0,1252.0,1,,,0,1249.5,1249.5,baghdad_kifah,,,0
2020-11-15,,,0,,,0,,,0,,,0,,,0,1250.0,1250.0,1,,,0,,,0,,,0,1251.0,1251.0,1,,,0,1251.5,1251.5,1,,,0,,,0,,,0,,,0,,,0,,,0,,,0,,,0,,,0,,,0,1250.0,1250.0,baghdad_kifah,,,0
2020-11-16,,,0,,,0,,,0,,,0,,,0,1248.5,1248.5,1,,,0,,,0,,,0,1250.0,1250.0,1,,,0,1247.0,1247.0,1,,,0,,,0,,,0,,,0,,,0,,,0,,,0,,,0,,,0,,,0,1248.5,1248.5,baghdad_kifah,,,0
2020-11-17,,,0,,,0,,,0,,,0,,,0,1249.0,1249.0,1,,,0,,,0,,,0,1251.0,1251.0,1,,,0,1249.0,1249.0,1,,,0,,,0,,,0,,,0,,,0,,,0,,,0,,,0,1251.0,1251.0,1,,,0,1249.0,1249.0,baghdad_kifah,,,0
2020-11-18,,,0,,,0,,,0,,,0,,,0,1249.5,1249.5,1,,,0,,,0,,,0,1251.0,1251.0,1,,,0,1249.25,1249.25,1,,,0,,,0,,,0,,,0,,,0,,,0,,,0,,,0,,,0,,,0,1249.5,1249.5,baghdad_kifah,,,0
2020-11-19,,,0,,,0,,,0,,,0,,,0,1248.75,1248.75,1,,,0,,,0,,,0,1250.5,1250.5,1,,,0,1247.5,1247.5,1,,,0,,,0,,,0,,,0,,,0,,,0,,,0,,,0,1251.0,1251.0,1,,,0,1248.75,1248.75,baghdad_kifah,,,0
2020-11-22,,,0,,,0,,,0,,,0,,,0,1249.0,1249.0,1,,,0,,,0,,,0,1251.0,1251.0,1,,,0,1248.5,1248.5,1,,,0,,,0,,,0,,,0,,,0,,,0,,,0,,,0,1251.0,1251.0,1,,,0,1249.0,1249.0,baghdad_kifah,,,0
2020-11-23,,,0,,,0,,,0,,,0,,,0,1250.0,1250.0,1,,,0,,,0,,,0,1253.0,1253.0,1,,,0,1249.5,1249.5,1,,,0,,,0,,,0,,,0,,,0,,,0,,,0,,,0,1252.0,1252.0,1,,,0,1250.0,1250.0,baghdad_kifah,,,0
2020-11-24,,,0,,,0,,,0,,,0,,,0,1251.0,1251.0,1,,,0,,,0,,,0,1252.5,1252.5,1,,,0,1250.0,1250.0,1,,,0,,,0,,,0,,,0,,,0,,,0,,,0,,,0,,,0,,,0,1251.0,1251.0,baghdad_kifah,,,0
2020-11-25,,,0,,,0,,,0,,,0,,,0,1250.75,1250.75,1,,,0,,,0,,,0,1252.5,1252.5,1,,,0,1250.0,1250.0,1,,,0,,,0,,,0,,,0,1252.5,1252.5,1,,,0,,,0,,,0,1253.0,1253.0,1,,,0,1250.75,1250.75,baghdad_kifah,,,0
2020-11-26,,,0,,,0,,,0,,,0,,,0,1252.0,1252.0,1,,,0,,,0,,,0,1253.5,1253.5,1,,,0,1252.0,1252.0,1,,,0,,,0,,,0,,,0,1252.5,1252.5,1,,,0,,,0,,,0,,,0,,,0,1252.0,1252.0,baghdad_kifah,,,0
2020-11-29,,,0,,,0,,,0,,,0,,,0,1253.75,1253.75,1,,,0,,,0,,,0,1256.0,1256.0,1,,,0,1251.5,1251.5,1,,,0,,,0,,,0,,,0,,,0,,,0,,,0,,,0,,,0,,,0,1253.75,1253.75,baghdad_kifah,,,0
2020-11-30,,,0,,,0,,,0,,,0,,,0,1251.5,1251.5,1,,,0,,,0,,,0,1254.0,1254.0,1,,,0,1251.0,1251.0,1,,,0,,,0,,,0,,,0,,,0,,,0,,,0,,,0,,,0,,,0,1251.5,1251.5,baghdad_kifah,,,0
2020-12-01,,,0,,,0,,,0,,,0,,,0,1255.0,1255.0,1,,,0,,,0,,,0,1257.0,1257.0,1,,,0,1254.75,1254.75,1,,,0,,,0,,,0,,,0,,,0,,,0,,,0,,,0,1257.5,1257.5,1,,,0,1255.0,1255.0,baghdad_kifah,,,0
2020-12-02,1258.0,1258.0,1,,,0,,,0,,,0,,,0,1255.5,1255.5,1,,,0,,,0,,,0,1257.5,1257.5,1,,,0,1255.0,1255.0,1,,,0,,,0,,,0,1257.0,1257.0,1,,,0,,,0,,,0,,,0,,,0,,,0,1255.5,1255.5,baghdad_kifah,,,0
2020-12-06,,,0,,,0,,,0,,,0,,,0,,,0,,,0,,,0,,,0,1257.0,1257.0,1,,,0,1254.0,1254.0,1,,,0,,,0,,,0,,,0,,,0,,,0,,,0,,,0,1257.5,1257.5,1,,,0,,,,,,0
2020-12-07,1260.0,1260.0,1,,,0,,,0,,,0,,,0,1258.0,1258.0,1,,,0,,,0,,,0,1259.0,1259.0,1,,,0,1257.0,1257.0,1,,,0,,,0,,,0,,,0,1260.0,1260.0,1,,,0,,,0,,,0,,,0,,,0,1258.0,1258.0,baghdad_kifah,,,0
2020-12-08,,,0,,,0,,,0,,,0,,,0,1271.0,1271.0,1,,,0,,,0,,,0,1270.0,1270.0,1,,,0,1267.5,1267.5,1,,,0,,,0,,,0,,,0,,,0,,,0,,,0,,,0,,,0,,,0,1271.0,1271.0,baghdad_kifah,,,0
2020-12-09,,,0,,,0,,,0,,,0,,,0,1264.0,1264.0,1,,,0,,,0,,,0,1266.0,1266.0,1,,,0,1262.0,1262.0,1,,,0,,,0,,,0,,,0,,,0,,,0,,,0,,,0,,,0,,,0,1264.0,1264.0,baghdad_kifah,,,0
2020-12-10,,,0,,,0,,,0,,,0,,,0,1268.5,1268.5,1,,,0,,,0,,,0,1269.0,1269.0,1,,,0,1267.5,1267.5,1,,,0,,,0,,,0,,,0,,,0,,,0,,,0,,,0,,,0,,,0,1268.5,1268.5,baghdad_kifah,,,0
2020-12-13,,,0,,,0,,,0,,,0,,,0,1270.5,1270.5,1,,,0,,,0,,,0,1269.5,1269.5,1,,,0,1267.5,1267.5,1,,,0,,,0,,,0,,,0,,,0,,,0,,,0,,,0,,,0,,,0,1270.5,1270.5,baghdad_kifah,,,0
2020-12-14,,,0,,,0,,,0,,,0,,,0,1282.0,1282.0,1,,,0,,,0,,,0,1282.0,1282.0,1,,,0,1279.0,1279.0,1,,,0,,,0,,,0,,,0,,,0,,,0,,,0,,,0,,,0,,,0,1282.0,1282.0,baghdad_kifah,,,0
2020-12-15,,,0,,,0,,,0,,,0,,,0,1278.0,1278.0,1,,,0,,,0,,,0,1277.5,1277.5,1,,,0,1279.0,1279.0,1,,,0,,,0,,,0,,,0,,,0,,,0,,,0,,,0,,,0,,,0,1278.0,1278.0,baghdad_kifah,,,0
2020-12-16,,,0,,,0,,,0,,,0,,,0,1295.0,1295.0,1,,,0,,,0,,,0,1295.0,1295.0,1,,,0,1295.0,1295.0,1,,,0,,,0,,,0,,,0,,,0,,,0,,,0,,,0,,,0,,,0,1295.0,1295.0,baghdad_kifah,,,0
2020-12-17,,,0,,,0,,,0,,,0,,,0,1299.0,1299.0,1,,,0,,,0,,,0,1294.5,1294.5,1,,,0,1296.5,1296.5,1,,,0,,,0,,,0,,,0,,,0,,,0,,,0,,,0,,,0,,,0,1299.0,1299.0,baghdad_kifah,,,0
2020-12-21,,,0,,,0,,,0,,,0,,,0,1427.0,1427.0,1,,,0,,,0,,,0,1420.0,1420.0,1,,,0,1415.0,1415.0,1,,,0,,,0,,,0,,,0,,,0,,,0,,,0,,,0,,,0,,,0,1427.0,1427.0,baghdad_kifah,,,0
2020-12-22,,,0,,,0,,,0,,,0,,,0,1405.0,1405.0,1,,,0,,,0,,,0,1390.0,1390.0,1,,,0,1405.0,1405.0,1,,,0,,,0,,,0,,,0,,,0,,,0,,,0,,,0,,,0,,,0,1405.0,1405.0,baghdad_kifah,,,0
2020-12-23,,,0,,,0,,,0,,,0,,,0,1405.0,1405.0,1,,,0,,,0,,,0,1392.5,1392.5,1,,,0,1402.5,1402.5,1,,,0,,,0,,,0,,,0,,,0,,,0,,,0,,,0,,,0,,,0,1405.0,1405.0,baghdad_kifah,,,0
2020-12-24,,,0,,,0,,,0,,,0,,,0,1418.0,1418.0,1,,,0,,,0,,,0,1412.5,1412.5,1,,,0,1420.0,1420.0,1,,,0,,,0,,,0,,,0,,,0,,,0,,,0,,,0,,,0,,,0,1418.0,1418.0,baghdad_kifah,,,0
2020-12-27,,,0,,,0,,,0,,,0,,,0,1421.0,1421.0,1,,,0,,,0,,,0,1417.5,1417.5,1,,,0,1418.0,1418.0,1,,,0,,,0,,,0,1420.0,1420.0,1,,,0,,,0,,,0,,,0,1424.0,1424.0,1,,,0,1421.0,1421.0,baghdad_kifah,,,0
2020-12-28,,,0,,,0,,,0,,,0,,,0,1419.0,1419.0,1,,,0,,,0,,,0,1417.0,1417.0,1,,,0,1417.0,1417.0,1,,,0,,,0,,,0,1420.0,1420.0,1,,,0,,,0,,,0,,,0,,,0,,,0,1419.0,1419.0,baghdad_kifah,,,0
2020-12-29,,,0,,,0,,,0,,,0,,,0,1430.0,1430.0,1,,,0,,,0,,,0,1430.0,1430.0,1,,,0,1431.0,1431.0,1,,,0,,,0,,,0,,,0,,,0,,,0,,,0,,,0,,,0,,,0,1430.0,1430.0,baghdad_kifah,,,0
2020-12-30,,,0,,,0,,,0,,,0,,,0,1437.5,1437.5,1,,,0,,,0,,,0,1436.0,1436.0,1,,,0,1436.0,1436.0,1,,,0,,,0,,,0,1436.0,1436.0,1,,,0,,,0,,,0,,,0,,,0,,,0,1437.5,1437.5,baghdad_kifah,,,0
2020-12-31,,,0,,,0,,,0,,,0,,,0,1448.0,1448.0,1,,,0,,,0,,,0,1446.0,1446.0,1,,,0,1446.0,1446.0,1,,,0,,,0,,,0,,,0,,,0,,,0,,,0,,,0,,,0,,,0,1448.0,1448.0,baghdad_kifah,,,0
2021-01-03,,,0,,,0,,,0,,,0,,,0,1440.0,1440.0,1,,,0,,,0,,,0,1436.0,1436.0,1,,,0,1438.0,1438.0,1,,,0,,,0,,,0,,,0,,,0,,,0,,,0,,,0,,,0,,,0,1440.0,1440.0,baghdad_kifah,,,0
2021-01-04,,,0,,,0,,,0,,,0,,,0,1436.0,1436.0,1,,,0,,,0,,,0,1434.0,1434.0,1,,,0,1437.5,1437.5,1,,,0,,,0,,,0,,,0,,,0,,,0,,,0,,,0,,,0,,,0,1436.0,1436.0,baghdad_kifah,,,0
2021-01-05,,,0,,,0,,,0,,,0,,,0,1439.0,1439.0,1,,,0,,,0,,,0,1437.0,1437.0,1,,,0,1438.5,1438.5,1,,,0,,,0,,,0,1437.5,1437.5,1,,,0,,,0,,,0,,,0,,,0,,,0,1439.0,1439.0,baghdad_kifah,,,0
2021-01-07,,,0,,,0,,,0,,,0,,,0,1441.0,1441.0,1,,,0,,,0,,,0,1437.5,1437.5,1,,,0,1439.5,1439.5,1,,,0,,,0,,,0,,,0,,,0,,,0,,,0,,,0,,,0,,,0,1441.0,1441.0,baghdad_kifah,,,0
2021-01-10,,,0,,,0,,,0,,,0,,,0,1428.0,1428.0,1,,,0,,,0,,,0,1428.0,1428.0,1,,,0,1432.5,1432.5,1,,,0,,,0,,,0,,,0,,,0,,,0,,,0,,,0,,,0,,,0,1428.0,1428.0,baghdad_kifah,,,0
2021-01-11,1431.0,1431.0,1,,,0,,,0,,,0,,,0,1432.0,1432.0,1,,,0,,,0,,,0,1429.0,1429.0,1,,,0,1431.0,1431.0,1,,,0,,,0,,,0,,,0,1440.0,1440.0,1,1440.0,1440.0,1,,,0,,,0,,,0,,,0,1432.0,1432.0,baghdad_kifah,,,0
2021-01-12,,,0,,,0,,,0,,,0,,,0,1435.0,1435.0,1,,,0,,,0,,,0,1433.0,1433.0,1,,,0,1434.5,1434.5,1,,,0,,,0,,,0,1436.0,1436.0,1,,,0,,,0,,,0,,,0,,,0,,,0,1435.0,1435.0,baghdad_kifah,,,0
2021-01-13,1438.0,1438.0,1,,,0,,,0,,,0,,,0,1437.5,1437.5,1,,,0,,,0,,,0,1436.0,1436.0,1,,,0,1436.5,1436.5,1,,,0,,,0,,,0,1437.0,1437.0,1,,,0,,,0,,,0,,,0,,,0,,,0,1437.5,1437.5,baghdad_kifah,,,0
2021-01-14,1437.0,1437.0,1,,,0,,,0,,,0,,,0,1437.0,1437.0,1,,,0,,,0,,,0,1436.0,1436.0,1,,,0,1436.5,1436.5,1,,,0,,,0,,,0,,,0,,,0,,,0,,,0,1439.0,1439.0,1,,,0,,,0,1437.0,1437.0,baghdad_kifah,,,0
2021-01-18,1449.0,1449.0,1,,,0,,,0,,,0,,,0,1449.5,1449.5,1,,,0,,,0,,,0,1450.0,1450.0,1,,,0,1448.0,1448.0,1,,,0,,,0,,,0,1450.0,1450.0,1,,,0,,,0,,,0,,,0,,,0,,,0,1449.5,1449.5,baghdad_kifah,,,0
2021-01-19,,,0,,,0,,,0,,,0,,,0,1457.0,1457.0,1,,,0,,,0,,,0,1456.0,1456.0,1,,,0,1456.0,1456.0,1,,,0,,,0,,,0,,,0,,,0,,,0,,,0,,,0,,,0,,,0,1457.0,1457.0,baghdad_kifah,,,0
2021-01-20,,,0,,,0,,,0,,,0,,,0,1458.0,1458.0,1,,,0,,,0,,,0,1457.0,1457.0,1,,,0,1457.5,1457.5,1,,,0,,,0,,,0,,,0,,,0,,,0,,,0,,,0,,,0,,,0,1458.0,1458.0,baghdad_kifah,,,0
2021-01-21,,,0,,,0,,,0,,,0,,,0,1455.5,1455.5,1,,,0,,,0,,,0,1455.0,1455.0,1,,,0,1455.0,1455.0,1,,,0,,,0,,,0,,,0,,,0,,,0,,,0,,,0,,,0,,,0,1455.5,1455.5,baghdad_kifah,,,0
2021-01-24,,,0,,,0,,,0,,,0,,,0,1456.5,1456.5,1,,,0,,,0,,,0,1456.0,1456.0,1,,,0,1455.5,1455.5,1,,,0,,,0,,,0,,,0,,,0,,,0,,,0,1458.0,1458.0,1,,,0,,,0,1456.5,1456.5,baghdad_kifah,,,0
2021-01-25,,,0,1456.5,1456.5,1,,,0,,,0,,,0,1455.5,1455.5,1,,,0,,,0,,,0,1455.0,1455.0,1,,,0,1456.5,1456.5,1,,,0,,,0,,,0,,,0,,,0,,,0,,,0,,,0,,,0,,,0,1455.5,1455.5,baghdad_kifah,,,0
2021-01-27,1455.0,1455.0,1,,,0,,,0,,,0,,,0,1454.0,1454.0,1,,,0,,,0,,,0,1452.5,1452.5,1,,,0,1456.0,1456.0,1,,,0,,,0,,,0,,,0,,,0,,,0,,,0,1456.0,1456.0,1,,,0,,,0,1454.0,1454.0,baghdad_kifah,,,0
2021-01-28,,,0,,,0,,,0,,,0,,,0,1453.5,1453.5,1,,,0,,,0,,,0,1451.5,1451.5,1,,,0,1455.5,1455.5,1,,,0,,,0,,,0,,,0,,,0,,,0,,,0,,,0,,,0,,,0,1453.5,1453.5,baghdad_kifah,,,0
2021-01-31,,,0,,,0,,,0,,,0,,,0,1447.5,1447.5,1,,,0,,,0,,,0,1446.0,1446.0,1,,,0,1450.0,1450.0,1,,,0,,,0,,,0,,,0,,,0,,,0,,,0,,,0,,,0,,,0,1447.5,1447.5,baghdad_kifah,,,0
2021-02-02,,,0,,,0,,,0,,,0,,,0,1452.0,1452.0,1,,,0,,,0,,,0,1451.0,1451.0,1,,,0,1454.25,1454.25,1,,,0,,,0,,,0,,,0,,,0,,,0,,,0,,,0,1454.0,1454.0,1,,,0,1452.0,1452.0,baghdad_kifah,,,0
2021-02-03,,,0,,,0,,,0,,,0,,,0,1452.0,1452.0,1,,,0,,,0,,,0,1450.5,1450.5,1,,,0,1454.0,1454.0,1,,,0,,,0,,,0,,,0,,,0,,,0,,,0,,,0,,,0,,,0,1452.0,1452.0,baghdad_kifah,,,0
2021-02-04,,,0,,,0,,,0,,,0,,,0,1453.0,1453.0,1,,,0,,,0,,,0,1452.0,1452.0,1,,,0,1454.75,1454.75,1,,,0,,,0,,,0,,,0,,,0,,,0,,,0,,,0,,,0,,,0,1453.0,1453.0,baghdad_kifah,,,0
2021-02-07,,,0,,,0,,,0,,,0,,,0,1458.0,1458.0,1,,,0,,,0,,,0,1458.5,1458.5,1,,,0,1457.25,1457.25,1,,,0,,,0,,,0,,,0,,,0,,,0,,,0,,,0,,,0,,,0,1458.0,1458.0,baghdad_kifah,,,0
2021-02-08,,,0,,,0,,,0,,,0,,,0,1458.0,1458.0,1,,,0,,,0,,,0,1458.0,1458.0,1,1458.5,1458.5,1,1458.5,1458.5,1,,,0,,,0,,,0,,,0,,,0,,,0,,,0,,,0,,,0,,,0,1458.0,1458.0,baghdad_kifah,,,0
2021-02-09,,,0,,,0,,,0,,,0,,,0,1461.0,1461.0,1,,,0,,,0,,,0,1461.5,1461.5,1,,,0,1461.5,1461.5,1,,,0,,,0,,,0,,,0,,,0,,,0,,,0,,,0,,,0,,,0,1461.0,1461.0,baghdad_kifah,,,0
2021-02-10,,,0,,,0,,,0,,,0,,,0,1459.0,1459.0,1,,,0,,,0,,,0,1458.5,1458.5,1,,,0,1460.0,1460.0,1,,,0,,,0,,,0,,,0,,,0,,,0,,,0,,,0,,,0,,,0,1459.0,1459.0,baghdad_kifah,,,0
2021-02-11,1459.0,1459.0,1,,,0,,,0,,,0,,,0,1459.0,1459.0,1,,,0,,,0,,,0,1458.0,1458.0,1,,,0,1460.0,1460.0,1,,,0,,,0,,,0,,,0,,,0,,,0,,,0,,,0,,,0,,,0,1459.0,1459.0,baghdad_kifah,,,0
2021-02-14,,,0,,,0,,,0,,,0,,,0,1459.0,1459.0,1,,,0,,,0,,,0,1458.5,1458.5,1,,,0,1460.0,1460.0,1,,,0,,,0,,,0,,,0,,,0,,,0,,,0,,,0,,,0,,,0,1459.0,1459.0,baghdad_kifah,,,0
2021-02-15,1459.5,1459.5,1,,,0,,,0,,,0,,,0,1459.0,1459.0,1,,,0,,,0,,,0,1459.0,1459.0,1,,,0,1460.0,1460.0,1,,,0,,,0,,,0,,,0,,,0,,,0,,,0,,,0,,,0,,,0,1459.0,1459.0,baghdad_kifah,,,0
2021-02-16,,,0,,,0,,,0,,,0,,,0,1461.0,1461.0,1,,,0,,,0,,,0,1461.0,1461.0,1,,,0,1462.0,1462.0,1,,,0,,,0,,,0,,,0,,,0,,,0,,,0,,,0,,,0,,,0,1461.0,1461.0,baghdad_kifah,,,0
2021-02-17,1462.5,1462.5,1,,,0,,,0,,,0,,,0,1460.75,1460.75,1,,,0,,,0,,,0,1461.5,1461.5,1,,,0,1463.0,1463.0,1,,,0,,,0,,,0,,,0,,,0,,,0,,,0,,,0,,,0,,,0,1460.75,1460.75,baghdad_kifah,,,0
2021-02-21,,,0,,,0,1460.0,1460.0,1,,,0,,,0,,,0,,,0,,,0,,,0,1458.5,1458.5,1,,,0,1461.5,1461.5,1,,,0,,,0,,,0,,,0,,,0,,,0,,,0,,,0,,,0,,,0,1460.0,1460.0,baghdad_generic,,,0
2021-02-22,1460.0,1460.0,1,,,0,,,0,,,0,,,0,1459.0,1459.0,1,,,0,,,0,,,0,1458.5,1458.5,1,,,0,1460.5,1460.5,1,,,0,,,0,,,0,,,0,,,0,,,0,,,0,,,0,1462.0,1462.0,1,,,0,1459.0,1459.0,baghdad_kifah,,,0
2021-02-23,,,0,,,0,,,0,,,0,,,0,1457.0,1457.0,1,,,0,,,0,,,0,1457.0,1457.0,1,,,0,1458.0,1458.0,1,,,0,,,0,,,0,,,0,,,0,,,0,,,0,,,0,,,0,,,0,1457.0,1457.0,baghdad_kifah,,,0
2021-02-25,,,0,1454.0,1454.0,1,,,0,,,0,,,0,1453.5,1453.5,1,,,0,,,0,,,0,1454.0,1454.0,1,1454.0,1454.0,1,1455.25,1455.25,1,,,0,,,0,,,0,,,0,,,0,,,0,,,0,,,0,,,0,,,0,1453.5,1453.5,baghdad_kifah,,,0
2021-03-01,,,0,,,0,,,0,,,0,,,0,1452.0,1452.0,1,,,0,,,0,,,0,1451.0,1451.0,1,,,0,1452.0,1452.0,1,,,0,,,0,,,0,,,0,,,0,,,0,,,0,,,0,,,0,,,0,1452.0,1452.0,baghdad_kifah,,,0
2021-03-02,1453.0,1453.0,1,,,0,,,0,,,0,,,0,1453.5,1453.5,1,,,0,,,0,,,0,1453.5,1453.5,1,,,0,1455.75,1455.75,1,,,0,,,0,,,0,,,0,,,0,,,0,,,0,,,0,1456.0,1456.0,1,,,0,1453.5,1453.5,baghdad_kifah,,,0
2021-03-03,,,0,,,0,,,0,,,0,,,0,1454.5,1454.5,1,,,0,,,0,,,0,1454.0,1454.0,1,,,0,1455.5,1455.5,1,,,0,,,0,,,0,,,0,,,0,,,0,,,0,,,0,,,0,,,0,1454.5,1454.5,baghdad_kifah,,,0
2021-03-04,,,0,,,0,,,0,,,0,,,0,1453.0,1453.0,1,,,0,,,0,,,0,1452.0,1452.0,1,,,0,1453.0,1453.0,1,,,0,,,0,,,0,,,0,,,0,,,0,,,0,,,0,,,0,,,0,1453.0,1453.0,baghdad_kifah,,,0
2021-03-08,1454.0,1454.0,1,,,0,,,0,,,0,,,0,1454.0,1454.0,1,,,0,,,0,,,0,1453.5,1453.5,1,,,0,1456.0,1456.0,1,,,0,,,0,,,0,1455.0,1455.0,1,,,0,,,0,,,0,,,0,1456.5,1456.5,1,,,0,1454.0,1454.0,baghdad_kifah,,,0
2021-03-09,,,0,,,0,,,0,,,0,,,0,1453.5,1453.5,1,,,0,,,0,,,0,1452.5,1452.5,1,,,0,1455.75,1455.75,1,,,0,,,0,,,0,,,0,,,0,,,0,,,0,,,0,,,0,,,0,1453.5,1453.5,baghdad_kifah,,,0
2021-03-10,,,0,,,0,1455.0,1455.0,1,,,0,,,0,,,0,,,0,,,0,,,0,1453.0,1453.0,1,,,0,1456.25,1456.25,1,,,0,,,0,,,0,,,0,,,0,,,0,,,0,,,0,,,0,,,0,1455.0,1455.0,baghdad_generic,,,0
2021-03-11,,,0,,,0,1455.0,1455.0,1,,,0,,,0,,,0,,,0,,,0,,,0,1454.0,1454.0,1,,,0,1457.25,1457.25,1,,,0,,,0,,,0,,,0,,,0,,,0,,,0,,,0,,,0,,,0,1455.0,1455.0,baghdad_generic,,,0
2021-03-14,,,0,,,0,1455.0,1455.0,1,,,0,,,0,,,0,,,0,,,0,,,0,1454.0,1454.0,1,,,0,1455.25,1455.25,1,,,0,,,0,,,0,,,0,,,0,,,0,,,0,,,0,,,0,,,0,1455.0,1455.0,baghdad_generic,,,0
2021-03-15,,,0,,,0,1456.0,1456.0,1,,,0,,,0,,,0,,,0,,,0,,,0,1454.0,1454.0,1,,,0,1454.5,1454.5,1,,,0,,,0,,,0,,,0,,,0,,,0,,,0,,,0,,,0,,,0,1456.0,1456.0,baghdad_generic,,,0
2021-03-16,,,0,,,0,,,0,,,0,,,0,1457.0,1457.0,1,,,0,,,0,,,0,1456.5,1456.5,1,,,0,1456.25,1456.25,1,,,0,,,0,,,0,,,0,,,0,,,0,,,0,,,0,,,0,,,0,1457.0,1457.0,baghdad_kifah,,,0
2021-03-17,,,0,,,0,,,0,,,0,,,0,1458.0,1458.0,1,,,0,,,0,,,0,1458.5,1458.5,1,,,0,1457.0,1457.0,1,,,0,,,0,,,0,,,0,,,0,,,0,,,0,,,0,,,0,,,0,1458.0,1458.0,baghdad_kifah,,,0
2021-03-18,,,0,,,0,,,0,,,0,,,0,1458.25,1458.25,1,,,0,,,0,,,0,1461.0,1461.0,1,,,0,1457.0,1457.0,1,,,0,,,0,,,0,,,0,,,0,,,0,,,0,,,0,,,0,,,0,1458.25,1458.25,baghdad_kifah,,,0
2021-03-21,,,0,,,0,,,0,,,0,,,0,1458.25,1458.25,1,,,0,,,0,,,0,1457.0,1457.0,1,,,0,,,0,,,0,,,0,,,0,1455.5,1455.5,1,,,0,,,0,,,0,,,0,,,0,,,0,1458.25,1458.25,baghdad_kifah,,,0
2021-03-22,,,0,,,0,,,0,,,0,,,0,1456.5,1456.5,1,,,0,,,0,,,0,1455.0,1455.0,1,,,0,,,0,,,0,,,0,,,0,,,0,,,0,,,0,,,0,,,0,,,0,,,0,1456.5,1456.5,baghdad_kifah,,,0
2021-03-23,,,0,,,0,,,0,,,0,,,0,1451.5,1451.5,1,,,0,,,0,,,0,1448.5,1448.5,1,,,0,,,0,,,0,,,0,,,0,,,0,,,0,,,0,,,0,,,0,,,0,,,0,1451.5,1451.5,baghdad_kifah,,,0
2021-03-24,,,0,,,0,,,0,,,0,,,0,1433.0,1433.0,1,,,0,,,0,,,0,1425.0,1425.0,1,,,0,1439.0,1439.0,1,,,0,,,0,,,0,,,0,,,0,,,0,,,0,,,0,,,0,,,0,1433.0,1433.0,baghdad_kifah,,,0
2021-03-25,,,0,,,0,,,0,,,0,,,0,1445.0,1445.0,1,,,0,,,0,,,0,1443.0,1443.0,1,,,0,1448.0,1448.0,1,,,0,,,0,,,0,,,0,,,0,,,0,,,0,,,0,,,0,,,0,1445.0,1445.0,baghdad_kifah,,,0
2021-03-28,,,0,,,0,,,0,,,0,,,0,1446.0,1446.0,1,,,0,,,0,,,0,1444.0,1444.0,1,,,0,1446.75,1446.75,1,,,0,,,0,,,0,1445.0,1445.0,1,,,0,,,0,,,0,1446.0,1446.0,1,,,0,,,0,1446.0,1446.0,baghdad_kifah,,,0
2021-03-29,,,0,,,0,,,0,,,0,,,0,1447.5,1447.5,1,,,0,,,0,,,0,1446.0,1446.0,1,,,0,1447.0,1447.0,1,,,0,,,0,,,0,,,0,,,0,,,0,,,0,,,0,,,0,,,0,1447.5,1447.5,baghdad_kifah,,,0
2021-03-30,,,0,,,0,,,0,,,0,,,0,1451.0,1451.0,1,,,0,,,0,,,0,1450.0,1450.0,1,,,0,1452.0,1452.0,1,,,0,,,0,,,0,,,0,,,0,,,0,,,0,,,0,,,0,,,0,1451.0,1451.0,baghdad_kifah,,,0
2021-03-31,,,0,,,0,,,0,,,0,,,0,1457.0,1457.0,1,,,0,,,0,,,0,1455.0,1455.0,1,,,0,1457.5,1457.5,1,,,0,,,0,,,0,,,0,,,0,,,0,,,0,,,0,1459.0,1459.0,1,,,0,1457.0,1457.0,baghdad_kifah,,,0
2021-04-01,,,0,,,0,,,0,,,0,,,0,1464.0,1464.0,1,,,0,,,0,,,0,1465.0,1465.0,1,,,0,1463.5,1463.5,1,,,0,,,0,,,0,,,0,,,0,,,0,,,0,,,0,,,0,,,0,1464.0,1464.0,baghdad_kifah,,,0
2021-04-04,,,0,,,0,,,0,,,0,,,0,1469.0,1469.0,1,,,0,,,0,,,0,1471.0,1471.0,1,,,0,1469.25,1469.25,1,,,0,,,0,,,0,,,0,,,0,,,0,,,0,,,0,,,0,,,0,1469.0,1469.0,baghdad_kifah,,,0
2021-04-05,,,0,,,0,,,0,,,0,,,0,1468.0,1468.0,1,,,0,,,0,,,0,1470.0,1470.0,1,,,0,1469.0,1469.0,1,,,0,,,0,,,0,,,0,,,0,,,0,,,0,,,0,,,0,,,0,1468.0,1468.0,baghdad_kifah,,,0
2021-04-06,,,0,,,0,,,0,,,0,,,0,1469.0,1469.0,1,,,0,,,0,,,0,1470.0,1470.0,1,,,0,1470.0,1470.0,1,,,0,,,0,,,0,,,0,,,0,,,0,,,0,,,0,,,0,,,0,1469.0,1469.0,baghdad_kifah,,,0
2021-04-07,,,0,,,0,,,0,,,0,,,0,1471.0,1471.0,1,,,0,,,0,,,0,1472.0,1472.0,1,,,0,1472.75,1472.75,1,,,0,,,0,,,0,,,0,,,0,,,0,,,0,,,0,,,0,,,0,1471.0,1471.0,baghdad_kifah,,,0
2021-04-08,,,0,,,0,,,0,,,0,,,0,1472.0,1472.0,1,,,0,,,0,,,0,1473.0,1473.0,1,,,0,1473.0,1473.0,1,,,0,,,0,,,0,,,0,,,0,,,0,,,0,,,0,,,0,,,0,1472.0,1472.0,baghdad_kifah,,,0
2021-04-11,1474.0,1474.0,1,,,0,,,0,,,0,,,0,1472.0,1472.0,1,,,0,,,0,,,0,1473.5,1473.5,1,,,0,1472.75,1472.75,1,,,0,,,0,,,0,,,0,1472.5,1472.5,1,,,0,,,0,1474.0,1474.0,1,,,0,,,0,1472.0,1472.0,baghdad_kifah,,,0
2021-04-12,,,0,,,0,,,0,,,0,,,0,1473.5,1473.5,1,,,0,,,0,,,0,1475.0,1475.0,1,,,0,1475.5,1475.5,1,,,0,,,0,,,0,,,0,1475.0,1475.0,1,,,0,,,0,1475.0,1475.0,1,,,0,,,0,1473.5,1473.5,baghdad_kifah,,,0
2021-04-13,,,0,,,0,,,0,,,0,,,0,1478.0,1478.0,1,,,0,,,0,,,0,1480.0,1480.0,1,,,0,1480.0,1480.0,1,,,0,,,0,,,0,,,0,,,0,,,0,,,0,,,0,,,0,,,0,1478.0,1478.0,baghdad_kifah,,,0
2021-04-14,,,0,,,0,,,0,,,0,,,0,1490.0,1490.0,1,,,0,,,0,,,0,1490.0,1490.0,1,,,0,1490.0,1490.0,1,,,0,,,0,,,0,,,0,,,0,,,0,,,0,,,0,,,0,,,0,1490.0,1490.0,baghdad_kifah,,,0
2021-04-18,1482.5,1482.5,1,,,0,,,0,,,0,,,0,1479.5,1479.5,1,,,0,,,0,,,0,1482.0,1482.0,1,,,0,1481.5,1481.5,1,,,0,,,0,,,0,,,0,,,0,,,0,,,0,,,0,1482.0,1482.0,1,,,0,1479.5,1479.5,baghdad_kifah,,,0
2021-04-20,,,0,,,0,,,0,,,0,,,0,1480.0,1480.0,1,,,0,,,0,,,0,1481.5,1481.5,1,,,0,1481.25,1481.25,1,,,0,,,0,,,0,,,0,,,0,,,0,,,0,,,0,,,0,,,0,1480.0,1480.0,baghdad_kifah,,,0
2021-04-25,,,0,,,0,,,0,,,0,,,0,1478.0,1478.0,1,,,0,,,0,,,0,1480.0,1480.0,1,,,0,1477.5,1477.5,1,,,0,,,0,,,0,,,0,,,0,,,0,,,0,,,0,,,0,,,0,1478.0,1478.0,baghdad_kifah,,,0
2021-04-27,,,0,,,0,,,0,,,0,,,0,1478.0,1478.0,1,,,0,,,0,,,0,1480.0,1480.0,1,,,0,1478.0,1478.0,1,,,0,,,0,,,0,,,0,,,0,,,0,,,0,,,0,,,0,,,0,1478.0,1478.0,baghdad_kifah,,,0
2021-04-28,,,0,,,0,,,0,,,0,,,0,1477.5,1477.5,1,,,0,,,0,,,0,1479.0,1479.0,1,,,0,1479.25,1479.25,1,,,0,,,0,,,0,,,0,,,0,,,0,,,0,,,0,,,0,,,0,1477.5,1477.5,baghdad_kifah,,,0
2021-04-29,,,0,,,0,,,0,,,0,,,0,1478.0,1478.0,1,,,0,,,0,,,0,1479.0,1479.0,1,,,0,1480.0,1480.0,1,,,0,,,0,,,0,,,0,,,0,,,0,,,0,,,0,,,0,,,0,1478.0,1478.0,baghdad_kifah,,,0
2021-05-02,,,0,,,0,,,0,,,0,,,0,1479.5,1479.5,1,,,0,,,0,,,0,1480.0,1480.0,1,,,0,1482.0,1482.0,1,,,0,,,0,,,0,,,0,,,0,,,0,,,0,,,0,,,0,,,0,1479.5,1479.5,baghdad_kifah,,,0
2021-05-03,,,0,,,0,,,0,,,0,,,0,1481.0,1481.0,1,,,0,,,0,,,0,1481.5,1481.5,1,,,0,1482.0,1482.0,1,,,0,,,0,,,0,,,0,,,0,,,0,,,0,,,0,,,0,,,0,1481.0,1481.0,baghdad_kifah,,,0
2021-05-04,,,0,,,0,,,0,,,0,,,0,1480.5,1480.5,1,,,0,,,0,,,0,1480.0,1480.0,1,,,0,1481.0,1481.0,1,,,0,,,0,,,0,,,0,,,0,,,0,,,0,,,0,,,0,,,0,1480.5,1480.5,baghdad_kifah,,,0
2021-05-05,,,0,,,0,,,0,,,0,,,0,1481.0,1481.0,1,,,0,,,0,,,0,1481.0,1481.0,1,,,0,1482.5,1482.5,1,,,0,,,0,,,0,,,0,,,0,,,0,,,0,,,0,,,0,,,0,1481.0,1481.0,baghdad_kifah,,,0
2021-05-06,,,0,,,0,,,0,,,0,,,0,1484.0,1484.0,1,,,0,,,0,,,0,,,0,,,0,,,0,,,0,,,0,,,0,,,0,,,0,,,0,,,0,,,0,,,0,,,0,1484.0,1484.0,baghdad_kifah,,,0
2021-05-09,,,0,,,0,,,0,,,0,,,0,1483.5,1483.5,1,,,0,,,0,,,0,,,0,,,0,,,0,,,0,,,0,,,0,,,0,,,0,,,0,,,0,,,0,,,0,,,0,1483.5,1483.5,baghdad_kifah,,,0
2021-05-10,1484.0,1484.0,1,,,0,,,0,,,0,,,0,1482.0,1482.0,1,,,0,,,0,,,0,1482.5,1482.5,1,,,0,1486.0,1486.0,1,,,0,,,0,,,0,,,0,,,0,,,0,,,0,,,0,,,0,,,0,1482.0,1482.0,baghdad_kifah,,,0
2021-05-11,,,0,,,0,,,0,,,0,,,0,1483.0,1483.0,1,,,0,,,0,,,0,1483.0,1483.0,1,,,0,1486.0,1486.0,1,,,0,,,0,,,0,,,0,,,0,,,0,,,0,,,0,,,0,,,0,1483.0,1483.0,baghdad_kifah,,,0
2021-05-17,,,0,1486.0,1486.0,1,,,0,,,0,,,0,1485.0,1485.0,1,,,0,,,0,,,0,1486.0,1486.0,1,,,0,1485.5,1485.5,1,,,0,,,0,,,0,,,0,,,0,,,0,,,0,,,0,,,0,,,0,1485.0,1485.0,baghdad_kifah,,,0
2021-05-18,,,0,,,0,,,0,,,0,,,0,1486.0,1486.0,1,,,0,,,0,,,0,1486.0,1486.0,1,,,0,1486.0,1486.0,1,,,0,,,0,,,0,,,0,,,0,,,0,,,0,,,0,,,0,,,0,1486.0,1486.0,baghdad_kifah,,,0
2021-05-19,,,0,,,0,,,0,,,0,,,0,1486.5,1486.5,1,,,0,,,0,,,0,1488.0,1488.0,1,,,0,1488.0,1488.0,1,,,0,,,0,,,0,,,0,,,0,,,0,,,0,,,0,,,0,,,0,1486.5,1486.5,baghdad_kifah,,,0
2021-05-20,,,0,,,0,,,0,,,0,,,0,1487.0,1487.0,1,,,0,,,0,,,0,1488.5,1488.5,1,,,0,1489.25,1489.25,1,,,0,,,0,,,0,,,0,,,0,,,0,,,0,,,0,,,0,,,0,1487.0,1487.0,baghdad_kifah,,,0
2021-05-24,,,0,,,0,,,0,,,0,,,0,1488.5,1488.5,1,,,0,,,0,,,0,1489.5,1489.5,1,,,0,1489.25,1489.25,1,,,0,,,0,,,0,,,0,,,0,,,0,,,0,,,0,,,0,,,0,1488.5,1488.5,baghdad_kifah,,,0
2021-05-25,,,0,,,0,,,0,,,0,,,0,1488.5,1488.5,1,,,0,,,0,,,0,1490.0,1490.0,1,,,0,1490.5,1490.5,1,,,0,,,0,,,0,,,0,,,0,,,0,,,0,,,0,,,0,,,0,1488.5,1488.5,baghdad_kifah,,,0
2021-05-26,,,0,,,0,,,0,,,0,,,0,1491.5,1491.5,1,,,0,,,0,,,0,1492.5,1492.5,1,,,0,1490.75,1490.75,1,,,0,,,0,,,0,,,0,,,0,,,0,,,0,,,0,,,0,,,0,1491.5,1491.5,baghdad_kifah,,,0
2021-05-27,,,0,,,0,,,0,,,0,,,0,1495.0,1495.0,1,,,0,,,0,,,0,1496.0,1496.0,1,,,0,1493.5,1493.5,1,,,0,,,0,,,0,,,0,,,0,,,0,,,0,,,0,,,0,,,0,1495.0,1495.0,baghdad_kifah,,,0
2021-05-30,,,0,,,0,,,0,,,0,,,0,1492.0,1492.0,1,,,0,,,0,,,0,1492.5,1492.5,1,,,0,1491.5,1491.5,1,,,0,,,0,,,0,1493.5,1493.5,1,,,0,,,0,,,0,,,0,,,0,,,0,1492.0,1492.0,baghdad_kifah,,,0
2021-05-31,,,0,,,0,,,0,,,0,,,0,1493.0,1493.0,1,,,0,,,0,,,0,1494.0,1494.0,1,,,0,1492.25,1492.25,1,,,0,,,0,,,0,,,0,,,0,,,0,,,0,,,0,,,0,,,0,1493.0,1493.0,baghdad_kifah,,,0
2021-06-01,,,0,,,0,,,0,,,0,,,0,1494.5,1494.5,1,,,0,,,0,,,0,1496.0,1496.0,1,,,0,1496.0,1496.0,1,,,0,,,0,,,0,,,0,,,0,,,0,,,0,,,0,,,0,,,0,1494.5,1494.5,baghdad_kifah,,,0
2021-06-02,,,0,,,0,,,0,,,0,,,0,1495.0,1495.0,1,,,0,,,0,,,0,1495.5,1495.5,1,,,0,1496.0,1496.0,1,,,0,,,0,,,0,,,0,,,0,,,0,,,0,,,0,,,0,,,0,1495.0,1495.0,baghdad_kifah,,,0
2021-06-07,,,0,,,0,,,0,,,0,,,0,1499.0,1499.0,1,,,0,,,0,,,0,1498.5,1498.5,1,,,0,1500.0,1500.0,1,,,0,,,0,,,0,,,0,,,0,,,0,,,0,,,0,,,0,,,0,1499.0,1499.0,baghdad_kifah,,,0
2021-06-09,,,0,,,0,,,0,,,0,,,0,1500.0,1500.0,1,,,0,,,0,,,0,,,0,,,0,,,0,,,0,,,0,,,0,,,0,,,0,,,0,,,0,,,0,,,0,,,0,1500.0,1500.0,baghdad_kifah,,,0
2021-06-10,,,0,,,0,,,0,,,0,,,0,1503.0,1503.0,1,,,0,,,0,,,0,1503.0,1503.0,1,,,0,1505.5,1505.5,1,,,0,,,0,,,0,,,0,,,0,,,0,,,0,,,0,,,0,,,0,1503.0,1503.0,baghdad_kifah,,,0
2021-06-13,1502.5,1502.5,1,,,0,,,0,,,0,,,0,1501.0,1501.0,1,,,0,,,0,,,0,1502.0,1502.0,1,,,0,1502.25,1502.25,1,,,0,,,0,,,0,,,0,,,0,,,0,,,0,,,0,,,0,,,0,1501.0,1501.0,baghdad_kifah,,,0
2021-06-14,,,0,,,0,,,0,,,0,,,0,1502.0,1502.0,1,,,0,,,0,,,0,1503.0,1503.0,1,,,0,1503.25,1503.25,1,,,0,,,0,,,0,,,0,,,0,,,0,,,0,,,0,,,0,,,0,1502.0,1502.0,baghdad_kifah,,,0
2021-06-15,,,0,,,0,,,0,,,0,,,0,1495.5,1495.5,1,,,0,,,0,,,0,1496.5,1496.5,1,,,0,1496.5,1496.5,1,,,0,,,0,,,0,,,0,,,0,,,0,,,0,,,0,,,0,,,0,1495.5,1495.5,baghdad_kifah,,,0
2021-06-16,,,0,,,0,,,0,,,0,,,0,1492.0,1492.0,1,,,0,,,0,,,0,1492.5,1492.5,1,,,0,1493.0,1493.0,1,,,0,,,0,,,0,,,0,,,0,,,0,,,0,,,0,,,0,,,0,1492.0,1492.0,baghdad_kifah,,,0
2021-06-17,,,0,,,0,,,0,,,0,,,0,1486.0,1486.0,1,,,0,,,0,,,0,1489.0,1489.0,1,,,0,1488.0,1488.0,1,,,0,,,0,,,0,,,0,,,0,,,0,,,0,,,0,,,0,,,0,1486.0,1486.0,baghdad_kifah,,,0
2021-06-21,1486.5,1486.5,1,,,0,,,0,,,0,,,0,1484.0,1484.0,1,,,0,,,0,,,0,1486.0,1486.0,1,,,0,1485.5,1485.5,1,,,0,,,0,,,0,,,0,,,0,,,0,,,0,,,0,,,0,,,0,1484.0,1484.0,baghdad_kifah,,,0
2021-06-22,,,0,,,0,,,0,,,0,,,0,1478.0,1478.0,1,,,0,,,0,,,0,1481.0,1481.0,1,,,0,1479.5,1479.5,1,,,0,,,0,,,0,,,0,,,0,,,0,,,0,,,0,,,0,,,0,1478.0,1478.0,baghdad_kifah,,,0
2021-06-23,,,0,,,0,,,0,,,0,,,0,1475.5,1475.5,1,,,0,,,0,,,0,1477.0,1477.0,1,,,0,1477.5,1477.5,1,,,0,,,0,,,0,,,0,,,0,,,0,,,0,,,0,,,0,,,0,1475.5,1475.5,baghdad_kifah,,,0
2021-06-24,,,0,,,0,,,0,,,0,,,0,1473.0,1473.0,1,,,0,,,0,,,0,1475.0,1475.0,1,,,0,1476.5,1476.5,1,,,0,,,0,,,0,,,0,,,0,,,0,,,0,,,0,,,0,,,0,1473.0,1473.0,baghdad_kifah,,,0
2021-06-27,,,0,,,0,,,0,,,0,,,0,1473.5,1473.5,1,,,0,,,0,,,0,1475.0,1475.0,1,,,0,1475.25,1475.25,1,,,0,,,0,,,0,,,0,1475.0,1475.0,1,,,0,1476.0,1476.0,1,1475.0,1475.0,1,1476.0,1476.0,1,,,0,1473.5,1473.5,baghdad_kifah,,,0
2021-06-28,,,0,,,0,1465.0,1465.0,1,,,0,,,0,1469.5,1469.5,1,,,0,,,0,,,0,,,0,,,0,,,0,,,0,,,0,,,0,,,0,,,0,,,0,,,0,,,0,,,0,,,0,1469.5,1469.5,baghdad_kifah,,,0
2021-06-29,1471.0,1471.0,1,,,0,,,0,,,0,,,0,1468.5,1468.5,1,,,0,,,0,,,0,1470.0,1470.0,1,,,0,1471.0,1471.0,1,,,0,,,0,,,0,1469.5,1469.5,1,,,0,,,0,,,0,,,0,,,0,,,0,1468.5,1468.5,baghdad_kifah,,,0
2021-06-30,,,0,,,0,,,0,,,0,,,0,1470.0,1470.0,1,,,0,,,0,,,0,1471.0,1471.0,1,,,0,1473.5,1473.5,1,,,0,,,0,,,0,,,0,,,0,,,0,,,0,,,0,,,0,,,0,1470.0,1470.0,baghdad_kifah,,,0
2021-07-01,,,0,,,0,,,0,,,0,,,0,1472.5,1472.5,1,,,0,,,0,,,0,1473.0,1473.0,1,,,0,1475.0,1475.0,1,,,0,,,0,,,0,,,0,,,0,,,0,,,0,,,0,,,0,,,0,1472.5,1472.5,baghdad_kifah,,,0
2021-07-05,,,0,,,0,,,0,,,0,,,0,1472.0,1472.0,1,,,0,,,0,,,0,1472.5,1472.5,1,,,0,1472.5,1472.5,1,,,0,,,0,,,0,,,0,,,0,,,0,,,0,,,0,,,0,,,0,1472.0,1472.0,baghdad_kifah,,,0
2021-07-06,,,0,,,0,,,0,,,0,,,0,1471.0,1471.0,1,,,0,,,0,,,0,1471.5,1471.5,1,,,0,1471.25,1471.25,1,,,0,,,0,,,0,,,0,,,0,,,0,,,0,,,0,,,0,,,0,1471.0,1471.0,baghdad_kifah,,,0
2021-07-07,,,0,1472.0,1472.0,1,,,0,,,0,,,0,1471.0,1471.0,1,,,0,,,0,,,0,1472.5,1472.5,1,,,0,1472.5,1472.5,1,,,0,,,0,,,0,,,0,,,0,1475.0,1475.0,1,1473.0,1473.0,1,,,0,,,0,,,0,1471.0,1471.0,baghdad_kifah,,,0
2021-07-08,,,0,,,0,,,0,,,0,,,0,1472.0,1472.0,1,,,0,,,0,,,0,1472.5,1472.5,1,,,0,1475.5,1475.5,1,,,0,,,0,,,0,,,0,,,0,,,0,,,0,,,0,,,0,,,0,1472.0,1472.0,baghdad_kifah,,,0
2021-07-11,,,0,,,0,1470.0,1470.0,1,,,0,,,0,1477.0,1477.0,1,,,0,,,0,,,0,1477.5,1477.5,1,,,0,1477.75,1477.75,1,,,0,,,0,,,0,,,0,,,0,,,0,,,0,,,0,,,0,,,0,1477.0,1477.0,baghdad_kifah,,,0
2021-07-12,,,0,,,0,1475.0,1475.0,1,,,0,,,0,1480.0,1480.0,1,,,0,,,0,,,0,1481.5,1481.5,1,,,0,1482.5,1482.5,1,,,0,,,0,,,0,,,0,,,0,,,0,,,0,,,0,,,0,,,0,1480.0,1480.0,baghdad_kifah,,,0
2021-07-13,,,0,,,0,1472.5,1472.5,1,,,0,,,0,1478.0,1478.0,1,,,0,,,0,,,0,1480.0,1480.0,1,,,0,1477.5,1477.5,1,,,0,,,0,,,0,,,0,,,0,,,0,,,0,1480.0,1480.0,1,,,0,,,0,1478.0,1478.0,baghdad_kifah,,,0
2021-07-14,,,0,,,0,1472.5,1472.5,1,,,0,,,0,1478.5,1478.5,1,,,0,,,0,,,0,1481.0,1481.0,1,,,0,1477.0,1477.0,1,,,0,,,0,,,0,,,0,,,0,,,0,,,0,,,0,,,0,,,0,1478.5,1478.5,baghdad_kifah,,,0
2021-07-15,,,0,,,0,1472.5,1472.5,1,,,0,,,0,1478.0,1478.0,1,,,0,,,0,,,0,1480.0,1480.0,1,,,0,1475.0,1475.0,1,,,0,,,0,,,0,,,0,,,0,,,0,,,0,,,0,,,0,,,0,1478.0,1478.0,baghdad_kifah,,,0
2021-07-18,,,0,,,0,1477.5,1477.5,1,,,0,,,0,1482.5,1482.5,1,,,0,,,0,,,0,1483.0,1483.0,1,,,0,1481.5,1481.5,1,,,0,,,0,,,0,,,0,,,0,,,0,,,0,,,0,,,0,,,0,1482.5,1482.5,baghdad_kifah,,,0
2021-07-19,,,0,,,0,1477.5,1477.5,1,,,0,,,0,1482.5,1482.5,1,,,0,,,0,,,0,1482.5,1482.5,1,,,0,1481.0,1481.0,1,,,0,,,0,,,0,,,0,,,0,,,0,,,0,,,0,,,0,,,0,1482.5,1482.5,baghdad_kifah,,,0
2021-07-25,1483.0,1483.0,1,,,0,1475.0,1475.0,1,,,0,,,0,1481.0,1481.0,1,,,0,,,0,,,0,1482.0,1482.0,1,,,0,1480.5,1480.5,1,,,0,,,0,,,0,,,0,,,0,,,0,,,0,,,0,,,0,,,0,1481.0,1481.0,baghdad_kifah,,,0
2021-07-26,,,0,,,0,1470.0,1470.0,1,,,0,,,0,1474.5,1474.5,1,,,0,,,0,,,0,,,0,,,0,,,0,,,0,,,0,,,0,,,0,,,0,,,0,,,0,,,0,,,0,,,0,1474.5,1474.5,baghdad_kifah,,,0
2021-07-27,,,0,,,0,1472.5,1472.5,1,,,0,,,0,1477.5,1477.5,1,,,0,,,0,,,0,,,0,,,0,,,0,,,0,,,0,,,0,,,0,,,0,,,0,,,0,,,0,,,0,,,0,1477.5,1477.5,baghdad_kifah,,,0
2021-07-28,,,0,,,0,1472.5,1472.5,1,,,0,,,0,1477.25,1477.25,1,,,0,,,0,,,0,,,0,,,0,,,0,,,0,,,0,,,0,,,0,,,0,,,0,,,0,,,0,,,0,,,0,1477.25,1477.25,baghdad_kifah,,,0
2021-08-01,,,0,,,0,1472.5,1472.5,1,,,0,,,0,1477.0,1477.0,1,,,0,,,0,,,0,1478.5,1478.5,1,,,0,1479.0,1479.0,1,,,0,,,0,,,0,,,0,,,0,,,0,,,0,,,0,,,0,,,0,1477.0,1477.0,baghdad_kifah,,,0
2021-08-02,,,0,,,0,1472.5,1472.5,1,,,0,,,0,1478.5,1478.5,1,,,0,,,0,,,0,1480.0,1480.0,1,,,0,1481.0,1481.0,1,,,0,,,0,,,0,,,0,,,0,,,0,,,0,,,0,,,0,,,0,1478.5,1478.5,baghdad_kifah,,,0
2021-08-03,,,0,,,0,1472.5,1472.5,1,,,0,,,0,1478.5,1478.5,1,,,0,,,0,,,0,1480.0,1480.0,1,,,0,1481.0,1481.0,1,,,0,,,0,,,0,,,0,,,0,,,0,,,0,,,0,,,0,,,0,1478.5,1478.5,baghdad_kifah,,,0
2021-08-04,,,0,,,0,1472.5,1472.5,1,,,0,,,0,1478.0,1478.0,1,,,0,,,0,,,0,1479.0,1479.0,1,,,0,1480.5,1480.5,1,,,0,,,0,,,0,,,0,,,0,,,0,,,0,,,0,,,0,,,0,1478.0,1478.0,baghdad_kifah,,,0
2021-08-05,,,0,,,0,1472.5,1472.5,1,,,0,,,0,1478.0,1478.0,1,,,0,,,0,,,0,1478.0,1478.0,1,,,0,1480.25,1480.25,1,,,0,,,0,,,0,,,0,,,0,,,0,,,0,,,0,,,0,,,0,1478.0,1478.0,baghdad_kifah,,,0
2021-08-08,,,0,,,0,1475.0,1475.0,1,,,0,,,0,1479.5,1479.5,1,,,0,,,0,,,0,1480.0,1480.0,1,,,0,1481.0,1481.0,1,,,0,,,0,,,0,,,0,,,0,,,0,,,0,1480.0,1480.0,1,,,0,,,0,1479.5,1479.5,baghdad_kifah,,,0
2021-08-09,1481.0,1481.0,1,,,0,1475.0,1475.0,1,,,0,,,0,1479.5,1479.5,1,,,0,,,0,,,0,1481.0,1481.0,1,,,0,1480.75,1480.75,1,,,0,,,0,,,0,,,0,,,0,,,0,,,0,,,0,,,0,,,0,1479.5,1479.5,baghdad_kifah,,,0
2021-08-10,,,0,,,0,1472.5,1472.5,1,,,0,,,0,1478.5,1478.5,1,,,0,,,0,,,0,1480.0,1480.0,1,,,0,1478.5,1478.5,1,,,0,,,0,,,0,,,0,,,0,,,0,,,0,,,0,,,0,,,0,1478.5,1478.5,baghdad_kifah,,,0
2021-08-11,1480.0,1480.0,1,,,0,1472.5,1472.5,1,,,0,,,0,1478.5,1478.5,1,,,0,,,0,,,0,1479.5,1479.5,1,,,0,1479.0,1479.0,1,,,0,,,0,,,0,,,0,,,0,,,0,,,0,,,0,,,0,,,0,1478.5,1478.5,baghdad_kifah,,,0
2021-08-15,,,0,,,0,1475.0,1475.0,1,,,0,,,0,1479.25,1479.25,1,,,0,,,0,,,0,1481.0,1481.0,1,,,0,1480.5,1480.5,1,,,0,,,0,,,0,,,0,,,0,,,0,,,0,,,0,,,0,,,0,1479.25,1479.25,baghdad_kifah,,,0
2021-08-17,,,0,,,0,1472.5,1472.5,1,,,0,,,0,1477.5,1477.5,1,,,0,,,0,,,0,1479.5,1479.5,1,,,0,1479.25,1479.25,1,,,0,,,0,,,0,,,0,,,0,,,0,,,0,,,0,,,0,,,0,1477.5,1477.5,baghdad_kifah,,,0
2021-08-18,,,0,,,0,1472.5,1472.5,1,,,0,,,0,1478.0,1478.0,1,,,0,,,0,,,0,1480.0,1480.0,1,,,0,1479.75,1479.75,1,,,0,,,0,,,0,,,0,,,0,,,0,,,0,,,0,,,0,,,0,1478.0,1478.0,baghdad_kifah,,,0
2021-08-22,,,0,,,0,1472.5,1472.5,1,,,0,,,0,1478.5,1478.5,1,,,0,,,0,,,0,1479.0,1479.0,1,,,0,1479.75,1479.75,1,,,0,,,0,,,0,,,0,,,0,,,0,,,0,,,0,,,0,,,0,1478.5,1478.5,baghdad_kifah,,,0
2021-08-23,,,0,,,0,1470.0,1470.0,1,,,0,,,0,1476.5,1476.5,1,,,0,,,0,,,0,1478.5,1478.5,1,,,0,1478.25,1478.25,1,,,0,,,0,,,0,,,0,,,0,,,0,,,0,,,0,,,0,,,0,1476.5,1476.5,baghdad_kifah,,,0
2021-08-24,,,0,,,0,1470.0,1470.0,1,,,0,,,0,1474.5,1474.5,1,,,0,,,0,,,0,1476.5,1476.5,1,,,0,1477.25,1477.25,1,,,0,,,0,,,0,,,0,,,0,,,0,,,0,,,0,,,0,,,0,1474.5,1474.5,baghdad_kifah,,,0
2021-08-25,,,0,,,0,1470.0,1470.0,1,,,0,,,0,1474.0,1474.0,1,,,0,,,0,,,0,1476.0,1476.0,1,,,0,1476.0,1476.0,1,,,0,,,0,,,0,,,0,,,0,,,0,,,0,,,0,,,0,,,0,1474.0,1474.0,baghdad_kifah,,,0
2021-08-26,,,0,,,0,1467.5,1467.5,1,,,0,,,0,1472.0,1472.0,1,,,0,,,0,,,0,1474.0,1474.0,1,,,0,1473.75,1473.75,1,,,0,,,0,,,0,,,0,,,0,,,0,,,0,,,0,,,0,,,0,1472.0,1472.0,baghdad_kifah,,,0
2021-08-29,,,0,,,0,1470.0,1470.0,1,,,0,,,0,1474.25,1474.25,1,,,0,,,0,,,0,1475.0,1475.0,1,,,0,1476.5,1476.5,1,,,0,,,0,,,0,,,0,,,0,,,0,,,0,,,0,,,0,,,0,1474.25,1474.25,baghdad_kifah,,,0
2021-08-30,,,0,,,0,1470.0,1470.0,1,,,0,,,0,1474.0,1474.0,1,,,0,,,0,,,0,1475.5,1475.5,1,,,0,1475.5,1475.5,1,,,0,,,0,,,0,,,0,,,0,,,0,,,0,,,0,,,0,,,0,1474.0,1474.0,baghdad_kifah,,,0
2021-08-31,,,0,,,0,1467.5,1467.5,1,,,0,,,0,1473.0,1473.0,1,,,0,,,0,,,0,1474.0,1474.0,1,,,0,1473.75,1473.75,1,,,0,,,0,,,0,,,0,,,0,,,0,,,0,,,0,,,0,,,0,1473.0,1473.0,baghdad_kifah,,,0
2021-09-01,,,0,,,0,1467.5,1467.5,1,,,0,,,0,1472.0,1472.0,1,,,0,,,0,,,0,1473.5,1473.5,1,,,0,1473.5,1473.5,1,,,0,,,0,,,0,,,0,,,0,,,0,,,0,,,0,,,0,,,0,1472.0,1472.0,baghdad_kifah,,,0
2021-09-02,,,0,,,0,1467.5,1467.5,1,,,0,,,0,1473.0,1473.0,1,,,0,,,0,,,0,1474.0,1474.0,1,,,0,1474.5,1474.5,1,,,0,,,0,,,0,,,0,,,0,,,0,,,0,,,0,,,0,,,0,1473.0,1473.0,baghdad_kifah,,,0
2021-09-05,,,0,,,0,1470.0,1470.0,1,,,0,,,0,1473.5,1473.5,1,,,0,,,0,,,0,1473.5,1473.5,1,,,0,,,0,,,0,,,0,,,0,,,0,,,0,,,0,,,0,,,0,,,0,,,0,1473.5,1473.5,baghdad_kifah,,,0
2021-09-06,,,0,,,0,1470.0,1470.0,1,,,0,,,0,1473.5,1473.5,1,,,0,,,0,,,0,1474.0,1474.0,1,,,0,1474.75,1474.75,1,,,0,,,0,,,0,,,0,,,0,,,0,,,0,,,0,,,0,,,0,1473.5,1473.5,baghdad_kifah,,,0
2021-09-07,1477.0,1477.0,1,,,0,1470.0,1470.0,1,,,0,,,0,1476.0,1476.0,1,,,0,,,0,,,0,1476.0,1476.0,1,,,0,1478.0,1478.0,1,,,0,,,0,,,0,,,0,,,0,,,0,,,0,,,0,,,0,,,0,1476.0,1476.0,baghdad_kifah,,,0
2021-09-08,,,0,,,0,1470.0,1470.0,1,,,0,,,0,1474.0,1474.0,1,,,0,,,0,,,0,1474.5,1474.5,1,,,0,1475.5,1475.5,1,,,0,,,0,,,0,,,0,,,0,,,0,,,0,,,0,,,0,,,0,1474.0,1474.0,baghdad_kifah,,,0
2021-09-09,,,0,,,0,1470.0,1470.0,1,,,0,,,0,1474.0,1474.0,1,,,0,,,0,,,0,1475.0,1475.0,1,,,0,1475.75,1475.75,1,,,0,,,0,,,0,,,0,,,0,,,0,,,0,,,0,,,0,,,0,1474.0,1474.0,baghdad_kifah,,,0
2021-09-12,,,0,,,0,1470.0,1470.0,1,,,0,,,0,1475.0,1475.0,1,,,0,,,0,,,0,1475.0,1475.0,1,,,0,1476.5,1476.5,1,,,0,,,0,,,0,,,0,,,0,,,0,,,0,,,0,,,0,,,0,1475.0,1475.0,baghdad_kifah,,,0
2021-09-13,,,0,,,0,1470.0,1470.0,1,,,0,,,0,1475.5,1475.5,1,,,0,,,0,,,0,1475.5,1475.5,1,,,0,1476.5,1476.5,1,,,0,,,0,,,0,,,0,,,0,,,0,,,0,,,0,,,0,,,0,1475.5,1475.5,baghdad_kifah,,,0
2021-09-14,,,0,,,0,1470.0,1470.0,1,,,0,,,0,1473.75,1473.75,1,,,0,,,0,,,0,1474.5,1474.5,1,,,0,1475.5,1475.5,1,,,0,,,0,,,0,,,0,,,0,,,0,,,0,,,0,,,0,,,0,1473.75,1473.75,baghdad_kifah,,,0
2021-09-15,,,0,,,0,1470.0,1470.0,1,,,0,,,0,1473.5,1473.5,1,,,0,,,0,,,0,1475.0,1475.0,1,,,0,1475.5,1475.5,1,,,0,,,0,,,0,,,0,,,0,,,0,,,0,,,0,,,0,,,0,1473.5,1473.5,baghdad_kifah,,,0
2021-09-16,,,0,,,0,1470.0,1470.0,1,,,0,,,0,1474.5,1474.5,1,,,0,,,0,,,0,1475.5,1475.5,1,,,0,1475.5,1475.5,1,,,0,,,0,,,0,,,0,,,0,,,0,,,0,,,0,,,0,,,0,1474.5,1474.5,baghdad_kifah,,,0
2021-09-19,,,0,,,0,1470.0,1470.0,1,,,0,,,0,1474.0,1474.0,1,,,0,,,0,,,0,1475.0,1475.0,1,,,0,1475.0,1475.0,1,,,0,,,0,,,0,,,0,1475.0,1475.0,1,,,0,,,0,,,0,,,0,,,0,1474.0,1474.0,baghdad_kifah,,,0
2021-09-20,,,0,,,0,1467.5,1467.5,1,,,0,,,0,1472.5,1472.5,1,,,0,,,0,,,0,1474.0,1474.0,1,,,0,1474.0,1474.0,1,,,0,,,0,,,0,,,0,,,0,,,0,,,0,,,0,,,0,,,0,1472.5,1472.5,baghdad_kifah,,,0
2021-09-21,,,0,,,0,1465.0,1465.0,1,,,0,,,0,1471.75,1471.75,1,,,0,,,0,,,0,1472.5,1472.5,1,,,0,1472.75,1472.75,1,,,0,,,0,,,0,,,0,,,0,,,0,,,0,,,0,,,0,,,0,1471.75,1471.75,baghdad_kifah,,,0
2021-09-22,,,0,,,0,1467.5,1467.5,1,,,0,,,0,1471.5,1471.5,1,,,0,,,0,,,0,1471.5,1471.5,1,,,0,1472.0,1472.0,1,,,0,,,0,,,0,,,0,,,0,,,0,,,0,,,0,,,0,,,0,1471.5,1471.5,baghdad_kifah,,,0
2021-09-23,,,0,,,0,1467.5,1467.5,1,,,0,,,0,1472.5,1472.5,1,,,0,,,0,,,0,1473.0,1473.0,1,,,0,1473.75,1473.75,1,,,0,,,0,,,0,,,0,,,0,,,0,,,0,,,0,,,0,,,0,1472.5,1472.5,baghdad_kifah,,,0
2021-09-26,,,0,,,0,1472.5,1472.5,1,,,0,,,0,,,0,,,0,,,0,,,0,,,0,,,0,1474.25,1474.25,1,,,0,,,0,,,0,,,0,,,0,,,0,,,0,,,0,,,0,,,0,1472.5,1472.5,baghdad_generic,,,0
2021-09-29,,,0,,,0,1467.5,1467.5,1,,,0,,,0,1472.5,1472.5,1,,,0,,,0,,,0,,,0,,,0,,,0,,,0,,,0,,,0,,,0,,,0,,,0,,,0,,,0,,,0,,,0,1472.5,1472.5,baghdad_kifah,,,0
2021-10-03,,,0,,,0,1472.5,1472.5,1,,,0,,,0,1477.5,1477.5,1,,,0,,,0,,,0,,,0,,,0,,,0,,,0,,,0,,,0,,,0,,,0,,,0,,,0,,,0,,,0,,,0,1477.5,1477.5,baghdad_kifah,,,0
2021-10-04,,,0,,,0,1476.0,1476.0,1,,,0,,,0,,,0,,,0,,,0,,,0,1476.0,1476.0,1,,,0,1478.0,1478.0,1,,,0,,,0,,,0,,,0,,,0,,,0,,,0,,,0,,,0,,,0,1476.0,1476.0,baghdad_generic,,,0
2021-10-06,,,0,,,0,1482.5,1482.5,1,,,0,,,0,,,0,,,0,,,0,,,0,1482.0,1482.0,1,,,0,1482.5,1482.5,1,,,0,,,0,,,0,,,0,,,0,,,0,,,0,,,0,,,0,,,0,1482.5,1482.5,baghdad_generic,,,0
2021-10-07,,,0,,,0,1481.5,1481.5,1,,,0,,,0,,,0,,,0,,,0,,,0,1481.5,1481.5,1,,,0,1482.5,1482.5,1,,,0,,,0,,,0,,,0,,,0,,,0,,,0,,,0,,,0,,,0,1481.5,1481.5,baghdad_generic,,,0
2021-10-11,,,0,,,0,1477.5,1477.5,1,,,0,,,0,1482.0,1482.0,1,,,0,,,0,,,0,1482.5,1482.5,1,,,0,1484.5,1484.5,1,,,0,,,0,,,0,,,0,,,0,,,0,,,0,,,0,,,0,,,0,1482.0,1482.0,baghdad_kifah,,,0
2021-10-13,,,0,,,0,1475.0,1475.0,1,,,0,,,0,1480.0,1480.0,1,,,0,,,0,,,0,1480.0,1480.0,1,,,0,1481.5,1481.5,1,,,0,,,0,,,0,,,0,,,0,,,0,,,0,,,0,,,0,,,0,1480.0,1480.0,baghdad_kifah,,,0
2021-10-14,,,0,,,0,1477.5,1477.5,1,,,0,,,0,1483.0,1483.0,1,,,0,,,0,,,0,1482.5,1482.5,1,,,0,1485.0,1485.0,1,,,0,,,0,,,0,,,0,,,0,,,0,,,0,,,0,,,0,,,0,1483.0,1483.0,baghdad_kifah,,,0
2021-10-17,,,0,,,0,1477.5,1477.5,1,,,0,,,0,1483.5,1483.5,1,,,0,,,0,,,0,1483.5,1483.5,1,,,0,1484.75,1484.75,1,,,0,,,0,,,0,,,0,,,0,,,0,,,0,,,0,,,0,,,0,1483.5,1483.5,baghdad_kifah,,,0
2021-10-18,,,0,,,0,1477.5,1477.5,1,,,0,,,0,1483.25,1483.25,1,,,0,,,0,,,0,,,0,,,0,,,0,,,0,,,0,,,0,,,0,,,0,,,0,,,0,,,0,,,0,,,0,1483.25,1483.25,baghdad_kifah,,,0
2021-10-19,,,0,,,0,1475.0,1475.0,1,,,0,,,0,1479.0,1479.0,1,,,0,,,0,,,0,,,0,,,0,,,0,,,0,,,0,,,0,,,0,,,0,,,0,,,0,,,0,,,0,,,0,1479.0,1479.0,baghdad_kifah,,,0
2021-10-20,,,0,,,0,1472.5,1472.5,1,,,0,,,0,1478.5,1478.5,1,,,0,,,0,,,0,1480.0,1480.0,1,,,0,1480.75,1480.75,1,,,0,,,0,,,0,,,0,,,0,,,0,,,0,,,0,,,0,,,0,1478.5,1478.5,baghdad_kifah,,,0
2021-10-21,,,0,,,0,1472.5,1472.5,1,,,0,,,0,1478.0,1478.0,1,,,0,,,0,,,0,,,0,,,0,,,0,,,0,,,0,,,0,,,0,,,0,,,0,,,0,,,0,,,0,,,0,1478.0,1478.0,baghdad_kifah,,,0
2021-10-24,,,0,,,0,1475.0,1475.0,1,,,0,,,0,1479.0,1479.0,1,,,0,,,0,,,0,,,0,,,0,,,0,,,0,,,0,,,0,,,0,,,0,,,0,,,0,,,0,,,0,,,0,1479.0,1479.0,baghdad_kifah,,,0
2021-10-26,,,0,,,0,1472.5,1472.5,1,,,0,,,0,1477.5,1477.5,1,,,0,,,0,,,0,,,0,,,0,,,0,,,0,,,0,,,0,,,0,,,0,,,0,,,0,,,0,,,0,,,0,1477.5,1477.5,baghdad_kifah,,,0
2021-10-27,,,0,,,0,1472.5,1472.5,1,,,0,,,0,1476.5,1476.5,1,,,0,,,0,,,0,1477.0,1477.0,1,,,0,1475.0,1475.0,1,,,0,,,0,,,0,,,0,,,0,,,0,,,0,,,0,,,0,,,0,1476.5,1476.5,baghdad_kifah,,,0
2021-10-28,,,0,,,0,1472.5,1472.5,1,,,0,,,0,1477.5,1477.5,1,,,0,,,0,,,0,1477.5,1477.5,1,,,0,1478.5,1478.5,1,,,0,,,0,,,0,,,0,,,0,,,0,,,0,,,0,,,0,,,0,1477.5,1477.5,baghdad_kifah,,,0
2021-10-31,,,0,,,0,1472.5,1472.5,1,,,0,,,0,1478.0,1478.0,1,,,0,,,0,,,0,1478.5,1478.5,1,,,0,1480.0,1480.0,1,,,0,,,0,,,0,,,0,,,0,,,0,,,0,,,0,,,0,,,0,1478.0,1478.0,baghdad_kifah,,,0
2021-11-01,,,0,,,0,,,0,,,0,,,0,1478.5,1478.5,1,,,0,,,0,,,0,,,0,,,0,,,0,,,0,,,0,,,0,,,0,,,0,,,0,,,0,,,0,,,0,,,0,1478.5,1478.5,baghdad_kifah,,,0
2021-11-02,,,0,,,0,,,0,,,0,,,0,1479.75,1479.75,1,,,0,,,0,,,0,,,0,,,0,,,0,,,0,,,0,,,0,,,0,,,0,,,0,,,0,,,0,,,0,,,0,1479.75,1479.75,baghdad_kifah,,,0
2021-11-03,,,0,,,0,,,0,,,0,,,0,1480.0,1480.0,1,,,0,,,0,,,0,,,0,,,0,,,0,,,0,,,0,,,0,,,0,,,0,,,0,,,0,,,0,,,0,,,0,1480.0,1480.0,baghdad_kifah,,,0
2021-11-04,,,0,,,0,,,0,,,0,,,0,1479.5,1479.5,1,,,0,,,0,,,0,,,0,,,0,,,0,,,0,,,0,,,0,,,0,,,0,,,0,,,0,,,0,,,0,,,0,1479.5,1479.5,baghdad_kifah,,,0
2021-11-07,,,0,,,0,1477.5,1477.5,1,,,0,,,0,1482.5,1482.5,1,,,0,,,0,,,0,1483.0,1483.0,1,,,0,1485.0,1485.0,1,,,0,,,0,,,0,,,0,,,0,,,0,,,0,,,0,,,0,,,0,1482.5,1482.5,baghdad_kifah,,,0
2021-11-08,,,0,,,0,,,0,,,0,,,0,1482.5,1482.5,1,,,0,,,0,,,0,,,0,,,0,,,0,,,0,,,0,,,0,,,0,,,0,,,0,,,0,,,0,,,0,,,0,1482.5,1482.5,baghdad_kifah,,,0
2021-11-09,,,0,,,0,1475.0,1475.0,1,,,0,,,0,1481.25,1481.25,1,,,0,,,0,,,0,1481.0,1481.0,1,,,0,1483.0,1483.0,1,,,0,,,0,,,0,,,0,,,0,,,0,,,0,,,0,,,0,,,0,1481.25,1481.25,baghdad_kifah,,,0
2021-11-10,,,0,,,0,1477.5,1477.5,1,,,0,,,0,1482.0,1482.0,1,,,0,,,0,,,0,1481.5,1481.5,1,,,0,1483.5,1483.5,1,,,0,,,0,,,0,,,0,,,0,,,0,,,0,,,0,,,0,,,0,1482.0,1482.0,baghdad_kifah,,,0
2021-11-11,,,0,,,0,,,0,,,0,,,0,1483.0,1483.0,1,,,0,,,0,,,0,,,0,,,0,,,0,,,0,,,0,,,0,,,0,,,0,,,0,,,0,,,0,,,0,,,0,1483.0,1483.0,baghdad_kifah,,,0
2021-11-15,,,0,,,0,1475.0,1475.0,1,,,0,,,0,1480.75,1480.75,1,,,0,,,0,,,0,1482.0,1482.0,1,,,0,1482.75,1482.75,1,,,0,,,0,,,0,,,0,,,0,,,0,,,0,,,0,,,0,,,0,1480.75,1480.75,baghdad_kifah,,,0
2021-11-17,,,0,,,0,1475.0,1475.0,1,,,0,,,0,1480.5,1480.5,1,,,0,,,0,,,0,1481.5,1481.5,1,,,0,1481.25,1481.25,1,,,0,,,0,,,0,,,0,,,0,,,0,,,0,,,0,,,0,,,0,1480.5,1480.5,baghdad_kifah,,,0
2021-11-18,,,0,,,0,,,0,,,0,,,0,1479.5,1479.5,1,,,0,,,0,,,0,,,0,,,0,,,0,,,0,,,0,,,0,,,0,,,0,,,0,,,0,,,0,,,0,,,0,1479.5,1479.5,baghdad_kifah,,,0
2021-11-21,,,0,,,0,,,0,,,0,,,0,1479.5,1479.5,1,,,0,,,0,,,0,,,0,,,0,,,0,,,0,,,0,,,0,,,0,,,0,,,0,,,0,,,0,,,0,,,0,1479.5,1479.5,baghdad_kifah,,,0
2021-11-22,,,0,,,0,,,0,,,0,,,0,1479.5,1479.5,1,,,0,,,0,,,0,,,0,,,0,,,0,,,0,,,0,,,0,,,0,,,0,,,0,,,0,,,0,,,0,,,0,1479.5,1479.5,baghdad_kifah,,,0
2021-11-24,,,0,,,0,,,0,,,0,,,0,1479.5,1479.5,1,,,0,,,0,,,0,,,0,,,0,,,0,,,0,,,0,,,0,,,0,,,0,,,0,,,0,,,0,,,0,,,0,1479.5,1479.5,baghdad_kifah,,,0
2021-11-28,,,0,,,0,,,0,,,0,,,0,1478.75,1478.75,1,,,0,,,0,,,0,,,0,,,0,,,0,,,0,,,0,,,0,,,0,,,0,,,0,,,0,,,0,,,0,,,0,1478.75,1478.75,baghdad_kifah,,,0
2021-11-29,,,0,,,0,1475.0,1475.0,1,,,0,,,0,1478.75,1478.75,1,,,0,,,0,,,0,1479.0,1479.0,1,,,0,1480.25,1480.25,1,,,0,,,0,,,0,,,0,,,0,,,0,,,0,,,0,,,0,,,0,1478.75,1478.75,baghdad_kifah,,,0
2021-11-30,,,0,,,0,,,0,,,0,,,0,1479.0,1479.0,1,,,0,,,0,,,0,,,0,,,0,,,0,,,0,,,0,,,0,,,0,,,0,,,0,,,0,,,0,,,0,,,0,1479.0,1479.0,baghdad_kifah,,,0
2021-12-01,,,0,,,0,,,0,,,0,,,0,1479.5,1479.5,1,,,0,,,0,,,0,,,0,,,0,,,0,,,0,,,0,,,0,,,0,,,0,,,0,,,0,,,0,,,0,,,0,1479.5,1479.5,baghdad_kifah,,,0
2021-12-02,,,0,,,0,,,0,,,0,,,0,1479.0,1479.0,1,,,0,,,0,,,0,,,0,,,0,,,0,,,0,,,0,,,0,,,0,,,0,,,0,,,0,,,0,,,0,,,0,1479.0,1479.0,baghdad_kifah,,,0
2021-12-05,,,0,,,0,,,0,,,0,,,0,1480.5,1480.5,1,,,0,,,0,,,0,,,0,,,0,,,0,,,0,,,0,,,0,,,0,,,0,,,0,,,0,,,0,,,0,,,0,1480.5,1480.5,baghdad_kifah,,,0
2021-12-06,,,0,,,0,,,0,,,0,,,0,1480.0,1480.0,1,,,0,,,0,,,0,,,0,,,0,,,0,,,0,,,0,,,0,,,0,,,0,,,0,,,0,,,0,,,0,,,0,1480.0,1480.0,baghdad_kifah,,,0
2021-12-07,,,0,,,0,,,0,,,0,,,0,1480.5,1480.5,1,,,0,,,0,,,0,,,0,,,0,,,0,,,0,,,0,,,0,,,0,,,0,,,0,,,0,,,0,,,0,,,0,1480.5,1480.5,baghdad_kifah,,,0
2021-12-08,,,0,,,0,,,0,,,0,,,0,1481.25,1481.25,1,,,0,,,0,,,0,,,0,,,0,,,0,,,0,,,0,,,0,,,0,,,0,,,0,,,0,,,0,,,0,,,0,1481.25,1481.25,baghdad_kifah,,,0
2021-12-09,,,0,,,0,1475.0,1475.0,1,,,0,,,0,1481.0,1481.0,1,,,0,,,0,,,0,1481.5,1481.5,1,,,0,1482.5,1482.5,1,,,0,,,0,,,0,,,0,,,0,,,0,,,0,,,0,,,0,,,0,1481.0,1481.0,baghdad_kifah,,,0
2021-12-13,,,0,,,0,1477.5,1477.5,1,,,0,,,0,1482.0,1482.0,1,,,0,,,0,,,0,1482.5,1482.5,1,,,0,1482.0,1482.0,1,,,0,,,0,,,0,,,0,,,0,,,0,,,0,,,0,,,0,,,0,1482.0,1482.0,baghdad_kifah,,,0
2021-12-15,,,0,,,0,,,0,,,0,,,0,1478.5,1478.5,1,,,0,,,0,,,0,,,0,,,0,,,0,,,0,,,0,,,0,,,0,,,0,,,0,,,0,,,0,,,0,,,0,1478.5,1478.5,baghdad_kifah,,,0
2021-12-16,,,0,,,0,,,0,,,0,,,0,1479.0,1479.0,1,,,0,,,0,,,0,,,0,,,0,,,0,,,0,,,0,,,0,,,0,,,0,,,0,,,0,,,0,,,0,,,0,1479.0,1479.0,baghdad_kifah,,,0
2021-12-19,,,0,,,0,1475.0,1475.0,1,,,0,,,0,1479.0,1479.0,1,,,0,,,0,,,0,1480.0,1480.0,1,,,0,1479.75,1479.75,1,,,0,,,0,,,0,,,0,,,0,,,0,,,0,,,0,,,0,,,0,1479.0,1479.0,baghdad_kifah,,,0
2021-12-20,,,0,,,0,,,0,,,0,,,0,1478.5,1478.5,1,,,0,,,0,,,0,,,0,,,0,,,0,,,0,,,0,,,0,,,0,,,0,,,0,,,0,,,0,,,0,,,0,1478.5,1478.5,baghdad_kifah,,,0
2021-12-21,,,0,,,0,1472.5,1472.5,1,,,0,,,0,1477.5,1477.5,1,,,0,,,0,,,0,1478.5,1478.5,1,,,0,1478.5,1478.5,1,,,0,,,0,,,0,,,0,,,0,,,0,,,0,,,0,,,0,,,0,1477.5,1477.5,baghdad_kifah,,,0
2021-12-22,,,0,,,0,1470.0,1470.0,1,,,0,,,0,1474.5,1474.5,1,,,0,,,0,,,0,1476.5,1476.5,1,,,0,1476.75,1476.75,1,,,0,,,0,,,0,,,0,,,0,,,0,,,0,,,0,,,0,,,0,1474.5,1474.5,baghdad_kifah,,,0
2021-12-23,,,0,,,0,1472.5,1472.5,1,,,0,,,0,1477.5,1477.5,1,,,0,,,0,,,0,1478.5,1478.5,1,,,0,1479.0,1479.0,1,,,0,,,0,,,0,,,0,,,0,,,0,,,0,,,0,,,0,,,0,1477.5,1477.5,baghdad_kifah,,,0
2021-12-26,,,0,,,0,1475.0,1475.0,1,,,0,,,0,1479.5,1479.5,1,,,0,,,0,,,0,1480.5,1480.5,1,,,0,1481.25,1481.25,1,,,0,,,0,,,0,,,0,,,0,,,0,,,0,,,0,,,0,,,0,1479.5,1479.5,baghdad_kifah,,,0
2021-12-27,,,0,,,0,,,0,,,0,,,0,1478.5,1478.5,1,,,0,,,0,,,0,,,0,,,0,,,0,,,0,,,0,,,0,,,0,,,0,,,0,,,0,,,0,,,0,,,0,1478.5,1478.5,baghdad_kifah,,,0
2021-12-28,,,0,,,0,1475.0,1475.0,1,,,0,,,0,1478.5,1478.5,1,,,0,,,0,,,0,1480.0,1480.0,1,,,0,1479.25,1479.25,1,,,0,,,0,,,0,,,0,,,0,,,0,,,0,,,0,,,0,,,0,1478.5,1478.5,baghdad_kifah,,,0
2021-12-29,,,0,,,0,1472.5,1472.5,1,,,0,,,0,1477.5,1477.5,1,,,0,,,0,,,0,1479.0,1479.0,1,,,0,1479.0,1479.0,1,,,0,,,0,,,0,,,0,,,0,,,0,,,0,,,0,,,0,,,0,1477.5,1477.5,baghdad_kifah,,,0
2021-12-30,,,0,,,0,1475.0,1475.0,1,,,0,,,0,1478.5,1478.5,1,,,0,,,0,,,0,1479.0,1479.0,1,,,0,1480.0,1480.0,1,,,0,,,0,,,0,,,0,,,0,,,0,,,0,,,0,,,0,,,0,1478.5,1478.5,baghdad_kifah,,,0
2022-01-02,,,0,,,0,1475.0,1475.0,1,,,0,,,0,1479.0,1479.0,1,,,0,,,0,,,0,1479.5,1479.5,1,,,0,1479.5,1479.5,1,,,0,,,0,,,0,,,0,,,0,,,0,,,0,,,0,,,0,,,0,1479.0,1479.0,baghdad_kifah,,,0
2022-01-03,,,0,,,0,1475.0,1475.0,1,,,0,,,0,1478.75,1478.75,1,,,0,,,0,,,0,1479.5,1479.5,1,,,0,1477.75,1477.75,1,,,0,,,0,,,0,,,0,,,0,,,0,,,0,,,0,,,0,,,0,1478.75,1478.75,baghdad_kifah,,,0
2022-01-04,,,0,,,0,1475.0,1475.0,1,,,0,,,0,1478.5,1478.5,1,,,0,,,0,,,0,1479.0,1479.0,1,,,0,1477.75,1477.75,1,,,0,,,0,,,0,,,0,,,0,,,0,,,0,,,0,,,0,,,0,1478.5,1478.5,baghdad_kifah,,,0
2022-01-09,,,0,,,0,1475.0,1475.0,1,,,0,,,0,1479.0,1479.0,1,,,0,,,0,,,0,1480.0,1480.0,1,,,0,1479.75,1479.75,1,,,0,,,0,,,0,,,0,,,0,,,0,,,0,,,0,,,0,,,0,1479.0,1479.0,baghdad_kifah,,,0
2022-01-10,,,0,,,0,1475.0,1475.0,1,,,0,,,0,1481.0,1481.0,1,,,0,,,0,,,0,1480.5,1480.5,1,,,0,1481.75,1481.75,1,,,0,,,0,,,0,,,0,,,0,,,0,,,0,,,0,,,0,,,0,1481.0,1481.0,baghdad_kifah,,,0
2022-01-11,,,0,,,0,1475.0,1475.0,1,,,0,,,0,1480.5,1480.5,1,,,0,,,0,,,0,1480.5,1480.5,1,,,0,1481.5,1481.5,1,,,0,,,0,,,0,,,0,,,0,,,0,,,0,,,0,,,0,,,0,1480.5,1480.5,baghdad_kifah,,,0
2022-01-12,,,0,,,0,1475.0,1475.0,1,,,0,,,0,1481.0,1481.0,1,,,0,,,0,,,0,1481.0,1481.0,1,,,0,1481.75,1481.75,1,,,0,,,0,,,0,,,0,,,0,,,0,,,0,,,0,,,0,,,0,1481.0,1481.0,baghdad_kifah,,,0
2022-01-13,,,0,,,0,1475.0,1475.0,1,,,0,,,0,1481.0,1481.0,1,,,0,,,0,,,0,1481.5,1481.5,1,,,0,1481.25,1481.25,1,,,0,,,0,,,0,,,0,,,0,,,0,,,0,,,0,,,0,,,0,1481.0,1481.0,baghdad_kifah,,,0
2022-01-16,,,0,,,0,1475.0,1475.0,1,,,0,,,0,1481.5,1481.5,1,,,0,,,0,,,0,1482.0,1482.0,1,,,0,1482.25,1482.25,1,,,0,,,0,,,0,,,0,,,0,,,0,,,0,,,0,,,0,,,0,1481.5,1481.5,baghdad_kifah,,,0
2022-01-17,,,0,,,0,,,0,,,0,,,0,1481.0,1481.0,1,,,0,,,0,,,0,,,0,,,0,,,0,,,0,,,0,,,0,,,0,,,0,,,0,,,0,,,0,,,0,,,0,1481.0,1481.0,baghdad_kifah,,,0
2022-01-18,,,0,,,0,1475.0,1475.0,1,,,0,,,0,1481.5,1481.5,1,,,0,,,0,,,0,1482.0,1482.0,1,,,0,1482.5,1482.5,1,,,0,,,0,,,0,,,0,,,0,,,0,,,0,,,0,,,0,,,0,1481.5,1481.5,baghdad_kifah,,,0
2022-01-19,,,0,,,0,1477.5,1477.5,1,,,0,,,0,1482.25,1482.25,1,,,0,,,0,,,0,1482.5,1482.5,1,,,0,1483.25,1483.25,1,,,0,,,0,,,0,,,0,,,0,,,0,,,0,,,0,,,0,,,0,1482.25,1482.25,baghdad_kifah,,,0
2022-01-20,,,0,,,0,1475.0,1475.0,1,,,0,,,0,1481.0,1481.0,1,,,0,,,0,,,0,1482.0,1482.0,1,,,0,1482.5,1482.5,1,,,0,,,0,,,0,,,0,,,0,,,0,,,0,,,0,,,0,,,0,1481.0,1481.0,baghdad_kifah,,,0
2022-01-23,,,0,,,0,1475.0,1475.0,1,,,0,,,0,1479.5,1479.5,1,,,0,,,0,,,0,1480.5,1480.5,1,,,0,1480.5,1480.5,1,,,0,,,0,,,0,,,0,,,0,,,0,,,0,,,0,,,0,,,0,1479.5,1479.5,baghdad_kifah,,,0
2022-01-24,,,0,,,0,1475.0,1475.0,1,,,0,,,0,1479.5,1479.5,1,,,0,,,0,,,0,1480.5,1480.5,1,,,0,1479.0,1479.0,1,,,0,,,0,,,0,,,0,,,0,,,0,,,0,,,0,,,0,,,0,1479.5,1479.5,baghdad_kifah,,,0
2022-01-25,,,0,,,0,1475.0,1475.0,1,,,0,,,0,1480.0,1480.0,1,,,0,,,0,,,0,1481.0,1481.0,1,,,0,1479.75,1479.75,1,,,0,,,0,,,0,,,0,,,0,,,0,,,0,,,0,,,0,,,0,1480.0,1480.0,baghdad_kifah,,,0
2022-01-26,,,0,,,0,1475.0,1475.0,1,,,0,,,0,1478.5,1478.5,1,,,0,,,0,,,0,1480.0,1480.0,1,,,0,1479.25,1479.25,1,,,0,,,0,,,0,,,0,,,0,,,0,,,0,,,0,,,0,,,0,1478.5,1478.5,baghdad_kifah,,,0
2022-01-27,,,0,,,0,1475.0,1475.0,1,,,0,,,0,1479.0,1479.0,1,,,0,,,0,,,0,1480.0,1480.0,1,,,0,1480.25,1480.25,1,,,0,,,0,,,0,,,0,,,0,,,0,,,0,,,0,,,0,,,0,1479.0,1479.0,baghdad_kifah,,,0
2022-01-30,,,0,,,0,1475.0,1475.0,1,,,0,,,0,1479.5,1479.5,1,,,0,,,0,,,0,1480.0,1480.0,1,,,0,1480.25,1480.25,1,,,0,,,0,,,0,,,0,,,0,,,0,,,0,,,0,,,0,,,0,1479.5,1479.5,baghdad_kifah,,,0
2022-01-31,,,0,,,0,1475.0,1475.0,1,,,0,,,0,1479.5,1479.5,1,,,0,,,0,,,0,1480.0,1480.0,1,,,0,1479.25,1479.25,1,,,0,,,0,,,0,,,0,,,0,,,0,,,0,,,0,,,0,,,0,1479.5,1479.5,baghdad_kifah,,,0
2022-02-01,,,0,,,0,1475.0,1475.0,1,,,0,,,0,1478.0,1478.0,1,,,0,,,0,,,0,1478.5,1478.5,1,,,0,1479.25,1479.25,1,,,0,,,0,,,0,,,0,,,0,,,0,,,0,,,0,,,0,,,0,1478.0,1478.0,baghdad_kifah,,,0
2022-02-02,,,0,,,0,1475.0,1475.0,1,,,0,,,0,1478.25,1478.25,1,,,0,,,0,,,0,1478.5,1478.5,1,,,0,1479.0,1479.0,1,,,0,,,0,,,0,,,0,,,0,,,0,,,0,,,0,,,0,,,0,1478.25,1478.25,baghdad_kifah,,,0
2022-02-03,,,0,,,0,1475.0,1475.0,1,,,0,,,0,1477.5,1477.5,1,,,0,,,0,,,0,1478.0,1478.0,1,,,0,1478.25,1478.25,1,,,0,,,0,,,0,,,0,,,0,,,0,,,0,,,0,,,0,,,0,1477.5,1477.5,baghdad_kifah,,,0
2022-02-06,,,0,,,0,1475.0,1475.0,1,,,0,,,0,1479.0,1479.0,1,,,0,,,0,,,0,1479.0,1479.0,1,,,0,1479.5,1479.5,1,,,0,,,0,,,0,,,0,,,0,,,0,,,0,,,0,,,0,,,0,1479.0,1479.0,baghdad_kifah,,,0
2022-02-07,,,0,,,0,1475.0,1475.0,1,,,0,,,0,1478.75,1478.75,1,,,0,,,0,,,0,1479.0,1479.0,1,,,0,1480.5,1480.5,1,,,0,,,0,,,0,,,0,,,0,,,0,,,0,,,0,,,0,,,0,1478.75,1478.75,baghdad_kifah,,,0
2022-02-08,,,0,,,0,1475.0,1475.0,1,,,0,,,0,1479.0,1479.0,1,,,0,,,0,,,0,1479.0,1479.0,1,,,0,1480.75,1480.75,1,,,0,,,0,,,0,,,0,,,0,,,0,,,0,,,0,,,0,,,0,1479.0,1479.0,baghdad_kifah,,,0
2022-02-09,,,0,,,0,,,0,,,0,,,0,1478.75,1478.75,1,,,0,,,0,,,0,,,0,,,0,,,0,,,0,,,0,,,0,,,0,,,0,,,0,,,0,,,0,,,0,,,0,1478.75,1478.75,baghdad_kifah,,,0
2022-02-10,,,0,,,0,1475.0,1475.0,1,,,0,,,0,1479.25,1479.25,1,,,0,,,0,,,0,1479.5,1479.5,1,,,0,1480.0,1480.0,1,,,0,,,0,,,0,,,0,,,0,,,0,,,0,,,0,,,0,,,0,1479.25,1479.25,baghdad_kifah,,,0
2022-02-13,,,0,,,0,1475.0,1475.0,1,,,0,,,0,1481.0,1481.0,1,,,0,,,0,,,0,1481.0,1481.0,1,,,0,,,0,,,0,,,0,,,0,,,0,,,0,,,0,,,0,,,0,,,0,,,0,1481.0,1481.0,baghdad_kifah,,,0
2022-02-14,,,0,,,0,1475.0,1475.0,1,,,0,,,0,1480.75,1480.75,1,,,0,,,0,,,0,1481.5,1481.5,1,,,0,1481.5,1481.5,1,,,0,,,0,,,0,,,0,,,0,,,0,,,0,1482.0,1482.0,1,,,0,,,0,1480.75,1480.75,baghdad_kifah,,,0
2022-02-16,,,0,,,0,1475.0,1475.0,1,,,0,,,0,1479.0,1479.0,1,,,0,,,0,,,0,1480.0,1480.0,1,,,0,1480.5,1480.5,1,,,0,,,0,,,0,,,0,,,0,,,0,,,0,,,0,,,0,,,0,1479.0,1479.0,baghdad_kifah,,,0
2022-02-21,,,0,,,0,,,0,,,0,,,0,1466.0,1466.0,1,,,0,,,0,,,0,,,0,,,0,,,0,,,0,,,0,,,0,,,0,,,0,,,0,,,0,,,0,,,0,,,0,1466.0,1466.0,baghdad_kifah,,,0
2022-02-22,,,0,,,0,1460.0,1460.0,1,,,0,,,0,1466.0,1466.0,1,,,0,,,0,,,0,1465.0,1465.0,1,,,0,1468.5,1468.5,1,,,0,,,0,,,0,,,0,,,0,,,0,,,0,1465.0,1465.0,1,,,0,,,0,1466.0,1466.0,baghdad_kifah,,,0
2022-02-23,,,0,,,0,,,0,,,0,,,0,1461.5,1461.5,1,,,0,,,0,,,0,,,0,,,0,,,0,,,0,,,0,,,0,,,0,,,0,,,0,,,0,,,0,,,0,,,0,1461.5,1461.5,baghdad_kifah,,,0
2022-02-24,,,0,,,0,,,0,,,0,,,0,1464.0,1464.0,1,,,0,,,0,,,0,,,0,,,0,,,0,,,0,,,0,,,0,,,0,,,0,,,0,,,0,,,0,,,0,,,0,1464.0,1464.0,baghdad_kifah,,,0
2022-02-28,,,0,,,0,,,0,,,0,,,0,1464.0,1464.0,1,,,0,,,0,,,0,,,0,,,0,,,0,,,0,,,0,,,0,,,0,,,0,,,0,,,0,,,0,,,0,,,0,1464.0,1464.0,baghdad_kifah,,,0
2022-03-01,,,0,,,0,1465.0,1465.0,1,,,0,,,0,1472.5,1472.5,1,,,0,,,0,,,0,1473.5,1473.5,1,,,0,1472.5,1472.5,1,,,0,,,0,,,0,,,0,,,0,,,0,,,0,,,0,,,0,,,0,1472.5,1472.5,baghdad_kifah,,,0
2022-03-02,,,0,,,0,,,0,,,0,,,0,1471.5,1471.5,1,,,0,,,0,,,0,,,0,,,0,,,0,,,0,,,0,,,0,,,0,,,0,,,0,,,0,,,0,,,0,,,0,1471.5,1471.5,baghdad_kifah,,,0
2022-03-03,,,0,,,0,,,0,,,0,,,0,1470.5,1470.5,1,,,0,,,0,,,0,,,0,,,0,,,0,,,0,,,0,,,0,,,0,,,0,,,0,,,0,,,0,,,0,,,0,1470.5,1470.5,baghdad_kifah,,,0
2022-03-06,,,0,,,0,,,0,,,0,,,0,1472.0,1472.0,1,,,0,,,0,,,0,,,0,,,0,,,0,,,0,,,0,,,0,,,0,,,0,,,0,,,0,,,0,,,0,,,0,1472.0,1472.0,baghdad_kifah,,,0
2022-03-07,,,0,,,0,1465.0,1465.0,1,,,0,,,0,1472.0,1472.0,1,,,0,,,0,,,0,1473.0,1473.0,1,,,0,1472.5,1472.5,1,,,0,,,0,,,0,,,0,,,0,,,0,,,0,,,0,,,0,,,0,1472.0,1472.0,baghdad_kifah,,,0
2022-03-08,,,0,,,0,,,0,,,0,,,0,1474.0,1474.0,1,,,0,,,0,,,0,,,0,,,0,,,0,,,0,,,0,,,0,,,0,,,0,,,0,,,0,,,0,,,0,,,0,1474.0,1474.0,baghdad_kifah,,,0
2022-03-09,,,0,,,0,,,0,,,0,,,0,1472.5,1472.5,1,,,0,,,0,,,0,,,0,,,0,,,0,,,0,,,0,,,0,,,0,,,0,,,0,,,0,,,0,,,0,,,0,1472.5,1472.5,baghdad_kifah,,,0
2022-03-10,,,0,,,0,,,0,,,0,,,0,1471.0,1471.0,1,,,0,,,0,,,0,,,0,,,0,,,0,,,0,,,0,,,0,,,0,,,0,,,0,,,0,,,0,,,0,,,0,1471.0,1471.0,baghdad_kifah,,,0
2022-03-13,,,0,,,0,,,0,,,0,,,0,1472.0,1472.0,1,,,0,,,0,,,0,,,0,,,0,,,0,,,0,,,0,,,0,,,0,,,0,,,0,,,0,,,0,,,0,,,0,1472.0,1472.0,baghdad_kifah,,,0
2022-03-14,,,0,,,0,,,0,,,0,,,0,1473.75,1473.75,1,,,0,,,0,,,0,,,0,,,0,,,0,,,0,,,0,,,0,,,0,,,0,,,0,,,0,,,0,,,0,,,0,1473.75,1473.75,baghdad_kifah,,,0
2022-03-15,,,0,,,0,1467.5,1467.5,1,,,0,,,0,1473.5,1473.5,1,,,0,,,0,,,0,1474.0,1474.0,1,,,0,1472.75,1472.75,1,,,0,,,0,,,0,,,0,,,0,,,0,,,0,,,0,,,0,,,0,1473.5,1473.5,baghdad_kifah,,,0
2022-03-16,,,0,,,0,,,0,,,0,,,0,1472.0,1472.0,1,,,0,,,0,,,0,,,0,,,0,,,0,,,0,,,0,,,0,,,0,,,0,,,0,,,0,,,0,,,0,,,0,1472.0,1472.0,baghdad_kifah,,,0
2022-03-17,,,0,,,0,1467.5,1467.5,1,,,0,,,0,1473.0,1473.0,1,,,0,,,0,,,0,1474.0,1474.0,1,,,0,1472.0,1472.0,1,,,0,,,0,,,0,,,0,,,0,,,0,,,0,,,0,,,0,,,0,1473.0,1473.0,baghdad_kifah,,,0
2022-03-20,,,0,,,0,1467.5,1467.5,1,,,0,,,0,1472.25,1472.25,1,,,0,,,0,,,0,1473.5,1473.5,1,,,0,1474.25,1474.25,1,,,0,,,0,,,0,,,0,,,0,,,0,1474.0,1474.0,1,,,0,,,0,,,0,1472.25,1472.25,baghdad_kifah,,,0
2022-03-21,,,0,,,0,,,0,,,0,,,0,1472.5,1472.5,1,,,0,,,0,,,0,,,0,,,0,,,0,,,0,,,0,,,0,,,0,,,0,,,0,,,0,,,0,,,0,,,0,1472.5,1472.5,baghdad_kifah,,,0
2022-03-22,,,0,,,0,1467.5,1467.5,1,,,0,,,0,1472.0,1472.0,1,,,0,,,0,,,0,1473.0,1473.0,1,,,0,,,0,,,0,,,0,,,0,,,0,1473.0,1473.0,1,1473.0,1473.0,1,,,0,,,0,,,0,,,0,1472.0,1472.0,baghdad_kifah,,,0
2022-03-23,,,0,,,0,1467.5,1467.5,1,,,0,,,0,1472.25,1472.25,1,,,0,,,0,,,0,1475.0,1475.0,1,,,0,,,0,,,0,,,0,,,0,,,0,,,0,,,0,,,0,1474.0,1474.0,1,,,0,,,0,1472.25,1472.25,baghdad_kifah,,,0
2022-03-24,,,0,,,0,1467.5,1467.5,1,,,0,,,0,1472.0,1472.0,1,,,0,,,0,,,0,1473.5,1473.5,1,,,0,,,0,,,0,,,0,,,0,,,0,,,0,,,0,,,0,1474.0,1474.0,1,,,0,,,0,1472.0,1472.0,baghdad_kifah,,,0
2022-03-27,,,0,,,0,1467.5,1467.5,1,,,0,,,0,1472.5,1472.5,1,,,0,,,0,,,0,1474.0,1474.0,1,,,0,1472.25,1472.25,1,,,0,,,0,,,0,,,0,,,0,,,0,,,0,,,0,,,0,,,0,1472.5,1472.5,baghdad_kifah,,,0
2022-03-28,,,0,,,0,1465.0,1465.0,1,,,0,,,0,1471.25,1471.25,1,,,0,,,0,,,0,1473.0,1473.0,1,,,0,1471.0,1471.0,1,,,0,,,0,,,0,,,0,,,0,,,0,,,0,,,0,,,0,,,0,1471.25,1471.25,baghdad_kifah,,,0
2022-03-29,,,0,,,0,1465.0,1465.0,1,,,0,,,0,1471.5,1471.5,1,,,0,,,0,,,0,1473.0,1473.0,1,,,0,1471.75,1471.75,1,,,0,,,0,,,0,,,0,,,0,,,0,,,0,,,0,,,0,,,0,1471.5,1471.5,baghdad_kifah,,,0
2022-03-30,,,0,,,0,1465.0,1465.0,1,,,0,,,0,1471.0,1471.0,1,,,0,,,0,,,0,1471.5,1471.5,1,,,0,1471.75,1471.75,1,,,0,,,0,,,0,,,0,,,0,,,0,,,0,,,0,,,0,,,0,1471.0,1471.0,baghdad_kifah,,,0
2022-03-31,,,0,,,0,1465.0,1465.0,1,,,0,,,0,1471.0,1471.0,1,,,0,,,0,,,0,1472.5,1472.5,1,,,0,1471.5,1471.5,1,,,0,,,0,,,0,,,0,,,0,,,0,,,0,,,0,,,0,,,0,1471.0,1471.0,baghdad_kifah,,,0
2022-04-03,,,0,,,0,,,0,,,0,,,0,1472.0,1472.0,1,,,0,,,0,,,0,,,0,,,0,,,0,,,0,,,0,,,0,,,0,,,0,,,0,,,0,,,0,,,0,,,0,1472.0,1472.0,baghdad_kifah,,,0
2022-04-04,,,0,,,0,1467.5,1467.5,1,,,0,,,0,1473.0,1473.0,1,,,0,,,0,,,0,1473.0,1473.0,1,,,0,1472.5,1472.5,1,,,0,,,0,,,0,,,0,,,0,,,0,,,0,,,0,,,0,,,0,1473.0,1473.0,baghdad_kifah,,,0
2022-04-05,,,0,,,0,,,0,,,0,,,0,1476.0,1476.0,1,,,0,,,0,,,0,,,0,,,0,,,0,,,0,,,0,,,0,,,0,,,0,,,0,,,0,,,0,,,0,,,0,1476.0,1476.0,baghdad_kifah,,,0
2022-04-06,,,0,,,0,1470.0,1470.0,1,,,0,,,0,1474.0,1474.0,1,,,0,,,0,,,0,1475.0,1475.0,1,,,0,1474.5,1474.5,1,,,0,,,0,,,0,,,0,,,0,,,0,,,0,,,0,,,0,,,0,1474.0,1474.0,baghdad_kifah,,,0
2022-04-10,,,0,,,0,1470.0,1470.0,1,,,0,,,0,1476.5,1476.5,1,,,0,,,0,,,0,1477.5,1477.5,1,,,0,1476.25,1476.25,1,,,0,,,0,,,0,,,0,,,0,,,0,,,0,,,0,,,0,,,0,1476.5,1476.5,baghdad_kifah,,,0
2022-04-11,,,0,,,0,,,0,,,0,,,0,1478.5,1478.5,1,,,0,,,0,,,0,,,0,,,0,,,0,,,0,,,0,,,0,,,0,,,0,,,0,,,0,,,0,,,0,,,0,1478.5,1478.5,baghdad_kifah,,,0
2022-04-12,,,0,,,0,1472.5,1472.5,1,,,0,,,0,1477.5,1477.5,1,,,0,,,0,,,0,1478.5,1478.5,1,,,0,1477.25,1477.25,1,,,0,,,0,,,0,,,0,,,0,,,0,,,0,,,0,,,0,,,0,1477.5,1477.5,baghdad_kifah,,,0
2022-04-13,,,0,,,0,,,0,,,0,,,0,1478.0,1478.0,1,,,0,,,0,,,0,,,0,,,0,,,0,,,0,,,0,,,0,,,0,,,0,,,0,,,0,,,0,,,0,,,0,1478.0,1478.0,baghdad_kifah,,,0
2022-04-14,,,0,,,0,,,0,,,0,,,0,1478.0,1478.0,1,,,0,,,0,,,0,,,0,,,0,,,0,,,0,,,0,,,0,,,0,,,0,,,0,,,0,,,0,,,0,,,0,1478.0,1478.0,baghdad_kifah,,,0
2022-04-17,,,0,,,0,,,0,,,0,,,0,1478.0,1478.0,1,,,0,,,0,,,0,,,0,,,0,,,0,,,0,,,0,,,0,,,0,,,0,,,0,,,0,,,0,,,0,,,0,1478.0,1478.0,baghdad_kifah,,,0
2022-04-18,,,0,,,0,,,0,,,0,,,0,1477.5,1477.5,1,,,0,,,0,,,0,,,0,,,0,,,0,,,0,,,0,,,0,,,0,,,0,,,0,,,0,,,0,,,0,,,0,1477.5,1477.5,baghdad_kifah,,,0
2022-04-19,,,0,,,0,,,0,,,0,,,0,1476.5,1476.5,1,,,0,,,0,,,0,,,0,,,0,,,0,,,0,,,0,,,0,,,0,,,0,,,0,,,0,,,0,,,0,,,0,1476.5,1476.5,baghdad_kifah,,,0
2022-04-21,,,0,,,0,,,0,,,0,,,0,1474.5,1474.5,1,,,0,,,0,,,0,,,0,,,0,,,0,,,0,,,0,,,0,,,0,,,0,,,0,,,0,,,0,,,0,,,0,1474.5,1474.5,baghdad_kifah,,,0
2022-04-25,,,0,,,0,,,0,,,0,,,0,1474.5,1474.5,1,,,0,,,0,,,0,,,0,,,0,,,0,,,0,,,0,,,0,,,0,,,0,,,0,,,0,,,0,,,0,,,0,1474.5,1474.5,baghdad_kifah,,,0
2022-04-26,,,0,,,0,,,0,,,0,,,0,1474.0,1474.0,1,,,0,,,0,,,0,,,0,,,0,,,0,,,0,,,0,,,0,,,0,,,0,,,0,,,0,,,0,,,0,,,0,1474.0,1474.0,baghdad_kifah,,,0
2022-04-27,,,0,,,0,1470.0,1470.0,1,,,0,,,0,1475.0,1475.0,1,,,0,,,0,,,0,1476.0,1476.0,1,,,0,1475.5,1475.5,1,,,0,,,0,,,0,,,0,,,0,,,0,,,0,,,0,,,0,,,0,1475.0,1475.0,baghdad_kifah,,,0
2022-04-28,,,0,,,0,1470.0,1470.0,1,,,0,,,0,1475.5,1475.5,1,,,0,,,0,,,0,1476.5,1476.5,1,,,0,1476.0,1476.0,1,,,0,,,0,,,0,,,0,,,0,,,0,,,0,,,0,,,0,,,0,1475.5,1475.5,baghdad_kifah,,,0
2022-05-01,,,0,,,0,,,0,,,0,,,0,1478.5,1478.5,1,,,0,,,0,,,0,,,0,,,0,,,0,,,0,,,0,,,0,,,0,,,0,,,0,,,0,,,0,,,0,,,0,1478.5,1478.5,baghdad_kifah,,,0
2022-05-09,,,0,,,0,,,0,,,0,,,0,1479.5,1479.5,1,,,0,,,0,,,0,,,0,,,0,,,0,,,0,,,0,,,0,,,0,,,0,,,0,,,0,,,0,,,0,,,0,1479.5,1479.5,baghdad_kifah,,,0
2022-05-10,,,0,,,0,1475.0,1475.0,1,,,0,,,0,1479.5,1479.5,1,,,0,,,0,,,0,1480.0,1480.0,1,,,0,1479.5,1479.5,1,,,0,,,0,,,0,,,0,,,0,,,0,,,0,,,0,,,0,,,0,1479.5,1479.5,baghdad_kifah,,,0
2022-05-11,,,0,,,0,,,0,,,0,,,0,1480.5,1480.5,1,,,0,,,0,,,0,,,0,,,0,,,0,,,0,,,0,,,0,,,0,,,0,,,0,,,0,,,0,,,0,,,0,1480.5,1480.5,baghdad_kifah,,,0
2022-05-12,,,0,,,0,,,0,,,0,,,0,1480.0,1480.0,1,,,0,,,0,,,0,,,0,,,0,,,0,,,0,,,0,,,0,,,0,,,0,,,0,,,0,,,0,,,0,,,0,1480.0,1480.0,baghdad_kifah,,,0
2022-05-15,,,0,,,0,,,0,,,0,,,0,1481.0,1481.0,1,,,0,,,0,,,0,,,0,,,0,,,0,,,0,,,0,,,0,,,0,,,0,,,0,,,0,,,0,,,0,,,0,1481.0,1481.0,baghdad_kifah,,,0
2022-05-16,,,0,,,0,,,0,,,0,,,0,1480.5,1480.5,1,,,0,,,0,,,0,,,0,,,0,,,0,,,0,,,0,,,0,,,0,,,0,,,0,,,0,,,0,,,0,,,0,1480.5,1480.5,baghdad_kifah,,,0
2022-05-17,,,0,,,0,,,0,,,0,,,0,1480.0,1480.0,1,,,0,,,0,,,0,,,0,,,0,,,0,,,0,,,0,,,0,,,0,,,0,,,0,,,0,,,0,,,0,,,0,1480.0,1480.0,baghdad_kifah,,,0
2022-05-18,,,0,,,0,1477.5,1477.5,1,,,0,,,0,1482.0,1482.0,1,,,0,,,0,,,0,1482.5,1482.5,1,,,0,1483.0,1483.0,1,,,0,,,0,,,0,,,0,,,0,,,0,,,0,,,0,,,0,,,0,1482.0,1482.0,baghdad_kifah,,,0
2022-05-19,,,0,,,0,,,0,,,0,,,0,1482.25,1482.25,1,,,0,,,0,,,0,,,0,,,0,,,0,,,0,,,0,,,0,,,0,,,0,,,0,,,0,,,0,,,0,,,0,1482.25,1482.25,baghdad_kifah,,,0
2022-05-22,,,0,,,0,1477.5,1477.5,1,,,0,,,0,1481.5,1481.5,1,,,0,,,0,,,0,1482.5,1482.5,1,,,0,1482.5,1482.5,1,,,0,,,0,,,0,,,0,,,0,,,0,,,0,,,0,,,0,,,0,1481.5,1481.5,baghdad_kifah,,,0
2022-05-23,,,0,,,0,1475.0,1475.0,1,,,0,,,0,1481.0,1481.0,1,,,0,,,0,,,0,1481.5,1481.5,1,,,0,1480.75,1480.75,1,,,0,,,0,,,0,,,0,,,0,,,0,,,0,,,0,,,0,,,0,1481.0,1481.0,baghdad_kifah,,,0
2022-05-24,,,0,,,0,1475.0,1475.0,1,,,0,,,0,1480.5,1480.5,1,,,0,,,0,,,0,1481.5,1481.5,1,,,0,1480.0,1480.0,1,,,0,,,0,,,0,,,0,,,0,,,0,,,0,,,0,,,0,,,0,1480.5,1480.5,baghdad_kifah,,,0
2022-05-25,,,0,,,0,,,0,,,0,,,0,1481.25,1481.25,1,,,0,,,0,,,0,,,0,,,0,,,0,,,0,,,0,,,0,,,0,,,0,,,0,,,0,,,0,,,0,,,0,1481.25,1481.25,baghdad_kifah,,,0
2022-05-26,,,0,,,0,,,0,,,0,,,0,1482.0,1482.0,1,,,0,,,0,,,0,,,0,,,0,,,0,,,0,,,0,,,0,,,0,,,0,,,0,,,0,,,0,,,0,,,0,1482.0,1482.0,baghdad_kifah,,,0
2022-05-29,,,0,,,0,1477.5,1477.5,1,,,0,,,0,1482.0,1482.0,1,,,0,,,0,,,0,1482.5,1482.5,1,,,0,1482.25,1482.25,1,,,0,,,0,,,0,,,0,,,0,,,0,,,0,,,0,,,0,,,0,1482.0,1482.0,baghdad_kifah,,,0
2022-05-30,,,0,,,0,1480.0,1480.0,1,,,0,,,0,1484.0,1484.0,1,,,0,,,0,,,0,1484.0,1484.0,1,,,0,,,0,,,0,,,0,,,0,,,0,1485.0,1485.0,1,,,0,1485.5,1485.5,1,,,0,1485.5,1485.5,1,,,0,1484.0,1484.0,baghdad_kifah,,,0
2022-05-31,,,0,,,0,,,0,,,0,,,0,1481.75,1481.75,1,,,0,,,0,,,0,,,0,,,0,,,0,,,0,,,0,,,0,,,0,,,0,,,0,,,0,,,0,,,0,,,0,1481.75,1481.75,baghdad_kifah,,,0
2022-06-01,,,0,,,0,,,0,,,0,,,0,1481.5,1481.5,1,,,0,,,0,,,0,,,0,,,0,,,0,,,0,,,0,,,0,,,0,,,0,,,0,,,0,,,0,,,0,,,0,1481.5,1481.5,baghdad_kifah,,,0
2022-06-02,,,0,,,0,,,0,,,0,,,0,1482.0,1482.0,1,,,0,,,0,,,0,,,0,,,0,,,0,,,0,,,0,,,0,,,0,,,0,,,0,,,0,,,0,,,0,,,0,1482.0,1482.0,baghdad_kifah,,,0
2022-06-05,,,0,,,0,1477.5,1477.5,1,,,0,,,0,1483.25,1483.25,1,,,0,,,0,,,0,1483.5,1483.5,1,,,0,1483.5,1483.5,1,,,0,,,0,,,0,,,0,1485.0,1485.0,1,,,0,,,0,,,0,,,0,,,0,1483.25,1483.25,baghdad_kifah,,,0
2022-06-06,,,0,,,0,1477.5,1477.5,1,,,0,,,0,1483.25,1483.25,1,,,0,,,0,,,0,1483.5,1483.5,1,,,0,1482.75,1482.75,1,,,0,,,0,,,0,,,0,,,0,,,0,,,0,,,0,,,0,,,0,1483.25,1483.25,baghdad_kifah,,,0
2022-06-07,,,0,,,0,1477.5,1477.5,1,,,0,,,0,1483.75,1483.75,1,,,0,,,0,,,0,1484.0,1484.0,1,,,0,1483.25,1483.25,1,,,0,,,0,,,0,,,0,,,0,,,0,,,0,,,0,,,0,,,0,1483.75,1483.75,baghdad_kifah,,,0
2022-06-08,,,0,,,0,1480.0,1480.0,1,,,0,,,0,1484.0,1484.0,1,,,0,,,0,,,0,1484.5,1484.5,1,,,0,1482.75,1482.75,1,,,0,,,0,,,0,,,0,,,0,,,0,,,0,,,0,,,0,,,0,1484.0,1484.0,baghdad_kifah,,,0
2022-06-09,,,0,,,0,1477.5,1477.5,1,,,0,,,0,1482.5,1482.5,1,,,0,,,0,,,0,1483.5,1483.5,1,,,0,1482.0,1482.0,1,,,0,,,0,,,0,,,0,1483.5,1483.5,1,,,0,,,0,,,0,,,0,,,0,1482.5,1482.5,baghdad_kifah,,,0
2022-06-12,,,0,,,0,,,0,,,0,,,0,1483.5,1483.5,1,,,0,,,0,,,0,,,0,,,0,,,0,,,0,,,0,,,0,,,0,,,0,,,0,,,0,,,0,,,0,,,0,1483.5,1483.5,baghdad_kifah,,,0
2022-06-13,,,0,,,0,1480.0,1480.0,1,,,0,,,0,1486.0,1486.0,1,,,0,,,0,,,0,1486.0,1486.0,1,,,0,1485.25,1485.25,1,,,0,,,0,,,0,,,0,,,0,,,0,,,0,,,0,,,0,,,0,1486.0,1486.0,baghdad_kifah,,,0
2022-06-14,,,0,1485.0,1485.0,1,1480.0,1480.0,1,,,0,,,0,1484.5,1484.5,1,,,0,,,0,,,0,1485.5,1485.5,1,,,0,1484.5,1484.5,1,,,0,1485.0,1485.0,1,,,0,,,0,1485.5,1485.5,1,,,0,,,0,,,0,,,0,,,0,1484.5,1484.5,baghdad_kifah,,,0
2022-06-15,,,0,,,0,,,0,,,0,,,0,1484.5,1484.5,1,,,0,,,0,,,0,,,0,,,0,,,0,,,0,,,0,,,0,,,0,,,0,,,0,,,0,,,0,,,0,,,0,1484.5,1484.5,baghdad_kifah,,,0
2022-06-16,,,0,,,0,1480.0,1480.0,1,,,0,,,0,1484.5,1484.5,1,,,0,,,0,,,0,1486.0,1486.0,1,,,0,1485.75,1485.75,1,,,0,,,0,,,0,,,0,,,0,,,0,,,0,,,0,,,0,,,0,1484.5,1484.5,baghdad_kifah,,,0
2022-06-19,,,0,,,0,1480.0,1480.0,1,,,0,,,0,1484.5,1484.5,1,,,0,,,0,,,0,1485.5,1485.5,1,,,0,,,0,,,0,,,0,,,0,,,0,,,0,,,0,,,0,,,0,,,0,,,0,1484.5,1484.5,baghdad_kifah,,,0
2022-06-20,,,0,,,0,1480.0,1480.0,1,,,0,,,0,1485.5,1485.5,1,,,0,,,0,,,0,1486.0,1486.0,1,,,0,1486.25,1486.25,1,,,0,,,0,,,0,,,0,,,0,,,0,,,0,,,0,,,0,,,0,1485.5,1485.5,baghdad_kifah,,,0
2022-06-21,,,0,1484.0,1484.0,1,1477.5,1477.5,1,,,0,,,0,1483.5,1483.5,1,,,0,,,0,,,0,1485.0,1485.0,1,,,0,1484.25,1484.25,1,,,0,,,0,,,0,,,0,1485.0,1485.0,1,,,0,,,0,,,0,,,0,,,0,1483.5,1483.5,baghdad_kifah,,,0
2022-06-22,,,0,,,0,1477.5,1477.5,1,,,0,,,0,1483.25,1483.25,1,,,0,,,0,,,0,1484.5,1484.5,1,,,0,1484.75,1484.75,1,,,0,,,0,,,0,,,0,,,0,,,0,,,0,,,0,,,0,,,0,1483.25,1483.25,baghdad_kifah,,,0
2022-06-23,,,0,,,0,1477.5,1477.5,1,,,0,,,0,1483.5,1483.5,1,,,0,,,0,,,0,1485.0,1485.0,1,,,0,1485.0,1485.0,1,,,0,,,0,,,0,,,0,,,0,,,0,,,0,,,0,,,0,,,0,1483.5,1483.5,baghdad_kifah,,,0
2022-06-26,,,0,,,0,1477.5,1477.5,1,,,0,,,0,1482.75,1482.75,1,,,0,,,0,,,0,1483.5,1483.5,1,,,0,1484.5,1484.5,1,,,0,,,0,,,0,,,0,,,0,,,0,,,0,,,0,,,0,,,0,1482.75,1482.75,baghdad_kifah,,,0
2022-06-27,,,0,,,0,1475.0,1475.0,1,,,0,,,0,1480.5,1480.5,1,,,0,,,0,,,0,1482.0,1482.0,1,,,0,1481.0,1481.0,1,,,0,,,0,,,0,,,0,,,0,,,0,,,0,,,0,,,0,,,0,1480.5,1480.5,baghdad_kifah,,,0
2022-06-28,,,0,,,0,1475.0,1475.0,1,,,0,,,0,1481.0,1481.0,1,,,0,,,0,,,0,1482.5,1482.5,1,,,0,1482.25,1482.25,1,,,0,,,0,,,0,,,0,,,0,,,0,,,0,,,0,,,0,,,0,1481.0,1481.0,baghdad_kifah,,,0
2022-06-29,,,0,,,0,1475.0,1475.0,1,,,0,,,0,1480.0,1480.0,1,,,0,,,0,,,0,1481.0,1481.0,1,,,0,1481.75,1481.75,1,,,0,,,0,,,0,,,0,,,0,,,0,,,0,,,0,,,0,,,0,1480.0,1480.0,baghdad_kifah,,,0
2022-06-30,,,0,,,0,1475.0,1475.0,1,,,0,,,0,1480.5,1480.5,1,,,0,,,0,,,0,1481.5,1481.5,1,,,0,1482.5,1482.5,1,,,0,,,0,,,0,,,0,,,0,,,0,,,0,,,0,,,0,,,0,1480.5,1480.5,baghdad_kifah,,,0
2022-07-03,,,0,,,0,1477.5,1477.5,1,,,0,,,0,1483.0,1483.0,1,,,0,,,0,,,0,1483.5,1483.5,1,,,0,1484.0,1484.0,1,,,0,,,0,,,0,,,0,1484.0,1484.0,1,,,0,,,0,,,0,,,0,,,0,1483.0,1483.0,baghdad_kifah,,,0
2022-07-04,,,0,,,0,1477.5,1477.5,1,,,0,,,0,1483.0,1483.0,1,,,0,,,0,,,0,1484.0,1484.0,1,,,0,1482.25,1482.25,1,,,0,,,0,,,0,,,0,,,0,,,0,,,0,,,0,,,0,,,0,1483.0,1483.0,baghdad_kifah,,,0
2022-07-05,,,0,,,0,1477.5,1477.5,1,,,0,,,0,1483.5,1483.5,1,,,0,,,0,,,0,1484.0,1484.0,1,,,0,1483.0,1483.0,1,,,0,,,0,,,0,,,0,,,0,,,0,,,0,,,0,,,0,,,0,1483.5,1483.5,baghdad_kifah,,,0
2022-07-06,,,0,,,0,1477.5,1477.5,1,,,0,,,0,1483.5,1483.5,1,,,0,,,0,,,0,1484.0,1484.0,1,,,0,1483.25,1483.25,1,,,0,,,0,,,0,,,0,,,0,,,0,,,0,,,0,,,0,,,0,1483.5,1483.5,baghdad_kifah,,,0
2022-07-07,,,0,,,0,1477.5,1477.5,1,,,0,,,0,1484.0,1484.0,1,,,0,,,0,,,0,1485.0,1485.0,1,,,0,1484.0,1484.0,1,,,0,,,0,,,0,,,0,,,0,,,0,,,0,1485.0,1485.0,1,,,0,,,0,1484.0,1484.0,baghdad_kifah,,,0
2022-07-17,,,0,,,0,1480.0,1480.0,1,,,0,,,0,1484.5,1484.5,1,,,0,,,0,,,0,1485.5,1485.5,1,,,0,1485.0,1485.0,1,,,0,,,0,,,0,,,0,1486.0,1486.0,1,,,0,,,0,,,0,,,0,,,0,1484.5,1484.5,baghdad_kifah,,,0
2022-07-19,,,0,,,0,1480.0,1480.0,1,,,0,,,0,1485.0,1485.0,1,,,0,,,0,,,0,1486.0,1486.0,1,,,0,1485.75,1485.75,1,,,0,,,0,,,0,,,0,,,0,,,0,,,0,,,0,,,0,,,0,1485.0,1485.0,baghdad_kifah,,,0
2022-07-20,,,0,,,0,1480.0,1480.0,1,,,0,,,0,1484.5,1484.5,1,,,0,,,0,,,0,1485.5,1485.5,1,,,0,1486.0,1486.0,1,,,0,,,0,,,0,,,0,,,0,,,0,,,0,,,0,,,0,,,0,1484.5,1484.5,baghdad_kifah,,,0
2022-07-21,,,0,,,0,1480.0,1480.0,1,,,0,,,0,1484.75,1484.75,1,,,0,,,0,,,0,1485.5,1485.5,1,,,0,1486.5,1486.5,1,,,0,,,0,,,0,,,0,,,0,,,0,,,0,,,0,,,0,,,0,1484.75,1484.75,baghdad_kifah,,,0
2022-07-24,,,0,,,0,1480.0,1480.0,1,,,0,,,0,1485.0,1485.0,1,,,0,,,0,,,0,1485.5,1485.5,1,,,0,1486.5,1486.5,1,,,0,,,0,,,0,,,0,,,0,,,0,,,0,,,0,,,0,,,0,1485.0,1485.0,baghdad_kifah,,,0
2022-07-25,,,0,,,0,1480.0,1480.0,1,,,0,,,0,1485.5,1485.5,1,,,0,,,0,,,0,1486.0,1486.0,1,,,0,1487.0,1487.0,1,,,0,,,0,,,0,,,0,,,0,,,0,,,0,,,0,,,0,,,0,1485.5,1485.5,baghdad_kifah,,,0
2022-07-26,,,0,,,0,1480.0,1480.0,1,,,0,,,0,1485.5,1485.5,1,,,0,,,0,,,0,1486.5,1486.5,1,,,0,1486.75,1486.75,1,,,0,,,0,,,0,,,0,,,0,,,0,,,0,,,0,,,0,,,0,1485.5,1485.5,baghdad_kifah,,,0
2022-07-27,,,0,,,0,1480.0,1480.0,1,,,0,,,0,1484.5,1484.5,1,,,0,,,0,,,0,1485.5,1485.5,1,,,0,1485.75,1485.75,1,,,0,,,0,,,0,,,0,,,0,,,0,,,0,,,0,,,0,,,0,1484.5,1484.5,baghdad_kifah,,,0
2022-07-28,,,0,,,0,1480.0,1480.0,1,,,0,,,0,1485.0,1485.0,1,,,0,,,0,,,0,1485.5,1485.5,1,,,0,1484.75,1484.75,1,,,0,,,0,,,0,,,0,,,0,,,0,,,0,,,0,,,0,,,0,1485.0,1485.0,baghdad_kifah,,,0
2022-07-31,,,0,,,0,1482.5,1482.5,1,,,0,,,0,1486.5,1486.5,1,,,0,,,0,,,0,1487.0,1487.0,1,,,0,1486.5,1486.5,1,,,0,,,0,,,0,,,0,,,0,,,0,,,0,,,0,,,0,,,0,1486.5,1486.5,baghdad_kifah,,,0
2022-08-01,,,0,,,0,1482.5,1482.5,1,,,0,,,0,1486.5,1486.5,1,,,0,,,0,,,0,1487.0,1487.0,1,,,0,1485.75,1485.75,1,,,0,,,0,,,0,,,0,,,0,,,0,,,0,,,0,,,0,,,0,1486.5,1486.5,baghdad_kifah,,,0
2022-08-02,,,0,,,0,1482.5,1482.5,1,,,0,,,0,1487.0,1487.0,1,,,0,,,0,,,0,1487.5,1487.5,1,,,0,1487.5,1487.5,1,,,0,,,0,,,0,,,0,,,0,,,0,,,0,,,0,,,0,,,0,1487.0,1487.0,baghdad_kifah,,,0
2022-08-03,,,0,,,0,1480.0,1480.0,1,,,0,,,0,1485.0,1485.0,1,,,0,,,0,,,0,1486.0,1486.0,1,,,0,1486.25,1486.25,1,,,0,,,0,,,0,,,0,,,0,,,0,,,0,,,0,,,0,,,0,1485.0,1485.0,baghdad_kifah,,,0
2022-08-04,,,0,,,0,1480.0,1480.0,1,,,0,,,0,1486.5,1486.5,1,,,0,,,0,,,0,1487.0,1487.0,1,,,0,1488.0,1488.0,1,,,0,,,0,,,0,,,0,,,0,,,0,,,0,,,0,,,0,,,0,1486.5,1486.5,baghdad_kifah,,,0
2022-08-07,,,0,,,0,1480.0,1480.0,1,,,0,,,0,1485.0,1485.0,1,,,0,,,0,,,0,1486.0,1486.0,1,,,0,1486.75,1486.75,1,,,0,,,0,,,0,,,0,,,0,,,0,,,0,,,0,,,0,,,0,1485.0,1485.0,baghdad_kifah,,,0
2022-08-08,,,0,,,0,1486.0,1486.0,1,,,0,,,0,,,0,,,0,,,0,,,0,1490.0,1490.0,1,,,0,1486.75,1486.75,1,,,0,,,0,,,0,,,0,,,0,,,0,,,0,,,0,,,0,,,0,1486.0,1486.0,baghdad_generic,,,0
2022-08-10,,,0,,,0,1485.25,1485.25,1,,,0,,,0,,,0,,,0,,,0,,,0,1490.0,1490.0,1,,,0,1485.25,1485.25,1,,,0,,,0,,,0,,,0,,,0,,,0,,,0,,,0,,,0,,,0,1485.25,1485.25,baghdad_generic,,,0
2022-08-11,,,0,,,0,1484.5,1484.5,1,,,0,,,0,,,0,,,0,,,0,,,0,1486.0,1486.0,1,,,0,1485.25,1485.25,1,,,0,,,0,,,0,,,0,,,0,,,0,,,0,,,0,,,0,,,0,1484.5,1484.5,baghdad_generic,,,0
2022-08-14,,,0,,,0,,,0,,,0,,,0,1485.0,1485.0,1,,,0,,,0,,,0,1486.0,1486.0,1,,,0,1484.25,1484.25,1,,,0,,,0,,,0,,,0,,,0,,,0,,,0,,,0,,,0,,,0,1485.0,1485.0,baghdad_kifah,,,0
2022-08-15,,,0,,,0,,,0,,,0,,,0,1485.5,1485.5,1,,,0,,,0,,,0,1487.0,1487.0,1,,,0,1485.25,1485.25,1,,,0,,,0,,,0,,,0,,,0,,,0,,,0,,,0,,,0,,,0,1485.5,1485.5,baghdad_kifah,,,0
2022-08-16,,,0,,,0,,,0,,,0,,,0,1484.5,1484.5,1,,,0,,,0,,,0,1486.5,1486.5,1,,,0,1484.0,1484.0,1,,,0,,,0,,,0,,,0,,,0,,,0,,,0,,,0,,,0,,,0,1484.5,1484.5,baghdad_kifah,,,0
2022-08-17,,,0,,,0,,,0,,,0,,,0,1481.5,1481.5,1,,,0,,,0,,,0,1483.0,1483.0,1,,,0,1480.5,1480.5,1,,,0,,,0,,,0,,,0,,,0,,,0,,,0,,,0,,,0,,,0,1481.5,1481.5,baghdad_kifah,,,0
2022-08-18,,,0,,,0,,,0,,,0,,,0,1480.5,1480.5,1,,,0,,,0,,,0,1482.0,1482.0,1,,,0,1480.0,1480.0,1,,,0,,,0,,,0,,,0,,,0,,,0,,,0,,,0,,,0,,,0,1480.5,1480.5,baghdad_kifah,,,0
2022-08-21,,,0,,,0,,,0,,,0,,,0,1481.25,1481.25,1,,,0,,,0,,,0,1482.5,1482.5,1,,,0,1482.0,1482.0,1,,,0,,,0,,,0,,,0,,,0,,,0,,,0,,,0,,,0,,,0,1481.25,1481.25,baghdad_kifah,,,0
2022-08-22,,,0,,,0,,,0,,,0,,,0,1480.5,1480.5,1,,,0,,,0,,,0,1482.0,1482.0,1,,,0,1481.5,1481.5,1,,,0,,,0,,,0,,,0,,,0,,,0,,,0,,,0,,,0,,,0,1480.5,1480.5,baghdad_kifah,,,0
2022-08-23,,,0,,,0,,,0,,,0,,,0,1479.0,1479.0,1,,,0,,,0,,,0,1480.5,1480.5,1,,,0,1479.75,1479.75,1,,,0,,,0,,,0,,,0,,,0,,,0,,,0,,,0,,,0,,,0,1479.0,1479.0,baghdad_kifah,,,0
2022-08-24,,,0,,,0,,,0,,,0,,,0,1480.0,1480.0,1,,,0,,,0,,,0,1481.5,1481.5,1,,,0,1481.75,1481.75,1,,,0,,,0,,,0,,,0,,,0,,,0,,,0,,,0,,,0,,,0,1480.0,1480.0,baghdad_kifah,,,0
2022-08-25,,,0,,,0,,,0,,,0,,,0,1480.0,1480.0,1,,,0,,,0,,,0,1481.0,1481.0,1,,,0,1481.0,1481.0,1,,,0,,,0,,,0,,,0,1481.0,1481.0,1,,,0,,,0,,,0,,,0,,,0,1480.0,1480.0,baghdad_kifah,,,0
2022-08-28,,,0,,,0,,,0,,,0,,,0,1479.75,1479.75,1,,,0,,,0,,,0,1481.0,1481.0,1,,,0,1480.75,1480.75,1,,,0,,,0,,,0,,,0,,,0,,,0,,,0,,,0,,,0,,,0,1479.75,1479.75,baghdad_kifah,,,0
2022-08-29,,,0,,,0,,,0,,,0,,,0,1479.0,1479.0,1,,,0,,,0,,,0,1480.0,1480.0,1,,,0,1480.0,1480.0,1,,,0,,,0,,,0,,,0,1480.0,1480.0,1,,,0,,,0,,,0,,,0,,,0,1479.0,1479.0,baghdad_kifah,,,0
2022-08-30,,,0,,,0,1479.5,1479.5,1,,,0,,,0,,,0,,,0,,,0,,,0,,,0,,,0,1481.75,1481.75,1,,,0,,,0,,,0,,,0,,,0,,,0,,,0,,,0,,,0,,,0,1479.5,1479.5,baghdad_generic,,,0
2022-08-31,,,0,,,0,,,0,,,0,,,0,1479.0,1479.0,1,,,0,,,0,,,0,1480.5,1480.5,1,,,0,1480.0,1480.0,1,,,0,,,0,,,0,,,0,,,0,,,0,,,0,,,0,,,0,,,0,1479.0,1479.0,baghdad_kifah,,,0
2022-09-01,,,0,,,0,,,0,,,0,,,0,1479.5,1479.5,1,,,0,,,0,,,0,1481.0,1481.0,1,,,0,1480.75,1480.75,1,,,0,,,0,,,0,,,0,,,0,,,0,,,0,,,0,,,0,,,0,1479.5,1479.5,baghdad_kifah,,,0
2022-09-04,,,0,,,0,,,0,,,0,,,0,1480.75,1480.75,1,,,0,,,0,,,0,1481.0,1481.0,1,,,0,1481.0,1481.0,1,,,0,,,0,,,0,,,0,,,0,,,0,,,0,,,0,,,0,,,0,1480.75,1480.75,baghdad_kifah,,,0
2022-09-05,,,0,,,0,,,0,,,0,,,0,1480.0,1480.0,1,,,0,,,0,,,0,1481.0,1481.0,1,,,0,1481.25,1481.25,1,,,0,,,0,,,0,,,0,,,0,,,0,,,0,,,0,,,0,,,0,1480.0,1480.0,baghdad_kifah,,,0
2022-09-06,,,0,,,0,,,0,,,0,,,0,1479.5,1479.5,1,,,0,,,0,,,0,1480.5,1480.5,1,,,0,1481.25,1481.25,1,,,0,,,0,,,0,,,0,,,0,,,0,,,0,,,0,,,0,,,0,1479.5,1479.5,baghdad_kifah,,,0
2022-09-07,,,0,,,0,,,0,,,0,,,0,1478.5,1478.5,1,,,0,,,0,,,0,1480.0,1480.0,1,,,0,1481.0,1481.0,1,,,0,,,0,,,0,,,0,,,0,,,0,,,0,,,0,,,0,,,0,1478.5,1478.5,baghdad_kifah,,,0
2022-09-08,,,0,,,0,,,0,,,0,,,0,1479.0,1479.0,1,,,0,,,0,,,0,1480.0,1480.0,1,,,0,1481.5,1481.5,1,,,0,,,0,,,0,,,0,,,0,,,0,,,0,,,0,,,0,,,0,1479.0,1479.0,baghdad_kifah,,,0
2022-09-11,,,0,,,0,,,0,,,0,,,0,1479.0,1479.0,1,,,0,,,0,,,0,1480.0,1480.0,1,,,0,1481.25,1481.25,1,,,0,,,0,,,0,,,0,,,0,,,0,,,0,,,0,,,0,,,0,1479.0,1479.0,baghdad_kifah,,,0
2022-09-12,,,0,,,0,,,0,,,0,,,0,1479.25,1479.25,1,,,0,,,0,,,0,1480.0,1480.0,1,,,0,1480.75,1480.75,1,,,0,,,0,,,0,,,0,,,0,,,0,,,0,,,0,,,0,,,0,1479.25,1479.25,baghdad_kifah,,,0
2022-09-13,,,0,,,0,,,0,,,0,,,0,1479.5,1479.5,1,,,0,,,0,,,0,,,0,,,0,1480.0,1480.0,1,,,0,,,0,,,0,,,0,,,0,,,0,,,0,,,0,,,0,,,0,1479.5,1479.5,baghdad_kifah,,,0
2022-09-14,,,0,,,0,1478.5,1478.5,1,,,0,,,0,,,0,,,0,,,0,,,0,,,0,,,0,1479.25,1479.25,1,,,0,,,0,,,0,,,0,,,0,,,0,,,0,,,0,,,0,,,0,1478.5,1478.5,baghdad_generic,,,0
2022-09-15,,,0,,,0,1477.5,1477.5,1,,,0,,,0,,,0,,,0,,,0,,,0,,,0,,,0,,,0,,,0,,,0,,,0,,,0,,,0,,,0,,,0,,,0,,,0,,,0,1477.5,1477.5,baghdad_generic,,,0
2022-09-18,,,0,,,0,1478.75,1478.75,1,,,0,,,0,,,0,,,0,,,0,,,0,1480.0,1480.0,1,,,0,1479.75,1479.75,1,,,0,,,0,,,0,,,0,,,0,,,0,,,0,,,0,,,0,,,0,1478.75,1478.75,baghdad_generic,,,0
2022-09-19,,,0,,,0,,,0,,,0,,,0,1478.5,1478.5,1,,,0,,,0,,,0,1480.0,1480.0,1,,,0,1478.5,1478.5,1,,,0,,,0,,,0,,,0,,,0,,,0,,,0,,,0,,,0,,,0,1478.5,1478.5,baghdad_kifah,,,0
2022-09-20,,,0,,,0,,,0,,,0,,,0,1476.5,1476.5,1,,,0,,,0,,,0,1478.5,1478.5,1,,,0,1477.25,1477.25,1,,,0,,,0,,,0,,,0,,,0,,,0,,,0,,,0,,,0,,,0,1476.5,1476.5,baghdad_kifah,,,0
2022-09-21,,,0,,,0,,,0,,,0,,,0,1476.5,1476.5,1,,,0,,,0,,,0,1478.0,1478.0,1,,,0,1476.0,1476.0,1,,,0,,,0,,,0,,,0,1477.5,1477.5,1,,,0,,,0,,,0,,,0,,,0,1476.5,1476.5,baghdad_kifah,,,0
2022-09-22,,,0,,,0,,,0,,,0,,,0,1476.5,1476.5,1,,,0,,,0,,,0,1478.0,1478.0,1,,,0,1477.0,1477.0,1,,,0,,,0,,,0,,,0,,,0,,,0,,,0,,,0,,,0,,,0,1476.5,1476.5,baghdad_kifah,,,0
2022-09-25,,,0,,,0,,,0,,,0,,,0,1477.0,1477.0,1,,,0,,,0,,,0,1478.0,1478.0,1,,,0,1478.25,1478.25,1,,,0,,,0,,,0,,,0,,,0,,,0,,,0,,,0,,,0,,,0,1477.0,1477.0,baghdad_kifah,,,0
2022-09-26,,,0,,,0,,,0,,,0,,,0,1477.0,1477.0,1,,,0,,,0,,,0,1478.0,1478.0,1,,,0,1476.5,1476.5,1,,,0,,,0,,,0,,,0,,,0,,,0,,,0,,,0,,,0,,,0,1477.0,1477.0,baghdad_kifah,,,0
2022-09-27,,,0,,,0,,,0,,,0,,,0,1476.5,1476.5,1,,,0,,,0,,,0,1477.5,1477.5,1,,,0,1477.0,1477.0,1,,,0,,,0,,,0,,,0,,,0,,,0,,,0,,,0,,,0,,,0,1476.5,1476.5,baghdad_kifah,,,0
2022-09-28,,,0,,,0,,,0,,,0,,,0,1474.5,1474.5,1,,,0,,,0,,,0,1476.5,1476.5,1,,,0,1475.75,1475.75,1,,,0,,,0,,,0,,,0,,,0,,,0,,,0,,,0,,,0,,,0,1474.5,1474.5,baghdad_kifah,,,0
2022-09-29,,,0,,,0,,,0,,,0,,,0,1475.0,1475.0,1,,,0,,,0,,,0,1477.0,1477.0,1,,,0,1475.25,1475.25,1,,,0,,,0,,,0,,,0,,,0,,,0,,,0,,,0,,,0,,,0,1475.0,1475.0,baghdad_kifah,,,0
2022-10-02,,,0,,,0,,,0,,,0,,,0,1475.0,1475.0,1,,,0,,,0,,,0,1476.0,1476.0,1,,,0,1475.25,1475.25,1,,,0,,,0,,,0,,,0,,,0,,,0,,,0,,,0,,,0,,,0,1475.0,1475.0,baghdad_kifah,,,0
2022-10-03,,,0,,,0,,,0,,,0,,,0,1476.5,1476.5,1,,,0,,,0,,,0,1477.0,1477.0,1,,,0,1478.0,1478.0,1,,,0,,,0,,,0,,,0,,,0,,,0,,,0,,,0,,,0,,,0,1476.5,1476.5,baghdad_kifah,,,0
2022-10-04,,,0,,,0,,,0,,,0,,,0,1476.75,1476.75,1,,,0,,,0,,,0,1477.0,1477.0,1,,,0,1479.0,1479.0,1,,,0,,,0,,,0,,,0,,,0,,,0,,,0,,,0,,,0,,,0,1476.75,1476.75,baghdad_kifah,,,0
2022-10-05,,,0,,,0,,,0,,,0,,,0,1477.5,1477.5,1,,,0,,,0,,,0,1478.0,1478.0,1,,,0,1479.5,1479.5,1,,,0,,,0,,,0,,,0,,,0,,,0,,,0,,,0,,,0,,,0,1477.5,1477.5,baghdad_kifah,,,0
2022-10-06,,,0,,,0,,,0,,,0,,,0,1479.0,1479.0,1,,,0,,,0,,,0,1480.0,1480.0,1,,,0,1480.0,1480.0,1,,,0,,,0,,,0,,,0,,,0,,,0,,,0,,,0,,,0,,,0,1479.0,1479.0,baghdad_kifah,,,0
2022-10-09,1484.0,1484.0,1,,,0,,,0,,,0,,,0,1482.0,1482.0,1,,,0,,,0,,,0,1482.5,1482.5,1,,,0,1483.5,1483.5,1,,,0,,,0,,,0,,,0,1483.0,1483.0,1,,,0,,,0,1483.5,1483.5,1,,,0,,,0,1482.0,1482.0,baghdad_kifah,,,0
2022-10-10,,,0,,,0,,,0,,,0,,,0,1481.25,1481.25,1,,,0,,,0,,,0,1482.0,1482.0,1,,,0,1483.0,1483.0,1,,,0,,,0,,,0,,,0,,,0,,,0,,,0,,,0,,,0,,,0,1481.25,1481.25,baghdad_kifah,,,0
2022-10-11,,,0,,,0,,,0,,,0,,,0,1480.0,1480.0,1,,,0,,,0,,,0,1481.0,1481.0,1,,,0,1481.75,1481.75,1,,,0,,,0,,,0,,,0,,,0,,,0,,,0,,,0,,,0,,,0,1480.0,1480.0,baghdad_kifah,,,0
2022-10-12,,,0,,,0,,,0,,,0,,,0,1478.5,1478.5,1,,,0,,,0,,,0,1480.0,1480.0,1,,,0,1481.0,1481.0,1,,,0,,,0,,,0,,,0,,,0,,,0,,,0,,,0,,,0,,,0,1478.5,1478.5,baghdad_kifah,,,0
2022-10-13,,,0,,,0,,,0,,,0,,,0,1478.75,1478.75,1,,,0,,,0,,,0,1480.0,1480.0,1,,,0,1482.0,1482.0,1,,,0,,,0,,,0,,,0,,,0,,,0,,,0,,,0,,,0,,,0,1478.75,1478.75,baghdad_kifah,,,0
2022-10-18,,,0,,,0,,,0,,,0,,,0,1475.25,1475.25,1,,,0,,,0,,,0,,,0,,,0,,,0,,,0,,,0,,,0,,,0,,,0,,,0,,,0,,,0,,,0,,,0,1475.25,1475.25,baghdad_kifah,,,0
2022-10-19,,,0,,,0,,,0,,,0,,,0,1470.0,1470.0,1,,,0,,,0,,,0,1470.0,1470.0,1,,,0,1474.0,1474.0,1,,,0,,,0,,,0,,,0,,,0,,,0,,,0,,,0,,,0,,,0,1470.0,1470.0,baghdad_kifah,,,0
2022-10-20,,,0,,,0,,,0,,,0,,,0,1469.0,1469.0,1,,,0,,,0,,,0,1468.0,1468.0,1,,,0,1474.0,1474.0,1,,,0,,,0,,,0,,,0,,,0,,,0,,,0,,,0,,,0,,,0,1469.0,1469.0,baghdad_kifah,,,0
2022-10-24,,,0,,,0,,,0,,,0,,,0,1464.0,1464.0,1,,,0,,,0,,,0,1462.5,1462.5,1,,,0,1468.25,1468.25,1,,,0,,,0,,,0,,,0,,,0,,,0,,,0,,,0,,,0,,,0,1464.0,1464.0,baghdad_kifah,,,0
2022-10-25,,,0,,,0,,,0,,,0,,,0,,,0,,,0,,,0,,,0,1460.0,1460.0,1,,,0,1467.5,1467.5,1,,,0,,,0,,,0,,,0,,,0,,,0,,,0,,,0,,,0,,,0,,,,,,0
2022-10-26,,,0,,,0,,,0,,,0,,,0,1459.0,1459.0,1,,,0,,,0,,,0,1456.5,1456.5,1,,,0,1464.0,1464.0,1,,,0,,,0,,,0,,,0,,,0,,,0,,,0,,,0,,,0,,,0,1459.0,1459.0,baghdad_kifah,,,0
2022-10-27,,,0,,,0,,,0,,,0,,,0,1462.0,1462.0,1,,,0,,,0,,,0,1461.0,1461.0,1,,,0,1466.0,1466.0,1,,,0,,,0,,,0,,,0,,,0,,,0,,,0,,,0,,,0,,,0,1462.0,1462.0,baghdad_kifah,,,0
2022-10-30,,,0,,,0,,,0,,,0,,,0,1464.5,1464.5,1,,,0,,,0,,,0,1462.5,1462.5,1,,,0,1464.0,1464.0,1,,,0,,,0,,,0,,,0,,,0,,,0,,,0,,,0,,,0,,,0,1464.5,1464.5,baghdad_kifah,,,0
2022-10-31,,,0,,,0,,,0,,,0,,,0,1460.0,1460.0,1,,,0,,,0,,,0,1460.0,1460.0,1,,,0,1457.0,1457.0,1,,,0,,,0,,,0,,,0,,,0,,,0,,,0,,,0,,,0,,,0,1460.0,1460.0,baghdad_kifah,,,0
2022-11-01,,,0,,,0,,,0,,,0,,,0,1463.5,1463.5,1,,,0,,,0,,,0,1463.0,1463.0,1,,,0,1460.0,1460.0,1,,,0,,,0,,,0,,,0,,,0,,,0,,,0,,,0,,,0,,,0,1463.5,1463.5,baghdad_kifah,,,0
2022-11-02,,,0,,,0,,,0,,,0,,,0,1463.5,1463.5,1,,,0,,,0,,,0,1465.0,1465.0,1,,,0,1459.5,1459.5,1,,,0,,,0,,,0,,,0,,,0,,,0,,,0,,,0,,,0,,,0,1463.5,1463.5,baghdad_kifah,,,0
2022-11-03,,,0,,,0,,,0,,,0,,,0,1465.0,1465.0,1,,,0,,,0,,,0,1464.5,1464.5,1,,,0,1464.5,1464.5,1,,,0,,,0,,,0,,,0,,,0,,,0,,,0,,,0,,,0,,,0,1465.0,1465.0,baghdad_kifah,,,0
2022-11-06,,,0,,,0,,,0,,,0,,,0,1470.0,1470.0,1,,,0,,,0,,,0,1471.0,1471.0,1,,,0,,,0,,,0,,,0,,,0,,,0,,,0,,,0,,,0,,,0,,,0,,,0,1470.0,1470.0,baghdad_kifah,,,0
2022-11-07,,,0,,,0,,,0,,,0,,,0,1470.0,1470.0,1,,,0,,,0,,,0,1470.0,1470.0,1,,,0,,,0,,,0,,,0,,,0,,,0,,,0,,,0,,,0,,,0,,,0,,,0,1470.0,1470.0,baghdad_kifah,,,0
2022-11-08,,,0,,,0,,,0,,,0,,,0,1469.25,1469.25,1,,,0,,,0,,,0,1469.0,1469.0,1,,,0,,,0,,,0,,,0,,,0,,,0,,,0,,,0,,,0,,,0,,,0,,,0,1469.25,1469.25,baghdad_kifah,,,0
2022-11-09,,,0,,,0,,,0,,,0,,,0,1470.0,1470.0,1,,,0,,,0,,,0,1470.0,1470.0,1,,,0,,,0,,,0,,,0,,,0,,,0,,,0,,,0,,,0,,,0,,,0,,,0,1470.0,1470.0,baghdad_kifah,,,0
2022-11-10,,,0,,,0,,,0,,,0,,,0,1471.0,1471.0,1,,,0,,,0,,,0,1470.5,1470.5,1,,,0,,,0,,,0,,,0,,,0,,,0,,,0,,,0,,,0,,,0,,,0,,,0,1471.0,1471.0,baghdad_kifah,,,0
2022-11-13,,,0,,,0,,,0,,,0,,,0,1477.5,1477.5,1,,,0,,,0,,,0,1477.5,1477.5,1,,,0,1478.5,1478.5,1,,,0,,,0,,,0,,,0,,,0,,,0,,,0,,,0,,,0,,,0,1477.5,1477.5,baghdad_kifah,,,0
2022-11-14,,,0,,,0,,,0,,,0,,,0,1481.5,1481.5,1,,,0,,,0,,,0,1481.5,1481.5,1,,,0,1482.0,1482.0,1,,,0,,,0,,,0,,,0,,,0,,,0,,,0,,,0,,,0,,,0,1481.5,1481.5,baghdad_kifah,,,0
2022-11-15,,,0,,,0,,,0,,,0,,,0,1483.5,1483.5,1,,,0,,,0,,,0,1483.0,1483.0,1,,,0,1484.75,1484.75,1,,,0,,,0,,,0,,,0,,,0,,,0,,,0,,,0,,,0,,,0,1483.5,1483.5,baghdad_kifah,,,0
2022-11-16,,,0,,,0,,,0,,,0,,,0,1485.5,1485.5,1,,,0,,,0,,,0,1485.0,1485.0,1,,,0,1486.0,1486.0,1,,,0,,,0,,,0,,,0,,,0,,,0,,,0,,,0,,,0,,,0,1485.5,1485.5,baghdad_kifah,,,0
2022-11-17,,,0,,,0,,,0,,,0,,,0,1483.5,1483.5,1,,,0,,,0,,,0,1483.5,1483.5,1,,,0,1483.25,1483.25,1,,,0,,,0,,,0,,,0,,,0,,,0,,,0,,,0,,,0,,,0,1483.5,1483.5,baghdad_kifah,,,0
2022-11-20,,,0,,,0,,,0,,,0,,,0,1483.0,1483.0,1,,,0,,,0,,,0,1484.0,1484.0,1,,,0,1484.25,1484.25,1,,,0,,,0,,,0,,,0,,,0,,,0,,,0,,,0,,,0,,,0,1483.0,1483.0,baghdad_kifah,,,0
2022-11-21,,,0,,,0,,,0,,,0,,,0,1486.0,1486.0,1,,,0,,,0,,,0,1485.0,1485.0,1,,,0,1487.0,1487.0,1,,,0,,,0,,,0,,,0,,,0,,,0,,,0,,,0,,,0,,,0,1486.0,1486.0,baghdad_kifah,,,0
2022-11-22,,,0,,,0,,,0,,,0,,,0,1489.0,1489.0,1,,,0,,,0,,,0,1489.0,1489.0,1,,,0,1490.0,1490.0,1,,,0,,,0,,,0,,,0,,,0,,,0,,,0,,,0,,,0,,,0,1489.0,1489.0,baghdad_kifah,,,0
2022-11-23,,,0,,,0,,,0,,,0,,,0,1486.0,1486.0,1,,,0,,,0,,,0,1487.0,1487.0,1,,,0,1487.0,1487.0,1,,,0,,,0,,,0,,,0,,,0,,,0,,,0,,,0,,,0,,,0,1486.0,1486.0,baghdad_kifah,,,0
2022-11-24,,,0,,,0,,,0,,,0,,,0,1491.0,1491.0,1,,,0,,,0,,,0,1492.0,1492.0,1,,,0,1492.0,1492.0,1,,,0,,,0,,,0,,,0,,,0,,,0,,,0,,,0,,,0,,,0,1491.0,1491.0,baghdad_kifah,,,0
2022-11-27,,,0,,,0,,,0,,,0,,,0,1489.0,1489.0,1,,,0,,,0,,,0,1490.0,1490.0,1,,,0,1488.5,1488.5,1,,,0,,,0,,,0,,,0,1490.0,1490.0,1,,,0,,,0,,,0,,,0,,,0,1489.0,1489.0,baghdad_kifah,,,0
2022-11-28,,,0,,,0,,,0,,,0,,,0,1493.5,1493.5,1,,,0,,,0,,,0,1493.5,1493.5,1,,,0,1493.75,1493.75,1,,,0,,,0,,,0,,,0,,,0,,,0,,,0,,,0,,,0,,,0,1493.5,1493.5,baghdad_kifah,,,0
2022-11-29,,,0,,,0,,,0,,,0,,,0,1495.0,1495.0,1,,,0,,,0,,,0,1495.0,1495.0,1,,,0,1493.5,1493.5,1,,,0,,,0,,,0,,,0,,,0,,,0,,,0,,,0,,,0,,,0,1495.0,1495.0,baghdad_kifah,,,0
2022-11-30,,,0,,,0,,,0,,,0,,,0,1495.0,1495.0,1,,,0,,,0,,,0,1494.5,1494.5,1,,,0,1495.5,1495.5,1,,,0,,,0,,,0,,,0,,,0,,,0,,,0,,,0,,,0,,,0,1495.0,1495.0,baghdad_kifah,,,0
2022-12-01,,,0,,,0,,,0,,,0,,,0,1496.0,1496.0,1,,,0,,,0,,,0,1495.5,1495.5,1,,,0,1497.0,1497.0,1,,,0,,,0,,,0,,,0,,,0,,,0,,,0,,,0,,,0,,,0,1496.0,1496.0,baghdad_kifah,,,0
2022-12-04,,,0,,,0,,,0,,,0,,,0,1496.5,1496.5,1,,,0,,,0,,,0,1496.0,1496.0,1,,,0,1496.0,1496.0,1,,,0,,,0,,,0,,,0,,,0,,,0,,,0,,,0,,,0,,,0,1496.5,1496.5,baghdad_kifah,,,0
2022-12-05,,,0,,,0,,,0,,,0,,,0,1495.0,1495.0,1,,,0,,,0,,,0,1494.0,1494.0,1,,,0,1494.5,1494.5,1,,,0,,,0,,,0,,,0,,,0,,,0,,,0,,,0,,,0,,,0,1495.0,1495.0,baghdad_kifah,,,0
2022-12-06,,,0,,,0,,,0,,,0,,,0,1495.5,1495.5,1,,,0,,,0,,,0,1494.5,1494.5,1,,,0,1496.25,1496.25,1,,,0,,,0,,,0,,,0,,,0,,,0,,,0,,,0,,,0,,,0,1495.5,1495.5,baghdad_kifah,,,0
2022-12-07,,,0,,,0,,,0,,,0,,,0,1502.0,1502.0,1,,,0,,,0,,,0,1501.5,1501.5,1,,,0,1502.0,1502.0,1,,,0,,,0,,,0,,,0,,,0,,,0,,,0,,,0,,,0,,,0,1502.0,1502.0,baghdad_kifah,,,0
2022-12-08,,,0,,,0,,,0,,,0,,,0,1504.5,1504.5,1,,,0,,,0,,,0,1502.0,1502.0,1,,,0,1504.0,1504.0,1,,,0,,,0,,,0,,,0,,,0,,,0,,,0,,,0,,,0,,,0,1504.5,1504.5,baghdad_kifah,,,0
2022-12-11,,,0,,,0,,,0,,,0,,,0,1501.5,1501.5,1,,,0,,,0,,,0,1500.0,1500.0,1,,,0,1501.0,1501.0,1,,,0,,,0,,,0,,,0,,,0,,,0,,,0,,,0,,,0,,,0,1501.5,1501.5,baghdad_kifah,,,0
2022-12-12,,,0,,,0,,,0,,,0,,,0,1502.0,1502.0,1,,,0,,,0,,,0,1501.0,1501.0,1,,,0,1500.0,1500.0,1,,,0,,,0,,,0,,,0,,,0,,,0,,,0,,,0,,,0,,,0,1502.0,1502.0,baghdad_kifah,,,0
2022-12-13,,,0,,,0,,,0,,,0,,,0,1503.0,1503.0,1,,,0,,,0,,,0,1504.0,1504.0,1,,,0,1507.5,1507.5,1,,,0,,,0,,,0,,,0,,,0,,,0,,,0,,,0,,,0,,,0,1503.0,1503.0,baghdad_kifah,,,0
2022-12-15,,,0,,,0,,,0,,,0,,,0,,,0,,,0,,,0,,,0,1522.5,1522.5,1,,,0,1518.0,1518.0,1,,,0,,,0,,,0,,,0,,,0,,,0,,,0,,,0,,,0,,,0,,,,,,0
2022-12-18,,,0,,,0,,,0,,,0,,,0,1513.0,1513.0,1,,,0,,,0,,,0,1517.5,1517.5,1,,,0,1512.0,1512.0,1,,,0,,,0,,,0,,,0,,,0,,,0,,,0,,,0,,,0,,,0,1513.0,1513.0,baghdad_kifah,,,0
2022-12-19,,,0,,,0,,,0,,,0,,,0,1518.0,1518.0,1,,,0,,,0,,,0,1522.5,1522.5,1,,,0,1517.5,1517.5,1,,,0,,,0,,,0,,,0,,,0,,,0,,,0,,,0,,,0,,,0,1518.0,1518.0,baghdad_kifah,,,0
2022-12-20,,,0,,,0,,,0,,,0,,,0,1513.5,1513.5,1,,,0,,,0,,,0,1517.5,1517.5,1,,,0,1513.5,1513.5,1,,,0,,,0,,,0,,,0,,,0,,,0,,,0,,,0,,,0,,,0,1513.5,1513.5,baghdad_kifah,,,0
2022-12-21,,,0,,,0,,,0,,,0,,,0,1513.5,1513.5,1,,,0,,,0,,,0,1517.5,1517.5,1,,,0,1513.5,1513.5,1,,,0,,,0,,,0,,,0,,,0,,,0,,,0,,,0,,,0,,,0,1513.5,1513.5,baghdad_kifah,,,0
2022-12-22,,,0,,,0,,,0,,,0,,,0,1518.0,1518.0,1,,,0,,,0,,,0,1522.5,1522.5,1,,,0,1517.0,1517.0,1,,,0,,,0,,,0,,,0,,,0,,,0,,,0,,,0,,,0,,,0,1518.0,1518.0,baghdad_kifah,,,0
2022-12-25,,,0,,,0,,,0,,,0,,,0,,,0,,,0,,,0,,,0,1535.0,1535.0,1,,,0,1537.5,1537.5,1,,,0,,,0,,,0,,,0,,,0,,,0,,,0,,,0,,,0,,,0,,,,,,0
2022-12-26,,,0,,,0,,,0,,,0,,,0,1544.0,1544.0,1,,,0,,,0,,,0,1547.5,1547.5,1,,,0,1545.0,1545.0,1,,,0,,,0,,,0,,,0,,,0,,,0,,,0,,,0,,,0,,,0,1544.0,1544.0,baghdad_kifah,,,0
2022-12-27,,,0,,,0,,,0,,,0,,,0,1572.0,1572.0,1,,,0,,,0,,,0,1575.0,1575.0,1,,,0,1580.0,1580.0,1,,,0,,,0,,,0,,,0,,,0,,,0,,,0,,,0,,,0,,,0,1572.0,1572.0,baghdad_kifah,,,0
2022-12-28,,,0,,,0,,,0,,,0,,,0,1566.0,1566.0,1,,,0,,,0,,,0,1575.0,1575.0,1,,,0,1565.0,1565.0,1,,,0,,,0,,,0,,,0,,,0,,,0,,,0,,,0,,,0,,,0,1566.0,1566.0,baghdad_kifah,,,0
2022-12-29,,,0,,,0,,,0,,,0,,,0,1520.0,1520.0,1,,,0,,,0,,,0,1525.0,1525.0,1,,,0,1515.0,1515.0,1,,,0,,,0,,,0,,,0,,,0,,,0,,,0,,,0,,,0,,,0,1520.0,1520.0,baghdad_kifah,,,0
2023-01-01,,,0,,,0,,,0,,,0,,,0,1531.0,1531.0,1,,,0,,,0,,,0,,,0,,,0,1535.0,1535.0,1,,,0,,,0,,,0,,,0,,,0,,,0,,,0,,,0,,,0,,,0,1531.0,1531.0,baghdad_kifah,,,0
2023-01-02,,,0,,,0,,,0,,,0,,,0,1529.5,1529.5,1,,,0,,,0,,,0,1532.5,1532.5,1,,,0,1529.0,1529.0,1,,,0,,,0,,,0,,,0,,,0,,,0,,,0,,,0,,,0,,,0,1529.5,1529.5,baghdad_kifah,,,0
2023-01-03,,,0,,,0,,,0,,,0,,,0,1531.0,1531.0,1,,,0,,,0,,,0,1535.0,1535.0,1,,,0,1527.0,1527.0,1,,,0,,,0,,,0,,,0,,,0,,,0,,,0,,,0,,,0,,,0,1531.0,1531.0,baghdad_kifah,,,0
2023-01-04,,,0,,,0,,,0,,,0,,,0,1561.0,1561.0,1,,,0,,,0,,,0,1565.0,1565.0,1,,,0,1558.5,1558.5,1,,,0,,,0,,,0,,,0,,,0,,,0,,,0,,,0,,,0,,,0,1561.0,1561.0,baghdad_kifah,,,0
2023-01-05,,,0,,,0,,,0,,,0,,,0,,,0,,,0,,,0,,,0,1567.5,1567.5,1,,,0,1562.5,1562.5,1,,,0,,,0,,,0,,,0,,,0,,,0,,,0,,,0,,,0,,,0,,,,,,0
2023-01-08,,,0,,,0,,,0,,,0,,,0,1560.0,1560.0,1,,,0,,,0,,,0,1565.0,1565.0,1,,,0,1558.5,1558.5,1,,,0,,,0,,,0,,,0,,,0,,,0,,,0,,,0,,,0,,,0,1560.0,1560.0,baghdad_kifah,,,0
2023-01-09,,,0,,,0,,,0,,,0,,,0,1574.0,1574.0,1,,,0,,,0,,,0,1577.5,1577.5,1,,,0,1570.0,1570.0,1,,,0,,,0,,,0,,,0,,,0,,,0,,,0,,,0,,,0,,,0,1574.0,1574.0,baghdad_kifah,,,0
2023-01-10,,,0,,,0,,,0,,,0,,,0,1595.0,1595.0,1,,,0,,,0,,,0,1600.0,1600.0,1,,,0,1593.0,1593.0,1,,,0,,,0,,,0,,,0,,,0,,,0,,,0,,,0,,,0,,,0,1595.0,1595.0,baghdad_kifah,,,0
2023-01-11,,,0,,,0,,,0,,,0,,,0,1598.0,1598.0,1,,,0,,,0,,,0,1600.0,1600.0,1,,,0,1595.0,1595.0,1,,,0,,,0,,,0,,,0,,,0,,,0,,,0,,,0,,,0,,,0,1598.0,1598.0,baghdad_kifah,,,0
2023-01-12,,,0,,,0,,,0,,,0,,,0,1572.0,1572.0,1,,,0,,,0,,,0,1577.5,1577.5,1,,,0,1572.5,1572.5,1,,,0,,,0,,,0,,,0,,,0,,,0,,,0,,,0,,,0,,,0,1572.0,1572.0,baghdad_kifah,,,0
2023-01-15,,,0,,,0,,,0,,,0,,,0,1579.0,1579.0,1,,,0,,,0,,,0,1580.0,1580.0,1,,,0,1577.5,1577.5,1,,,0,,,0,,,0,,,0,,,0,,,0,,,0,,,0,,,0,,,0,1579.0,1579.0,baghdad_kifah,,,0
2023-01-16,,,0,,,0,,,0,,,0,,,0,1574.0,1574.0,1,,,0,,,0,,,0,1577.5,1577.5,1,,,0,1572.5,1572.5,1,,,0,,,0,,,0,,,0,,,0,,,0,,,0,,,0,,,0,,,0,1574.0,1574.0,baghdad_kifah,,,0
2023-01-17,,,0,,,0,,,0,,,0,,,0,1605.0,1605.0,1,,,0,,,0,,,0,1600.0,1600.0,1,,,0,1606.0,1606.0,1,,,0,,,0,,,0,,,0,,,0,,,0,,,0,,,0,,,0,,,0,1605.0,1605.0,baghdad_kifah,,,0
2023-01-18,,,0,,,0,,,0,,,0,,,0,1605.0,1605.0,1,,,0,,,0,,,0,1610.0,1610.0,1,,,0,1606.0,1606.0,1,,,0,,,0,,,0,,,0,,,0,,,0,,,0,,,0,,,0,,,0,1605.0,1605.0,baghdad_kifah,,,0
2023-01-19,,,0,,,0,,,0,,,0,,,0,1620.0,1620.0,1,,,0,,,0,,,0,1625.0,1625.0,1,,,0,1619.0,1619.0,1,,,0,,,0,,,0,,,0,,,0,,,0,,,0,,,0,,,0,,,0,1620.0,1620.0,baghdad_kifah,,,0
2023-01-22,,,0,,,0,,,0,,,0,,,0,,,0,,,0,,,0,,,0,1635.0,1635.0,1,,,0,1648.0,1648.0,1,,,0,,,0,,,0,,,0,,,0,,,0,,,0,,,0,,,0,,,0,,,,,,0
2023-02-08,,,0,1490.0,1490.0,1,1477.5,1477.5,1,,,0,,,0,,,0,,,0,,,0,,,0,1470.0,1470.0,1,,,0,1510.0,1510.0,1,,,0,,,0,,,0,,,0,,,0,,,0,,,0,,,0,,,0,,,0,1477.5,1477.5,baghdad_generic,,,0
2023-02-09,,,0,,,0,1480.0,1480.0,1,,,0,,,0,,,0,,,0,,,0,,,0,,,0,,,0,,,0,,,0,,,0,,,0,,,0,,,0,,,0,,,0,,,0,,,0,,,0,1480.0,1480.0,baghdad_generic,,,0
2023-02-12,,,0,,,0,1480.0,1480.0,1,,,0,,,0,,,0,,,0,,,0,,,0,,,0,,,0,,,0,,,0,,,0,,,0,,,0,,,0,,,0,,,0,,,0,,,0,,,0,1480.0,1480.0,baghdad_generic,,,0
2023-02-13,,,0,,,0,,,0,,,0,,,0,1490.0,1490.0,1,,,0,,,0,,,0,1480.0,1480.0,1,,,0,1500.0,1500.0,1,,,0,,,0,,,0,,,0,,,0,,,0,,,0,,,0,,,0,,,0,1490.0,1490.0,baghdad_kifah,,,0
2023-02-14,,,0,,,0,,,0,,,0,,,0,1505.0,1505.0,1,,,0,,,0,,,0,1507.5,1507.5,1,,,0,1522.5,1522.5,1,,,0,,,0,,,0,,,0,,,0,,,0,,,0,,,0,,,0,,,0,1505.0,1505.0,baghdad_kifah,,,0
2023-02-15,,,0,,,0,,,0,,,0,,,0,1532.5,1532.5,1,,,0,,,0,,,0,1542.5,1542.5,1,,,0,1552.5,1552.5,1,,,0,,,0,,,0,,,0,,,0,,,0,,,0,,,0,,,0,,,0,1532.5,1532.5,baghdad_kifah,,,0
2023-02-16,,,0,,,0,1540.0,1540.0,1,,,0,,,0,,,0,,,0,,,0,,,0,1545.0,1545.0,1,,,0,,,0,,,0,,,0,,,0,,,0,,,0,,,0,,,0,,,0,,,0,,,0,1540.0,1540.0,baghdad_generic,,,0
2023-02-20,,,0,,,0,1533.0,1533.0,1,,,0,,,0,,,0,,,0,,,0,,,0,1533.0,1533.0,1,,,0,1538.5,1538.5,1,,,0,,,0,,,0,,,0,,,0,,,0,,,0,,,0,,,0,,,0,1533.0,1533.0,baghdad_generic,,,0
2023-02-21,,,0,,,0,,,0,,,0,,,0,1537.0,1537.0,1,,,0,,,0,,,0,,,0,,,0,1538.5,1538.5,1,,,0,,,0,,,0,,,0,,,0,,,0,,,0,,,0,,,0,,,0,1537.0,1537.0,baghdad_kifah,,,0
2023-02-23,,,0,,,0,,,0,,,0,,,0,1530.0,1530.0,1,,,0,,,0,,,0,,,0,,,0,1529.0,1529.0,1,,,0,,,0,,,0,,,0,,,0,,,0,,,0,,,0,,,0,,,0,1530.0,1530.0,baghdad_kifah,,,0
2023-02-26,,,0,,,0,,,0,,,0,,,0,1522.0,1522.0,1,,,0,,,0,,,0,1526.5,1526.5,1,,,0,1527.5,1527.5,1,,,0,,,0,,,0,,,0,,,0,,,0,,,0,,,0,,,0,,,0,1522.0,1522.0,baghdad_kifah,,,0
2023-02-27,,,0,,,0,,,0,,,0,,,0,1534.0,1534.0,1,,,0,,,0,,,0,1537.0,1537.0,1,,,0,1546.0,1546.0,1,,,0,,,0,,,0,,,0,,,0,,,0,,,0,,,0,,,0,,,0,1534.0,1534.0,baghdad_kifah,,,0
2023-02-28,,,0,,,0,,,0,,,0,,,0,1540.0,1540.0,1,,,0,,,0,,,0,1542.5,1542.5,1,,,0,1550.0,1550.0,1,,,0,,,0,,,0,,,0,,,0,,,0,,,0,,,0,,,0,,,0,1540.0,1540.0,baghdad_kifah,,,0
2023-03-01,,,0,,,0,,,0,,,0,,,0,1555.0,1555.0,1,,,0,,,0,,,0,1555.0,1555.0,1,,,0,1570.0,1570.0,1,,,0,,,0,,,0,,,0,,,0,,,0,,,0,,,0,,,0,,,0,1555.0,1555.0,baghdad_kifah,,,0
2023-03-02,,,0,,,0,,,0,,,0,,,0,1564.0,1564.0,1,,,0,,,0,,,0,1563.0,1563.0,1,,,0,1573.5,1573.5,1,,,0,,,0,,,0,,,0,,,0,,,0,,,0,,,0,,,0,,,0,1564.0,1564.0,baghdad_kifah,,,0
2023-03-05,,,0,,,0,,,0,,,0,,,0,1555.0,1555.0,1,,,0,,,0,,,0,1552.5,1552.5,1,,,0,1560.0,1560.0,1,,,0,,,0,,,0,,,0,,,0,,,0,,,0,,,0,,,0,,,0,1555.0,1555.0,baghdad_kifah,,,0
2023-03-06,,,0,,,0,,,0,,,0,,,0,1570.0,1570.0,1,,,0,,,0,,,0,1568.0,1568.0,1,,,0,1574.0,1574.0,1,,,0,,,0,,,0,,,0,,,0,,,0,,,0,,,0,,,0,,,0,1570.0,1570.0,baghdad_kifah,,,0
2023-03-07,,,0,,,0,,,0,,,0,,,0,1579.0,1579.0,1,,,0,,,0,,,0,1578.0,1578.0,1,,,0,1582.0,1582.0,1,,,0,,,0,,,0,,,0,,,0,,,0,,,0,,,0,,,0,,,0,1579.0,1579.0,baghdad_kifah,,,0
2023-03-09,,,0,,,0,,,0,,,0,,,0,1572.5,1572.5,1,,,0,,,0,,,0,1573.0,1573.0,1,,,0,1576.5,1576.5,1,,,0,,,0,,,0,,,0,,,0,,,0,,,0,,,0,,,0,,,0,1572.5,1572.5,baghdad_kifah,,,0
2023-03-12,,,0,,,0,,,0,,,0,,,0,1571.5,1571.5,1,,,0,,,0,,,0,1572.0,1572.0,1,,,0,1575.5,1575.5,1,,,0,,,0,,,0,,,0,,,0,,,0,,,0,,,0,,,0,,,0,1571.5,1571.5,baghdad_kifah,,,0
2023-03-13,,,0,,,0,,,0,,,0,,,0,1540.0,1540.0,1,,,0,,,0,,,0,1544.0,1544.0,1,,,0,1543.0,1543.0,1,,,0,,,0,,,0,,,0,,,0,,,0,,,0,,,0,,,0,,,0,1540.0,1540.0,baghdad_kifah,,,0
2023-03-14,,,0,,,0,,,0,,,0,,,0,1548.5,1548.5,1,,,0,,,0,,,0,1552.5,1552.5,1,,,0,1550.0,1550.0,1,,,0,,,0,,,0,,,0,,,0,,,0,,,0,,,0,,,0,,,0,1548.5,1548.5,baghdad_kifah,,,0
2023-03-15,,,0,,,0,,,0,,,0,,,0,1580.0,1580.0,1,,,0,,,0,,,0,,,0,,,0,1580.0,1580.0,1,,,0,,,0,,,0,,,0,,,0,,,0,,,0,,,0,,,0,,,0,1580.0,1580.0,baghdad_kifah,,,0
2023-03-16,,,0,,,0,,,0,,,0,,,0,1565.0,1565.0,1,,,0,,,0,,,0,1567.0,1567.0,1,,,0,1565.0,1565.0,1,,,0,,,0,,,0,,,0,,,0,,,0,,,0,,,0,,,0,,,0,1565.0,1565.0,baghdad_kifah,,,0
2023-03-19,,,0,,,0,,,0,,,0,,,0,1563.0,1563.0,1,,,0,,,0,,,0,1566.5,1566.5,1,,,0,1563.0,1563.0,1,,,0,,,0,,,0,,,0,,,0,,,0,,,0,,,0,,,0,,,0,1563.0,1563.0,baghdad_kifah,,,0
2023-03-20,,,0,,,0,,,0,,,0,,,0,1563.0,1563.0,1,,,0,,,0,,,0,1563.0,1563.0,1,,,0,1562.0,1562.0,1,,,0,,,0,,,0,,,0,,,0,,,0,,,0,,,0,,,0,,,0,1563.0,1563.0,baghdad_kifah,,,0
2023-03-21,,,0,,,0,,,0,,,0,,,0,1563.0,1563.0,1,,,0,,,0,,,0,1564.0,1564.0,1,,,0,1563.0,1563.0,1,,,0,,,0,,,0,,,0,,,0,,,0,,,0,,,0,,,0,,,0,1563.0,1563.0,baghdad_kifah,,,0
2023-03-22,,,0,,,0,,,0,,,0,,,0,1560.0,1560.0,1,,,0,,,0,,,0,1561.0,1561.0,1,,,0,1560.0,1560.0,1,,,0,,,0,,,0,,,0,,,0,,,0,,,0,,,0,,,0,,,0,1560.0,1560.0,baghdad_kifah,,,0
2023-03-23,,,0,,,0,,,0,,,0,,,0,1560.0,1560.0,1,,,0,,,0,,,0,1560.0,1560.0,1,,,0,1560.0,1560.0,1,,,0,,,0,,,0,,,0,,,0,,,0,,,0,,,0,,,0,,,0,1560.0,1560.0,baghdad_kifah,,,0
2023-03-26,,,0,,,0,,,0,,,0,,,0,1542.0,1542.0,1,,,0,,,0,,,0,1544.0,1544.0,1,,,0,1543.5,1543.5,1,,,0,,,0,,,0,,,0,,,0,,,0,,,0,,,0,,,0,,,0,1542.0,1542.0,baghdad_kifah,,,0
2023-03-27,,,0,,,0,,,0,,,0,,,0,1550.0,1550.0,1,,,0,,,0,,,0,1555.0,1555.0,1,,,0,1557.5,1557.5,1,,,0,,,0,,,0,,,0,,,0,,,0,,,0,,,0,,,0,,,0,1550.0,1550.0,baghdad_kifah,,,0
2023-03-28,,,0,,,0,,,0,,,0,,,0,1546.0,1546.0,1,,,0,,,0,,,0,1547.0,1547.0,1,,,0,1549.0,1549.0,1,,,0,,,0,,,0,,,0,,,0,,,0,,,0,,,0,,,0,,,0,1546.0,1546.0,baghdad_kifah,,,0
2023-03-29,,,0,,,0,,,0,,,0,,,0,1542.0,1542.0,1,,,0,,,0,,,0,1545.0,1545.0,1,,,0,1546.5,1546.5,1,,,0,,,0,,,0,,,0,,,0,,,0,,,0,,,0,,,0,,,0,1542.0,1542.0,baghdad_kifah,,,0
2023-03-30,,,0,,,0,,,0,,,0,,,0,1517.0,1517.0,1,,,0,,,0,,,0,1518.5,1518.5,1,,,0,1520.0,1520.0,1,,,0,,,0,,,0,,,0,,,0,,,0,,,0,,,0,,,0,,,0,1517.0,1517.0,baghdad_kifah,,,0
2023-04-02,,,0,,,0,,,0,,,0,,,0,1485.0,1485.0,1,,,0,,,0,,,0,1488.0,1488.0,1,,,0,1490.0,1490.0,1,,,0,,,0,,,0,,,0,,,0,,,0,,,0,,,0,,,0,,,0,1485.0,1485.0,baghdad_kifah,,,0
2023-04-03,,,0,,,0,,,0,,,0,,,0,1490.0,1490.0,1,,,0,,,0,,,0,1490.0,1490.0,1,,,0,1498.0,1498.0,1,,,0,,,0,,,0,,,0,,,0,,,0,,,0,,,0,,,0,,,0,1490.0,1490.0,baghdad_kifah,,,0
2023-04-04,,,0,,,0,,,0,,,0,,,0,1504.0,1504.0,1,,,0,,,0,,,0,1506.0,1506.0,1,,,0,1508.0,1508.0,1,,,0,,,0,,,0,,,0,,,0,,,0,,,0,,,0,,,0,,,0,1504.0,1504.0,baghdad_kifah,,,0
2023-04-05,,,0,,,0,,,0,,,0,,,0,1499.0,1499.0,1,,,0,,,0,,,0,1501.0,1501.0,1,,,0,1503.0,1503.0,1,,,0,,,0,,,0,,,0,,,0,,,0,,,0,,,0,,,0,,,0,1499.0,1499.0,baghdad_kifah,,,0
2023-04-06,,,0,,,0,,,0,,,0,,,0,1498.0,1498.0,1,,,0,,,0,,,0,1499.0,1499.0,1,,,0,1494.0,1494.0,1,,,0,,,0,,,0,,,0,,,0,,,0,,,0,,,0,,,0,,,0,1498.0,1498.0,baghdad_kifah,,,0
2023-04-09,,,0,,,0,,,0,,,0,,,0,1470.0,1470.0,1,,,0,,,0,,,0,1475.0,1475.0,1,,,0,1462.5,1462.5,1,,,0,,,0,,,0,,,0,,,0,,,0,,,0,,,0,,,0,,,0,1470.0,1470.0,baghdad_kifah,,,0
2023-04-10,,,0,,,0,,,0,,,0,,,0,1447.0,1447.0,1,,,0,,,0,,,0,1450.0,1450.0,1,,,0,1435.0,1435.0,1,,,0,,,0,,,0,,,0,,,0,,,0,,,0,,,0,,,0,,,0,1447.0,1447.0,baghdad_kifah,,,0
2023-04-11,,,0,,,0,,,0,,,0,,,0,1448.0,1448.0,1,,,0,,,0,,,0,1450.0,1450.0,1,,,0,1440.0,1440.0,1,,,0,,,0,,,0,,,0,,,0,,,0,,,0,,,0,,,0,,,0,1448.0,1448.0,baghdad_kifah,,,0
2023-04-12,,,0,,,0,,,0,,,0,,,0,1457.0,1457.0,1,,,0,,,0,,,0,1455.0,1455.0,1,,,0,1450.0,1450.0,1,,,0,,,0,,,0,,,0,,,0,,,0,,,0,,,0,,,0,,,0,1457.0,1457.0,baghdad_kifah,,,0
2023-04-13,,,0,,,0,,,0,,,0,,,0,1447.0,1447.0,1,,,0,,,0,,,0,1450.0,1450.0,1,,,0,1437.0,1437.0,1,,,0,,,0,,,0,,,0,,,0,,,0,,,0,,,0,,,0,,,0,1447.0,1447.0,baghdad_kifah,,,0
2023-04-16,,,0,,,0,,,0,,,0,,,0,1439.5,1439.5,1,,,0,,,0,,,0,1440.0,1440.0,1,,,0,1438.5,1438.5,1,,,0,,,0,,,0,,,0,,,0,,,0,,,0,,,0,,,0,,,0,1439.5,1439.5,baghdad_kifah,,,0
2023-04-17,,,0,,,0,,,0,,,0,,,0,1440.0,1440.0,1,,,0,,,0,,,0,1445.0,1445.0,1,,,0,1443.0,1443.0,1,,,0,,,0,,,0,,,0,,,0,,,0,,,0,,,0,,,0,,,0,1440.0,1440.0,baghdad_kifah,,,0
2023-04-18,,,0,,,0,,,0,,,0,,,0,1442.0,1442.0,1,,,0,,,0,,,0,1445.0,1445.0,1,,,0,1444.0,1444.0,1,,,0,,,0,,,0,,,0,,,0,,,0,,,0,,,0,,,0,,,0,1442.0,1442.0,baghdad_kifah,,,0
2023-04-19,,,0,,,0,,,0,,,0,,,0,1438.0,1438.0,1,,,0,,,0,,,0,1440.0,1440.0,1,,,0,1436.0,1436.0,1,,,0,,,0,,,0,,,0,,,0,,,0,,,0,,,0,,,0,,,0,1438.0,1438.0,baghdad_kifah,,,0
2023-04-20,,,0,,,0,,,0,,,0,,,0,1433.0,1433.0,1,,,0,,,0,,,0,1437.0,1437.0,1,,,0,1434.0,1434.0,1,,,0,,,0,,,0,,,0,,,0,,,0,,,0,,,0,,,0,,,0,1433.0,1433.0,baghdad_kifah,,,0
2023-04-23,,,0,,,0,1430.0,1430.0,1,,,0,,,0,,,0,,,0,,,0,,,0,,,0,,,0,,,0,,,0,,,0,,,0,,,0,,,0,,,0,,,0,,,0,,,0,,,0,1430.0,1430.0,baghdad_generic,,,0
2023-04-24,,,0,,,0,1428.0,1428.0,1,,,0,,,0,,,0,,,0,,,0,,,0,,,0,,,0,,,0,,,0,,,0,,,0,,,0,,,0,,,0,,,0,,,0,,,0,,,0,1428.0,1428.0,baghdad_generic,,,0
2023-04-25,,,0,,,0,1407.0,1407.0,1,,,0,,,0,,,0,,,0,,,0,,,0,,,0,,,0,,,0,,,0,,,0,,,0,,,0,,,0,,,0,,,0,,,0,,,0,,,0,1407.0,1407.0,baghdad_generic,,,0
2023-04-26,,,0,,,0,,,0,,,0,,,0,1407.5,1407.5,1,,,0,,,0,,,0,1407.5,1407.5,1,,,0,1412.0,1412.0,1,,,0,,,0,,,0,,,0,,,0,,,0,,,0,,,0,,,0,,,0,1407.5,1407.5,baghdad_kifah,,,0
2023-04-27,,,0,,,0,,,0,,,0,,,0,1416.5,1416.5,1,,,0,,,0,,,0,1416.0,1416.0,1,,,0,1419.0,1419.0,1,,,0,,,0,,,0,,,0,,,0,,,0,,,0,,,0,,,0,,,0,1416.5,1416.5,baghdad_kifah,,,0
2023-04-30,,,0,,,0,,,0,,,0,,,0,1416.0,1416.0,1,,,0,,,0,,,0,1415.0,1415.0,1,,,0,1420.0,1420.0,1,,,0,,,0,,,0,,,0,,,0,,,0,,,0,,,0,,,0,,,0,1416.0,1416.0,baghdad_kifah,,,0
2023-05-01,,,0,,,0,,,0,,,0,,,0,1425.0,1425.0,1,,,0,,,0,,,0,1426.0,1426.0,1,,,0,1430.0,1430.0,1,,,0,,,0,,,0,,,0,,,0,,,0,,,0,,,0,,,0,,,0,1425.0,1425.0,baghdad_kifah,,,0
2023-05-02,,,0,,,0,,,0,,,0,,,0,1423.0,1423.0,1,,,0,,,0,,,0,1422.0,1422.0,1,,,0,1426.0,1426.0,1,,,0,,,0,,,0,,,0,,,0,,,0,,,0,,,0,,,0,,,0,1423.0,1423.0,baghdad_kifah,,,0
2023-05-03,,,0,,,0,,,0,,,0,,,0,1437.0,1437.0,1,,,0,,,0,,,0,1435.0,1435.0,1,,,0,1439.5,1439.5,1,,,0,,,0,,,0,,,0,,,0,,,0,,,0,,,0,,,0,,,0,1437.0,1437.0,baghdad_kifah,,,0
2023-05-04,,,0,,,0,,,0,,,0,,,0,1452.0,1452.0,1,,,0,,,0,,,0,,,0,,,0,,,0,,,0,,,0,,,0,,,0,,,0,,,0,,,0,,,0,,,0,,,0,1452.0,1452.0,baghdad_kifah,,,0
2023-05-07,,,0,,,0,,,0,,,0,,,0,1442.5,1442.5,1,,,0,,,0,,,0,1444.0,1444.0,1,,,0,,,0,,,0,,,0,,,0,,,0,,,0,,,0,,,0,,,0,,,0,,,0,1442.5,1442.5,baghdad_kifah,,,0
2023-05-08,,,0,,,0,,,0,,,0,,,0,1448.0,1448.0,1,,,0,,,0,,,0,1449.0,1449.0,1,,,0,,,0,,,0,,,0,,,0,,,0,,,0,,,0,,,0,,,0,,,0,,,0,1448.0,1448.0,baghdad_kifah,,,0
2023-05-09,,,0,,,0,,,0,,,0,,,0,1449.0,1449.0,1,,,0,,,0,,,0,1449.0,1449.0,1,,,0,1452.0,1452.0,1,,,0,,,0,,,0,,,0,,,0,,,0,,,0,,,0,,,0,,,0,1449.0,1449.0,baghdad_kifah,,,0
2023-05-10,,,0,,,0,,,0,,,0,,,0,1456.5,1456.5,1,,,0,,,0,,,0,1456.5,1456.5,1,,,0,1460.0,1460.0,1,,,0,,,0,,,0,,,0,,,0,,,0,,,0,,,0,,,0,,,0,1456.5,1456.5,baghdad_kifah,,,0
2023-05-11,,,0,,,0,,,0,,,0,,,0,1469.0,1469.0,1,,,0,,,0,,,0,1469.0,1469.0,1,,,0,1473.0,1473.0,1,,,0,,,0,,,0,,,0,,,0,,,0,,,0,,,0,,,0,,,0,1469.0,1469.0,baghdad_kifah,,,0
2023-05-14,,,0,,,0,,,0,,,0,,,0,1461.0,1461.0,1,,,0,,,0,,,0,1461.5,1461.5,1,,,0,1469.0,1469.0,1,,,0,,,0,,,0,,,0,,,0,,,0,,,0,,,0,,,0,,,0,1461.0,1461.0,baghdad_kifah,,,0
2023-05-15,,,0,,,0,,,0,,,0,,,0,1464.0,1464.0,1,,,0,,,0,,,0,1462.5,1462.5,1,,,0,1471.5,1471.5,1,,,0,,,0,,,0,,,0,,,0,,,0,,,0,,,0,,,0,,,0,1464.0,1464.0,baghdad_kifah,,,0
2023-05-16,,,0,,,0,,,0,,,0,,,0,1459.0,1459.0,1,,,0,,,0,,,0,1460.0,1460.0,1,,,0,1463.0,1463.0,1,,,0,,,0,,,0,,,0,,,0,,,0,,,0,,,0,,,0,,,0,1459.0,1459.0,baghdad_kifah,,,0
2023-05-18,,,0,,,0,,,0,,,0,,,0,,,0,,,0,,,0,,,0,1440.5,1440.5,1,,,0,1448.0,1448.0,1,,,0,,,0,,,0,,,0,,,0,,,0,,,0,,,0,,,0,,,0,,,,,,0
2023-05-21,,,0,,,0,,,0,,,0,,,0,1456.0,1456.0,1,,,0,,,0,,,0,1446.5,1446.5,1,,,0,,,0,,,0,,,0,,,0,,,0,,,0,,,0,,,0,,,0,,,0,,,0,1456.0,1456.0,baghdad_kifah,,,0
2023-05-22,,,0,,,0,,,0,,,0,,,0,1461.0,1461.0,1,,,0,,,0,,,0,1460.0,1460.0,1,,,0,1469.0,1469.0,1,,,0,,,0,,,0,,,0,,,0,,,0,,,0,,,0,,,0,,,0,1461.0,1461.0,baghdad_kifah,,,0
2023-05-23,,,0,,,0,,,0,,,0,,,0,1458.0,1458.0,1,,,0,,,0,,,0,1457.0,1457.0,1,,,0,1466.0,1466.0,1,,,0,,,0,,,0,,,0,,,0,,,0,,,0,,,0,,,0,,,0,1458.0,1458.0,baghdad_kifah,,,0
2023-05-24,,,0,,,0,1460.0,1460.0,1,,,0,,,0,,,0,,,0,,,0,,,0,1459.0,1459.0,1,,,0,1467.5,1467.5,1,,,0,,,0,,,0,,,0,,,0,,,0,,,0,,,0,,,0,,,0,1460.0,1460.0,baghdad_generic,,,0
2023-05-25,,,0,,,0,,,0,,,0,,,0,1460.0,1460.0,1,,,0,,,0,,,0,1459.0,1459.0,1,,,0,,,0,,,0,,,0,,,0,,,0,,,0,,,0,,,0,,,0,,,0,,,0,1460.0,1460.0,baghdad_kifah,,,0
2023-05-28,,,0,,,0,1463.0,1463.0,1,,,0,,,0,,,0,,,0,,,0,,,0,1462.0,1462.0,1,,,0,1467.5,1467.5,1,,,0,,,0,,,0,,,0,,,0,,,0,,,0,,,0,,,0,,,0,1463.0,1463.0,baghdad_generic,,,0
2023-05-29,,,0,,,0,1467.0,1467.0,1,,,0,,,0,,,0,,,0,,,0,,,0,1466.0,1466.0,1,,,0,1473.0,1473.0,1,,,0,,,0,,,0,,,0,,,0,,,0,,,0,,,0,,,0,,,0,1467.0,1467.0,baghdad_generic,,,0
2023-05-30,,,0,,,0,1465.0,1465.0,1,,,0,,,0,,,0,,,0,,,0,,,0,1464.0,1464.0,1,,,0,1471.0,1471.0,1,,,0,,,0,,,0,,,0,,,0,,,0,,,0,,,0,,,0,,,0,1465.0,1465.0,baghdad_generic,,,0
2023-05-31,,,0,,,0,,,0,,,0,,,0,1464.0,1464.0,1,,,0,,,0,,,0,1463.0,1463.0,1,,,0,1467.0,1467.0,1,,,0,,,0,,,0,,,0,,,0,,,0,,,0,,,0,,,0,,,0,1464.0,1464.0,baghdad_kifah,,,0
2023-06-01,,,0,,,0,1466.5,1466.5,1,,,0,,,0,,,0,,,0,,,0,,,0,1465.5,1465.5,1,,,0,1472.5,1472.5,1,,,0,,,0,,,0,,,0,,,0,,,0,,,0,,,0,,,0,,,0,1466.5,1466.5,baghdad_generic,,,0
2023-06-04,,,0,,,0,1473.0,1473.0,1,,,0,,,0,,,0,,,0,,,0,,,0,1472.5,1472.5,1,,,0,1485.0,1485.0,1,,,0,,,0,,,0,,,0,,,0,,,0,,,0,,,0,,,0,,,0,1473.0,1473.0,baghdad_generic,,,0
2023-06-05,,,0,,,0,1481.0,1481.0,1,,,0,,,0,,,0,,,0,,,0,,,0,1480.0,1480.0,1,,,0,1484.0,1484.0,1,,,0,,,0,,,0,,,0,,,0,,,0,,,0,,,0,,,0,,,0,1481.0,1481.0,baghdad_generic,,,0
2023-06-06,,,0,,,0,1475.5,1475.5,1,,,0,,,0,,,0,,,0,,,0,,,0,1474.0,1474.0,1,,,0,1478.0,1478.0,1,,,0,,,0,,,0,,,0,,,0,,,0,,,0,,,0,,,0,,,0,1475.5,1475.5,baghdad_generic,,,0
2023-06-07,,,0,,,0,1478.0,1478.0,1,,,0,,,0,,,0,,,0,,,0,,,0,1479.0,1479.0,1,,,0,1480.0,1480.0,1,,,0,,,0,,,0,,,0,,,0,,,0,,,0,,,0,,,0,,,0,1478.0,1478.0,baghdad_generic,,,0
2023-06-08,,,0,,,0,1467.5,1467.5,1,,,0,,,0,,,0,,,0,,,0,,,0,1469.0,1469.0,1,,,0,1470.0,1470.0,1,,,0,,,0,,,0,,,0,,,0,,,0,,,0,,,0,,,0,,,0,1467.5,1467.5,baghdad_generic,,,0
2023-06-11,,,0,,,0,1460.5,1460.5,1,,,0,,,0,,,0,,,0,,,0,,,0,1460.0,1460.0,1,,,0,1460.0,1460.0,1,,,0,,,0,,,0,,,0,,,0,,,0,,,0,,,0,,,0,,,0,1460.5,1460.5,baghdad_generic,,,0
2023-06-12,,,0,,,0,1467.5,1467.5,1,,,0,,,0,,,0,,,0,,,0,,,0,1475.0,1475.0,1,,,0,1477.0,1477.0,1,,,0,,,0,,,0,,,0,,,0,,,0,,,0,,,0,,,0,,,0,1467.5,1467.5,baghdad_generic,,,0
2023-06-13,,,0,,,0,,,0,,,0,,,0,1465.0,1465.0,1,,,0,,,0,,,0,1466.0,1466.0,1,,,0,1468.0,1468.0,1,,,0,,,0,,,0,,,0,,,0,,,0,,,0,,,0,,,0,,,0,1465.0,1465.0,baghdad_kifah,,,0
2023-06-14,,,0,,,0,,,0,,,0,,,0,1468.25,1468.25,1,,,0,,,0,,,0,1469.0,1469.0,1,,,0,1471.0,1471.0,1,,,0,,,0,,,0,,,0,,,0,,,0,,,0,,,0,,,0,,,0,1468.25,1468.25,baghdad_kifah,,,0
2023-06-15,,,0,,,0,1469.0,1469.0,1,,,0,,,0,,,0,,,0,,,0,,,0,1468.5,1468.5,1,,,0,1468.5,1468.5,1,,,0,,,0,,,0,,,0,,,0,,,0,,,0,,,0,,,0,,,0,1469.0,1469.0,baghdad_generic,,,0
2023-06-18,,,0,,,0,1466.5,1466.5,1,,,0,,,0,,,0,,,0,,,0,,,0,1467.0,1467.0,1,,,0,1468.0,1468.0,1,,,0,,,0,,,0,,,0,,,0,,,0,,,0,,,0,,,0,,,0,1466.5,1466.5,baghdad_generic,,,0
2023-06-19,,,0,,,0,1464.0,1464.0,1,,,0,,,0,,,0,,,0,,,0,,,0,1465.5,1465.5,1,,,0,1465.0,1465.0,1,,,0,,,0,,,0,,,0,,,0,,,0,,,0,,,0,,,0,,,0,1464.0,1464.0,baghdad_generic,,,0
2023-06-20,,,0,,,0,1457.5,1457.5,1,,,0,,,0,,,0,,,0,,,0,,,0,1459.0,1459.0,1,,,0,1458.0,1458.0,1,,,0,,,0,,,0,,,0,,,0,,,0,,,0,,,0,,,0,,,0,1457.5,1457.5,baghdad_generic,,,0
2023-06-22,,,0,,,0,1466.0,1466.0,1,,,0,,,0,,,0,,,0,,,0,,,0,1467.5,1467.5,1,,,0,1468.5,1468.5,1,,,0,,,0,,,0,,,0,,,0,,,0,,,0,,,0,,,0,,,0,1466.0,1466.0,baghdad_generic,,,0
2023-06-25,,,0,,,0,1472.0,1472.0,1,,,0,,,0,,,0,,,0,,,0,,,0,1473.0,1473.0,1,,,0,1474.0,1474.0,1,,,0,,,0,,,0,,,0,,,0,,,0,,,0,,,0,,,0,,,0,1472.0,1472.0,baghdad_generic,,,0
2023-06-26,,,0,,,0,1475.5,1475.5,1,,,0,,,0,,,0,,,0,,,0,,,0,1476.5,1476.5,1,,,0,1477.5,1477.5,1,,,0,,,0,,,0,,,0,,,0,,,0,,,0,,,0,,,0,,,0,1475.5,1475.5,baghdad_generic,,,0
2023-06-27,,,0,,,0,1474.0,1474.0,1,,,0,,,0,,,0,,,0,,,0,,,0,1475.0,1475.0,1,,,0,1476.0,1476.0,1,,,0,,,0,,,0,,,0,,,0,,,0,,,0,,,0,,,0,,,0,1474.0,1474.0,baghdad_generic,,,0
2023-07-02,,,0,,,0,1474.0,1474.0,1,,,0,,,0,,,0,,,0,,,0,,,0,,,0,,,0,,,0,,,0,,,0,,,0,,,0,,,0,,,0,,,0,,,0,,,0,,,0,1474.0,1474.0,baghdad_generic,,,0
2023-07-03,,,0,,,0,1474.0,1474.0,1,,,0,,,0,,,0,,,0,,,0,,,0,1473.5,1473.5,1,,,0,,,0,,,0,,,0,,,0,,,0,,,0,,,0,,,0,,,0,,,0,,,0,1474.0,1474.0,baghdad_generic,,,0
2023-07-04,,,0,,,0,1480.5,1480.5,1,,,0,,,0,,,0,,,0,,,0,,,0,1479.5,1479.5,1,,,0,1481.5,1481.5,1,,,0,,,0,,,0,,,0,,,0,,,0,,,0,,,0,,,0,,,0,1480.5,1480.5,baghdad_generic,,,0
2023-07-05,,,0,,,0,1482.5,1482.5,1,,,0,,,0,,,0,,,0,,,0,,,0,1481.5,1481.5,1,,,0,1483.5,1483.5,1,,,0,,,0,,,0,,,0,,,0,,,0,,,0,,,0,,,0,,,0,1482.5,1482.5,baghdad_generic,,,0
2023-07-06,,,0,,,0,,,0,,,0,,,0,1479.0,1479.0,1,,,0,,,0,,,0,1479.0,1479.0,1,,,0,1479.0,1479.0,1,,,0,,,0,,,0,,,0,,,0,,,0,,,0,,,0,,,0,,,0,1479.0,1479.0,baghdad_kifah,,,0
2023-07-09,,,0,,,0,,,0,,,0,,,0,1476.5,1476.5,1,,,0,,,0,,,0,1476.5,1476.5,1,,,0,1476.5,1476.5,1,,,0,,,0,,,0,,,0,,,0,,,0,,,0,,,0,,,0,,,0,1476.5,1476.5,baghdad_kifah,,,0
2023-07-11,,,0,,,0,,,0,,,0,,,0,1480.0,1480.0,1,,,0,,,0,,,0,1480.0,1480.0,1,,,0,1483.25,1483.25,1,,,0,,,0,,,0,,,0,,,0,,,0,,,0,,,0,,,0,,,0,1480.0,1480.0,baghdad_kifah,,,0
2023-07-12,,,0,,,0,,,0,,,0,,,0,1478.0,1478.0,1,,,0,,,0,,,0,1478.5,1478.5,1,,,0,1481.5,1481.5,1,,,0,,,0,,,0,,,0,,,0,,,0,,,0,,,0,,,0,,,0,1478.0,1478.0,baghdad_kifah,,,0
2023-07-13,,,0,,,0,,,0,,,0,,,0,1479.0,1479.0,1,,,0,,,0,,,0,1479.5,1479.5,1,,,0,1482.5,1482.5,1,,,0,,,0,,,0,,,0,,,0,,,0,,,0,,,0,,,0,,,0,1479.0,1479.0,baghdad_kifah,,,0
2023-07-16,,,0,,,0,,,0,,,0,,,0,1480.0,1480.0,1,,,0,,,0,,,0,1481.0,1481.0,1,,,0,1484.5,1484.5,1,,,0,,,0,,,0,,,0,,,0,,,0,,,0,,,0,,,0,,,0,1480.0,1480.0,baghdad_kifah,,,0
2023-07-17,,,0,,,0,,,0,,,0,,,0,1483.0,1483.0,1,,,0,,,0,,,0,1484.0,1484.0,1,,,0,1488.5,1488.5,1,,,0,,,0,,,0,,,0,,,0,,,0,,,0,,,0,,,0,,,0,1483.0,1483.0,baghdad_kifah,,,0
2023-07-18,,,0,,,0,,,0,,,0,,,0,1481.5,1481.5,1,,,0,,,0,,,0,1482.5,1482.5,1,,,0,1485.5,1485.5,1,,,0,,,0,,,0,,,0,,,0,,,0,,,0,,,0,,,0,,,0,1481.5,1481.5,baghdad_kifah,,,0
2023-07-19,,,0,,,0,,,0,,,0,,,0,1483.0,1483.0,1,,,0,,,0,,,0,1484.0,1484.0,1,,,0,1486.0,1486.0,1,,,0,,,0,,,0,,,0,,,0,,,0,,,0,,,0,,,0,,,0,1483.0,1483.0,baghdad_kifah,,,0
2023-07-20,,,0,,,0,,,0,,,0,,,0,1510.0,1510.0,1,,,0,,,0,,,0,1511.0,1511.0,1,,,0,1513.0,1513.0,1,,,0,,,0,,,0,,,0,,,0,,,0,,,0,,,0,,,0,,,0,1510.0,1510.0,baghdad_kifah,,,0
2023-07-23,,,0,,,0,,,0,,,0,,,0,1532.0,1532.0,1,,,0,,,0,,,0,1533.0,1533.0,1,,,0,1534.0,1534.0,1,,,0,,,0,,,0,,,0,,,0,,,0,,,0,,,0,,,0,,,0,1532.0,1532.0,baghdad_kifah,,,0
2023-07-24,,,0,,,0,,,0,,,0,,,0,1532.5,1532.5,1,,,0,,,0,,,0,1533.5,1533.5,1,,,0,1534.5,1534.5,1,,,0,,,0,,,0,,,0,,,0,,,0,,,0,,,0,,,0,,,0,1532.5,1532.5,baghdad_kifah,,,0
2023-07-25,,,0,,,0,,,0,,,0,,,0,1536.0,1536.0,1,,,0,,,0,,,0,1537.0,1537.0,1,,,0,1536.0,1536.0,1,,,0,,,0,,,0,,,0,,,0,,,0,,,0,,,0,,,0,,,0,1536.0,1536.0,baghdad_kifah,,,0
2023-07-26,,,0,,,0,,,0,,,0,,,0,1560.0,1560.0,1,,,0,,,0,,,0,1559.0,1559.0,1,,,0,1560.0,1560.0,1,,,0,,,0,,,0,,,0,,,0,,,0,,,0,,,0,,,0,,,0,1560.0,1560.0,baghdad_kifah,,,0
2023-07-27,,,0,,,0,,,0,,,0,,,0,1563.0,1563.0,1,,,0,,,0,,,0,1562.0,1562.0,1,,,0,1563.0,1563.0,1,,,0,,,0,,,0,,,0,,,0,,,0,,,0,,,0,,,0,,,0,1563.0,1563.0,baghdad_kifah,,,0
2023-07-30,,,0,,,0,,,0,,,0,,,0,1516.0,1516.0,1,,,0,,,0,,,0,1512.0,1512.0,1,,,0,1509.0,1509.0,1,,,0,,,0,,,0,,,0,,,0,,,0,,,0,,,0,,,0,,,0,1516.0,1516.0,baghdad_kifah,,,0
2023-07-31,,,0,,,0,,,0,,,0,,,0,1509.0,1509.0,1,,,0,,,0,,,0,1502.0,1502.0,1,,,0,1503.0,1503.0,1,,,0,,,0,,,0,,,0,,,0,,,0,,,0,,,0,,,0,,,0,1509.0,1509.0,baghdad_kifah,,,0
2023-08-01,,,0,,,0,,,0,,,0,,,0,1514.0,1514.0,1,,,0,,,0,,,0,1506.0,1506.0,1,,,0,1507.0,1507.0,1,,,0,,,0,,,0,,,0,,,0,,,0,,,0,,,0,,,0,,,0,1514.0,1514.0,baghdad_kifah,,,0
2023-08-02,,,0,,,0,,,0,,,0,,,0,1519.0,1519.0,1,,,0,,,0,,,0,1515.0,1515.0,1,,,0,1522.0,1522.0,1,,,0,,,0,,,0,,,0,,,0,,,0,,,0,,,0,,,0,,,0,1519.0,1519.0,baghdad_kifah,,,0
2023-08-03,,,0,,,0,,,0,,,0,,,0,1503.0,1503.0,1,,,0,,,0,,,0,1505.0,1505.0,1,,,0,1507.0,1507.0,1,,,0,,,0,,,0,,,0,,,0,,,0,,,0,,,0,,,0,,,0,1503.0,1503.0,baghdad_kifah,,,0
2023-08-07,,,0,,,0,,,0,,,0,,,0,1507.0,1507.0,1,,,0,,,0,,,0,1507.0,1507.0,1,,,0,1509.0,1509.0,1,,,0,,,0,,,0,,,0,,,0,,,0,,,0,,,0,,,0,,,0,1507.0,1507.0,baghdad_kifah,,,0
2023-08-08,,,0,,,0,,,0,,,0,,,0,1518.0,1518.0,1,,,0,,,0,,,0,1518.0,1518.0,1,,,0,1525.0,1525.0,1,,,0,,,0,,,0,,,0,,,0,,,0,,,0,,,0,,,0,,,0,1518.0,1518.0,baghdad_kifah,,,0
2023-08-09,,,0,,,0,,,0,,,0,,,0,1523.0,1523.0,1,,,0,,,0,,,0,1523.0,1523.0,1,,,0,1530.0,1530.0,1,,,0,,,0,,,0,,,0,,,0,,,0,,,0,,,0,,,0,,,0,1523.0,1523.0,baghdad_kifah,,,0
2023-08-10,,,0,,,0,,,0,,,0,,,0,1523.0,1523.0,1,,,0,,,0,,,0,1520.0,1520.0,1,,,0,1520.0,1520.0,1,,,0,,,0,,,0,,,0,,,0,,,0,,,0,,,0,,,0,,,0,1523.0,1523.0,baghdad_kifah,,,0
2023-08-13,,,0,,,0,,,0,,,0,,,0,1526.5,1526.5,1,,,0,,,0,,,0,1527.0,1527.0,1,,,0,1530.5,1530.5,1,,,0,,,0,,,0,,,0,,,0,,,0,,,0,,,0,,,0,,,0,1526.5,1526.5,baghdad_kifah,,,0
2023-08-14,,,0,,,0,,,0,,,0,,,0,1534.0,1534.0,1,,,0,,,0,,,0,1535.0,1535.0,1,,,0,1538.5,1538.5,1,,,0,,,0,,,0,,,0,,,0,,,0,,,0,,,0,,,0,,,0,1534.0,1534.0,baghdad_kifah,,,0
2023-08-15,,,0,,,0,,,0,,,0,,,0,1528.5,1528.5,1,,,0,,,0,,,0,1528.0,1528.0,1,,,0,1531.0,1531.0,1,,,0,,,0,,,0,,,0,,,0,,,0,,,0,,,0,,,0,,,0,1528.5,1528.5,baghdad_kifah,,,0
2023-08-16,,,0,,,0,1532.0,1532.0,1,,,0,,,0,,,0,,,0,,,0,,,0,1532.0,1532.0,1,,,0,1532.5,1532.5,1,,,0,,,0,,,0,,,0,,,0,,,0,,,0,,,0,,,0,,,0,1532.0,1532.0,baghdad_generic,,,0
2023-08-17,,,0,,,0,1536.0,1536.0,1,,,0,,,0,,,0,,,0,,,0,,,0,1535.5,1535.5,1,,,0,1535.0,1535.0,1,,,0,,,0,,,0,,,0,,,0,,,0,,,0,,,0,,,0,,,0,1536.0,1536.0,baghdad_generic,,,0
2023-08-20,,,0,,,0,1542.0,1542.0,1,,,0,,,0,,,0,,,0,,,0,,,0,1542.0,1542.0,1,,,0,1542.5,1542.5,1,,,0,,,0,,,0,,,0,,,0,,,0,,,0,,,0,,,0,,,0,1542.0,1542.0,baghdad_generic,,,0
2023-08-21,,,0,,,0,1533.0,1533.0,1,,,0,,,0,,,0,,,0,,,0,,,0,1534.0,1534.0,1,,,0,1535.0,1535.0,1,,,0,,,0,,,0,,,0,,,0,,,0,,,0,,,0,,,0,,,0,1533.0,1533.0,baghdad_generic,,,0
2023-08-22,,,0,,,0,1526.0,1526.0,1,,,0,,,0,,,0,,,0,,,0,,,0,1528.0,1528.0,1,,,0,1531.0,1531.0,1,,,0,,,0,,,0,,,0,,,0,,,0,,,0,,,0,,,0,,,0,1526.0,1526.0,baghdad_generic,,,0
2023-08-23,,,0,,,0,1514.0,1514.0,1,,,0,,,0,,,0,,,0,,,0,,,0,1515.5,1515.5,1,,,0,1525.0,1525.0,1,,,0,,,0,,,0,,,0,,,0,,,0,,,0,,,0,,,0,,,0,1514.0,1514.0,baghdad_generic,,,0
2023-08-24,,,0,,,0,1528.5,1528.5,1,,,0,,,0,,,0,,,0,,,0,,,0,1530.0,1530.0,1,,,0,1535.0,1535.0,1,,,0,,,0,,,0,,,0,,,0,,,0,,,0,,,0,,,0,,,0,1528.5,1528.5,baghdad_generic,,,0
2023-08-27,,,0,,,0,1530.0,1530.0,1,,,0,,,0,,,0,,,0,,,0,,,0,1532.0,1532.0,1,,,0,1537.0,1537.0,1,,,0,,,0,,,0,,,0,,,0,,,0,,,0,,,0,,,0,,,0,1530.0,1530.0,baghdad_generic,,,0
2023-08-28,,,0,,,0,1535.0,1535.0,1,,,0,,,0,,,0,,,0,,,0,,,0,1533.0,1533.0,1,,,0,1544.0,1544.0,1,,,0,,,0,,,0,,,0,,,0,,,0,,,0,,,0,,,0,,,0,1535.0,1535.0,baghdad_generic,,,0
2023-08-29,,,0,,,0,1538.0,1538.0,1,,,0,,,0,,,0,,,0,,,0,,,0,1536.0,1536.0,1,,,0,1547.0,1547.0,1,,,0,,,0,,,0,,,0,,,0,,,0,,,0,,,0,,,0,,,0,1538.0,1538.0,baghdad_generic,,,0
2023-08-31,,,0,,,0,1532.0,1532.0,1,,,0,,,0,,,0,,,0,,,0,,,0,1530.0,1530.0,1,,,0,1548.5,1548.5,1,,,0,,,0,,,0,,,0,,,0,,,0,,,0,,,0,,,0,,,0,1532.0,1532.0,baghdad_generic,,,0
2023-09-03,,,0,,,0,1533.0,1533.0,1,,,0,,,0,,,0,,,0,,,0,,,0,1530.0,1530.0,1,,,0,1541.0,1541.0,1,,,0,,,0,,,0,,,0,,,0,,,0,,,0,,,0,,,0,,,0,1533.0,1533.0,baghdad_generic,,,0
2023-09-04,,,0,,,0,1534.0,1534.0,1,,,0,,,0,,,0,,,0,,,0,,,0,1530.0,1530.0,1,,,0,1540.0,1540.0,1,,,0,,,0,,,0,,,0,,,0,,,0,,,0,,,0,,,0,,,0,1534.0,1534.0,baghdad_generic,,,0
2023-09-05,,,0,,,0,1533.0,1533.0,1,,,0,,,0,,,0,,,0,,,0,,,0,1531.5,1531.5,1,,,0,1543.0,1543.0,1,,,0,,,0,,,0,,,0,,,0,,,0,,,0,,,0,,,0,,,0,1533.0,1533.0,baghdad_generic,,,0
2023-09-06,,,0,,,0,1537.0,1537.0,1,,,0,,,0,,,0,,,0,,,0,,,0,1535.0,1535.0,1,,,0,1544.0,1544.0,1,,,0,,,0,,,0,,,0,,,0,,,0,,,0,,,0,,,0,,,0,1537.0,1537.0,baghdad_generic,,,0
2023-09-11,,,0,,,0,1547.0,1547.0,1,,,0,,,0,,,0,,,0,,,0,,,0,1544.0,1544.0,1,,,0,1553.0,1553.0,1,,,0,,,0,,,0,,,0,,,0,,,0,,,0,,,0,,,0,,,0,1547.0,1547.0,baghdad_generic,,,0
2023-09-13,,,0,,,0,1558.0,1558.0,1,,,0,,,0,,,0,,,0,,,0,,,0,1553.0,1553.0,1,,,0,1564.0,1564.0,1,,,0,,,0,,,0,,,0,,,0,,,0,,,0,,,0,,,0,,,0,1558.0,1558.0,baghdad_generic,,,0
2023-09-17,,,0,,,0,1563.0,1563.0,1,,,0,,,0,,,0,,,0,,,0,,,0,1558.0,1558.0,1,,,0,1569.0,1569.0,1,,,0,,,0,,,0,,,0,,,0,,,0,,,0,,,0,,,0,,,0,1563.0,1563.0,baghdad_generic,,,0
2023-09-18,,,0,,,0,1581.0,1581.0,1,,,0,,,0,,,0,,,0,,,0,,,0,1577.0,1577.0,1,,,0,1574.5,1574.5,1,,,0,,,0,,,0,,,0,,,0,,,0,,,0,,,0,,,0,,,0,1581.0,1581.0,baghdad_generic,,,0
2023-09-19,,,0,,,0,1560.0,1560.0,1,,,0,,,0,,,0,,,0,,,0,,,0,1554.0,1554.0,1,,,0,1559.0,1559.0,1,,,0,,,0,,,0,,,0,,,0,,,0,,,0,,,0,,,0,,,0,1560.0,1560.0,baghdad_generic,,,0
2023-09-20,,,0,,,0,1567.0,1567.0,1,,,0,,,0,,,0,,,0,,,0,,,0,1561.0,1561.0,1,,,0,1565.0,1565.0,1,,,0,,,0,,,0,,,0,,,0,,,0,,,0,,,0,,,0,,,0,1567.0,1567.0,baghdad_generic,,,0
2023-09-21,,,0,,,0,1563.5,1563.5,1,,,0,,,0,,,0,,,0,,,0,,,0,1558.0,1558.0,1,,,0,1561.5,1561.5,1,,,0,,,0,,,0,,,0,,,0,,,0,,,0,,,0,,,0,,,0,1563.5,1563.5,baghdad_generic,,,0
2023-09-26,,,0,,,0,1544.0,1544.0,1,,,0,,,0,,,0,,,0,,,0,,,0,,,0,,,0,,,0,,,0,,,0,,,0,,,0,,,0,,,0,,,0,,,0,,,0,,,0,1544.0,1544.0,baghdad_generic,,,0
2023-09-27,,,0,,,0,1555.0,1555.0,1,,,0,,,0,,,0,,,0,,,0,,,0,,,0,,,0,1550.0,1550.0,1,,,0,,,0,,,0,,,0,,,0,,,0,,,0,,,0,,,0,,,0,1555.0,1555.0,baghdad_generic,,,0
2023-09-28,,,0,,,0,,,0,,,0,,,0,,,0,,,0,,,0,,,0,1560.0,1560.0,1,,,0,,,0,,,0,,,0,,,0,,,0,,,0,,,0,,,0,,,0,,,0,,,0,,,,,,0
2023-10-01,,,0,,,0,1558.0,1558.0,1,,,0,,,0,,,0,,,0,,,0,,,0,1557.5,1557.5,1,,,0,1555.0,1555.0,1,,,0,,,0,,,0,,,0,,,0,,,0,,,0,,,0,,,0,,,0,1558.0,1558.0,baghdad_generic,,,0
2023-10-02,,,0,,,0,1562.0,1562.0,1,,,0,,,0,,,0,,,0,,,0,,,0,1563.0,1563.0,1,,,0,1565.0,1565.0,1,,,0,,,0,,,0,,,0,,,0,,,0,,,0,,,0,,,0,,,0,1562.0,1562.0,baghdad_generic,,,0
2023-10-03,,,0,,,0,1569.0,1569.0,1,,,0,,,0,,,0,,,0,,,0,,,0,1569.0,1569.0,1,,,0,1568.0,1568.0,1,,,0,,,0,,,0,,,0,,,0,,,0,,,0,,,0,,,0,,,0,1569.0,1569.0,baghdad_generic,,,0
2023-10-04,,,0,,,0,1568.5,1568.5,1,,,0,,,0,,,0,,,0,,,0,,,0,1569.5,1569.5,1,,,0,1569.0,1569.0,1,,,0,,,0,,,0,,,0,,,0,,,0,,,0,,,0,,,0,,,0,1568.5,1568.5,baghdad_generic,,,0
2023-10-08,,,0,,,0,1588.0,1588.0,1,,,0,,,0,,,0,,,0,,,0,,,0,1584.0,1584.0,1,,,0,1587.5,1587.5,1,,,0,,,0,,,0,,,0,,,0,,,0,,,0,,,0,,,0,,,0,1588.0,1588.0,baghdad_generic,,,0
2023-10-10,,,0,,,0,1633.0,1633.0,1,,,0,,,0,,,0,,,0,,,0,,,0,1631.0,1631.0,1,,,0,1628.0,1628.0,1,,,0,,,0,,,0,,,0,,,0,,,0,,,0,,,0,,,0,,,0,1633.0,1633.0,baghdad_generic,,,0
2023-10-11,,,0,,,0,1612.5,1612.5,1,,,0,,,0,,,0,,,0,,,0,,,0,,,0,,,0,,,0,,,0,,,0,,,0,,,0,,,0,,,0,,,0,,,0,,,0,,,0,1612.5,1612.5,baghdad_generic,,,0
2023-10-12,,,0,,,0,1605.0,1605.0,1,,,0,,,0,,,0,,,0,,,0,,,0,1601.0,1601.0,1,,,0,1598.0,1598.0,1,,,0,,,0,,,0,,,0,,,0,,,0,,,0,,,0,,,0,,,0,1605.0,1605.0,baghdad_generic,,,0
2023-10-15,,,0,,,0,1586.5,1586.5,1,,,0,,,0,,,0,,,0,,,0,,,0,1585.0,1585.0,1,,,0,1590.0,1590.0,1,,,0,,,0,,,0,,,0,,,0,,,0,,,0,,,0,,,0,,,0,1586.5,1586.5,baghdad_generic,,,0
2023-10-16,,,0,,,0,1580.0,1580.0,1,,,0,,,0,,,0,,,0,,,0,,,0,1577.5,1577.5,1,,,0,1581.0,1581.0,1,,,0,,,0,,,0,,,0,,,0,,,0,,,0,,,0,,,0,,,0,1580.0,1580.0,baghdad_generic,,,0
2023-10-17,,,0,,,0,1589.0,1589.0,1,,,0,,,0,,,0,,,0,,,0,,,0,1588.0,1588.0,1,,,0,1592.0,1592.0,1,,,0,,,0,,,0,,,0,,,0,,,0,,,0,,,0,,,0,,,0,1589.0,1589.0,baghdad_generic,,,0
2023-10-18,,,0,,,0,1595.5,1595.5,1,,,0,,,0,,,0,,,0,,,0,,,0,1597.5,1597.5,1,,,0,1596.5,1596.5,1,,,0,,,0,,,0,,,0,,,0,,,0,,,0,,,0,,,0,,,0,1595.5,1595.5,baghdad_generic,,,0
2023-10-19,,,0,,,0,1594.0,1594.0,1,,,0,,,0,,,0,,,0,,,0,,,0,1595.0,1595.0,1,,,0,1591.5,1591.5,1,,,0,,,0,,,0,,,0,,,0,,,0,,,0,,,0,,,0,,,0,1594.0,1594.0,baghdad_generic,,,0
2023-10-22,,,0,,,0,1595.0,1595.0,1,,,0,,,0,,,0,,,0,,,0,,,0,1597.5,1597.5,1,,,0,1596.0,1596.0,1,,,0,,,0,,,0,,,0,,,0,,,0,,,0,,,0,,,0,,,0,1595.0,1595.0,baghdad_generic,,,0
2023-10-23,1607.0,1607.0,1,,,0,1602.5,1607.5,2,,,0,,,0,,,0,,,0,,,0,1607.0,1607.0,1,1607.0,1607.0,2,1607.0,1607.0,1,1604.5,1606.5,2,,,0,1607.5,1607.5,1,1608.0,1608.0,1,1607.5,1607.5,1,1607.0,1607.0,1,,,0,,,0,1607.5,1607.5,1,1607.5,1607.5,1,,,0,1602.5,1607.5,baghdad_generic,,,0
2023-10-24,,,0,,,0,1610.0,1610.0,1,,,0,,,0,,,0,,,0,,,0,,,0,,,0,,,0,1613.5,1613.5,1,,,0,,,0,,,0,,,0,,,0,,,0,,,0,,,0,,,0,,,0,1610.0,1610.0,baghdad_generic,,,0
2023-10-25,,,0,,,0,1620.0,1620.0,1,,,0,,,0,,,0,,,0,,,0,,,0,1620.0,1620.0,1,,,0,1617.0,1617.0,1,,,0,,,0,,,0,,,0,,,0,,,0,,,0,,,0,,,0,,,0,1620.0,1620.0,baghdad_generic,,,0
2023-10-29,,,0,,,0,1615.5,1615.5,1,,,0,,,0,,,0,,,0,,,0,,,0,1616.0,1616.0,1,,,0,1613.0,1613.0,1,,,0,,,0,,,0,,,0,,,0,,,0,,,0,,,0,,,0,,,0,1615.5,1615.5,baghdad_generic,,,0
2023-10-30,,,0,,,0,1616.5,1616.5,1,,,0,,,0,,,0,,,0,,,0,,,0,1617.0,1617.0,1,,,0,1615.0,1615.0,1,,,0,,,0,,,0,,,0,,,0,,,0,,,0,,,0,,,0,,,0,1616.5,1616.5,baghdad_generic,,,0
2023-10-31,,,0,,,0,1619.0,1619.0,1,,,0,,,0,,,0,,,0,,,0,,,0,1619.0,1619.0,1,,,0,1617.0,1617.0,1,,,0,,,0,,,0,,,0,,,0,,,0,,,0,,,0,,,0,,,0,1619.0,1619.0,baghdad_generic,,,0
2023-11-01,,,0,,,0,1621.0,1621.0,1,,,0,,,0,,,0,,,0,,,0,,,0,1623.0,1623.0,1,,,0,1618.5,1618.5,1,,,0,,,0,,,0,,,0,,,0,,,0,,,0,,,0,,,0,,,0,1621.0,1621.0,baghdad_generic,,,0
2023-11-02,,,0,,,0,1614.5,1614.5,1,,,0,,,0,,,0,,,0,,,0,,,0,1614.5,1614.5,1,,,0,1623.5,1623.5,1,,,0,,,0,,,0,,,0,,,0,,,0,,,0,,,0,,,0,,,0,1614.5,1614.5,baghdad_generic,,,0
2023-11-05,,,0,,,0,1631.0,1631.0,1,,,0,,,0,,,0,,,0,,,0,,,0,1633.0,1633.0,1,,,0,1631.0,1631.0,1,,,0,,,0,,,0,,,0,,,0,,,0,,,0,,,0,,,0,,,0,1631.0,1631.0,baghdad_generic,,,0
2023-11-06,,,0,,,0,1658.0,1658.0,1,,,0,,,0,,,0,,,0,,,0,,,0,1658.0,1658.0,1,,,0,1659.0,1659.0,1,,,0,,,0,,,0,,,0,,,0,,,0,,,0,,,0,,,0,,,0,1658.0,1658.0,baghdad_generic,,,0
2023-11-07,,,0,,,0,1657.5,1657.5,1,,,0,,,0,,,0,,,0,,,0,,,0,1656.0,1656.0,1,,,0,1658.0,1658.0,1,,,0,,,0,,,0,,,0,,,0,,,0,,,0,,,0,,,0,,,0,1657.5,1657.5,baghdad_generic,,,0
2023-11-08,,,0,,,0,1640.0,1647.0,2,,,0,,,0,,,0,,,0,,,0,,,0,1640.0,1640.0,1,,,0,1637.5,1643.0,2,,,0,,,0,,,0,,,0,,,0,,,0,,,0,,,0,,,0,,,0,1640.0,1647.0,baghdad_generic,,,0
2023-11-09,,,0,,,0,1651.0,1650.0,2,,,0,,,0,,,0,,,0,,,0,,,0,,,0,,,0,1652.0,1648.0,2,,,0,,,0,,,0,,,0,,,0,,,0,,,0,,,0,,,0,,,0,1651.0,1650.0,baghdad_generic,,,0
2023-11-12,,,0,,,0,1632.0,1632.0,1,,,0,,,0,,,0,,,0,,,0,,,0,1633.0,1633.0,1,,,0,1632.5,1632.5,1,,,0,,,0,,,0,,,0,,,0,,,0,,,0,,,0,,,0,,,0,1632.0,1632.0,baghdad_generic,,,0
2023-11-13,,,0,,,0,1598.0,1598.0,1,,,0,,,0,,,0,,,0,,,0,,,0,,,0,,,0,1596.0,1596.0,1,,,0,,,0,,,0,,,0,,,0,,,0,,,0,,,0,,,0,,,0,1598.0,1598.0,baghdad_generic,,,0
2023-11-14,,,0,,,0,1574.0,1574.0,1,,,0,,,0,,,0,,,0,,,0,,,0,,,0,,,0,1569.0,1569.0,1,,,0,,,0,,,0,,,0,,,0,,,0,,,0,,,0,,,0,,,0,1574.0,1574.0,baghdad_generic,,,0
2023-11-15,,,0,,,0,1547.5,1585.0,2,,,0,,,0,,,0,,,0,,,0,,,0,,,0,,,0,1589.0,1589.0,1,,,0,,,0,,,0,,,0,,,0,,,0,,,0,,,0,,,0,,,0,1547.5,1585.0,baghdad_generic,,,0
2023-11-16,,,0,,,0,1584.0,1584.0,1,,,0,,,0,,,0,,,0,,,0,,,0,,,0,,,0,1587.0,1587.0,1,,,0,,,0,,,0,,,0,,,0,,,0,,,0,,,0,,,0,,,0,1584.0,1584.0,baghdad_generic,,,0
2023-11-19,,,0,,,0,1580.0,1580.0,1,,,0,,,0,,,0,,,0,,,0,,,0,,,0,,,0,1583.5,1583.5,1,,,0,,,0,,,0,,,0,,,0,,,0,,,0,,,0,,,0,,,0,1580.0,1580.0,baghdad_generic,,,0
2023-11-20,,,0,,,0,1575.0,1575.0,1,,,0,,,0,,,0,,,0,,,0,,,0,1574.0,1574.0,1,,,0,1582.0,1582.0,1,,,0,,,0,,,0,,,0,,,0,,,0,,,0,,,0,,,0,,,0,1575.0,1575.0,baghdad_generic,,,0
2023-11-21,,,0,,,0,1583.5,1583.5,1,,,0,,,0,,,0,,,0,,,0,,,0,,,0,,,0,,,0,,,0,,,0,,,0,,,0,,,0,,,0,,,0,,,0,,,0,,,0,1583.5,1583.5,baghdad_generic,,,0
2023-11-22,,,0,,,0,1590.0,1590.0,1,,,0,,,0,,,0,,,0,,,0,,,0,,,0,,,0,1586.0,1586.0,1,,,0,,,0,,,0,,,0,,,0,,,0,,,0,,,0,,,0,,,0,1590.0,1590.0,baghdad_generic,,,0
2023-11-23,,,0,,,0,1595.0,1595.0,1,,,0,,,0,,,0,,,0,,,0,,,0,1595.0,1595.0,1,,,0,1593.5,1593.5,1,,,0,,,0,,,0,,,0,,,0,,,0,,,0,,,0,,,0,,,0,1595.0,1595.0,baghdad_generic,,,0
2023-11-26,,,0,,,0,1569.0,1569.0,1,,,0,,,0,,,0,,,0,,,0,,,0,,,0,,,0,1577.0,1577.0,1,,,0,,,0,,,0,,,0,,,0,,,0,,,0,,,0,,,0,,,0,1569.0,1569.0,baghdad_generic,,,0
2023-11-27,,,0,,,0,1579.0,1579.0,1,,,0,,,0,,,0,,,0,,,0,,,0,,,0,,,0,1582.5,1582.5,1,,,0,,,0,,,0,,,0,,,0,,,0,,,0,,,0,,,0,,,0,1579.0,1579.0,baghdad_generic,,,0
2023-11-28,,,0,,,0,1574.5,1574.5,1,,,0,,,0,,,0,,,0,,,0,,,0,,,0,,,0,,,0,,,0,,,0,,,0,,,0,,,0,,,0,,,0,,,0,,,0,,,0,1574.5,1574.5,baghdad_generic,,,0
2023-11-29,,,0,,,0,1577.5,1576.0,2,,,0,,,0,,,0,,,0,,,0,,,0,1582.0,1582.0,1,,,0,1576.0,1577.0,2,,,0,,,0,,,0,,,0,,,0,,,0,,,0,,,0,,,0,,,0,1577.5,1576.0,baghdad_generic,,,0
2023-11-30,,,0,,,0,1560.0,1564.5,2,,,0,,,0,,,0,,,0,,,0,,,0,,,0,,,0,1555.0,1555.0,1,,,0,,,0,,,0,,,0,,,0,,,0,,,0,,,0,,,0,,,0,1560.0,1564.5,baghdad_generic,,,0
2023-12-03,,,0,,,0,1569.0,1569.0,1,,,0,,,0,,,0,,,0,,,0,,,0,,,0,,,0,1566.0,1566.0,1,,,0,,,0,,,0,,,0,,,0,,,0,,,0,,,0,,,0,,,0,1569.0,1569.0,baghdad_generic,,,0
2023-12-04,,,0,,,0,1577.5,1577.5,1,,,0,,,0,,,0,,,0,,,0,,,0,1575.0,1575.0,1,,,0,1574.5,1574.5,1,,,0,,,0,,,0,,,0,,,0,,,0,,,0,,,0,,,0,,,0,1577.5,1577.5,baghdad_generic,,,0
2023-12-05,,,0,,,0,1569.5,1569.5,1,,,0,,,0,,,0,,,0,,,0,,,0,1573.5,1573.5,1,,,0,1573.0,1573.0,1,,,0,,,0,,,0,,,0,,,0,,,0,,,0,,,0,,,0,,,0,1569.5,1569.5,baghdad_generic,,,0
2023-12-06,,,0,,,0,1571.5,1571.5,1,,,0,,,0,,,0,,,0,,,0,,,0,1569.0,1569.0,1,,,0,1566.0,1566.0,1,,,0,,,0,,,0,,,0,,,0,,,0,,,0,,,0,,,0,,,0,1571.5,1571.5,baghdad_generic,,,0
2023-12-07,,,0,,,0,1574.5,1574.5,1,,,0,,,0,,,0,,,0,,,0,,,0,,,0,,,0,1571.0,1571.0,1,,,0,,,0,,,0,,,0,,,0,,,0,,,0,,,0,,,0,,,0,1574.5,1574.5,baghdad_generic,,,0
2023-12-10,,,0,,,0,1573.0,1571.5,2,,,0,,,0,,,0,,,0,,,0,,,0,1573.5,1573.5,1,,,0,1572.5,1569.5,2,,,0,,,0,,,0,,,0,,,0,,,0,,,0,,,0,,,0,,,0,1573.0,1571.5,baghdad_generic,,,0
2023-12-11,,,0,,,0,1573.5,1573.5,1,,,0,,,0,,,0,,,0,,,0,,,0,1574.0,1574.0,1,,,0,1570.0,1570.0,1,,,0,,,0,,,0,,,0,,,0,,,0,,,0,,,0,,,0,,,0,1573.5,1573.5,baghdad_generic,,,0
2023-12-12,,,0,,,0,1572.5,1572.5,1,,,0,,,0,,,0,,,0,,,0,,,0,1575.5,1575.5,1,,,0,1569.5,1569.5,1,,,0,,,0,,,0,,,0,,,0,,,0,,,0,,,0,,,0,,,0,1572.5,1572.5,baghdad_generic,,,0
2023-12-13,,,0,,,0,1561.5,1561.5,1,,,0,,,0,,,0,,,0,,,0,,,0,1562.0,1562.0,1,,,0,1561.0,1561.0,1,,,0,,,0,,,0,,,0,,,0,,,0,,,0,,,0,,,0,,,0,1561.5,1561.5,baghdad_generic,,,0
2023-12-14,,,0,,,0,1558.5,1558.5,1,,,0,,,0,,,0,,,0,,,0,,,0,,,0,,,0,1558.5,1558.5,1,,,0,,,0,,,0,,,0,,,0,,,0,,,0,,,0,,,0,,,0,1558.5,1558.5,baghdad_generic,,,0
2023-12-17,,,0,,,0,1551.5,1551.5,1,,,0,,,0,,,0,,,0,,,0,,,0,1555.0,1555.0,1,,,0,1548.5,1548.5,1,,,0,,,0,,,0,,,0,,,0,,,0,,,0,,,0,,,0,,,0,1551.5,1551.5,baghdad_generic,,,0
2023-12-18,,,0,,,0,1543.5,1543.5,1,,,0,,,0,,,0,,,0,,,0,,,0,1547.5,1547.5,1,,,0,1540.0,1541.5,2,,,0,,,0,,,0,,,0,,,0,,,0,,,0,,,0,,,0,,,0,1543.5,1543.5,baghdad_generic,,,0
2023-12-19,,,0,,,0,1544.0,1544.0,1,,,0,,,0,,,0,,,0,,,0,,,0,1540.0,1540.0,1,,,0,1539.5,1539.5,1,,,0,,,0,,,0,,,0,,,0,,,0,,,0,,,0,,,0,,,0,1544.0,1544.0,baghdad_generic,,,0
2023-12-20,,,0,,,0,1536.5,1536.5,1,,,0,,,0,,,0,,,0,,,0,,,0,1545.0,1545.0,1,,,0,1532.0,1532.0,1,,,0,,,0,,,0,,,0,,,0,,,0,,,0,,,0,,,0,,,0,1536.5,1536.5,baghdad_generic,,,0
2023-12-21,,,0,,,0,1525.0,1525.0,1,,,0,,,0,,,0,,,0,,,0,,,0,,,0,,,0,,,0,,,0,,,0,,,0,,,0,,,0,,,0,,,0,,,0,,,0,,,0,1525.0,1525.0,baghdad_generic,,,0
2023-12-24,,,0,,,0,1512.0,1512.0,1,,,0,,,0,,,0,,,0,,,0,,,0,,,0,,,0,,,0,,,0,,,0,,,0,,,0,,,0,,,0,,,0,,,0,,,0,,,0,1512.0,1512.0,baghdad_generic,,,0
2023-12-25,,,0,,,0,1493.0,1493.0,1,,,0,,,0,,,0,,,0,,,0,,,0,,,0,,,0,,,0,,,0,,,0,,,0,,,0,,,0,,,0,,,0,,,0,,,0,,,0,1493.0,1493.0,baghdad_generic,,,0
2023-12-26,,,0,,,0,1520.0,1520.0,1,,,0,,,0,,,0,,,0,,,0,,,0,,,0,,,0,1520.0,1520.0,1,,,0,,,0,,,0,,,0,,,0,,,0,,,0,,,0,,,0,,,0,1520.0,1520.0,baghdad_generic,,,0
2023-12-27,,,0,,,0,1521.0,1521.0,1,,,0,,,0,,,0,,,0,,,0,,,0,,,0,,,0,,,0,,,0,,,0,,,0,,,0,,,0,,,0,,,0,,,0,,,0,,,0,1521.0,1521.0,baghdad_generic,,,0
2023-12-28,,,0,,,0,1527.0,1527.0,1,,,0,,,0,,,0,,,0,,,0,,,0,,,0,,,0,1518.0,1518.0,1,,,0,,,0,,,0,,,0,,,0,,,0,,,0,,,0,,,0,,,0,1527.0,1527.0,baghdad_generic,,,0
2023-12-31,,,0,,,0,1525.0,1525.0,1,,,0,,,0,,,0,,,0,,,0,,,0,,,0,,,0,1523.0,1523.0,1,,,0,,,0,,,0,,,0,,,0,,,0,,,0,,,0,,,0,,,0,1525.0,1525.0,baghdad_generic,,,0
2024-01-01,,,0,,,0,1524.5,1524.5,1,,,0,,,0,,,0,,,0,,,0,,,0,,,0,,,0,,,0,,,0,,,0,,,0,,,0,,,0,,,0,,,0,,,0,,,0,,,0,1524.5,1524.5,baghdad_generic,,,0
2024-01-02,,,0,,,0,1527.0,1527.0,1,,,0,,,0,,,0,,,0,,,0,,,0,1527.0,1527.0,1,,,0,1527.0,1527.0,1,,,0,,,0,,,0,,,0,,,0,,,0,,,0,,,0,,,0,,,0,1527.0,1527.0,baghdad_generic,,,0
2024-01-03,,,0,,,0,1525.0,1525.0,1,,,0,,,0,,,0,,,0,,,0,,,0,,,0,,,0,1529.5,1529.5,1,,,0,,,0,,,0,,,0,,,0,,,0,,,0,,,0,,,0,,,0,1525.0,1525.0,baghdad_generic,,,0
2024-01-04,,,0,,,0,1526.0,1526.0,1,,,0,,,0,,,0,,,0,,,0,,,0,1526.5,1526.5,1,,,0,1525.0,1525.0,1,,,0,,,0,,,0,,,0,,,0,,,0,,,0,,,0,,,0,,,0,1526.0,1526.0,baghdad_generic,,,0
2024-01-07,,,0,,,0,1526.5,1526.5,1,,,0,,,0,,,0,,,0,,,0,,,0,1528.0,1528.0,1,,,0,1525.0,1525.0,1,,,0,,,0,,,0,,,0,,,0,,,0,,,0,,,0,,,0,,,0,1526.5,1526.5,baghdad_generic,,,0
2024-01-08,,,0,,,0,1532.5,1532.5,1,,,0,,,0,,,0,,,0,,,0,,,0,1530.5,1530.5,1,,,0,1528.5,1528.5,1,,,0,,,0,,,0,,,0,,,0,,,0,,,0,,,0,,,0,,,0,1532.5,1532.5,baghdad_generic,,,0
2024-01-09,,,0,,,0,1541.5,1541.5,1,,,0,,,0,,,0,,,0,,,0,,,0,1537.0,1537.0,1,,,0,1538.0,1538.0,1,,,0,,,0,,,0,,,0,,,0,,,0,,,0,,,0,,,0,,,0,1541.5,1541.5,baghdad_generic,,,0
2024-01-10,,,0,,,0,1542.0,1542.0,1,,,0,,,0,,,0,,,0,,,0,,,0,,,0,,,0,1539.0,1539.0,1,,,0,,,0,,,0,,,0,,,0,,,0,,,0,,,0,,,0,,,0,1542.0,1542.0,baghdad_generic,,,0
2024-01-11,,,0,,,0,1538.5,1538.5,1,,,0,,,0,,,0,,,0,,,0,,,0,,,0,,,0,1538.5,1538.5,1,,,0,,,0,,,0,,,0,,,0,,,0,,,0,,,0,,,0,,,0,1538.5,1538.5,baghdad_generic,,,0
2024-01-14,,,0,,,0,1538.0,1538.0,1,,,0,,,0,,,0,,,0,,,0,,,0,1531.0,1531.0,1,,,0,1537.5,1537.5,1,,,0,,,0,,,0,,,0,,,0,,,0,,,0,,,0,,,0,,,0,1538.0,1538.0,baghdad_generic,,,0
2024-01-15,,,0,,,0,1525.0,1525.0,1,,,0,,,0,,,0,,,0,,,0,,,0,1527.0,1527.0,1,,,0,1521.5,1521.5,1,,,0,,,0,,,0,,,0,,,0,,,0,,,0,,,0,,,0,,,0,1525.0,1525.0,baghdad_generic,,,0
2024-01-16,,,0,,,0,1529.0,1529.0,1,,,0,,,0,,,0,,,0,,,0,,,0,1533.0,1533.0,1,,,0,1522.0,1522.0,1,,,0,,,0,,,0,,,0,,,0,,,0,,,0,,,0,,,0,,,0,1529.0,1529.0,baghdad_generic,,,0
2024-01-17,,,0,,,0,1524.0,1524.0,1,,,0,,,0,,,0,,,0,,,0,,,0,,,0,,,0,1522.5,1521.5,2,,,0,,,0,,,0,,,0,,,0,,,0,,,0,,,0,,,0,,,0,1524.0,1524.0,baghdad_generic,,,0
2024-01-18,,,0,,,0,1521.0,1521.0,1,,,0,,,0,,,0,,,0,,,0,,,0,1522.5,1522.5,1,,,0,1518.0,1518.0,1,,,0,,,0,,,0,,,0,,,0,,,0,,,0,,,0,,,0,,,0,1521.0,1521.0,baghdad_generic,,,0
2024-01-21,,,0,,,0,1520.0,1520.0,1,,,0,,,0,,,0,,,0,,,0,,,0,1525.0,1525.0,1,,,0,1517.5,1517.5,1,,,0,,,0,,,0,,,0,,,0,,,0,,,0,,,0,,,0,,,0,1520.0,1520.0,baghdad_generic,,,0
2024-01-22,,,0,,,0,1514.0,1514.0,1,,,0,,,0,,,0,,,0,,,0,,,0,1517.5,1517.5,1,,,0,1512.5,1512.5,1,,,0,,,0,,,0,,,0,,,0,,,0,,,0,,,0,,,0,,,0,1514.0,1514.0,baghdad_generic,,,0
2024-01-23,,,0,,,0,1509.0,1509.0,1,,,0,,,0,,,0,,,0,,,0,,,0,1514.0,1514.0,1,,,0,1507.0,1507.0,1,,,0,,,0,,,0,,,0,,,0,,,0,,,0,,,0,,,0,,,0,1509.0,1509.0,baghdad_generic,,,0
2024-01-24,,,0,,,0,1512.0,1512.0,1,,,0,,,0,,,0,,,0,,,0,,,0,1514.0,1514.0,1,,,0,1508.0,1508.0,1,,,0,,,0,,,0,,,0,,,0,,,0,,,0,,,0,,,0,,,0,1512.0,1512.0,baghdad_generic,,,0
2024-01-25,,,0,,,0,1514.0,1514.0,1,,,0,,,0,,,0,,,0,,,0,,,0,1520.0,1520.0,1,,,0,1512.5,1512.5,1,,,0,,,0,,,0,,,0,,,0,,,0,,,0,,,0,,,0,,,0,1514.0,1514.0,baghdad_generic,,,0
2024-01-28,,,0,,,0,1507.0,1507.0,1,,,0,,,0,,,0,,,0,,,0,,,0,1512.0,1512.0,1,,,0,1508.0,1508.0,1,,,0,,,0,,,0,,,0,,,0,,,0,,,0,,,0,,,0,,,0,1507.0,1507.0,baghdad_generic,,,0
2024-01-29,,,0,,,0,1513.0,1513.0,1,,,0,,,0,,,0,,,0,,,0,,,0,1516.0,1516.0,1,,,0,1511.5,1511.5,1,,,0,,,0,,,0,,,0,,,0,,,0,,,0,,,0,,,0,,,0,1513.0,1513.0,baghdad_generic,,,0
2024-01-30,,,0,,,0,1520.0,1533.0,2,,,0,,,0,,,0,,,0,,,0,,,0,1524.0,1524.0,1,,,0,1524.5,1531.0,2,,,0,,,0,,,0,,,0,,,0,,,0,,,0,,,0,,,0,,,0,1520.0,1533.0,baghdad_generic,,,0
2024-01-31,,,0,,,0,1527.5,1527.5,1,,,0,,,0,,,0,,,0,,,0,,,0,,,0,,,0,1526.0,1526.0,1,,,0,,,0,,,0,,,0,,,0,,,0,,,0,,,0,,,0,,,0,1527.5,1527.5,baghdad_generic,,,0
2024-02-01,,,0,,,0,1526.0,1526.0,1,,,0,,,0,,,0,,,0,,,0,,,0,1527.0,1527.0,1,,,0,1520.0,1520.0,1,,,0,,,0,,,0,,,0,,,0,,,0,,,0,,,0,,,0,,,0,1526.0,1526.0,baghdad_generic,,,0
2024-02-04,,,0,,,0,1521.0,1521.0,1,,,0,,,0,,,0,,,0,,,0,,,0,1522.0,1522.0,1,,,0,1516.0,1516.0,1,,,0,,,0,,,0,,,0,,,0,,,0,,,0,,,0,,,0,,,0,1521.0,1521.0,baghdad_generic,,,0
2024-02-05,,,0,,,0,1525.0,1525.0,1,,,0,,,0,,,0,,,0,,,0,,,0,1525.0,1525.0,1,,,0,1521.0,1521.0,1,,,0,,,0,,,0,,,0,,,0,,,0,,,0,,,0,,,0,,,0,1525.0,1525.0,baghdad_generic,,,0
2024-02-06,,,0,,,0,1521.0,1521.0,1,,,0,,,0,,,0,,,0,,,0,,,0,,,0,,,0,,,0,,,0,,,0,,,0,,,0,,,0,,,0,,,0,,,0,,,0,,,0,1521.0,1521.0,baghdad_generic,,,0
2024-02-07,,,0,,,0,1523.5,1523.5,1,,,0,,,0,,,0,,,0,,,0,,,0,,,0,,,0,1519.0,1519.0,1,,,0,,,0,,,0,,,0,,,0,,,0,,,0,,,0,,,0,,,0,1523.5,1523.5,baghdad_generic,,,0
2024-02-08,,,0,,,0,1523.5,1523.5,1,,,0,,,0,,,0,,,0,,,0,,,0,,,0,,,0,1518.0,1518.0,1,,,0,,,0,,,0,,,0,,,0,,,0,,,0,,,0,,,0,,,0,1523.5,1523.5,baghdad_generic,,,0
2024-02-11,,,0,,,0,1522.0,1522.0,1,,,0,,,0,,,0,,,0,,,0,,,0,1529.0,1529.0,1,,,0,1519.0,1519.0,1,,,0,,,0,,,0,,,0,,,0,,,0,,,0,,,0,,,0,,,0,1522.0,1522.0,baghdad_generic,,,0
2024-02-13,,,0,,,0,1523.0,1522.5,2,,,0,,,0,,,0,,,0,,,0,,,0,1524.0,1524.0,2,,,0,1520.0,1520.0,1,,,0,,,0,,,0,,,0,,,0,,,0,,,0,,,0,,,0,,,0,1523.0,1522.5,baghdad_generic,,,0
2024-02-14,,,0,,,0,1523.0,1523.0,1,,,0,,,0,,,0,,,0,,,0,,,0,1525.0,1525.0,1,,,0,1521.0,1521.0,1,,,0,,,0,,,0,,,0,,,0,,,0,,,0,,,0,,,0,,,0,1523.0,1523.0,baghdad_generic,,,0
2024-02-15,,,0,,,0,1524.0,1524.0,1,,,0,,,0,,,0,,,0,,,0,,,0,,,0,,,0,,,0,,,0,,,0,,,0,,,0,,,0,,,0,,,0,,,0,,,0,,,0,1524.0,1524.0,baghdad_generic,,,0
2024-02-18,,,0,,,0,1524.0,1524.0,1,,,0,,,0,,,0,,,0,,,0,,,0,1525.0,1525.0,1,,,0,1522.0,1522.0,1,,,0,,,0,,,0,,,0,,,0,,,0,,,0,,,0,,,0,,,0,1524.0,1524.0,baghdad_generic,,,0
2024-02-19,,,0,,,0,1523.0,1523.0,1,,,0,,,0,,,0,,,0,,,0,,,0,1525.0,1525.0,1,,,0,1521.0,1521.0,1,,,0,,,0,,,0,,,0,,,0,,,0,,,0,,,0,,,0,,,0,1523.0,1523.0,baghdad_generic,,,0
2024-02-20,,,0,,,0,1521.0,1521.0,1,,,0,,,0,,,0,,,0,,,0,,,0,1524.0,1524.0,1,,,0,1518.5,1518.5,1,,,0,,,0,,,0,,,0,,,0,,,0,,,0,,,0,,,0,,,0,1521.0,1521.0,baghdad_generic,,,0
2024-02-21,,,0,,,0,1523.0,1523.0,1,,,0,,,0,,,0,,,0,,,0,,,0,,,0,,,0,,,0,,,0,,,0,,,0,,,0,,,0,,,0,,,0,,,0,,,0,,,0,1523.0,1523.0,baghdad_generic,,,0
2024-02-25,,,0,,,0,1515.0,1515.0,1,,,0,,,0,,,0,,,0,,,0,,,0,1516.0,1516.0,1,,,0,1513.5,1513.5,1,,,0,,,0,,,0,,,0,,,0,,,0,,,0,,,0,,,0,,,0,1515.0,1515.0,baghdad_generic,,,0
2024-02-26,,,0,,,0,1514.0,1514.0,1,,,0,,,0,,,0,,,0,,,0,,,0,1516.0,1516.0,1,,,0,1512.0,1512.0,1,,,0,,,0,,,0,,,0,,,0,,,0,,,0,,,0,,,0,,,0,1514.0,1514.0,baghdad_generic,,,0
2024-02-27,,,0,,,0,1515.0,1515.0,1,,,0,,,0,,,0,,,0,,,0,,,0,1516.5,1516.5,1,,,0,1513.5,1513.5,1,,,0,,,0,,,0,,,0,,,0,,,0,,,0,,,0,,,0,,,0,1515.0,1515.0,baghdad_generic,,,0
2024-02-29,,,0,,,0,1508.5,1508.5,1,,,0,,,0,,,0,,,0,,,0,,,0,1511.0,1511.0,1,,,0,1508.5,1508.5,1,,,0,,,0,,,0,,,0,,,0,,,0,,,0,,,0,,,0,,,0,1508.5,1508.5,baghdad_generic,,,0
2024-03-03,,,0,,,0,1504.0,1504.0,1,,,0,,,0,,,0,,,0,,,0,,,0,1507.0,1507.0,1,,,0,1504.0,1504.0,1,,,0,,,0,,,0,,,0,,,0,,,0,,,0,,,0,,,0,,,0,1504.0,1504.0,baghdad_generic,,,0
2024-03-05,,,0,,,0,1499.0,1499.0,1,,,0,,,0,,,0,,,0,,,0,,,0,,,0,,,0,,,0,,,0,,,0,,,0,,,0,,,0,,,0,,,0,,,0,,,0,,,0,1499.0,1499.0,baghdad_generic,,,0
2024-03-06,,,0,,,0,1506.0,1506.0,1,,,0,,,0,,,0,,,0,,,0,,,0,1509.0,1509.0,1,,,0,1505.5,1505.5,1,,,0,,,0,,,0,,,0,,,0,,,0,,,0,,,0,,,0,,,0,1506.0,1506.0,baghdad_generic,,,0
2024-03-07,,,0,,,0,1501.5,1501.5,1,,,0,,,0,,,0,,,0,,,0,,,0,1507.0,1507.0,1,,,0,1502.0,1502.0,1,,,0,,,0,,,0,,,0,,,0,,,0,,,0,,,0,,,0,,,0,1501.5,1501.5,baghdad_generic,,,0
2024-03-10,,,0,,,0,1500.0,1500.0,1,,,0,,,0,,,0,,,0,,,0,,,0,1502.0,1502.0,1,,,0,1500.0,1500.0,1,,,0,,,0,,,0,,,0,,,0,,,0,,,0,,,0,,,0,,,0,1500.0,1500.0,baghdad_generic,,,0
2024-03-11,,,0,,,0,1504.5,1504.5,1,,,0,,,0,,,0,,,0,,,0,,,0,1503.0,1503.0,1,,,0,1505.0,1505.0,1,,,0,,,0,,,0,,,0,,,0,,,0,,,0,,,0,,,0,,,0,1504.5,1504.5,baghdad_generic,,,0
2024-03-12,,,0,,,0,1503.0,1503.0,1,,,0,,,0,,,0,,,0,,,0,,,0,,,0,,,0,1504.5,1504.5,1,,,0,,,0,,,0,,,0,,,0,,,0,,,0,,,0,,,0,,,0,1503.0,1503.0,baghdad_generic,,,0
2024-03-13,,,0,,,0,1502.0,1502.0,1,,,0,,,0,,,0,,,0,,,0,,,0,,,0,,,0,1501.0,1501.0,1,,,0,,,0,,,0,,,0,,,0,,,0,,,0,,,0,,,0,,,0,1502.0,1502.0,baghdad_generic,,,0
2024-03-14,,,0,,,0,1502.5,1502.5,1,,,0,,,0,,,0,,,0,,,0,,,0,,,0,,,0,,,0,,,0,,,0,,,0,,,0,,,0,,,0,,,0,,,0,,,0,,,0,1502.5,1502.5,baghdad_generic,,,0
2024-03-17,,,0,,,0,1498.0,1496.0,2,,,0,,,0,,,0,,,0,,,0,,,0,1501.0,1501.0,1,,,0,1500.0,1500.0,1,,,0,,,0,,,0,,,0,,,0,,,0,,,0,,,0,,,0,,,0,1498.0,1496.0,baghdad_generic,,,0
2024-03-19,,,0,,,0,1495.0,1497.5,2,,,0,,,0,,,0,,,0,,,0,,,0,1496.0,1496.0,1,,,0,1496.0,1496.0,1,,,0,,,0,,,0,,,0,,,0,,,0,,,0,,,0,,,0,,,0,1495.0,1497.5,baghdad_generic,,,0
2024-03-20,,,0,,,0,1498.0,1497.0,2,,,0,,,0,,,0,,,0,,,0,,,0,1497.0,1497.0,1,,,0,1499.0,1499.0,1,,,0,,,0,,,0,,,0,,,0,,,0,,,0,,,0,,,0,,,0,1498.0,1497.0,baghdad_generic,,,0
2024-03-21,,,0,,,0,1496.0,1496.0,1,,,0,,,0,,,0,,,0,,,0,,,0,1498.0,1498.0,1,,,0,1499.0,1499.0,1,,,0,,,0,,,0,,,0,,,0,,,0,,,0,,,0,,,0,,,0,1496.0,1496.0,baghdad_generic,,,0
2024-03-24,,,0,,,0,1482.5,1475.5,2,,,0,,,0,,,0,,,0,,,0,,,0,1489.5,1480.0,2,,,0,1486.5,1479.5,2,,,0,,,0,,,0,,,0,,,0,,,0,,,0,,,0,,,0,,,0,1482.5,1475.5,baghdad_generic,,,0
2024-03-25,,,0,,,0,1473.5,1474.0,2,,,0,,,0,,,0,,,0,,,0,,,0,1485.0,1485.0,1,,,0,1473.0,1473.0,1,,,0,,,0,,,0,,,0,,,0,,,0,,,0,,,0,,,0,,,0,1473.5,1474.0,baghdad_generic,,,0
2024-03-26,,,0,,,0,1477.5,1477.5,1,,,0,,,0,,,0,,,0,,,0,,,0,1477.0,1477.0,1,,,0,1476.0,1476.0,1,,,0,,,0,,,0,,,0,,,0,,,0,,,0,,,0,,,0,,,0,1477.5,1477.5,baghdad_generic,,,0
2024-03-27,,,0,,,0,1479.0,1473.0,2,,,0,,,0,,,0,,,0,,,0,,,0,1481.0,1481.0,1,,,0,1478.0,1478.0,1,,,0,,,0,,,0,,,0,,,0,,,0,,,0,,,0,,,0,,,0,1479.0,1473.0,baghdad_generic,,,0
2024-03-28,,,0,,,0,1469.0,1469.0,1,,,0,,,0,,,0,,,0,,,0,,,0,1474.5,1474.5,1,,,0,1467.0,1467.0,1,,,0,,,0,,,0,,,0,,,0,,,0,,,0,,,0,,,0,,,0,1469.0,1469.0,baghdad_generic,,,0
2024-03-31,,,0,,,0,1469.5,1469.5,1,,,0,,,0,,,0,,,0,,,0,,,0,1471.0,1471.0,1,,,0,1466.5,1466.5,1,,,0,,,0,,,0,,,0,,,0,,,0,,,0,,,0,,,0,,,0,1469.5,1469.5,baghdad_generic,,,0
2024-04-01,,,0,,,0,1471.0,1471.0,1,,,0,,,0,,,0,,,0,,,0,,,0,1471.5,1471.5,1,,,0,1468.5,1468.5,1,,,0,,,0,,,0,,,0,,,0,,,0,,,0,,,0,,,0,,,0,1471.0,1471.0,baghdad_generic,,,0
2024-04-02,,,0,,,0,1473.5,1473.5,1,,,0,,,0,,,0,,,0,,,0,,,0,1472.5,1472.5,1,,,0,1471.5,1471.5,1,,,0,,,0,,,0,,,0,,,0,,,0,,,0,,,0,,,0,,,0,1473.5,1473.5,baghdad_generic,,,0
2024-04-03,,,0,,,0,1473.0,1473.0,1,,,0,,,0,,,0,,,0,,,0,,,0,1475.0,1475.0,1,,,0,1475.0,1475.0,1,,,0,,,0,,,0,,,0,,,0,,,0,,,0,,,0,,,0,,,0,1473.0,1473.0,baghdad_generic,,,0
2024-04-04,,,0,,,0,1473.0,1473.0,1,,,0,,,0,,,0,,,0,,,0,,,0,1473.5,1473.5,1,,,0,1470.0,1470.0,1,,,0,,,0,,,0,,,0,,,0,,,0,,,0,,,0,,,0,,,0,1473.0,1473.0,baghdad_generic,,,0
2024-04-07,,,0,,,0,1475.0,1475.0,1,,,0,,,0,,,0,,,0,,,0,,,0,1476.0,1476.0,1,,,0,1474.0,1474.0,1,,,0,,,0,,,0,,,0,,,0,,,0,,,0,,,0,,,0,,,0,1475.0,1475.0,baghdad_generic,,,0
2024-04-08,,,0,,,0,1479.0,1479.0,1,,,0,,,0,,,0,,,0,,,0,,,0,1481.5,1481.5,1,,,0,1480.0,1480.0,1,,,0,,,0,,,0,,,0,,,0,,,0,,,0,,,0,,,0,,,0,1479.0,1479.0,baghdad_generic,,,0
2024-04-09,,,0,,,0,1480.0,1480.0,1,,,0,,,0,,,0,,,0,,,0,,,0,1483.0,1483.0,1,,,0,1481.5,1481.5,1,,,0,,,0,,,0,,,0,,,0,,,0,,,0,,,0,,,0,,,0,1480.0,1480.0,baghdad_generic,,,0
2024-04-14,,,0,,,0,1489.0,1489.0,1,,,0,,,0,,,0,,,0,,,0,,,0,,,0,,,0,1489.0,1489.0,1,,,0,,,0,,,0,,,0,,,0,,,0,,,0,,,0,,,0,,,0,1489.0,1489.0,baghdad_generic,,,0
2024-04-15,,,0,,,0,1483.5,1483.5,1,,,0,,,0,,,0,,,0,,,0,,,0,1485.0,1485.0,1,,,0,1485.5,1485.5,1,,,0,,,0,,,0,,,0,,,0,,,0,,,0,,,0,,,0,,,0,1483.5,1483.5,baghdad_generic,,,0
2024-04-16,,,0,,,0,1485.0,1485.0,1,,,0,,,0,,,0,,,0,,,0,,,0,,,0,,,0,1487.5,1487.5,1,,,0,,,0,,,0,,,0,,,0,,,0,,,0,,,0,,,0,,,0,1485.0,1485.0,baghdad_generic,,,0
2024-04-17,,,0,,,0,1484.0,1484.0,1,,,0,,,0,,,0,,,0,,,0,,,0,1485.0,1485.0,1,,,0,1486.0,1486.0,1,,,0,,,0,,,0,,,0,,,0,,,0,,,0,,,0,,,0,,,0,1484.0,1484.0,baghdad_generic,,,0
2024-04-18,,,0,,,0,1479.5,1479.5,1,,,0,,,0,,,0,,,0,,,0,,,0,1480.0,1480.0,1,,,0,1479.0,1479.0,1,,,0,,,0,,,0,,,0,,,0,,,0,,,0,,,0,,,0,,,0,1479.5,1479.5,baghdad_generic,,,0
2024-04-21,,,0,,,0,1473.0,1473.0,1,,,0,,,0,,,0,,,0,,,0,,,0,1472.5,1472.5,1,,,0,1473.0,1473.0,1,,,0,,,0,,,0,,,0,,,0,,,0,,,0,,,0,,,0,,,0,1473.0,1473.0,baghdad_generic,,,0
2024-04-22,,,0,,,0,1474.0,1474.0,1,,,0,,,0,,,0,,,0,,,0,,,0,,,0,,,0,,,0,,,0,,,0,,,0,,,0,,,0,,,0,,,0,,,0,,,0,,,0,1474.0,1474.0,baghdad_generic,,,0
2024-04-23,,,0,,,0,1472.0,1472.0,1,,,0,,,0,,,0,,,0,,,0,,,0,1472.5,1472.5,1,,,0,,,0,,,0,,,0,,,0,,,0,,,0,,,0,,,0,,,0,,,0,,,0,1472.0,1472.0,baghdad_generic,,,0
2024-04-24,,,0,,,0,1467.0,1467.0,1,,,0,,,0,,,0,,,0,,,0,,,0,,,0,,,0,1469.0,1469.0,1,,,0,,,0,,,0,,,0,,,0,,,0,,,0,,,0,,,0,,,0,1467.0,1467.0,baghdad_generic,,,0
2024-04-25,,,0,,,0,1463.0,1463.0,1,,,0,,,0,,,0,,,0,,,0,,,0,1463.0,1463.0,1,,,0,1466.5,1466.5,1,,,0,,,0,,,0,,,0,,,0,,,0,,,0,,,0,,,0,,,0,1463.0,1463.0,baghdad_generic,,,0
2024-04-29,,,0,,,0,1451.0,1451.0,1,,,0,,,0,,,0,,,0,,,0,,,0,,,0,,,0,,,0,,,0,,,0,,,0,,,0,,,0,,,0,,,0,,,0,,,0,,,0,1451.0,1451.0,baghdad_generic,,,0
2024-04-30,,,0,,,0,1459.0,1459.0,1,,,0,,,0,,,0,,,0,,,0,,,0,,,0,,,0,,,0,,,0,,,0,,,0,,,0,,,0,,,0,,,0,,,0,,,0,,,0,1459.0,1459.0,baghdad_generic,,,0
2024-05-01,,,0,,,0,1457.5,1457.5,1,,,0,,,0,,,0,,,0,,,0,,,0,1459.0,1459.0,1,,,0,1457.0,1457.0,1,,,0,,,0,,,0,,,0,,,0,,,0,,,0,,,0,,,0,,,0,1457.5,1457.5,baghdad_generic,,,0
2024-05-02,,,0,,,0,1457.5,1457.5,1,,,0,,,0,,,0,,,0,,,0,,,0,1458.0,1458.0,1,,,0,1457.0,1457.0,1,,,0,,,0,,,0,,,0,,,0,,,0,,,0,,,0,,,0,,,0,1457.5,1457.5,baghdad_generic,,,0
2024-05-05,,,0,,,0,1456.0,1456.0,1,,,0,,,0,,,0,,,0,,,0,,,0,1457.0,1457.0,1,,,0,1455.5,1455.5,1,,,0,,,0,,,0,,,0,,,0,,,0,,,0,,,0,,,0,,,0,1456.0,1456.0,baghdad_generic,,,0
2024-05-06,,,0,,,0,1454.0,1454.0,1,,,0,,,0,,,0,,,0,,,0,,,0,1455.5,1455.5,1,,,0,1452.0,1452.0,1,,,0,,,0,,,0,,,0,,,0,,,0,,,0,,,0,,,0,,,0,1454.0,1454.0,baghdad_generic,,,0
2024-05-07,,,0,,,0,1456.5,1456.5,1,,,0,,,0,,,0,,,0,,,0,,,0,1457.5,1457.5,1,,,0,1455.0,1455.0,1,,,0,,,0,,,0,,,0,,,0,,,0,,,0,,,0,,,0,,,0,1456.5,1456.5,baghdad_generic,,,0
2024-05-08,,,0,,,0,1455.0,1455.0,1,,,0,,,0,,,0,,,0,,,0,,,0,1456.0,1456.0,1,,,0,1454.5,1454.5,1,,,0,,,0,,,0,,,0,,,0,,,0,,,0,,,0,,,0,,,0,1455.0,1455.0,baghdad_generic,,,0
2024-05-09,,,0,,,0,1460.5,1460.5,1,,,0,,,0,,,0,,,0,,,0,,,0,1460.0,1460.0,1,,,0,1460.0,1460.0,1,,,0,,,0,,,0,,,0,,,0,,,0,,,0,,,0,,,0,,,0,1460.5,1460.5,baghdad_generic,,,0
2024-05-12,,,0,,,0,1458.0,1458.0,1,,,0,,,0,,,0,,,0,,,0,,,0,1457.5,1457.5,1,,,0,1457.0,1457.0,1,,,0,,,0,,,0,,,0,,,0,,,0,,,0,,,0,,,0,,,0,1458.0,1458.0,baghdad_generic,,,0
2024-05-13,,,0,,,0,1458.0,1458.0,1,,,0,,,0,,,0,,,0,,,0,,,0,1457.5,1457.5,1,,,0,1456.0,1456.0,1,,,0,,,0,,,0,,,0,,,0,,,0,,,0,,,0,,,0,,,0,1458.0,1458.0,baghdad_generic,,,0
2024-05-14,,,0,,,0,1459.5,1459.5,1,,,0,,,0,,,0,,,0,,,0,,,0,,,0,,,0,,,0,,,0,,,0,,,0,,,0,,,0,,,0,,,0,,,0,,,0,,,0,1459.5,1459.5,baghdad_generic,,,0
2024-05-15,,,0,,,0,1458.5,1458.5,1,,,0,,,0,,,0,,,0,,,0,,,0,1459.0,1459.0,1,,,0,1457.5,1457.5,1,,,0,,,0,,,0,,,0,,,0,,,0,,,0,,,0,,,0,,,0,1458.5,1458.5,baghdad_generic,,,0
2024-05-16,,,0,,,0,1459.5,1459.5,1,,,0,,,0,,,0,,,0,,,0,,,0,1459.5,1459.5,1,,,0,1458.0,1458.0,1,,,0,,,0,,,0,,,0,,,0,,,0,,,0,,,0,,,0,,,0,1459.5,1459.5,baghdad_generic,,,0
2024-05-19,,,0,,,0,1458.0,1458.0,1,,,0,,,0,,,0,,,0,,,0,,,0,1457.5,1457.5,1,,,0,1456.0,1456.0,1,,,0,,,0,,,0,,,0,,,0,,,0,,,0,,,0,,,0,,,0,1458.0,1458.0,baghdad_generic,,,0
2024-05-20,,,0,,,0,1456.5,1456.5,1,,,0,,,0,,,0,,,0,,,0,,,0,1456.5,1456.5,1,,,0,1454.5,1454.5,1,,,0,,,0,,,0,,,0,,,0,,,0,,,0,,,0,,,0,,,0,1456.5,1456.5,baghdad_generic,,,0
2024-05-22,,,0,,,0,1457.5,1457.5,1,,,0,,,0,,,0,,,0,,,0,,,0,1459.0,1459.0,1,,,0,1455.0,1455.0,1,,,0,,,0,,,0,,,0,,,0,,,0,,,0,,,0,,,0,,,0,1457.5,1457.5,baghdad_generic,,,0
2024-05-26,,,0,,,0,1455.0,1454.5,2,,,0,,,0,,,0,,,0,,,0,,,0,1455.0,1455.0,1,,,0,1452.5,1452.5,1,,,0,,,0,,,0,,,0,,,0,,,0,,,0,,,0,,,0,,,0,1455.0,1454.5,baghdad_generic,,,0
2024-05-27,,,0,,,0,1450.0,1450.0,1,,,0,,,0,,,0,,,0,,,0,,,0,1451.0,1451.0,1,,,0,1448.0,1448.0,1,,,0,,,0,,,0,,,0,,,0,,,0,,,0,,,0,,,0,,,0,1450.0,1450.0,baghdad_generic,,,0
2024-05-28,,,0,,,0,1448.0,1448.0,1,,,0,,,0,,,0,,,0,,,0,,,0,1448.5,1448.5,1,,,0,1447.0,1447.0,1,,,0,,,0,,,0,,,0,,,0,,,0,,,0,,,0,,,0,,,0,1448.0,1448.0,baghdad_generic,,,0
2024-05-29,,,0,,,0,1449.0,1449.0,2,,,0,,,0,,,0,,,0,,,0,,,0,1450.0,1449.0,2,,,0,1447.5,1447.5,1,,,0,,,0,,,0,,,0,,,0,,,0,,,0,,,0,,,0,,,0,1449.0,1449.0,baghdad_generic,,,0
2024-05-30,,,0,,,0,1451.0,1451.0,2,,,0,,,0,,,0,,,0,,,0,,,0,1451.0,1451.0,1,,,0,1449.5,1451.5,2,,,0,,,0,,,0,,,0,,,0,,,0,,,0,,,0,,,0,,,0,1451.0,1451.0,baghdad_generic,,,0
2024-06-02,,,0,,,0,1450.5,1450.5,1,,,0,,,0,,,0,,,0,,,0,,,0,1450.0,1450.0,1,,,0,1449.0,1449.0,1,,,0,,,0,,,0,,,0,,,0,,,0,,,0,,,0,,,0,,,0,1450.5,1450.5,baghdad_generic,,,0
2024-06-03,,,0,,,0,1458.0,1458.0,1,,,0,,,0,,,0,,,0,,,0,,,0,1456.0,1456.0,1,,,0,1458.0,1458.0,1,,,0,,,0,,,0,,,0,,,0,,,0,,,0,,,0,,,0,,,0,1458.0,1458.0,baghdad_generic,,,0
2024-06-04,,,0,,,0,1455.0,1455.0,1,,,0,,,0,,,0,,,0,,,0,,,0,1456.5,1456.5,1,,,0,1453.5,1453.5,1,,,0,,,0,,,0,,,0,,,0,,,0,,,0,,,0,,,0,,,0,1455.0,1455.0,baghdad_generic,,,0
2024-06-05,,,0,,,0,1456.5,1456.5,1,,,0,,,0,,,0,,,0,,,0,,,0,,,0,,,0,,,0,,,0,,,0,,,0,,,0,,,0,,,0,,,0,,,0,,,0,,,0,1456.5,1456.5,baghdad_generic,,,0
2024-06-06,,,0,,,0,1460.0,1460.0,1,,,0,,,0,,,0,,,0,,,0,,,0,,,0,,,0,,,0,,,0,,,0,,,0,,,0,,,0,,,0,,,0,,,0,,,0,,,0,1460.0,1460.0,baghdad_generic,,,0
2024-06-09,,,0,,,0,1465.5,1465.5,1,,,0,,,0,,,0,,,0,,,0,,,0,1466.0,1466.0,1,,,0,1465.0,1465.0,1,,,0,,,0,,,0,,,0,,,0,,,0,,,0,,,0,,,0,,,0,1465.5,1465.5,baghdad_generic,,,0
2024-06-10,,,0,,,0,1469.0,1469.0,1,,,0,,,0,,,0,,,0,,,0,,,0,,,0,,,0,,,0,,,0,,,0,,,0,,,0,,,0,,,0,,,0,,,0,,,0,,,0,1469.0,1469.0,baghdad_generic,,,0
2024-06-11,,,0,,,0,1476.5,1476.5,1,,,0,,,0,,,0,,,0,,,0,,,0,1474.5,1474.5,1,,,0,1475.5,1475.5,1,,,0,,,0,,,0,,,0,,,0,,,0,,,0,,,0,,,0,,,0,1476.5,1476.5,baghdad_generic,,,0
2024-06-12,,,0,,,0,1469.0,1469.0,1,,,0,,,0,,,0,,,0,,,0,,,0,,,0,,,0,,,0,,,0,,,0,,,0,,,0,,,0,,,0,,,0,,,0,,,0,,,0,1469.0,1469.0,baghdad_generic,,,0
2024-06-13,,,0,,,0,1466.0,1466.0,1,,,0,,,0,,,0,,,0,,,0,,,0,,,0,,,0,,,0,,,0,,,0,,,0,,,0,,,0,,,0,,,0,,,0,,,0,,,0,1466.0,1466.0,baghdad_generic,,,0
2024-06-23,,,0,,,0,1468.0,1468.0,1,,,0,,,0,,,0,,,0,,,0,,,0,1467.0,1467.0,1,,,0,1468.75,1468.75,1,,,0,,,0,,,0,,,0,,,0,,,0,,,0,,,0,,,0,,,0,1468.0,1468.0,baghdad_generic,,,0
2024-06-24,,,0,,,0,1474.5,1474.5,1,,,0,,,0,,,0,,,0,,,0,,,0,1474.0,1474.0,1,,,0,1480.5,1480.5,1,,,0,,,0,,,0,,,0,,,0,,,0,,,0,,,0,,,0,,,0,1474.5,1474.5,baghdad_generic,,,0
2024-06-25,,,0,,,0,1474.5,1474.5,1,,,0,,,0,,,0,,,0,,,0,,,0,1474.5,1474.5,1,,,0,1476.0,1476.0,1,,,0,,,0,,,0,,,0,,,0,,,0,,,0,,,0,,,0,,,0,1474.5,1474.5,baghdad_generic,,,0
2024-06-26,,,0,,,0,1473.5,1473.5,1,,,0,,,0,,,0,,,0,,,0,,,0,1472.0,1472.0,1,,,0,1471.5,1471.5,1,,,0,,,0,,,0,,,0,,,0,,,0,,,0,,,0,,,0,,,0,1473.5,1473.5,baghdad_generic,,,0
2024-06-27,,,0,,,0,1471.0,1471.0,1,,,0,,,0,,,0,,,0,,,0,,,0,1469.0,1469.0,1,,,0,1472.0,1472.0,1,,,0,,,0,,,0,,,0,,,0,,,0,,,0,,,0,,,0,,,0,1471.0,1471.0,baghdad_generic,,,0
2024-06-30,,,0,,,0,1473.5,1473.5,1,,,0,,,0,,,0,,,0,,,0,,,0,1472.5,1472.5,1,,,0,1476.0,1476.0,1,,,0,,,0,,,0,,,0,,,0,,,0,,,0,,,0,,,0,,,0,1473.5,1473.5,baghdad_generic,,,0
2024-07-01,,,0,,,0,1480.0,1480.0,1,,,0,,,0,,,0,,,0,,,0,,,0,1477.5,1477.5,1,,,0,1482.0,1482.0,1,,,0,,,0,,,0,,,0,,,0,,,0,,,0,,,0,,,0,,,0,1480.0,1480.0,baghdad_generic,,,0
2024-07-02,,,0,,,0,1480.0,1480.0,1,,,0,,,0,,,0,,,0,,,0,,,0,1478.0,1478.0,1,,,0,1481.0,1481.0,1,,,0,,,0,,,0,,,0,,,0,,,0,,,0,,,0,,,0,,,0,1480.0,1480.0,baghdad_generic,,,0
2024-07-03,,,0,,,0,1487.0,1487.0,1,,,0,,,0,,,0,,,0,,,0,,,0,1485.0,1485.0,1,,,0,1488.5,1488.5,1,,,0,,,0,,,0,,,0,,,0,,,0,,,0,,,0,,,0,,,0,1487.0,1487.0,baghdad_generic,,,0
2024-07-04,,,0,,,0,1492.0,1492.0,1,,,0,,,0,,,0,,,0,,,0,,,0,1490.0,1490.0,1,,,0,1492.5,1492.5,1,,,0,,,0,,,0,,,0,,,0,,,0,,,0,,,0,,,0,,,0,1492.0,1492.0,baghdad_generic,,,0
2024-07-07,,,0,,,0,1488.5,1489.0,2,,,0,,,0,,,0,,,0,,,0,,,0,1487.0,1487.0,1,,,0,1489.0,1489.0,1,,,0,,,0,,,0,,,0,,,0,,,0,,,0,,,0,,,0,,,0,1488.5,1489.0,baghdad_generic,,,0
2024-07-08,,,0,,,0,1499.5,1499.5,1,,,0,,,0,,,0,,,0,,,0,,,0,1498.0,1498.0,1,,,0,1498.0,1498.0,1,,,0,,,0,,,0,,,0,,,0,,,0,,,0,,,0,,,0,,,0,1499.5,1499.5,baghdad_generic,,,0
2024-07-09,,,0,,,0,1508.0,1508.0,1,,,0,,,0,,,0,,,0,,,0,,,0,1508.0,1508.0,1,,,0,1500.0,1500.0,1,,,0,,,0,,,0,,,0,,,0,,,0,,,0,,,0,,,0,,,0,1508.0,1508.0,baghdad_generic,,,0
2024-07-10,,,0,,,0,1500.0,1500.0,1,,,0,,,0,,,0,,,0,,,0,,,0,1497.0,1497.0,1,,,0,1498.0,1498.0,1,,,0,,,0,,,0,,,0,,,0,,,0,,,0,,,0,,,0,,,0,1500.0,1500.0,baghdad_generic,,,0
2024-07-14,,,0,,,0,1489.5,1489.5,1,,,0,,,0,,,0,,,0,,,0,,,0,1490.0,1490.0,1,,,0,1491.0,1491.0,1,,,0,,,0,,,0,,,0,,,0,,,0,,,0,,,0,,,0,,,0,1489.5,1489.5,baghdad_generic,,,0
2024-07-15,,,0,,,0,1489.0,1488.0,2,,,0,,,0,,,0,,,0,,,0,,,0,1489.0,1489.0,1,,,0,1492.0,1492.0,1,,,0,,,0,,,0,,,0,,,0,,,0,,,0,,,0,,,0,,,0,1489.0,1488.0,baghdad_generic,,,0
2024-07-16,,,0,,,0,1493.0,1493.0,1,,,0,,,0,,,0,,,0,,,0,,,0,1492.0,1492.0,1,,,0,1495.5,1495.5,1,,,0,,,0,,,0,,,0,,,0,,,0,,,0,,,0,,,0,,,0,1493.0,1493.0,baghdad_generic,,,0
2024-07-18,,,0,,,0,1490.0,1490.0,1,,,0,,,0,,,0,,,0,,,0,,,0,,,0,,,0,,,0,,,0,,,0,,,0,,,0,,,0,,,0,,,0,,,0,,,0,,,0,1490.0,1490.0,baghdad_generic,,,0
2024-07-21,,,0,,,0,1490.0,1490.0,1,,,0,,,0,,,0,,,0,,,0,,,0,1489.0,1489.0,1,,,0,1493.5,1493.5,1,,,0,,,0,,,0,,,0,,,0,,,0,,,0,,,0,,,0,,,0,1490.0,1490.0,baghdad_generic,,,0
2024-07-22,,,0,,,0,1494.0,1494.0,1,,,0,,,0,,,0,,,0,,,0,,,0,1491.5,1491.5,1,,,0,1496.0,1496.0,1,,,0,,,0,,,0,,,0,,,0,,,0,,,0,,,0,,,0,,,0,1494.0,1494.0,baghdad_generic,,,0
2024-07-23,,,0,,,0,1494.0,1494.0,1,,,0,,,0,,,0,,,0,,,0,,,0,1492.5,1492.5,1,,,0,1496.0,1496.0,1,,,0,,,0,,,0,,,0,,,0,,,0,,,0,,,0,,,0,,,0,1494.0,1494.0,baghdad_generic,,,0
2024-07-24,,,0,,,0,1497.0,1496.0,2,,,0,,,0,,,0,,,0,,,0,,,0,1496.0,1496.0,1,,,0,1497.5,1497.5,1,,,0,,,0,,,0,,,0,,,0,,,0,,,0,,,0,,,0,,,0,1497.0,1496.0,baghdad_generic,,,0
2024-07-25,,,0,,,0,1494.5,1494.5,1,,,0,,,0,,,0,,,0,,,0,,,0,1494.0,1494.0,1,,,0,1497.5,1497.5,1,,,0,,,0,,,0,,,0,,,0,,,0,,,0,,,0,,,0,,,0,1494.5,1494.5,baghdad_generic,,,0
2024-07-28,,,0,,,0,1492.5,1492.5,1,,,0,,,0,,,0,,,0,,,0,,,0,1491.5,1491.5,1,,,0,1495.0,1495.0,1,,,0,,,0,,,0,,,0,,,0,,,0,,,0,,,0,,,0,,,0,1492.5,1492.5,baghdad_generic,,,0
2024-07-29,,,0,,,0,1491.5,1491.5,1,,,0,,,0,,,0,,,0,,,0,,,0,1491.5,1491.5,1,,,0,1493.5,1493.5,1,,,0,,,0,,,0,,,0,,,0,,,0,,,0,,,0,,,0,,,0,1491.5,1491.5,baghdad_generic,,,0
2024-07-30,,,0,,,0,1489.0,1489.0,1,,,0,,,0,,,0,,,0,,,0,,,0,1486.5,1486.5,1,,,0,1491.0,1491.0,1,,,0,,,0,,,0,,,0,,,0,,,0,,,0,,,0,,,0,,,0,1489.0,1489.0,baghdad_generic,,,0
2024-07-31,,,0,,,0,1491.0,1491.0,1,,,0,,,0,,,0,,,0,,,0,,,0,1490.0,1490.0,1,,,0,1494.5,1494.5,1,,,0,,,0,,,0,,,0,,,0,,,0,,,0,,,0,,,0,,,0,1491.0,1491.0,baghdad_generic,,,0
2024-08-01,,,0,,,0,1494.0,1494.0,1,,,0,,,0,,,0,,,0,,,0,,,0,1492.5,1492.5,1,,,0,1496.5,1496.5,1,,,0,,,0,,,0,,,0,,,0,,,0,,,0,,,0,,,0,,,0,1494.0,1494.0,baghdad_generic,,,0
2024-08-04,,,0,,,0,1498.0,1498.0,1,,,0,,,0,,,0,,,0,,,0,,,0,,,0,,,0,,,0,,,0,,,0,,,0,,,0,,,0,,,0,,,0,,,0,,,0,,,0,1498.0,1498.0,baghdad_generic,,,0
2024-08-05,,,0,,,0,1499.5,1499.5,1,,,0,,,0,,,0,,,0,,,0,,,0,1498.5,1498.5,1,,,0,1499.0,1499.0,1,,,0,,,0,,,0,,,0,,,0,,,0,,,0,,,0,,,0,,,0,1499.5,1499.5,baghdad_generic,,,0
2024-08-06,,,0,,,0,1497.0,1497.0,1,,,0,,,0,,,0,,,0,,,0,,,0,1497.0,1497.0,1,,,0,1497.5,1497.5,1,,,0,,,0,,,0,,,0,,,0,,,0,,,0,,,0,,,0,,,0,1497.0,1497.0,baghdad_generic,,,0
2024-08-07,,,0,,,0,1500.0,1500.0,1,,,0,,,0,,,0,,,0,,,0,,,0,,,0,,,0,,,0,,,0,,,0,,,0,,,0,,,0,,,0,,,0,,,0,,,0,,,0,1500.0,1500.0,baghdad_generic,,,0
2024-08-08,,,0,,,0,1500.5,1500.5,1,,,0,,,0,,,0,,,0,,,0,,,0,,,0,,,0,,,0,,,0,,,0,,,0,,,0,,,0,,,0,,,0,,,0,,,0,,,0,1500.5,1500.5,baghdad_generic,,,0
2024-08-11,,,0,,,0,1495.0,1495.0,1,,,0,,,0,,,0,,,0,,,0,,,0,1496.0,1496.0,1,,,0,1496.0,1496.0,1,,,0,,,0,,,0,,,0,,,0,,,0,,,0,,,0,,,0,,,0,1495.0,1495.0,baghdad_generic,,,0
2024-08-12,,,0,,,0,1498.5,1498.5,1,,,0,,,0,,,0,,,0,,,0,,,0,1496.5,1496.5,1,,,0,1499.0,1499.0,1,,,0,,,0,,,0,,,0,,,0,,,0,,,0,,,0,,,0,,,0,1498.5,1498.5,baghdad_generic,,,0
2024-08-13,,,0,,,0,1498.5,1498.5,1,,,0,,,0,,,0,,,0,,,0,,,0,1498.5,1498.5,1,,,0,1500.0,1500.0,1,,,0,,,0,,,0,,,0,,,0,,,0,,,0,,,0,,,0,,,0,1498.5,1498.5,baghdad_generic,,,0
2024-08-14,,,0,,,0,1498.5,1498.5,1,,,0,,,0,,,0,,,0,,,0,,,0,,,0,,,0,,,0,,,0,,,0,,,0,,,0,,,0,,,0,,,0,,,0,,,0,,,0,1498.5,1498.5,baghdad_generic,,,0
2024-08-15,,,0,,,0,1498.0,1498.0,1,,,0,,,0,,,0,,,0,,,0,,,0,,,0,,,0,,,0,,,0,,,0,,,0,,,0,,,0,,,0,,,0,,,0,,,0,,,0,1498.0,1498.0,baghdad_generic,,,0
2024-08-18,,,0,,,0,1492.5,1492.5,1,,,0,,,0,,,0,,,0,,,0,,,0,1493.0,1493.0,1,,,0,1494.5,1494.5,1,,,0,,,0,,,0,,,0,,,0,,,0,,,0,,,0,,,0,,,0,1492.5,1492.5,baghdad_generic,,,0
2024-08-19,,,0,,,0,1491.0,1491.0,1,,,0,,,0,,,0,,,0,,,0,,,0,,,0,,,0,,,0,,,0,,,0,,,0,,,0,,,0,,,0,,,0,,,0,,,0,,,0,1491.0,1491.0,baghdad_generic,,,0
2024-08-20,,,0,,,0,1493.0,1493.0,1,,,0,,,0,,,0,,,0,,,0,,,0,,,0,,,0,,,0,,,0,,,0,,,0,,,0,,,0,,,0,,,0,,,0,,,0,,,0,1493.0,1493.0,baghdad_generic,,,0
2024-08-21,,,0,,,0,1494.0,1494.0,1,,,0,,,0,,,0,,,0,,,0,,,0,,,0,,,0,,,0,,,0,,,0,,,0,,,0,,,0,,,0,,,0,,,0,,,0,,,0,1494.0,1494.0,baghdad_generic,,,0
2024-08-25,,,0,,,0,1497.5,1497.5,1,,,0,,,0,,,0,,,0,,,0,,,0,,,0,,,0,,,0,,,0,,,0,,,0,,,0,,,0,,,0,,,0,,,0,,,0,,,0,1497.5,1497.5,baghdad_generic,,,0
2024-08-26,,,0,,,0,1491.5,1491.5,1,,,0,,,0,,,0,,,0,,,0,,,0,,,0,,,0,,,0,,,0,,,0,,,0,,,0,,,0,,,0,,,0,,,0,,,0,,,0,1491.5,1491.5,baghdad_generic,,,0
2024-08-28,,,0,,,0,1491.0,1491.0,1,,,0,,,0,,,0,,,0,,,0,,,0,,,0,,,0,,,0,,,0,,,0,,,0,,,0,,,0,,,0,,,0,,,0,,,0,,,0,1491.0,1491.0,baghdad_generic,,,0
2024-08-29,,,0,,,0,1492.5,1492.5,1,,,0,,,0,,,0,,,0,,,0,,,0,,,0,,,0,,,0,,,0,,,0,,,0,,,0,,,0,,,0,,,0,,,0,,,0,,,0,1492.5,1492.5,baghdad_generic,,,0
2024-09-01,,,0,,,0,1491.0,1491.0,1,,,0,,,0,,,0,,,0,,,0,,,0,,,0,,,0,,,0,,,0,,,0,,,0,,,0,,,0,,,0,,,0,,,0,,,0,,,0,1491.0,1491.0,baghdad_generic,,,0
2024-09-02,,,0,,,0,1493.0,1493.0,1,,,0,,,0,,,0,,,0,,,0,,,0,,,0,,,0,,,0,,,0,,,0,,,0,,,0,,,0,,,0,,,0,,,0,,,0,,,0,1493.0,1493.0,baghdad_generic,,,0
2024-09-03,,,0,,,0,1494.0,1494.0,1,,,0,,,0,,,0,,,0,,,0,,,0,,,0,,,0,,,0,,,0,,,0,,,0,,,0,,,0,,,0,,,0,,,0,,,0,,,0,1494.0,1494.0,baghdad_generic,,,0
2024-09-04,,,0,,,0,1494.5,1494.5,1,,,0,,,0,,,0,,,0,,,0,,,0,,,0,,,0,,,0,,,0,,,0,,,0,,,0,,,0,,,0,,,0,,,0,,,0,,,0,1494.5,1494.5,baghdad_generic,,,0
2024-09-05,,,0,,,0,1494.0,1494.0,1,,,0,,,0,,,0,,,0,,,0,,,0,,,0,,,0,,,0,,,0,,,0,,,0,,,0,,,0,,,0,,,0,,,0,,,0,,,0,1494.0,1494.0,baghdad_generic,,,0
2024-09-08,,,0,,,0,1496.0,1496.0,1,,,0,,,0,,,0,,,0,,,0,,,0,,,0,,,0,,,0,,,0,,,0,,,0,,,0,,,0,,,0,,,0,,,0,,,0,,,0,1496.0,1496.0,baghdad_generic,,,0
2024-09-09,,,0,,,0,1500.0,1500.0,1,,,0,,,0,,,0,,,0,,,0,,,0,,,0,,,0,,,0,,,0,,,0,,,0,,,0,,,0,,,0,,,0,,,0,,,0,,,0,1500.0,1500.0,baghdad_generic,,,0
2024-09-10,,,0,,,0,1499.5,1499.5,1,,,0,,,0,,,0,,,0,,,0,,,0,,,0,,,0,,,0,,,0,,,0,,,0,,,0,,,0,,,0,,,0,,,0,,,0,,,0,1499.5,1499.5,baghdad_generic,,,0
2024-09-11,,,0,,,0,1497.5,1497.5,1,,,0,,,0,,,0,,,0,,,0,,,0,,,0,,,0,,,0,,,0,,,0,,,0,,,0,,,0,,,0,,,0,,,0,,,0,,,0,1497.5,1497.5,baghdad_generic,,,0
2024-09-12,,,0,,,0,1498.0,1498.0,1,,,0,,,0,,,0,,,0,,,0,,,0,,,0,,,0,,,0,,,0,,,0,,,0,,,0,,,0,,,0,,,0,,,0,,,0,,,0,1498.0,1498.0,baghdad_generic,,,0
2024-09-15,,,0,,,0,1499.0,1499.0,1,,,0,,,0,,,0,,,0,,,0,,,0,,,0,,,0,,,0,,,0,,,0,,,0,,,0,,,0,,,0,,,0,,,0,,,0,,,0,1499.0,1499.0,baghdad_generic,,,0
2024-09-16,,,0,,,0,,,0,1499.5,1499.5,1,,,0,1499.0,1499.0,1,,,0,,,0,,,0,1498.5,1498.5,1,,,0,1500.0,1500.0,1,,,0,,,0,,,0,,,0,,,0,,,0,,,0,,,0,,,0,,,0,1499.0,1499.0,baghdad_kifah,,,0
2024-09-17,,,0,,,0,,,0,,,0,,,0,1501.0,1501.0,1,,,0,,,0,,,0,,,0,,,0,1503.0,1503.0,1,,,0,,,0,,,0,,,0,,,0,,,0,,,0,,,0,,,0,,,0,1501.0,1501.0,baghdad_kifah,,,0
2024-09-18,,,0,,,0,1499.5,1499.5,1,,,0,,,0,,,0,,,0,,,0,,,0,1499.0,1499.0,1,,,0,1500.0,1500.0,1,,,0,,,0,,,0,,,0,,,0,,,0,,,0,,,0,,,0,,,0,1499.5,1499.5,baghdad_generic,1495.0,1501.5,3
2024-09-19,,,0,,,0,1502.5,1502.5,1,,,0,,,0,,,0,,,0,,,0,,,0,1499.0,1499.0,1,,,0,1503.0,1503.0,1,,,0,,,0,,,0,,,0,,,0,,,0,,,0,,,0,,,0,,,0,1502.5,1502.5,baghdad_generic,1497.0,1499.0,3
2024-09-22,,,0,,,0,1502.0,1502.0,1,,,0,,,0,,,0,,,0,,,0,,,0,1500.0,1500.0,1,,,0,1500.5,1500.5,1,,,0,,,0,,,0,,,0,,,0,,,0,,,0,,,0,,,0,,,0,1502.0,1502.0,baghdad_generic,1495.0,1498.0,3
2024-09-23,,,0,,,0,1502.5,1502.5,1,,,0,,,0,,,0,,,0,,,0,,,0,1499.0,1499.0,1,,,0,1502.5,1502.5,1,,,0,,,0,,,0,,,0,,,0,,,0,,,0,,,0,,,0,,,0,1502.5,1502.5,baghdad_generic,1497.0,1500.0,3
2024-09-24,,,0,,,0,1502.5,1502.5,1,,,0,,,0,,,0,,,0,,,0,,,0,1500.0,1500.0,1,,,0,1503.5,1503.5,1,,,0,,,0,,,0,,,0,,,0,,,0,,,0,,,0,,,0,,,0,1502.5,1502.5,baghdad_generic,1497.0,1502.0,3
2024-09-25,,,0,,,0,1505.0,1505.0,1,,,0,,,0,,,0,,,0,,,0,,,0,1500.0,1500.0,1,,,0,1506.5,1506.5,1,,,0,,,0,,,0,,,0,,,0,,,0,,,0,,,0,,,0,,,0,1505.0,1505.0,baghdad_generic,1497.0,1504.0,3
2024-09-26,,,0,,,0,1515.0,1515.0,1,,,0,,,0,,,0,,,0,,,0,,,0,1517.5,1517.5,1,,,0,1518.5,1518.5,1,,,0,,,0,,,0,,,0,,,0,,,0,,,0,,,0,,,0,,,0,1515.0,1515.0,baghdad_generic,1505.0,1516.0,3
2024-09-29,,,0,,,0,1525.0,1525.0,1,,,0,,,0,,,0,,,0,,,0,,,0,1505.0,1505.0,1,,,0,1517.0,1517.0,1,,,0,,,0,,,0,,,0,,,0,,,0,,,0,,,0,,,0,,,0,1525.0,1525.0,baghdad_generic,1500.0,1516.5,3
2024-09-30,,,0,,,0,1520.0,1520.0,1,,,0,,,0,,,0,,,0,,,0,,,0,1517.5,1517.5,1,,,0,1517.5,1517.5,1,,,0,,,0,,,0,,,0,,,0,,,0,,,0,,,0,,,0,,,0,1520.0,1520.0,baghdad_generic,1515.0,1516.0,3
2024-10-01,,,0,,,0,1520.0,1520.0,1,,,0,,,0,,,0,,,0,,,0,,,0,1520.0,1520.0,1,,,0,1522.5,1522.5,1,,,0,,,0,,,0,,,0,,,0,,,0,,,0,,,0,,,0,,,0,1520.0,1520.0,baghdad_generic,1515.0,1518.0,3
2024-10-02,,,0,,,0,1532.5,1532.5,1,,,0,,,0,,,0,,,0,,,0,,,0,1535.0,1535.0,1,,,0,1537.5,1537.5,1,,,0,,,0,,,0,,,0,,,0,,,0,,,0,,,0,,,0,,,0,1532.5,1532.5,baghdad_generic,1512.5,1529.5,3
2024-10-03,,,0,,,0,1540.0,1540.0,1,,,0,,,0,,,0,,,0,,,0,,,0,1540.0,1540.0,1,,,0,1545.0,1545.0,1,,,0,,,0,,,0,,,0,,,0,,,0,,,0,,,0,,,0,,,0,1540.0,1540.0,baghdad_generic,1535.0,1537.5,3
2024-10-06,,,0,,,0,1542.5,1542.5,1,,,0,,,0,,,0,,,0,,,0,,,0,1540.0,1540.0,1,,,0,1545.0,1545.0,1,,,0,,,0,,,0,,,0,,,0,,,0,,,0,,,0,,,0,,,0,1542.5,1542.5,baghdad_generic,1530.0,1539.5,3
2024-10-07,,,0,,,0,1557.5,1557.5,1,,,0,,,0,,,0,,,0,,,0,,,0,1547.5,1547.5,1,,,0,1559.5,1559.5,1,,,0,,,0,,,0,,,0,,,0,,,0,,,0,,,0,,,0,,,0,1557.5,1557.5,baghdad_generic,1545.0,1556.0,3
2024-10-08,,,0,,,0,1542.5,1542.5,1,,,0,,,0,,,0,,,0,,,0,,,0,1537.5,1537.5,1,,,0,1542.5,1542.5,1,,,0,,,0,,,0,,,0,,,0,,,0,,,0,,,0,,,0,,,0,1542.5,1542.5,baghdad_generic,1532.5,1536.0,3
2024-10-09,,,0,,,0,1530.0,1530.0,1,,,0,,,0,,,0,,,0,,,0,,,0,1528.5,1528.5,1,,,0,1535.0,1535.0,1,,,0,,,0,,,0,,,0,,,0,,,0,,,0,,,0,,,0,,,0,1530.0,1530.0,baghdad_generic,1524.5,1530.0,3
2024-10-10,,,0,,,0,1545.0,1545.0,1,,,0,,,0,,,0,,,0,,,0,,,0,1535.0,1535.0,1,,,0,1538.0,1538.0,1,,,0,,,0,,,0,,,0,,,0,,,0,,,0,,,0,,,0,,,0,1545.0,1545.0,baghdad_generic,1532.5,1536.0,3
2024-10-13,,,0,,,0,1542.5,1542.5,1,,,0,,,0,,,0,,,0,,,0,,,0,1537.5,1537.5,1,,,0,1535.5,1535.5,1,,,0,,,0,,,0,,,0,,,0,,,0,,,0,,,0,,,0,,,0,1542.5,1542.5,baghdad_generic,1531.0,1535.0,3
2024-10-14,,,0,,,0,1535.0,1535.0,1,,,0,,,0,,,0,,,0,,,0,,,0,1530.0,1530.0,1,,,0,1532.5,1532.5,1,,,0,,,0,,,0,,,0,,,0,,,0,,,0,,,0,,,0,,,0,1535.0,1535.0,baghdad_generic,1517.5,1530.5,3
2024-10-15,,,0,,,0,1530.0,1530.0,1,,,0,,,0,,,0,,,0,,,0,,,0,1537.5,1537.5,1,,,0,1535.5,1535.5,1,,,0,,,0,,,0,,,0,,,0,,,0,,,0,,,0,,,0,,,0,1530.0,1530.0,baghdad_generic,1525.0,1533.5,3
2024-10-16,,,0,,,0,1530.0,1530.0,1,,,0,,,0,,,0,,,0,,,0,,,0,1530.0,1530.0,1,,,0,1537.5,1537.5,1,,,0,,,0,,,0,,,0,,,0,,,0,,,0,,,0,,,0,,,0,1530.0,1530.0,baghdad_generic,1522.5,1530.0,3
2024-10-17,,,0,,,0,1535.0,1535.0,1,,,0,,,0,,,0,,,0,,,0,,,0,1532.5,1532.5,1,,,0,1538.5,1538.5,1,,,0,,,0,,,0,,,0,,,0,,,0,,,0,,,0,,,0,,,0,1535.0,1535.0,baghdad_generic,1525.0,1533.5,3
2024-10-20,,,0,,,0,1535.0,1535.0,1,,,0,,,0,,,0,,,0,,,0,,,0,1527.5,1527.5,1,,,0,1528.5,1528.5,1,,,0,,,0,,,0,,,0,,,0,,,0,,,0,,,0,,,0,,,0,1535.0,1535.0,baghdad_generic,1517.5,1526.0,3
2024-10-21,,,0,,,0,1540.0,1540.0,1,,,0,,,0,,,0,,,0,,,0,,,0,1540.0,1540.0,1,,,0,1533.5,1533.5,1,,,0,,,0,,,0,,,0,,,0,,,0,,,0,,,0,,,0,,,0,1540.0,1540.0,baghdad_generic,1520.0,1531.0,3
2024-10-22,,,0,,,0,1535.0,1535.0,1,,,0,,,0,,,0,,,0,,,0,,,0,1525.0,1525.0,1,,,0,1537.5,1537.5,1,,,0,,,0,,,0,,,0,,,0,,,0,,,0,,,0,,,0,,,0,1535.0,1535.0,baghdad_generic,1522.5,1527.5,3
2024-10-23,,,0,,,0,1530.0,1530.0,1,,,0,,,0,,,0,,,0,,,0,,,0,1532.5,1532.5,1,,,0,1532.5,1532.5,1,,,0,,,0,,,0,,,0,,,0,,,0,,,0,,,0,,,0,,,0,1530.0,1530.0,baghdad_generic,1520.0,1528.5,3
2024-10-24,,,0,,,0,1532.5,1532.5,1,,,0,,,0,,,0,,,0,,,0,,,0,1532.5,1532.5,1,,,0,1532.5,1532.5,1,,,0,,,0,,,0,,,0,,,0,,,0,,,0,,,0,,,0,,,0,1532.5,1532.5,baghdad_generic,1525.0,1528.5,3
2024-10-27,,,0,,,0,1510.0,1510.0,1,,,0,,,0,,,0,,,0,,,0,,,0,1522.5,1522.5,1,,,0,1520.0,1520.0,1,,,0,,,0,,,0,,,0,,,0,,,0,,,0,,,0,,,0,,,0,1510.0,1510.0,baghdad_generic,1500.0,1515.0,3
2024-10-28,,,0,,,0,1510.0,1510.0,1,,,0,,,0,,,0,,,0,,,0,,,0,1510.0,1510.0,1,,,0,1512.5,1512.5,1,,,0,,,0,,,0,,,0,,,0,,,0,,,0,,,0,,,0,,,0,1510.0,1510.0,baghdad_generic,1497.5,1511.0,3
2024-10-29,,,0,,,0,1515.0,1515.0,1,,,0,,,0,,,0,,,0,,,0,,,0,1507.5,1507.5,1,,,0,1513.0,1513.0,1,,,0,,,0,,,0,,,0,,,0,,,0,,,0,,,0,,,0,,,0,1515.0,1515.0,baghdad_generic,1500.0,1510.0,3
2024-10-30,,,0,,,0,1517.5,1517.5,1,,,0,,,0,,,0,,,0,,,0,,,0,1506.0,1506.0,1,,,0,1510.0,1510.0,1,,,0,,,0,,,0,,,0,,,0,,,0,,,0,,,0,,,0,,,0,1517.5,1517.5,baghdad_generic,1501.0,1507.5,3
2024-10-31,,,0,,,0,1512.5,1512.5,1,,,0,,,0,,,0,,,0,,,0,,,0,1508.5,1508.5,1,,,0,1506.0,1506.0,1,,,0,,,0,,,0,,,0,,,0,,,0,,,0,,,0,,,0,,,0,1512.5,1512.5,baghdad_generic,1501.0,1503.5,3
2024-11-03,,,0,,,0,1517.5,1517.5,1,,,0,,,0,,,0,,,0,,,0,,,0,1505.0,1505.0,1,,,0,1515.0,1515.0,1,,,0,,,0,,,0,,,0,,,0,,,0,,,0,,,0,,,0,,,0,1517.5,1517.5,baghdad_generic,1495.0,1510.0,3
2024-11-04,,,0,,,0,1520.0,1520.0,1,,,0,,,0,,,0,,,0,,,0,,,0,1512.5,1512.5,1,,,0,1515.0,1515.0,1,,,0,,,0,,,0,,,0,,,0,,,0,,,0,,,0,,,0,,,0,1520.0,1520.0,baghdad_generic,1507.5,1512.5,3
2024-11-05,,,0,,,0,1512.5,1512.5,1,,,0,,,0,,,0,,,0,,,0,,,0,1512.5,1512.5,1,,,0,1515.0,1515.0,1,,,0,,,0,,,0,,,0,,,0,,,0,,,0,,,0,,,0,,,0,1512.5,1512.5,baghdad_generic,1502.5,1512.0,3
2024-11-06,,,0,,,0,1512.5,1512.5,1,,,0,,,0,,,0,,,0,,,0,,,0,1509.0,1509.0,1,,,0,1515.0,1515.0,1,,,0,,,0,,,0,,,0,,,0,,,0,,,0,,,0,,,0,,,0,1512.5,1512.5,baghdad_generic,1505.0,1511.0,3
2024-11-07,,,0,,,0,1517.5,1517.5,1,,,0,,,0,,,0,,,0,,,0,,,0,1510.0,1510.0,1,,,0,1520.0,1520.0,1,,,0,,,0,,,0,,,0,,,0,,,0,,,0,,,0,,,0,,,0,1517.5,1517.5,baghdad_generic,1503.0,1508.5,3
2024-11-10,,,0,,,0,1512.5,1512.5,1,,,0,,,0,,,0,,,0,,,0,,,0,1510.0,1510.0,1,,,0,1510.0,1510.0,1,,,0,,,0,,,0,,,0,,,0,,,0,,,0,,,0,,,0,,,0,1512.5,1512.5,baghdad_generic,1502.5,1506.5,3
2024-11-11,,,0,,,0,1510.0,1510.0,1,,,0,,,0,,,0,,,0,,,0,,,0,1510.0,1510.0,1,,,0,1510.0,1510.0,1,,,0,,,0,,,0,,,0,,,0,,,0,,,0,,,0,,,0,,,0,1510.0,1510.0,baghdad_generic,1500.0,1505.5,3
2024-11-12,,,0,,,0,1507.5,1507.5,1,,,0,,,0,,,0,,,0,,,0,,,0,1510.0,1510.0,1,,,0,1505.0,1505.0,1,,,0,,,0,,,0,,,0,,,0,,,0,,,0,,,0,,,0,,,0,1507.5,1507.5,baghdad_generic,1490.0,1501.0,3
2024-11-13,,,0,,,0,1510.0,1510.0,1,,,0,,,0,,,0,,,0,,,0,,,0,1505.0,1505.0,1,,,0,1510.0,1510.0,1,,,0,,,0,,,0,,,0,,,0,,,0,,,0,,,0,,,0,,,0,1510.0,1510.0,baghdad_generic,1499.0,1505.0,3
2024-11-14,,,0,,,0,1515.0,1515.0,1,,,0,,,0,,,0,,,0,,,0,,,0,1510.0,1510.0,1,,,0,1510.0,1510.0,1,,,0,,,0,,,0,,,0,,,0,,,0,,,0,,,0,,,0,,,0,1515.0,1515.0,baghdad_generic,1500.0,1507.5,3
2024-11-17,,,0,,,0,1512.5,1512.5,1,,,0,,,0,,,0,,,0,,,0,,,0,1510.0,1510.0,1,,,0,1507.0,1507.0,1,,,0,,,0,,,0,,,0,,,0,,,0,,,0,,,0,,,0,,,0,1512.5,1512.5,baghdad_generic,1500.0,1504.0,3
2024-11-18,,,0,,,0,1507.5,1507.5,1,,,0,,,0,,,0,,,0,,,0,,,0,1505.0,1505.0,1,,,0,1508.0,1508.0,1,,,0,,,0,,,0,,,0,,,0,,,0,,,0,,,0,,,0,,,0,1507.5,1507.5,baghdad_generic,1497.5,1501.5,3
2024-11-19,,,0,,,0,1510.0,1510.0,1,,,0,,,0,,,0,,,0,,,0,,,0,1507.5,1507.5,1,,,0,1509.0,1509.0,1,,,0,,,0,,,0,,,0,,,0,,,0,,,0,,,0,,,0,,,0,1510.0,1510.0,baghdad_generic,1500.0,1505.0,3
2024-11-24,,,0,,,0,1507.5,1507.5,1,,,0,,,0,,,0,,,0,,,0,,,0,1507.5,1507.5,1,,,0,1510.0,1510.0,1,,,0,,,0,,,0,,,0,,,0,,,0,,,0,,,0,,,0,,,0,1507.5,1507.5,baghdad_generic,1500.0,1505.0,3
2024-11-25,,,0,,,0,1505.0,1505.0,1,,,0,,,0,,,0,,,0,,,0,,,0,1502.5,1502.5,1,,,0,1505.0,1505.0,1,,,0,,,0,,,0,,,0,,,0,,,0,,,0,,,0,,,0,,,0,1505.0,1505.0,baghdad_generic,1497.5,1502.5,3
2024-11-26,,,0,,,0,1510.0,1510.0,1,,,0,,,0,,,0,,,0,,,0,,,0,1507.5,1507.5,1,,,0,1510.0,1510.0,1,,,0,,,0,,,0,,,0,,,0,,,0,,,0,,,0,,,0,,,0,1510.0,1510.0,baghdad_generic,1500.0,1505.5,3
2024-11-27,,,0,,,0,1502.5,1502.5,1,,,0,,,0,,,0,,,0,,,0,,,0,1502.5,1502.5,1,,,0,1502.5,1502.5,1,,,0,,,0,,,0,,,0,,,0,,,0,,,0,,,0,,,0,,,0,1502.5,1502.5,baghdad_generic,1495.0,1500.0,3
2024-11-28,,,0,,,0,1502.5,1502.5,1,,,0,,,0,,,0,,,0,,,0,,,0,1507.5,1507.5,1,,,0,1505.0,1505.0,1,,,0,,,0,,,0,,,0,,,0,,,0,,,0,,,0,,,0,,,0,1502.5,1502.5,baghdad_generic,1497.5,1500.0,3
2024-12-01,,,0,,,0,1500.0,1500.0,1,,,0,,,0,,,0,,,0,,,0,,,0,1505.0,1505.0,1,,,0,1505.5,1505.5,1,,,0,,,0,,,0,,,0,,,0,,,0,,,0,,,0,,,0,,,0,1500.0,1500.0,baghdad_generic,1490.0,1501.0,3
2024-12-02,,,0,,,0,1507.5,1507.5,1,,,0,,,0,,,0,,,0,,,0,,,0,1505.0,1505.0,1,,,0,1505.5,1505.5,1,,,0,,,0,,,0,,,0,,,0,,,0,,,0,,,0,,,0,,,0,1507.5,1507.5,baghdad_generic,1500.0,1502.0,3
2024-12-03,,,0,,,0,1505.0,1505.0,1,,,0,,,0,,,0,,,0,,,0,,,0,1502.5,1502.5,1,,,0,1501.0,1501.0,1,,,0,,,0,,,0,,,0,,,0,,,0,,,0,,,0,,,0,,,0,1505.0,1505.0,baghdad_generic,1495.0,1497.5,3
2024-12-04,,,0,,,0,1507.5,1507.5,1,,,0,,,0,,,0,,,0,,,0,,,0,1503.5,1503.5,1,,,0,1505.5,1505.5,1,,,0,,,0,,,0,,,0,,,0,,,0,,,0,,,0,,,0,,,0,1507.5,1507.5,baghdad_generic,1500.0,1502.5,3
2024-12-05,,,0,,,0,1505.5,1505.5,1,,,0,,,0,,,0,,,0,,,0,,,0,1502.5,1502.5,1,,,0,1503.5,1503.5,1,,,0,,,0,,,0,,,0,,,0,,,0,,,0,,,0,,,0,,,0,1505.5,1505.5,baghdad_generic,1500.0,1500.5,3
2024-12-08,,,0,,,0,1515.0,1515.0,1,,,0,,,0,,,0,,,0,,,0,,,0,1515.0,1515.0,1,,,0,1515.0,1515.0,1,,,0,,,0,,,0,,,0,,,0,,,0,,,0,,,0,,,0,,,0,1515.0,1515.0,baghdad_generic,1502.5,1510.0,3
2024-12-09,,,0,,,0,1515.0,1515.0,1,,,0,,,0,,,0,,,0,,,0,,,0,1510.0,1510.0,1,,,0,1515.0,1515.0,1,,,0,,,0,,,0,,,0,,,0,,,0,,,0,,,0,,,0,,,0,1515.0,1515.0,baghdad_generic,1505.0,1507.5,3
2024-12-10,,,0,,,0,1507.0,1507.0,1,,,0,,,0,,,0,,,0,,,0,,,0,1507.5,1507.5,1,,,0,1509.0,1509.0,1,,,0,,,0,,,0,,,0,,,0,,,0,,,0,,,0,,,0,,,0,1507.0,1507.0,baghdad_generic,1502.5,1507.5,3
2024-12-11,,,0,,,0,1510.0,1510.0,1,,,0,,,0,,,0,,,0,,,0,,,0,1505.0,1505.0,1,,,0,1505.5,1505.5,1,,,0,,,0,,,0,,,0,,,0,,,0,,,0,,,0,,,0,,,0,1510.0,1510.0,baghdad_generic,1501.5,1506.0,3
2024-12-12,,,0,,,0,1510.0,1510.0,1,,,0,,,0,,,0,,,0,,,0,,,0,1506.5,1506.5,1,,,0,1503.5,1503.5,1,,,0,,,0,,,0,,,0,,,0,,,0,,,0,,,0,,,0,,,0,1510.0,1510.0,baghdad_generic,1501.5,1504.0,3
2024-12-15,,,0,,,0,1512.5,1512.5,1,,,0,,,0,,,0,,,0,,,0,,,0,1507.5,1507.5,1,,,0,1507.5,1507.5,1,,,0,,,0,,,0,,,0,,,0,,,0,,,0,,,0,,,0,,,0,1512.5,1512.5,baghdad_generic,1502.5,1507.5,3
2024-12-16,,,0,,,0,1512.5,1512.5,1,,,0,,,0,,,0,,,0,,,0,,,0,1505.0,1505.0,1,,,0,1507.5,1507.5,1,,,0,,,0,,,0,,,0,,,0,,,0,,,0,,,0,,,0,,,0,1512.5,1512.5,baghdad_generic,1501.0,1508.5,3
2024-12-17,,,0,,,0,1512.0,1512.0,1,,,0,,,0,,,0,,,0,,,0,,,0,1502.5,1502.5,1,,,0,1507.5,1507.5,1,,,0,,,0,,,0,,,0,,,0,,,0,,,0,,,0,,,0,,,0,1512.0,1512.0,baghdad_generic,1500.0,1509.5,3
2024-12-18,,,0,,,0,1512.5,1512.5,1,,,0,,,0,,,0,,,0,,,0,,,0,1505.0,1505.0,1,,,0,1507.5,1507.5,1,,,0,,,0,,,0,,,0,,,0,,,0,,,0,,,0,,,0,,,0,1512.5,1512.5,baghdad_generic,1500.0,1507.5,3
2024-12-19,,,0,,,0,1512.0,1512.0,1,,,0,,,0,,,0,,,0,,,0,,,0,1505.0,1505.0,1,,,0,1507.5,1507.5,1,,,0,,,0,,,0,,,0,,,0,,,0,,,0,,,0,,,0,,,0,1512.0,1512.0,baghdad_generic,1501.5,1509.5,3
2024-12-23,,,0,,,0,1510.0,1510.0,1,,,0,,,0,,,0,,,0,,,0,,,0,1507.5,1507.5,1,,,0,1507.5,1507.5,1,,,0,,,0,,,0,,,0,,,0,,,0,,,0,,,0,,,0,,,0,1510.0,1510.0,baghdad_generic,1502.5,1505.0,3
2024-12-24,,,0,,,0,1512.5,1512.5,1,,,0,,,0,,,0,,,0,,,0,,,0,1512.5,1512.5,1,,,0,1512.5,1512.5,1,,,0,,,0,,,0,,,0,,,0,,,0,,,0,,,0,,,0,,,0,1512.5,1512.5,baghdad_generic,1505.0,1510.0,3
2024-12-25,,,0,,,0,1515.0,1515.0,1,,,0,,,0,,,0,,,0,,,0,,,0,1515.0,1515.0,1,,,0,1515.5,1515.5,1,,,0,,,0,,,0,,,0,,,0,,,0,,,0,,,0,,,0,,,0,1515.0,1515.0,baghdad_generic,1510.0,1512.0,3
2024-12-26,,,0,,,0,1522.5,1522.5,1,,,0,,,0,,,0,,,0,,,0,,,0,1520.0,1520.0,1,,,0,1525.0,1525.0,1,,,0,,,0,,,0,,,0,,,0,,,0,,,0,,,0,,,0,,,0,1522.5,1522.5,baghdad_generic,1500.0,1519.0,3
2024-12-29,,,0,,,0,1522.5,1522.5,1,,,0,,,0,,,0,,,0,,,0,,,0,1520.0,1520.0,1,,,0,1525.0,1525.0,1,,,0,,,0,,,0,,,0,,,0,,,0,,,0,,,0,,,0,,,0,1522.5,1522.5,baghdad_generic,1510.0,1514.0,3
2024-12-30,,,0,,,0,1520.0,1520.0,1,,,0,,,0,,,0,,,0,,,0,,,0,1522.5,1522.5,1,,,0,1520.0,1520.0,1,,,0,,,0,,,0,,,0,,,0,,,0,,,0,,,0,,,0,,,0,1520.0,1520.0,baghdad_generic,1512.5,1517.5,3
2024-12-31,,,0,,,0,1520.0,1520.0,1,,,0,,,0,,,0,,,0,,,0,,,0,1520.0,1520.0,1,,,0,1522.5,1522.5,1,,,0,,,0,,,0,,,0,,,0,,,0,,,0,,,0,,,0,,,0,1520.0,1520.0,baghdad_generic,1515.0,1519.0,3
2025-01-02,,,0,,,0,1522.5,1522.5,1,,,0,,,0,,,0,,,0,,,0,,,0,1520.0,1520.0,1,,,0,1520.0,1520.0,1,,,0,,,0,,,0,,,0,,,0,,,0,,,0,,,0,,,0,,,0,1522.5,1522.5,baghdad_generic,1515.0,1517.5,3
2025-01-05,,,0,,,0,1520.0,1520.0,1,,,0,,,0,,,0,,,0,,,0,,,0,1520.0,1520.0,1,,,0,1517.5,1517.5,1,,,0,,,0,,,0,,,0,,,0,,,0,,,0,,,0,,,0,,,0,1520.0,1520.0,baghdad_generic,1510.0,1515.0,3
2025-01-06,,,0,,,0,1517.5,1517.5,1,,,0,,,0,,,0,,,0,,,0,,,0,1520.0,1520.0,1,,,0,1516.0,1516.0,1,,,0,,,0,,,0,,,0,,,0,,,0,,,0,,,0,,,0,,,0,1517.5,1517.5,baghdad_generic,1510.0,1512.5,3
2025-01-07,,,0,,,0,1515.0,1515.0,1,,,0,,,0,,,0,,,0,,,0,,,0,1510.0,1510.0,1,,,0,1511.0,1511.0,1,,,0,,,0,,,0,,,0,,,0,,,0,,,0,,,0,,,0,,,0,1515.0,1515.0,baghdad_generic,1505.0,1507.5,3
2025-01-08,,,0,,,0,1507.5,1507.5,1,,,0,,,0,,,0,,,0,,,0,,,0,1507.5,1507.5,1,,,0,1508.0,1508.0,1,,,0,,,0,,,0,,,0,,,0,,,0,,,0,,,0,,,0,,,0,1507.5,1507.5,baghdad_generic,1500.0,1505.0,3
2025-01-09,,,0,,,0,1510.0,1510.0,1,,,0,,,0,,,0,,,0,,,0,,,0,1510.0,1510.0,1,,,0,1515.0,1515.0,1,,,0,,,0,,,0,,,0,,,0,,,0,,,0,,,0,,,0,,,0,1510.0,1510.0,baghdad_generic,1505.0,1512.5,3
2025-01-12,,,0,,,0,1512.5,1512.5,1,,,0,,,0,,,0,,,0,,,0,,,0,1515.0,1515.0,1,,,0,1512.5,1512.5,1,,,0,,,0,,,0,,,0,,,0,,,0,,,0,,,0,,,0,,,0,1512.5,1512.5,baghdad_generic,1507.5,1510.0,3
2025-01-13,,,0,,,0,1507.5,1507.5,1,,,0,,,0,,,0,,,0,,,0,,,0,1515.0,1515.0,1,,,0,1515.0,1515.0,1,,,0,,,0,,,0,,,0,,,0,,,0,,,0,,,0,,,0,,,0,1507.5,1507.5,baghdad_generic,1505.0,1512.5,3
2025-01-14,,,0,,,0,1510.0,1510.0,1,,,0,,,0,,,0,,,0,,,0,,,0,1515.0,1515.0,1,,,0,1513.5,1513.5,1,,,0,,,0,,,0,,,0,,,0,,,0,,,0,,,0,,,0,,,0,1510.0,1510.0,baghdad_generic,1505.0,1510.0,3
2025-01-15,,,0,,,0,1515.0,1515.0,1,,,0,,,0,,,0,,,0,,,0,,,0,1515.0,1515.0,1,,,0,1515.0,1515.0,1,,,0,,,0,,,0,,,0,,,0,,,0,,,0,,,0,,,0,,,0,1515.0,1515.0,baghdad_generic,1510.0,1510.0,3
2025-01-16,,,0,,,0,1512.5,1512.5,1,,,0,,,0,,,0,,,0,,,0,,,0,1517.5,1517.5,1,,,0,1515.0,1515.0,1,,,0,,,0,,,0,,,0,,,0,,,0,,,0,,,0,,,0,,,0,1512.5,1512.5,baghdad_generic,1509.0,1510.0,3
2025-01-19,,,0,,,0,1512.5,1512.5,1,,,0,,,0,,,0,,,0,,,0,,,0,1507.5,1507.5,1,,,0,1510.0,1510.0,1,,,0,,,0,,,0,,,0,,,0,,,0,,,0,,,0,,,0,,,0,1512.5,1512.5,baghdad_generic,1502.5,1507.5,3
2025-01-20,,,0,,,0,1512.5,1512.5,1,,,0,,,0,,,0,,,0,,,0,,,0,1510.0,1510.0,1,,,0,1509.5,1509.5,1,,,0,,,0,,,0,,,0,,,0,,,0,,,0,,,0,,,0,,,0,1512.5,1512.5,baghdad_generic,1502.5,1507.5,3
2025-01-21,,,0,,,0,1507.5,1507.5,1,,,0,,,0,,,0,,,0,,,0,,,0,1510.0,1510.0,1,,,0,1509.5,1509.5,1,,,0,,,0,,,0,,,0,,,0,,,0,,,0,,,0,,,0,,,0,1507.5,1507.5,baghdad_generic,1502.5,1508.0,3
2025-01-22,,,0,,,0,1515.0,1515.0,1,,,0,,,0,,,0,,,0,,,0,,,0,1510.0,1510.0,1,,,0,1512.5,1512.5,1,,,0,,,0,,,0,,,0,,,0,,,0,,,0,,,0,,,0,,,0,1515.0,1515.0,baghdad_generic,1507.0,1510.5,3
2025-01-23,,,0,,,0,1507.5,1507.5,1,,,0,,,0,,,0,,,0,,,0,,,0,1510.0,1510.0,1,,,0,1512.5,1512.5,1,,,0,,,0,,,0,,,0,,,0,,,0,,,0,,,0,,,0,,,0,1507.5,1507.5,baghdad_generic,1502.5,1509.0,3
2025-01-26,,,0,,,0,1517.5,1517.5,1,,,0,,,0,,,0,,,0,,,0,,,0,1510.0,1510.0,1,,,0,1512.5,1512.5,1,,,0,,,0,,,0,,,0,,,0,,,0,,,0,,,0,,,0,,,0,1517.5,1517.5,baghdad_generic,1502.5,1507.5,3
2025-01-27,,,0,,,0,1509.0,1509.0,1,,,0,,,0,,,0,,,0,,,0,,,0,1515.0,1515.0,1,,,0,1512.5,1512.5,1,,,0,,,0,,,0,,,0,,,0,,,0,,,0,,,0,,,0,,,0,1509.0,1509.0,baghdad_generic,1504.0,1507.5,3
2025-01-28,,,0,,,0,1510.0,1510.0,1,,,0,,,0,,,0,,,0,,,0,,,0,1510.0,1510.0,1,,,0,1507.0,1507.0,1,,,0,,,0,,,0,,,0,,,0,,,0,,,0,,,0,,,0,,,0,1510.0,1510.0,baghdad_generic,1500.0,1503.5,3
2025-01-29,,,0,,,0,1502.5,1502.5,1,,,0,,,0,,,0,,,0,,,0,,,0,1507.5,1507.5,1,,,0,1503.5,1503.5,1,,,0,,,0,,,0,,,0,,,0,,,0,,,0,,,0,,,0,,,0,1502.5,1502.5,baghdad_generic,1497.5,1501.0,3
2025-01-30,,,0,,,0,1505.0,1505.0,1,,,0,,,0,,,0,,,0,,,0,,,0,1507.5,1507.5,1,,,0,1507.5,1507.5,1,,,0,,,0,,,0,,,0,,,0,,,0,,,0,,,0,,,0,,,0,1505.0,1505.0,baghdad_generic,1500.0,1504.0,3
2025-02-02,,,0,,,0,1505.0,1505.0,1,,,0,,,0,,,0,,,0,,,0,,,0,1507.0,1507.0,1,,,0,1503.5,1503.5,1,,,0,,,0,,,0,,,0,,,0,,,0,,,0,,,0,,,0,,,0,1505.0,1505.0,baghdad_generic,1500.0,1502.5,3
2025-02-03,,,0,,,0,1505.0,1505.0,1,,,0,,,0,,,0,,,0,,,0,,,0,1505.0,1505.0,1,,,0,1507.5,1507.5,1,,,0,,,0,,,0,,,0,,,0,,,0,,,0,,,0,,,0,,,0,1505.0,1505.0,baghdad_generic,1500.0,1504.5,3
2025-02-04,,,0,,,0,1515.0,1515.0,1,,,0,,,0,,,0,,,0,,,0,,,0,1505.0,1505.0,1,,,0,1507.5,1507.5,1,,,0,,,0,,,0,,,0,,,0,,,0,,,0,,,0,,,0,,,0,1515.0,1515.0,baghdad_generic,1495.0,1504.0,3
2025-02-05,,,0,,,0,1504.0,1504.0,1,,,0,,,0,,,0,,,0,,,0,,,0,1503.5,1503.5,1,,,0,1501.2,1501.2,1,,,0,,,0,,,0,,,0,,,0,,,0,,,0,,,0,,,0,,,0,1504.0,1504.0,baghdad_generic,1500.0,1501.0,3
2025-02-06,,,0,,,0,1505.0,1505.0,1,,,0,,,0,,,0,,,0,,,0,,,0,1505.0,1505.0,1,,,0,1507.5,1507.5,1,,,0,,,0,,,0,,,0,,,0,,,0,,,0,,,0,,,0,,,0,1505.0,1505.0,baghdad_generic,1500.0,1505.0,3
2025-02-09,,,0,,,0,1515.0,1515.0,1,,,0,,,0,,,0,,,0,,,0,,,0,1507.5,1507.5,1,,,0,1507.5,1507.5,1,,,0,,,0,,,0,,,0,,,0,,,0,,,0,,,0,,,0,,,0,1515.0,1515.0,baghdad_generic,1495.0,1505.0,3
2025-02-10,,,0,,,0,1505.0,1505.0,1,,,0,,,0,,,0,,,0,,,0,,,0,1505.0,1505.0,1,,,0,1505.0,1505.0,1,,,0,,,0,,,0,,,0,,,0,,,0,,,0,,,0,,,0,,,0,1505.0,1505.0,baghdad_generic,1502.0,1503.0,3
2025-02-11,,,0,,,0,1515.0,1515.0,1,,,0,,,0,,,0,,,0,,,0,,,0,1505.0,1505.0,1,,,0,1507.5,1507.5,1,,,0,,,0,,,0,,,0,,,0,,,0,,,0,,,0,,,0,,,0,1515.0,1515.0,baghdad_generic,1495.0,1503.0,3
2025-02-12,,,0,,,0,1505.0,1505.0,1,,,0,,,0,,,0,,,0,,,0,,,0,1505.0,1505.0,1,,,0,1505.5,1505.5,1,,,0,,,0,,,0,,,0,,,0,,,0,,,0,,,0,,,0,,,0,1505.0,1505.0,baghdad_generic,1500.0,1503.5,3
2025-02-13,,,0,,,0,1503.5,1503.5,3,,,0,,,0,,,0,,,0,,,0,,,0,1505.0,1505.0,2,,,0,1505.0,1505.0,2,,,0,,,0,,,0,,,0,,,0,,,0,,,0,,,0,,,0,,,0,1503.5,1503.5,baghdad_generic,1500.0,1503.5,7
2025-02-16,,,0,,,0,1505.0,1505.0,2,,,0,,,0,,,0,,,0,,,0,,,0,1505.0,1505.0,2,,,0,1505.0,1505.0,2,,,0,,,0,,,0,,,0,,,0,,,0,,,0,,,0,,,0,,,0,1505.0,1505.0,baghdad_generic,1502.5,1503.0,6
2025-02-17,,,0,,,0,1505.0,1505.0,1,,,0,,,0,,,0,,,0,,,0,,,0,1505.0,1505.0,1,,,0,1505.0,1505.0,1,,,0,,,0,,,0,,,0,,,0,,,0,,,0,,,0,,,0,,,0,1505.0,1505.0,baghdad_generic,1502.5,1504.0,3
2025-02-18,,,0,,,0,1507.5,1507.5,1,,,0,,,0,,,0,,,0,,,0,,,0,1507.5,1507.5,1,,,0,1507.0,1507.0,1,,,0,,,0,,,0,,,0,,,0,,,0,,,0,,,0,,,0,,,0,1507.5,1507.5,baghdad_generic,1502.5,1504.5,3
2025-02-19,,,0,,,0,1505.0,1505.0,1,,,0,,,0,,,0,,,0,,,0,,,0,1505.0,1505.0,1,,,0,1505.5,1505.5,1,,,0,,,0,,,0,,,0,,,0,,,0,,,0,,,0,,,0,,,0,1505.0,1505.0,baghdad_generic,1501.0,1503.0,3
2025-02-20,,,0,,,0,1502.5,1502.5,1,,,0,,,0,,,0,,,0,,,0,,,0,1502.0,1502.0,1,,,0,1502.5,1502.5,1,,,0,,,0,,,0,,,0,,,0,,,0,,,0,,,0,,,0,,,0,1502.5,1502.5,baghdad_generic,1500.0,1501.0,2
2025-02-24,,,0,,,0,1495.0,1495.0,1,,,0,,,0,,,0,,,0,,,0,,,0,1497.5,1497.5,1,,,0,1497.5,1497.5,1,,,0,,,0,,,0,,,0,,,0,,,0,,,0,,,0,,,0,,,0,1495.0,1495.0,baghdad_generic,1492.5,1495.0,3
2025-02-25,,,0,,,0,1495.0,1495.0,1,,,0,,,0,,,0,,,0,,,0,,,0,1492.5,1492.5,1,,,0,1495.0,1495.0,1,,,0,,,0,,,0,,,0,,,0,,,0,,,0,,,0,,,0,,,0,1495.0,1495.0,baghdad_generic,1487.5,1490.0,3
2025-02-26,,,0,,,0,1490.0,1490.0,1,,,0,,,0,,,0,,,0,,,0,,,0,1492.5,1492.5,1,,,0,1492.5,1492.5,1,,,0,,,0,,,0,,,0,,,0,,,0,,,0,,,0,,,0,,,0,1490.0,1490.0,baghdad_generic,1487.5,1490.5,3
2025-02-27,,,0,,,0,1495.0,1495.0,1,,,0,,,0,,,0,,,0,,,0,,,0,1492.5,1492.5,1,,,0,1495.0,1495.0,1,,,0,,,0,,,0,,,0,,,0,,,0,,,0,,,0,,,0,,,0,1495.0,1495.0,baghdad_generic,1488.5,1491.0,3
2025-03-02,,,0,,,0,1473.0,1473.0,1,,,0,,,0,,,0,,,0,,,0,,,0,1472.5,1472.5,1,,,0,1473.0,1473.0,1,,,0,,,0,,,0,,,0,,,0,,,0,,,0,,,0,,,0,,,0,1473.0,1473.0,baghdad_generic,1467.5,1470.0,3
2025-03-03,,,0,,,0,1487.5,1487.5,1,,,0,,,0,,,0,,,0,,,0,,,0,1485.0,1485.0,1,,,0,1480.0,1480.0,1,,,0,,,0,,,0,,,0,,,0,,,0,,,0,,,0,,,0,,,0,1487.5,1487.5,baghdad_generic,1470.0,1476.5,3
2025-03-04,,,0,,,0,1490.0,1490.0,1,,,0,,,0,,,0,,,0,,,0,,,0,1490.0,1490.0,1,,,0,1490.0,1490.0,1,,,0,,,0,,,0,,,0,,,0,,,0,,,0,,,0,,,0,,,0,1490.0,1490.0,baghdad_generic,1485.0,1488.0,3
2025-03-05,,,0,,,0,1485.0,1485.0,1,,,0,,,0,,,0,,,0,,,0,,,0,1485.0,1485.0,1,,,0,1485.0,1485.0,1,,,0,,,0,,,0,,,0,,,0,,,0,,,0,,,0,,,0,,,0,1485.0,1485.0,baghdad_generic,1475.0,1481.5,3
2025-03-06,,,0,,,0,1490.0,1490.0,1,,,0,,,0,,,0,,,0,,,0,,,0,1487.5,1487.5,1,,,0,1483.0,1483.0,1,,,0,,,0,,,0,,,0,,,0,,,0,,,0,,,0,,,0,,,0,1490.0,1490.0,baghdad_generic,1480.0,1485.0,3
2025-03-09,,,0,,,0,1485.0,1485.0,1,,,0,,,0,,,0,,,0,,,0,,,0,1490.0,1490.0,1,,,0,1485.0,1485.0,1,,,0,,,0,,,0,,,0,,,0,,,0,,,0,,,0,,,0,,,0,1485.0,1485.0,baghdad_generic,1477.5,1482.5,3
2025-03-10,,,0,,,0,1487.5,1487.5,1,,,0,,,0,,,0,,,0,,,0,,,0,1487.5,1487.5,1,,,0,1485.5,1485.5,1,,,0,,,0,,,0,,,0,,,0,,,0,,,0,,,0,,,0,,,0,1487.5,1487.5,baghdad_generic,1480.0,1483.5,3
2025-03-11,,,0,,,0,1485.0,1485.0,1,,,0,,,0,,,0,,,0,,,0,,,0,1485.0,1485.0,1,,,0,1482.5,1482.5,1,,,0,,,0,,,0,,,0,,,0,,,0,,,0,,,0,,,0,,,0,1485.0,1485.0,baghdad_generic,1475.0,1481.0,3
2025-03-12,,,0,,,0,1482.0,1482.0,1,,,0,,,0,,,0,,,0,,,0,,,0,1485.0,1485.0,1,,,0,1480.0,1480.0,1,,,0,,,0,,,0,,,0,,,0,,,0,,,0,,,0,,,0,,,0,1482.0,1482.0,baghdad_generic,1477.5,1478.5,3
2025-03-13,,,0,,,0,1482.5,1482.5,1,,,0,,,0,,,0,,,0,,,0,,,0,1485.0,1485.0,1,,,0,1482.5,1482.5,1,,,0,,,0,,,0,,,0,,,0,,,0,,,0,,,0,,,0,,,0,1482.5,1482.5,baghdad_generic,1475.0,1479.0,3
2025-03-16,,,0,,,0,1482.5,1482.5,1,,,0,,,0,,,0,,,0,,,0,,,0,1490.0,1490.0,1,,,0,1480.0,1480.0,1,,,0,,,0,,,0,,,0,,,0,,,0,,,0,,,0,,,0,,,0,1482.5,1482.5,baghdad_generic,1478.5,1480.0,3
2025-03-17,,,0,,,0,1479.0,1479.0,1,,,0,,,0,,,0,,,0,,,0,,,0,1479.0,1479.0,1,,,0,1479.5,1479.5,1,,,0,,,0,,,0,,,0,,,0,,,0,,,0,,,0,,,0,,,0,1479.0,1479.0,baghdad_generic,1476.5,1477.5,3
2025-03-18,,,0,,,0,1475.0,1475.0,1,,,0,,,0,,,0,,,0,,,0,,,0,1480.0,1480.0,1,,,0,1472.5,1472.5,1,,,0,,,0,,,0,,,0,,,0,,,0,,,0,,,0,,,0,,,0,1475.0,1475.0,baghdad_generic,1470.0,1472.5,3
2025-03-19,,,0,,,0,1480.0,1480.0,1,,,0,,,0,,,0,,,0,,,0,,,0,1482.5,1482.5,1,,,0,1470.0,1470.0,1,,,0,,,0,,,0,,,0,,,0,,,0,,,0,,,0,,,0,,,0,1480.0,1480.0,baghdad_generic,1475.0,1475.0,3
2025-03-20,,,0,,,0,1475.0,1475.0,1,,,0,,,0,,,0,,,0,,,0,,,0,1482.5,1482.5,1,,,0,1475.5,1475.5,1,,,0,,,0,,,0,,,0,,,0,,,0,,,0,,,0,,,0,,,0,1475.0,1475.0,baghdad_generic,1473.0,1475.0,3
2025-03-23,,,0,,,0,1475.0,1475.0,1,,,0,,,0,,,0,,,0,,,0,,,0,1473.5,1473.5,1,,,0,1475.5,1475.5,1,,,0,,,0,,,0,,,0,,,0,,,0,,,0,,,0,,,0,,,0,1475.0,1475.0,baghdad_generic,1471.0,1474.0,3
2025-03-24,,,0,,,0,1475.0,1475.0,1,,,0,,,0,,,0,,,0,,,0,,,0,1480.0,1480.0,1,,,0,1472.5,1472.5,1,,,0,,,0,,,0,,,0,,,0,,,0,,,0,,,0,,,0,,,0,1475.0,1475.0,baghdad_generic,1470.0,1470.0,3
2025-03-25,,,0,,,0,1470.0,1470.0,1,,,0,,,0,,,0,,,0,,,0,,,0,1477.5,1477.5,1,,,0,1472.5,1472.5,1,,,0,,,0,,,0,,,0,,,0,,,0,,,0,,,0,,,0,,,0,1470.0,1470.0,baghdad_generic,1466.0,1467.5,3
2025-03-26,,,0,,,0,1471.0,1471.0,1,,,0,,,0,,,0,,,0,,,0,,,0,1470.0,1470.0,1,,,0,1470.0,1470.0,1,,,0,,,0,,,0,,,0,,,0,,,0,,,0,,,0,,,0,,,0,1471.0,1471.0,baghdad_generic,1467.0,1477.5,3
2025-03-27,,,0,,,0,1475.0,1475.0,1,,,0,,,0,,,0,,,0,,,0,,,0,1480.0,1480.0,1,,,0,1472.5,1472.5,1,,,0,,,0,,,0,,,0,,,0,,,0,,,0,,,0,,,0,,,0,1475.0,1475.0,baghdad_generic,1470.0,1471.5,3
2025-03-30,,,0,,,0,1477.5,1477.5,1,,,0,,,0,,,0,,,0,,,0,,,0,1475.0,1475.0,1,,,0,,,0,,,0,,,0,,,0,,,0,,,0,,,0,,,0,,,0,,,0,,,0,1477.5,1477.5,baghdad_generic,1470.0,1475.0,2
2025-04-06,,,0,,,0,1480.0,1480.0,1,,,0,,,0,,,0,,,0,,,0,,,0,1482.5,1482.5,1,,,0,1480.0,1480.0,1,,,0,,,0,,,0,,,0,,,0,,,0,,,0,,,0,,,0,,,0,1480.0,1480.0,baghdad_generic,1472.5,1477.5,3
2025-04-07,,,0,,,0,1482.5,1482.5,1,,,0,,,0,,,0,,,0,,,0,,,0,1480.0,1480.0,1,,,0,1482.5,1482.5,1,,,0,,,0,,,0,,,0,,,0,,,0,,,0,,,0,,,0,,,0,1482.5,1482.5,baghdad_generic,1475.0,1478.5,3
2025-04-08,,,0,,,0,1485.0,1485.0,1,,,0,,,0,,,0,,,0,,,0,,,0,1482.5,1482.5,1,,,0,1480.0,1480.0,1,,,0,,,0,,,0,,,0,,,0,,,0,,,0,,,0,,,0,,,0,1485.0,1485.0,baghdad_generic,1477.5,1479.0,3
2025-04-09,,,0,,,0,1479.0,1479.0,1,,,0,,,0,,,0,,,0,,,0,,,0,1477.0,1477.0,1,,,0,1477.5,1477.5,1,,,0,,,0,,,0,,,0,,,0,,,0,,,0,,,0,,,0,,,0,1479.0,1479.0,baghdad_generic,1474.0,1475.5,3
2025-04-10,,,0,,,0,1482.5,1482.5,1,,,0,,,0,,,0,,,0,,,0,,,0,1480.0,1480.0,1,,,0,1482.5,1482.5,1,,,0,,,0,,,0,,,0,,,0,,,0,,,0,,,0,,,0,,,0,1482.5,1482.5,baghdad_generic,1475.0,1479.0,3
2025-04-13,,,0,,,0,1485.0,1485.0,1,,,0,,,0,,,0,,,0,,,0,,,0,1477.5,1477.5,1,,,0,1480.0,1480.0,1,,,0,,,0,,,0,,,0,,,0,,,0,,,0,,,0,,,0,,,0,1485.0,1485.0,baghdad_generic,1475.0,1478.5,3
2025-04-14,,,0,,,0,1480.0,1480.0,1,,,0,,,0,,,0,,,0,,,0,,,0,1480.0,1480.0,1,,,0,1478.0,1478.0,1,,,0,,,0,,,0,,,0,,,0,,,0,,,0,,,0,,,0,,,0,1480.0,1480.0,baghdad_generic,1472.5,1475.0,3
2025-04-15,,,0,,,0,1480.0,1480.0,1,,,0,,,0,,,0,,,0,,,0,,,0,1475.0,1475.0,1,,,0,1480.0,1480.0,1,,,0,,,0,,,0,,,0,,,0,,,0,,,0,,,0,,,0,,,0,1480.0,1480.0,baghdad_generic,1472.5,1476.5,3
2025-04-16,,,0,,,0,1480.0,1480.0,1,,,0,,,0,,,0,,,0,,,0,,,0,1480.0,1480.0,1,,,0,1475.0,1475.0,1,,,0,,,0,,,0,,,0,,,0,,,0,,,0,,,0,,,0,,,0,1480.0,1480.0,baghdad_generic,1470.0,1472.5,3
2025-04-17,,,0,,,0,1480.0,1480.0,1,,,0,,,0,,,0,,,0,,,0,,,0,1472.5,1472.5,1,,,0,1477.5,1477.5,1,,,0,,,0,,,0,,,0,,,0,,,0,,,0,,,0,,,0,,,0,1480.0,1480.0,baghdad_generic,1467.5,1474.0,3
2025-04-20,,,0,,,0,1476.5,1476.5,1,,,0,,,0,,,0,,,0,,,0,,,0,1470.0,1470.0,1,,,0,1475.0,1475.0,1,,,0,,,0,,,0,,,0,,,0,,,0,,,0,,,0,,,0,,,0,1476.5,1476.5,baghdad_generic,1466.0,1468.5,3
2025-04-21,,,0,,,0,1470.0,1470.0,1,,,0,,,0,,,0,,,0,,,0,,,0,1467.5,1467.5,1,,,0,1472.5,1472.5,1,,,0,,,0,,,0,,,0,,,0,,,0,,,0,,,0,,,0,,,0,1470.0,1470.0,baghdad_generic,1463.0,1464.5,3
2025-04-22,,,0,,,0,1467.0,1467.0,1,,,0,,,0,,,0,,,0,,,0,,,0,1462.5,1462.5,1,,,0,1465.5,1465.5,1,,,0,,,0,,,0,,,0,,,0,,,0,,,0,,,0,,,0,,,0,1467.0,1467.0,baghdad_generic,1458.0,1460.5,3
2025-04-23,,,0,,,0,1467.5,1467.5,1,,,0,,,0,,,0,,,0,,,0,,,0,1460.0,1460.0,1,,,0,1465.0,1465.0,1,,,0,,,0,,,0,,,0,,,0,,,0,,,0,,,0,,,0,,,0,1467.5,1467.5,baghdad_generic,1455.0,1462.5,3
2025-04-24,,,0,,,0,1459.5,1459.5,1,,,0,,,0,,,0,,,0,,,0,,,0,1457.5,1457.5,1,,,0,1459.0,1459.0,1,,,0,,,0,,,0,,,0,,,0,,,0,,,0,,,0,,,0,,,0,1459.5,1459.5,baghdad_generic,1447.0,1449.5,3
2025-04-27,,,0,,,0,1450.0,1450.0,1,,,0,,,0,,,0,,,0,,,0,,,0,1450.0,1450.0,1,,,0,1450.0,1450.0,1,,,0,,,0,,,0,,,0,,,0,,,0,,,0,,,0,,,0,,,0,1450.0,1450.0,baghdad_generic,1445.0,1447.0,3
2025-04-28,,,0,,,0,1457.5,1457.5,1,,,0,,,0,,,0,,,0,,,0,,,0,1457.5,1457.5,1,,,0,1455.0,1455.0,1,,,0,,,0,,,0,,,0,,,0,,,0,,,0,,,0,,,0,,,0,1457.5,1457.5,baghdad_generic,1450.0,1453.5,3
2025-04-29,,,0,,,0,1450.0,1450.0,1,,,0,,,0,,,0,,,0,,,0,,,0,1448.5,1448.5,1,,,0,1450.0,1450.0,1,,,0,,,0,,,0,,,0,,,0,,,0,,,0,,,0,,,0,,,0,1450.0,1450.0,baghdad_generic,1445.0,1446.0,3
2025-04-30,,,0,,,0,1454.5,1454.5,1,,,0,,,0,,,0,,,0,,,0,,,0,1454.0,1454.0,1,,,0,1455.0,1455.0,1,,,0,,,0,,,0,,,0,,,0,,,0,,,0,,,0,,,0,,,0,1454.5,1454.5,baghdad_generic,1446.5,1447.5,3
2025-05-01,,,0,,,0,1455.0,1455.0,3,,,0,,,0,,,0,,,0,,,0,,,0,1457.5,1457.5,2,,,0,1453.0,1453.0,2,,,0,,,0,,,0,,,0,,,0,,,0,,,0,,,0,,,0,,,0,1455.0,1455.0,baghdad_generic,1445.0,1447.0,7
2025-05-04,,,0,,,0,1451.5,1451.5,1,,,0,,,0,,,0,,,0,,,0,,,0,1452.0,1452.0,1,,,0,1450.0,1450.0,1,,,0,,,0,,,0,,,0,,,0,,,0,,,0,,,0,,,0,,,0,1451.5,1451.5,baghdad_generic,1446.0,1447.0,3
2025-05-05,,,0,,,0,1452.5,1452.5,2,,,0,,,0,,,0,,,0,,,0,,,0,1450.0,1450.0,2,,,0,1450.0,1450.0,2,,,0,,,0,,,0,,,0,,,0,,,0,,,0,,,0,,,0,,,0,1452.5,1452.5,baghdad_generic,1440.0,1445.0,5
2025-05-06,,,0,,,0,1442.0,1442.0,1,,,0,,,0,,,0,,,0,,,0,,,0,1447.5,1447.5,1,,,0,1441.5,1441.5,1,,,0,,,0,,,0,,,0,,,0,,,0,,,0,,,0,,,0,,,0,1442.0,1442.0,baghdad_generic,1438.0,1440.0,3
2025-05-07,,,0,,,0,1441.5,1441.5,1,,,0,,,0,,,0,,,0,,,0,,,0,1440.0,1440.0,1,,,0,1440.0,1440.0,1,,,0,,,0,,,0,,,0,,,0,,,0,,,0,,,0,,,0,,,0,1441.5,1441.5,baghdad_generic,1431.5,1432.0,3
2025-05-08,,,0,,,0,1425.9,1425.9,1,,,0,,,0,,,0,,,0,,,0,,,0,1427.0,1427.0,1,,,0,1428.5,1428.5,1,,,0,,,0,,,0,,,0,,,0,,,0,,,0,,,0,,,0,,,0,1425.9,1425.9,baghdad_generic,1419.0,1419.5,3
2025-05-11,,,0,,,0,1429.5,1429.5,1,,,0,,,0,,,0,,,0,,,0,,,0,1425.0,1425.0,1,,,0,1425.0,1425.0,1,,,0,,,0,,,0,,,0,,,0,,,0,,,0,,,0,,,0,,,0,1429.5,1429.5,baghdad_generic,1419.5,1422.5,3
2025-05-12,,,0,,,0,1435.0,1435.0,1,,,0,,,0,,,0,,,0,,,0,,,0,1435.0,1435.0,1,,,0,1430.0,1430.0,1,,,0,,,0,,,0,,,0,,,0,,,0,,,0,,,0,,,0,,,0,1435.0,1435.0,baghdad_generic,1425.0,1426.0,3
2025-05-13,,,0,,,0,1433.0,1433.0,1,,,0,,,0,,,0,,,0,,,0,,,0,1430.0,1430.0,1,,,0,1431.5,1431.5,1,,,0,,,0,,,0,,,0,,,0,,,0,,,0,,,0,,,0,,,0,1433.0,1433.0,baghdad_generic,1425.5,1427.5,3
2025-05-14,,,0,,,0,1431.5,1431.5,1,,,0,,,0,,,0,,,0,,,0,,,0,1430.0,1430.0,1,,,0,1423.5,1423.5,1,,,0,,,0,,,0,,,0,,,0,,,0,,,0,,,0,,,0,,,0,1431.5,1431.5,baghdad_generic,1422.0,1423.0,3
2025-05-15,,,0,,,0,1435.0,1435.0,1,,,0,,,0,,,0,,,0,,,0,,,0,1427.5,1427.5,1,,,0,1426.5,1426.5,1,,,0,,,0,,,0,,,0,,,0,,,0,,,0,,,0,,,0,,,0,1435.0,1435.0,baghdad_generic,1422.5,1424.0,3
2025-05-18,,,0,,,0,1427.5,1427.5,1,,,0,,,0,,,0,,,0,,,0,,,0,1427.5,1427.5,1,,,0,1426.5,1426.5,1,,,0,,,0,,,0,,,0,,,0,,,0,,,0,,,0,,,0,,,0,1427.5,1427.5,baghdad_generic,1422.5,1425.0,3
2025-05-19,,,0,,,0,1429.0,1429.0,1,,,0,,,0,,,0,,,0,,,0,,,0,1427.5,1427.5,1,,,0,1426.5,1426.5,1,,,0,,,0,,,0,,,0,,,0,,,0,,,0,,,0,,,0,,,0,1429.0,1429.0,baghdad_generic,1422.0,1423.5,3
2025-05-20,,,0,,,0,1430.0,1430.0,1,,,0,,,0,,,0,,,0,,,0,,,0,1430.0,1430.0,1,,,0,1427.5,1427.5,1,,,0,,,0,,,0,,,0,,,0,,,0,,,0,,,0,,,0,,,0,1430.0,1430.0,baghdad_generic,1422.5,1425.5,3
2025-05-21,,,0,,,0,1430.0,1430.0,1,,,0,,,0,,,0,,,0,,,0,,,0,1430.0,1430.0,1,,,0,1429.0,1429.0,1,,,0,,,0,,,0,,,0,,,0,,,0,,,0,,,0,,,0,,,0,1430.0,1430.0,baghdad_generic,1424.5,1425.0,3
2025-05-22,,,0,,,0,1429.0,1429.0,1,,,0,,,0,,,0,,,0,,,0,,,0,1427.5,1427.5,1,,,0,1428.5,1428.5,1,,,0,,,0,,,0,,,0,,,0,,,0,,,0,,,0,,,0,,,0,1429.0,1429.0,baghdad_generic,1421.0,1423.5,3
2025-05-25,,,0,,,0,1420.0,1420.0,1,,,0,,,0,,,0,,,0,,,0,,,0,1425.0,1425.0,1,,,0,1420.0,1420.0,1,,,0,,,0,,,0,,,0,,,0,,,0,,,0,,,0,,,0,,,0,1420.0,1420.0,baghdad_generic,1417.5,1421.0,3
2025-05-26,,,0,,,0,1420.0,1420.0,1,,,0,,,0,,,0,,,0,,,0,,,0,1420.0,1420.0,1,,,0,1420.0,1420.0,1,,,0,,,0,,,0,,,0,,,0,,,0,,,0,,,0,,,0,,,0,1420.0,1420.0,baghdad_generic,1411.0,1416.0,3
2025-05-27,,,0,,,0,1410.0,1410.0,1,,,0,,,0,,,0,,,0,,,0,,,0,1405.0,1405.0,1,,,0,1405.0,1405.0,1,,,0,,,0,,,0,,,0,,,0,,,0,,,0,,,0,,,0,,,0,1410.0,1410.0,baghdad_generic,1400.0,1402.5,3
2025-05-28,,,0,,,0,1420.0,1420.0,1,,,0,,,0,,,0,,,0,,,0,,,0,1410.0,1410.0,1,,,0,1415.0,1415.0,1,,,0,,,0,,,0,,,0,,,0,,,0,,,0,,,0,,,0,,,0,1420.0,1420.0,baghdad_generic,1405.0,1410.0,3
2025-05-29,,,0,,,0,1415.0,1415.0,1,,,0,,,0,,,0,,,0,,,0,,,0,1410.0,1410.0,1,,,0,1410.0,1410.0,1,,,0,,,0,,,0,,,0,,,0,,,0,,,0,,,0,,,0,,,0,1415.0,1415.0,baghdad_generic,1405.0,1408.5,3
2025-06-01,,,0,,,0,1418.5,1418.5,1,,,0,,,0,,,0,,,0,,,0,,,0,1417.5,1417.5,1,,,0,1412.5,1412.5,1,,,0,,,0,,,0,,,0,,,0,,,0,,,0,,,0,,,0,,,0,1418.5,1418.5,baghdad_generic,1409.0,1410.0,3
2025-06-02,,,0,,,0,1422.5,1422.5,1,,,0,,,0,,,0,,,0,,,0,,,0,1417.5,1417.5,1,,,0,1416.5,1416.5,1,,,0,,,0,,,0,,,0,,,0,,,0,,,0,,,0,,,0,,,0,1422.5,1422.5,baghdad_generic,1412.5,1415.0,3
2025-06-03,,,0,,,0,1418.5,1418.5,1,,,0,,,0,,,0,,,0,,,0,,,0,1419.0,1419.0,1,,,0,1416.5,1416.5,1,,,0,,,0,,,0,,,0,,,0,,,0,,,0,,,0,,,0,,,0,1418.5,1418.5,baghdad_generic,1412.5,1415.0,3
2025-06-04,,,0,,,0,1418.0,1418.0,1,,,0,,,0,,,0,,,0,,,0,,,0,1417.5,1417.5,1,,,0,1417.5,1417.5,1,,,0,,,0,,,0,,,0,,,0,,,0,,,0,,,0,,,0,,,0,1418.0,1418.0,baghdad_generic,1410.0,1412.5,3
2025-06-05,,,0,,,0,1419.5,1419.5,1,,,0,,,0,,,0,,,0,,,0,,,0,1417.5,1417.5,1,,,0,1417.5,1417.5,1,,,0,,,0,,,0,,,0,,,0,,,0,,,0,,,0,,,0,,,0,1419.5,1419.5,baghdad_generic,1414.0,1414.5,3
2025-06-11,,,0,,,0,1419.0,1419.0,1,,,0,,,0,,,0,,,0,,,0,,,0,1419.5,1419.5,1,,,0,1417.0,1417.0,1,,,0,,,0,,,0,,,0,,,0,,,0,,,0,,,0,,,0,,,0,1419.0,1419.0,baghdad_generic,1408.5,1413.5,3
2025-06-12,,,0,,,0,1442.5,1442.5,1,,,0,,,0,,,0,,,0,,,0,,,0,1443.0,1443.0,1,,,0,,,0,,,0,,,0,,,0,,,0,,,0,,,0,,,0,,,0,,,0,,,0,1442.5,1442.5,baghdad_generic,1432.5,1433.0,2
2025-06-15,,,0,,,0,1440.0,1440.0,1,,,0,,,0,,,0,,,0,,,0,,,0,1440.0,1440.0,1,,,0,1441.5,1441.5,1,,,0,,,0,,,0,,,0,,,0,,,0,,,0,,,0,,,0,,,0,1440.0,1440.0,baghdad_generic,1430.0,1431.5,3
2025-06-16,,,0,,,0,1442.5,1442.5,1,,,0,,,0,,,0,,,0,,,0,,,0,1445.0,1445.0,1,,,0,1443.5,1443.5,1,,,0,,,0,,,0,,,0,,,0,,,0,,,0,,,0,,,0,,,0,1442.5,1442.5,baghdad_generic,1439.5,1440.5,3
2025-06-17,,,0,,,0,1445.0,1445.0,1,,,0,,,0,,,0,,,0,,,0,,,0,1435.0,1435.0,1,,,0,1440.0,1440.0,1,,,0,,,0,,,0,,,0,,,0,,,0,,,0,,,0,,,0,,,0,1445.0,1445.0,baghdad_generic,1430.0,1436.0,3
2025-06-18,,,0,,,0,1440.0,1440.0,1,,,0,,,0,,,0,,,0,,,0,,,0,1440.0,1440.0,1,,,0,1440.0,1440.0,1,,,0,,,0,,,0,,,0,,,0,,,0,,,0,,,0,,,0,,,0,1440.0,1440.0,baghdad_generic,1437.5,1438.5,3
2025-06-19,,,0,,,0,1438.5,1438.5,1,,,0,,,0,,,0,,,0,,,0,,,0,1439.0,1439.0,1,,,0,1441.0,1441.0,1,,,0,,,0,,,0,,,0,,,0,,,0,,,0,,,0,,,0,,,0,1438.5,1438.5,baghdad_generic,1435.0,1437.5,3
2025-06-22,,,0,,,0,1441.0,1441.0,1,,,0,,,0,,,0,,,0,,,0,,,0,1440.0,1440.0,1,,,0,1440.0,1440.0,1,,,0,,,0,,,0,,,0,,,0,,,0,,,0,,,0,,,0,,,0,1441.0,1441.0,baghdad_generic,1437.0,1437.5,3
2025-06-23,,,0,,,0,1441.0,1441.0,1,,,0,,,0,,,0,,,0,,,0,,,0,1440.0,1440.0,1,,,0,1441.5,1441.5,1,,,0,,,0,,,0,,,0,,,0,,,0,,,0,,,0,,,0,,,0,1441.0,1441.0,baghdad_generic,1436.5,1437.5,3
2025-06-24,,,0,,,0,1435.0,1435.0,1,,,0,,,0,,,0,,,0,,,0,,,0,,,0,,,0,,,0,,,0,,,0,,,0,,,0,,,0,,,0,,,0,,,0,,,0,,,0,1435.0,1435.0,baghdad_generic,1422.0,1422.0,1
2025-06-25,,,0,,,0,1419.0,1419.0,1,,,0,,,0,,,0,,,0,,,0,,,0,,,0,,,0,,,0,,,0,,,0,,,0,,,0,,,0,,,0,,,0,,,0,,,0,,,0,1419.0,1419.0,baghdad_generic,1414.0,1414.0,1
2025-06-26,,,0,,,0,1417.5,1417.5,1,,,0,,,0,,,0,,,0,,,0,,,0,,,0,,,0,,,0,,,0,,,0,,,0,,,0,,,0,,,0,,,0,,,0,,,0,,,0,1417.5,1417.5,baghdad_generic,1411.5,1411.5,1
2025-06-29,,,0,,,0,1417.5,1417.5,1,,,0,,,0,,,0,,,0,,,0,,,0,1412.5,1412.5,1,,,0,1413.5,1413.5,1,,,0,,,0,,,0,,,0,,,0,,,0,,,0,,,0,,,0,,,0,1417.5,1417.5,baghdad_generic,1410.0,1411.5,3
2025-06-30,,,0,,,0,1417.5,1417.5,1,,,0,,,0,,,0,,,0,,,0,,,0,1417.5,1417.5,1,,,0,1417.5,1417.5,1,,,0,,,0,,,0,,,0,,,0,,,0,,,0,,,0,,,0,,,0,1417.5,1417.5,baghdad_generic,1413.0,1413.5,3
2025-07-01,,,0,,,0,1419.0,1419.0,1,,,0,,,0,,,0,,,0,,,0,,,0,1415.0,1415.0,1,,,0,1417.5,1417.5,1,,,0,,,0,,,0,,,0,,,0,,,0,,,0,,,0,,,0,,,0,1419.0,1419.0,baghdad_generic,1413.0,1414.0,3
2025-07-02,,,0,,,0,1418.0,1418.0,1,,,0,,,0,,,0,,,0,,,0,,,0,1415.0,1415.0,1,,,0,1413.5,1413.5,1,,,0,,,0,,,0,,,0,,,0,,,0,,,0,,,0,,,0,,,0,1418.0,1418.0,baghdad_generic,1410.0,1411.0,3
2025-07-03,,,0,,,0,1415.0,1415.0,1,,,0,,,0,,,0,,,0,,,0,,,0,1410.0,1410.0,1,,,0,1410.0,1410.0,1,,,0,,,0,,,0,,,0,,,0,,,0,,,0,,,0,,,0,,,0,1415.0,1415.0,baghdad_generic,1407.0,1410.0,3
2025-07-07,,,0,,,0,1419.5,1419.5,1,,,0,,,0,,,0,,,0,,,0,,,0,1415.0,1415.0,1,,,0,1412.5,1412.5,1,,,0,,,0,,,0,,,0,,,0,,,0,,,0,,,0,,,0,,,0,1419.5,1419.5,baghdad_generic,1410.0,1412.5,3
2025-07-08,,,0,,,0,1410.0,1410.0,1,,,0,,,0,,,0,,,0,,,0,,,0,1413.0,1413.0,1,,,0,1412.5,1412.5,1,,,0,,,0,,,0,,,0,,,0,,,0,,,0,,,0,,,0,,,0,1410.0,1410.0,baghdad_generic,1402.0,1408.5,3
2025-07-09,,,0,,,0,1420.0,1420.0,1,,,0,,,0,,,0,,,0,,,0,,,0,1412.5,1412.5,1,,,0,1413.5,1413.5,1,,,0,,,0,,,0,,,0,,,0,,,0,,,0,,,0,,,0,,,0,1420.0,1420.0,baghdad_generic,1410.0,1411.5,3
2025-07-10,,,0,,,0,1419.0,1419.0,1,,,0,,,0,,,0,,,0,,,0,,,0,1418.5,1418.5,1,,,0,1416.0,1416.0,1,,,0,,,0,,,0,,,0,,,0,,,0,,,0,,,0,,,0,,,0,1419.0,1419.0,baghdad_generic,1410.5,1412.5,3
2025-07-13,,,0,,,0,1416.0,1416.0,1,,,0,,,0,,,0,,,0,,,0,,,0,1412.5,1412.5,1,,,0,1410.0,1410.0,1,,,0,,,0,,,0,,,0,,,0,,,0,,,0,,,0,,,0,,,0,1416.0,1416.0,baghdad_generic,1406.0,1408.0,3
2025-07-14,,,0,,,0,1412.5,1412.5,1,,,0,,,0,,,0,,,0,,,0,,,0,1412.5,1412.5,1,,,0,1410.0,1410.0,1,,,0,,,0,,,0,,,0,,,0,,,0,,,0,,,0,,,0,,,0,1412.5,1412.5,baghdad_generic,1409.0,1411.5,3
2025-07-15,,,0,,,0,1417.5,1417.5,1,,,0,,,0,,,0,,,0,,,0,,,0,1410.0,1410.0,1,,,0,1410.0,1410.0,1,,,0,,,0,,,0,,,0,,,0,,,0,,,0,,,0,,,0,,,0,1417.5,1417.5,baghdad_generic,1405.0,1407.5,3
2025-07-16,,,0,,,0,1417.5,1417.5,1,,,0,,,0,,,0,,,0,,,0,,,0,1410.0,1410.0,1,,,0,1410.0,1410.0,1,,,0,,,0,,,0,,,0,,,0,,,0,,,0,,,0,,,0,,,0,1417.5,1417.5,baghdad_generic,1405.0,1407.5,3
2025-07-17,,,0,,,0,1410.0,1410.0,1,,,0,,,0,,,0,,,0,,,0,,,0,1410.0,1410.0,2,,,0,1410.0,1410.0,1,,,0,,,0,,,0,,,0,,,0,,,0,,,0,,,0,,,0,,,0,1410.0,1410.0,baghdad_generic,1403.5,1405.0,4
2025-07-20,,,0,,,0,1410.0,1410.0,1,,,0,,,0,,,0,,,0,,,0,,,0,1410.0,1410.0,1,,,0,1401.5,1401.5,1,,,0,,,0,,,0,,,0,,,0,,,0,,,0,,,0,,,0,,,0,1410.0,1410.0,baghdad_generic,1400.0,1403.5,3
2025-07-21,,,0,,,0,1405.0,1405.0,1,,,0,,,0,,,0,,,0,,,0,,,0,1400.0,1400.0,1,,,0,1400.0,1400.0,1,,,0,,,0,,,0,,,0,,,0,,,0,,,0,,,0,,,0,,,0,1405.0,1405.0,baghdad_generic,1395.0,1397.5,3
2025-07-22,,,0,,,0,1397.5,1397.5,1,,,0,,,0,,,0,,,0,,,0,,,0,1392.5,1392.5,1,,,0,1392.5,1392.5,1,,,0,,,0,,,0,,,0,,,0,,,0,,,0,,,0,,,0,,,0,1397.5,1397.5,baghdad_generic,1390.0,1392.5,3
2025-07-23,,,0,,,0,1402.5,1402.5,1,,,0,,,0,,,0,,,0,,,0,,,0,1400.0,1400.0,1,,,0,1395.0,1395.0,1,,,0,,,0,,,0,,,0,,,0,,,0,,,0,,,0,,,0,,,0,1402.5,1402.5,baghdad_generic,1392.5,1395.0,3
2025-07-24,,,0,,,0,1402.0,1402.0,1,,,0,,,0,,,0,,,0,,,0,,,0,1400.0,1400.0,1,,,0,1392.5,1392.5,1,,,0,,,0,,,0,,,0,,,0,,,0,,,0,,,0,,,0,,,0,1402.0,1402.0,baghdad_generic,1391.5,1395.0,3
2025-07-27,,,0,,,0,1395.5,1395.5,1,,,0,,,0,,,0,,,0,,,0,,,0,1397.5,1397.5,1,,,0,1392.5,1392.5,1,,,0,,,0,,,0,,,0,,,0,,,0,,,0,,,0,,,0,,,0,1395.5,1395.5,baghdad_generic,1389.0,1392.5,3
2025-07-28,,,0,,,0,1395.5,1395.5,1,,,0,,,0,,,0,,,0,,,0,,,0,1397.5,1397.5,1,,,0,1392.5,1392.5,1,,,0,,,0,,,0,,,0,,,0,,,0,,,0,,,0,,,0,,,0,1395.5,1395.5,baghdad_generic,1391.0,1392.5,3
2025-07-29,,,0,,,0,1395.0,1395.0,1,,,0,,,0,,,0,,,0,,,0,,,0,1395.0,1395.0,1,,,0,1392.5,1392.5,1,,,0,,,0,,,0,,,0,,,0,,,0,,,0,,,0,,,0,,,0,1395.0,1395.0,baghdad_generic,1389.0,1392.0,3
2025-07-30,,,0,,,0,1392.0,1392.0,1,,,0,,,0,,,0,,,0,,,0,,,0,1392.0,1392.0,1,,,0,,,0,,,0,,,0,,,0,,,0,,,0,,,0,,,0,,,0,,,0,,,0,1392.0,1392.0,baghdad_generic,,,0
2025-07-31,,,0,,,0,1405.0,1405.0,1,,,0,,,0,,,0,,,0,,,0,,,0,1400.0,1400.0,1,,,0,1400.0,1400.0,1,,,0,,,0,,,0,,,0,,,0,,,0,,,0,,,0,,,0,,,0,1405.0,1405.0,baghdad_generic,1395.0,1397.5,3
2025-08-03,,,0,,,0,1397.5,1397.5,1,,,0,,,0,,,0,,,0,,,0,,,0,1395.0,1395.0,1,,,0,1395.5,1395.5,1,,,0,,,0,,,0,,,0,,,0,,,0,,,0,,,0,,,0,,,0,1397.5,1397.5,baghdad_generic,1392.5,1395.0,3
2025-08-04,,,0,,,0,1400.0,1400.0,1,,,0,,,0,,,0,,,0,,,0,,,0,1400.0,1400.0,1,,,0,1399.0,1399.0,1,,,0,,,0,,,0,,,0,,,0,,,0,,,0,,,0,,,0,,,0,1400.0,1400.0,baghdad_generic,1394.5,1397.0,3
2025-08-05,,,0,,,0,1403.5,1403.5,1,,,0,,,0,,,0,,,0,,,0,,,0,1402.5,1402.5,1,,,0,1402.5,1402.5,1,,,0,,,0,,,0,,,0,,,0,,,0,,,0,,,0,,,0,,,0,1403.5,1403.5,baghdad_generic,1395.0,1399.0,3
2025-08-06,,,0,,,0,1402.5,1402.5,1,,,0,,,0,,,0,,,0,,,0,,,0,1400.0,1400.0,1,,,0,1402.5,1402.5,1,,,0,,,0,,,0,,,0,,,0,,,0,,,0,,,0,,,0,,,0,1402.5,1402.5,baghdad_generic,1395.0,1398.5,3
2025-08-07,,,0,,,0,1402.5,1402.5,1,,,0,,,0,,,0,,,0,,,0,,,0,1400.0,1400.0,1,,,0,1402.5,1402.5,1,,,0,,,0,,,0,,,0,,,0,,,0,,,0,,,0,,,0,,,0,1402.5,1402.5,baghdad_generic,1395.0,1399.5,3
2025-08-10,,,0,,,0,1402.0,1402.0,1,,,0,,,0,,,0,,,0,,,0,,,0,1402.5,1402.5,1,,,0,1402.5,1402.5,1,,,0,,,0,,,0,,,0,,,0,,,0,,,0,,,0,,,0,,,0,1402.0,1402.0,baghdad_generic,1397.0,1398.0,3
2025-08-11,,,0,,,0,1405.0,1405.0,1,,,0,,,0,,,0,,,0,,,0,,,0,1405.0,1405.0,1,,,0,1407.5,1407.5,1,,,0,,,0,,,0,,,0,,,0,,,0,,,0,,,0,,,0,,,0,1405.0,1405.0,baghdad_generic,1400.0,1404.5,3
2025-08-12,,,0,,,0,1407.5,1407.5,1,,,0,,,0,,,0,,,0,,,0,,,0,1407.5,1407.5,1,,,0,1408.5,1408.5,1,,,0,,,0,,,0,,,0,,,0,,,0,,,0,,,0,,,0,,,0,1407.5,1407.5,baghdad_generic,1405.0,1406.5,3
2025-08-13,,,0,,,0,1408.5,1408.5,1,,,0,,,0,,,0,,,0,,,0,,,0,1405.0,1405.0,1,,,0,1407.5,1407.5,1,,,0,,,0,,,0,,,0,,,0,,,0,,,0,,,0,,,0,,,0,1408.5,1408.5,baghdad_generic,1400.0,1405.5,3
2025-08-14,,,0,,,0,1408.5,1408.5,1,,,0,,,0,,,0,,,0,,,0,,,0,1408.5,1408.5,1,,,0,1407.5,1407.5,1,,,0,,,0,,,0,,,0,,,0,,,0,,,0,,,0,,,0,,,0,1408.5,1408.5,baghdad_generic,1404.0,1406.0,3
2025-08-17,,,0,,,0,1409.0,1409.0,1,,,0,,,0,,,0,,,0,,,0,,,0,1408.5,1408.5,1,,,0,1407.5,1407.5,1,,,0,,,0,,,0,,,0,,,0,,,0,,,0,,,0,,,0,,,0,1409.0,1409.0,baghdad_generic,1402.5,1403.5,3
2025-08-18,,,0,,,0,1414.5,1414.5,1,,,0,,,0,,,0,,,0,,,0,,,0,1414.0,1414.0,1,,,0,1415.0,1415.0,1,,,0,,,0,,,0,,,0,,,0,,,0,,,0,,,0,,,0,,,0,1414.5,1414.5,baghdad_generic,1408.0,1409.0,3
2025-08-19,,,0,,,0,1422.5,1422.5,1,,,0,,,0,,,0,,,0,,,0,,,0,1420.0,1420.0,1,,,0,1418.5,1418.5,1,,,0,,,0,,,0,,,0,,,0,,,0,,,0,,,0,,,0,,,0,1422.5,1422.5,baghdad_generic,1414.5,1416.5,3
2025-08-20,,,0,,,0,1426.0,1426.0,1,,,0,,,0,,,0,,,0,,,0,,,0,1426.0,1426.0,1,,,0,1424.5,1424.5,1,,,0,,,0,,,0,,,0,,,0,,,0,,,0,,,0,,,0,,,0,1426.0,1426.0,baghdad_generic,1422.0,1422.5,3
2025-08-21,,,0,,,0,1440.0,1440.0,1,,,0,,,0,,,0,,,0,,,0,,,0,1439.0,1439.0,1,,,0,1437.5,1437.5,1,,,0,,,0,,,0,,,0,,,0,,,0,,,0,,,0,,,0,,,0,1440.0,1440.0,baghdad_generic,1433.0,1435.0,3
2025-08-24,,,0,,,0,1420.0,1420.0,1,,,0,,,0,,,0,,,0,,,0,,,0,1420.0,1420.0,1,,,0,1420.0,1420.0,1,,,0,,,0,,,0,,,0,,,0,,,0,,,0,,,0,,,0,,,0,1420.0,1420.0,baghdad_generic,1414.5,1416.5,3
2025-08-25,,,0,,,0,1427.5,1427.5,1,,,0,,,0,,,0,,,0,,,0,,,0,1425.0,1425.0,1,,,0,1424.5,1424.5,1,,,0,,,0,,,0,,,0,,,0,,,0,,,0,,,0,,,0,,,0,1427.5,1427.5,baghdad_generic,1420.0,1422.5,3
2025-08-26,,,0,,,0,1428.0,1428.0,1,,,0,,,0,,,0,,,0,,,0,,,0,1427.5,1427.5,1,,,0,1425.5,1425.5,1,,,0,,,0,,,0,,,0,,,0,,,0,,,0,,,0,,,0,,,0,1428.0,1428.0,baghdad_generic,1419.0,1419.5,3
2025-08-27,,,0,,,0,1428.5,1428.5,1,,,0,,,0,,,0,,,0,,,0,,,0,1426.0,1426.0,1,,,0,1423.5,1423.5,1,,,0,,,0,,,0,,,0,,,0,,,0,,,0,,,0,,,0,,,0,1428.5,1428.5,baghdad_generic,1420.5,1422.5,3
2025-08-28,,,0,,,0,1425.5,1425.5,1,,,0,,,0,,,0,,,0,,,0,,,0,1425.0,1425.0,1,,,0,1423.5,1423.5,1,,,0,,,0,,,0,,,0,,,0,,,0,,,0,,,0,,,0,,,0,1425.5,1425.5,baghdad_generic,1419.0,1420.0,3
2025-08-31,,,0,,,0,1434.0,1434.0,2,,,0,,,0,,,0,,,0,,,0,,,0,,,0,,,0,1432.5,1432.5,1,,,0,,,0,,,0,,,0,,,0,,,0,,,0,,,0,,,0,,,0,1434.0,1434.0,baghdad_generic,1425.5,1428.5,3
2025-09-01,,,0,,,0,1430.0,1430.0,1,,,0,,,0,,,0,,,0,,,0,,,0,1427.5,1427.5,1,,,0,1425.0,1425.0,1,,,0,,,0,,,0,,,0,,,0,,,0,,,0,,,0,,,0,,,0,1430.0,1430.0,baghdad_generic,1422.5,1425.5,3
2025-09-02,,,0,,,0,1430.0,1430.0,1,,,0,,,0,,,0,,,0,,,0,,,0,1430.0,1430.0,1,,,0,1425.5,1425.5,1,,,0,,,0,,,0,,,0,,,0,,,0,,,0,,,0,,,0,,,0,1430.0,1430.0,baghdad_generic,1423.5,1426.0,3
2025-09-03,,,0,,,0,1432.5,1432.5,1,,,0,,,0,,,0,,,0,,,0,,,0,1432.5,1432.5,1,,,0,1425.5,1425.5,1,,,0,,,0,,,0,,,0,,,0,,,0,,,0,,,0,,,0,,,0,1432.5,1432.5,baghdad_generic,1418.5,1427.5,3
2025-09-04,,,0,,,0,1437.0,1437.0,1,,,0,,,0,,,0,,,0,,,0,,,0,1435.5,1435.5,1,,,0,1433.5,1433.5,1,,,0,,,0,,,0,,,0,,,0,,,0,,,0,,,0,,,0,,,0,1437.0,1437.0,baghdad_generic,1429.0,1431.0,3
2025-09-07,,,0,,,0,1435.0,1435.0,1,,,0,,,0,,,0,,,0,,,0,,,0,1432.0,1432.0,1,,,0,1430.0,1430.0,1,,,0,,,0,,,0,,,0,,,0,,,0,,,0,,,0,,,0,,,0,1435.0,1435.0,baghdad_generic,1426.0,1427.5,3
2025-09-08,,,0,,,0,1435.0,1435.0,1,,,0,,,0,,,0,,,0,,,0,,,0,1433.5,1433.5,1,,,0,1432.0,1432.0,1,,,0,,,0,,,0,,,0,,,0,,,0,,,0,,,0,,,0,,,0,1435.0,1435.0,baghdad_generic,1426.5,1429.0,3
2025-09-09,,,0,,,0,1437.5,1437.5,1,,,0,,,0,,,0,,,0,,,0,,,0,1437.5,1437.5,1,,,0,1434.5,1434.5,1,,,0,,,0,,,0,,,0,,,0,,,0,,,0,,,0,,,0,,,0,1437.5,1437.5,baghdad_generic,1432.0,1433.0,3
2025-09-10,,,0,,,0,1440.0,1440.0,1,,,0,,,0,,,0,,,0,,,0,,,0,1440.0,1440.0,1,,,0,1439.0,1439.0,1,,,0,,,0,,,0,,,0,,,0,,,0,,,0,,,0,,,0,,,0,1440.0,1440.0,baghdad_generic,1434.0,1435.0,3
2025-09-11,,,0,,,0,1436.0,1436.0,1,,,0,,,0,,,0,,,0,,,0,,,0,1445.5,1445.5,1,,,0,1434.0,1434.0,1,,,0,,,0,,,0,,,0,,,0,,,0,,,0,,,0,,,0,,,0,1436.0,1436.0,baghdad_generic,1429.5,1430.5,3
2025-09-14,,,0,,,0,1437.5,1437.5,1,,,0,,,0,,,0,,,0,,,0,,,0,1436.0,1436.0,1,,,0,1431.0,1431.0,1,,,0,,,0,,,0,,,0,,,0,,,0,,,0,,,0,,,0,,,0,1437.5,1437.5,baghdad_generic,1427.5,1427.5,3
2025-09-15,,,0,,,0,1435.0,1435.0,1,,,0,,,0,,,0,,,0,,,0,,,0,1432.5,1432.5,1,,,0,1432.0,1432.0,1,,,0,,,0,,,0,,,0,,,0,,,0,,,0,,,0,,,0,,,0,1435.0,1435.0,baghdad_generic,1427.5,1429.0,3
2025-09-16,,,0,,,0,1435.0,1435.0,1,,,0,,,0,,,0,,,0,,,0,,,0,1433.5,1433.5,1,,,0,1432.0,1432.0,1,,,0,,,0,,,0,,,0,,,0,,,0,,,0,,,0,,,0,,,0,1435.0,1435.0,baghdad_generic,1426.5,1427.5,3
2025-09-17,,,0,,,0,1435.0,1435.0,1,,,0,,,0,,,0,,,0,,,0,,,0,1434.5,1434.5,1,,,0,1433.0,1433.0,1,,,0,,,0,,,0,,,0,,,0,,,0,,,0,,,0,,,0,,,0,1435.0,1435.0,baghdad_generic,1425.0,1426.5,3
2025-09-18,,,0,,,0,1437.5,1437.5,1,,,0,,,0,,,0,,,0,,,0,,,0,1434.0,1434.0,1,,,0,1430.0,1430.0,1,,,0,,,0,,,0,,,0,,,0,,,0,,,0,,,0,,,0,,,0,1437.5,1437.5,baghdad_generic,1427.0,1428.0,3
2025-09-21,,,0,,,0,1430.0,1430.0,1,,,0,,,0,,,0,,,0,,,0,,,0,1427.5,1427.5,1,,,0,1422.5,1422.5,1,,,0,,,0,,,0,,,0,,,0,,,0,,,0,,,0,,,0,,,0,1430.0,1430.0,baghdad_generic,1417.5,1419.25,3
2025-09-22,,,0,,,0,1420.0,1420.0,1,,,0,,,0,,,0,,,0,,,0,,,0,1420.0,1420.0,1,,,0,1417.5,1417.5,1,,,0,,,0,,,0,,,0,,,0,,,0,,,0,,,0,,,0,,,0,1420.0,1420.0,baghdad_generic,1412.5,1416.0,3
2025-09-23,,,0,,,0,1416.5,1416.5,1,,,0,,,0,,,0,,,0,,,0,,,0,1415.0,1415.0,1,,,0,1412.5,1412.5,1,,,0,,,0,,,0,,,0,,,0,,,0,,,0,,,0,,,0,,,0,1416.5,1416.5,baghdad_generic,1407.5,1411.5,3
2025-09-24,,,0,,,0,1425.0,1425.0,1,,,0,,,0,,,0,,,0,,,0,,,0,1415.0,1415.0,1,,,0,1415.0,1415.0,1,,,0,,,0,,,0,,,0,,,0,,,0,,,0,,,0,,,0,,,0,1425.0,1425.0,baghdad_generic,1412.0,1415.0,3
2025-09-25,,,0,,,0,1420.0,1420.0,1,,,0,,,0,,,0,,,0,,,0,,,0,1420.0,1420.0,1,,,0,1420.0,1420.0,1,,,0,,,0,,,0,,,0,,,0,,,0,,,0,,,0,,,0,,,0,1420.0,1420.0,baghdad_generic,1415.5,1418.0,3
2025-09-28,,,0,,,0,1419.0,1419.0,1,,,0,,,0,,,0,,,0,,,0,,,0,1418.5,1418.5,1,,,0,1417.5,1417.5,1,,,0,,,0,,,0,,,0,,,0,,,0,,,0,,,0,,,0,,,0,1419.0,1419.0,baghdad_generic,1412.0,1414.5,3
2025-09-29,,,0,,,0,1418.0,1418.0,1,,,0,,,0,,,0,,,0,,,0,,,0,1417.5,1417.5,1,,,0,1416.5,1416.5,1,,,0,,,0,,,0,,,0,,,0,,,0,,,0,,,0,,,0,,,0,1418.0,1418.0,baghdad_generic,1411.5,1413.5,3
2025-09-30,,,0,,,0,1419.0,1419.0,1,,,0,,,0,,,0,,,0,,,0,,,0,1419.0,1419.0,1,,,0,1417.5,1417.5,1,,,0,,,0,,,0,,,0,,,0,,,0,,,0,,,0,,,0,,,0,1419.0,1419.0,baghdad_generic,1412.5,1415.0,3
2025-10-01,,,0,,,0,1420.0,1420.0,1,,,0,,,0,,,0,,,0,,,0,,,0,1418.5,1418.5,1,,,0,1413.5,1413.5,1,,,0,,,0,,,0,,,0,,,0,,,0,,,0,,,0,,,0,,,0,1420.0,1420.0,baghdad_generic,1411.5,1414.5,3
2025-10-05,,,0,,,0,1420.0,1420.0,1,,,0,,,0,,,0,,,0,,,0,,,0,1418.5,1418.5,1,,,0,1415.5,1415.5,1,,,0,,,0,,,0,,,0,,,0,,,0,,,0,,,0,,,0,,,0,1420.0,1420.0,baghdad_generic,1411.5,1414.0,3
2025-10-06,,,0,,,0,1420.0,1420.0,1,,,0,,,0,,,0,,,0,,,0,,,0,1420.0,1420.0,1,,,0,1416.5,1416.5,1,,,0,,,0,,,0,,,0,,,0,,,0,,,0,,,0,,,0,,,0,1420.0,1420.0,baghdad_generic,1413.25,1415.5,3
2025-10-07,,,0,,,0,1418.5,1418.5,1,,,0,,,0,,,0,,,0,,,0,,,0,1417.5,1417.5,1,,,0,1415.5,1415.5,1,,,0,,,0,,,0,,,0,,,0,,,0,,,0,,,0,,,0,,,0,1418.5,1418.5,baghdad_generic,1411.5,1415.0,3
2025-10-08,,,0,,,0,1420.0,1420.0,1,,,0,,,0,,,0,,,0,,,0,,,0,1419.5,1419.5,1,,,0,1417.5,1417.5,1,,,0,,,0,,,0,,,0,,,0,,,0,,,0,,,0,,,0,,,0,1420.0,1420.0,baghdad_generic,1412.5,1416.0,3
2025-10-09,,,0,,,0,1420.0,1420.0,1,,,0,,,0,,,0,,,0,,,0,,,0,1419.5,1419.5,2,,,0,1417.5,1417.5,1,,,0,,,0,,,0,,,0,,,0,,,0,,,0,,,0,,,0,,,0,1420.0,1420.0,baghdad_generic,1413.5,1415.5,4
2025-10-12,,,0,,,0,1425.0,1425.0,1,,,0,,,0,,,0,,,0,,,0,,,0,1422.0,1422.0,1,,,0,1418.5,1418.5,1,,,0,,,0,,,0,,,0,,,0,,,0,,,0,,,0,,,0,,,0,1425.0,1425.0,baghdad_generic,1413.0,1416.0,3
2025-10-13,,,0,,,0,1421.0,1421.0,1,,,0,,,0,,,0,,,0,,,0,,,0,1420.0,1420.0,1,,,0,1418.0,1418.0,1,,,0,,,0,,,0,,,0,,,0,,,0,,,0,,,0,,,0,,,0,1421.0,1421.0,baghdad_generic,1415.5,1417.5,3
2025-10-15,,,0,,,0,1425.0,1425.0,1,,,0,,,0,,,0,,,0,,,0,,,0,1420.0,1420.0,1,,,0,1418.5,1418.5,1,,,0,,,0,,,0,,,0,,,0,,,0,,,0,,,0,,,0,,,0,1425.0,1425.0,baghdad_generic,1414.5,1417.5,3
2025-10-16,,,0,,,0,1425.0,1425.0,1,,,0,,,0,,,0,,,0,,,0,,,0,1421.0,1421.0,1,,,0,1418.5,1418.5,1,,,0,,,0,,,0,,,0,,,0,,,0,,,0,,,0,,,0,,,0,1425.0,1425.0,baghdad_generic,1413.5,1416.0,3
2025-10-19,,,0,,,0,1420.0,1420.0,1,,,0,,,0,,,0,,,0,,,0,,,0,1420.0,1420.0,1,,,0,1418.5,1418.5,1,,,0,,,0,,,0,,,0,,,0,,,0,,,0,,,0,,,0,,,0,1420.0,1420.0,baghdad_generic,1415.5,1416.5,3
2025-10-20,,,0,,,0,1425.0,1425.0,1,,,0,,,0,,,0,,,0,,,0,,,0,1420.0,1420.0,1,,,0,1417.5,1417.5,1,,,0,,,0,,,0,,,0,,,0,,,0,,,0,,,0,,,0,,,0,1425.0,1425.0,baghdad_generic,1416.5,1417.5,3
2025-10-21,,,0,,,0,1415.5,1415.5,1,,,0,,,0,,,0,,,0,,,0,,,0,,,0,,,0,,,0,,,0,,,0,,,0,,,0,,,0,,,0,,,0,,,0,,,0,,,0,1415.5,1415.5,baghdad_generic,,,0
2025-10-22,,,0,,,0,1425.0,1425.0,1,,,0,,,0,,,0,,,0,,,0,,,0,1420.0,1420.0,1,,,0,1418.5,1418.5,1,,,0,,,0,,,0,,,0,,,0,,,0,,,0,,,0,,,0,,,0,1425.0,1425.0,baghdad_generic,1414.0,1415.0,3
2025-10-23,,,0,,,0,1425.0,1425.0,1,,,0,,,0,,,0,,,0,,,0,,,0,1419.5,1419.5,1,,,0,1417.5,1417.5,1,,,0,,,0,,,0,,,0,,,0,,,0,,,0,,,0,,,0,,,0,1425.0,1425.0,baghdad_generic,1413.0,1415.0,3
2025-10-26,,,0,,,0,1425.0,1425.0,1,,,0,,,0,,,0,,,0,,,0,,,0,1420.0,1420.0,1,,,0,1415.5,1415.5,1,,,0,,,0,,,0,,,0,,,0,,,0,,,0,,,0,,,0,,,0,1425.0,1425.0,baghdad_generic,1411.5,1413.5,3
2025-10-27,,,0,,,0,1415.0,1415.0,1,,,0,,,0,,,0,,,0,,,0,,,0,1412.5,1412.5,1,,,0,1410.0,1410.0,1,,,0,,,0,,,0,,,0,,,0,,,0,,,0,,,0,,,0,,,0,1415.0,1415.0,baghdad_generic,1406.5,1408.5,3
2025-10-28,,,0,,,0,1420.0,1420.0,1,,,0,,,0,,,0,,,0,,,0,,,0,1416.5,1416.5,1,,,0,1411.0,1411.0,1,,,0,,,0,,,0,,,0,,,0,,,0,,,0,,,0,,,0,,,0,1420.0,1420.0,baghdad_generic,1407.5,1410.0,3
2025-10-29,,,0,,,0,,,0,,,0,,,0,,,0,,,0,,,0,,,0,1415.0,1415.0,1,,,0,1410.0,1410.0,1,,,0,,,0,,,0,,,0,,,0,,,0,,,0,,,0,,,0,,,0,,,,1407.5,1409.0,2
2025-10-30,,,0,,,0,1419.0,1419.0,1,,,0,,,0,,,0,,,0,,,0,,,0,1414.5,1414.5,1,,,0,1410.0,1410.0,1,,,0,,,0,,,0,,,0,,,0,,,0,,,0,,,0,,,0,,,0,1419.0,1419.0,baghdad_generic,1406.5,1409.0,3
2025-11-02,,,0,,,0,1415.0,1415.0,1,,,0,,,0,,,0,,,0,,,0,,,0,1412.5,1412.5,1,,,0,1408.0,1408.0,1,,,0,,,0,,,0,,,0,,,0,,,0,,,0,,,0,,,0,,,0,1415.0,1415.0,baghdad_generic,1404.0,1408.5,3
2025-11-03,,,0,,,0,1417.5,1417.5,1,,,0,,,0,,,0,,,0,,,0,,,0,1415.0,1415.0,1,,,0,1408.0,1408.0,1,,,0,,,0,,,0,,,0,,,0,,,0,,,0,,,0,,,0,,,0,1417.5,1417.5,baghdad_generic,1406.5,1410.0,3
2025-11-04,,,0,,,0,1415.5,1415.5,1,,,0,,,0,,,0,,,0,,,0,,,0,1415.0,1415.0,1,,,0,1415.0,1415.0,1,,,0,,,0,,,0,,,0,,,0,,,0,,,0,,,0,,,0,,,0,1415.5,1415.5,baghdad_generic,1409.5,1410.0,3
2025-11-05,,,0,,,0,1418.5,1418.5,1,,,0,,,0,,,0,,,0,,,0,,,0,1415.5,1415.5,1,,,0,1415.0,1415.0,1,,,0,,,0,,,0,,,0,,,0,,,0,,,0,,,0,,,0,,,0,1418.5,1418.5,baghdad_generic,1410.0,1411.5,3
2025-11-06,,,0,,,0,1418.5,1418.5,1,,,0,,,0,,,0,,,0,,,0,,,0,1417.5,1417.5,1,,,0,1411.0,1411.0,1,,,0,,,0,,,0,,,0,,,0,,,0,,,0,,,0,,,0,,,0,1418.5,1418.5,baghdad_generic,1409.5,1413.0,3
2025-11-10,,,0,,,0,1427.0,1427.0,1,,,0,,,0,,,0,,,0,,,0,,,0,1420.5,1420.5,1,,,0,1416.0,1416.0,1,,,0,,,0,,,0,,,0,,,0,,,0,,,0,,,0,,,0,,,0,1427.0,1427.0,baghdad_generic,1413.5,1415.5,3
2025-11-12,,,0,,,0,1425.0,1425.0,1,,,0,,,0,,,0,,,0,,,0,,,0,1420.5,1420.5,1,,,0,1415.0,1415.0,1,,,0,,,0,,,0,,,0,,,0,,,0,,,0,,,0,,,0,,,0,1425.0,1425.0,baghdad_generic,1412.5,1415.5,3
2025-11-13,,,0,,,0,1422.5,1422.5,1,,,0,,,0,,,0,,,0,,,0,,,0,1422.0,1422.0,1,,,0,1412.5,1412.5,1,,,0,,,0,,,0,,,0,,,0,,,0,,,0,,,0,,,0,,,0,1422.5,1422.5,baghdad_generic,1410.0,1414.0,3
2025-11-16,,,0,,,0,1422.5,1422.5,1,,,0,,,0,,,0,,,0,,,0,,,0,1421.5,1421.5,1,,,0,1417.5,1417.5,1,,,0,,,0,,,0,,,0,,,0,,,0,,,0,,,0,,,0,,,0,1422.5,1422.5,baghdad_generic,1412.0,1413.5,3
2025-11-17,,,0,,,0,1425.0,1425.0,1,,,0,,,0,,,0,,,0,,,0,,,0,1419.5,1419.5,1,,,0,1413.5,1413.5,1,,,0,,,0,,,0,,,0,,,0,,,0,,,0,,,0,,,0,,,0,1425.0,1425.0,baghdad_generic,1409.5,1415.5,3
2025-11-18,,,0,,,0,1412.5,1412.5,1,,,0,,,0,,,0,,,0,,,0,,,0,1412.0,1412.0,1,,,0,1412.5,1412.5,1,,,0,,,0,,,0,,,0,,,0,,,0,,,0,,,0,,,0,,,0,1412.5,1412.5,baghdad_generic,,,0
2025-11-19,,,0,,,0,1413.5,1413.5,1,,,0,,,0,,,0,,,0,,,0,,,0,1413.0,1413.0,1,,,0,1412.5,1412.5,1,,,0,,,0,,,0,,,0,,,0,,,0,,,0,,,0,,,0,,,0,1413.5,1413.5,baghdad_generic,,,0
2025-11-23,,,0,,,0,1411.5,1411.5,1,,,0,,,0,,,0,,,0,,,0,,,0,1411.5,1411.5,1,,,0,1408.5,1408.5,1,,,0,,,0,,,0,,,0,,,0,,,0,,,0,,,0,,,0,,,0,1411.5,1411.5,baghdad_generic,,,0
2025-11-24,,,0,,,0,1439.5,1439.5,1,,,0,,,0,,,0,,,0,,,0,,,0,1439.0,1439.0,1,,,0,1435.5,1435.5,1,,,0,,,0,,,0,,,0,,,0,,,0,,,0,,,0,,,0,,,0,1439.5,1439.5,baghdad_generic,1424.5,1429.0,3
2025-11-25,,,0,,,0,1433.5,1433.5,1,,,0,,,0,,,0,,,0,,,0,,,0,1434.0,1434.0,1,,,0,1425.5,1425.5,1,,,0,,,0,,,0,,,0,,,0,,,0,,,0,,,0,,,0,,,0,1433.5,1433.5,baghdad_generic,1419.5,1426.5,3
2025-11-26,,,0,,,0,1430.0,1430.0,1,,,0,,,0,,,0,,,0,,,0,,,0,1430.0,1430.0,1,,,0,1421.0,1421.0,1,,,0,,,0,,,0,,,0,,,0,,,0,,,0,,,0,,,0,,,0,1430.0,1430.0,baghdad_generic,1415.5,1424.5,3
2025-11-30,,,0,,,0,1432.5,1432.5,1,,,0,,,0,,,0,,,0,,,0,,,0,1430.0,1430.0,1,,,0,1418.5,1418.5,1,,,0,,,0,,,0,,,0,,,0,,,0,,,0,,,0,,,0,,,0,1432.5,1432.5,baghdad_generic,1415.5,1422.5,3
2025-12-01,,,0,,,0,1435.0,1435.0,1,,,0,,,0,,,0,,,0,,,0,,,0,1435.0,1435.0,1,,,0,1424.0,1424.0,1,,,0,,,0,,,0,,,0,,,0,,,0,,,0,,,0,,,0,,,0,1435.0,1435.0,baghdad_generic,1418.0,1425.0,3
2025-12-02,,,0,,,0,1440.0,1440.0,1,,,0,,,0,,,0,,,0,,,0,,,0,1439.0,1439.0,1,,,0,1427.5,1427.5,1,,,0,,,0,,,0,,,0,,,0,,,0,,,0,,,0,,,0,,,0,1440.0,1440.0,baghdad_generic,1421.5,1430.0,3
2025-12-07,,,0,,,0,1435.0,1435.0,1,,,0,,,0,,,0,,,0,,,0,,,0,1432.5,1432.5,1,,,0,1421.0,1421.0,1,,,0,,,0,,,0,,,0,,,0,,,0,,,0,,,0,,,0,,,0,1435.0,1435.0,baghdad_generic,1417.0,1428.5,3
2025-12-08,,,0,,,0,1430.5,1430.5,1,,,0,,,0,,,0,,,0,,,0,,,0,1430.0,1430.0,1,,,0,1424.0,1424.0,1,,,0,,,0,,,0,,,0,,,0,,,0,,,0,,,0,,,0,,,0,1430.5,1430.5,baghdad_generic,1420.5,1429.5,3
2025-12-09,,,0,,,0,1435.0,1435.0,1,,,0,,,0,,,0,,,0,,,0,,,0,1435.0,1435.0,1,,,0,1425.0,1425.0,1,,,0,,,0,,,0,,,0,,,0,,,0,,,0,,,0,,,0,,,0,1435.0,1435.0,baghdad_generic,1421.5,1427.5,3
2025-12-11,,,0,,,0,,,0,,,0,,,0,,,0,,,0,,,0,,,0,1427.5,1427.5,1,,,0,,,0,,,0,,,0,,,0,,,0,,,0,,,0,,,0,,,0,,,0,,,0,,,,1420.0,1420.0,1
2025-12-14,,,0,,,0,1433.5,1433.5,1,,,0,,,0,,,0,,,0,,,0,,,0,,,0,,,0,,,0,,,0,,,0,,,0,,,0,,,0,,,0,,,0,,,0,,,0,,,0,1433.5,1433.5,baghdad_generic,,,0
2025-12-15,,,0,,,0,1431.5,1431.5,1,,,0,,,0,,,0,,,0,,,0,,,0,,,0,,,0,,,0,,,0,,,0,,,0,,,0,,,0,,,0,,,0,,,0,,,0,,,0,1431.5,1431.5,baghdad_generic,,,0
2025-12-16,,,0,,,0,1429.0,1429.0,1,,,0,,,0,,,0,,,0,,,0,,,0,,,0,,,0,,,0,,,0,,,0,,,0,,,0,,,0,,,0,,,0,,,0,,,0,,,0,1429.0,1429.0,baghdad_generic,,,0
2025-12-17,,,0,,,0,1424.0,1424.0,1,,,0,,,0,,,0,,,0,,,0,,,0,,,0,,,0,,,0,,,0,,,0,,,0,,,0,,,0,,,0,,,0,,,0,,,0,,,0,1424.0,1424.0,baghdad_generic,,,0
2025-12-18,,,0,,,0,1427.5,1427.5,1,,,0,,,0,,,0,,,0,,,0,,,0,,,0,,,0,,,0,,,0,,,0,,,0,,,0,,,0,,,0,,,0,,,0,,,0,,,0,1427.5,1427.5,baghdad_generic,,,0
2025-12-21,,,0,,,0,1428.0,1428.0,1,,,0,,,0,,,0,,,0,,,0,,,0,,,0,,,0,,,0,,,0,,,0,,,0,,,0,,,0,,,0,,,0,,,0,,,0,,,0,1428.0,1428.0,baghdad_generic,,,0
2025-12-22,,,0,,,0,1428.5,1428.5,1,,,0,,,0,,,0,,,0,,,0,,,0,,,0,,,0,,,0,,,0,,,0,,,0,,,0,,,0,,,0,,,0,,,0,,,0,,,0,1428.5,1428.5,baghdad_generic,,,0
2025-12-23,,,0,,,0,1431.0,1431.0,1,,,0,,,0,,,0,,,0,,,0,,,0,,,0,,,0,,,0,,,0,,,0,,,0,,,0,,,0,,,0,,,0,,,0,,,0,,,0,1431.0,1431.0,baghdad_generic,,,0
2025-12-24,,,0,,,0,1431.5,1431.5,1,,,0,,,0,,,0,,,0,,,0,,,0,,,0,,,0,,,0,,,0,,,0,,,0,,,0,,,0,,,0,,,0,,,0,,,0,,,0,1431.5,1431.5,baghdad_generic,,,0
2025-12-25,,,0,,,0,1434.0,1434.0,1,,,0,,,0,,,0,,,0,,,0,,,0,,,0,,,0,,,0,,,0,,,0,,,0,,,0,,,0,,,0,,,0,,,0,,,0,,,0,1434.0,1434.0,baghdad_generic,,,0
2025-12-28,,,0,,,0,1436.0,1436.0,1,,,0,,,0,,,0,,,0,,,0,,,0,,,0,,,0,,,0,,,0,,,0,,,0,,,0,,,0,,,0,,,0,,,0,,,0,,,0,1436.0,1436.0,baghdad_generic,,,0
2025-12-29,,,0,,,0,1440.0,1440.0,1,,,0,,,0,,,0,,,0,,,0,,,0,,,0,,,0,,,0,,,0,,,0,,,0,,,0,,,0,,,0,,,0,,,0,,,0,,,0,1440.0,1440.0,baghdad_generic,,,0
2025-12-30,,,0,,,0,1441.0,1441.0,1,,,0,,,0,,,0,,,0,,,0,,,0,,,0,,,0,,,0,,,0,,,0,,,0,,,0,,,0,,,0,,,0,,,0,,,0,,,0,1441.0,1441.0,baghdad_generic,,,0
2025-12-31,,,0,,,0,1443.5,1443.5,1,,,0,,,0,,,0,,,0,,,0,,,0,,,0,,,0,,,0,,,0,,,0,,,0,,,0,,,0,,,0,,,0,,,0,,,0,,,0,1443.5,1443.5,baghdad_generic,,,0
2026-01-04,,,0,,,0,1452.0,1452.0,1,,,0,,,0,,,0,,,0,,,0,,,0,,,0,,,0,,,0,,,0,,,0,,,0,,,0,,,0,,,0,,,0,,,0,,,0,,,0,1452.0,1452.0,baghdad_generic,,,0
2026-01-05,,,0,,,0,1465.0,1465.0,1,,,0,,,0,,,0,,,0,,,0,,,0,,,0,,,0,,,0,,,0,,,0,,,0,,,0,,,0,,,0,,,0,,,0,,,0,,,0,1465.0,1465.0,baghdad_generic,,,0
2026-01-06,,,0,,,0,1477.0,1477.0,1,,,0,,,0,,,0,,,0,,,0,,,0,,,0,,,0,,,0,,,0,,,0,,,0,,,0,,,0,,,0,,,0,,,0,,,0,,,0,1477.0,1477.0,baghdad_generic,,,0
2026-01-07,,,0,,,0,1468.5,1468.5,1,,,0,,,0,,,0,,,0,,,0,,,0,,,0,,,0,,,0,,,0,,,0,,,0,,,0,,,0,,,0,,,0,,,0,,,0,,,0,1468.5,1468.5,baghdad_generic,,,0
2026-01-08,,,0,,,0,1470.0,1470.0,1,,,0,,,0,,,0,,,0,,,0,,,0,,,0,,,0,,,0,,,0,,,0,,,0,,,0,,,0,,,0,,,0,,,0,,,0,,,0,1470.0,1470.0,baghdad_generic,,,0
2026-01-11,,,0,,,0,1463.0,1463.0,1,,,0,,,0,,,0,,,0,,,0,,,0,1461.0,1461.0,1,,,0,1456.0,1456.0,1,,,0,,,0,,,0,,,0,,,0,,,0,,,0,,,0,,,0,,,0,1463.0,1463.0,baghdad_generic,,,0
2026-01-12,,,0,,,0,1467.5,1467.5,1,,,0,,,0,,,0,,,0,,,0,,,0,,,0,,,0,,,0,,,0,,,0,,,0,,,0,,,0,,,0,,,0,,,0,,,0,,,0,1467.5,1467.5,baghdad_generic,,,0
2026-01-13,,,0,,,0,1464.0,1464.0,1,,,0,,,0,,,0,,,0,,,0,,,0,,,0,,,0,,,0,,,0,,,0,,,0,,,0,,,0,,,0,,,0,,,0,,,0,,,0,1464.0,1464.0,baghdad_generic,,,0
2026-01-18,,,0,,,0,1475.0,1475.0,1,,,0,,,0,,,0,,,0,,,0,,,0,1474.0,1474.0,1,,,0,,,0,,,0,,,0,,,0,,,0,,,0,,,0,,,0,,,0,,,0,,,0,1475.0,1475.0,baghdad_generic,,,0
2026-01-19,,,0,,,0,1473.5,1473.5,1,,,0,,,0,,,0,,,0,,,0,,,0,1472.5,1472.5,1,,,0,,,0,,,0,,,0,,,0,,,0,,,0,,,0,,,0,,,0,,,0,,,0,1473.5,1473.5,baghdad_generic,,,0
2026-01-21,,,0,,,0,1478.5,1478.5,1,,,0,,,0,,,0,,,0,,,0,,,0,1477.5,1477.5,1,,,0,,,0,,,0,,,0,,,0,,,0,,,0,,,0,,,0,,,0,,,0,,,0,1478.5,1478.5,baghdad_generic,,,0
2026-01-22,,,0,,,0,1479.5,1479.5,1,,,0,,,0,,,0,,,0,,,0,,,0,,,0,,,0,,,0,,,0,,,0,,,0,,,0,,,0,,,0,,,0,,,0,,,0,,,0,1479.5,1479.5,baghdad_generic,,,0
2026-01-25,,,0,,,0,1487.0,1487.0,1,,,0,,,0,,,0,,,0,,,0,,,0,,,0,,,0,,,0,,,0,,,0,,,0,,,0,,,0,,,0,,,0,,,0,,,0,,,0,1487.0,1487.0,baghdad_generic,,,0
2026-01-26,,,0,,,0,1493.0,1493.0,1,,,0,,,0,,,0,,,0,,,0,,,0,,,0,,,0,,,0,,,0,,,0,,,0,,,0,,,0,,,0,,,0,,,0,,,0,,,0,1493.0,1493.0,baghdad_generic,,,0
2026-01-28,,,0,,,0,1529.0,1529.0,1,,,0,,,0,,,0,,,0,,,0,,,0,1523.0,1523.0,1,,,0,,,0,,,0,,,0,,,0,,,0,,,0,,,0,,,0,,,0,,,0,,,0,1529.0,1529.0,baghdad_generic,,,0
2026-01-29,,,0,,,0,1497.0,1497.0,1,,,0,,,0,,,0,,,0,,,0,,,0,,,0,,,0,,,0,,,0,,,0,,,0,,,0,,,0,,,0,,,0,,,0,,,0,,,0,1497.0,1497.0,baghdad_generic,,,0
2026-02-01,,,0,,,0,1479.0,1479.0,1,,,0,,,0,,,0,,,0,,,0,,,0,,,0,,,0,,,0,,,0,,,0,,,0,,,0,,,0,,,0,,,0,,,0,,,0,,,0,1479.0,1479.0,baghdad_generic,,,0
2026-02-02,,,0,,,0,1489.0,1489.0,1,,,0,,,0,,,0,,,0,,,0,,,0,,,0,,,0,,,0,,,0,,,0,,,0,,,0,,,0,,,0,,,0,,,0,,,0,,,0,1489.0,1489.0,baghdad_generic,,,0
2026-02-03,,,0,,,0,1491.0,1491.0,1,,,0,,,0,,,0,,,0,,,0,,,0,,,0,,,0,,,0,,,0,,,0,,,0,,,0,,,0,,,0,,,0,,,0,,,0,,,0,1491.0,1491.0,baghdad_generic,,,0
2026-02-04,,,0,,,0,1497.0,1497.0,1,,,0,,,0,,,0,,,0,,,0,,,0,1496.0,1496.0,1,,,0,,,0,,,0,,,0,,,0,,,0,,,0,,,0,,,0,,,0,,,0,,,0,1497.0,1497.0,baghdad_generic,,,0
2026-02-05,,,0,,,0,1499.5,1499.5,1,,,0,,,0,,,0,,,0,,,0,,,0,1496.0,1496.0,1,,,0,,,0,,,0,,,0,,,0,,,0,,,0,,,0,,,0,,,0,,,0,,,0,1499.5,1499.5,baghdad_generic,,,0
2026-02-08,,,0,,,0,1498.5,1498.5,1,,,0,,,0,,,0,,,0,,,0,,,0,1497.5,1497.5,1,,,0,,,0,,,0,,,0,,,0,,,0,,,0,,,0,,,0,,,0,,,0,,,0,1498.5,1498.5,baghdad_generic,,,0
2026-02-09,,,0,,,0,1499.5,1499.5,1,,,0,,,0,,,0,,,0,,,0,,,0,1498.5,1498.5,1,,,0,,,0,,,0,,,0,,,0,,,0,,,0,,,0,,,0,,,0,,,0,,,0,1499.5,1499.5,baghdad_generic,,,0
2026-02-10,,,0,,,0,1502.0,1502.0,1,,,0,,,0,,,0,,,0,,,0,,,0,,,0,,,0,,,0,,,0,,,0,,,0,,,0,,,0,,,0,,,0,,,0,,,0,,,0,1502.0,1502.0,baghdad_generic,,,0
2026-02-11,,,0,,,0,1501.0,1501.0,1,,,0,,,0,,,0,,,0,,,0,,,0,,,0,,,0,,,0,,,0,,,0,,,0,,,0,,,0,,,0,,,0,,,0,,,0,,,0,1501.0,1501.0,baghdad_generic,,,0
2026-02-12,,,0,,,0,1514.0,1514.0,1,,,0,,,0,,,0,,,0,,,0,,,0,1512.0,1512.0,1,,,0,,,0,,,0,,,0,,,0,,,0,,,0,,,0,,,0,,,0,,,0,,,0,1514.0,1514.0,baghdad_generic,,,0
2026-02-15,,,0,,,0,1509.0,1509.0,1,,,0,,,0,,,0,,,0,,,0,,,0,,,0,,,0,,,0,,,0,,,0,,,0,,,0,,,0,,,0,,,0,,,0,,,0,,,0,1509.0,1509.0,baghdad_generic,,,0
2026-02-16,,,0,,,0,1514.0,1514.0,1,,,0,,,0,,,0,,,0,,,0,,,0,,,0,,,0,,,0,,,0,,,0,,,0,,,0,,,0,,,0,,,0,,,0,,,0,,,0,1514.0,1514.0,baghdad_generic,,,0
2026-02-17,,,0,,,0,1515.5,1515.5,1,,,0,,,0,,,0,,,0,,,0,,,0,,,0,,,0,,,0,,,0,,,0,,,0,,,0,,,0,,,0,,,0,,,0,,,0,,,0,1515.5,1515.5,baghdad_generic,,,0
2026-02-18,,,0,,,0,1518.0,1518.0,1,,,0,,,0,,,0,,,0,,,0,,,0,1516.0,1516.0,1,,,0,,,0,,,0,,,0,,,0,,,0,,,0,,,0,,,0,,,0,,,0,,,0,1518.0,1518.0,baghdad_generic,,,0
2026-02-19,,,0,,,0,1527.0,1527.0,1,,,0,,,0,,,0,,,0,,,0,,,0,1524.5,1524.5,1,,,0,,,0,,,0,,,0,,,0,,,0,,,0,,,0,,,0,,,0,,,0,,,0,1527.0,1527.0,baghdad_generic,,,0
2026-02-22,,,0,,,0,1527.0,1527.0,1,,,0,,,0,,,0,,,0,,,0,,,0,1524.0,1524.0,1,,,0,,,0,,,0,,,0,,,0,,,0,,,0,,,0,,,0,,,0,,,0,,,0,1527.0,1527.0,baghdad_generic,,,0
2026-02-23,,,0,,,0,1526.5,1526.5,1,,,0,,,0,,,0,,,0,,,0,,,0,1524.5,1524.5,1,,,0,,,0,,,0,,,0,,,0,,,0,,,0,,,0,,,0,,,0,,,0,,,0,1526.5,1526.5,baghdad_generic,,,0
2026-02-24,,,0,,,0,1533.0,1533.0,1,,,0,,,0,,,0,,,0,,,0,,,0,,,0,,,0,,,0,,,0,,,0,,,0,,,0,,,0,,,0,,,0,,,0,,,0,,,0,1533.0,1533.0,baghdad_generic,,,0
2026-02-25,,,0,,,0,1538.0,1538.0,1,,,0,,,0,,,0,,,0,,,0,,,0,,,0,,,0,,,0,,,0,,,0,,,0,,,0,,,0,,,0,,,0,,,0,,,0,,,0,1538.0,1538.0,baghdad_generic,,,0
2026-02-26,,,0,,,0,1536.0,1536.0,1,,,0,,,0,,,0,,,0,,,0,,,0,1533.0,1533.0,1,,,0,,,0,,,0,,,0,,,0,,,0,,,0,,,0,,,0,,,0,,,0,,,0,1536.0,1536.0,baghdad_generic,,,0
2026-03-01,,,0,,,0,1545.0,1545.0,1,,,0,,,0,,,0,,,0,,,0,,,0,,,0,,,0,,,0,,,0,,,0,,,0,,,0,,,0,,,0,,,0,,,0,,,0,,,0,1545.0,1545.0,baghdad_generic,,,0
2026-03-02,,,0,,,0,1547.0,1547.0,1,,,0,,,0,,,0,,,0,,,0,,,0,,,0,,,0,,,0,,,0,,,0,,,0,,,0,,,0,,,0,,,0,,,0,,,0,,,0,1547.0,1547.0,baghdad_generic,,,0
2026-03-03,,,0,,,0,1551.0,1551.0,1,,,0,,,0,,,0,,,0,,,0,,,0,1549.5,1549.5,1,,,0,1547.0,1547.0,1,,,0,,,0,,,0,,,0,,,0,,,0,,,0,,,0,,,0,,,0,1551.0,1551.0,baghdad_generic,,,0
2026-03-04,,,0,,,0,1560.0,1560.0,1,,,0,,,0,,,0,,,0,,,0,,,0,,,0,,,0,,,0,,,0,,,0,,,0,,,0,,,0,,,0,,,0,,,0,,,0,,,0,1560.0,1560.0,baghdad_generic,,,0
2026-03-05,,,0,,,0,1563.0,1563.0,1,,,0,,,0,,,0,,,0,,,0,,,0,,,0,,,0,,,0,,,0,,,0,,,0,,,0,,,0,,,0,,,0,,,0,,,0,,,0,1563.0,1563.0,baghdad_generic,,,0
2026-03-08,,,0,,,0,1554.5,1554.5,1,,,0,,,0,,,0,,,0,,,0,,,0,,,0,,,0,,,0,,,0,,,0,,,0,,,0,,,0,,,0,,,0,,,0,,,0,,,0,1554.5,1554.5,baghdad_generic,,,0
2026-03-09,,,0,,,0,1558.0,1558.0,1,,,0,,,0,,,0,,,0,,,0,,,0,,,0,,,0,,,0,,,0,,,0,,,0,,,0,,,0,,,0,,,0,,,0,,,0,,,0,1558.0,1558.0,baghdad_generic,,,0
2026-03-10,,,0,,,0,1547.0,1547.0,1,,,0,,,0,,,0,,,0,,,0,,,0,1544.0,1544.0,1,,,0,,,0,,,0,,,0,,,0,,,0,,,0,,,0,,,0,,,0,,,0,,,0,1547.0,1547.0,baghdad_generic,,,0
2026-03-11,,,0,,,0,1538.0,1538.0,1,,,0,,,0,,,0,,,0,,,0,,,0,,,0,,,0,,,0,,,0,,,0,,,0,,,0,,,0,,,0,,,0,,,0,,,0,,,0,1538.0,1538.0,baghdad_generic,,,0
2026-03-12,,,0,,,0,1541.0,1541.0,1,,,0,,,0,,,0,,,0,,,0,,,0,1538.0,1538.0,1,,,0,,,0,,,0,,,0,,,0,,,0,,,0,,,0,,,0,,,0,,,0,,,0,1541.0,1541.0,baghdad_generic,,,0
2026-03-15,,,0,,,0,1542.5,1542.5,1,,,0,,,0,,,0,,,0,,,0,,,0,1541.0,1541.0,1,,,0,,,0,,,0,,,0,,,0,,,0,,,0,,,0,,,0,,,0,,,0,,,0,1542.5,1542.5,baghdad_generic,,,0
2026-03-16,,,0,,,0,1547.0,1547.0,1,,,0,,,0,,,0,,,0,,,0,,,0,,,0,,,0,,,0,,,0,,,0,,,0,,,0,,,0,,,0,,,0,,,0,,,0,,,0,1547.0,1547.0,baghdad_generic,,,0
2026-03-17,,,0,,,0,1546.5,1546.5,1,,,0,,,0,,,0,,,0,,,0,,,0,,,0,,,0,,,0,,,0,,,0,,,0,,,0,,,0,,,0,,,0,,,0,,,0,,,0,1546.5,1546.5,baghdad_generic,,,0
2026-03-18,,,0,,,0,1550.0,1550.0,1,,,0,,,0,,,0,,,0,,,0,,,0,1548.5,1548.5,1,,,0,,,0,,,0,,,0,,,0,,,0,,,0,,,0,,,0,,,0,,,0,,,0,1550.0,1550.0,baghdad_generic,,,0
2026-03-19,,,0,,,0,1551.0,1551.0,1,,,0,,,0,,,0,,,0,,,0,,,0,,,0,,,0,,,0,,,0,,,0,,,0,,,0,,,0,,,0,,,0,,,0,,,0,,,0,1551.0,1551.0,baghdad_generic,,,0
2026-03-22,,,0,,,0,,,0,,,0,,,0,,,0,,,0,,,0,,,0,,,0,,,0,1550.0,1550.0,1,,,0,,,0,,,0,,,0,,,0,,,0,,,0,,,0,,,0,,,0,,,,,,0
2026-03-23,,,0,,,0,1547.5,1547.5,1,,,0,,,0,,,0,,,0,,,0,,,0,,,0,,,0,,,0,,,0,,,0,,,0,,,0,,,0,,,0,,,0,,,0,,,0,,,0,1547.5,1547.5,baghdad_generic,,,0
2026-03-24,,,0,,,0,1543.0,1543.0,1,,,0,,,0,,,0,,,0,,,0,,,0,1540.0,1540.0,1,,,0,1540.0,1540.0,1,,,0,,,0,,,0,,,0,,,0,,,0,,,0,,,0,,,0,,,0,1543.0,1543.0,baghdad_generic,,,0
2026-03-25,,,0,,,0,1545.0,1545.0,1,,,0,,,0,,,0,,,0,,,0,,,0,1543.0,1543.0,1,,,0,1543.0,1543.0,1,,,0,,,0,,,0,,,0,,,0,,,0,,,0,,,0,,,0,,,0,1545.0,1545.0,baghdad_generic,,,0
2026-03-26,,,0,,,0,1545.5,1545.5,1,,,0,,,0,,,0,,,0,,,0,,,0,1543.5,1543.5,1,,,0,1545.0,1545.0,1,,,0,,,0,,,0,,,0,,,0,,,0,,,0,,,0,,,0,,,0,1545.5,1545.5,baghdad_generic,,,0
2026-03-29,,,0,,,0,1545.0,1545.0,1,,,0,,,0,,,0,,,0,,,0,,,0,1543.0,1543.0,1,,,0,1546.0,1546.0,1,,,0,,,0,,,0,,,0,,,0,,,0,,,0,,,0,,,0,,,0,1545.0,1545.0,baghdad_generic,,,0
2026-03-30,,,0,,,0,1551.0,1551.0,1,,,0,,,0,,,0,,,0,,,0,,,0,1547.5,1547.5,1,,,0,1550.5,1550.5,1,,,0,,,0,,,0,,,0,,,0,,,0,,,0,,,0,,,0,,,0,1551.0,1551.0,baghdad_generic,,,0
2026-03-31,,,0,,,0,1552.5,1552.5,1,,,0,,,0,,,0,,,0,,,0,,,0,1550.0,1550.0,1,,,0,,,0,,,0,,,0,,,0,,,0,,,0,,,0,,,0,,,0,,,0,,,0,1552.5,1552.5,baghdad_generic,,,0
2026-04-01,,,0,,,0,1546.0,1546.0,1,,,0,,,0,,,0,,,0,,,0,,,0,,,0,,,0,,,0,,,0,,,0,,,0,,,0,,,0,,,0,,,0,,,0,,,0,,,0,1546.0,1546.0,baghdad_generic,,,0
2026-04-02,,,0,,,0,1545.0,1545.0,1,,,0,,,0,,,0,,,0,,,0,,,0,1543.0,1543.0,1,,,0,1547.0,1547.0,1,,,0,,,0,,,0,,,0,,,0,,,0,,,0,,,0,,,0,,,0,1545.0,1545.0,baghdad_generic,,,0
2026-04-05,,,0,,,0,1548.0,1548.0,1,,,0,,,0,,,0,,,0,,,0,,,0,1546.0,1546.0,1,,,0,1548.5,1548.5,1,,,0,,,0,,,0,,,0,,,0,,,0,,,0,,,0,,,0,,,0,1548.0,1548.0,baghdad_generic,,,0
2026-04-06,,,0,,,0,1545.25,1545.25,1,,,0,,,0,,,0,,,0,,,0,,,0,1544.0,1544.0,1,,,0,1546.5,1546.5,1,,,0,,,0,,,0,,,0,,,0,,,0,,,0,,,0,,,0,,,0,1545.25,1545.25,baghdad_generic,,,0
2026-04-07,,,0,,,0,1547.0,1547.0,1,,,0,,,0,,,0,,,0,,,0,,,0,1545.0,1545.0,1,,,0,1547.5,1547.5,1,,,0,,,0,,,0,,,0,,,0,,,0,,,0,,,0,,,0,,,0,1547.0,1547.0,baghdad_generic,,,0
2026-04-08,,,0,,,0,1527.0,1527.0,1,,,0,,,0,,,0,,,0,,,0,,,0,1522.0,1522.0,1,,,0,1531.0,1531.0,1,,,0,,,0,,,0,,,0,,,0,,,0,,,0,,,0,,,0,,,0,1527.0,1527.0,baghdad_generic,,,0
2026-04-09,,,0,,,0,1530.0,1530.0,1,,,0,,,0,,,0,,,0,,,0,,,0,1528.0,1528.0,1,,,0,1532.5,1532.5,1,,,0,,,0,,,0,,,0,,,0,,,0,,,0,,,0,,,0,,,0,1530.0,1530.0,baghdad_generic,,,0
2026-04-12,,,0,,,0,1539.0,1539.0,1,,,0,,,0,,,0,,,0,,,0,,,0,1537.0,1537.0,1,,,0,1538.5,1538.5,1,,,0,,,0,,,0,,,0,,,0,,,0,,,0,,,0,,,0,,,0,1539.0,1539.0,baghdad_generic,,,0
2026-04-13,,,0,,,0,1539.5,1539.5,1,,,0,,,0,,,0,,,0,,,0,,,0,1540.0,1540.0,1,,,0,1541.0,1541.0,1,,,0,,,0,,,0,,,0,,,0,,,0,,,0,,,0,,,0,,,0,1539.5,1539.5,baghdad_generic,,,0
2026-04-14,,,0,,,0,1535.0,1535.0,1,,,0,,,0,,,0,,,0,,,0,,,0,1535.0,1535.0,1,,,0,1536.5,1536.5,1,,,0,,,0,,,0,,,0,,,0,,,0,,,0,,,0,,,0,,,0,1535.0,1535.0,baghdad_generic,,,0
2026-04-15,,,0,,,0,1536.5,1536.5,1,,,0,,,0,,,0,,,0,,,0,,,0,1535.5,1535.5,1,,,0,1536.0,1536.0,1,,,0,,,0,,,0,,,0,,,0,,,0,,,0,,,0,,,0,,,0,1536.5,1536.5,baghdad_generic,,,0
2026-04-16,,,0,,,0,1533.5,1533.5,1,,,0,,,0,,,0,,,0,,,0,,,0,,,0,,,0,,,0,,,0,,,0,,,0,,,0,,,0,,,0,,,0,,,0,,,0,,,0,1533.5,1533.5,baghdad_generic,,,0
2026-04-19,,,0,,,0,1530.0,1530.0,1,,,0,,,0,,,0,,,0,,,0,,,0,,,0,,,0,,,0,,,0,,,0,,,0,,,0,,,0,,,0,,,0,,,0,,,0,,,0,1530.0,1530.0,baghdad_generic,,,0
2026-04-21,,,0,,,0,1546.0,1546.0,1,,,0,,,0,,,0,,,0,,,0,,,0,,,0,,,0,,,0,,,0,,,0,,,0,,,0,,,0,,,0,,,0,,,0,,,0,,,0,1546.0,1546.0,baghdad_generic,,,0
2026-04-22,,,0,,,0,1550.0,1550.0,1,,,0,,,0,,,0,,,0,,,0,,,0,1549.0,1549.0,1,,,0,,,0,,,0,,,0,,,0,,,0,,,0,,,0,,,0,,,0,,,0,,,0,1550.0,1550.0,baghdad_generic,,,0
2026-04-23,,,0,,,0,1556.0,1556.0,1,,,0,,,0,,,0,,,0,,,0,,,0,1555.0,1555.0,1,,,0,1555.0,1555.0,1,,,0,,,0,,,0,,,0,,,0,,,0,,,0,,,0,,,0,,,0,1556.0,1556.0,baghdad_generic,,,0
2026-04-26,,,0,,,0,1555.0,1555.0,1,,,0,,,0,,,0,,,0,,,0,,,0,1552.5,1552.5,1,,,0,1552.0,1552.0,1,,,0,,,0,,,0,,,0,,,0,,,0,,,0,,,0,,,0,,,0,1555.0,1555.0,baghdad_generic,,,0
2026-04-27,,,0,,,0,1549.0,1549.0,1,,,0,,,0,,,0,,,0,,,0,,,0,1548.0,1548.0,1,,,0,1549.0,1549.0,1,,,0,,,0,,,0,,,0,,,0,,,0,,,0,,,0,,,0,,,0,1549.0,1549.0,baghdad_generic,,,0
2026-04-28,,,0,,,0,1544.5,1544.5,1,,,0,,,0,,,0,,,0,,,0,,,0,1543.0,1543.0,1,,,0,1541.0,1541.0,1,,,0,,,0,,,0,,,0,,,0,,,0,,,0,,,0,,,0,,,0,1544.5,1544.5,baghdad_generic,,,0
2026-04-29,,,0,,,0,1533.0,1533.0,1,,,0,,,0,,,0,,,0,,,0,,,0,1532.0,1532.0,1,,,0,1533.0,1533.0,1,,,0,,,0,,,0,,,0,,,0,,,0,,,0,,,0,,,0,,,0,1533.0,1533.0,baghdad_generic,,,0
2026-04-30,,,0,,,0,1540.0,1540.0,1,,,0,,,0,,,0,,,0,,,0,,,0,,,0,,,0,,,0,,,0,,,0,,,0,,,0,,,0,,,0,,,0,,,0,,,0,,,0,1540.0,1540.0,baghdad_generic,,,0
2026-05-03,,,0,,,0,1529.5,1529.5,1,,,0,,,0,,,0,,,0,,,0,,,0,1529.5,1529.5,1,,,0,1528.5,1528.5,1,,,0,,,0,,,0,,,0,,,0,,,0,,,0,,,0,,,0,,,0,1529.5,1529.5,baghdad_generic,,,0
2026-05-04,,,0,,,0,1525.0,1525.0,1,,,0,,,0,,,0,,,0,,,0,,,0,1525.0,1525.0,1,,,0,1525.5,1525.5,1,,,0,,,0,,,0,,,0,,,0,,,0,,,0,,,0,,,0,,,0,1525.0,1525.0,baghdad_generic,,,0
2026-05-05,,,0,,,0,1531.0,1531.0,1,,,0,,,0,,,0,,,0,,,0,,,0,1531.0,1531.0,1,,,0,1530.5,1530.5,1,,,0,,,0,,,0,,,0,,,0,,,0,,,0,,,0,,,0,,,0,1531.0,1531.0,baghdad_generic,,,0
2026-05-06,,,0,,,0,1528.0,1528.0,1,,,0,,,0,,,0,,,0,,,0,,,0,1528.0,1528.0,1,,,0,,,0,,,0,,,0,,,0,,,0,,,0,,,0,,,0,,,0,,,0,,,0,1528.0,1528.0,baghdad_generic,,,0
2026-05-07,,,0,,,0,1529.5,1529.5,1,,,0,,,0,,,0,,,0,,,0,,,0,1529.5,1529.5,1,,,0,1527.5,1527.5,1,,,0,,,0,,,0,,,0,,,0,,,0,,,0,,,0,,,0,,,0,1529.5,1529.5,baghdad_generic,,,0
2026-05-10,,,0,,,0,1540.0,1540.0,1,,,0,,,0,,,0,,,0,,,0,,,0,,,0,,,0,,,0,,,0,,,0,,,0,,,0,,,0,,,0,,,0,,,0,,,0,,,0,1540.0,1540.0,baghdad_generic,,,0
2026-05-11,,,0,,,0,1542.0,1542.0,1,,,0,,,0,,,0,,,0,,,0,,,0,,,0,,,0,,,0,,,0,,,0,,,0,,,0,,,0,,,0,,,0,,,0,,,0,,,0,1542.0,1542.0,baghdad_generic,,,0
2026-05-12,,,0,,,0,1543.0,1543.0,1,,,0,,,0,,,0,,,0,,,0,,,0,1543.0,1543.0,1,,,0,1539.0,1539.0,1,,,0,,,0,,,0,,,0,,,0,,,0,,,0,,,0,,,0,,,0,1543.0,1543.0,baghdad_generic,,,0
2026-05-13,,,0,,,0,1537.5,1537.5,1,,,0,,,0,,,0,,,0,,,0,,,0,1537.5,1537.5,1,,,0,1535.5,1535.5,1,,,0,,,0,,,0,,,0,,,0,,,0,,,0,,,0,,,0,,,0,1537.5,1537.5,baghdad_generic,,,0
2026-05-14,,,0,,,0,1537.5,1537.5,1,,,0,,,0,,,0,,,0,,,0,,,0,1538.5,1538.5,1,,,0,1535.0,1535.0,1,,,0,,,0,,,0,,,0,,,0,,,0,,,0,,,0,,,0,,,0,1537.5,1537.5,baghdad_generic,,,0
2026-05-17,,,0,,,0,1538.5,1538.5,1,,,0,,,0,,,0,,,0,,,0,,,0,,,0,,,0,,,0,,,0,,,0,,,0,,,0,,,0,,,0,,,0,,,0,,,0,,,0,1538.5,1538.5,baghdad_generic,,,0
2026-05-18,,,0,,,0,1542.0,1542.0,1,,,0,,,0,,,0,,,0,,,0,,,0,1542.0,1542.0,1,,,0,1539.0,1539.0,1,,,0,,,0,,,0,,,0,,,0,,,0,,,0,,,0,,,0,,,0,1542.0,1542.0,baghdad_generic,,,0
2026-05-19,,,0,,,0,1537.5,1537.5,1,,,0,,,0,,,0,,,0,,,0,,,0,,,0,,,0,,,0,,,0,,,0,,,0,,,0,,,0,,,0,,,0,,,0,,,0,,,0,1537.5,1537.5,baghdad_generic,,,0
2026-05-20,,,0,,,0,1536.0,1536.0,1,,,0,,,0,,,0,,,0,,,0,,,0,1535.5,1535.5,1,,,0,1534.75,1534.75,1,,,0,,,0,,,0,,,0,,,0,,,0,,,0,,,0,,,0,,,0,1536.0,1536.0,baghdad_generic,,,0
2026-05-21,,,0,,,0,1537.0,1537.0,1,,,0,,,0,,,0,,,0,,,0,,,0,1536.0,1536.0,1,,,0,,,0,,,0,,,0,,,0,,,0,,,0,,,0,,,0,,,0,,,0,,,0,1537.0,1537.0,baghdad_generic,,,0
2026-05-24,,,0,,,0,1530.5,1530.5,1,,,0,,,0,,,0,,,0,,,0,,,0,1530.5,1530.5,1,,,0,1528.5,1528.5,1,,,0,,,0,,,0,,,0,,,0,,,0,,,0,,,0,,,0,,,0,1530.5,1530.5,baghdad_generic,,,0
2026-05-25,,,0,,,0,1533.0,1533.0,1,,,0,,,0,,,0,,,0,,,0,,,0,1533.0,1533.0,1,,,0,1529.5,1529.5,1,,,0,,,0,,,0,,,0,,,0,,,0,,,0,,,0,,,0,,,0,1533.0,1533.0,baghdad_generic,,,0
2026-05-26,,,0,,,0,1534.5,1534.5,1,,,0,,,0,,,0,,,0,,,0,,,0,,,0,,,0,,,0,,,0,,,0,,,0,,,0,,,0,,,0,,,0,,,0,,,0,,,0,1534.5,1534.5,baghdad_generic,,,0
2026-05-31,,,0,,,0,1533.5,1533.5,1,,,0,,,0,,,0,,,0,,,0,,,0,1533.5,1533.5,1,,,0,1530.0,1530.0,1,,,0,,,0,,,0,,,0,,,0,,,0,,,0,,,0,,,0,,,0,1533.5,1533.5,baghdad_generic,,,0
2026-06-01,,,0,,,0,1535.0,1535.0,1,,,0,,,0,,,0,,,0,,,0,,,0,,,0,,,0,,,0,,,0,,,0,,,0,,,0,,,0,,,0,,,0,,,0,,,0,,,0,1535.0,1535.0,baghdad_generic,,,0
2026-06-02,,,0,,,0,1537.5,1537.5,1,,,0,,,0,,,0,,,0,,,0,,,0,1537.5,1537.5,1,,,0,1535.5,1535.5,1,,,0,,,0,,,0,,,0,,,0,,,0,,,0,,,0,,,0,,,0,1537.5,1537.5,baghdad_generic,,,0
2026-06-03,,,0,,,0,1540.0,1540.0,1,,,0,,,0,,,0,,,0,,,0,,,0,1540.0,1540.0,1,,,0,1538.0,1538.0,1,,,0,,,0,,,0,,,0,,,0,,,0,,,0,,,0,,,0,,,0,1540.0,1540.0,baghdad_generic,,,0
2026-06-04,,,0,,,0,1538.0,1538.0,1,,,0,,,0,,,0,,,0,,,0,,,0,,,0,,,0,,,0,,,0,,,0,,,0,,,0,,,0,,,0,,,0,,,0,,,0,,,0,1538.0,1538.0,baghdad_generic,,,0
2026-06-07,,,0,,,0,1541.5,1541.5,1,,,0,,,0,,,0,,,0,,,0,,,0,1541.5,1541.5,1,,,0,1541.75,1541.75,1,,,0,,,0,,,0,,,0,,,0,,,0,,,0,,,0,,,0,,,0,1541.5,1541.5,baghdad_generic,,,0
2026-06-09,,,0,,,0,1539.5,1539.5,1,,,0,,,0,,,0,,,0,,,0,,,0,,,0,,,0,,,0,,,0,,,0,,,0,,,0,,,0,,,0,,,0,,,0,,,0,,,0,1539.5,1539.5,baghdad_generic,,,0
2026-06-10,,,0,,,0,1543.0,1543.0,1,,,0,,,0,,,0,,,0,,,0,,,0,1543.0,1543.0,1,,,0,1542.5,1542.5,1,,,0,,,0,,,0,,,0,,,0,,,0,,,0,,,0,,,0,,,0,1543.0,1543.0,baghdad_generic,,,0
2026-06-11,,,0,,,0,1550.0,1550.0,1,,,0,,,0,,,0,,,0,,,0,,,0,1550.0,1550.0,1,,,0,1548.75,1548.75,1,,,0,,,0,,,0,,,0,,,0,,,0,,,0,,,0,,,0,,,0,1550.0,1550.0,baghdad_generic,,,0
2026-06-15,,,0,,,0,1542.0,1542.0,1,,,0,,,0,,,0,,,0,,,0,,,0,1545.5,1545.5,1,,,0,1542.5,1542.5,1,,,0,,,0,,,0,,,0,,,0,,,0,,,0,,,0,,,0,,,0,1542.0,1542.0,baghdad_generic,,,0
2026-06-16,,,0,,,0,1561.0,1561.0,1,,,0,,,0,,,0,,,0,,,0,,,0,1561.0,1561.0,1,,,0,1557.5,1557.5,1,,,0,,,0,,,0,,,0,,,0,,,0,,,0,,,0,,,0,,,0,1561.0,1561.0,baghdad_generic,,,0
2026-06-17,,,0,,,0,1560.0,1560.0,1,,,0,,,0,,,0,,,0,,,0,,,0,1560.0,1560.0,1,,,0,1555.0,1555.0,1,,,0,,,0,,,0,,,0,,,0,,,0,,,0,,,0,,,0,,,0,1560.0,1560.0,baghdad_generic,,,0
2026-06-18,,,0,,,0,1553.0,1553.0,1,,,0,,,0,,,0,,,0,,,0,,,0,1553.0,1553.0,1,,,0,1550.0,1550.0,1,,,0,,,0,,,0,,,0,,,0,,,0,,,0,,,0,,,0,,,0,1553.0,1553.0,baghdad_generic,,,0
2026-06-21,,,0,,,0,1559.5,1559.5,1,,,0,,,0,,,0,,,0,,,0,,,0,1559.5,1559.5,1,,,0,1556.5,1556.5,1,,,0,,,0,,,0,,,0,,,0,,,0,,,0,,,0,,,0,,,0,1559.5,1559.5,baghdad_generic,,,0
2026-06-22,,,0,,,0,1590.0,1590.0,1,,,0,,,0,,,0,,,0,,,0,,,0,1590.0,1590.0,1,,,0,1588.0,1588.0,1,,,0,,,0,,,0,,,0,,,0,,,0,,,0,,,0,,,0,,,0,1590.0,1590.0,baghdad_generic,,,0
2026-06-23,,,0,,,0,1577.0,1577.0,1,,,0,,,0,,,0,,,0,,,0,,,0,1577.5,1577.5,1,,,0,1574.0,1574.0,1,,,0,,,0,,,0,,,0,,,0,,,0,,,0,,,0,,,0,,,0,1577.0,1577.0,baghdad_generic,,,0
2026-06-24,,,0,,,0,1568.5,1568.5,1,,,0,,,0,,,0,,,0,,,0,,,0,,,0,,,0,,,0,,,0,,,0,,,0,,,0,,,0,,,0,,,0,,,0,,,0,,,0,1568.5,1568.5,baghdad_generic,,,0
2026-06-25,,,0,,,0,1570.0,1570.0,1,,,0,,,0,,,0,,,0,,,0,,,0,1570.0,1570.0,1,,,0,1567.0,1567.0,1,,,0,,,0,,,0,,,0,,,0,,,0,,,0,,,0,,,0,,,0,1570.0,1570.0,baghdad_generic,,,0
2026-06-28,,,0,,,0,1557.0,1557.0,2,,,0,,,0,,,0,,,0,,,0,,,0,,,0,,,0,1554.0,1554.0,1,,,0,,,0,,,0,,,0,,,0,,,0,,,0,,,0,,,0,,,0,1557.0,1557.0,baghdad_generic,,,0
2026-06-29,,,0,,,0,1542.0,1542.0,1,,,0,,,0,,,0,,,0,,,0,,,0,1543.0,1543.0,1,,,0,1541.5,1541.5,1,,,0,,,0,,,0,,,0,,,0,,,0,,,0,,,0,,,0,,,0,1542.0,1542.0,baghdad_generic,,,0
2026-06-30,,,0,,,0,1552.0,1552.0,1,,,0,,,0,,,0,,,0,,,0,,,0,,,0,,,0,,,0,,,0,,,0,,,0,,,0,,,0,,,0,,,0,,,0,,,0,,,0,1552.0,1552.0,baghdad_generic,,,0
2026-07-01,,,0,,,0,1550.5,1550.5,1,,,0,,,0,,,0,,,0,,,0,,,0,1550.0,1550.0,1,,,0,,,0,,,0,,,0,,,0,,,0,,,0,,,0,,,0,,,0,,,0,,,0,1550.5,1550.5,baghdad_generic,,,0
2026-07-02,,,0,,,0,1542.0,1542.0,1,,,0,,,0,,,0,,,0,,,0,,,0,1543.0,1543.0,1,,,0,1540.5,1540.5,1,,,0,,,0,,,0,,,0,,,0,,,0,,,0,,,0,,,0,,,0,1542.0,1542.0,baghdad_generic,,,0
2026-07-05,,,0,,,0,1535.5,1535.5,1,,,0,,,0,,,0,,,0,,,0,,,0,1536.5,1536.5,1,,,0,1535.5,1535.5,1,,,0,,,0,,,0,,,0,,,0,,,0,,,0,,,0,,,0,,,0,1535.5,1535.5,baghdad_generic,,,0
2026-07-06,,,0,,,0,1530.0,1530.0,1,,,0,,,0,,,0,,,0,,,0,,,0,1533.5,1533.5,1,,,0,1535.0,1535.0,1,,,0,,,0,,,0,,,0,,,0,,,0,,,0,,,0,,,0,,,0,1530.0,1530.0,baghdad_generic,,,0
2026-07-07,,,0,,,0,1533.0,1533.0,1,,,0,,,0,,,0,,,0,,,0,,,0,1531.5,1531.5,1,,,0,1532.0,1532.0,1,,,0,,,0,,,0,,,0,,,0,,,0,,,0,,,0,,,0,,,0,1533.0,1533.0,baghdad_generic,,,0
2026-07-08,,,0,,,0,1535.5,1535.5,1,,,0,,,0,,,0,,,0,,,0,,,0,,,0,,,0,,,0,,,0,,,0,,,0,,,0,,,0,,,0,,,0,,,0,,,0,,,0,1535.5,1535.5,baghdad_generic,,,0
2026-07-09,,,0,,,0,1541.0,1541.0,1,,,0,,,0,,,0,,,0,,,0,,,0,1542.0,1542.0,1,,,0,1538.5,1538.5,1,,,0,,,0,,,0,,,0,,,0,,,0,,,0,,,0,,,0,,,0,1541.0,1541.0,baghdad_generic,,,0
2026-07-12,,,0,,,0,1534.5,1534.5,1,,,0,,,0,,,0,,,0,,,0,,,0,1533.0,1533.0,1,,,0,,,0,,,0,,,0,,,0,,,0,,,0,,,0,,,0,,,0,,,0,,,0,1534.5,1534.5,baghdad_generic,,,0
2026-07-13,,,0,,,0,1535.0,1535.0,1,,,0,,,0,,,0,,,0,,,0,,,0,,,0,,,0,1534.5,1534.5,1,,,0,,,0,,,0,,,0,,,0,,,0,,,0,,,0,,,0,,,0,1535.0,1535.0,baghdad_generic,,,0
2026-07-14,,,0,,,0,1536.5,1536.5,1,,,0,,,0,,,0,,,0,,,0,,,0,1536.5,1536.5,1,,,0,1535.5,1535.5,1,,,0,,,0,,,0,,,0,,,0,,,0,,,0,,,0,,,0,,,0,1536.5,1536.5,baghdad_generic,,,0
2026-07-15,,,0,,,0,1531.5,1531.5,1,,,0,,,0,,,0,,,0,,,0,,,0,1532.0,1532.0,1,,,0,1532.0,1532.0,1,,,0,,,0,,,0,,,0,,,0,,,0,,,0,,,0,,,0,,,0,1531.5,1531.5,baghdad_generic,,,0
2026-07-16,,,0,,,0,1529.0,1529.0,1,,,0,,,0,,,0,,,0,,,0,,,0,,,0,,,0,,,0,,,0,,,0,,,0,,,0,,,0,,,0,,,0,,,0,,,0,,,0,1529.0,1529.0,baghdad_generic,,,0
2026-07-19,,,0,,,0,1526.0,1526.0,1,,,0,,,0,,,0,,,0,,,0,,,0,,,0,,,0,,,0,,,0,,,0,,,0,,,0,,,0,,,0,,,0,,,0,,,0,,,0,1526.0,1526.0,baghdad_generic,,,0
2026-07-20,,,0,,,0,1506.0,1506.0,1,,,0,,,0,,,0,,,0,,,0,,,0,1503.0,1503.0,1,,,0,1511.5,1511.5,1,,,0,,,0,,,0,,,0,,,0,,,0,,,0,,,0,,,0,,,0,1506.0,1506.0,baghdad_generic,,,0
2026-07-21,,,0,,,0,1492.0,1492.0,1,,,0,,,0,,,0,,,0,,,0,,,0,1489.0,1489.0,1,,,0,1497.5,1497.5,1,,,0,,,0,,,0,,,0,,,0,,,0,,,0,,,0,,,0,,,0,1492.0,1492.0,baghdad_generic,,,0
2026-07-22,,,0,,,0,1506.0,1506.0,1,,,0,,,0,,,0,,,0,,,0,,,0,1506.0,1506.0,1,,,0,,,0,,,0,,,0,,,0,,,0,,,0,,,0,,,0,,,0,,,0,,,0,1506.0,1506.0,baghdad_generic,,,0
2026-07-23,,,0,,,0,1505.5,1505.5,1,,,0,,,0,,,0,,,0,,,0,,,0,1505.0,1505.0,1,,,0,,,0,,,0,,,0,,,0,,,0,,,0,,,0,,,0,,,0,,,0,,,0,1505.5,1505.5,baghdad_generic,,,0
2026-07-26,,,0,,,0,1499.0,1499.0,1,,,0,,,0,,,0,,,0,,,0,,,0,1498.5,1498.5,1,,,0,,,0,,,0,,,0,,,0,,,0,,,0,,,0,,,0,,,0,,,0,,,0,1499.0,1499.0,baghdad_generic,,,0
2026-07-27,,,0,,,0,1499.5,1499.5,1,,,0,,,0,,,0,,,0,,,0,,,0,1498.5,1498.5,1,,,0,,,0,,,0,,,0,,,0,,,0,,,0,,,0,,,0,,,0,,,0,,,0,1499.5,1499.5,baghdad_generic,,,0
2026-07-28,,,0,,,0,1498.5,1498.5,1,,,0,,,0,,,0,,,0,,,0,,,0,1498.5,1498.5,1,,,0,1498.5,1498.5,1,,,0,,,0,,,0,,,0,,,0,,,0,,,0,,,0,,,0,,,0,1498.5,1498.5,baghdad_generic,,,0
2026-07-29,,,0,,,0,1504.5,1504.5,1,,,0,,,0,,,0,,,0,,,0,,,0,1504.0,1504.0,1,,,0,1505.5,1505.5,1,,,0,,,0,,,0,,,0,,,0,,,0,,,0,,,0,,,0,,,0,1504.5,1504.5,baghdad_generic,,,0
2026-07-30,,,0,,,0,1505.0,1505.0,1,,,0,,,0,,,0,,,0,,,0,,,0,1505.5,1505.5,1,,,0,1505.0,1505.0,1,,,0,,,0,,,0,,,0,,,0,,,0,,,0,,,0,,,0,,,0,1505.0,1505.0,baghdad_generic,,,0
2026-08-02,,,0,,,0,1515.0,1515.0,1,,,0,,,0,,,0,,,0,,,0,,,0,1517.5,1517.5,1,,,0,1516.5,1516.5,1,,,0,,,0,,,0,,,0,,,0,,,0,,,0,,,0,,,0,,,0,1515.0,1515.0,baghdad_generic,,,0
2026-08-03,,,0,,,0,1518.0,1518.0,1,,,0,,,0,,,0,,,0,,,0,,,0,,,0,,,0,,,0,,,0,,,0,,,0,,,0,,,0,,,0,,,0,,,0,,,0,,,0,1518.0,1518.0,baghdad_generic,,,0
2026-08-04,,,0,,,0,1524.0,1524.0,1,,,0,,,0,,,0,,,0,,,0,,,0,1524.0,1524.0,1,,,0,1526.0,1526.0,1,,,0,,,0,,,0,,,0,,,0,,,0,,,0,,,0,,,0,,,0,1524.0,1524.0,baghdad_generic,,,0
2026-08-05,,,0,,,0,1520.0,1520.0,1,,,0,,,0,,,0,,,0,,,0,,,0,,,0,,,0,,,0,,,0,,,0,,,0,,,0,,,0,,,0,,,0,,,0,,,0,,,0,1520.0,1520.0,baghdad_generic,,,0
2026-08-06,,,0,,,0,1523.0,1523.0,1,,,0,,,0,,,0,,,0,,,0,,,0,1523.0,1523.0,1,,,0,1525.5,1525.5,1,,,0,,,0,,,0,,,0,,,0,,,0,,,0,,,0,,,0,,,0,1523.0,1523.0,baghdad_generic,,,0
2026-08-09,,,0,,,0,1523.0,1523.0,1,,,0,,,0,,,0,,,0,,,0,,,0,1521.5,1521.5,1,,,0,,,0,,,0,,,0,,,0,,,0,,,0,,,0,,,0,,,0,,,0,,,0,1523.0,1523.0,baghdad_generic,,,0
2026-08-10,,,0,,,0,1525.0,1525.0,1,,,0,,,0,,,0,,,0,,,0,,,0,,,0,,,0,,,0,,,0,,,0,,,0,,,0,,,0,,,0,,,0,,,0,,,0,,,0,1525.0,1525.0,baghdad_generic,,,0
2026-08-11,,,0,,,0,1537.0,1537.0,1,,,0,,,0,,,0,,,0,,,0,,,0,1537.0,1537.0,1,,,0,1537.5,1537.5,1,,,0,,,0,,,0,,,0,,,0,,,0,,,0,,,0,,,0,,,0,1537.0,1537.0,baghdad_generic,,,0
2026-08-13,,,0,,,0,1526.5,1526.5,1,,,0,,,0,,,0,,,0,,,0,,,0,,,0,,,0,,,0,,,0,,,0,,,0,,,0,,,0,,,0,,,0,,,0,,,0,,,0,1526.5,1526.5,baghdad_generic,,,0
2026-08-16,,,0,,,0,1532.0,1532.0,1,,,0,,,0,,,0,,,0,,,0,,,0,1532.0,1532.0,1,,,0,1533.0,1533.0,1,,,0,,,0,,,0,,,0,,,0,,,0,,,0,,,0,,,0,,,0,1532.0,1532.0,baghdad_generic,,,0
2026-08-17,,,0,,,0,1547.5,1547.5,1,,,0,,,0,,,0,,,0,,,0,,,0,1547.5,1547.5,1,,,0,1544.5,1544.5,1,,,0,,,0,,,0,,,0,,,0,,,0,,,0,,,0,,,0,,,0,1547.5,1547.5,baghdad_generic,,,0
2026-08-18,,,0,,,0,1541.5,1541.5,1,,,0,,,0,,,0,,,0,,,0,,,0,1542.0,1542.0,1,,,0,1539.5,1539.5,1,,,0,,,0,,,0,,,0,,,0,,,0,,,0,,,0,,,0,,,0,1541.5,1541.5,baghdad_generic,,,0
2026-08-19,,,0,,,0,1543.0,1543.0,1,,,0,,,0,,,0,,,0,,,0,,,0,,,0,,,0,,,0,,,0,,,0,,,0,,,0,,,0,,,0,,,0,,,0,,,0,,,0,1543.0,1543.0,baghdad_generic,,,0
2026-08-20,,,0,,,0,1542.5,1542.5,1,,,0,,,0,,,0,,,0,,,0,,,0,1542.0,1542.0,1,,,0,,,0,,,0,,,0,,,0,,,0,,,0,,,0,,,0,,,0,,,0,,,0,1542.5,1542.5,baghdad_generic,,,0
2026-08-23,,,0,,,0,1540.0,1540.0,1,,,0,,,0,,,0,,,0,,,0,,,0,1541.0,1541.0,1,,,0,1537.0,1537.0,1,,,0,,,0,,,0,,,0,,,0,,,0,,,0,,,0,,,0,,,0,1540.0,1540.0,baghdad_generic,,,0
2026-08-24,,,0,,,0,1543.5,1543.5,1,,,0,,,0,,,0,,,0,,,0,,,0,,,0,,,0,,,0,,,0,,,0,,,0,,,0,,,0,,,0,,,0,,,0,,,0,,,0,1543.5,1543.5,baghdad_generic,,,0
2026-08-25,,,0,,,0,1542.5,1542.5,1,,,0,,,0,,,0,,,0,,,0,,,0,,,0,,,0,,,0,,,0,,,0,,,0,,,0,,,0,,,0,,,0,,,0,,,0,,,0,1542.5,1542.5,baghdad_generic,,,0
2026-08-26,,,0,,,0,1540.0,1540.0,1,,,0,,,0,,,0,,,0,,,0,,,0,1541.0,1541.0,1,,,0,1539.5,1539.5,1,,,0,,,0,,,0,,,0,,,0,,,0,,,0,,,0,,,0,,,0,1540.0,1540.0,baghdad_generic,,,0
2026-08-27,,,0,,,0,1538.0,1538.0,1,,,0,,,0,,,0,,,0,,,0,,,0,1538.5,1538.5,1,,,0,1537.5,1537.5,1,,,0,,,0,,,0,,,0,,,0,,,0,,,0,,,0,,,0,,,0,1538.0,1538.0,baghdad_generic,,,0
2026-08-30,,,0,,,0,1539.0,1539.0,1,,,0,,,0,,,0,,,0,,,0,,,0,,,0,,,0,,,0,,,0,,,0,,,0,,,0,,,0,,,0,,,0,,,0,,,0,,,0,1539.0,1539.0,baghdad_generic,,,0
2026-08-31,,,0,,,0,1540.5,1540.5,1,,,0,,,0,,,0,,,0,,,0,,,0,1541.0,1541.0,1,,,0,1539.0,1539.0,1,,,0,,,0,,,0,,,0,,,0,,,0,,,0,,,0,,,0,,,0,1540.5,1540.5,baghdad_generic,,,0
2026-09-01,,,0,,,0,1542.0,1542.0,1,,,0,,,0,,,0,,,0,,,0,,,0,1542.5,1542.5,1,,,0,1541.0,1541.0,1,,,0,,,0,,,0,,,0,,,0,,,0,,,0,,,0,,,0,,,0,1542.0,1542.0,baghdad_generic,,,0
2026-09-02,,,0,,,0,1544.5,1544.5,1,,,0,,,0,,,0,,,0,,,0,,,0,1545.5,1545.5,1,,,0,1543.0,1543.0,1,,,0,,,0,,,0,,,0,,,0,,,0,,,0,,,0,,,0,,,0,1544.5,1544.5,baghdad_generic,,,0
2026-09-03,,,0,,,0,1547.0,1547.0,1,,,0,,,0,,,0,,,0,,,0,,,0,,,0,,,0,,,0,,,0,,,0,,,0,,,0,,,0,,,0,,,0,,,0,,,0,,,0,1547.0,1547.0,baghdad_generic,,,0
2026-09-06,,,0,,,0,1558.0,1558.0,1,,,0,,,0,,,0,,,0,,,0,,,0,1556.0,1556.0,1,,,0,1555.0,1555.0,1,,,0,,,0,,,0,,,0,,,0,,,0,,,0,,,0,,,0,,,0,1558.0,1558.0,baghdad_generic,,,0
2026-09-07,,,0,,,0,1555.5,1555.5,1,,,0,,,0,,,0,,,0,,,0,,,0,1553.5,1553.5,1,,,0,1553.5,1553.5,1,,,0,,,0,,,0,,,0,,,0,,,0,,,0,,,0,,,0,,,0,1555.5,1555.5,baghdad_generic,,,0
2026-09-20,,,0,,,0,1589.5,1589.5,1,,,0,,,0,,,0,,,0,,,0,,,0,1588.5,1588.5,1,,,0,1587.5,1587.5,1,,,0,,,0,,,0,,,0,,,0,,,0,,,0,,,0,,,0,,,0,1589.5,1589.5,baghdad_generic,,,0
2026-09-30,,,0,,,0,1572.5,1572.5,1,,,0,,,0,,,0,,,0,,,0,,,0,,,0,,,0,,,0,,,0,,,0,,,0,,,0,,,0,,,0,,,0,,,0,,,0,,,0,1572.5,1572.5,baghdad_generic,,,0
