date,amarah_open,amarah_close,amarah_n,babil_open,babil_close,babil_n,baghdad_generic_open,baghdad_generic_close,baghdad_generic_n,baghdad_harithiya_open,baghdad_harithiya_close,baghdad_harithiya_n,baghdad_karrada_open,baghdad_karrada_close,baghdad_karrada_n,baghdad_kifah_open,baghdad_kifah_close,baghdad_kifah_n,baghdad_samawal_open,baghdad_samawal_close,baghdad_samawal_n,baghdad_shorja_open,baghdad_shorja_close,baghdad_shorja_n,baqubah_open,baqubah_close,baqubah_n,basra_open,basra_close,basra_n,diwaniyah_open,diwaniyah_close,diwaniyah_n,erbil_open,erbil_close,erbil_n,halabja_open,halabja_close,halabja_n,hillah_open,hillah_close,hillah_n,kut_open,kut_close,kut_n,nasiriyah_open,nasiriyah_close,nasiriyah_n,ramadi_open,ramadi_close,ramadi_n,rutba_open,rutba_close,rutba_n,samarra_open,samarra_close,samarra_n,samawah_open,samawah_close,samawah_n,tikrit_open,tikrit_close,tikrit_n,zakho_open,zakho_close,zakho_n,baghdad_open,baghdad_close,baghdad_market,bid_min,bid_max,n_bid_readings
2023-06-18,,,0,,,0,1469.5,1465.0,6,,,0,,,0,,,0,,,0,,,0,,,0,,,0,,,0,,,0,,,0,,,0,,,0,,,0,,,0,,,0,,,0,,,0,,,0,,,0,1469.5,1465.0,baghdad_generic,,,0
2023-06-19,,,0,,,0,1465.0,1461.0,11,,,0,,,0,,,0,,,0,,,0,,,0,1466.0,1463.5,6,,,0,1466.0,1464.5,7,,,0,,,0,,,0,,,0,,,0,,,0,,,0,,,0,,,0,,,0,1465.0,1461.0,baghdad_generic,,,0
2023-06-20,,,0,,,0,1457.0,1463.5,6,,,0,,,0,,,0,,,0,,,0,,,0,1458.0,1460.0,4,,,0,1458.0,1463.5,4,,,0,,,0,,,0,,,0,,,0,,,0,,,0,,,0,,,0,,,0,1457.0,1463.5,baghdad_generic,,,0
2023-06-21,,,0,,,0,1463.5,1468.0,9,,,0,,,0,,,0,,,0,,,0,,,0,,,0,,,0,,,0,,,0,,,0,,,0,,,0,,,0,,,0,,,0,,,0,,,0,,,0,1463.5,1468.0,baghdad_generic,,,0
2023-06-22,,,0,,,0,1467.5,1468.5,4,1468.25,1468.25,1,,,0,1468.5,1468.5,1,,,0,,,0,,,0,1467.0,1467.5,2,,,0,1469.0,1469.0,2,,,0,,,0,,,0,,,0,,,0,,,0,,,0,,,0,,,0,,,0,1468.5,1468.5,baghdad_kifah,,,0
2023-06-25,,,0,,,0,1474.0,1476.0,3,,,0,,,0,,,0,,,0,,,0,,,0,,,0,,,0,,,0,,,0,,,0,,,0,,,0,,,0,,,0,,,0,,,0,,,0,,,0,1474.0,1476.0,baghdad_generic,,,0
2023-06-26,,,0,,,0,1478.0,1472.0,7,,,0,,,0,,,0,,,0,,,0,,,0,,,0,,,0,,,0,,,0,,,0,,,0,,,0,,,0,,,0,,,0,,,0,,,0,,,0,1478.0,1472.0,baghdad_generic,,,0
2023-06-27,,,0,,,0,1473.5,1473.5,4,,,0,,,0,,,0,,,0,,,0,,,0,,,0,,,0,1474.0,1474.5,2,,,0,,,0,,,0,,,0,,,0,,,0,,,0,,,0,,,0,,,0,1473.5,1473.5,baghdad_generic,,,0
2023-07-02,,,0,,,0,1473.5,1474.0,3,,,0,,,0,,,0,,,0,,,0,,,0,1473.0,1473.5,2,,,0,1473.5,1473.5,4,,,0,,,0,,,0,,,0,,,0,,,0,,,0,,,0,,,0,,,0,1473.5,1474.0,baghdad_generic,,,0
2023-07-03,,,0,,,0,1473.5,1475.0,4,,,0,,,0,,,0,,,0,,,0,,,0,1473.5,1473.5,1,,,0,1473.25,1478.5,3,,,0,,,0,,,0,,,0,,,0,,,0,,,0,,,0,,,0,,,0,1473.5,1475.0,baghdad_generic,,,0
2023-07-04,,,0,,,0,1477.0,1479.5,6,,,0,,,0,,,0,,,0,,,0,,,0,1477.0,1477.0,1,,,0,1479.0,1480.5,4,,,0,,,0,,,0,,,0,,,0,,,0,,,0,,,0,,,0,,,0,1477.0,1479.5,baghdad_generic,,,0
2023-07-05,,,0,,,0,1481.5,1480.0,4,,,0,,,0,,,0,,,0,,,0,,,0,1481.0,1481.5,2,,,0,1481.0,1479.5,3,,,0,,,0,,,0,,,0,,,0,,,0,,,0,,,0,,,0,,,0,1481.5,1480.0,baghdad_generic,,,0
2023-07-06,,,0,,,0,1479.0,1475.0,7,1474.0,1474.0,1,,,0,,,0,,,0,,,0,,,0,1479.5,1479.5,1,,,0,1477.5,1475.5,2,,,0,,,0,,,0,,,0,,,0,,,0,,,0,,,0,,,0,,,0,1479.0,1475.0,baghdad_generic,,,0
2023-07-09,,,0,,,0,1474.0,1477.5,8,,,0,,,0,,,0,,,0,,,0,,,0,1474.0,1474.0,1,,,0,,,0,,,0,,,0,,,0,,,0,,,0,,,0,,,0,,,0,,,0,,,0,1474.0,1477.5,baghdad_generic,,,0
2023-07-10,,,0,,,0,1478.5,1480.0,4,,,0,,,0,,,0,,,0,,,0,,,0,1477.5,1477.5,1,,,0,1478.5,1478.5,1,,,0,,,0,,,0,,,0,,,0,,,0,,,0,,,0,,,0,,,0,1478.5,1480.0,baghdad_generic,1477.5,1477.5,1
2023-07-11,,,0,,,0,1480.0,1480.0,5,,,0,,,0,,,0,,,0,,,0,,,0,1479.0,1479.0,1,,,0,1481.5,1482.5,4,,,0,,,0,,,0,,,0,,,0,,,0,,,0,,,0,,,0,,,0,1480.0,1480.0,baghdad_generic,1479.0,1479.0,1
2023-07-12,,,0,,,0,1479.75,1480.0,6,,,0,,,0,,,0,,,0,,,0,,,0,,,0,,,0,1483.0,1482.5,2,,,0,,,0,,,0,,,0,,,0,,,0,,,0,,,0,,,0,,,0,1479.75,1480.0,baghdad_generic,1475.0,1475.0,2
2023-07-13,,,0,,,0,1479.0,1480.0,3,,,0,,,0,,,0,,,0,,,0,,,0,1479.0,1479.0,1,,,0,1480.5,1484.0,3,,,0,,,0,,,0,,,0,,,0,,,0,,,0,,,0,,,0,,,0,1479.0,1480.0,baghdad_generic,,,0
2023-07-16,,,0,,,0,1480.0,1482.0,4,,,0,,,0,,,0,,,0,,,0,,,0,1481.5,1481.5,1,,,0,1485.0,1485.0,1,,,0,,,0,,,0,,,0,,,0,,,0,,,0,,,0,,,0,,,0,1480.0,1482.0,baghdad_generic,1475.0,1479.0,3
2023-07-17,,,0,,,0,1482.5,1484.5,5,,,0,,,0,,,0,,,0,,,0,,,0,1482.5,1482.5,1,,,0,1487.0,1487.0,1,,,0,,,0,,,0,,,0,,,0,,,0,,,0,,,0,,,0,,,0,1482.5,1484.5,baghdad_generic,,,0
2023-07-18,,,0,,,0,1481.5,1481.5,5,,,0,,,0,,,0,,,0,,,0,,,0,1481.0,1481.0,1,,,0,1484.5,1484.5,1,,,0,,,0,,,0,,,0,,,0,,,0,,,0,,,0,,,0,,,0,1481.5,1481.5,baghdad_generic,1480.0,1480.0,1
2023-07-19,,,0,,,0,1482.0,1489.0,8,,,0,,,0,,,0,,,0,,,0,,,0,1482.0,1482.0,1,,,0,1485.5,1495.0,2,,,0,,,0,,,0,,,0,,,0,,,0,,,0,,,0,,,0,,,0,1482.0,1489.0,baghdad_generic,,,0
2023-07-20,,,0,,,0,1487.0,1511.0,13,,,0,,,0,,,0,,,0,,,0,,,0,1494.0,1510.0,2,,,0,1500.0,1510.0,4,,,0,,,0,,,0,,,0,,,0,,,0,,,0,,,0,,,0,,,0,1487.0,1511.0,baghdad_generic,,,0
2023-07-23,,,0,,,0,1522.0,1525.0,14,,,0,,,0,,,0,,,0,,,0,,,0,1520.0,1520.0,1,,,0,1520.0,1539.0,5,,,0,,,0,,,0,,,0,,,0,,,0,,,0,,,0,,,0,,,0,1522.0,1525.0,baghdad_generic,,,0
2023-07-24,,,0,,,0,1536.0,1534.5,8,,,0,,,0,,,0,,,0,,,0,,,0,,,0,,,0,1538.0,1534.0,5,,,0,,,0,,,0,,,0,,,0,,,0,,,0,,,0,,,0,,,0,1536.0,1534.5,baghdad_generic,,,0
2023-07-25,,,0,,,0,1536.0,1540.0,6,,,0,,,0,,,0,,,0,,,0,,,0,,,0,,,0,1538.0,1542.0,4,,,0,,,0,,,0,,,0,,,0,,,0,,,0,,,0,,,0,,,0,1536.0,1540.0,baghdad_generic,,,0
2023-07-26,,,0,,,0,1543.0,1558.0,16,,,0,,,0,,,0,,,0,,,0,,,0,1543.0,1543.0,1,,,0,1545.0,1565.0,4,,,0,,,0,,,0,,,0,,,0,,,0,,,0,,,0,,,0,,,0,1543.0,1558.0,baghdad_generic,,,0
2023-07-27,,,0,,,0,1564.0,1539.0,11,,,0,,,0,,,0,,,0,,,0,,,0,1566.5,1546.0,2,,,0,1557.5,1536.0,4,,,0,,,0,,,0,,,0,,,0,,,0,,,0,,,0,,,0,,,0,1564.0,1539.0,baghdad_generic,,,0
2023-07-30,1508.5,1508.5,1,,,0,1525.0,1502.0,7,,,0,,,0,,,0,,,0,,,0,1508.0,1508.0,1,1506.0,1506.0,1,1508.0,1508.0,1,1530.0,1508.0,11,,,0,1508.0,1508.0,1,1508.5,1508.5,1,1508.5,1508.5,1,1508.5,1508.5,1,,,0,,,0,1508.5,1508.5,1,1508.5,1508.5,1,,,0,1525.0,1502.0,baghdad_generic,,,0
2023-07-31,,,0,,,0,1500.0,1507.5,13,,,0,,,0,,,0,,,0,,,0,,,0,1500.0,1498.5,2,,,0,1501.0,1505.0,6,,,0,,,0,,,0,,,0,,,0,,,0,,,0,,,0,,,0,,,0,1500.0,1507.5,baghdad_generic,,,0
2023-08-01,,,0,,,0,1510.0,1517.0,7,,,0,,,0,,,0,,,0,,,0,,,0,1509.0,1511.0,2,,,0,1508.0,1521.0,7,,,0,,,0,,,0,,,0,,,0,,,0,,,0,,,0,,,0,,,0,1510.0,1517.0,baghdad_generic,,,0
2023-08-02,1511.5,1511.5,1,,,0,1517.0,1507.0,6,,,0,,,0,,,0,,,0,,,0,1511.0,1511.0,1,1515.0,1510.0,3,1511.0,1511.0,1,1519.5,1515.0,10,,,0,1511.0,1511.0,1,1511.5,1511.5,1,1510.5,1510.5,1,1511.5,1511.5,1,,,0,,,0,1510.5,1510.5,1,1511.5,1511.5,1,,,0,1517.0,1507.0,baghdad_generic,,,0
2023-08-03,,,0,,,0,1509.0,1503.0,4,,,0,,,0,,,0,,,0,,,0,,,0,1502.5,1502.5,1,,,0,1517.5,1505.0,5,,,0,,,0,,,0,,,0,,,0,,,0,,,0,,,0,,,0,,,0,1509.0,1503.0,baghdad_generic,,,0
2023-08-06,,,0,,,0,,,0,,,0,,,0,,,0,,,0,,,0,,,0,,,0,,,0,1508.0,1510.0,3,,,0,,,0,,,0,,,0,,,0,,,0,,,0,,,0,,,0,,,0,,,,,,0
2023-08-07,,,0,,,0,,,0,,,0,,,0,,,0,,,0,,,0,,,0,,,0,,,0,1514.0,1514.0,1,,,0,,,0,,,0,,,0,,,0,,,0,,,0,,,0,,,0,,,0,,,,,,0
2023-08-08,,,0,,,0,,,0,,,0,,,0,,,0,,,0,,,0,,,0,1521.0,1521.0,1,,,0,1519.0,1519.0,1,,,0,,,0,,,0,,,0,,,0,,,0,,,0,,,0,,,0,,,0,,,,,,0
2023-08-09,,,0,,,0,,,0,,,0,,,0,,,0,,,0,,,0,,,0,,,0,,,0,1529.0,1521.5,2,,,0,,,0,,,0,,,0,,,0,,,0,,,0,,,0,,,0,,,0,,,,,,0
2023-08-10,,,0,,,0,,,0,,,0,,,0,,,0,,,0,,,0,,,0,,,0,,,0,1527.0,1527.0,1,,,0,,,0,,,0,,,0,,,0,,,0,,,0,,,0,,,0,,,0,,,,,,0
2023-08-13,,,0,,,0,,,0,,,0,,,0,,,0,,,0,,,0,,,0,,,0,,,0,1527.5,1527.5,1,,,0,,,0,,,0,1528.0,1528.0,1,,,0,,,0,,,0,,,0,,,0,,,0,,,,,,0
2023-08-14,,,0,,,0,1529.5,1529.5,1,,,0,,,0,,,0,,,0,,,0,,,0,,,0,,,0,1534.0,1529.5,4,,,0,,,0,,,0,,,0,,,0,,,0,,,0,,,0,,,0,,,0,1529.5,1529.5,baghdad_generic,,,0
2023-08-15,,,0,,,0,1528.0,1529.0,3,,,0,,,0,,,0,,,0,,,0,,,0,,,0,,,0,1530.5,1531.0,5,,,0,,,0,,,0,,,0,,,0,,,0,,,0,,,0,,,0,,,0,1528.0,1529.0,baghdad_generic,,,0
2023-08-16,,,0,,,0,1531.0,1528.0,3,,,0,,,0,,,0,,,0,,,0,,,0,1539.0,1539.0,1,,,0,1531.5,1530.5,4,,,0,,,0,,,0,,,0,,,0,,,0,,,0,,,0,,,0,,,0,1531.0,1528.0,baghdad_generic,,,0
2023-08-17,,,0,,,0,1536.0,1537.0,4,,,0,,,0,,,0,,,0,,,0,,,0,1535.0,1539.0,4,,,0,1535.0,1541.0,5,,,0,,,0,,,0,,,0,,,0,,,0,,,0,,,0,,,0,,,0,1536.0,1537.0,baghdad_generic,,,0
2023-08-20,,,0,,,0,1540.0,1529.0,5,,,0,,,0,,,0,,,0,,,0,,,0,1540.0,1526.0,4,,,0,1541.5,1539.0,3,,,0,,,0,,,0,,,0,,,0,,,0,,,0,,,0,,,0,,,0,1540.0,1529.0,baghdad_generic,,,0
2023-08-21,,,0,,,0,1532.5,1531.0,4,,,0,,,0,,,0,,,0,,,0,,,0,1529.0,1528.5,3,,,0,1535.0,1536.5,5,,,0,,,0,,,0,,,0,,,0,,,0,,,0,,,0,,,0,,,0,1532.5,1531.0,baghdad_generic,,,0
2023-08-22,,,0,,,0,1527.0,1513.0,5,,,0,,,0,,,0,,,0,,,0,,,0,,,0,,,0,,,0,,,0,,,0,,,0,,,0,,,0,,,0,,,0,,,0,,,0,,,0,1527.0,1513.0,baghdad_generic,,,0
2023-08-23,,,0,,,0,1516.0,1519.0,2,,,0,,,0,,,0,,,0,,,0,,,0,1516.0,1516.0,1,,,0,1526.5,1526.5,1,,,0,,,0,,,0,,,0,,,0,,,0,,,0,,,0,,,0,,,0,1516.0,1519.0,baghdad_generic,,,0
2023-08-24,,,0,,,0,1528.0,1532.0,2,,,0,,,0,,,0,,,0,,,0,,,0,,,0,,,0,1535.0,1536.5,2,,,0,,,0,,,0,,,0,,,0,,,0,,,0,,,0,,,0,,,0,1528.0,1532.0,baghdad_generic,,,0
2023-08-27,,,0,,,0,1530.0,1532.5,3,,,0,,,0,,,0,,,0,,,0,,,0,,,0,,,0,1534.5,1538.5,4,,,0,,,0,,,0,,,0,,,0,,,0,,,0,,,0,,,0,,,0,1530.0,1532.5,baghdad_generic,,,0
2023-08-28,,,0,,,0,1536.0,1536.0,2,,,0,,,0,,,0,,,0,,,0,,,0,1532.5,1537.0,2,,,0,1540.0,1539.5,3,,,0,,,0,,,0,,,0,,,0,,,0,,,0,,,0,,,0,,,0,1536.0,1536.0,baghdad_generic,,,0
2023-08-29,1538.0,1538.0,1,,,0,1537.5,1531.0,6,,,0,,,0,,,0,,,0,,,0,1538.0,1538.0,1,1533.0,1534.0,2,1537.0,1537.0,1,1540.0,1538.0,3,,,0,1537.5,1537.5,1,1538.0,1538.0,1,1537.5,1537.5,1,1537.0,1537.0,1,,,0,,,0,1537.5,1537.5,1,1537.5,1537.5,1,,,0,1537.5,1531.0,baghdad_generic,,,0
2023-08-30,,,0,,,0,1530.0,1529.0,2,,,0,,,0,,,0,,,0,,,0,,,0,1526.0,1526.0,1,,,0,1535.0,1535.0,1,,,0,,,0,,,0,,,0,,,0,,,0,,,0,,,0,,,0,,,0,1530.0,1529.0,baghdad_generic,,,0
2023-08-31,,,0,,,0,1532.5,1532.0,2,,,0,,,0,,,0,,,0,,,0,,,0,1527.0,1527.0,2,,,0,1538.0,1540.0,2,,,0,,,0,,,0,,,0,,,0,,,0,,,0,,,0,,,0,,,0,1532.5,1532.0,baghdad_generic,,,0
2023-09-03,,,0,,,0,1531.0,1531.0,1,,,0,,,0,,,0,,,0,,,0,,,0,,,0,,,0,1539.0,1539.0,1,,,0,,,0,,,0,,,0,,,0,,,0,,,0,,,0,,,0,,,0,1531.0,1531.0,baghdad_generic,,,0
2023-09-04,,,0,,,0,1532.0,1534.0,4,,,0,,,0,,,0,,,0,,,0,,,0,,,0,,,0,1540.0,1542.0,4,,,0,,,0,,,0,,,0,,,0,,,0,,,0,,,0,,,0,,,0,1532.0,1534.0,baghdad_generic,,,0
2023-09-05,,,0,,,0,1534.5,1534.5,4,,,0,,,0,,,0,,,0,,,0,,,0,,,0,,,0,1542.0,1544.0,3,,,0,,,0,,,0,,,0,,,0,,,0,,,0,,,0,,,0,,,0,1534.5,1534.5,baghdad_generic,,,0
2023-09-06,,,0,,,0,1537.0,1538.5,3,,,0,,,0,,,0,,,0,,,0,,,0,,,0,,,0,1547.0,1544.0,2,,,0,,,0,,,0,,,0,,,0,,,0,,,0,,,0,,,0,,,0,1537.0,1538.5,baghdad_generic,,,0
2023-09-07,,,0,,,0,1538.5,1535.0,2,,,0,,,0,,,0,,,0,,,0,,,0,,,0,,,0,1545.5,1545.5,1,,,0,,,0,,,0,,,0,,,0,,,0,,,0,,,0,,,0,,,0,1538.5,1535.0,baghdad_generic,,,0
2023-09-10,,,0,,,0,1539.0,1539.0,3,,,0,,,0,,,0,,,0,,,0,,,0,,,0,,,0,1546.0,1547.5,3,,,0,,,0,,,0,,,0,,,0,,,0,,,0,,,0,,,0,,,0,1539.0,1539.0,baghdad_generic,,,0
2023-09-11,,,0,,,0,1550.0,1554.5,5,,,0,,,0,,,0,,,0,,,0,,,0,1546.0,1551.0,3,,,0,1558.5,1564.5,4,,,0,,,0,,,0,,,0,,,0,,,0,,,0,,,0,,,0,,,0,1550.0,1554.5,baghdad_generic,,,0
2023-09-12,1558.5,1558.5,1,,,0,1554.0,1554.5,5,,,0,,,0,,,0,,,0,,,0,1558.5,1558.5,1,1547.5,1551.5,3,1558.5,1558.5,1,1560.5,1559.5,5,,,0,1558.0,1558.0,1,1558.0,1558.0,1,1558.0,1558.0,1,1558.0,1558.0,1,,,0,,,0,1558.0,1558.0,1,1559.0,1559.0,1,,,0,1554.0,1554.5,baghdad_generic,,,0
2023-09-13,,,0,,,0,1557.5,1555.0,4,,,0,,,0,,,0,,,0,,,0,,,0,1552.5,1552.5,1,,,0,1564.5,1556.5,2,,,0,,,0,,,0,,,0,,,0,,,0,,,0,,,0,,,0,,,0,1557.5,1555.0,baghdad_generic,,,0
2023-09-14,,,0,,,0,1559.5,1557.5,2,,,0,,,0,,,0,,,0,,,0,,,0,1557.5,1553.5,2,,,0,1561.5,1561.5,1,,,0,,,0,,,0,,,0,,,0,,,0,,,0,,,0,,,0,,,0,1559.5,1557.5,baghdad_generic,,,0
2023-09-17,,,0,,,0,1567.5,1572.0,6,,,0,,,0,,,0,,,0,,,0,,,0,1555.0,1555.0,1,,,0,1564.5,1566.0,2,,,0,,,0,,,0,,,0,,,0,,,0,,,0,,,0,,,0,,,0,1567.5,1572.0,baghdad_generic,,,0
2023-09-18,,,0,,,0,1584.5,1577.5,4,,,0,,,0,,,0,,,0,,,0,,,0,1581.0,1581.0,1,,,0,1577.5,1575.0,2,,,0,,,0,,,0,,,0,,,0,,,0,,,0,,,0,,,0,,,0,1584.5,1577.5,baghdad_generic,,,0
2023-09-19,,,0,,,0,1580.0,1554.0,10,,,0,,,0,,,0,,,0,,,0,,,0,1577.5,1577.5,1,,,0,1573.5,1573.5,1,,,0,,,0,,,0,,,0,,,0,,,0,,,0,,,0,,,0,,,0,1580.0,1554.0,baghdad_generic,,,0
2023-09-20,,,0,,,0,1565.0,1563.0,5,,,0,,,0,,,0,,,0,,,0,,,0,1564.0,1564.0,2,,,0,1560.0,1559.5,5,,,0,,,0,,,0,,,0,,,0,,,0,,,0,,,0,,,0,,,0,1565.0,1563.0,baghdad_generic,,,0
2023-09-21,,,0,,,0,1559.0,1553.0,8,,,0,,,0,,,0,,,0,,,0,,,0,1561.0,1552.0,3,,,0,1561.5,1546.0,5,,,0,,,0,,,0,,,0,,,0,,,0,,,0,,,0,,,0,,,0,1559.0,1553.0,baghdad_generic,,,0
2023-09-24,,,0,,,0,1541.0,1542.0,9,,,0,,,0,,,0,,,0,,,0,,,0,1528.0,1528.0,1,,,0,1538.5,1535.0,6,,,0,,,0,,,0,,,0,,,0,,,0,,,0,,,0,,,0,,,0,1541.0,1542.0,baghdad_generic,,,0
2023-09-25,,,0,,,0,1541.0,1545.0,7,,,0,,,0,,,0,,,0,,,0,,,0,1549.0,1549.0,1,,,0,1543.5,1538.5,6,,,0,,,0,,,0,,,0,,,0,,,0,,,0,,,0,,,0,,,0,1541.0,1545.0,baghdad_generic,,,0
2023-09-26,,,0,,,0,1546.0,1559.0,9,,,0,,,0,,,0,,,0,,,0,,,0,,,0,,,0,1539.5,1551.0,4,,,0,,,0,,,0,,,0,,,0,,,0,,,0,,,0,,,0,,,0,1546.0,1559.0,baghdad_generic,,,0
2023-09-27,,,0,,,0,1562.0,1555.0,6,,,0,,,0,,,0,,,0,,,0,,,0,1561.5,1561.5,1,,,0,1550.0,1552.5,2,,,0,,,0,,,0,,,0,,,0,,,0,,,0,,,0,,,0,,,0,1562.0,1555.0,baghdad_generic,,,0
2023-09-28,,,0,,,0,1557.5,1557.0,6,,,0,,,0,,,0,,,0,,,0,,,0,1560.0,1560.0,1,,,0,1551.0,1555.0,2,,,0,,,0,,,0,,,0,,,0,,,0,,,0,,,0,,,0,,,0,1557.5,1557.0,baghdad_generic,,,0
2023-10-01,,,0,,,0,1558.0,1559.0,4,,,0,,,0,,,0,,,0,,,0,,,0,1557.5,1557.5,1,,,0,1555.0,1561.0,2,,,0,,,0,,,0,,,0,,,0,,,0,,,0,,,0,,,0,,,0,1558.0,1559.0,baghdad_generic,,,0
2023-10-02,,,0,,,0,1562.0,1565.5,6,,,0,,,0,,,0,,,0,,,0,,,0,1563.0,1565.5,2,,,0,1565.0,1568.5,4,,,0,,,0,,,0,,,0,,,0,,,0,,,0,,,0,,,0,,,0,1562.0,1565.5,baghdad_generic,,,0
2023-10-03,,,0,,,0,1569.0,1567.5,2,,,0,,,0,,,0,,,0,,,0,,,0,,,0,,,0,1568.0,1568.0,1,,,0,,,0,,,0,,,0,,,0,,,0,,,0,,,0,,,0,,,0,1569.0,1567.5,baghdad_generic,,,0
2023-10-04,,,0,,,0,1568.5,1565.5,3,,,0,,,0,,,0,,,0,,,0,,,0,,,0,,,0,1569.0,1563.0,3,,,0,,,0,,,0,,,0,,,0,,,0,,,0,,,0,,,0,,,0,1568.5,1565.5,baghdad_generic,,,0
2023-10-05,,,0,,,0,1566.0,1572.5,3,,,0,,,0,,,0,,,0,,,0,,,0,1566.5,1566.5,1,,,0,1564.0,1569.5,3,,,0,,,0,,,0,,,0,,,0,,,0,,,0,,,0,,,0,,,0,1566.0,1572.5,baghdad_generic,,,0
2023-10-08,,,0,,,0,1583.5,1589.5,7,,,0,,,0,,,0,,,0,,,0,,,0,,,0,,,0,1587.5,1587.5,1,,,0,,,0,,,0,,,0,,,0,,,0,,,0,,,0,,,0,,,0,1583.5,1589.5,baghdad_generic,,,0
2023-10-09,,,0,,,0,1593.0,1614.5,9,,,0,,,0,,,0,,,0,,,0,,,0,1621.0,1621.0,1,,,0,1608.0,1625.0,2,,,0,,,0,,,0,,,0,,,0,,,0,,,0,,,0,,,0,,,0,1593.0,1614.5,baghdad_generic,,,0
2023-10-10,,,0,,,0,1630.0,1619.0,14,,,0,,,0,,,0,,,0,,,0,,,0,1607.0,1607.0,1,,,0,1628.0,1606.0,5,,,0,,,0,,,0,,,0,,,0,,,0,,,0,,,0,,,0,,,0,1630.0,1619.0,baghdad_generic,,,0
2023-10-11,,,0,,,0,1614.0,1606.0,9,,,0,,,0,,,0,,,0,,,0,,,0,,,0,,,0,,,0,,,0,,,0,,,0,,,0,,,0,,,0,,,0,,,0,,,0,,,0,1614.0,1606.0,baghdad_generic,,,0
2023-10-12,,,0,,,0,1604.0,1605.5,9,,,0,,,0,,,0,,,0,,,0,,,0,,,0,,,0,1604.0,1604.0,1,,,0,,,0,,,0,,,0,,,0,,,0,,,0,,,0,,,0,,,0,1604.0,1605.5,baghdad_generic,,,0
2023-10-15,,,0,,,0,1598.5,1577.0,13,,,0,,,0,,,0,,,0,,,0,,,0,1597.0,1575.5,4,,,0,1590.0,1590.0,1,,,0,,,0,,,0,,,0,,,0,,,0,,,0,,,0,,,0,,,0,1598.5,1577.0,baghdad_generic,,,0
2023-10-16,,,0,,,0,1580.0,1583.5,9,,,0,,,0,,,0,,,0,,,0,,,0,1577.5,1577.5,1,,,0,1581.0,1581.0,1,,,0,,,0,,,0,,,0,,,0,,,0,,,0,,,0,,,0,,,0,1580.0,1583.5,baghdad_generic,,,0
2023-10-17,,,0,,,0,1589.0,1598.5,7,,,0,,,0,,,0,,,0,,,0,,,0,1588.0,1588.0,1,,,0,1592.0,1592.0,1,,,0,,,0,,,0,,,0,,,0,,,0,,,0,,,0,,,0,,,0,1589.0,1598.5,baghdad_generic,,,0
2023-10-18,,,0,,,0,1595.5,1598.0,4,,,0,,,0,,,0,,,0,,,0,,,0,1597.5,1597.5,1,,,0,1596.5,1596.5,1,,,0,,,0,,,0,,,0,,,0,,,0,,,0,,,0,,,0,,,0,1595.5,1598.0,baghdad_generic,,,0
2023-10-19,,,0,,,0,1594.0,1599.0,4,,,0,,,0,,,0,,,0,,,0,,,0,1595.0,1599.0,2,,,0,1591.5,1597.0,2,,,0,,,0,,,0,,,0,,,0,,,0,,,0,,,0,,,0,,,0,1594.0,1599.0,baghdad_generic,,,0
2023-10-22,,,0,,,0,1595.0,1602.5,6,,,0,,,0,,,0,,,0,,,0,,,0,1597.5,1597.5,1,,,0,1596.0,1594.0,2,,,0,,,0,,,0,,,0,,,0,,,0,,,0,,,0,,,0,,,0,1595.0,1602.5,baghdad_generic,,,0
2023-10-23,1607.0,1607.0,1,,,0,1604.0,1607.5,5,,,0,,,0,,,0,,,0,,,0,1607.0,1607.0,1,1607.0,1607.0,2,1607.0,1607.0,1,1604.5,1606.5,3,,,0,1607.5,1607.5,1,1608.0,1608.0,1,1607.5,1607.5,1,1607.0,1607.0,1,,,0,,,0,1607.5,1607.5,1,1607.5,1607.5,1,,,0,1604.0,1607.5,baghdad_generic,,,0
2023-10-24,,,0,,,0,1611.5,1616.0,6,,,0,,,0,1612.0,1612.0,1,,,0,1611.0,1611.0,1,,,0,1610.0,1610.0,1,,,0,1611.0,1608.0,2,,,0,,,0,,,0,,,0,,,0,,,0,,,0,,,0,,,0,,,0,1612.0,1612.0,baghdad_kifah,,,0
2023-10-25,,,0,,,0,1619.0,1614.0,8,,,0,,,0,,,0,,,0,,,0,,,0,1620.0,1620.0,1,,,0,1617.0,1605.0,3,,,0,,,0,,,0,,,0,,,0,,,0,,,0,,,0,,,0,,,0,1619.0,1614.0,baghdad_generic,,,0
2023-10-26,,,0,,,0,1613.0,1610.0,7,,,0,,,0,,,0,,,0,,,0,,,0,,,0,,,0,1610.0,1610.0,1,,,0,,,0,,,0,,,0,,,0,,,0,,,0,,,0,,,0,,,0,1613.0,1610.0,baghdad_generic,,,0
2023-10-29,,,0,,,0,1615.5,1616.5,5,,,0,,,0,,,0,,,0,,,0,,,0,1616.0,1616.0,1,,,0,1613.0,1613.0,1,,,0,,,0,,,0,,,0,,,0,,,0,,,0,,,0,,,0,,,0,1615.5,1616.5,baghdad_generic,,,0
2023-10-30,,,0,,,0,1614.0,1618.5,3,,,0,,,0,,,0,,,0,,,0,,,0,,,0,,,0,1612.5,1612.5,1,,,0,,,0,,,0,,,0,,,0,,,0,,,0,,,0,,,0,,,0,1614.0,1618.5,baghdad_generic,,,0
2023-10-31,,,0,,,0,1618.0,1620.0,5,,,0,,,0,,,0,,,0,,,0,,,0,,,0,,,0,1616.0,1616.0,1,,,0,,,0,,,0,,,0,,,0,,,0,,,0,,,0,,,0,,,0,1618.0,1620.0,baghdad_generic,,,0
2023-11-01,,,0,,,0,1620.0,1621.5,7,,,0,,,0,,,0,,,0,,,0,,,0,1623.0,1623.0,1,,,0,1620.5,1620.0,3,,,0,,,0,,,0,,,0,,,0,,,0,,,0,,,0,,,0,,,0,1620.0,1621.5,baghdad_generic,,,0
2023-11-02,,,0,,,0,1623.0,1626.0,5,,,0,,,0,,,0,,,0,,,0,,,0,,,0,,,0,1623.5,1623.5,1,,,0,,,0,,,0,,,0,,,0,,,0,,,0,,,0,,,0,,,0,1623.0,1626.0,baghdad_generic,,,0
2023-11-05,,,0,,,0,1631.0,1639.0,7,,,0,,,0,,,0,,,0,,,0,,,0,1633.0,1633.0,1,,,0,1631.0,1631.0,1,,,0,,,0,,,0,,,0,,,0,,,0,,,0,,,0,,,0,,,0,1631.0,1639.0,baghdad_generic,,,0
2023-11-06,,,0,,,0,1650.0,1664.5,11,,,0,,,0,,,0,,,0,,,0,,,0,1650.0,1663.0,3,,,0,1650.0,1663.5,7,,,0,,,0,,,0,,,0,,,0,,,0,,,0,,,0,,,0,,,0,1650.0,1664.5,baghdad_generic,,,0
2023-11-07,,,0,,,0,1659.0,1634.5,21,,,0,,,0,,,0,,,0,,,0,,,0,1657.5,1646.0,4,,,0,1659.0,1629.0,11,,,0,,,0,,,0,,,0,,,0,,,0,,,0,,,0,,,0,,,0,1659.0,1634.5,baghdad_generic,,,0
2023-11-08,,,0,,,0,1640.0,1647.0,6,,,0,,,0,,,0,,,0,,,0,,,0,1640.0,1640.0,1,,,0,1637.5,1643.0,3,,,0,,,0,,,0,,,0,,,0,,,0,,,0,,,0,,,0,,,0,1640.0,1647.0,baghdad_generic,,,0
2023-11-09,,,0,,,0,1648.5,1648.5,8,,,0,,,0,,,0,,,0,,,0,,,0,,,0,,,0,1649.0,1643.0,5,,,0,,,0,,,0,,,0,,,0,,,0,,,0,,,0,,,0,,,0,1648.5,1648.5,baghdad_generic,,,0
2023-11-12,,,0,,,0,1632.0,1607.5,7,,,0,,,0,,,0,,,0,,,0,,,0,1633.0,1633.0,1,,,0,1632.5,1618.0,3,,,0,,,0,,,0,,,0,,,0,,,0,,,0,,,0,,,0,,,0,1632.0,1607.5,baghdad_generic,,,0
2023-11-13,,,0,,,0,1601.0,1593.5,8,,,0,,,0,,,0,,,0,,,0,,,0,,,0,,,0,1610.0,1596.0,4,,,0,,,0,,,0,,,0,,,0,,,0,,,0,,,0,,,0,,,0,1601.0,1593.5,baghdad_generic,,,0
2023-11-14,,,0,,,0,1574.0,1547.5,17,,,0,,,0,,,0,,,0,,,0,,,0,,,0,,,0,1580.0,1562.5,5,,,0,,,0,,,0,,,0,,,0,,,0,,,0,,,0,,,0,,,0,1574.0,1547.5,baghdad_generic,,,0
2023-11-15,,,0,,,0,1573.0,1576.0,10,,,0,,,0,,,0,,,0,,,0,,,0,,,0,,,0,1554.5,1589.0,3,,,0,,,0,,,0,,,0,,,0,,,0,,,0,,,0,,,0,,,0,1573.0,1576.0,baghdad_generic,,,0
2023-11-16,,,0,,,0,1584.0,1592.0,6,,,0,,,0,,,0,,,0,,,0,,,0,,,0,,,0,1587.0,1588.0,2,,,0,,,0,,,0,,,0,,,0,,,0,,,0,,,0,,,0,,,0,1584.0,1592.0,baghdad_generic,,,0
2023-11-19,,,0,,,0,1583.0,1572.0,7,,,0,,,0,,,0,,,0,,,0,,,0,,,0,,,0,1583.5,1583.5,1,,,0,,,0,,,0,,,0,,,0,,,0,,,0,,,0,,,0,,,0,1583.0,1572.0,baghdad_generic,,,0
2023-11-20,,,0,,,0,1573.0,1583.5,8,,,0,,,0,,,0,,,0,,,0,,,0,,,0,,,0,1575.5,1575.5,1,,,0,,,0,,,0,,,0,,,0,,,0,,,0,,,0,,,0,,,0,1573.0,1583.5,baghdad_generic,,,0
2023-11-21,,,0,,,0,1583.0,1583.5,7,,,0,,,0,,,0,,,0,,,0,,,0,,,0,,,0,,,0,,,0,,,0,,,0,,,0,,,0,,,0,,,0,,,0,,,0,,,0,1583.0,1583.5,baghdad_generic,,,0
2023-11-22,,,0,,,0,1585.0,1594.5,7,,,0,,,0,,,0,,,0,,,0,,,0,,,0,,,0,1586.0,1586.0,1,,,0,,,0,,,0,,,0,,,0,,,0,,,0,,,0,,,0,,,0,1585.0,1594.5,baghdad_generic,,,0
2023-11-23,,,0,,,0,1595.0,1587.0,5,,,0,,,0,,,0,,,0,,,0,,,0,1595.0,1595.0,1,,,0,1593.5,1588.0,2,,,0,,,0,,,0,,,0,,,0,,,0,,,0,,,0,,,0,,,0,1595.0,1587.0,baghdad_generic,,,0
2023-11-26,,,0,,,0,1571.0,1583.0,8,,,0,,,0,,,0,,,0,,,0,,,0,,,0,,,0,1577.0,1577.0,1,,,0,,,0,,,0,,,0,,,0,,,0,,,0,,,0,,,0,,,0,1571.0,1583.0,baghdad_generic,,,0
2023-11-27,,,0,,,0,1581.0,1569.5,11,,,0,,,0,,,0,,,0,,,0,,,0,,,0,,,0,1582.5,1582.5,1,,,0,,,0,,,0,,,0,,,0,,,0,,,0,,,0,,,0,,,0,1581.0,1569.5,baghdad_generic,,,0
2023-11-28,,,0,,,0,1573.5,1574.5,4,,,0,,,0,,,0,,,0,,,0,,,0,,,0,,,0,,,0,,,0,,,0,,,0,,,0,,,0,,,0,,,0,,,0,,,0,,,0,1573.5,1574.5,baghdad_generic,,,0
2023-11-29,,,0,,,0,1577.5,1564.5,10,,,0,,,0,,,0,,,0,,,0,,,0,,,0,,,0,1576.0,1576.0,1,,,0,,,0,,,0,,,0,,,0,,,0,,,0,,,0,,,0,,,0,1577.5,1564.5,baghdad_generic,,,0
2023-11-30,,,0,,,0,1567.0,1564.5,8,,,0,,,0,,,0,,,0,,,0,,,0,,,0,,,0,1555.0,1555.0,1,,,0,,,0,,,0,,,0,,,0,,,0,,,0,,,0,,,0,,,0,1567.0,1564.5,baghdad_generic,,,0
2023-12-03,,,0,,,0,1569.0,1573.0,4,,,0,,,0,,,0,,,0,,,0,,,0,,,0,,,0,1566.0,1566.0,1,,,0,,,0,,,0,,,0,,,0,,,0,,,0,,,0,,,0,,,0,1569.0,1573.0,baghdad_generic,,,0
2023-12-04,,,0,,,0,1576.0,1574.0,9,,,0,,,0,,,0,,,0,,,0,,,0,1575.0,1575.0,1,,,0,1574.5,1572.0,2,,,0,,,0,,,0,,,0,,,0,,,0,,,0,,,0,,,0,,,0,1576.0,1574.0,baghdad_generic,,,0
2023-12-05,,,0,,,0,1575.0,1571.0,8,,,0,,,0,,,0,,,0,,,0,,,0,1573.5,1573.5,1,,,0,1573.0,1567.0,5,,,0,,,0,,,0,,,0,,,0,,,0,,,0,,,0,,,0,,,0,1575.0,1571.0,baghdad_generic,,,0
2023-12-06,,,0,,,0,1571.5,1572.0,3,,,0,,,0,,,0,,,0,,,0,,,0,1569.0,1569.0,1,,,0,1566.0,1566.0,1,,,0,,,0,,,0,,,0,,,0,,,0,,,0,,,0,,,0,,,0,1571.5,1572.0,baghdad_generic,,,0
2023-12-07,,,0,,,0,1575.0,1575.0,6,,,0,,,0,,,0,,,0,,,0,,,0,1572.0,1572.0,1,,,0,1571.0,1568.5,2,,,0,,,0,,,0,,,0,,,0,,,0,,,0,,,0,,,0,,,0,1575.0,1575.0,baghdad_generic,,,0
2023-12-10,,,0,,,0,1573.0,1571.0,6,,,0,,,0,,,0,,,0,,,0,,,0,1573.5,1573.5,1,,,0,1572.5,1567.0,4,,,0,,,0,,,0,,,0,,,0,,,0,,,0,,,0,,,0,,,0,1573.0,1571.0,baghdad_generic,,,0
2023-12-11,,,0,,,0,1573.0,1572.0,3,,,0,,,0,,,0,,,0,,,0,,,0,1574.0,1574.0,2,,,0,1569.5,1567.0,3,,,0,,,0,,,0,,,0,,,0,,,0,,,0,,,0,,,0,,,0,1573.0,1572.0,baghdad_generic,,,0
2023-12-12,,,0,,,0,1573.5,1566.5,6,,,0,,,0,,,0,,,0,,,0,,,0,1575.5,1575.5,1,,,0,1572.0,1567.5,3,,,0,,,0,,,0,,,0,,,0,,,0,,,0,,,0,,,0,,,0,1573.5,1566.5,baghdad_generic,,,0
2023-12-13,,,0,,,0,1561.0,1559.0,5,,,0,,,0,,,0,,,0,,,0,,,0,1562.0,1562.0,1,,,0,1560.0,1561.0,2,,,0,,,0,,,0,,,0,,,0,,,0,,,0,,,0,,,0,,,0,1561.0,1559.0,baghdad_generic,,,0
2023-12-14,,,0,,,0,1562.0,1557.5,6,,,0,,,0,,,0,,,0,,,0,,,0,,,0,,,0,1561.0,1558.5,3,,,0,,,0,,,0,,,0,,,0,,,0,,,0,,,0,,,0,,,0,1562.0,1557.5,baghdad_generic,,,0
2023-12-17,,,0,,,0,1552.0,1544.0,6,,,0,,,0,,,0,,,0,,,0,,,0,1555.0,1555.0,1,,,0,1549.0,1544.0,7,,,0,,,0,,,0,,,0,,,0,,,0,,,0,,,0,,,0,,,0,1552.0,1544.0,baghdad_generic,,,0
2023-12-18,,,0,,,0,1543.5,1539.5,3,,,0,,,0,,,0,,,0,,,0,,,0,1547.5,1547.5,1,,,0,1542.0,1537.0,11,,,0,,,0,,,0,,,0,,,0,,,0,,,0,,,0,,,0,,,0,1543.5,1539.5,baghdad_generic,,,0
2023-12-19,,,0,,,0,1544.0,1545.0,3,,,0,,,0,,,0,,,0,,,0,,,0,1540.0,1547.0,2,,,0,1539.5,1540.0,3,,,0,,,0,,,0,,,0,,,0,,,0,,,0,,,0,,,0,,,0,1544.0,1545.0,baghdad_generic,,,0
2023-12-20,,,0,,,0,1541.0,1530.0,9,,,0,,,0,,,0,,,0,,,0,,,0,1545.0,1545.0,1,,,0,1536.0,1532.0,2,,,0,,,0,,,0,,,0,,,0,,,0,,,0,,,0,,,0,,,0,1541.0,1530.0,baghdad_generic,,,0
2023-12-21,,,0,,,0,1532.0,1524.0,13,,,0,,,0,,,0,,,0,,,0,,,0,,,0,,,0,1528.5,1528.5,1,,,0,,,0,,,0,,,0,,,0,,,0,,,0,,,0,,,0,,,0,1532.0,1524.0,baghdad_generic,,,0
2023-12-24,,,0,,,0,1512.0,1489.0,12,,,0,,,0,,,0,,,0,,,0,,,0,,,0,,,0,,,0,,,0,,,0,,,0,,,0,,,0,,,0,,,0,,,0,,,0,,,0,1512.0,1489.0,baghdad_generic,,,0
2023-12-25,,,0,,,0,1491.0,1493.5,5,,,0,,,0,,,0,,,0,,,0,,,0,,,0,,,0,,,0,,,0,,,0,,,0,,,0,,,0,,,0,,,0,,,0,,,0,,,0,1491.0,1493.5,baghdad_generic,,,0
2023-12-26,,,0,,,0,1500.0,1524.0,13,,,0,,,0,,,0,,,0,,,0,,,0,,,0,,,0,1508.0,1520.0,2,,,0,,,0,,,0,,,0,,,0,,,0,,,0,,,0,,,0,,,0,1500.0,1524.0,baghdad_generic,,,0
2023-12-27,,,0,,,0,1527.0,1515.0,8,,,0,,,0,,,0,,,0,,,0,,,0,,,0,,,0,,,0,,,0,,,0,,,0,,,0,,,0,,,0,,,0,,,0,,,0,,,0,1527.0,1515.0,baghdad_generic,,,0
2023-12-28,,,0,,,0,1515.0,1524.5,8,,,0,,,0,,,0,,,0,,,0,,,0,,,0,,,0,1518.0,1518.0,1,,,0,,,0,,,0,,,0,,,0,,,0,,,0,,,0,,,0,,,0,1515.0,1524.5,baghdad_generic,,,0
2023-12-31,,,0,,,0,1525.0,1524.5,4,,,0,,,0,,,0,,,0,,,0,,,0,,,0,,,0,1523.0,1523.0,1,,,0,,,0,,,0,,,0,,,0,,,0,,,0,,,0,,,0,,,0,1525.0,1524.5,baghdad_generic,,,0
2024-01-01,,,0,,,0,1524.5,1524.0,2,,,0,,,0,,,0,,,0,,,0,,,0,,,0,,,0,,,0,,,0,,,0,,,0,,,0,,,0,,,0,,,0,,,0,,,0,,,0,1524.5,1524.0,baghdad_generic,,,0
2024-01-02,,,0,,,0,1528.0,1526.0,9,,,0,,,0,,,0,,,0,,,0,,,0,1527.0,1527.0,1,,,0,1526.5,1524.5,3,,,0,,,0,,,0,,,0,,,0,,,0,,,0,,,0,,,0,,,0,1528.0,1526.0,baghdad_generic,,,0
2024-01-03,,,0,,,0,1527.0,1525.0,7,,,0,,,0,,,0,,,0,,,0,,,0,,,0,,,0,1529.5,1523.0,2,,,0,,,0,,,0,,,0,,,0,,,0,,,0,,,0,,,0,,,0,1527.0,1525.0,baghdad_generic,,,0
2024-01-04,,,0,,,0,1526.0,1535.0,6,,,0,,,0,,,0,,,0,,,0,,,0,1526.5,1526.5,1,,,0,1525.0,1533.5,3,,,0,,,0,,,0,,,0,,,0,,,0,,,0,,,0,,,0,,,0,1526.0,1535.0,baghdad_generic,,,0
2024-01-07,,,0,,,0,1526.0,1531.5,8,,,0,,,0,,,0,,,0,,,0,,,0,1528.0,1528.0,1,,,0,1525.0,1524.0,2,,,0,,,0,,,0,,,0,,,0,,,0,,,0,,,0,,,0,,,0,1526.0,1531.5,baghdad_generic,,,0
2024-01-08,,,0,,,0,1530.0,1536.5,5,,,0,,,0,,,0,,,0,,,0,,,0,1530.5,1530.5,1,,,0,1528.5,1528.5,1,,,0,,,0,,,0,,,0,,,0,,,0,,,0,,,0,,,0,,,0,1530.0,1536.5,baghdad_generic,,,0
2024-01-09,,,0,,,0,1537.0,1537.0,5,,,0,,,0,,,0,,,0,,,0,,,0,1537.0,1537.0,1,,,0,1534.0,1535.0,5,,,0,,,0,,,0,,,0,,,0,,,0,,,0,,,0,,,0,,,0,1537.0,1537.0,baghdad_generic,,,0
2024-01-10,,,0,,,0,1544.0,1538.5,10,,,0,,,0,,,0,,,0,,,0,,,0,,,0,,,0,1541.0,1539.0,2,,,0,,,0,,,0,,,0,,,0,,,0,,,0,,,0,,,0,,,0,1544.0,1538.5,baghdad_generic,,,0
2024-01-11,,,0,,,0,1541.0,1529.5,7,,,0,,,0,,,0,,,0,,,0,,,0,,,0,,,0,1538.5,1531.0,5,,,0,,,0,,,0,,,0,,,0,,,0,,,0,,,0,,,0,,,0,1541.0,1529.5,baghdad_generic,,,0
2024-01-14,,,0,,,0,1528.0,1525.5,6,,,0,,,0,,,0,,,0,,,0,,,0,1531.0,1531.0,1,,,0,1527.5,1524.0,3,,,0,,,0,,,0,,,0,,,0,,,0,,,0,,,0,,,0,,,0,1528.0,1525.5,baghdad_generic,,,0
2024-01-15,,,0,,,0,1524.0,1529.0,6,,,0,,,0,,,0,,,0,,,0,,,0,1527.0,1527.0,1,,,0,1523.5,1521.5,2,,,0,,,0,,,0,,,0,,,0,,,0,,,0,,,0,,,0,,,0,1524.0,1529.0,baghdad_generic,,,0
2024-01-16,,,0,,,0,1531.0,1526.0,6,,,0,,,0,,,0,,,0,,,0,,,0,1533.0,1533.0,1,,,0,1522.0,1522.0,1,,,0,,,0,,,0,,,0,,,0,,,0,,,0,,,0,,,0,,,0,1531.0,1526.0,baghdad_generic,,,0
2024-01-17,,,0,,,0,1524.0,1517.0,3,,,0,,,0,,,0,,,0,,,0,,,0,,,0,,,0,1522.5,1521.5,2,,,0,,,0,,,0,,,0,,,0,,,0,,,0,,,0,,,0,,,0,1524.0,1517.0,baghdad_generic,,,0
2024-01-18,,,0,,,0,1519.0,1521.5,4,,,0,,,0,,,0,,,0,,,0,,,0,1522.5,1522.5,1,,,0,1518.0,1518.0,1,,,0,,,0,,,0,,,0,,,0,,,0,,,0,,,0,,,0,,,0,1519.0,1521.5,baghdad_generic,,,0
2024-01-21,,,0,,,0,1521.0,1516.0,5,,,0,,,0,,,0,,,0,,,0,,,0,1525.0,1525.0,1,,,0,1517.5,1517.5,1,,,0,,,0,,,0,,,0,,,0,,,0,,,0,,,0,,,0,,,0,1521.0,1516.0,baghdad_generic,,,0
2024-01-22,,,0,,,0,1514.0,1510.0,7,,,0,,,0,,,0,,,0,,,0,,,0,1517.5,1517.5,1,,,0,1512.5,1507.0,2,,,0,,,0,,,0,,,0,,,0,,,0,,,0,,,0,,,0,,,0,1514.0,1510.0,baghdad_generic,,,0
2024-01-23,,,0,,,0,1511.5,1508.0,5,,,0,,,0,,,0,,,0,,,0,,,0,1513.5,1514.0,2,,,0,1512.0,1506.0,4,,,0,,,0,,,0,,,0,,,0,,,0,,,0,,,0,,,0,,,0,1511.5,1508.0,baghdad_generic,,,0
2024-01-24,,,0,,,0,1508.0,1514.0,7,,,0,,,0,,,0,,,0,,,0,,,0,1514.0,1514.0,1,,,0,1508.0,1508.0,1,,,0,,,0,,,0,,,0,,,0,,,0,,,0,,,0,,,0,,,0,1508.0,1514.0,baghdad_generic,,,0
2024-01-25,,,0,,,0,1515.5,1515.5,6,,,0,,,0,,,0,,,0,,,0,,,0,1520.0,1520.0,1,,,0,1512.0,1512.5,3,,,0,,,0,,,0,,,0,,,0,,,0,,,0,,,0,,,0,,,0,1515.5,1515.5,baghdad_generic,,,0
2024-01-28,,,0,,,0,1509.0,1511.0,3,,,0,,,0,,,0,,,0,,,0,,,0,,,0,,,0,,,0,,,0,,,0,,,0,,,0,,,0,,,0,,,0,,,0,,,0,,,0,1509.0,1511.0,baghdad_generic,,,0
2024-01-29,,,0,,,0,1513.0,1520.0,5,,,0,,,0,,,0,,,0,,,0,,,0,1516.0,1520.0,3,,,0,1511.5,1520.0,3,,,0,,,0,,,0,,,0,,,0,,,0,,,0,,,0,,,0,,,0,1513.0,1520.0,baghdad_generic,,,0
2024-01-30,,,0,,,0,1520.0,1527.0,11,,,0,,,0,,,0,,,0,,,0,,,0,1524.0,1524.0,1,,,0,1524.5,1531.0,3,,,0,,,0,,,0,,,0,,,0,,,0,,,0,,,0,,,0,,,0,1520.0,1527.0,baghdad_generic,,,0
2024-01-31,,,0,,,0,1526.0,1521.0,13,,,0,,,0,,,0,,,0,,,0,,,0,1530.0,1532.0,2,,,0,1526.0,1521.0,4,,,0,,,0,,,0,,,0,,,0,,,0,,,0,,,0,,,0,,,0,1526.0,1521.0,baghdad_generic,,,0
2024-02-01,,,0,,,0,1518.0,1522.5,9,,,0,,,0,,,0,,,0,,,0,,,0,1525.0,1527.0,2,,,0,1515.0,1520.0,2,,,0,,,0,,,0,,,0,,,0,,,0,,,0,,,0,,,0,,,0,1518.0,1522.5,baghdad_generic,,,0
2024-02-04,,,0,,,0,1519.0,1525.0,9,,,0,,,0,,,0,,,0,,,0,,,0,1526.0,1522.0,2,,,0,1519.0,1516.0,4,,,0,,,0,,,0,,,0,,,0,,,0,,,0,,,0,,,0,,,0,1519.0,1525.0,baghdad_generic,,,0
2024-02-05,,,0,,,0,1523.5,1519.0,7,,,0,,,0,,,0,,,0,,,0,,,0,1525.0,1525.0,1,,,0,1521.5,1521.0,3,,,0,,,0,,,0,,,0,,,0,,,0,,,0,,,0,,,0,,,0,1523.5,1519.0,baghdad_generic,,,0
2024-02-06,,,0,,,0,1521.0,1521.5,3,,,0,,,0,,,0,,,0,,,0,,,0,,,0,,,0,1517.0,1518.0,2,,,0,,,0,,,0,,,0,,,0,,,0,,,0,,,0,,,0,,,0,1521.0,1521.5,baghdad_generic,,,0
2024-02-07,,,0,,,0,1523.0,1522.0,6,,,0,,,0,,,0,,,0,,,0,,,0,,,0,,,0,1519.0,1518.0,2,,,0,,,0,,,0,,,0,,,0,,,0,,,0,,,0,,,0,,,0,1523.0,1522.0,baghdad_generic,,,0
2024-02-08,,,0,,,0,1522.5,1523.0,4,,,0,,,0,,,0,,,0,,,0,,,0,,,0,,,0,1518.0,1519.5,2,,,0,,,0,,,0,,,0,,,0,,,0,,,0,,,0,,,0,,,0,1522.5,1523.0,baghdad_generic,,,0
2024-02-11,,,0,,,0,1526.0,1523.5,5,,,0,,,0,,,0,,,0,,,0,,,0,1529.0,1529.0,1,,,0,1523.5,1519.0,2,,,0,,,0,,,0,,,0,,,0,,,0,,,0,,,0,,,0,,,0,1526.0,1523.5,baghdad_generic,,,0
2024-02-12,,,0,,,0,1521.0,1524.0,4,,,0,,,0,,,0,,,0,,,0,,,0,1523.5,1523.5,1,,,0,1518.0,1518.0,1,,,0,,,0,,,0,,,0,,,0,,,0,,,0,,,0,,,0,,,0,1521.0,1524.0,baghdad_generic,,,0
2024-02-13,,,0,,,0,1523.5,1523.0,6,,,0,,,0,,,0,,,0,,,0,,,0,1526.0,1524.0,2,,,0,1520.0,1520.0,2,,,0,,,0,,,0,,,0,,,0,,,0,,,0,,,0,,,0,,,0,1523.5,1523.0,baghdad_generic,,,0
2024-02-14,,,0,,,0,1523.0,1522.5,2,,,0,,,0,,,0,,,0,,,0,,,0,1525.0,1525.0,1,,,0,1521.0,1521.0,1,,,0,,,0,,,0,,,0,,,0,,,0,,,0,,,0,,,0,,,0,1523.0,1522.5,baghdad_generic,,,0
2024-02-15,,,0,,,0,1522.5,1526.0,3,,,0,,,0,,,0,,,0,,,0,,,0,,,0,,,0,,,0,,,0,,,0,,,0,,,0,,,0,,,0,,,0,,,0,,,0,,,0,1522.5,1526.0,baghdad_generic,,,0
2024-02-18,,,0,,,0,1524.0,1523.0,3,,,0,,,0,,,0,,,0,,,0,,,0,1525.0,1525.0,1,,,0,1522.0,1522.0,1,,,0,,,0,,,0,,,0,,,0,,,0,,,0,,,0,,,0,,,0,1524.0,1523.0,baghdad_generic,,,0
2024-02-19,,,0,,,0,1523.0,1522.0,2,,,0,,,0,,,0,,,0,,,0,,,0,1525.0,1525.0,1,,,0,1521.0,1521.0,1,,,0,,,0,,,0,,,0,,,0,,,0,,,0,,,0,,,0,,,0,1523.0,1522.0,baghdad_generic,,,0
2024-02-20,,,0,,,0,1521.5,1522.0,3,,,0,,,0,,,0,,,0,,,0,,,0,1524.0,1524.0,1,,,0,1519.0,1518.5,2,,,0,,,0,,,0,,,0,,,0,,,0,,,0,,,0,,,0,,,0,1521.5,1522.0,baghdad_generic,,,0
2024-02-21,,,0,,,0,1523.0,1523.0,1,,,0,,,0,,,0,,,0,,,0,,,0,,,0,,,0,,,0,,,0,,,0,,,0,,,0,,,0,,,0,,,0,,,0,,,0,,,0,1523.0,1523.0,baghdad_generic,,,0
2024-02-22,,,0,,,0,1522.0,1519.5,3,,,0,,,0,,,0,,,0,,,0,,,0,,,0,,,0,1520.0,1517.5,2,,,0,,,0,,,0,,,0,,,0,,,0,,,0,,,0,,,0,,,0,1522.0,1519.5,baghdad_generic,,,0
2024-02-25,,,0,,,0,1515.0,1512.0,3,,,0,,,0,,,0,,,0,,,0,,,0,1516.0,1516.0,1,,,0,1513.5,1508.5,4,,,0,,,0,,,0,,,0,,,0,,,0,,,0,,,0,,,0,,,0,1515.0,1512.0,baghdad_generic,,,0
2024-02-26,,,0,,,0,1511.0,1514.0,4,,,0,,,0,,,0,,,0,,,0,,,0,1513.5,1516.0,2,,,0,1510.0,1513.0,3,,,0,,,0,,,0,,,0,,,0,,,0,,,0,,,0,,,0,,,0,1511.0,1514.0,baghdad_generic,,,0
2024-02-27,,,0,,,0,1515.0,1511.0,3,,,0,,,0,,,0,,,0,,,0,,,0,1516.5,1516.5,1,,,0,1513.5,1513.5,1,,,0,,,0,,,0,,,0,,,0,,,0,,,0,,,0,,,0,,,0,1515.0,1511.0,baghdad_generic,,,0
2024-02-28,,,0,,,0,1510.0,1509.0,6,,,0,,,0,,,0,,,0,,,0,,,0,1513.0,1513.0,1,,,0,1508.0,1507.0,2,,,0,,,0,,,0,,,0,,,0,,,0,,,0,,,0,,,0,,,0,1510.0,1509.0,baghdad_generic,,,0
2024-02-29,,,0,,,0,1509.0,1510.5,7,,,0,,,0,,,0,,,0,,,0,,,0,1511.0,1511.0,1,,,0,1508.5,1508.5,1,,,0,,,0,,,0,,,0,,,0,,,0,,,0,,,0,,,0,,,0,1509.0,1510.5,baghdad_generic,,,0
2024-03-03,,,0,,,0,1504.0,1496.0,8,,,0,,,0,,,0,,,0,,,0,,,0,1507.0,1504.0,2,,,0,1504.0,1504.0,1,,,0,,,0,,,0,,,0,,,0,,,0,,,0,,,0,,,0,,,0,1504.0,1496.0,baghdad_generic,,,0
2024-03-04,,,0,,,0,1495.0,1499.0,15,,,0,,,0,,,0,,,0,,,0,,,0,1495.0,1502.0,2,,,0,1493.0,1503.0,4,,,0,,,0,,,0,,,0,,,0,,,0,,,0,,,0,,,0,,,0,1495.0,1499.0,baghdad_generic,,,0
2024-03-05,,,0,,,0,1501.0,1504.0,6,,,0,,,0,,,0,,,0,,,0,,,0,1502.5,1502.5,1,,,0,1501.0,1503.0,2,,,0,,,0,,,0,,,0,,,0,,,0,,,0,,,0,,,0,,,0,1501.0,1504.0,baghdad_generic,,,0
2024-03-06,,,0,,,0,1507.0,1502.0,7,,,0,,,0,,,0,,,0,,,0,,,0,1509.0,1509.0,1,,,0,1505.5,1499.5,3,,,0,,,0,,,0,,,0,,,0,,,0,,,0,,,0,,,0,,,0,1507.0,1502.0,baghdad_generic,,,0
2024-03-07,,,0,,,0,1504.5,1501.5,7,,,0,,,0,,,0,,,0,,,0,,,0,1507.0,1507.0,1,,,0,1503.5,1500.0,3,,,0,,,0,,,0,,,0,,,0,,,0,,,0,,,0,,,0,,,0,1504.5,1501.5,baghdad_generic,,,0
2024-03-10,,,0,,,0,1499.0,1500.0,3,,,0,,,0,,,0,,,0,,,0,,,0,1502.0,1502.0,1,,,0,1500.0,1500.0,1,,,0,,,0,,,0,,,0,,,0,,,0,,,0,,,0,,,0,,,0,1499.0,1500.0,baghdad_generic,,,0
2024-03-11,,,0,,,0,1504.0,1504.5,2,,,0,,,0,,,0,,,0,,,0,,,0,1503.0,1503.0,1,,,0,1505.0,1505.0,1,,,0,,,0,,,0,,,0,,,0,,,0,,,0,,,0,,,0,,,0,1504.0,1504.5,baghdad_generic,,,0
2024-03-12,,,0,,,0,1504.0,1500.0,4,,,0,,,0,,,0,,,0,,,0,,,0,,,0,,,0,1504.5,1504.5,1,,,0,,,0,,,0,,,0,,,0,,,0,,,0,,,0,,,0,,,0,1504.0,1500.0,baghdad_generic,,,0
2024-03-13,,,0,,,0,1500.5,1501.5,4,,,0,,,0,,,0,,,0,,,0,,,0,,,0,,,0,1501.0,1501.0,1,,,0,,,0,,,0,,,0,,,0,,,0,,,0,,,0,,,0,,,0,1500.5,1501.5,baghdad_generic,,,0
2024-03-14,,,0,,,0,1504.0,1502.5,3,,,0,,,0,,,0,,,0,,,0,,,0,,,0,,,0,,,0,,,0,,,0,,,0,,,0,,,0,,,0,,,0,,,0,,,0,,,0,1504.0,1502.5,baghdad_generic,,,0
2024-03-17,,,0,,,0,1499.0,1496.0,5,,,0,,,0,,,0,,,0,,,0,,,0,1501.0,1501.0,1,,,0,1500.0,1500.0,1,,,0,,,0,,,0,,,0,,,0,,,0,,,0,,,0,,,0,,,0,1499.0,1496.0,baghdad_generic,,,0
2024-03-18,,,0,,,0,1494.5,1495.0,3,,,0,,,0,,,0,,,0,,,0,,,0,1496.0,1496.0,1,,,0,1496.5,1496.5,1,,,0,,,0,,,0,,,0,,,0,,,0,,,0,,,0,,,0,,,0,1494.5,1495.0,baghdad_generic,,,0
2024-03-19,,,0,,,0,1494.5,1497.5,5,,,0,,,0,,,0,,,0,,,0,,,0,1496.0,1496.0,1,,,0,1496.0,1496.0,1,,,0,,,0,,,0,,,0,,,0,,,0,,,0,,,0,,,0,,,0,1494.5,1497.5,baghdad_generic,,,0
2024-03-20,,,0,,,0,1497.0,1497.0,3,,,0,,,0,,,0,,,0,,,0,,,0,1497.0,1497.0,1,,,0,1499.0,1499.0,1,,,0,,,0,,,0,,,0,,,0,,,0,,,0,,,0,,,0,,,0,1497.0,1497.0,baghdad_generic,,,0
2024-03-21,,,0,,,0,1496.0,1492.5,5,,,0,,,0,,,0,,,0,,,0,,,0,1498.0,1498.0,1,,,0,1499.0,1499.0,1,,,0,,,0,,,0,,,0,,,0,,,0,,,0,,,0,,,0,,,0,1496.0,1492.5,baghdad_generic,,,0
2024-03-24,,,0,,,0,1487.5,1473.5,8,,,0,,,0,,,0,,,0,,,0,,,0,1489.5,1486.0,2,,,0,1488.5,1473.0,6,,,0,,,0,,,0,,,0,,,0,,,0,,,0,,,0,,,0,,,0,1487.5,1473.5,baghdad_generic,,,0
2024-03-25,,,0,,,0,1471.5,1473.5,5,,,0,,,0,,,0,,,0,,,0,,,0,,,0,,,0,,,0,,,0,,,0,,,0,,,0,,,0,,,0,,,0,,,0,,,0,,,0,1471.5,1473.5,baghdad_generic,,,0
2024-03-26,,,0,,,0,1476.0,1477.5,2,,,0,,,0,,,0,,,0,,,0,,,0,1477.0,1477.0,1,,,0,1476.0,1476.0,1,,,0,,,0,,,0,,,0,,,0,,,0,,,0,,,0,,,0,,,0,1476.0,1477.5,baghdad_generic,,,0
2024-03-27,,,0,,,0,1481.0,1473.0,7,,,0,,,0,,,0,,,0,,,0,,,0,1481.0,1481.0,1,,,0,1479.0,1472.5,3,,,0,,,0,,,0,,,0,,,0,,,0,,,0,,,0,,,0,,,0,1481.0,1473.0,baghdad_generic,,,0
2024-03-28,,,0,,,0,1473.5,1470.0,5,,,0,,,0,,,0,,,0,,,0,,,0,1474.5,1474.5,1,,,0,1468.5,1469.5,4,,,0,,,0,,,0,,,0,,,0,,,0,,,0,,,0,,,0,,,0,1473.5,1470.0,baghdad_generic,,,0
2024-03-31,,,0,,,0,1469.5,1472.0,2,,,0,,,0,,,0,,,0,,,0,,,0,1471.0,1472.5,2,,,0,1466.5,1466.5,1,,,0,,,0,,,0,,,0,,,0,,,0,,,0,,,0,,,0,,,0,1469.5,1472.0,baghdad_generic,,,0
2024-04-01,,,0,,,0,1471.0,1472.5,2,,,0,,,0,,,0,,,0,,,0,,,0,1471.5,1471.5,1,,,0,1468.5,1468.5,1,,,0,,,0,,,0,,,0,,,0,,,0,,,0,,,0,,,0,,,0,1471.0,1472.5,baghdad_generic,,,0
2024-04-02,,,0,,,0,1473.0,1477.5,4,,,0,,,0,,,0,,,0,,,0,,,0,1472.5,1472.5,1,,,0,1469.5,1471.5,2,,,0,,,0,,,0,,,0,,,0,,,0,,,0,,,0,,,0,,,0,1473.0,1477.5,baghdad_generic,,,0
2024-04-03,,,0,,,0,1475.0,1473.0,5,,,0,,,0,,,0,,,0,,,0,,,0,1475.0,1475.0,1,,,0,1475.0,1475.0,1,,,0,,,0,,,0,,,0,,,0,,,0,,,0,,,0,,,0,,,0,1475.0,1473.0,baghdad_generic,,,0
2024-04-04,,,0,,,0,1473.0,1474.0,2,,,0,,,0,,,0,,,0,,,0,,,0,1473.5,1473.5,1,,,0,1470.0,1473.0,2,,,0,,,0,,,0,,,0,,,0,,,0,,,0,,,0,,,0,,,0,1473.0,1474.0,baghdad_generic,,,0
2024-04-07,,,0,,,0,1474.5,1480.0,5,,,0,,,0,,,0,,,0,,,0,,,0,1476.0,1476.0,1,,,0,1474.0,1474.0,1,,,0,,,0,,,0,,,0,,,0,,,0,,,0,,,0,,,0,,,0,1474.5,1480.0,baghdad_generic,,,0
2024-04-08,,,0,,,0,1480.0,1482.5,4,,,0,,,0,,,0,,,0,,,0,,,0,1481.5,1481.5,1,,,0,1480.0,1480.0,1,,,0,,,0,,,0,,,0,,,0,,,0,,,0,,,0,,,0,,,0,1480.0,1482.5,baghdad_generic,,,0
2024-04-09,,,0,,,0,,,0,,,0,,,0,,,0,,,0,,,0,,,0,,,0,,,0,1481.5,1481.5,1,,,0,,,0,,,0,,,0,,,0,,,0,,,0,,,0,,,0,,,0,,,,,,0
2024-04-11,,,0,,,0,1480.5,1480.5,1,,,0,,,0,,,0,,,0,,,0,,,0,,,0,,,0,,,0,,,0,,,0,,,0,,,0,,,0,,,0,,,0,,,0,,,0,,,0,1480.5,1480.5,baghdad_generic,,,0
2024-04-14,,,0,,,0,1485.0,1488.0,6,,,0,,,0,,,0,,,0,,,0,,,0,,,0,,,0,1485.0,1485.0,1,,,0,,,0,,,0,,,0,,,0,,,0,,,0,,,0,,,0,,,0,1485.0,1488.0,baghdad_generic,,,0
2024-04-15,,,0,,,0,1486.0,1480.0,5,,,0,,,0,,,0,,,0,,,0,,,0,1488.0,1488.0,1,,,0,1487.5,1487.5,1,,,0,,,0,,,0,,,0,,,0,,,0,,,0,,,0,,,0,,,0,1486.0,1480.0,baghdad_generic,,,0
2024-04-16,,,0,,,0,1482.0,1484.5,6,,,0,,,0,,,0,,,0,,,0,,,0,,,0,,,0,1483.5,1487.5,2,,,0,,,0,,,0,,,0,,,0,,,0,,,0,,,0,,,0,,,0,1482.0,1484.5,baghdad_generic,,,0
2024-04-17,,,0,,,0,1484.0,1482.0,3,,,0,,,0,,,0,,,0,,,0,,,0,1485.0,1485.0,1,,,0,1486.0,1486.0,1,,,0,,,0,,,0,,,0,,,0,,,0,,,0,,,0,,,0,,,0,1484.0,1482.0,baghdad_generic,,,0
2024-04-18,,,0,,,0,1482.0,1477.5,4,,,0,,,0,,,0,,,0,,,0,,,0,1482.0,1482.0,1,,,0,1481.0,1481.0,1,,,0,,,0,,,0,,,0,,,0,,,0,,,0,,,0,,,0,,,0,1482.0,1477.5,baghdad_generic,,,0
2024-04-21,,,0,,,0,1472.0,1474.0,6,,,0,,,0,,,0,,,0,,,0,,,0,1472.5,1472.5,1,,,0,1473.0,1473.0,1,,,0,,,0,,,0,,,0,,,0,,,0,,,0,,,0,,,0,,,0,1472.0,1474.0,baghdad_generic,,,0
2024-04-22,,,0,,,0,1474.5,1472.0,6,,,0,,,0,,,0,,,0,,,0,,,0,,,0,,,0,1469.5,1469.5,1,,,0,,,0,,,0,,,0,,,0,,,0,,,0,,,0,,,0,,,0,1474.5,1472.0,baghdad_generic,,,0
2024-04-23,,,0,,,0,1472.0,1467.5,6,,,0,,,0,,,0,,,0,,,0,,,0,1472.5,1472.5,1,,,0,,,0,,,0,,,0,,,0,,,0,,,0,,,0,,,0,,,0,,,0,,,0,1472.0,1467.5,baghdad_generic,,,0
2024-04-24,,,0,,,0,1467.0,1465.5,9,,,0,,,0,,,0,,,0,1464.5,1464.5,1,,,0,1468.5,1468.5,1,,,0,1469.0,1469.0,1,,,0,,,0,,,0,,,0,,,0,,,0,,,0,,,0,,,0,,,0,1467.0,1465.5,baghdad_generic,,,0
2024-04-25,,,0,,,0,1465.0,1462.0,7,,,0,,,0,,,0,,,0,,,0,,,0,1465.0,1465.0,1,,,0,1468.5,1460.0,2,,,0,,,0,,,0,,,0,,,0,,,0,,,0,,,0,,,0,,,0,1465.0,1462.0,baghdad_generic,,,0
2024-04-28,,,0,,,0,1457.0,1449.0,8,,,0,,,0,,,0,,,0,,,0,,,0,,,0,,,0,,,0,,,0,,,0,,,0,,,0,,,0,,,0,,,0,,,0,,,0,,,0,1457.0,1449.0,baghdad_generic,,,0
2024-04-29,,,0,,,0,1446.5,1453.5,14,,,0,,,0,,,0,,,0,,,0,,,0,,,0,,,0,,,0,,,0,,,0,,,0,,,0,,,0,,,0,,,0,,,0,,,0,,,0,1446.5,1453.5,baghdad_generic,,,0
2024-04-30,,,0,,,0,1455.5,1461.5,7,,,0,,,0,,,0,,,0,,,0,,,0,,,0,,,0,,,0,,,0,,,0,,,0,,,0,,,0,,,0,,,0,,,0,,,0,,,0,1455.5,1461.5,baghdad_generic,,,0
2024-05-01,,,0,,,0,1461.5,1455.5,6,,,0,,,0,,,0,,,0,,,0,,,0,,,0,,,0,,,0,,,0,,,0,,,0,,,0,,,0,,,0,,,0,,,0,,,0,,,0,1461.5,1455.5,baghdad_generic,,,0
2024-05-02,,,0,,,0,1456.0,1458.0,7,,,0,,,0,,,0,,,0,,,0,,,0,,,0,,,0,1455.0,1455.0,1,,,0,,,0,,,0,,,0,,,0,,,0,,,0,,,0,,,0,,,0,1456.0,1458.0,baghdad_generic,,,0
2024-05-05,,,0,,,0,1458.0,1452.5,10,,,0,,,0,,,0,,,0,,,0,,,0,,,0,,,0,1456.0,1450.0,4,,,0,,,0,,,0,,,0,,,0,,,0,,,0,,,0,,,0,,,0,1458.0,1452.5,baghdad_generic,,,0
2024-05-06,,,0,,,0,1453.0,1454.5,5,,,0,,,0,,,0,,,0,,,0,,,0,1454.0,1454.0,1,,,0,1453.0,1453.0,1,,,0,,,0,,,0,,,0,,,0,,,0,,,0,,,0,,,0,,,0,1453.0,1454.5,baghdad_generic,,,0
2024-05-07,,,0,,,0,1456.0,1454.5,11,,,0,,,0,,,0,,,0,,,0,,,0,,,0,,,0,,,0,,,0,,,0,,,0,,,0,,,0,,,0,,,0,,,0,,,0,,,0,1456.0,1454.5,baghdad_generic,,,0
2024-05-08,,,0,,,0,1454.5,1457.0,9,,,0,,,0,,,0,,,0,,,0,,,0,,,0,,,0,1455.5,1455.5,1,,,0,,,0,,,0,,,0,,,0,,,0,,,0,,,0,,,0,,,0,1454.5,1457.0,baghdad_generic,,,0
2024-05-09,,,0,,,0,1458.0,1462.0,8,,,0,,,0,,,0,,,0,,,0,,,0,,,0,,,0,,,0,,,0,,,0,,,0,,,0,,,0,,,0,,,0,,,0,,,0,,,0,1458.0,1462.0,baghdad_generic,,,0
2024-05-12,,,0,,,0,1457.0,1456.5,5,,,0,,,0,,,0,,,0,,,0,,,0,,,0,,,0,1455.0,1455.0,1,,,0,,,0,,,0,,,0,,,0,,,0,,,0,,,0,,,0,,,0,1457.0,1456.5,baghdad_generic,,,0
2024-05-13,,,0,,,0,1456.5,1458.0,7,,,0,,,0,,,0,,,0,,,0,,,0,1458.0,1458.0,1,,,0,1457.0,1457.0,1,,,0,,,0,,,0,,,0,,,0,,,0,,,0,,,0,,,0,,,0,1456.5,1458.0,baghdad_generic,,,0
2024-05-14,,,0,,,0,1459.0,1458.5,4,,,0,,,0,,,0,,,0,,,0,,,0,,,0,,,0,,,0,,,0,,,0,,,0,,,0,,,0,,,0,,,0,,,0,,,0,,,0,1459.0,1458.5,baghdad_generic,,,0
2024-05-15,,,0,,,0,1458.5,1458.5,2,,,0,,,0,,,0,,,0,,,0,,,0,,,0,,,0,,,0,,,0,,,0,,,0,,,0,,,0,,,0,,,0,,,0,,,0,,,0,1458.5,1458.5,baghdad_generic,,,0
2024-05-16,,,0,,,0,1460.5,1461.0,6,,,0,,,0,,,0,,,0,,,0,,,0,,,0,,,0,,,0,,,0,,,0,,,0,,,0,,,0,,,0,,,0,,,0,,,0,,,0,1460.5,1461.0,baghdad_generic,,,0
2024-05-19,,,0,,,0,1458.0,1457.5,5,,,0,,,0,,,0,,,0,,,0,,,0,,,0,,,0,1455.0,1455.0,1,,,0,,,0,,,0,,,0,,,0,,,0,,,0,,,0,,,0,,,0,1458.0,1457.5,baghdad_generic,,,0
2024-05-20,,,0,,,0,1457.5,1457.0,5,,,0,,,0,,,0,,,0,,,0,,,0,1457.0,1457.0,1,,,0,1455.0,1456.0,2,,,0,,,0,,,0,,,0,,,0,,,0,,,0,,,0,,,0,,,0,1457.5,1457.0,baghdad_generic,,,0
2024-05-21,,,0,,,0,1457.5,1457.5,4,,,0,,,0,,,0,,,0,,,0,,,0,1458.0,1458.0,1,,,0,1455.5,1455.5,1,,,0,,,0,,,0,,,0,,,0,,,0,,,0,,,0,,,0,,,0,1457.5,1457.5,baghdad_generic,,,0
2024-05-22,,,0,,,0,1458.0,1456.5,5,,,0,,,0,,,0,,,0,,,0,,,0,1458.0,1459.0,2,,,0,1456.0,1456.0,2,,,0,,,0,,,0,,,0,,,0,,,0,,,0,,,0,,,0,,,0,1458.0,1456.5,baghdad_generic,,,0
2024-05-23,,,0,,,0,1456.5,1456.0,6,,,0,,,0,,,0,,,0,,,0,,,0,,,0,,,0,1455.0,1454.5,2,,,0,,,0,,,0,,,0,,,0,,,0,,,0,,,0,,,0,,,0,1456.5,1456.0,baghdad_generic,,,0
2024-05-26,,,0,,,0,1456.0,1454.5,6,,,0,,,0,,,0,,,0,,,0,,,0,1456.0,1456.0,1,,,0,1455.0,1455.0,1,,,0,,,0,,,0,,,0,,,0,,,0,,,0,,,0,,,0,,,0,1456.0,1454.5,baghdad_generic,,,0
2024-05-27,,,0,,,0,1450.0,1449.5,2,,,0,,,0,,,0,,,0,,,0,,,0,,,0,,,0,,,0,,,0,,,0,,,0,,,0,,,0,,,0,,,0,,,0,,,0,,,0,1450.0,1449.5,baghdad_generic,,,0
2024-05-28,,,0,,,0,1448.0,1449.5,7,,,0,,,0,,,0,,,0,,,0,,,0,1450.0,1450.0,1,,,0,1447.5,1447.5,1,,,0,,,0,,,0,,,0,,,0,,,0,,,0,,,0,,,0,,,0,1448.0,1449.5,baghdad_generic,,,0
2024-05-29,,,0,,,0,1449.0,1449.5,6,,,0,,,0,,,0,,,0,,,0,,,0,1450.0,1452.0,2,,,0,1458.75,1458.75,1,,,0,,,0,,,0,,,0,,,0,,,0,,,0,,,0,,,0,,,0,1449.0,1449.5,baghdad_generic,,,0
2024-05-30,,,0,,,0,1451.0,1452.0,4,,,0,,,0,,,0,,,0,,,0,,,0,,,0,,,0,1449.5,1449.5,1,,,0,,,0,,,0,,,0,,,0,,,0,,,0,,,0,,,0,,,0,1451.0,1452.0,baghdad_generic,,,0
2024-06-02,,,0,,,0,1450.5,1454.0,4,,,0,,,0,,,0,,,0,,,0,,,0,1450.5,1450.5,1,,,0,1449.0,1449.0,1,,,0,,,0,,,0,,,0,,,0,,,0,,,0,,,0,,,0,,,0,1450.5,1454.0,baghdad_generic,,,0
2024-06-03,,,0,,,0,1453.5,1459.5,10,,,0,,,0,,,0,,,0,,,0,,,0,,,0,,,0,,,0,,,0,,,0,,,0,,,0,,,0,,,0,,,0,,,0,,,0,,,0,1453.5,1459.5,baghdad_generic,,,0
2024-06-04,,,0,,,0,1460.0,1454.0,7,,,0,,,0,,,0,,,0,,,0,,,0,,,0,,,0,1452.5,1452.5,1,,,0,,,0,,,0,,,0,,,0,,,0,,,0,,,0,,,0,,,0,1460.0,1454.0,baghdad_generic,,,0
2024-06-05,,,0,,,0,1454.0,1457.0,4,,,0,,,0,,,0,,,0,,,0,,,0,,,0,,,0,,,0,,,0,,,0,,,0,,,0,,,0,,,0,,,0,,,0,,,0,,,0,1454.0,1457.0,baghdad_generic,,,0
2024-06-06,,,0,,,0,1457.0,1459.0,7,,,0,,,0,,,0,,,0,,,0,,,0,,,0,,,0,,,0,,,0,,,0,,,0,,,0,,,0,,,0,,,0,,,0,,,0,,,0,1457.0,1459.0,baghdad_generic,,,0
2024-06-09,,,0,,,0,1463.5,1469.0,9,1469.0,1469.0,1,,,0,1466.5,1466.5,1,,,0,,,0,,,0,,,0,,,0,,,0,,,0,,,0,,,0,,,0,,,0,,,0,,,0,,,0,,,0,,,0,1466.5,1466.5,baghdad_kifah,,,0
2024-06-10,,,0,,,0,1466.0,1471.0,6,,,0,,,0,,,0,,,0,,,0,,,0,,,0,,,0,,,0,,,0,,,0,,,0,,,0,,,0,,,0,,,0,,,0,,,0,,,0,1466.0,1471.0,baghdad_generic,,,0
2024-06-11,,,0,,,0,1471.0,1472.0,5,,,0,,,0,,,0,,,0,,,0,,,0,,,0,,,0,,,0,,,0,,,0,,,0,,,0,,,0,,,0,,,0,,,0,,,0,,,0,1471.0,1472.0,baghdad_generic,,,0
2024-06-12,,,0,,,0,1471.0,1470.5,4,,,0,,,0,,,0,,,0,,,0,,,0,,,0,,,0,,,0,,,0,,,0,,,0,,,0,,,0,,,0,,,0,,,0,,,0,,,0,1471.0,1470.5,baghdad_generic,,,0
2024-06-13,,,0,,,0,1468.5,1465.5,3,,,0,,,0,,,0,,,0,,,0,,,0,,,0,,,0,,,0,,,0,,,0,,,0,,,0,,,0,,,0,,,0,,,0,,,0,,,0,1468.5,1465.5,baghdad_generic,,,0
2024-06-20,,,0,,,0,1470.0,1471.0,2,,,0,,,0,,,0,,,0,,,0,,,0,,,0,,,0,1469.5,1469.5,1,,,0,,,0,,,0,,,0,,,0,,,0,,,0,,,0,,,0,,,0,1470.0,1471.0,baghdad_generic,,,0
2024-06-23,,,0,,,0,1468.5,1470.0,3,,,0,,,0,,,0,,,0,,,0,,,0,1467.5,1467.5,1,,,0,1469.5,1469.5,1,,,0,,,0,,,0,,,0,,,0,,,0,,,0,,,0,,,0,,,0,1468.5,1470.0,baghdad_generic,,,0
2024-06-24,,,0,,,0,1475.0,1476.0,4,,,0,,,0,,,0,,,0,,,0,,,0,,,0,,,0,,,0,,,0,,,0,,,0,,,0,,,0,,,0,,,0,,,0,,,0,,,0,1475.0,1476.0,baghdad_generic,,,0
2024-06-25,,,0,,,0,1476.0,1475.0,3,,,0,,,0,,,0,,,0,,,0,,,0,,,0,,,0,,,0,,,0,,,0,,,0,,,0,,,0,,,0,,,0,,,0,,,0,,,0,1476.0,1475.0,baghdad_generic,,,0
2024-06-26,,,0,,,0,1474.0,1470.0,5,,,0,,,0,,,0,,,0,,,0,,,0,,,0,,,0,,,0,,,0,,,0,,,0,,,0,,,0,,,0,,,0,,,0,,,0,,,0,1474.0,1470.0,baghdad_generic,,,0
2024-06-27,,,0,,,0,1471.0,1472.5,3,,,0,,,0,,,0,,,0,,,0,,,0,1468.5,1468.5,1,,,0,,,0,,,0,,,0,,,0,,,0,,,0,,,0,,,0,,,0,,,0,,,0,1471.0,1472.5,baghdad_generic,,,0
2024-06-30,,,0,,,0,1472.5,1476.0,5,,,0,,,0,,,0,,,0,,,0,,,0,1471.5,1471.5,1,,,0,,,0,,,0,,,0,,,0,,,0,,,0,,,0,,,0,,,0,,,0,,,0,1472.5,1476.0,baghdad_generic,,,0
2024-07-01,,,0,,,0,1480.0,1476.5,3,,,0,,,0,,,0,,,0,,,0,,,0,,,0,,,0,1482.0,1482.0,1,,,0,,,0,,,0,,,0,,,0,,,0,,,0,,,0,,,0,,,0,1480.0,1476.5,baghdad_generic,,,0
2024-07-02,,,0,,,0,1480.0,1482.0,3,,,0,,,0,,,0,,,0,,,0,,,0,,,0,,,0,,,0,,,0,,,0,,,0,,,0,,,0,,,0,,,0,,,0,,,0,,,0,1480.0,1482.0,baghdad_generic,,,0
2024-07-03,,,0,,,0,1487.5,1497.0,6,,,0,,,0,,,0,,,0,,,0,,,0,1493.5,1493.5,1,,,0,1490.0,1496.5,3,,,0,,,0,,,0,,,0,,,0,,,0,,,0,,,0,,,0,,,0,1487.5,1497.0,baghdad_generic,,,0
2024-07-04,,,0,,,0,1497.0,1487.0,7,,,0,,,0,,,0,,,0,,,0,,,0,,,0,,,0,,,0,,,0,,,0,,,0,,,0,,,0,,,0,,,0,,,0,,,0,,,0,1497.0,1487.0,baghdad_generic,,,0
2024-07-07,,,0,,,0,1489.0,1493.5,5,,,0,,,0,,,0,,,0,,,0,,,0,,,0,,,0,,,0,,,0,,,0,,,0,,,0,,,0,,,0,,,0,,,0,,,0,,,0,1489.0,1493.5,baghdad_generic,,,0
2024-07-08,,,0,,,0,1499.0,1506.0,11,,,0,,,0,,,0,,,0,,,0,,,0,,,0,,,0,,,0,,,0,,,0,,,0,,,0,,,0,,,0,,,0,,,0,,,0,,,0,1499.0,1506.0,baghdad_generic,,,0
2024-07-09,,,0,,,0,1504.0,1503.0,11,,,0,,,0,,,0,,,0,,,0,,,0,,,0,,,0,1510.0,1499.5,2,,,0,,,0,,,0,,,0,,,0,,,0,,,0,,,0,,,0,,,0,1504.0,1503.0,baghdad_generic,,,0
2024-07-10,,,0,,,0,1503.0,1491.5,10,,,0,,,0,,,0,,,0,,,0,,,0,1500.0,1500.0,1,,,0,1489.5,1489.5,1,,,0,,,0,,,0,,,0,,,0,,,0,,,0,,,0,,,0,,,0,1503.0,1491.5,baghdad_generic,,,0
2024-07-11,,,0,,,0,1495.5,1498.0,7,,,0,,,0,,,0,,,0,,,0,,,0,,,0,,,0,,,0,,,0,,,0,,,0,,,0,,,0,,,0,,,0,,,0,,,0,,,0,1495.5,1498.0,baghdad_generic,,,0
2024-07-14,,,0,,,0,1498.0,1492.0,10,,,0,,,0,,,0,1495.0,1495.0,1,,,0,,,0,,,0,,,0,,,0,,,0,,,0,,,0,,,0,,,0,,,0,,,0,,,0,,,0,,,0,1498.0,1492.0,baghdad_generic,,,0
2024-07-15,,,0,,,0,1489.0,1489.5,5,,,0,,,0,,,0,,,0,,,0,,,0,,,0,,,0,,,0,,,0,,,0,,,0,,,0,,,0,,,0,,,0,,,0,,,0,,,0,1489.0,1489.5,baghdad_generic,,,0
2024-07-16,,,0,,,0,1490.0,1491.0,4,,,0,,,0,,,0,,,0,,,0,,,0,,,0,,,0,,,0,,,0,,,0,,,0,,,0,,,0,,,0,,,0,,,0,,,0,,,0,1490.0,1491.0,baghdad_generic,,,0
2024-07-17,,,0,,,0,1497.5,1495.0,2,,,0,,,0,,,0,,,0,,,0,,,0,,,0,,,0,,,0,,,0,,,0,,,0,,,0,,,0,,,0,,,0,,,0,,,0,,,0,1497.5,1495.0,baghdad_generic,,,0
2024-07-18,,,0,,,0,1491.5,1490.0,3,,,0,,,0,,,0,,,0,,,0,,,0,,,0,,,0,,,0,,,0,,,0,,,0,,,0,,,0,,,0,,,0,,,0,,,0,,,0,1491.5,1490.0,baghdad_generic,,,0
2024-07-21,,,0,,,0,1489.5,1489.0,4,,,0,,,0,,,0,,,0,,,0,,,0,,,0,,,0,,,0,,,0,,,0,,,0,,,0,,,0,,,0,,,0,,,0,,,0,,,0,1489.5,1489.0,baghdad_generic,,,0
2024-07-22,,,0,,,0,1493.0,1493.5,3,,,0,,,0,,,0,,,0,,,0,,,0,,,0,,,0,,,0,,,0,,,0,,,0,,,0,,,0,,,0,,,0,,,0,,,0,,,0,1493.0,1493.5,baghdad_generic,,,0
2024-07-23,,,0,,,0,1493.5,1493.5,3,,,0,,,0,,,0,,,0,,,0,,,0,,,0,,,0,,,0,,,0,,,0,,,0,,,0,,,0,,,0,,,0,,,0,,,0,,,0,1493.5,1493.5,baghdad_generic,,,0
2024-07-24,,,0,,,0,1497.0,1495.5,3,,,0,,,0,,,0,,,0,,,0,,,0,,,0,,,0,,,0,,,0,,,0,,,0,,,0,,,0,,,0,,,0,,,0,,,0,,,0,1497.0,1495.5,baghdad_generic,,,0
2024-07-25,,,0,,,0,1494.0,1492.5,3,,,0,,,0,,,0,,,0,,,0,,,0,,,0,,,0,,,0,,,0,,,0,,,0,,,0,,,0,,,0,,,0,,,0,,,0,,,0,1494.0,1492.5,baghdad_generic,,,0
2024-07-28,,,0,,,0,1493.5,1492.5,2,,,0,,,0,,,0,,,0,,,0,,,0,,,0,,,0,,,0,,,0,,,0,,,0,,,0,,,0,,,0,,,0,,,0,,,0,,,0,1493.5,1492.5,baghdad_generic,,,0
2024-07-29,,,0,,,0,1493.0,1489.5,5,,,0,,,0,,,0,,,0,,,0,,,0,,,0,,,0,,,0,,,0,,,0,,,0,,,0,,,0,,,0,,,0,,,0,,,0,,,0,1493.0,1489.5,baghdad_generic,,,0
2024-07-30,,,0,,,0,1489.0,1488.0,2,,,0,,,0,,,0,,,0,,,0,,,0,,,0,,,0,,,0,,,0,,,0,,,0,,,0,,,0,,,0,,,0,,,0,,,0,,,0,1489.0,1488.0,baghdad_generic,,,0
2024-07-31,,,0,,,0,1491.25,1493.0,4,,,0,,,0,,,0,,,0,,,0,,,0,,,0,,,0,,,0,,,0,,,0,,,0,,,0,,,0,,,0,,,0,,,0,,,0,,,0,1491.25,1493.0,baghdad_generic,,,0
2024-08-01,,,0,,,0,1494.0,1495.0,2,,,0,,,0,,,0,,,0,,,0,,,0,1493.0,1493.0,1,,,0,1496.5,1496.5,1,,,0,,,0,,,0,,,0,,,0,,,0,,,0,,,0,,,0,,,0,1494.0,1495.0,baghdad_generic,,,0
2024-08-04,,,0,,,0,1496.0,1499.0,4,,,0,,,0,,,0,,,0,,,0,,,0,,,0,,,0,,,0,,,0,,,0,,,0,,,0,,,0,,,0,,,0,,,0,,,0,,,0,1496.0,1499.0,baghdad_generic,,,0
2024-08-05,,,0,,,0,1499.5,1499.0,4,,,0,,,0,,,0,,,0,,,0,,,0,,,0,,,0,,,0,,,0,,,0,,,0,,,0,,,0,,,0,,,0,,,0,,,0,,,0,1499.5,1499.0,baghdad_generic,,,0
2024-08-06,,,0,,,0,1498.0,1499.0,3,,,0,,,0,,,0,,,0,,,0,,,0,,,0,,,0,,,0,,,0,,,0,,,0,,,0,,,0,,,0,,,0,,,0,,,0,,,0,1498.0,1499.0,baghdad_generic,,,0
2024-08-07,,,0,,,0,1499.0,1502.0,4,,,0,,,0,,,0,,,0,,,0,,,0,,,0,,,0,,,0,,,0,,,0,,,0,,,0,,,0,,,0,,,0,,,0,,,0,,,0,1499.0,1502.0,baghdad_generic,,,0
2024-08-08,,,0,,,0,1499.5,1500.5,3,,,0,,,0,,,0,,,0,,,0,,,0,,,0,,,0,,,0,,,0,,,0,,,0,,,0,,,0,,,0,,,0,,,0,,,0,,,0,1499.5,1500.5,baghdad_generic,,,0
2024-08-11,,,0,,,0,1496.0,1495.0,2,,,0,,,0,,,0,,,0,,,0,,,0,,,0,,,0,,,0,,,0,,,0,,,0,,,0,,,0,,,0,,,0,,,0,,,0,,,0,1496.0,1495.0,baghdad_generic,,,0
2024-08-12,,,0,,,0,1497.5,1499.5,3,,,0,,,0,,,0,,,0,,,0,,,0,,,0,,,0,,,0,,,0,,,0,,,0,,,0,,,0,,,0,,,0,,,0,,,0,,,0,1497.5,1499.5,baghdad_generic,,,0
2024-08-13,,,0,,,0,1499.0,1499.5,3,,,0,,,0,,,0,,,0,,,0,,,0,,,0,,,0,,,0,,,0,,,0,,,0,,,0,,,0,,,0,,,0,,,0,,,0,,,0,1499.0,1499.5,baghdad_generic,,,0
2024-08-14,,,0,,,0,1498.0,1499.0,3,,,0,,,0,,,0,,,0,,,0,,,0,,,0,,,0,,,0,,,0,,,0,,,0,,,0,,,0,,,0,,,0,,,0,,,0,,,0,1498.0,1499.0,baghdad_generic,,,0
2024-08-15,,,0,,,0,1496.5,1498.0,2,,,0,,,0,,,0,,,0,,,0,,,0,,,0,,,0,,,0,,,0,,,0,,,0,,,0,,,0,,,0,,,0,,,0,,,0,,,0,1496.5,1498.0,baghdad_generic,,,0
2024-08-18,,,0,,,0,1494.0,1490.0,4,,,0,,,0,,,0,,,0,,,0,,,0,,,0,,,0,,,0,,,0,,,0,,,0,,,0,,,0,,,0,,,0,,,0,,,0,,,0,1494.0,1490.0,baghdad_generic,,,0
2024-08-19,,,0,,,0,1490.0,1492.0,4,,,0,,,0,,,0,,,0,,,0,,,0,,,0,,,0,,,0,,,0,,,0,,,0,,,0,,,0,,,0,,,0,,,0,,,0,,,0,1490.0,1492.0,baghdad_generic,,,0
2024-08-20,,,0,,,0,1493.0,1493.5,2,,,0,,,0,,,0,,,0,,,0,,,0,,,0,,,0,,,0,,,0,,,0,,,0,,,0,,,0,,,0,,,0,,,0,,,0,,,0,1493.0,1493.5,baghdad_generic,,,0
2024-08-21,,,0,,,0,1494.5,1495.0,3,,,0,,,0,,,0,,,0,,,0,,,0,,,0,,,0,,,0,,,0,,,0,,,0,,,0,,,0,,,0,,,0,,,0,,,0,,,0,1494.5,1495.0,baghdad_generic,,,0
2024-08-22,,,0,,,0,1493.5,1493.5,1,,,0,,,0,,,0,,,0,,,0,,,0,,,0,,,0,,,0,,,0,,,0,,,0,,,0,,,0,,,0,,,0,,,0,,,0,,,0,1493.5,1493.5,baghdad_generic,,,0
2024-08-25,,,0,,,0,1495.0,1497.5,2,,,0,,,0,,,0,,,0,,,0,,,0,,,0,,,0,,,0,,,0,,,0,,,0,,,0,,,0,,,0,,,0,,,0,,,0,,,0,1495.0,1497.5,baghdad_generic,,,0
2024-08-26,,,0,,,0,1493.5,1491.5,4,,,0,,,0,,,0,,,0,,,0,,,0,,,0,,,0,,,0,,,0,,,0,,,0,,,0,,,0,,,0,,,0,,,0,,,0,,,0,1493.5,1491.5,baghdad_generic,,,0
2024-08-27,,,0,,,0,1400.0,1487.5,4,,,0,,,0,,,0,,,0,,,0,,,0,,,0,,,0,,,0,,,0,,,0,,,0,,,0,,,0,,,0,,,0,,,0,,,0,,,0,1400.0,1487.5,baghdad_generic,,,0
2024-08-28,,,0,,,0,1488.0,1492.5,4,,,0,,,0,,,0,,,0,,,0,,,0,,,0,,,0,,,0,,,0,,,0,,,0,,,0,,,0,,,0,,,0,,,0,,,0,,,0,1488.0,1492.5,baghdad_generic,,,0
2024-08-29,,,0,,,0,1492.5,1493.5,2,,,0,,,0,,,0,,,0,,,0,,,0,,,0,,,0,,,0,,,0,,,0,,,0,,,0,,,0,,,0,,,0,,,0,,,0,,,0,1492.5,1493.5,baghdad_generic,,,0
2024-09-01,,,0,,,0,1491.0,1491.5,5,,,0,,,0,,,0,,,0,,,0,,,0,,,0,,,0,,,0,,,0,,,0,,,0,,,0,,,0,,,0,,,0,,,0,,,0,,,0,1491.0,1491.5,baghdad_generic,,,0
2024-09-02,,,0,,,0,1493.0,1497.0,4,,,0,,,0,,,0,,,0,,,0,,,0,,,0,,,0,,,0,,,0,,,0,,,0,,,0,,,0,,,0,,,0,,,0,,,0,,,0,1493.0,1497.0,baghdad_generic,,,0
2024-09-03,,,0,,,0,1495.0,1493.0,4,,,0,,,0,,,0,,,0,,,0,,,0,,,0,,,0,,,0,,,0,,,0,,,0,,,0,,,0,,,0,,,0,,,0,,,0,,,0,1495.0,1493.0,baghdad_generic,,,0
2024-09-04,,,0,,,0,1493.0,1494.5,3,,,0,,,0,,,0,,,0,,,0,,,0,,,0,,,0,,,0,,,0,,,0,,,0,,,0,,,0,,,0,,,0,,,0,,,0,,,0,1493.0,1494.5,baghdad_generic,,,0
2024-09-05,,,0,,,0,1494.0,1496.0,4,,,0,,,0,,,0,,,0,,,0,,,0,,,0,,,0,,,0,,,0,,,0,,,0,,,0,,,0,,,0,,,0,,,0,,,0,,,0,1494.0,1496.0,baghdad_generic,,,0
2024-09-08,,,0,,,0,1495.0,1496.0,3,,,0,,,0,,,0,,,0,,,0,,,0,,,0,,,0,,,0,,,0,,,0,,,0,,,0,,,0,,,0,,,0,,,0,,,0,,,0,1495.0,1496.0,baghdad_generic,,,0
2024-09-09,,,0,,,0,1498.0,1500.5,4,,,0,,,0,,,0,,,0,,,0,,,0,,,0,,,0,,,0,,,0,,,0,,,0,,,0,,,0,,,0,,,0,,,0,,,0,,,0,1498.0,1500.5,baghdad_generic,,,0
2024-09-10,,,0,,,0,1499.0,1499.5,2,,,0,,,0,,,0,,,0,,,0,,,0,,,0,,,0,,,0,,,0,,,0,,,0,,,0,,,0,,,0,,,0,,,0,,,0,,,0,1499.0,1499.5,baghdad_generic,,,0
2024-09-11,,,0,,,0,1497.0,1496.5,3,,,0,,,0,,,0,,,0,,,0,,,0,,,0,,,0,,,0,,,0,,,0,,,0,,,0,,,0,,,0,,,0,,,0,,,0,,,0,1497.0,1496.5,baghdad_generic,,,0
2024-09-12,,,0,,,0,1496.5,1498.0,4,,,0,,,0,,,0,,,0,,,0,,,0,,,0,,,0,,,0,,,0,,,0,,,0,,,0,,,0,,,0,,,0,,,0,,,0,,,0,1496.5,1498.0,baghdad_generic,,,0
2024-09-15,,,0,,,0,1499.0,1498.5,3,,,0,,,0,,,0,,,0,,,0,,,0,,,0,,,0,,,0,,,0,,,0,,,0,,,0,,,0,,,0,,,0,,,0,,,0,,,0,1499.0,1498.5,baghdad_generic,,,0
2024-09-16,,,0,,,0,1498.5,1499.0,3,,,0,,,0,,,0,,,0,,,0,,,0,,,0,,,0,,,0,,,0,,,0,,,0,,,0,,,0,,,0,,,0,,,0,,,0,,,0,1498.5,1499.0,baghdad_generic,,,0
2024-09-17,,,0,,,0,1499.5,1500.5,3,,,0,,,0,,,0,,,0,,,0,,,0,,,0,,,0,,,0,,,0,,,0,,,0,,,0,,,0,,,0,,,0,,,0,,,0,,,0,1499.5,1500.5,baghdad_generic,,,0
2024-09-18,,,0,,,0,1499.5,1496.0,3,,,0,,,0,,,0,,,0,,,0,,,0,,,0,,,0,,,0,,,0,,,0,,,0,,,0,,,0,,,0,,,0,,,0,,,0,,,0,1499.5,1496.0,baghdad_generic,,,0
2024-09-19,,,0,,,0,1498.0,1498.0,3,,,0,,,0,,,0,,,0,,,0,,,0,,,0,,,0,,,0,,,0,,,0,,,0,,,0,,,0,,,0,,,0,,,0,,,0,,,0,1498.0,1498.0,baghdad_generic,,,0
2024-09-22,,,0,,,0,1498.0,1497.5,2,,,0,,,0,,,0,,,0,,,0,,,0,,,0,,,0,,,0,,,0,,,0,,,0,,,0,,,0,,,0,,,0,,,0,,,0,,,0,1498.0,1497.5,baghdad_generic,,,0
2024-09-23,,,0,,,0,1499.0,1499.0,1,,,0,,,0,,,0,,,0,,,0,,,0,,,0,,,0,,,0,,,0,,,0,,,0,,,0,,,0,,,0,,,0,,,0,,,0,,,0,1499.0,1499.0,baghdad_generic,,,0
2024-09-24,,,0,,,0,1503.5,1503.5,1,,,0,,,0,,,0,,,0,,,0,,,0,,,0,,,0,,,0,,,0,,,0,,,0,,,0,,,0,,,0,,,0,,,0,,,0,,,0,1503.5,1503.5,baghdad_generic,,,0
2024-09-25,,,0,,,0,1509.0,1513.5,4,,,0,,,0,,,0,,,0,,,0,,,0,,,0,,,0,1514.0,1516.0,2,,,0,,,0,,,0,,,0,,,0,,,0,,,0,,,0,,,0,,,0,1509.0,1513.5,baghdad_generic,,,0
2024-09-26,,,0,,,0,1514.0,1512.5,2,,,0,,,0,,,0,,,0,,,0,,,0,,,0,,,0,,,0,,,0,,,0,,,0,,,0,,,0,,,0,,,0,,,0,,,0,,,0,1514.0,1512.5,baghdad_generic,,,0
2024-09-29,,,0,,,0,1514.0,1514.0,1,,,0,,,0,,,0,,,0,,,0,,,0,,,0,,,0,,,0,,,0,,,0,,,0,,,0,,,0,,,0,,,0,,,0,,,0,,,0,1514.0,1514.0,baghdad_generic,,,0
2024-09-30,,,0,,,0,1516.0,1515.0,2,,,0,,,0,,,0,,,0,,,0,,,0,,,0,,,0,,,0,,,0,,,0,,,0,,,0,,,0,,,0,,,0,,,0,,,0,,,0,1516.0,1515.0,baghdad_generic,,,0
2024-10-01,,,0,,,0,1517.5,1518.0,2,,,0,,,0,,,0,,,0,,,0,,,0,,,0,,,0,,,0,,,0,,,0,,,0,,,0,,,0,,,0,,,0,,,0,,,0,,,0,1517.5,1518.0,baghdad_generic,,,0
2024-10-02,,,0,,,0,1525.0,1535.0,4,,,0,,,0,,,0,,,0,,,0,,,0,,,0,,,0,1532.0,1532.0,1,,,0,,,0,,,0,,,0,,,0,,,0,,,0,,,0,,,0,,,0,1525.0,1535.0,baghdad_generic,,,0
2024-10-03,,,0,,,0,1527.5,1527.5,1,,,0,,,0,,,0,,,0,,,0,,,0,,,0,,,0,,,0,,,0,,,0,,,0,,,0,,,0,,,0,,,0,,,0,,,0,,,0,1527.5,1527.5,baghdad_generic,,,0
2024-10-06,,,0,,,0,1541.0,1541.0,1,,,0,,,0,,,0,,,0,,,0,,,0,,,0,,,0,,,0,,,0,,,0,,,0,,,0,,,0,,,0,,,0,,,0,,,0,,,0,1541.0,1541.0,baghdad_generic,,,0
2024-10-07,,,0,,,0,1544.0,1535.0,3,,,0,,,0,,,0,,,0,,,0,,,0,,,0,,,0,1528.0,1528.0,1,,,0,,,0,,,0,,,0,,,0,,,0,,,0,,,0,,,0,,,0,1544.0,1535.0,baghdad_generic,,,0
2024-10-08,,,0,,,0,1530.0,1524.5,6,,,0,,,0,,,0,,,0,,,0,,,0,,,0,,,0,,,0,,,0,,,0,,,0,,,0,,,0,,,0,,,0,,,0,,,0,,,0,1530.0,1524.5,baghdad_generic,,,0
2024-10-09,,,0,,,0,1528.5,1532.5,2,,,0,,,0,,,0,,,0,,,0,,,0,,,0,,,0,,,0,,,0,,,0,,,0,,,0,,,0,,,0,,,0,,,0,,,0,,,0,1528.5,1532.5,baghdad_generic,,,0
2024-10-10,,,0,,,0,1532.0,1538.0,3,,,0,,,0,,,0,,,0,,,0,,,0,,,0,,,0,,,0,,,0,,,0,,,0,,,0,,,0,,,0,,,0,,,0,,,0,,,0,1532.0,1538.0,baghdad_generic,,,0
2024-10-13,,,0,,,0,1530.0,1525.0,6,,,0,,,0,,,0,,,0,,,0,,,0,,,0,,,0,,,0,,,0,,,0,,,0,,,0,,,0,,,0,,,0,,,0,,,0,,,0,1530.0,1525.0,baghdad_generic,,,0
2024-10-14,,,0,,,0,1528.5,1530.0,3,,,0,,,0,,,0,,,0,,,0,,,0,,,0,,,0,,,0,,,0,,,0,,,0,,,0,,,0,,,0,,,0,,,0,,,0,,,0,1528.5,1530.0,baghdad_generic,,,0
2024-10-15,,,0,,,0,1530.0,1529.0,2,,,0,,,0,,,0,,,0,,,0,,,0,,,0,,,0,,,0,,,0,,,0,,,0,,,0,,,0,,,0,,,0,,,0,,,0,,,0,1530.0,1529.0,baghdad_generic,,,0
2024-10-16,,,0,,,0,1526.0,1528.0,2,,,0,,,0,,,0,,,0,,,0,,,0,,,0,,,0,,,0,,,0,,,0,,,0,,,0,,,0,,,0,,,0,,,0,,,0,,,0,1526.0,1528.0,baghdad_generic,,,0
2024-10-17,,,0,,,0,1530.0,1529.0,2,,,0,,,0,,,0,,,0,,,0,,,0,,,0,,,0,,,0,,,0,,,0,,,0,,,0,,,0,,,0,,,0,,,0,,,0,,,0,1530.0,1529.0,baghdad_generic,,,0
2024-10-20,,,0,,,0,1525.0,1526.0,3,,,0,,,0,,,0,,,0,,,0,,,0,,,0,,,0,,,0,,,0,,,0,,,0,,,0,,,0,,,0,,,0,,,0,,,0,,,0,1525.0,1526.0,baghdad_generic,,,0
2024-10-21,,,0,,,0,1529.5,1525.0,4,,,0,,,0,,,0,,,0,,,0,,,0,,,0,,,0,,,0,,,0,,,0,,,0,,,0,,,0,,,0,,,0,,,0,,,0,,,0,1529.5,1525.0,baghdad_generic,,,0
2024-10-22,,,0,,,0,1526.5,1525.5,2,,,0,,,0,,,0,,,0,,,0,,,0,,,0,,,0,,,0,,,0,,,0,,,0,,,0,,,0,,,0,,,0,,,0,,,0,,,0,1526.5,1525.5,baghdad_generic,,,0
2024-10-23,,,0,,,0,1527.0,1525.5,3,,,0,,,0,,,0,,,0,,,0,,,0,,,0,,,0,,,0,,,0,,,0,,,0,,,0,,,0,,,0,,,0,,,0,,,0,,,0,1527.0,1525.5,baghdad_generic,,,0
2024-10-24,,,0,,,0,1520.5,1521.5,4,,,0,,,0,,,0,,,0,,,0,,,0,,,0,,,0,,,0,,,0,,,0,,,0,,,0,,,0,,,0,,,0,,,0,,,0,,,0,1520.5,1521.5,baghdad_generic,,,0
2024-10-27,,,0,,,0,1502.0,1507.0,3,,,0,,,0,,,0,,,0,,,0,,,0,,,0,,,0,,,0,,,0,,,0,,,0,,,0,,,0,,,0,,,0,,,0,,,0,,,0,1502.0,1507.0,baghdad_generic,,,0
2024-10-28,,,0,,,0,1509.0,1509.5,4,,,0,,,0,,,0,,,0,,,0,,,0,,,0,,,0,,,0,,,0,,,0,,,0,,,0,,,0,,,0,,,0,,,0,,,0,,,0,1509.0,1509.5,baghdad_generic,,,0
2024-10-29,,,0,,,0,1505.0,1504.5,3,,,0,,,0,,,0,,,0,,,0,,,0,,,0,,,0,,,0,,,0,,,0,,,0,,,0,,,0,,,0,,,0,,,0,,,0,,,0,1505.0,1504.5,baghdad_generic,,,0
2024-10-30,,,0,,,0,1502.5,1502.5,1,,,0,,,0,,,0,,,0,,,0,,,0,,,0,,,0,,,0,,,0,,,0,,,0,,,0,,,0,,,0,,,0,,,0,,,0,,,0,1502.5,1502.5,baghdad_generic,,,0
2024-10-31,,,0,,,0,1505.0,1507.5,3,,,0,,,0,,,0,,,0,,,0,,,0,,,0,,,0,,,0,,,0,,,0,,,0,,,0,,,0,,,0,,,0,,,0,,,0,,,0,1505.0,1507.5,baghdad_generic,1497.0,1500.0,3
2024-11-03,,,0,,,0,1510.0,1510.0,2,,,0,,,0,,,0,,,0,,,0,,,0,,,0,,,0,,,0,,,0,,,0,,,0,,,0,,,0,,,0,,,0,,,0,,,0,,,0,1510.0,1510.0,baghdad_generic,1502.5,1502.5,1
2024-11-04,,,0,,,0,1515.0,1512.5,2,,,0,,,0,,,0,,,0,,,0,,,0,,,0,,,0,,,0,,,0,,,0,,,0,,,0,,,0,,,0,,,0,,,0,,,0,,,0,1515.0,1512.5,baghdad_generic,1507.5,1507.5,2
2024-11-05,,,0,,,0,1510.0,1510.0,3,,,0,,,0,,,0,,,0,,,0,,,0,,,0,,,0,,,0,,,0,,,0,,,0,,,0,,,0,,,0,,,0,,,0,,,0,,,0,1510.0,1510.0,baghdad_generic,1502.5,1505.0,3
2024-11-06,,,0,,,0,1512.0,1507.5,3,,,0,,,0,,,0,,,0,,,0,,,0,,,0,,,0,,,0,,,0,,,0,,,0,,,0,,,0,,,0,,,0,,,0,,,0,,,0,1512.0,1507.5,baghdad_generic,1507.5,1507.5,1
2024-11-07,,,0,,,0,1507.5,1510.0,4,,,0,,,0,,,0,,,0,,,0,,,0,,,0,,,0,,,0,,,0,,,0,,,0,,,0,,,0,,,0,,,0,,,0,,,0,,,0,1507.5,1510.0,baghdad_generic,1505.0,1507.5,3
2024-11-10,,,0,,,0,1507.5,1507.5,2,,,0,,,0,,,0,,,0,,,0,,,0,,,0,,,0,,,0,,,0,,,0,,,0,,,0,,,0,,,0,,,0,,,0,,,0,,,0,1507.5,1507.5,baghdad_generic,1502.5,1502.5,2
2024-11-11,,,0,,,0,1507.5,1505.0,2,,,0,,,0,,,0,,,0,,,0,,,0,,,0,,,0,,,0,,,0,,,0,,,0,,,0,,,0,,,0,,,0,,,0,,,0,,,0,1507.5,1505.0,baghdad_generic,1500.0,1502.5,2
2024-11-12,,,0,,,0,1502.5,1506.5,2,,,0,,,0,,,0,,,0,,,0,,,0,,,0,,,0,,,0,,,0,,,0,,,0,,,0,,,0,,,0,,,0,,,0,,,0,,,0,1502.5,1506.5,baghdad_generic,1498.0,1502.5,2
2024-11-13,,,0,,,0,1505.0,1510.0,2,,,0,,,0,,,0,,,0,,,0,,,0,,,0,,,0,,,0,,,0,,,0,,,0,,,0,,,0,,,0,,,0,,,0,,,0,,,0,1505.0,1510.0,baghdad_generic,1500.0,1505.0,2
2024-11-14,,,0,,,0,1509.0,1509.0,1,,,0,,,0,,,0,,,0,,,0,,,0,,,0,,,0,,,0,,,0,,,0,,,0,,,0,,,0,,,0,,,0,,,0,,,0,,,0,1509.0,1509.0,baghdad_generic,1505.0,1505.0,1
2024-11-17,,,0,,,0,1507.0,1507.0,1,,,0,,,0,,,0,,,0,,,0,,,0,,,0,,,0,,,0,,,0,,,0,,,0,,,0,,,0,,,0,,,0,,,0,,,0,,,0,1507.0,1507.0,baghdad_generic,1502.5,1502.5,1
2024-11-18,,,0,,,0,1507.5,1507.0,2,,,0,,,0,,,0,,,0,,,0,,,0,,,0,,,0,,,0,,,0,,,0,,,0,,,0,,,0,,,0,,,0,,,0,,,0,,,0,1507.5,1507.0,baghdad_generic,1502.5,1503.0,2
2024-11-19,,,0,,,0,1507.5,1507.5,1,,,0,,,0,,,0,,,0,,,0,,,0,,,0,,,0,,,0,,,0,,,0,,,0,,,0,,,0,,,0,,,0,,,0,,,0,,,0,1507.5,1507.5,baghdad_generic,1505.0,1505.0,1
2024-11-24,,,0,,,0,1504.0,1504.0,1,,,0,,,0,,,0,,,0,,,0,,,0,,,0,,,0,,,0,,,0,,,0,,,0,,,0,,,0,,,0,,,0,,,0,,,0,,,0,1504.0,1504.0,baghdad_generic,1500.0,1500.0,1
2024-11-25,,,0,,,0,1505.0,1505.5,2,,,0,,,0,,,0,,,0,,,0,,,0,,,0,,,0,,,0,,,0,,,0,,,0,,,0,,,0,,,0,,,0,,,0,,,0,,,0,1505.0,1505.5,baghdad_generic,1502.5,1502.5,2
2024-11-26,,,0,,,0,1502.0,1502.0,1,,,0,,,0,,,0,,,0,,,0,,,0,,,0,,,0,,,0,,,0,,,0,,,0,,,0,,,0,,,0,,,0,,,0,,,0,,,0,1502.0,1502.0,baghdad_generic,1499.0,1500.0,2
2024-11-27,,,0,,,0,1502.5,1502.5,1,,,0,,,0,,,0,,,0,,,0,,,0,,,0,,,0,,,0,,,0,,,0,,,0,,,0,,,0,,,0,,,0,,,0,,,0,,,0,1502.5,1502.5,baghdad_generic,1499.0,1499.0,1
2024-11-28,,,0,,,0,1500.0,1502.5,2,,,0,,,0,,,0,,,0,,,0,,,0,,,0,,,0,,,0,,,0,,,0,,,0,,,0,,,0,,,0,,,0,,,0,,,0,,,0,1500.0,1502.5,baghdad_generic,1497.5,1500.0,2
2024-12-01,,,0,,,0,1501.0,1502.0,4,,,0,,,0,,,0,,,0,,,0,,,0,,,0,,,0,,,0,,,0,,,0,,,0,,,0,,,0,,,0,,,0,,,0,,,0,,,0,1501.0,1502.0,baghdad_generic,1498.0,1500.0,4
2024-12-02,,,0,,,0,1502.5,1502.5,1,,,0,,,0,,,0,,,0,,,0,,,0,,,0,,,0,,,0,,,0,,,0,,,0,,,0,,,0,,,0,,,0,,,0,,,0,,,0,1502.5,1502.5,baghdad_generic,1500.0,1500.0,1
2024-12-03,,,0,,,0,1502.5,1504.0,2,,,0,,,0,,,0,,,0,,,0,,,0,,,0,,,0,,,0,,,0,,,0,,,0,,,0,,,0,,,0,,,0,,,0,,,0,,,0,1502.5,1504.0,baghdad_generic,1500.0,1501.0,2
2024-12-04,,,0,,,0,1505.0,1505.0,1,,,0,,,0,,,0,,,0,,,0,,,0,,,0,,,0,,,0,,,0,,,0,,,0,,,0,,,0,,,0,,,0,,,0,,,0,,,0,1505.0,1505.0,baghdad_generic,1502.5,1502.5,1
2024-12-05,,,0,,,0,1506.0,1507.5,2,,,0,,,0,,,0,,,0,,,0,,,0,,,0,,,0,,,0,,,0,,,0,,,0,,,0,,,0,,,0,,,0,,,0,,,0,,,0,1506.0,1507.5,baghdad_generic,1502.5,1503.5,2
2024-12-08,,,0,,,0,1510.0,1510.0,1,,,0,,,0,,,0,,,0,,,0,,,0,,,0,,,0,,,0,,,0,,,0,,,0,,,0,,,0,,,0,,,0,,,0,,,0,,,0,1510.0,1510.0,baghdad_generic,1506.0,1506.0,1
2024-12-09,,,0,,,0,1507.5,1507.5,1,,,0,,,0,,,0,,,0,,,0,,,0,,,0,,,0,,,0,,,0,,,0,,,0,,,0,,,0,,,0,,,0,,,0,,,0,,,0,1507.5,1507.5,baghdad_generic,1502.5,1502.5,1
2024-12-10,,,0,,,0,1512.5,1510.0,2,,,0,,,0,,,0,,,0,,,0,,,0,,,0,,,0,,,0,,,0,,,0,,,0,,,0,,,0,,,0,,,0,,,0,,,0,,,0,1512.5,1510.0,baghdad_generic,1506.0,1507.5,2
2024-12-11,,,0,,,0,1507.5,1505.0,2,,,0,,,0,,,0,,,0,,,0,,,0,,,0,,,0,,,0,,,0,,,0,,,0,,,0,,,0,,,0,,,0,,,0,,,0,,,0,1507.5,1505.0,baghdad_generic,1502.5,1502.5,2
2024-12-12,,,0,,,0,1505.0,1505.0,1,,,0,,,0,,,0,,,0,,,0,,,0,,,0,,,0,,,0,,,0,,,0,,,0,,,0,,,0,,,0,,,0,,,0,,,0,,,0,1505.0,1505.0,baghdad_generic,1502.5,1502.5,1
2024-12-15,,,0,,,0,1510.0,1511.0,3,,,0,,,0,,,0,,,0,,,0,,,0,,,0,,,0,,,0,,,0,,,0,,,0,,,0,,,0,,,0,,,0,,,0,,,0,,,0,1510.0,1511.0,baghdad_generic,1506.0,1508.0,3
2024-12-16,,,0,,,0,1509.0,1512.0,2,,,0,,,0,,,0,,,0,,,0,,,0,,,0,,,0,,,0,,,0,,,0,,,0,,,0,,,0,,,0,,,0,,,0,,,0,,,0,1509.0,1512.0,baghdad_generic,1505.0,1509.0,2
2024-12-17,,,0,,,0,1512.0,1512.0,1,,,0,,,0,,,0,,,0,,,0,,,0,,,0,,,0,,,0,,,0,,,0,,,0,,,0,,,0,,,0,,,0,,,0,,,0,,,0,1512.0,1512.0,baghdad_generic,1509.0,1509.0,1
2024-12-18,,,0,,,0,1514.0,1511.0,2,,,0,,,0,,,0,,,0,,,0,,,0,,,0,,,0,,,0,,,0,,,0,,,0,,,0,,,0,,,0,,,0,,,0,,,0,,,0,1514.0,1511.0,baghdad_generic,1507.5,1510.0,2
2024-12-19,,,0,,,0,1511.0,1510.0,2,,,0,,,0,,,0,,,0,,,0,,,0,,,0,,,0,,,0,,,0,,,0,,,0,,,0,,,0,,,0,,,0,,,0,,,0,,,0,1511.0,1510.0,baghdad_generic,1507.5,1507.5,2
2024-12-22,,,0,,,0,1509.0,1509.0,1,,,0,,,0,,,0,,,0,,,0,,,0,,,0,,,0,,,0,,,0,,,0,,,0,,,0,,,0,,,0,,,0,,,0,,,0,,,0,1509.0,1509.0,baghdad_generic,1505.0,1505.0,1
2024-12-23,,,0,,,0,1515.0,1515.0,1,,,0,,,0,,,0,,,0,,,0,,,0,,,0,,,0,,,0,,,0,,,0,,,0,,,0,,,0,,,0,,,0,,,0,,,0,,,0,1515.0,1515.0,baghdad_generic,1510.0,1510.0,1
2024-12-24,,,0,,,0,1515.0,1515.0,1,,,0,,,0,,,0,,,0,,,0,,,0,,,0,,,0,,,0,,,0,,,0,,,0,,,0,,,0,,,0,,,0,,,0,,,0,,,0,1515.0,1515.0,baghdad_generic,1511.0,1511.0,1
2024-12-25,,,0,,,0,1520.0,1517.5,2,,,0,,,0,,,0,,,0,,,0,,,0,,,0,,,0,,,0,,,0,,,0,,,0,,,0,,,0,,,0,,,0,,,0,,,0,,,0,1520.0,1517.5,baghdad_generic,1512.5,1515.0,2
2024-12-26,,,0,,,0,1517.5,1519.0,2,,,0,,,0,,,0,,,0,,,0,,,0,,,0,,,0,,,0,,,0,,,0,,,0,,,0,,,0,,,0,,,0,,,0,,,0,,,0,1517.5,1519.0,baghdad_generic,1512.0,1515.0,2
2024-12-29,,,0,,,0,1515.0,1515.0,1,,,0,,,0,,,0,,,0,,,0,,,0,,,0,,,0,,,0,,,0,,,0,,,0,,,0,,,0,,,0,,,0,,,0,,,0,,,0,1515.0,1515.0,baghdad_generic,1511.0,1511.0,1
2024-12-30,,,0,,,0,1519.0,1519.0,1,,,0,,,0,,,0,,,0,,,0,,,0,,,0,,,0,,,0,,,0,,,0,,,0,,,0,,,0,,,0,,,0,,,0,,,0,,,0,1519.0,1519.0,baghdad_generic,1515.0,1515.0,1
2024-12-31,,,0,,,0,1520.0,1520.0,1,,,0,,,0,,,0,,,0,,,0,,,0,,,0,,,0,,,0,,,0,,,0,,,0,,,0,,,0,,,0,,,0,,,0,,,0,,,0,1520.0,1520.0,baghdad_generic,1515.0,1515.0,1
2025-01-01,,,0,,,0,1517.5,1517.5,1,,,0,,,0,,,0,,,0,,,0,,,0,,,0,,,0,,,0,,,0,,,0,,,0,,,0,,,0,,,0,,,0,,,0,,,0,,,0,1517.5,1517.5,baghdad_generic,1512.5,1512.5,1
2025-01-02,,,0,,,0,1519.0,1525.0,3,,,0,,,0,,,0,,,0,,,0,,,0,,,0,,,0,,,0,,,0,,,0,,,0,,,0,,,0,,,0,,,0,,,0,,,0,,,0,1519.0,1525.0,baghdad_generic,1515.0,1520.0,3
2025-01-05,,,0,,,0,1516.0,1516.0,1,,,0,,,0,,,0,,,0,,,0,,,0,,,0,,,0,,,0,,,0,,,0,,,0,,,0,,,0,,,0,,,0,,,0,,,0,,,0,1516.0,1516.0,baghdad_generic,1512.5,1512.5,1
2025-01-06,,,0,,,0,1515.0,1515.0,2,,,0,,,0,,,0,,,0,,,0,,,0,,,0,,,0,,,0,,,0,,,0,,,0,,,0,,,0,,,0,,,0,,,0,,,0,,,0,1515.0,1515.0,baghdad_generic,1511.0,1511.0,2
2025-01-07,,,0,,,0,1512.5,1511.0,2,,,0,,,0,,,0,,,0,,,0,,,0,,,0,,,0,,,0,,,0,,,0,,,0,,,0,,,0,,,0,,,0,,,0,,,0,,,0,1512.5,1511.0,baghdad_generic,1505.0,1509.0,2
2025-01-08,,,0,,,0,1512.5,1512.0,2,,,0,,,0,,,0,,,0,,,0,,,0,,,0,,,0,,,0,,,0,,,0,,,0,,,0,,,0,,,0,,,0,,,0,,,0,,,0,1512.5,1512.0,baghdad_generic,1509.0,1509.0,2
2025-01-09,,,0,,,0,1512.5,1512.5,2,,,0,,,0,,,0,,,0,,,0,,,0,,,0,,,0,,,0,,,0,,,0,,,0,,,0,,,0,,,0,,,0,,,0,,,0,,,0,1512.5,1512.5,baghdad_generic,1510.0,1510.0,2
2025-01-12,,,0,,,0,1511.0,1515.0,2,,,0,,,0,,,0,,,0,,,0,,,0,,,0,,,0,,,0,,,0,,,0,,,0,,,0,,,0,,,0,,,0,,,0,,,0,,,0,1511.0,1515.0,baghdad_generic,1507.5,1511.0,2
2025-01-13,,,0,,,0,1514.0,1512.5,2,,,0,,,0,,,0,,,0,,,0,,,0,,,0,,,0,,,0,,,0,,,0,,,0,,,0,,,0,,,0,,,0,,,0,,,0,,,0,1514.0,1512.5,baghdad_generic,1508.0,1510.0,2
2025-01-14,,,0,,,0,1512.0,1512.0,1,,,0,,,0,,,0,,,0,,,0,,,0,,,0,,,0,,,0,,,0,,,0,,,0,,,0,,,0,,,0,,,0,,,0,,,0,,,0,1512.0,1512.0,baghdad_generic,1508.0,1508.0,1
2025-01-15,,,0,,,0,1512.5,1512.0,2,,,0,,,0,,,0,,,0,,,0,,,0,,,0,,,0,,,0,,,0,,,0,,,0,,,0,,,0,,,0,,,0,,,0,,,0,,,0,1512.5,1512.0,baghdad_generic,1509.0,1510.0,2
2025-01-16,,,0,,,0,1511.0,1511.0,2,,,0,,,0,,,0,,,0,,,0,,,0,,,0,,,0,,,0,,,0,,,0,,,0,,,0,,,0,,,0,,,0,,,0,,,0,,,0,1511.0,1511.0,baghdad_generic,1506.0,1507.5,2
2025-01-19,,,0,,,0,1507.5,1507.5,1,,,0,,,0,,,0,,,0,,,0,,,0,,,0,,,0,,,0,,,0,,,0,,,0,,,0,,,0,,,0,,,0,,,0,,,0,,,0,1507.5,1507.5,baghdad_generic,1504.0,1504.0,1
2025-01-20,,,0,,,0,1510.0,1509.0,2,,,0,,,0,,,0,,,0,,,0,,,0,,,0,,,0,,,0,,,0,,,0,,,0,,,0,,,0,,,0,,,0,,,0,,,0,,,0,1510.0,1509.0,baghdad_generic,1505.0,1506.0,2
2025-01-21,,,0,,,0,1509.0,1514.0,3,,,0,,,0,,,0,,,0,,,0,,,0,,,0,,,0,,,0,,,0,,,0,,,0,,,0,,,0,,,0,,,0,,,0,,,0,,,0,1509.0,1514.0,baghdad_generic,1506.0,1510.0,3
2025-01-22,,,0,,,0,1512.0,1512.0,1,,,0,,,0,,,0,,,0,,,0,,,0,,,0,,,0,,,0,,,0,,,0,,,0,,,0,,,0,,,0,,,0,,,0,,,0,,,0,1512.0,1512.0,baghdad_generic,1508.0,1508.0,1
2025-01-23,,,0,,,0,1510.0,1510.0,1,,,0,,,0,,,0,,,0,,,0,,,0,,,0,,,0,,,0,,,0,,,0,,,0,,,0,,,0,,,0,,,0,,,0,,,0,,,0,1510.0,1510.0,baghdad_generic,1506.0,1506.0,1
2025-01-26,,,0,,,0,1509.0,1509.0,1,,,0,,,0,,,0,,,0,,,0,,,0,,,0,,,0,,,0,,,0,,,0,,,0,,,0,,,0,,,0,,,0,,,0,,,0,,,0,1509.0,1509.0,baghdad_generic,1506.0,1506.0,1
2025-01-27,,,0,,,0,1509.0,1507.0,2,,,0,,,0,,,0,,,0,,,0,,,0,,,0,,,0,,,0,,,0,,,0,,,0,,,0,,,0,,,0,,,0,,,0,,,0,,,0,1509.0,1507.0,baghdad_generic,1503.5,1506.0,2
2025-01-28,,,0,,,0,1506.0,1502.5,2,,,0,,,0,,,0,,,0,,,0,,,0,,,0,,,0,,,0,,,0,,,0,,,0,,,0,,,0,,,0,,,0,,,0,,,0,,,0,1506.0,1502.5,baghdad_generic,1498.5,1502.5,2
2025-01-29,,,0,,,0,1503.5,1505.0,2,,,0,,,0,,,0,,,0,,,0,,,0,,,0,,,0,,,0,,,0,,,0,,,0,,,0,,,0,,,0,,,0,,,0,,,0,,,0,1503.5,1505.0,baghdad_generic,1500.0,1501.0,2
2025-01-30,,,0,,,0,1504.0,1506.0,3,,,0,,,0,,,0,,,0,,,0,,,0,,,0,,,0,,,0,,,0,,,0,,,0,,,0,,,0,,,0,,,0,,,0,,,0,,,0,1504.0,1506.0,baghdad_generic,1501.0,1503.0,3
2025-02-02,,,0,,,0,1505.0,1505.0,1,,,0,,,0,,,0,,,0,,,0,,,0,,,0,,,0,,,0,,,0,,,0,,,0,,,0,,,0,,,0,,,0,,,0,,,0,,,0,1505.0,1505.0,baghdad_generic,1502.5,1502.5,1
2025-02-03,,,0,,,0,1506.0,1506.0,2,,,0,,,0,,,0,,,0,,,0,,,0,,,0,,,0,,,0,,,0,,,0,,,0,,,0,,,0,,,0,,,0,,,0,,,0,,,0,1506.0,1506.0,baghdad_generic,1502.5,1503.0,2
2025-02-04,,,0,,,0,1504.0,1504.0,1,,,0,,,0,,,0,,,0,,,0,,,0,,,0,,,0,,,0,,,0,,,0,,,0,,,0,,,0,,,0,,,0,,,0,,,0,,,0,1504.0,1504.0,baghdad_generic,1500.0,1500.0,1
2025-02-05,,,0,,,0,1504.0,1506.0,3,,,0,,,0,,,0,,,0,,,0,,,0,,,0,,,0,,,0,,,0,,,0,,,0,,,0,,,0,,,0,,,0,,,0,,,0,,,0,1504.0,1506.0,baghdad_generic,1500.0,1502.5,3
2025-02-06,,,0,,,0,1507.0,1507.0,1,,,0,,,0,,,0,,,0,,,0,,,0,,,0,,,0,,,0,,,0,,,0,,,0,,,0,,,0,,,0,,,0,,,0,,,0,,,0,1507.0,1507.0,baghdad_generic,1503.0,1503.0,1
2025-02-09,,,0,,,0,1505.0,1505.0,1,,,0,,,0,,,0,,,0,,,0,,,0,,,0,,,0,,,0,,,0,,,0,,,0,,,0,,,0,,,0,,,0,,,0,,,0,,,0,1505.0,1505.0,baghdad_generic,1502.0,1502.0,1
2025-02-10,,,0,,,0,1505.0,1504.0,2,,,0,,,0,,,0,,,0,,,0,,,0,,,0,,,0,,,0,,,0,,,0,,,0,,,0,,,0,,,0,,,0,,,0,,,0,,,0,1505.0,1504.0,baghdad_generic,1501.0,1502.0,2
2025-02-11,,,0,,,0,1505.0,1505.0,1,,,0,,,0,,,0,,,0,,,0,,,0,,,0,,,0,,,0,,,0,,,0,,,0,,,0,,,0,,,0,,,0,,,0,,,0,,,0,1505.0,1505.0,baghdad_generic,1501.5,1501.5,1
2025-02-12,,,0,,,0,1505.0,1505.0,1,,,0,,,0,,,0,,,0,,,0,,,0,,,0,,,0,,,0,,,0,,,0,,,0,,,0,,,0,,,0,,,0,,,0,,,0,,,0,1505.0,1505.0,baghdad_generic,1501.5,1501.5,1
2025-02-13,,,0,,,0,1504.0,1504.0,1,,,0,,,0,,,0,,,0,,,0,,,0,,,0,,,0,,,0,,,0,,,0,,,0,,,0,,,0,,,0,,,0,,,0,,,0,,,0,1504.0,1504.0,baghdad_generic,1501.0,1501.0,1
2025-02-17,,,0,,,0,1505.0,1505.0,1,,,0,,,0,,,0,,,0,,,0,,,0,,,0,,,0,,,0,,,0,,,0,,,0,,,0,,,0,,,0,,,0,,,0,,,0,,,0,1505.0,1505.0,baghdad_generic,1502.5,1502.5,1
2025-02-18,,,0,,,0,1504.0,1504.0,2,,,0,,,0,,,0,,,0,,,0,,,0,,,0,,,0,,,0,,,0,,,0,,,0,,,0,,,0,,,0,,,0,,,0,,,0,,,0,1504.0,1504.0,baghdad_generic,1501.0,1501.5,2
2025-02-19,,,0,,,0,1504.0,1504.0,1,,,0,,,0,,,0,,,0,,,0,,,0,,,0,,,0,,,0,,,0,,,0,,,0,,,0,,,0,,,0,,,0,,,0,,,0,,,0,1504.0,1504.0,baghdad_generic,1501.0,1501.0,1
2025-02-20,,,0,,,0,1502.5,1502.5,3,,,0,,,0,,,0,,,0,,,0,,,0,,,0,,,0,,,0,,,0,,,0,,,0,,,0,,,0,,,0,,,0,,,0,,,0,,,0,1502.5,1502.5,baghdad_generic,1500.0,1500.5,2
2025-02-23,,,0,,,0,1500.0,1496.5,3,,,0,,,0,,,0,,,0,,,0,,,0,,,0,,,0,,,0,,,0,,,0,,,0,,,0,,,0,,,0,,,0,,,0,,,0,,,0,1500.0,1496.5,baghdad_generic,1493.5,1498.0,3
2025-02-24,,,0,,,0,1493.5,1492.0,3,,,0,,,0,,,0,,,0,,,0,,,0,,,0,,,0,,,0,,,0,,,0,,,0,,,0,,,0,,,0,,,0,,,0,,,0,,,0,1493.5,1492.0,baghdad_generic,1487.5,1492.0,3
2025-02-25,,,0,,,0,1490.0,1490.0,2,,,0,,,0,,,0,,,0,,,0,,,0,,,0,,,0,,,0,,,0,,,0,,,0,,,0,,,0,,,0,,,0,,,0,,,0,,,0,1490.0,1490.0,baghdad_generic,1485.0,1487.5,2
2025-02-26,,,0,,,0,1492.0,1492.5,3,,,0,,,0,,,0,,,0,,,0,,,0,,,0,,,0,,,0,,,0,,,0,,,0,,,0,,,0,,,0,,,0,,,0,,,0,,,0,1492.0,1492.5,baghdad_generic,1489.0,1490.0,3
2025-02-27,,,0,,,0,1490.0,1487.5,3,,,0,,,0,,,0,,,0,,,0,,,0,,,0,,,0,,,0,,,0,,,0,,,0,,,0,,,0,,,0,,,0,,,0,,,0,,,0,1490.0,1487.5,baghdad_generic,1482.5,1486.0,3
2025-03-02,,,0,,,0,1480.0,1480.0,1,,,0,,,0,,,0,,,0,,,0,,,0,,,0,,,0,,,0,,,0,,,0,,,0,,,0,,,0,,,0,,,0,,,0,,,0,,,0,1480.0,1480.0,baghdad_generic,1475.0,1475.0,1
2025-03-03,,,0,,,0,1490.0,1490.0,1,,,0,,,0,,,0,,,0,,,0,,,0,,,0,,,0,,,0,,,0,,,0,,,0,,,0,,,0,,,0,,,0,,,0,,,0,,,0,1490.0,1490.0,baghdad_generic,1485.0,1485.0,1
2025-03-05,,,0,,,0,1486.0,1486.0,1,,,0,,,0,,,0,,,0,,,0,,,0,,,0,,,0,,,0,,,0,,,0,,,0,,,0,,,0,,,0,,,0,,,0,,,0,,,0,1486.0,1486.0,baghdad_generic,1482.5,1482.5,1
2025-03-06,,,0,,,0,1485.0,1485.0,3,,,0,,,0,,,0,,,0,,,0,,,0,,,0,,,0,,,0,,,0,,,0,,,0,,,0,,,0,,,0,,,0,,,0,,,0,,,0,1485.0,1485.0,baghdad_generic,1480.0,1482.5,3
2025-03-09,,,0,,,0,1486.0,1485.0,2,,,0,,,0,,,0,,,0,,,0,,,0,,,0,,,0,,,0,,,0,,,0,,,0,,,0,,,0,,,0,,,0,,,0,,,0,,,0,1486.0,1485.0,baghdad_generic,1482.5,1483.0,2
2025-03-10,,,0,,,0,1486.5,1485.0,3,,,0,,,0,,,0,,,0,,,0,,,0,,,0,,,0,,,0,,,0,,,0,,,0,,,0,,,0,,,0,,,0,,,0,,,0,,,0,1486.5,1485.0,baghdad_generic,1481.0,1483.0,3
2025-03-11,,,0,,,0,1484.0,1482.5,2,,,0,,,0,,,0,,,0,,,0,,,0,,,0,,,0,,,0,,,0,,,0,,,0,,,0,,,0,,,0,,,0,,,0,,,0,,,0,1484.0,1482.5,baghdad_generic,1478.0,1480.0,2
2025-03-12,,,0,,,0,1480.0,1481.0,2,,,0,,,0,,,0,,,0,,,0,,,0,,,0,,,0,,,0,,,0,,,0,,,0,,,0,,,0,,,0,,,0,,,0,,,0,,,0,1480.0,1481.0,baghdad_generic,1476.0,1478.0,2
2025-03-13,,,0,,,0,1481.5,1485.0,3,,,0,,,0,,,0,,,0,,,0,,,0,,,0,,,0,,,0,,,0,,,0,,,0,,,0,,,0,,,0,,,0,,,0,,,0,,,0,1481.5,1485.0,baghdad_generic,1478.5,1482.5,3
2025-03-16,,,0,,,0,1482.0,1481.0,2,,,0,,,0,,,0,,,0,,,0,,,0,,,0,,,0,,,0,,,0,,,0,,,0,,,0,,,0,,,0,,,0,,,0,,,0,,,0,1482.0,1481.0,baghdad_generic,1478.0,1479.0,2
2025-03-17,,,0,,,0,1481.0,1479.0,3,,,0,,,0,,,0,,,0,,,0,,,0,,,0,,,0,,,0,,,0,,,0,,,0,,,0,,,0,,,0,,,0,,,0,,,0,,,0,1481.0,1479.0,baghdad_generic,1475.0,1478.0,3
2025-03-18,,,0,,,0,1475.0,1472.5,2,,,0,,,0,,,0,,,0,,,0,,,0,,,0,,,0,,,0,,,0,,,0,,,0,,,0,,,0,,,0,,,0,,,0,,,0,,,0,1475.0,1472.5,baghdad_generic,1470.0,1472.5,2
2025-03-19,,,0,,,0,1477.0,1475.0,3,,,0,,,0,,,0,,,0,,,0,,,0,,,0,,,0,,,0,,,0,,,0,,,0,,,0,,,0,,,0,,,0,,,0,,,0,,,0,1477.0,1475.0,baghdad_generic,1472.5,1475.0,3
2025-03-20,,,0,,,0,1476.0,1475.0,3,,,0,,,0,,,0,,,0,,,0,,,0,,,0,,,0,,,0,,,0,,,0,,,0,,,0,,,0,,,0,,,0,,,0,,,0,,,0,1476.0,1475.0,baghdad_generic,1471.0,1473.0,3
2025-03-23,,,0,,,0,1474.0,1474.0,1,,,0,,,0,,,0,,,0,,,0,,,0,,,0,,,0,,,0,,,0,,,0,,,0,,,0,,,0,,,0,,,0,,,0,,,0,,,0,1474.0,1474.0,baghdad_generic,1471.0,1471.0,1
2025-03-24,,,0,,,0,1472.0,1472.5,2,,,0,,,0,,,0,,,0,,,0,,,0,,,0,,,0,,,0,,,0,,,0,,,0,,,0,,,0,,,0,,,0,,,0,,,0,,,0,1472.0,1472.5,baghdad_generic,1468.0,1468.5,2
2025-03-25,,,0,,,0,1470.0,1472.0,3,,,0,,,0,,,0,,,0,,,0,,,0,,,0,,,0,,,0,,,0,,,0,,,0,,,0,,,0,,,0,,,0,,,0,,,0,,,0,1470.0,1472.0,baghdad_generic,1467.5,1469.0,3
2025-03-26,,,0,,,0,1472.0,1472.5,5,,,0,,,0,,,0,,,0,,,0,,,0,,,0,,,0,,,0,,,0,,,0,,,0,,,0,,,0,,,0,,,0,,,0,,,0,,,0,1472.0,1472.5,baghdad_generic,,,0
2025-03-27,,,0,,,0,1474.0,1472.5,4,,,0,,,0,,,0,,,0,,,0,,,0,,,0,,,0,,,0,,,0,,,0,,,0,,,0,,,0,,,0,,,0,,,0,,,0,,,0,1474.0,1472.5,baghdad_generic,,,0
2025-03-30,,,0,,,0,1477.5,1477.5,1,,,0,,,0,,,0,,,0,,,0,,,0,,,0,,,0,,,0,,,0,,,0,,,0,,,0,,,0,,,0,,,0,,,0,,,0,,,0,1477.5,1477.5,baghdad_generic,,,0
2025-04-03,,,0,,,0,1477.5,1477.5,3,,,0,,,0,,,0,,,0,,,0,,,0,,,0,,,0,,,0,,,0,,,0,,,0,,,0,,,0,,,0,,,0,,,0,,,0,,,0,1477.5,1477.5,baghdad_generic,,,0
2025-04-06,,,0,,,0,1477.5,1477.5,3,,,0,,,0,,,0,,,0,,,0,,,0,,,0,,,0,,,0,,,0,,,0,,,0,,,0,,,0,,,0,,,0,,,0,,,0,,,0,1477.5,1477.5,baghdad_generic,,,0
2025-04-07,,,0,,,0,1482.5,1482.0,3,,,0,,,0,,,0,,,0,,,0,,,0,,,0,,,0,,,0,,,0,,,0,,,0,,,0,,,0,,,0,,,0,,,0,,,0,,,0,1482.5,1482.0,baghdad_generic,,,0
2025-04-08,,,0,,,0,1480.0,1480.0,3,,,0,,,0,,,0,,,0,,,0,,,0,,,0,,,0,,,0,,,0,,,0,,,0,,,0,,,0,,,0,,,0,,,0,,,0,,,0,1480.0,1480.0,baghdad_generic,,,0
2025-04-09,,,0,,,0,1480.0,1477.5,5,,,0,,,0,,,0,,,0,,,0,,,0,,,0,,,0,,,0,,,0,,,0,,,0,,,0,,,0,,,0,,,0,,,0,,,0,,,0,1480.0,1477.5,baghdad_generic,,,0
2025-04-10,,,0,,,0,1480.0,1482.0,3,,,0,,,0,,,0,,,0,,,0,,,0,,,0,,,0,,,0,,,0,,,0,,,0,,,0,,,0,,,0,,,0,,,0,,,0,,,0,1480.0,1482.0,baghdad_generic,,,0
2025-04-13,,,0,,,0,1476.5,1477.0,5,,,0,,,0,,,0,,,0,,,0,,,0,,,0,,,0,,,0,,,0,,,0,,,0,,,0,,,0,,,0,,,0,,,0,,,0,,,0,1476.5,1477.0,baghdad_generic,,,0
2025-04-14,,,0,,,0,1475.0,1475.0,3,,,0,,,0,,,0,,,0,,,0,,,0,,,0,,,0,,,0,,,0,,,0,,,0,,,0,,,0,,,0,,,0,,,0,,,0,,,0,1475.0,1475.0,baghdad_generic,,,0
2025-04-15,,,0,,,0,1475.0,1472.0,4,,,0,,,0,,,0,,,0,,,0,,,0,,,0,,,0,,,0,,,0,,,0,,,0,,,0,,,0,,,0,,,0,,,0,,,0,,,0,1475.0,1472.0,baghdad_generic,,,0
2025-04-16,,,0,,,0,1471.0,1470.0,4,,,0,,,0,,,0,,,0,,,0,,,0,,,0,,,0,,,0,,,0,,,0,,,0,,,0,,,0,,,0,,,0,,,0,,,0,,,0,1471.0,1470.0,baghdad_generic,,,0
2025-04-17,,,0,,,0,1471.5,1472.0,3,,,0,,,0,,,0,,,0,,,0,,,0,,,0,,,0,,,0,,,0,,,0,,,0,,,0,,,0,,,0,,,0,,,0,,,0,,,0,1471.5,1472.0,baghdad_generic,,,0
2025-04-20,,,0,,,0,1467.5,1466.0,4,,,0,,,0,,,0,,,0,,,0,,,0,,,0,,,0,,,0,,,0,,,0,,,0,,,0,,,0,,,0,,,0,,,0,,,0,,,0,1467.5,1466.0,baghdad_generic,,,0
2025-04-21,,,0,,,0,1466.0,1460.0,6,,,0,,,0,,,0,,,0,,,0,,,0,,,0,,,0,,,0,,,0,,,0,,,0,,,0,,,0,,,0,,,0,,,0,,,0,,,0,1466.0,1460.0,baghdad_generic,,,0
2025-04-22,,,0,,,0,1457.5,1457.5,5,,,0,,,0,,,0,,,0,,,0,,,0,,,0,,,0,,,0,,,0,,,0,,,0,,,0,,,0,,,0,,,0,,,0,,,0,,,0,1457.5,1457.5,baghdad_generic,,,0
2025-04-23,,,0,,,0,1457.5,1455.0,4,,,0,,,0,,,0,,,0,,,0,,,0,,,0,,,0,,,0,,,0,,,0,,,0,,,0,,,0,,,0,,,0,,,0,,,0,,,0,1457.5,1455.0,baghdad_generic,,,0
2025-04-24,,,0,,,0,1450.0,1446.5,4,,,0,,,0,,,0,,,0,,,0,,,0,,,0,,,0,,,0,,,0,,,0,,,0,,,0,,,0,,,0,,,0,,,0,,,0,,,0,1450.0,1446.5,baghdad_generic,,,0
2025-04-27,,,0,,,0,1447.5,1457.0,5,,,0,,,0,,,0,,,0,,,0,,,0,,,0,,,0,,,0,,,0,,,0,,,0,,,0,,,0,,,0,,,0,,,0,,,0,,,0,1447.5,1457.0,baghdad_generic,,,0
2025-04-28,,,0,,,0,1454.0,1447.5,4,,,0,,,0,,,0,,,0,,,0,,,0,,,0,,,0,,,0,,,0,,,0,,,0,,,0,,,0,,,0,,,0,,,0,,,0,,,0,1454.0,1447.5,baghdad_generic,,,0
2025-04-29,,,0,,,0,1447.5,1447.5,4,,,0,,,0,,,0,,,0,,,0,,,0,,,0,,,0,,,0,,,0,,,0,,,0,,,0,,,0,,,0,,,0,,,0,,,0,,,0,1447.5,1447.5,baghdad_generic,,,0
2025-04-30,,,0,,,0,1449.0,1448.0,3,,,0,,,0,,,0,,,0,,,0,,,0,,,0,,,0,,,0,,,0,,,0,,,0,,,0,,,0,,,0,,,0,,,0,,,0,,,0,1449.0,1448.0,baghdad_generic,,,0
2025-05-01,,,0,,,0,1440.0,1446.0,3,,,0,,,0,,,0,,,0,,,0,,,0,,,0,,,0,,,0,,,0,,,0,,,0,,,0,,,0,,,0,,,0,,,0,,,0,,,0,1440.0,1446.0,baghdad_generic,,,0
2025-05-04,,,0,,,0,1446.5,1444.5,4,,,0,,,0,,,0,,,0,,,0,,,0,,,0,,,0,,,0,,,0,,,0,,,0,,,0,,,0,,,0,,,0,,,0,,,0,,,0,1446.5,1444.5,baghdad_generic,,,0
2025-05-05,,,0,,,0,1440.0,1440.0,3,,,0,,,0,,,0,,,0,,,0,,,0,,,0,,,0,,,0,,,0,,,0,,,0,,,0,,,0,,,0,,,0,,,0,,,0,,,0,1440.0,1440.0,baghdad_generic,,,0
2025-05-06,,,0,,,0,1440.0,1438.0,4,,,0,,,0,,,0,,,0,,,0,,,0,,,0,,,0,,,0,,,0,,,0,,,0,,,0,,,0,,,0,,,0,,,0,,,0,,,0,1440.0,1438.0,baghdad_generic,,,0
2025-05-07,,,0,,,0,1432.0,1423.5,3,,,0,,,0,,,0,,,0,,,0,,,0,,,0,,,0,,,0,,,0,,,0,,,0,,,0,,,0,,,0,,,0,,,0,,,0,,,0,1432.0,1423.5,baghdad_generic,,,0
2025-05-08,,,0,,,0,1425.0,1430.0,3,,,0,,,0,,,0,,,0,,,0,,,0,,,0,,,0,,,0,,,0,,,0,,,0,,,0,,,0,,,0,,,0,,,0,,,0,,,0,1425.0,1430.0,baghdad_generic,,,0
2025-05-11,,,0,,,0,1418.5,1426.5,6,,,0,,,0,,,0,,,0,,,0,,,0,,,0,,,0,,,0,,,0,,,0,,,0,,,0,,,0,,,0,,,0,,,0,,,0,,,0,1418.5,1426.5,baghdad_generic,,,0
2025-05-12,,,0,,,0,1427.0,1430.5,5,,,0,,,0,,,0,,,0,,,0,,,0,,,0,,,0,,,0,,,0,,,0,,,0,,,0,,,0,,,0,,,0,,,0,,,0,,,0,1427.0,1430.5,baghdad_generic,,,0
2025-05-13,,,0,,,0,1429.0,1425.0,4,,,0,,,0,,,0,,,0,,,0,,,0,,,0,,,0,,,0,,,0,,,0,,,0,,,0,,,0,,,0,,,0,,,0,,,0,,,0,1429.0,1425.0,baghdad_generic,,,0
2025-05-14,,,0,,,0,1424.0,1425.5,6,,,0,,,0,,,0,,,0,,,0,,,0,,,0,,,0,,,0,,,0,,,0,,,0,,,0,,,0,,,0,,,0,,,0,,,0,,,0,1424.0,1425.5,baghdad_generic,,,0
2025-05-15,,,0,,,0,1425.5,1424.5,5,,,0,,,0,,,0,,,0,,,0,,,0,,,0,,,0,,,0,,,0,,,0,,,0,,,0,,,0,,,0,,,0,,,0,,,0,,,0,1425.5,1424.5,baghdad_generic,,,0
2025-05-18,,,0,,,0,1425.5,1423.0,4,,,0,,,0,,,0,,,0,,,0,,,0,,,0,,,0,,,0,,,0,,,0,,,0,,,0,,,0,,,0,,,0,,,0,,,0,,,0,1425.5,1423.0,baghdad_generic,,,0
2025-05-19,,,0,,,0,1422.5,1423.0,3,,,0,,,0,,,0,,,0,,,0,,,0,,,0,,,0,,,0,,,0,,,0,,,0,,,0,,,0,,,0,,,0,,,0,,,0,,,0,1422.5,1423.0,baghdad_generic,,,0
2025-05-20,,,0,,,0,1424.0,1423.0,4,,,0,,,0,,,0,,,0,,,0,,,0,,,0,,,0,,,0,,,0,,,0,,,0,,,0,,,0,,,0,,,0,,,0,,,0,,,0,1424.0,1423.0,baghdad_generic,,,0
2025-05-21,,,0,,,0,1425.0,1421.0,5,,,0,,,0,,,0,,,0,,,0,,,0,,,0,,,0,,,0,,,0,,,0,,,0,,,0,,,0,,,0,,,0,,,0,,,0,,,0,1425.0,1421.0,baghdad_generic,,,0
2025-05-22,,,0,,,0,1421.0,1419.5,3,,,0,,,0,,,0,,,0,,,0,,,0,,,0,,,0,,,0,,,0,,,0,,,0,,,0,,,0,,,0,,,0,,,0,,,0,,,0,1421.0,1419.5,baghdad_generic,,,0
2025-05-25,,,0,,,0,1419.0,1413.0,4,,,0,,,0,,,0,,,0,,,0,,,0,,,0,,,0,,,0,,,0,,,0,,,0,,,0,,,0,,,0,,,0,,,0,,,0,,,0,1419.0,1413.0,baghdad_generic,,,0
2025-05-26,,,0,,,0,1412.5,1407.5,2,,,0,,,0,,,0,,,0,,,0,,,0,,,0,,,0,,,0,,,0,,,0,,,0,,,0,,,0,,,0,,,0,,,0,,,0,,,0,1412.5,1407.5,baghdad_generic,,,0
2025-05-27,,,0,,,0,1403.0,1410.0,3,,,0,,,0,,,0,,,0,,,0,,,0,,,0,,,0,,,0,,,0,,,0,,,0,,,0,,,0,,,0,,,0,,,0,,,0,,,0,1403.0,1410.0,baghdad_generic,,,0
2025-05-28,,,0,,,0,1410.0,1405.0,5,,,0,,,0,,,0,,,0,,,0,,,0,,,0,,,0,,,0,,,0,,,0,,,0,,,0,,,0,,,0,,,0,,,0,,,0,,,0,1410.0,1405.0,baghdad_generic,,,0
2025-05-29,,,0,,,0,1407.0,1414.0,3,,,0,,,0,,,0,,,0,,,0,,,0,,,0,,,0,,,0,,,0,,,0,,,0,,,0,,,0,,,0,,,0,,,0,,,0,,,0,1407.0,1414.0,baghdad_generic,,,0
2025-06-01,,,0,,,0,1407.5,1412.0,4,,,0,,,0,,,0,,,0,,,0,,,0,,,0,,,0,,,0,,,0,,,0,,,0,,,0,,,0,,,0,,,0,,,0,,,0,,,0,1407.5,1412.0,baghdad_generic,,,0
2025-06-02,,,0,,,0,1416.0,1416.5,5,,,0,,,0,,,0,,,0,,,0,,,0,,,0,,,0,,,0,,,0,,,0,,,0,,,0,,,0,,,0,,,0,,,0,,,0,,,0,1416.0,1416.5,baghdad_generic,,,0
2025-06-03,,,0,,,0,1414.5,1411.0,4,,,0,,,0,,,0,,,0,,,0,,,0,,,0,,,0,,,0,,,0,,,0,,,0,,,0,,,0,,,0,,,0,,,0,,,0,,,0,1414.5,1411.0,baghdad_generic,,,0
2025-06-04,,,0,,,0,1411.0,1414.0,4,,,0,,,0,,,0,,,0,,,0,,,0,,,0,,,0,,,0,,,0,,,0,,,0,,,0,,,0,,,0,,,0,,,0,,,0,,,0,1411.0,1414.0,baghdad_generic,,,0
2025-06-05,,,0,,,0,1414.0,1414.5,4,,,0,,,0,,,0,,,0,,,0,,,0,,,0,,,0,,,0,,,0,,,0,,,0,,,0,,,0,,,0,,,0,,,0,,,0,,,0,1414.0,1414.5,baghdad_generic,,,0
2025-06-08,,,0,,,0,1417.5,1417.5,1,,,0,,,0,,,0,,,0,,,0,,,0,,,0,,,0,,,0,,,0,,,0,,,0,,,0,,,0,,,0,,,0,,,0,,,0,,,0,1417.5,1417.5,baghdad_generic,,,0
2025-06-09,,,0,,,0,1417.0,1417.0,1,,,0,,,0,,,0,,,0,,,0,,,0,,,0,,,0,,,0,,,0,,,0,,,0,,,0,,,0,,,0,,,0,,,0,,,0,,,0,1417.0,1417.0,baghdad_generic,,,0
2025-06-10,,,0,,,0,1414.5,1412.5,3,,,0,,,0,,,0,,,0,,,0,,,0,,,0,,,0,,,0,,,0,,,0,,,0,,,0,,,0,,,0,,,0,,,0,,,0,,,0,1414.5,1412.5,baghdad_generic,,,0
2025-06-11,,,0,,,0,1413.5,1411.0,3,,,0,,,0,,,0,,,0,,,0,,,0,,,0,,,0,,,0,,,0,,,0,,,0,,,0,,,0,,,0,,,0,,,0,,,0,,,0,1413.5,1411.0,baghdad_generic,,,0
2025-06-12,,,0,,,0,1417.0,1431.0,7,,,0,,,0,,,0,,,0,,,0,,,0,,,0,,,0,,,0,,,0,,,0,,,0,,,0,,,0,,,0,,,0,,,0,,,0,,,0,1417.0,1431.0,baghdad_generic,,,0
2025-06-15,,,0,,,0,1446.0,1435.0,5,,,0,,,0,,,0,,,0,,,0,,,0,,,0,,,0,,,0,,,0,,,0,,,0,,,0,,,0,,,0,,,0,,,0,,,0,,,0,1446.0,1435.0,baghdad_generic,,,0
2025-06-16,,,0,,,0,1437.0,1431.0,5,,,0,,,0,,,0,,,0,,,0,,,0,,,0,,,0,,,0,,,0,,,0,,,0,,,0,,,0,,,0,,,0,,,0,,,0,,,0,1437.0,1431.0,baghdad_generic,,,0
2025-06-25,,,0,,,0,1414.5,1413.5,2,,,0,,,0,,,0,,,0,,,0,,,0,,,0,,,0,,,0,,,0,,,0,,,0,,,0,,,0,,,0,,,0,,,0,,,0,,,0,1414.5,1413.5,baghdad_generic,,,0
2025-06-26,,,0,,,0,1413.0,1412.5,2,,,0,,,0,,,0,,,0,,,0,,,0,,,0,,,0,,,0,,,0,,,0,,,0,,,0,,,0,,,0,,,0,,,0,,,0,,,0,1413.0,1412.5,baghdad_generic,,,0
2025-06-29,,,0,,,0,1412.0,1413.0,4,,,0,,,0,,,0,,,0,,,0,,,0,,,0,,,0,,,0,,,0,,,0,,,0,,,0,,,0,,,0,,,0,,,0,,,0,,,0,1412.0,1413.0,baghdad_generic,,,0
2025-06-30,,,0,,,0,1415.0,1415.5,2,,,0,,,0,,,0,,,0,,,0,,,0,,,0,,,0,,,0,,,0,,,0,,,0,,,0,,,0,,,0,,,0,,,0,,,0,,,0,1415.0,1415.5,baghdad_generic,,,0
2025-07-01,,,0,,,0,1412.5,1413.0,2,,,0,,,0,,,0,,,0,,,0,,,0,,,0,,,0,,,0,,,0,,,0,,,0,,,0,,,0,,,0,,,0,,,0,,,0,,,0,1412.5,1413.0,baghdad_generic,,,0
2025-07-02,,,0,,,0,1413.5,1412.5,4,,,0,,,0,,,0,,,0,,,0,,,0,,,0,,,0,,,0,,,0,,,0,,,0,,,0,,,0,,,0,,,0,,,0,,,0,,,0,1413.5,1412.5,baghdad_generic,,,0
2025-07-03,,,0,,,0,1412.0,1412.0,1,,,0,,,0,,,0,,,0,,,0,,,0,,,0,,,0,,,0,,,0,,,0,,,0,,,0,,,0,,,0,,,0,,,0,,,0,,,0,1412.0,1412.0,baghdad_generic,,,0
2025-07-07,,,0,,,0,1413.5,1411.5,3,,,0,,,0,,,0,,,0,,,0,,,0,,,0,,,0,,,0,,,0,,,0,,,0,,,0,,,0,,,0,,,0,,,0,,,0,,,0,1413.5,1411.5,baghdad_generic,,,0
2025-07-08,,,0,,,0,1412.0,1411.5,2,,,0,,,0,,,0,,,0,,,0,,,0,,,0,,,0,,,0,,,0,,,0,,,0,,,0,,,0,,,0,,,0,,,0,,,0,,,0,1412.0,1411.5,baghdad_generic,,,0
2025-07-09,,,0,,,0,1412.0,1412.0,1,,,0,,,0,,,0,,,0,,,0,,,0,,,0,,,0,,,0,,,0,,,0,,,0,,,0,,,0,,,0,,,0,,,0,,,0,,,0,1412.0,1412.0,baghdad_generic,,,0
2025-07-10,,,0,,,0,1412.5,1412.0,3,,,0,,,0,,,0,,,0,,,0,,,0,,,0,,,0,,,0,,,0,,,0,,,0,,,0,,,0,,,0,,,0,,,0,,,0,,,0,1412.5,1412.0,baghdad_generic,,,0
2025-07-13,,,0,,,0,1412.0,1411.0,4,,,0,,,0,,,0,,,0,,,0,,,0,,,0,,,0,,,0,,,0,,,0,,,0,,,0,,,0,,,0,,,0,,,0,,,0,,,0,1412.0,1411.0,baghdad_generic,,,0
2025-07-14,,,0,,,0,1410.5,1411.0,2,,,0,,,0,,,0,,,0,,,0,,,0,,,0,,,0,,,0,,,0,,,0,,,0,,,0,,,0,,,0,,,0,,,0,,,0,,,0,1410.5,1411.0,baghdad_generic,,,0
2025-07-15,,,0,,,0,1408.5,1407.5,3,,,0,,,0,,,0,,,0,,,0,,,0,,,0,,,0,,,0,,,0,,,0,,,0,,,0,,,0,,,0,,,0,,,0,,,0,,,0,1408.5,1407.5,baghdad_generic,,,0
2025-07-16,,,0,,,0,1407.0,1405.5,2,,,0,,,0,,,0,,,0,,,0,,,0,,,0,,,0,,,0,,,0,,,0,,,0,,,0,,,0,,,0,,,0,,,0,,,0,,,0,1407.0,1405.5,baghdad_generic,,,0
2025-07-17,,,0,,,0,1405.5,1405.5,1,,,0,,,0,,,0,,,0,,,0,,,0,,,0,,,0,,,0,,,0,,,0,,,0,,,0,,,0,,,0,,,0,,,0,,,0,,,0,1405.5,1405.5,baghdad_generic,,,0
2025-07-20,,,0,,,0,1403.5,1401.0,2,,,0,,,0,,,0,,,0,,,0,,,0,,,0,,,0,,,0,,,0,,,0,,,0,,,0,,,0,,,0,,,0,,,0,,,0,,,0,1403.5,1401.0,baghdad_generic,,,0
2025-07-21,,,0,,,0,1396.5,1395.0,3,,,0,,,0,,,0,,,0,,,0,,,0,,,0,,,0,,,0,,,0,,,0,,,0,,,0,,,0,,,0,,,0,,,0,,,0,,,0,1396.5,1395.0,baghdad_generic,,,0
2025-07-22,,,0,,,0,1396.0,1396.0,1,,,0,,,0,,,0,,,0,,,0,,,0,,,0,,,0,,,0,,,0,,,0,,,0,,,0,,,0,,,0,,,0,,,0,,,0,,,0,1396.0,1396.0,baghdad_generic,,,0
2025-07-23,,,0,,,0,1394.5,1392.5,3,,,0,,,0,,,0,,,0,,,0,,,0,,,0,,,0,,,0,,,0,,,0,,,0,,,0,,,0,,,0,,,0,,,0,,,0,,,0,1394.5,1392.5,baghdad_generic,,,0
2025-07-24,,,0,,,0,1395.0,1395.5,2,,,0,,,0,,,0,,,0,,,0,,,0,,,0,,,0,,,0,,,0,,,0,,,0,,,0,,,0,,,0,,,0,,,0,,,0,,,0,1395.0,1395.5,baghdad_generic,,,0
2025-07-27,,,0,,,0,1391.0,1392.0,3,,,0,,,0,,,0,,,0,,,0,,,0,,,0,,,0,,,0,,,0,,,0,,,0,,,0,,,0,,,0,,,0,,,0,,,0,,,0,1391.0,1392.0,baghdad_generic,,,0
2025-07-28,,,0,,,0,1391.0,1392.5,3,,,0,,,0,,,0,,,0,,,0,,,0,,,0,,,0,,,0,,,0,,,0,,,0,,,0,,,0,,,0,,,0,,,0,,,0,,,0,1391.0,1392.5,baghdad_generic,,,0
2025-07-29,,,0,,,0,1392.5,1393.0,2,,,0,,,0,,,0,,,0,,,0,,,0,,,0,,,0,,,0,,,0,,,0,,,0,,,0,,,0,,,0,,,0,,,0,,,0,,,0,1392.5,1393.0,baghdad_generic,,,0
2025-07-30,,,0,,,0,1392.5,1398.0,3,,,0,,,0,,,0,,,0,,,0,,,0,,,0,,,0,,,0,,,0,,,0,,,0,,,0,,,0,,,0,,,0,,,0,,,0,,,0,1392.5,1398.0,baghdad_generic,,,0
2025-07-31,,,0,,,0,1400.0,1401.0,3,,,0,,,0,,,0,,,0,,,0,,,0,,,0,,,0,,,0,,,0,,,0,,,0,,,0,,,0,,,0,,,0,,,0,,,0,,,0,1400.0,1401.0,baghdad_generic,,,0
2025-08-03,,,0,,,0,1395.5,1396.0,3,,,0,,,0,,,0,,,0,,,0,,,0,,,0,,,0,,,0,,,0,,,0,,,0,,,0,,,0,,,0,,,0,,,0,,,0,,,0,1395.5,1396.0,baghdad_generic,,,0
2025-08-04,,,0,,,0,1399.0,1398.0,3,,,0,,,0,,,0,,,0,,,0,,,0,,,0,,,0,,,0,,,0,,,0,,,0,,,0,,,0,,,0,,,0,,,0,,,0,,,0,1399.0,1398.0,baghdad_generic,,,0
2025-08-05,,,0,,,0,1399.5,1398.0,4,,,0,,,0,,,0,,,0,,,0,,,0,,,0,,,0,,,0,,,0,,,0,,,0,,,0,,,0,,,0,,,0,,,0,,,0,,,0,1399.5,1398.0,baghdad_generic,,,0
2025-08-06,,,0,,,0,1398.0,1399.5,4,,,0,,,0,,,0,,,0,,,0,,,0,,,0,,,0,,,0,,,0,,,0,,,0,,,0,,,0,,,0,,,0,,,0,,,0,,,0,1398.0,1399.5,baghdad_generic,,,0
2025-08-07,,,0,,,0,1400.0,1399.0,3,,,0,,,0,,,0,,,0,,,0,,,0,,,0,,,0,,,0,,,0,,,0,,,0,,,0,,,0,,,0,,,0,,,0,,,0,,,0,1400.0,1399.0,baghdad_generic,,,0
2025-08-10,,,0,,,0,1398.0,1401.0,3,,,0,,,0,,,0,,,0,,,0,,,0,,,0,,,0,,,0,,,0,,,0,,,0,,,0,,,0,,,0,,,0,,,0,,,0,,,0,1398.0,1401.0,baghdad_generic,,,0
2025-08-11,,,0,,,0,1402.0,1405.0,2,,,0,,,0,,,0,,,0,,,0,,,0,,,0,,,0,,,0,,,0,,,0,,,0,,,0,,,0,,,0,,,0,,,0,,,0,,,0,1402.0,1405.0,baghdad_generic,,,0
2025-08-12,,,0,,,0,1405.0,1406.0,2,,,0,,,0,,,0,,,0,,,0,,,0,,,0,,,0,,,0,,,0,,,0,,,0,,,0,,,0,,,0,,,0,,,0,,,0,,,0,1405.0,1406.0,baghdad_generic,,,0
2025-08-13,,,0,,,0,1404.0,1405.0,3,,,0,,,0,,,0,,,0,,,0,,,0,,,0,,,0,,,0,,,0,,,0,,,0,,,0,,,0,,,0,,,0,,,0,,,0,,,0,1404.0,1405.0,baghdad_generic,,,0
2025-08-14,,,0,,,0,1405.0,1405.0,3,,,0,,,0,,,0,,,0,,,0,,,0,,,0,,,0,,,0,,,0,,,0,,,0,,,0,,,0,,,0,,,0,,,0,,,0,,,0,1405.0,1405.0,baghdad_generic,,,0
2025-08-17,,,0,,,0,1404.0,1407.0,2,,,0,,,0,,,0,,,0,,,0,,,0,,,0,,,0,,,0,,,0,,,0,,,0,,,0,,,0,,,0,,,0,,,0,,,0,,,0,1404.0,1407.0,baghdad_generic,,,0
2025-08-18,,,0,,,0,1413.0,1413.0,1,,,0,,,0,,,0,,,0,,,0,,,0,,,0,,,0,,,0,,,0,,,0,,,0,,,0,,,0,,,0,,,0,,,0,,,0,,,0,1413.0,1413.0,baghdad_generic,,,0
2025-08-19,,,0,,,0,1416.0,1421.5,3,,,0,,,0,,,0,,,0,,,0,,,0,,,0,,,0,,,0,,,0,,,0,,,0,,,0,,,0,,,0,,,0,,,0,,,0,,,0,1416.0,1421.5,baghdad_generic,,,0
2025-08-20,,,0,,,0,1422.5,1438.0,4,,,0,,,0,,,0,,,0,,,0,,,0,,,0,,,0,,,0,,,0,,,0,,,0,,,0,,,0,,,0,,,0,,,0,,,0,,,0,1422.5,1438.0,baghdad_generic,,,0
2025-08-21,,,0,,,0,1437.0,1424.0,5,,,0,,,0,,,0,,,0,,,0,,,0,,,0,,,0,,,0,,,0,,,0,,,0,,,0,,,0,,,0,,,0,,,0,,,0,,,0,1437.0,1424.0,baghdad_generic,,,0
2025-08-24,,,0,,,0,1416.0,1419.5,3,,,0,,,0,,,0,,,0,,,0,,,0,,,0,,,0,,,0,,,0,,,0,,,0,,,0,,,0,,,0,,,0,,,0,,,0,,,0,1416.0,1419.5,baghdad_generic,,,0
2025-08-25,,,0,,,0,1423.0,1421.0,4,,,0,,,0,,,0,,,0,,,0,,,0,,,0,,,0,,,0,,,0,,,0,,,0,,,0,,,0,,,0,,,0,,,0,,,0,,,0,1423.0,1421.0,baghdad_generic,,,0
2025-08-26,,,0,,,0,1421.0,1421.0,1,,,0,,,0,,,0,,,0,,,0,,,0,,,0,,,0,,,0,,,0,,,0,,,0,,,0,,,0,,,0,,,0,,,0,,,0,,,0,1421.0,1421.0,baghdad_generic,,,0
2025-08-27,,,0,,,0,1424.0,1423.0,3,,,0,,,0,,,0,,,0,,,0,,,0,,,0,,,0,,,0,,,0,,,0,,,0,,,0,,,0,,,0,,,0,,,0,,,0,,,0,1424.0,1423.0,baghdad_generic,,,0
2025-08-28,,,0,,,0,1421.0,1422.0,3,,,0,,,0,,,0,,,0,,,0,,,0,,,0,,,0,,,0,,,0,,,0,,,0,,,0,,,0,,,0,,,0,,,0,,,0,,,0,1421.0,1422.0,baghdad_generic,,,0
2025-08-31,,,0,,,0,1428.0,1427.0,4,,,0,,,0,,,0,,,0,,,0,,,0,,,0,,,0,,,0,,,0,,,0,,,0,,,0,,,0,,,0,,,0,,,0,,,0,,,0,1428.0,1427.0,baghdad_generic,,,0
2025-09-01,,,0,,,0,1427.0,1425.0,3,,,0,,,0,,,0,,,0,,,0,,,0,,,0,,,0,,,0,,,0,,,0,,,0,,,0,,,0,,,0,,,0,,,0,,,0,,,0,1427.0,1425.0,baghdad_generic,,,0
2025-09-02,,,0,,,0,1427.0,1427.0,4,,,0,,,0,,,0,,,0,,,0,,,0,,,0,,,0,,,0,,,0,,,0,,,0,,,0,,,0,,,0,,,0,,,0,,,0,,,0,1427.0,1427.0,baghdad_generic,,,0
2025-09-03,,,0,,,0,1428.0,1429.5,4,,,0,,,0,,,0,,,0,,,0,,,0,,,0,,,0,,,0,,,0,,,0,,,0,,,0,,,0,,,0,,,0,,,0,,,0,,,0,1428.0,1429.5,baghdad_generic,,,0
2025-09-04,,,0,,,0,1431.0,1430.5,4,,,0,,,0,,,0,,,0,,,0,,,0,,,0,,,0,,,0,,,0,,,0,,,0,,,0,,,0,,,0,,,0,,,0,,,0,,,0,1431.0,1430.5,baghdad_generic,,,0
2025-09-07,,,0,,,0,1427.0,1429.5,2,,,0,,,0,,,0,,,0,,,0,,,0,,,0,,,0,,,0,,,0,,,0,,,0,,,0,,,0,,,0,,,0,,,0,,,0,,,0,1427.0,1429.5,baghdad_generic,,,0
2025-09-08,,,0,,,0,1429.5,1431.5,3,,,0,,,0,,,0,,,0,,,0,,,0,,,0,,,0,,,0,,,0,,,0,,,0,,,0,,,0,,,0,,,0,,,0,,,0,,,0,1429.5,1431.5,baghdad_generic,,,0
2025-09-09,,,0,,,0,1432.5,1440.0,4,,,0,,,0,,,0,,,0,,,0,,,0,,,0,,,0,,,0,,,0,,,0,,,0,,,0,,,0,,,0,,,0,,,0,,,0,,,0,1432.5,1440.0,baghdad_generic,,,0
2025-09-10,,,0,,,0,1435.5,1435.0,2,,,0,,,0,,,0,,,0,,,0,,,0,,,0,,,0,,,0,,,0,,,0,,,0,,,0,,,0,,,0,,,0,,,0,,,0,,,0,1435.5,1435.0,baghdad_generic,,,0
2025-09-11,,,0,,,0,1434.0,1431.0,3,,,0,,,0,,,0,,,0,,,0,,,0,,,0,,,0,,,0,,,0,,,0,,,0,,,0,,,0,,,0,,,0,,,0,,,0,,,0,1434.0,1431.0,baghdad_generic,,,0
2025-09-14,,,0,,,0,1427.5,1430.0,3,,,0,,,0,,,0,,,0,,,0,,,0,,,0,,,0,,,0,,,0,,,0,,,0,,,0,,,0,,,0,,,0,,,0,,,0,,,0,1427.5,1430.0,baghdad_generic,,,0
2025-09-15,,,0,,,0,1428.5,1429.0,2,,,0,,,0,,,0,,,0,,,0,,,0,,,0,,,0,,,0,,,0,,,0,,,0,,,0,,,0,,,0,,,0,,,0,,,0,,,0,1428.5,1429.0,baghdad_generic,,,0
2025-09-16,,,0,,,0,1427.0,1427.5,3,,,0,,,0,,,0,,,0,,,0,,,0,,,0,,,0,,,0,,,0,,,0,,,0,,,0,,,0,,,0,,,0,,,0,,,0,,,0,1427.0,1427.5,baghdad_generic,,,0
2025-09-17,,,0,,,0,1427.0,1427.0,1,,,0,,,0,,,0,,,0,,,0,,,0,,,0,,,0,,,0,,,0,,,0,,,0,,,0,,,0,,,0,,,0,,,0,,,0,,,0,1427.0,1427.0,baghdad_generic,,,0
2025-09-18,,,0,,,0,1428.0,1428.5,2,,,0,,,0,,,0,,,0,,,0,,,0,,,0,,,0,,,0,,,0,,,0,,,0,,,0,,,0,,,0,,,0,,,0,,,0,,,0,1428.0,1428.5,baghdad_generic,,,0
2025-09-21,,,0,,,0,1421.5,1418.0,3,,,0,,,0,,,0,,,0,,,0,,,0,,,0,,,0,,,0,,,0,,,0,,,0,,,0,,,0,,,0,,,0,,,0,,,0,,,0,1421.5,1418.0,baghdad_generic,,,0
2025-09-22,,,0,,,0,1417.0,1412.5,4,,,0,,,0,,,0,,,0,,,0,,,0,,,0,,,0,,,0,,,0,,,0,,,0,,,0,,,0,,,0,,,0,,,0,,,0,,,0,1417.0,1412.5,baghdad_generic,,,0
2025-09-23,,,0,,,0,1413.0,1415.0,2,,,0,,,0,,,0,,,0,,,0,,,0,,,0,,,0,,,0,,,0,,,0,,,0,,,0,,,0,,,0,,,0,,,0,,,0,,,0,1413.0,1415.0,baghdad_generic,,,0
2025-09-24,,,0,,,0,1416.5,1419.0,2,,,0,,,0,,,0,,,0,,,0,,,0,,,0,,,0,,,0,,,0,,,0,,,0,,,0,,,0,,,0,,,0,,,0,,,0,,,0,1416.5,1419.0,baghdad_generic,,,0
2025-09-25,,,0,,,0,1420.0,1417.5,4,,,0,,,0,,,0,,,0,,,0,,,0,,,0,,,0,,,0,,,0,,,0,,,0,,,0,,,0,,,0,,,0,,,0,,,0,,,0,1420.0,1417.5,baghdad_generic,,,0
2025-09-28,,,0,,,0,1416.0,1414.0,3,,,0,,,0,,,0,,,0,,,0,,,0,,,0,,,0,,,0,,,0,,,0,,,0,,,0,,,0,,,0,,,0,,,0,,,0,,,0,1416.0,1414.0,baghdad_generic,,,0
2025-09-29,,,0,,,0,1413.5,1417.0,3,,,0,,,0,,,0,,,0,,,0,,,0,,,0,,,0,,,0,,,0,,,0,,,0,,,0,,,0,,,0,,,0,,,0,,,0,,,0,1413.5,1417.0,baghdad_generic,,,0
2025-09-30,,,0,,,0,1416.5,1415.5,3,,,0,,,0,,,0,,,0,,,0,,,0,,,0,,,0,,,0,,,0,,,0,,,0,,,0,,,0,,,0,,,0,,,0,,,0,,,0,1416.5,1415.5,baghdad_generic,,,0
2025-10-01,,,0,,,0,1415.0,1413.0,4,,,0,,,0,,,0,,,0,,,0,,,0,,,0,,,0,,,0,,,0,,,0,,,0,,,0,,,0,,,0,,,0,,,0,,,0,,,0,1415.0,1413.0,baghdad_generic,,,0
2025-10-02,,,0,,,0,1412.5,1415.5,4,,,0,,,0,,,0,,,0,,,0,,,0,,,0,,,0,,,0,,,0,,,0,,,0,,,0,,,0,,,0,,,0,,,0,,,0,,,0,1412.5,1415.5,baghdad_generic,,,0
2025-10-05,,,0,,,0,1417.5,1415.0,4,,,0,,,0,,,0,,,0,,,0,,,0,,,0,,,0,,,0,,,0,,,0,,,0,,,0,,,0,,,0,,,0,,,0,,,0,,,0,1417.5,1415.0,baghdad_generic,,,0
2025-10-06,,,0,,,0,1415.0,1414.5,2,,,0,,,0,,,0,,,0,,,0,,,0,,,0,,,0,,,0,,,0,,,0,,,0,,,0,,,0,,,0,,,0,,,0,,,0,,,0,1415.0,1414.5,baghdad_generic,,,0
2025-10-07,,,0,,,0,1415.5,1414.5,2,,,0,,,0,,,0,,,0,,,0,,,0,,,0,,,0,,,0,,,0,,,0,,,0,,,0,,,0,,,0,,,0,,,0,,,0,,,0,1415.5,1414.5,baghdad_generic,,,0
2025-10-08,,,0,,,0,1414.5,1417.5,3,,,0,,,0,,,0,,,0,,,0,,,0,,,0,,,0,,,0,,,0,,,0,,,0,,,0,,,0,,,0,,,0,,,0,,,0,,,0,1414.5,1417.5,baghdad_generic,,,0
2025-10-09,,,0,,,0,1416.5,1416.5,3,,,0,,,0,,,0,,,0,,,0,,,0,,,0,,,0,,,0,,,0,,,0,,,0,,,0,,,0,,,0,,,0,,,0,,,0,,,0,1416.5,1416.5,baghdad_generic,,,0
2025-10-28,,,0,,,0,1410.0,1410.5,2,,,0,,,0,,,0,,,0,,,0,,,0,,,0,,,0,,,0,,,0,,,0,,,0,,,0,,,0,,,0,,,0,,,0,,,0,,,0,1410.0,1410.5,baghdad_generic,,,0
2025-10-29,,,0,,,0,1410.0,1409.5,2,,,0,,,0,,,0,,,0,,,0,,,0,,,0,,,0,,,0,,,0,,,0,,,0,,,0,,,0,,,0,,,0,,,0,,,0,,,0,1410.0,1409.5,baghdad_generic,,,0
2025-10-30,,,0,,,0,1409.5,1409.5,3,,,0,,,0,,,0,,,0,,,0,,,0,,,0,,,0,,,0,,,0,,,0,,,0,,,0,,,0,,,0,,,0,,,0,,,0,,,0,1409.5,1409.5,baghdad_generic,,,0
2025-11-02,,,0,,,0,1408.5,1409.0,2,,,0,,,0,,,0,,,0,,,0,,,0,,,0,,,0,,,0,,,0,,,0,,,0,,,0,,,0,,,0,,,0,,,0,,,0,,,0,1408.5,1409.0,baghdad_generic,,,0
2025-11-03,,,0,,,0,1411.0,1409.5,3,,,0,,,0,,,0,,,0,,,0,,,0,,,0,,,0,,,0,,,0,,,0,,,0,,,0,,,0,,,0,,,0,,,0,,,0,,,0,1411.0,1409.5,baghdad_generic,,,0
2025-11-06,,,0,,,0,1410.5,1410.5,1,,,0,,,0,,,0,,,0,,,0,,,0,,,0,,,0,,,0,,,0,,,0,,,0,,,0,,,0,,,0,,,0,,,0,,,0,,,0,1410.5,1410.5,baghdad_generic,,,0
2025-11-11,,,0,,,0,1415.0,1415.0,1,,,0,,,0,,,0,,,0,,,0,,,0,,,0,,,0,,,0,,,0,,,0,,,0,,,0,,,0,,,0,,,0,,,0,,,0,,,0,1415.0,1415.0,baghdad_generic,,,0
2025-11-12,,,0,,,0,1414.5,1415.0,2,,,0,,,0,,,0,,,0,,,0,,,0,,,0,,,0,,,0,,,0,,,0,,,0,,,0,,,0,,,0,,,0,,,0,,,0,,,0,1414.5,1415.0,baghdad_generic,,,0
2025-11-13,,,0,,,0,1412.5,1412.5,1,,,0,,,0,,,0,,,0,,,0,,,0,,,0,,,0,,,0,,,0,,,0,,,0,,,0,,,0,,,0,,,0,,,0,,,0,,,0,1412.5,1412.5,baghdad_generic,,,0
2025-11-16,,,0,,,0,1413.0,1412.5,2,,,0,,,0,,,0,,,0,,,0,,,0,,,0,,,0,,,0,,,0,,,0,,,0,,,0,,,0,,,0,,,0,,,0,,,0,,,0,1413.0,1412.5,baghdad_generic,,,0
2025-11-17,,,0,,,0,1412.5,1411.5,2,,,0,,,0,,,0,,,0,,,0,,,0,,,0,,,0,,,0,,,0,,,0,,,0,,,0,,,0,,,0,,,0,,,0,,,0,,,0,1412.5,1411.5,baghdad_generic,,,0
2025-11-18,,,0,,,0,1412.0,1413.0,2,,,0,,,0,,,0,,,0,,,0,,,0,,,0,,,0,,,0,,,0,,,0,,,0,,,0,,,0,,,0,,,0,,,0,,,0,,,0,1412.0,1413.0,baghdad_generic,,,0
2025-11-19,,,0,,,0,1411.5,1412.5,2,,,0,,,0,,,0,,,0,,,0,,,0,,,0,,,0,,,0,,,0,,,0,,,0,,,0,,,0,,,0,,,0,,,0,,,0,,,0,1411.5,1412.5,baghdad_generic,,,0
2025-11-23,,,0,,,0,1420.0,1420.0,1,,,0,,,0,,,0,,,0,,,0,,,0,,,0,,,0,,,0,,,0,,,0,,,0,,,0,,,0,,,0,,,0,,,0,,,0,,,0,1420.0,1420.0,baghdad_generic,,,0
2025-11-24,,,0,,,0,1422.0,1427.5,8,,,0,,,0,,,0,,,0,,,0,,,0,,,0,,,0,,,0,,,0,,,0,,,0,,,0,,,0,,,0,,,0,,,0,,,0,,,0,1422.0,1427.5,baghdad_generic,,,0
2025-11-25,,,0,,,0,1425.0,1422.5,7,,,0,,,0,,,0,,,0,,,0,,,0,,,0,,,0,,,0,,,0,,,0,,,0,,,0,,,0,,,0,,,0,,,0,,,0,,,0,1425.0,1422.5,baghdad_generic,,,0
2025-11-26,,,0,,,0,1423.0,1418.5,4,,,0,,,0,,,0,,,0,,,0,,,0,,,0,,,0,,,0,,,0,,,0,,,0,,,0,,,0,,,0,,,0,,,0,,,0,,,0,1423.0,1418.5,baghdad_generic,,,0
2025-11-27,,,0,,,0,1419.0,1419.0,1,,,0,,,0,,,0,,,0,,,0,,,0,,,0,,,0,,,0,,,0,,,0,,,0,,,0,,,0,,,0,,,0,,,0,,,0,,,0,1419.0,1419.0,baghdad_generic,,,0
2025-11-30,,,0,,,0,1421.5,1426.0,4,,,0,,,0,,,0,,,0,,,0,,,0,,,0,,,0,,,0,,,0,,,0,,,0,,,0,,,0,,,0,,,0,,,0,,,0,,,0,1421.5,1426.0,baghdad_generic,,,0
2025-12-01,,,0,,,0,1426.5,1430.0,4,,,0,,,0,,,0,,,0,,,0,,,0,,,0,,,0,,,0,,,0,,,0,,,0,,,0,,,0,,,0,,,0,,,0,,,0,,,0,1426.5,1430.0,baghdad_generic,,,0
2025-12-02,,,0,,,0,1431.0,1431.0,1,,,0,,,0,,,0,,,0,,,0,,,0,,,0,,,0,,,0,,,0,,,0,,,0,,,0,,,0,,,0,,,0,,,0,,,0,,,0,1431.0,1431.0,baghdad_generic,,,0
2025-12-07,,,0,,,0,1427.5,1425.5,3,,,0,,,0,,,0,,,0,,,0,,,0,,,0,,,0,,,0,,,0,,,0,,,0,,,0,,,0,,,0,,,0,,,0,,,0,,,0,1427.5,1425.5,baghdad_generic,,,0
2025-12-08,,,0,,,0,1427.0,1430.0,3,,,0,,,0,,,0,,,0,,,0,,,0,,,0,,,0,,,0,,,0,,,0,,,0,,,0,,,0,,,0,,,0,,,0,,,0,,,0,1427.0,1430.0,baghdad_generic,,,0
2025-12-09,,,0,,,0,1429.5,1430.0,3,,,0,,,0,,,0,,,0,,,0,,,0,,,0,,,0,,,0,,,0,,,0,,,0,,,0,,,0,,,0,,,0,,,0,,,0,,,0,1429.5,1430.0,baghdad_generic,,,0
2025-12-10,,,0,,,0,1431.0,1430.0,2,,,0,,,0,,,0,,,0,,,0,,,0,,,0,,,0,,,0,,,0,,,0,,,0,,,0,,,0,,,0,,,0,,,0,,,0,,,0,1431.0,1430.0,baghdad_generic,,,0
2025-12-11,,,0,,,0,1429.5,1432.0,2,,,0,,,0,,,0,,,0,,,0,,,0,,,0,,,0,,,0,,,0,,,0,,,0,,,0,,,0,,,0,,,0,,,0,,,0,,,0,1429.5,1432.0,baghdad_generic,,,0
2025-12-15,,,0,,,0,1430.0,1430.0,2,,,0,,,0,,,0,,,0,,,0,,,0,,,0,,,0,,,0,,,0,,,0,,,0,,,0,,,0,,,0,,,0,,,0,,,0,,,0,1430.0,1430.0,baghdad_generic,,,0
2025-12-16,,,0,,,0,1430.0,1427.0,2,,,0,,,0,,,0,,,0,,,0,,,0,,,0,,,0,,,0,,,0,,,0,,,0,,,0,,,0,,,0,,,0,,,0,,,0,,,0,1430.0,1427.0,baghdad_generic,,,0
2025-12-17,,,0,,,0,1425.0,1425.0,1,,,0,,,0,,,0,,,0,,,0,,,0,,,0,,,0,,,0,,,0,,,0,,,0,,,0,,,0,,,0,,,0,,,0,,,0,,,0,1425.0,1425.0,baghdad_generic,,,0
2025-12-18,,,0,,,0,1426.5,1426.5,1,,,0,,,0,,,0,,,0,,,0,,,0,,,0,,,0,,,0,,,0,,,0,,,0,,,0,,,0,,,0,,,0,,,0,,,0,,,0,1426.5,1426.5,baghdad_generic,,,0
2025-12-21,,,0,,,0,1429.5,1429.5,1,,,0,,,0,,,0,,,0,,,0,,,0,,,0,,,0,,,0,,,0,,,0,,,0,,,0,,,0,,,0,,,0,,,0,,,0,,,0,1429.5,1429.5,baghdad_generic,,,0
2025-12-22,,,0,,,0,1427.5,1432.5,3,,,0,,,0,,,0,,,0,,,0,,,0,,,0,,,0,,,0,,,0,,,0,,,0,,,0,,,0,,,0,,,0,,,0,,,0,,,0,1427.5,1432.5,baghdad_generic,,,0
2025-12-24,,,0,,,0,1430.0,1430.0,1,,,0,,,0,,,0,,,0,,,0,,,0,,,0,,,0,,,0,,,0,,,0,,,0,,,0,,,0,,,0,,,0,,,0,,,0,,,0,1430.0,1430.0,baghdad_generic,,,0
2025-12-28,,,0,,,0,1433.0,1437.0,3,,,0,,,0,,,0,,,0,,,0,,,0,,,0,,,0,,,0,,,0,,,0,,,0,,,0,,,0,,,0,,,0,,,0,,,0,,,0,1433.0,1437.0,baghdad_generic,,,0
2025-12-29,,,0,,,0,1441.0,1441.0,1,,,0,,,0,,,0,,,0,,,0,,,0,,,0,,,0,,,0,,,0,,,0,,,0,,,0,,,0,,,0,,,0,,,0,,,0,,,0,1441.0,1441.0,baghdad_generic,,,0
2025-12-30,,,0,,,0,1439.0,1439.0,1,,,0,,,0,,,0,,,0,,,0,,,0,,,0,,,0,,,0,,,0,,,0,,,0,,,0,,,0,,,0,,,0,,,0,,,0,,,0,1439.0,1439.0,baghdad_generic,,,0
2026-01-04,,,0,,,0,1453.0,1470.0,5,,,0,,,0,,,0,,,0,,,0,,,0,,,0,,,0,,,0,,,0,,,0,,,0,,,0,,,0,,,0,,,0,,,0,,,0,,,0,1453.0,1470.0,baghdad_generic,,,0
2026-01-05,,,0,,,0,1479.0,1482.5,2,,,0,,,0,,,0,,,0,,,0,,,0,,,0,,,0,,,0,,,0,,,0,,,0,,,0,,,0,,,0,,,0,,,0,,,0,,,0,1479.0,1482.5,baghdad_generic,,,0
2026-01-06,,,0,,,0,1482.5,1469.0,10,,,0,,,0,,,0,,,0,,,0,,,0,,,0,,,0,,,0,,,0,,,0,,,0,,,0,,,0,,,0,,,0,,,0,,,0,,,0,1482.5,1469.0,baghdad_generic,,,0
2026-01-07,,,0,,,0,1464.0,1476.5,5,,,0,,,0,,,0,,,0,,,0,,,0,,,0,,,0,,,0,,,0,,,0,,,0,,,0,,,0,,,0,,,0,,,0,,,0,,,0,1464.0,1476.5,baghdad_generic,,,0
2026-01-08,,,0,,,0,1478.0,1467.0,6,,,0,,,0,,,0,,,0,,,0,,,0,,,0,,,0,,,0,,,0,,,0,,,0,,,0,,,0,,,0,,,0,,,0,,,0,,,0,1478.0,1467.0,baghdad_generic,,,0
2026-01-11,,,0,,,0,1461.0,1465.5,4,,,0,,,0,,,0,,,0,,,0,,,0,,,0,,,0,,,0,,,0,,,0,,,0,,,0,,,0,,,0,,,0,,,0,,,0,,,0,1461.0,1465.5,baghdad_generic,,,0
2026-01-12,,,0,,,0,1470.0,1462.5,4,,,0,,,0,,,0,,,0,,,0,,,0,,,0,,,0,,,0,,,0,,,0,,,0,,,0,,,0,,,0,,,0,,,0,,,0,,,0,1470.0,1462.5,baghdad_generic,,,0
2026-01-13,,,0,,,0,1464.0,1471.0,4,,,0,,,0,,,0,,,0,,,0,,,0,,,0,,,0,,,0,,,0,,,0,,,0,,,0,,,0,,,0,,,0,,,0,,,0,,,0,1464.0,1471.0,baghdad_generic,,,0
2026-01-14,,,0,,,0,1475.0,1480.5,7,,,0,,,0,,,0,,,0,,,0,,,0,,,0,,,0,,,0,,,0,,,0,,,0,,,0,,,0,,,0,,,0,,,0,,,0,,,0,1475.0,1480.5,baghdad_generic,,,0
2026-01-15,,,0,,,0,1477.5,1470.0,4,,,0,,,0,,,0,,,0,,,0,,,0,,,0,,,0,,,0,,,0,,,0,,,0,,,0,,,0,,,0,,,0,,,0,,,0,,,0,1477.5,1470.0,baghdad_generic,,,0
2026-01-18,,,0,,,0,1470.0,1471.5,2,,,0,,,0,,,0,,,0,,,0,,,0,,,0,,,0,,,0,,,0,,,0,,,0,,,0,,,0,,,0,,,0,,,0,,,0,,,0,1470.0,1471.5,baghdad_generic,,,0
2026-01-19,,,0,,,0,1472.0,1472.5,5,,,0,,,0,,,0,,,0,,,0,,,0,,,0,,,0,,,0,,,0,,,0,,,0,,,0,,,0,,,0,,,0,,,0,,,0,,,0,1472.0,1472.5,baghdad_generic,,,0
2026-01-20,,,0,,,0,1474.5,1482.5,4,,,0,,,0,,,0,,,0,,,0,,,0,,,0,,,0,,,0,,,0,,,0,,,0,,,0,,,0,,,0,,,0,,,0,,,0,,,0,1474.5,1482.5,baghdad_generic,,,0
2026-01-21,,,0,,,0,1480.0,1481.0,4,,,0,,,0,,,0,,,0,,,0,,,0,,,0,,,0,,,0,,,0,,,0,,,0,,,0,,,0,,,0,,,0,,,0,,,0,,,0,1480.0,1481.0,baghdad_generic,,,0
2026-01-22,,,0,,,0,1477.5,1480.0,7,,,0,,,0,,,0,,,0,,,0,,,0,,,0,,,0,,,0,,,0,,,0,,,0,,,0,,,0,,,0,,,0,,,0,,,0,,,0,1477.5,1480.0,baghdad_generic,,,0
2026-01-25,,,0,,,0,1481.5,1487.5,7,,,0,,,0,,,0,,,0,,,0,,,0,,,0,,,0,,,0,,,0,,,0,,,0,,,0,,,0,,,0,,,0,,,0,,,0,,,0,1481.5,1487.5,baghdad_generic,,,0
2026-01-26,,,0,,,0,1490.0,1507.5,3,,,0,,,0,,,0,,,0,,,0,,,0,,,0,,,0,1517.0,1517.0,1,,,0,,,0,,,0,,,0,,,0,,,0,,,0,,,0,,,0,,,0,1490.0,1507.5,baghdad_generic,,,0
2026-01-27,,,0,,,0,1532.5,1522.5,6,,,0,,,0,,,0,,,0,,,0,,,0,,,0,,,0,1542.0,1550.0,2,,,0,,,0,,,0,,,0,,,0,,,0,,,0,,,0,,,0,,,0,1532.5,1522.5,baghdad_generic,,,0
2026-01-28,,,0,,,0,1522.0,1493.0,12,,,0,,,0,,,0,,,0,,,0,,,0,1528.0,1528.0,1,,,0,1548.5,1538.5,2,,,0,,,0,,,0,,,0,,,0,,,0,,,0,,,0,,,0,,,0,1522.0,1493.0,baghdad_generic,,,0
2026-01-29,,,0,,,0,1499.0,1500.0,4,,,0,,,0,,,0,,,0,,,0,,,0,,,0,,,0,,,0,,,0,,,0,,,0,,,0,,,0,,,0,,,0,,,0,,,0,,,0,1499.0,1500.0,baghdad_generic,,,0
2026-02-01,,,0,,,0,1478.5,1488.5,5,,,0,,,0,,,0,,,0,,,0,,,0,,,0,,,0,,,0,,,0,,,0,,,0,,,0,,,0,,,0,,,0,,,0,,,0,,,0,1478.5,1488.5,baghdad_generic,,,0
2026-02-02,,,0,,,0,1492.5,1490.0,3,,,0,,,0,,,0,,,0,,,0,,,0,,,0,,,0,,,0,,,0,,,0,,,0,,,0,,,0,,,0,,,0,,,0,,,0,,,0,1492.5,1490.0,baghdad_generic,,,0
2026-02-03,,,0,,,0,1492.5,1497.5,6,,,0,,,0,,,0,,,0,,,0,,,0,,,0,,,0,,,0,,,0,,,0,,,0,,,0,,,0,,,0,,,0,,,0,,,0,,,0,1492.5,1497.5,baghdad_generic,,,0
2026-02-04,,,0,,,0,1500.0,1495.0,5,,,0,,,0,,,0,,,0,,,0,,,0,,,0,,,0,,,0,,,0,,,0,,,0,,,0,,,0,,,0,,,0,,,0,,,0,,,0,1500.0,1495.0,baghdad_generic,,,0
2026-02-05,,,0,,,0,1497.5,1500.0,3,1500.0,1500.0,1,,,0,,,0,,,0,,,0,,,0,,,0,,,0,,,0,,,0,,,0,,,0,,,0,,,0,,,0,,,0,,,0,,,0,,,0,1497.5,1500.0,baghdad_generic,,,0
2026-02-08,,,0,,,0,1498.5,1498.5,3,,,0,,,0,,,0,,,0,,,0,,,0,,,0,,,0,,,0,,,0,,,0,,,0,,,0,,,0,,,0,,,0,,,0,,,0,,,0,1498.5,1498.5,baghdad_generic,,,0
2026-02-09,,,0,,,0,1496.59,1500.0,3,,,0,,,0,,,0,,,0,,,0,,,0,,,0,,,0,,,0,,,0,,,0,,,0,,,0,,,0,,,0,,,0,,,0,,,0,,,0,1496.59,1500.0,baghdad_generic,,,0
2026-02-10,,,0,,,0,1500.0,1500.0,5,,,0,,,0,,,0,,,0,,,0,,,0,,,0,,,0,,,0,,,0,,,0,,,0,,,0,,,0,,,0,,,0,,,0,,,0,,,0,1500.0,1500.0,baghdad_generic,,,0
2026-02-11,,,0,,,0,1508.0,1510.0,6,,,0,,,0,,,0,,,0,,,0,,,0,,,0,,,0,,,0,,,0,,,0,,,0,,,0,,,0,,,0,,,0,,,0,,,0,,,0,1508.0,1510.0,baghdad_generic,,,0
2026-02-12,,,0,,,0,1512.5,1512.5,5,,,0,,,0,,,0,,,0,,,0,,,0,,,0,,,0,,,0,,,0,,,0,,,0,,,0,,,0,,,0,,,0,,,0,,,0,,,0,1512.5,1512.5,baghdad_generic,,,0
2026-02-15,,,0,,,0,1507.5,1511.0,4,,,0,,,0,,,0,,,0,,,0,,,0,,,0,,,0,,,0,,,0,,,0,,,0,,,0,,,0,,,0,,,0,,,0,,,0,,,0,1507.5,1511.0,baghdad_generic,,,0
2026-02-16,,,0,,,0,1512.0,1514.0,4,,,0,,,0,,,0,,,0,,,0,,,0,,,0,,,0,,,0,,,0,,,0,,,0,,,0,,,0,,,0,,,0,,,0,,,0,,,0,1512.0,1514.0,baghdad_generic,,,0
2026-02-17,,,0,,,0,1516.0,1513.5,4,,,0,,,0,,,0,,,0,,,0,,,0,,,0,,,0,,,0,,,0,,,0,,,0,,,0,,,0,,,0,,,0,,,0,,,0,,,0,1516.0,1513.5,baghdad_generic,,,0
2026-02-18,,,0,,,0,1515.0,1520.0,3,1518.0,1518.0,1,,,0,,,0,,,0,,,0,,,0,,,0,,,0,,,0,,,0,,,0,,,0,,,0,,,0,,,0,,,0,,,0,,,0,,,0,1515.0,1520.0,baghdad_generic,,,0
2026-02-19,,,0,,,0,1522.5,1527.5,5,,,0,,,0,,,0,,,0,,,0,,,0,,,0,,,0,,,0,,,0,,,0,,,0,,,0,,,0,,,0,,,0,,,0,,,0,,,0,1522.5,1527.5,baghdad_generic,,,0
2026-02-22,,,0,,,0,1526.0,1526.5,2,,,0,,,0,,,0,,,0,,,0,,,0,,,0,,,0,,,0,,,0,,,0,,,0,,,0,,,0,,,0,,,0,,,0,,,0,,,0,1526.0,1526.5,baghdad_generic,,,0
2026-02-23,,,0,,,0,1525.0,1530.0,5,,,0,,,0,,,0,,,0,,,0,,,0,,,0,,,0,,,0,,,0,,,0,,,0,,,0,,,0,,,0,,,0,,,0,,,0,,,0,1525.0,1530.0,baghdad_generic,,,0
2026-02-24,,,0,,,0,1533.0,1535.5,5,,,0,,,0,,,0,,,0,,,0,,,0,,,0,,,0,,,0,,,0,,,0,,,0,,,0,,,0,,,0,,,0,,,0,,,0,,,0,1533.0,1535.5,baghdad_generic,,,0
2026-02-25,,,0,,,0,1542.0,1540.0,4,,,0,,,0,,,0,,,0,,,0,,,0,,,0,,,0,,,0,,,0,,,0,,,0,,,0,,,0,,,0,,,0,,,0,,,0,,,0,1542.0,1540.0,baghdad_generic,,,0
2026-02-26,,,0,,,0,1538.0,1532.5,4,,,0,,,0,,,0,,,0,,,0,,,0,,,0,,,0,,,0,,,0,,,0,,,0,,,0,,,0,,,0,,,0,,,0,,,0,,,0,1538.0,1532.5,baghdad_generic,,,0
2026-03-01,,,0,,,0,,,0,,,0,,,0,1557.5,1557.5,1,,,0,,,0,,,0,,,0,,,0,,,0,,,0,,,0,,,0,,,0,,,0,,,0,,,0,,,0,,,0,,,0,1557.5,1557.5,baghdad_kifah,,,0
2026-03-02,,,0,,,0,,,0,1550.0,1550.0,1,,,0,1550.0,1550.0,1,,,0,,,0,,,0,,,0,,,0,,,0,,,0,,,0,,,0,,,0,,,0,,,0,,,0,,,0,,,0,,,0,1550.0,1550.0,baghdad_kifah,,,0
2026-03-03,,,0,,,0,1552.0,1552.0,1,,,0,,,0,,,0,,,0,,,0,,,0,,,0,,,0,,,0,,,0,,,0,,,0,,,0,,,0,,,0,,,0,,,0,,,0,,,0,1552.0,1552.0,baghdad_generic,,,0
2026-03-04,,,0,,,0,1562.5,1566.5,3,,,0,,,0,,,0,,,0,,,0,,,0,,,0,,,0,,,0,,,0,,,0,,,0,,,0,,,0,,,0,,,0,,,0,,,0,,,0,1562.5,1566.5,baghdad_generic,,,0
2026-03-05,,,0,,,0,1565.0,1565.0,3,1562.5,1562.5,1,,,0,,,0,,,0,,,0,,,0,,,0,,,0,,,0,,,0,,,0,,,0,,,0,,,0,,,0,,,0,,,0,,,0,,,0,1565.0,1565.0,baghdad_generic,,,0
2026-03-08,,,0,,,0,1554.5,1559.0,3,,,0,,,0,,,0,,,0,,,0,,,0,,,0,,,0,,,0,,,0,,,0,,,0,,,0,,,0,,,0,,,0,,,0,,,0,,,0,1554.5,1559.0,baghdad_generic,,,0
2026-03-09,,,0,,,0,1558.0,1552.5,3,,,0,,,0,,,0,,,0,,,0,,,0,,,0,,,0,,,0,,,0,,,0,,,0,,,0,,,0,,,0,,,0,,,0,,,0,,,0,1558.0,1552.5,baghdad_generic,,,0
2026-03-10,,,0,,,0,1547.0,1537.5,3,,,0,,,0,,,0,,,0,,,0,,,0,,,0,,,0,1539.0,1539.0,1,,,0,,,0,,,0,,,0,,,0,,,0,,,0,,,0,,,0,,,0,1547.0,1537.5,baghdad_generic,,,0
2026-03-11,,,0,,,0,1538.0,1543.5,4,,,0,,,0,,,0,,,0,,,0,,,0,,,0,,,0,,,0,,,0,,,0,,,0,,,0,,,0,,,0,,,0,,,0,,,0,,,0,1538.0,1543.5,baghdad_generic,,,0
2026-03-12,,,0,,,0,1541.0,1538.5,4,,,0,,,0,,,0,,,0,,,0,,,0,,,0,,,0,1536.5,1536.5,1,,,0,,,0,,,0,,,0,,,0,,,0,,,0,,,0,,,0,,,0,1541.0,1538.5,baghdad_generic,,,0
2026-03-15,,,0,,,0,1542.5,1549.5,6,,,0,,,0,,,0,,,0,,,0,,,0,,,0,,,0,,,0,,,0,,,0,,,0,,,0,,,0,,,0,,,0,,,0,,,0,,,0,1542.5,1549.5,baghdad_generic,,,0
2026-03-16,,,0,,,0,1547.5,1545.0,5,,,0,,,0,,,0,,,0,,,0,,,0,,,0,,,0,,,0,,,0,,,0,,,0,,,0,,,0,,,0,,,0,,,0,,,0,,,0,1547.5,1545.0,baghdad_generic,,,0
2026-03-17,,,0,,,0,1543.5,1545.0,2,1555.0,1552.5,4,,,0,,,0,,,0,,,0,,,0,,,0,,,0,,,0,,,0,,,0,,,0,,,0,,,0,,,0,,,0,,,0,,,0,,,0,1543.5,1545.0,baghdad_generic,,,0
2026-03-18,,,0,,,0,,,0,1551.5,1549.5,4,,,0,,,0,,,0,,,0,,,0,,,0,,,0,1547.5,1547.5,1,,,0,,,0,,,0,,,0,,,0,,,0,,,0,,,0,,,0,,,0,1551.5,1549.5,baghdad_harithiya,,,0
2026-03-19,,,0,,,0,,,0,1551.0,1551.5,3,,,0,,,0,,,0,,,0,,,0,,,0,,,0,,,0,,,0,,,0,,,0,,,0,,,0,,,0,,,0,,,0,,,0,,,0,1551.0,1551.5,baghdad_harithiya,,,0
2026-03-22,,,0,,,0,1550.0,1545.0,3,,,0,,,0,,,0,,,0,,,0,,,0,,,0,,,0,,,0,,,0,,,0,,,0,,,0,,,0,,,0,,,0,,,0,,,0,,,0,1550.0,1545.0,baghdad_generic,,,0
2026-03-23,,,0,,,0,1545.0,1540.0,4,,,0,,,0,,,0,,,0,,,0,,,0,,,0,,,0,1540.0,1540.0,1,,,0,,,0,,,0,,,0,,,0,,,0,,,0,,,0,,,0,,,0,1545.0,1540.0,baghdad_generic,,,0
2026-03-24,,,0,,,0,1545.0,1545.5,3,,,0,,,0,,,0,,,0,,,0,,,0,,,0,,,0,,,0,,,0,,,0,,,0,,,0,,,0,,,0,,,0,,,0,,,0,,,0,1545.0,1545.5,baghdad_generic,,,0
2026-03-25,,,0,,,0,1545.0,1544.5,2,,,0,,,0,,,0,,,0,,,0,,,0,,,0,,,0,1541.0,1542.5,2,,,0,,,0,,,0,,,0,,,0,,,0,,,0,,,0,,,0,,,0,1545.0,1544.5,baghdad_generic,,,0
2026-03-26,,,0,,,0,1544.0,1542.0,4,,,0,,,0,,,0,,,0,,,0,,,0,,,0,,,0,1543.0,1543.0,1,,,0,,,0,,,0,,,0,,,0,,,0,,,0,,,0,,,0,,,0,1544.0,1542.0,baghdad_generic,,,0
2026-03-29,,,0,,,0,1546.5,1548.0,2,,,0,,,0,,,0,,,0,,,0,,,0,,,0,,,0,1543.0,1543.0,1,,,0,,,0,,,0,,,0,,,0,,,0,,,0,,,0,,,0,,,0,1546.5,1548.0,baghdad_generic,,,0
2026-03-30,,,0,,,0,1552.5,1552.5,1,,,0,,,0,,,0,,,0,,,0,,,0,,,0,,,0,1551.0,1551.0,1,,,0,,,0,,,0,,,0,,,0,,,0,,,0,,,0,,,0,,,0,1552.5,1552.5,baghdad_generic,,,0
2026-03-31,,,0,,,0,1553.0,1547.5,3,,,0,,,0,,,0,,,0,,,0,,,0,,,0,,,0,1551.5,1551.5,1,,,0,,,0,,,0,,,0,,,0,,,0,,,0,,,0,,,0,,,0,1553.0,1547.5,baghdad_generic,,,0
2026-04-01,,,0,,,0,1547.5,1542.5,3,,,0,,,0,,,0,,,0,,,0,,,0,,,0,,,0,,,0,,,0,,,0,,,0,,,0,,,0,,,0,,,0,,,0,,,0,,,0,1547.5,1542.5,baghdad_generic,,,0
2026-04-02,,,0,,,0,1545.0,1545.5,2,,,0,,,0,,,0,,,0,,,0,,,0,,,0,,,0,1556.0,1556.0,1,,,0,,,0,,,0,,,0,,,0,,,0,,,0,,,0,,,0,,,0,1545.0,1545.5,baghdad_generic,,,0
2026-04-05,,,0,,,0,1545.5,1544.5,2,,,0,,,0,,,0,,,0,,,0,,,0,,,0,,,0,,,0,,,0,,,0,,,0,,,0,,,0,,,0,,,0,,,0,,,0,,,0,1545.5,1544.5,baghdad_generic,,,0
2026-04-06,,,0,,,0,1547.5,1547.5,1,,,0,,,0,,,0,,,0,,,0,,,0,,,0,,,0,,,0,,,0,,,0,,,0,,,0,,,0,,,0,,,0,,,0,,,0,,,0,1547.5,1547.5,baghdad_generic,,,0
2026-04-07,,,0,,,0,1546.5,1550.0,2,,,0,,,0,,,0,,,0,,,0,,,0,,,0,,,0,,,0,,,0,,,0,,,0,,,0,,,0,,,0,,,0,,,0,,,0,,,0,1546.5,1550.0,baghdad_generic,,,0
2026-04-08,,,0,,,0,1526.0,1526.0,1,,,0,,,0,,,0,,,0,,,0,,,0,,,0,,,0,,,0,,,0,,,0,,,0,,,0,,,0,,,0,,,0,,,0,,,0,,,0,1526.0,1526.0,baghdad_generic,,,0
2026-04-09,,,0,,,0,1532.5,1532.0,2,,,0,,,0,,,0,,,0,,,0,,,0,,,0,,,0,,,0,,,0,,,0,,,0,,,0,,,0,,,0,,,0,,,0,,,0,,,0,1532.5,1532.0,baghdad_generic,,,0
2026-04-12,,,0,,,0,1540.0,1545.0,3,,,0,,,0,,,0,,,0,,,0,,,0,,,0,,,0,,,0,,,0,,,0,,,0,,,0,,,0,,,0,,,0,,,0,,,0,,,0,1540.0,1545.0,baghdad_generic,,,0
2026-04-13,,,0,,,0,1540.0,1537.5,2,,,0,,,0,,,0,,,0,,,0,,,0,,,0,,,0,,,0,,,0,,,0,,,0,,,0,,,0,,,0,,,0,,,0,,,0,,,0,1540.0,1537.5,baghdad_generic,,,0
2026-04-14,,,0,,,0,1535.0,1532.5,4,,,0,,,0,,,0,,,0,,,0,,,0,,,0,,,0,,,0,,,0,,,0,,,0,,,0,,,0,,,0,,,0,,,0,,,0,,,0,1535.0,1532.5,baghdad_generic,,,0
2026-04-15,,,0,,,0,1533.5,1533.5,1,,,0,,,0,,,0,,,0,,,0,,,0,,,0,,,0,,,0,,,0,,,0,,,0,,,0,,,0,,,0,,,0,,,0,,,0,,,0,1533.5,1533.5,baghdad_generic,,,0
2026-04-16,,,0,,,0,1532.5,1532.5,1,,,0,,,0,,,0,,,0,,,0,,,0,,,0,,,0,,,0,,,0,,,0,,,0,,,0,,,0,,,0,,,0,,,0,,,0,,,0,1532.5,1532.5,baghdad_generic,,,0
2026-04-19,,,0,,,0,1530.5,1529.5,2,,,0,,,0,,,0,,,0,,,0,,,0,,,0,,,0,,,0,,,0,,,0,,,0,,,0,,,0,,,0,,,0,,,0,,,0,,,0,1530.5,1529.5,baghdad_generic,,,0
2026-04-20,,,0,,,0,1531.0,1542.5,2,,,0,,,0,,,0,,,0,,,0,,,0,,,0,,,0,,,0,,,0,,,0,,,0,,,0,,,0,,,0,,,0,,,0,,,0,,,0,1531.0,1542.5,baghdad_generic,,,0
2026-04-21,,,0,,,0,1545.0,1547.5,4,,,0,,,0,,,0,,,0,,,0,,,0,,,0,,,0,,,0,,,0,,,0,,,0,,,0,,,0,,,0,,,0,,,0,,,0,,,0,1545.0,1547.5,baghdad_generic,,,0
2026-04-22,,,0,,,0,1550.0,1552.5,3,,,0,,,0,,,0,,,0,,,0,,,0,,,0,,,0,,,0,,,0,,,0,,,0,,,0,,,0,,,0,,,0,,,0,,,0,,,0,1550.0,1552.5,baghdad_generic,,,0
2026-04-23,,,0,,,0,1557.5,1550.0,2,,,0,,,0,,,0,,,0,,,0,,,0,,,0,,,0,,,0,,,0,,,0,,,0,,,0,,,0,,,0,,,0,,,0,,,0,,,0,1557.5,1550.0,baghdad_generic,,,0
2026-04-26,,,0,,,0,1552.5,1547.5,2,,,0,,,0,,,0,,,0,,,0,,,0,,,0,,,0,,,0,,,0,,,0,,,0,,,0,,,0,,,0,,,0,,,0,,,0,,,0,1552.5,1547.5,baghdad_generic,,,0
2026-04-27,,,0,,,0,1547.5,1547.5,1,,,0,,,0,,,0,,,0,,,0,,,0,,,0,,,0,,,0,,,0,,,0,,,0,,,0,,,0,,,0,,,0,,,0,,,0,,,0,1547.5,1547.5,baghdad_generic,,,0
2026-04-28,,,0,,,0,1541.5,1539.5,3,,,0,,,0,,,0,,,0,,,0,,,0,,,0,,,0,,,0,,,0,,,0,,,0,,,0,,,0,,,0,,,0,,,0,,,0,,,0,1541.5,1539.5,baghdad_generic,,,0
2026-04-29,,,0,,,0,1535.0,1536.5,3,,,0,,,0,,,0,,,0,,,0,,,0,,,0,,,0,,,0,,,0,,,0,,,0,,,0,,,0,,,0,,,0,,,0,,,0,,,0,1535.0,1536.5,baghdad_generic,,,0
2026-04-30,,,0,,,0,1537.5,1540.0,2,,,0,,,0,,,0,,,0,,,0,,,0,,,0,,,0,,,0,,,0,,,0,,,0,,,0,,,0,,,0,,,0,,,0,,,0,,,0,1537.5,1540.0,baghdad_generic,,,0
2026-05-03,,,0,,,0,1525.5,1522.5,2,,,0,,,0,,,0,,,0,,,0,,,0,,,0,,,0,,,0,,,0,,,0,,,0,,,0,,,0,,,0,,,0,,,0,,,0,,,0,1525.5,1522.5,baghdad_generic,,,0
2026-05-04,,,0,,,0,1523.0,1532.5,3,,,0,,,0,,,0,,,0,,,0,,,0,,,0,,,0,,,0,,,0,,,0,,,0,,,0,,,0,,,0,,,0,,,0,,,0,,,0,1523.0,1532.5,baghdad_generic,,,0
2026-05-05,,,0,,,0,1532.0,1534.0,2,,,0,,,0,,,0,,,0,,,0,,,0,,,0,,,0,,,0,,,0,,,0,,,0,,,0,,,0,,,0,,,0,,,0,,,0,,,0,1532.0,1534.0,baghdad_generic,,,0
2026-05-06,,,0,,,0,1531.0,1530.0,2,,,0,,,0,,,0,,,0,,,0,,,0,,,0,,,0,,,0,,,0,,,0,,,0,,,0,,,0,,,0,,,0,,,0,,,0,,,0,1531.0,1530.0,baghdad_generic,,,0
2026-05-07,,,0,,,0,1529.5,1532.0,3,,,0,,,0,,,0,,,0,,,0,,,0,,,0,,,0,,,0,,,0,,,0,,,0,,,0,,,0,,,0,,,0,,,0,,,0,,,0,1529.5,1532.0,baghdad_generic,,,0
2026-05-10,,,0,,,0,1540.0,1539.0,2,,,0,,,0,,,0,,,0,,,0,,,0,,,0,,,0,,,0,,,0,,,0,,,0,,,0,,,0,,,0,,,0,,,0,,,0,,,0,1540.0,1539.0,baghdad_generic,,,0
2026-05-11,,,0,,,0,1541.5,1540.0,3,,,0,,,0,,,0,,,0,,,0,,,0,,,0,,,0,,,0,,,0,,,0,,,0,,,0,,,0,,,0,,,0,,,0,,,0,,,0,1541.5,1540.0,baghdad_generic,,,0
2026-05-12,,,0,,,0,1541.5,1537.5,2,,,0,,,0,,,0,,,0,,,0,,,0,,,0,,,0,,,0,,,0,,,0,,,0,,,0,,,0,,,0,,,0,,,0,,,0,,,0,1541.5,1537.5,baghdad_generic,,,0
2026-05-13,,,0,,,0,1538.0,1538.5,2,,,0,,,0,,,0,,,0,,,0,,,0,,,0,,,0,,,0,,,0,,,0,,,0,,,0,,,0,,,0,,,0,,,0,,,0,,,0,1538.0,1538.5,baghdad_generic,,,0
2026-05-14,,,0,,,0,1538.0,1539.0,3,,,0,,,0,,,0,,,0,,,0,,,0,,,0,,,0,,,0,,,0,,,0,,,0,,,0,,,0,,,0,,,0,,,0,,,0,,,0,1538.0,1539.0,baghdad_generic,,,0
2026-05-17,,,0,,,0,1537.5,1540.0,2,,,0,,,0,,,0,,,0,,,0,,,0,,,0,,,0,,,0,,,0,,,0,,,0,,,0,,,0,,,0,,,0,,,0,,,0,,,0,1537.5,1540.0,baghdad_generic,,,0
2026-05-18,,,0,,,0,1540.0,1540.0,2,,,0,,,0,,,0,,,0,,,0,,,0,,,0,,,0,,,0,,,0,,,0,,,0,,,0,,,0,,,0,,,0,,,0,,,0,,,0,1540.0,1540.0,baghdad_generic,,,0
2026-05-19,,,0,,,0,1537.5,1536.5,2,,,0,,,0,,,0,,,0,,,0,,,0,,,0,,,0,,,0,,,0,,,0,,,0,,,0,,,0,,,0,,,0,,,0,,,0,,,0,1537.5,1536.5,baghdad_generic,,,0
2026-05-20,,,0,,,0,1535.0,1536.5,2,,,0,,,0,,,0,,,0,,,0,,,0,,,0,,,0,,,0,,,0,,,0,,,0,,,0,,,0,,,0,,,0,,,0,,,0,,,0,1535.0,1536.5,baghdad_generic,,,0
2026-05-21,,,0,,,0,1534.0,1536.5,2,,,0,,,0,,,0,,,0,,,0,,,0,,,0,,,0,,,0,,,0,,,0,,,0,,,0,,,0,,,0,,,0,,,0,,,0,,,0,1534.0,1536.5,baghdad_generic,,,0
2026-05-24,,,0,,,0,1527.5,1531.0,3,,,0,,,0,,,0,,,0,,,0,,,0,,,0,,,0,,,0,,,0,,,0,,,0,,,0,,,0,,,0,,,0,,,0,,,0,,,0,1527.5,1531.0,baghdad_generic,,,0
2026-05-25,,,0,,,0,1530.0,1531.5,3,,,0,,,0,,,0,,,0,,,0,,,0,,,0,,,0,,,0,,,0,,,0,,,0,,,0,,,0,,,0,,,0,,,0,,,0,,,0,1530.0,1531.5,baghdad_generic,,,0
2026-05-26,,,0,,,0,1532.5,1535.0,2,,,0,,,0,,,0,,,0,,,0,,,0,,,0,,,0,,,0,,,0,,,0,,,0,,,0,,,0,,,0,,,0,,,0,,,0,,,0,1532.5,1535.0,baghdad_generic,,,0
2026-05-27,,,0,,,0,1532.5,1532.5,1,,,0,,,0,,,0,,,0,,,0,,,0,,,0,,,0,,,0,,,0,,,0,,,0,,,0,,,0,,,0,,,0,,,0,,,0,,,0,1532.5,1532.5,baghdad_generic,,,0
2026-05-28,,,0,,,0,1532.0,1532.0,1,,,0,,,0,,,0,,,0,,,0,,,0,,,0,,,0,,,0,,,0,,,0,,,0,,,0,,,0,,,0,,,0,,,0,,,0,,,0,1532.0,1532.0,baghdad_generic,,,0
2026-05-31,,,0,,,0,1533.0,1534.5,2,,,0,,,0,,,0,,,0,,,0,,,0,,,0,,,0,,,0,,,0,,,0,,,0,,,0,,,0,,,0,,,0,,,0,,,0,,,0,1533.0,1534.5,baghdad_generic,,,0
2026-06-01,,,0,,,0,1534.5,1537.5,5,,,0,,,0,,,0,,,0,,,0,,,0,,,0,,,0,,,0,,,0,,,0,,,0,,,0,,,0,,,0,,,0,,,0,,,0,,,0,1534.5,1537.5,baghdad_generic,,,0
2026-06-02,,,0,,,0,1536.5,1536.0,3,,,0,,,0,,,0,,,0,,,0,,,0,,,0,,,0,,,0,,,0,,,0,,,0,,,0,,,0,,,0,,,0,,,0,,,0,,,0,1536.5,1536.0,baghdad_generic,,,0
2026-06-03,,,0,,,0,1540.0,1537.5,2,,,0,,,0,,,0,,,0,,,0,,,0,,,0,,,0,,,0,,,0,,,0,,,0,,,0,,,0,,,0,,,0,,,0,,,0,,,0,1540.0,1537.5,baghdad_generic,,,0
2026-06-04,,,0,,,0,1535.0,1536.0,2,,,0,,,0,,,0,,,0,,,0,,,0,,,0,,,0,,,0,,,0,,,0,,,0,,,0,,,0,,,0,,,0,,,0,,,0,,,0,1535.0,1536.0,baghdad_generic,,,0
2026-06-07,,,0,,,0,1538.0,1545.0,4,,,0,,,0,,,0,,,0,,,0,,,0,,,0,,,0,,,0,,,0,,,0,,,0,,,0,,,0,,,0,,,0,,,0,,,0,,,0,1538.0,1545.0,baghdad_generic,,,0
2026-06-08,,,0,,,0,1550.0,1540.0,4,,,0,,,0,,,0,,,0,,,0,,,0,,,0,,,0,,,0,,,0,,,0,,,0,,,0,,,0,,,0,,,0,,,0,,,0,,,0,1550.0,1540.0,baghdad_generic,,,0
2026-06-09,,,0,,,0,1539.0,1541.5,3,,,0,,,0,,,0,,,0,,,0,,,0,,,0,,,0,,,0,,,0,,,0,,,0,,,0,,,0,,,0,,,0,,,0,,,0,,,0,1539.0,1541.5,baghdad_generic,,,0
2026-06-10,,,0,,,0,1542.5,1550.0,4,,,0,,,0,,,0,,,0,,,0,,,0,,,0,,,0,,,0,,,0,,,0,,,0,,,0,,,0,,,0,,,0,,,0,,,0,,,0,1542.5,1550.0,baghdad_generic,,,0
2026-06-11,,,0,,,0,1552.5,1557.5,3,,,0,,,0,,,0,,,0,,,0,,,0,,,0,,,0,,,0,,,0,,,0,,,0,,,0,,,0,,,0,,,0,,,0,,,0,,,0,1552.5,1557.5,baghdad_generic,,,0
2026-06-14,,,0,,,0,1549.0,1549.0,1,,,0,,,0,,,0,,,0,,,0,,,0,,,0,,,0,,,0,,,0,,,0,,,0,,,0,,,0,,,0,,,0,,,0,,,0,,,0,1549.0,1549.0,baghdad_generic,,,0
2026-06-17,,,0,,,0,1560.0,1552.5,3,,,0,,,0,,,0,,,0,,,0,,,0,,,0,,,0,,,0,,,0,,,0,,,0,,,0,,,0,,,0,,,0,,,0,,,0,,,0,1560.0,1552.5,baghdad_generic,,,0
2026-06-18,,,0,,,0,1549.5,1555.0,4,,,0,,,0,,,0,,,0,,,0,,,0,,,0,,,0,,,0,,,0,,,0,,,0,,,0,,,0,,,0,,,0,,,0,,,0,,,0,1549.5,1555.0,baghdad_generic,,,0
2026-06-21,,,0,,,0,1556.5,1567.5,5,,,0,,,0,,,0,,,0,,,0,,,0,,,0,,,0,,,0,,,0,,,0,,,0,,,0,,,0,,,0,,,0,,,0,,,0,,,0,1556.5,1567.5,baghdad_generic,,,0
2026-06-22,,,0,,,0,1570.0,1582.5,2,,,0,,,0,,,0,,,0,,,0,,,0,,,0,,,0,,,0,,,0,,,0,,,0,,,0,,,0,,,0,,,0,,,0,,,0,,,0,1570.0,1582.5,baghdad_generic,,,0
2026-06-23,,,0,,,0,1577.5,1570.5,4,,,0,,,0,,,0,,,0,,,0,,,0,,,0,,,0,,,0,,,0,,,0,,,0,,,0,,,0,,,0,,,0,,,0,,,0,,,0,1577.5,1570.5,baghdad_generic,,,0
2026-06-24,,,0,,,0,1568.5,1567.0,4,,,0,,,0,,,0,,,0,,,0,,,0,,,0,,,0,,,0,,,0,,,0,,,0,,,0,,,0,,,0,,,0,,,0,,,0,,,0,1568.5,1567.0,baghdad_generic,,,0
2026-06-25,,,0,,,0,1567.5,1567.5,1,,,0,,,0,,,0,,,0,,,0,,,0,,,0,,,0,,,0,,,0,,,0,,,0,,,0,,,0,,,0,,,0,,,0,,,0,,,0,1567.5,1567.5,baghdad_generic,,,0
2026-06-28,,,0,,,0,1557.5,1546.0,6,,,0,,,0,,,0,,,0,,,0,,,0,,,0,,,0,,,0,,,0,,,0,,,0,,,0,,,0,,,0,,,0,,,0,,,0,,,0,1557.5,1546.0,baghdad_generic,,,0
2026-06-29,,,0,,,0,1545.0,1552.5,3,,,0,,,0,,,0,,,0,,,0,,,0,,,0,,,0,,,0,,,0,,,0,,,0,,,0,,,0,,,0,,,0,,,0,,,0,,,0,1545.0,1552.5,baghdad_generic,,,0
2026-06-30,,,0,,,0,1552.5,1549.0,3,,,0,,,0,,,0,,,0,,,0,,,0,,,0,,,0,,,0,,,0,,,0,,,0,,,0,,,0,,,0,,,0,,,0,,,0,,,0,1552.5,1549.0,baghdad_generic,,,0
2026-07-01,,,0,,,0,1548.5,1549.5,5,,,0,,,0,,,0,,,0,,,0,,,0,,,0,,,0,,,0,,,0,,,0,,,0,,,0,,,0,,,0,,,0,,,0,,,0,,,0,1548.5,1549.5,baghdad_generic,,,0
2026-07-02,,,0,,,0,1547.5,1542.5,4,,,0,,,0,,,0,,,0,,,0,,,0,,,0,,,0,,,0,,,0,,,0,,,0,,,0,,,0,,,0,,,0,,,0,,,0,,,0,1547.5,1542.5,baghdad_generic,,,0
2026-07-05,,,0,,,0,1539.0,1535.0,4,,,0,,,0,,,0,,,0,,,0,,,0,,,0,,,0,,,0,,,0,,,0,,,0,,,0,,,0,,,0,,,0,,,0,,,0,,,0,1539.0,1535.0,baghdad_generic,,,0
2026-07-06,,,0,,,0,1534.5,1526.5,5,,,0,,,0,,,0,,,0,,,0,,,0,,,0,,,0,,,0,,,0,,,0,,,0,,,0,,,0,,,0,,,0,,,0,,,0,,,0,1534.5,1526.5,baghdad_generic,,,0
2026-07-07,,,0,,,0,1530.0,1530.0,4,,,0,,,0,,,0,,,0,,,0,,,0,,,0,,,0,,,0,,,0,,,0,,,0,,,0,,,0,,,0,,,0,,,0,,,0,,,0,1530.0,1530.0,baghdad_generic,,,0
2026-07-08,,,0,,,0,1536.5,1545.0,6,,,0,,,0,,,0,,,0,,,0,,,0,,,0,,,0,,,0,,,0,,,0,,,0,,,0,,,0,,,0,,,0,,,0,,,0,,,0,1536.5,1545.0,baghdad_generic,,,0
2026-07-09,,,0,,,0,1545.0,1541.5,5,,,0,,,0,,,0,,,0,,,0,,,0,,,0,,,0,,,0,,,0,,,0,,,0,,,0,,,0,,,0,,,0,,,0,,,0,,,0,1545.0,1541.5,baghdad_generic,,,0
2026-07-12,,,0,,,0,1532.5,1534.5,4,,,0,,,0,,,0,,,0,,,0,,,0,,,0,,,0,,,0,,,0,,,0,,,0,,,0,,,0,,,0,,,0,,,0,,,0,,,0,1532.5,1534.5,baghdad_generic,,,0
2026-07-13,,,0,,,0,1536.5,1534.5,3,,,0,,,0,,,0,,,0,,,0,,,0,,,0,,,0,,,0,,,0,,,0,,,0,,,0,,,0,,,0,,,0,,,0,,,0,,,0,1536.5,1534.5,baghdad_generic,,,0
2026-07-14,,,0,,,0,1535.0,1536.5,3,,,0,,,0,,,0,,,0,,,0,,,0,,,0,,,0,,,0,,,0,,,0,,,0,,,0,,,0,,,0,,,0,,,0,,,0,,,0,1535.0,1536.5,baghdad_generic,,,0
2026-07-15,,,0,,,0,1536.5,1528.0,5,,,0,,,0,,,0,,,0,,,0,,,0,,,0,,,0,,,0,,,0,,,0,,,0,,,0,,,0,,,0,,,0,,,0,,,0,,,0,1536.5,1528.0,baghdad_generic,,,0
2026-07-16,,,0,,,0,1529.0,1529.5,3,,,0,,,0,,,0,,,0,,,0,,,0,,,0,,,0,,,0,,,0,,,0,,,0,,,0,,,0,,,0,,,0,,,0,,,0,,,0,1529.0,1529.5,baghdad_generic,,,0
2026-07-19,,,0,,,0,1522.5,1512.5,4,,,0,,,0,,,0,,,0,,,0,,,0,,,0,,,0,,,0,,,0,,,0,,,0,,,0,,,0,,,0,,,0,,,0,,,0,,,0,1522.5,1512.5,baghdad_generic,,,0
2026-07-20,,,0,,,0,1505.0,1505.0,4,,,0,,,0,,,0,,,0,,,0,,,0,,,0,,,0,,,0,,,0,,,0,,,0,,,0,,,0,,,0,,,0,,,0,,,0,,,0,1505.0,1505.0,baghdad_generic,,,0
2026-07-21,,,0,,,0,1492.5,1497.5,4,,,0,,,0,,,0,,,0,,,0,,,0,,,0,,,0,,,0,,,0,,,0,,,0,,,0,,,0,,,0,,,0,,,0,,,0,,,0,1492.5,1497.5,baghdad_generic,,,0
2026-07-22,,,0,,,0,1502.5,1503.5,4,,,0,,,0,,,0,,,0,,,0,,,0,,,0,,,0,,,0,,,0,,,0,,,0,,,0,,,0,,,0,,,0,,,0,,,0,,,0,1502.5,1503.5,baghdad_generic,,,0
2026-07-23,,,0,,,0,1505.5,1505.0,2,,,0,,,0,,,0,,,0,,,0,,,0,,,0,,,0,,,0,,,0,,,0,,,0,,,0,,,0,,,0,,,0,,,0,,,0,,,0,1505.5,1505.0,baghdad_generic,,,0
2026-07-26,,,0,,,0,1500.0,1499.5,3,,,0,,,0,,,0,,,0,,,0,,,0,,,0,,,0,,,0,,,0,,,0,,,0,,,0,,,0,,,0,,,0,,,0,,,0,,,0,1500.0,1499.5,baghdad_generic,,,0
2026-07-27,,,0,,,0,1500.0,1499.0,2,,,0,,,0,,,0,,,0,,,0,,,0,,,0,,,0,,,0,,,0,,,0,,,0,,,0,,,0,,,0,,,0,,,0,,,0,,,0,1500.0,1499.0,baghdad_generic,,,0
2026-07-28,,,0,,,0,1498.5,1499.5,2,,,0,,,0,,,0,,,0,,,0,,,0,,,0,,,0,,,0,,,0,,,0,,,0,,,0,,,0,,,0,,,0,,,0,,,0,,,0,1498.5,1499.5,baghdad_generic,,,0
2026-07-29,,,0,,,0,1501.5,1504.0,3,,,0,,,0,,,0,,,0,,,0,,,0,,,0,,,0,,,0,,,0,,,0,,,0,,,0,,,0,,,0,,,0,,,0,,,0,,,0,1501.5,1504.0,baghdad_generic,,,0
2026-07-30,,,0,,,0,1506.0,1507.5,3,,,0,,,0,,,0,,,0,,,0,,,0,,,0,,,0,,,0,,,0,,,0,,,0,,,0,,,0,,,0,,,0,,,0,,,0,,,0,1506.0,1507.5,baghdad_generic,,,0
2026-08-02,,,0,,,0,1522.5,1520.0,7,,,0,,,0,,,0,,,0,,,0,,,0,,,0,,,0,,,0,,,0,,,0,,,0,,,0,,,0,,,0,,,0,,,0,,,0,,,0,1522.5,1520.0,baghdad_generic,,,0
2026-08-03,,,0,,,0,1520.0,1527.0,5,,,0,,,0,,,0,,,0,,,0,,,0,,,0,,,0,,,0,,,0,,,0,,,0,,,0,,,0,,,0,,,0,,,0,,,0,,,0,1520.0,1527.0,baghdad_generic,,,0
2026-08-04,,,0,,,0,1527.0,1517.5,4,,,0,,,0,,,0,,,0,,,0,,,0,,,0,,,0,,,0,,,0,,,0,,,0,,,0,,,0,,,0,,,0,,,0,,,0,,,0,1527.0,1517.5,baghdad_generic,,,0
2026-08-05,,,0,,,0,1517.5,1520.5,5,,,0,,,0,,,0,,,0,,,0,,,0,,,0,,,0,,,0,,,0,,,0,,,0,,,0,,,0,,,0,,,0,,,0,,,0,,,0,1517.5,1520.5,baghdad_generic,,,0
2026-08-06,,,0,,,0,1520.0,1521.5,4,,,0,,,0,,,0,,,0,,,0,,,0,,,0,,,0,,,0,,,0,,,0,,,0,,,0,,,0,,,0,,,0,,,0,,,0,,,0,1520.0,1521.5,baghdad_generic,,,0
2026-08-09,,,0,,,0,1521.5,1522.5,3,,,0,,,0,,,0,,,0,,,0,,,0,,,0,,,0,,,0,,,0,,,0,,,0,,,0,,,0,,,0,,,0,,,0,,,0,,,0,1521.5,1522.5,baghdad_generic,,,0
2026-08-10,,,0,,,0,1523.5,1529.0,3,,,0,,,0,,,0,,,0,,,0,,,0,,,0,,,0,,,0,,,0,,,0,,,0,,,0,,,0,,,0,,,0,,,0,,,0,,,0,1523.5,1529.0,baghdad_generic,,,0
2026-08-11,,,0,,,0,1532.5,1532.5,3,,,0,,,0,,,0,,,0,,,0,,,0,,,0,,,0,,,0,,,0,,,0,,,0,,,0,,,0,,,0,,,0,,,0,,,0,,,0,1532.5,1532.5,baghdad_generic,,,0
2026-08-12,,,0,,,0,1533.0,1527.5,3,,,0,,,0,,,0,,,0,,,0,,,0,,,0,,,0,,,0,,,0,,,0,,,0,,,0,,,0,,,0,,,0,,,0,,,0,,,0,1533.0,1527.5,baghdad_generic,,,0
2026-08-13,,,0,,,0,1528.0,1530.0,3,,,0,,,0,,,0,,,0,,,0,,,0,,,0,,,0,,,0,,,0,,,0,,,0,,,0,,,0,,,0,,,0,,,0,,,0,,,0,1528.0,1530.0,baghdad_generic,,,0
2026-08-16,,,0,,,0,1528.5,1537.5,3,,,0,,,0,,,0,,,0,,,0,,,0,,,0,,,0,,,0,,,0,,,0,,,0,,,0,,,0,,,0,,,0,,,0,,,0,,,0,1528.5,1537.5,baghdad_generic,,,0
2026-08-17,,,0,,,0,1547.5,1541.5,3,,,0,,,0,,,0,,,0,,,0,,,0,,,0,,,0,,,0,,,0,,,0,,,0,,,0,,,0,,,0,,,0,,,0,,,0,,,0,1547.5,1541.5,baghdad_generic,,,0
2026-08-18,,,0,,,0,1539.5,1544.5,3,,,0,,,0,,,0,,,0,,,0,,,0,,,0,,,0,,,0,,,0,,,0,,,0,,,0,,,0,,,0,,,0,,,0,,,0,,,0,1539.5,1544.5,baghdad_generic,,,0
2026-08-19,,,0,,,0,1543.5,1542.5,2,,,0,,,0,,,0,,,0,,,0,,,0,,,0,,,0,,,0,,,0,,,0,,,0,,,0,,,0,,,0,,,0,,,0,,,0,,,0,1543.5,1542.5,baghdad_generic,,,0
2026-08-20,,,0,,,0,1542.0,1542.5,2,,,0,,,0,,,0,,,0,,,0,,,0,,,0,,,0,,,0,,,0,,,0,,,0,,,0,,,0,,,0,,,0,,,0,,,0,,,0,1542.0,1542.5,baghdad_generic,,,0
2026-08-23,,,0,,,0,1540.0,1539.0,2,,,0,,,0,,,0,,,0,,,0,,,0,,,0,,,0,,,0,,,0,,,0,,,0,,,0,,,0,,,0,,,0,,,0,,,0,,,0,1540.0,1539.0,baghdad_generic,,,0
2026-08-24,,,0,,,0,1543.0,1542.5,4,,,0,,,0,,,0,,,0,,,0,,,0,,,0,,,0,,,0,,,0,,,0,,,0,,,0,,,0,,,0,,,0,,,0,,,0,,,0,1543.0,1542.5,baghdad_generic,,,0
2026-08-25,,,0,,,0,1544.0,1542.5,2,,,0,,,0,,,0,,,0,,,0,,,0,,,0,,,0,,,0,,,0,,,0,,,0,,,0,,,0,,,0,,,0,,,0,,,0,,,0,1544.0,1542.5,baghdad_generic,,,0
2026-08-26,,,0,,,0,1540.5,1535.5,4,,,0,,,0,,,0,,,0,,,0,,,0,,,0,,,0,,,0,,,0,,,0,,,0,,,0,,,0,,,0,,,0,,,0,,,0,,,0,1540.5,1535.5,baghdad_generic,,,0
2026-08-27,,,0,,,0,1536.0,1538.5,3,,,0,,,0,,,0,,,0,,,0,,,0,,,0,,,0,,,0,,,0,,,0,,,0,,,0,,,0,,,0,,,0,,,0,,,0,,,0,1536.0,1538.5,baghdad_generic,,,0
2026-08-30,,,0,,,0,1539.0,1537.5,3,,,0,,,0,,,0,,,0,,,0,,,0,,,0,,,0,,,0,,,0,,,0,,,0,,,0,,,0,,,0,,,0,,,0,,,0,,,0,1539.0,1537.5,baghdad_generic,,,0
2026-08-31,,,0,,,0,1539.5,1540.0,3,,,0,,,0,,,0,,,0,,,0,,,0,,,0,,,0,,,0,,,0,,,0,,,0,,,0,,,0,,,0,,,0,,,0,,,0,,,0,1539.5,1540.0,baghdad_generic,,,0
2026-09-01,,,0,,,0,1540.0,1541.5,3,,,0,,,0,,,0,,,0,,,0,,,0,,,0,,,0,,,0,,,0,,,0,,,0,,,0,,,0,,,0,,,0,,,0,,,0,,,0,1540.0,1541.5,baghdad_generic,,,0
2026-09-02,,,0,,,0,1545.0,1546.5,3,,,0,,,0,,,0,,,0,,,0,,,0,,,0,,,0,,,0,,,0,,,0,,,0,,,0,,,0,,,0,,,0,,,0,,,0,,,0,1545.0,1546.5,baghdad_generic,,,0
2026-09-03,,,0,,,0,1547.0,1546.5,5,,,0,,,0,,,0,,,0,,,0,,,0,,,0,,,0,,,0,,,0,,,0,,,0,,,0,,,0,,,0,,,0,,,0,,,0,,,0,1547.0,1546.5,baghdad_generic,,,0
2026-09-06,,,0,,,0,1547.5,1557.5,2,,,0,,,0,,,0,,,0,,,0,,,0,,,0,,,0,,,0,,,0,,,0,,,0,,,0,,,0,,,0,,,0,,,0,,,0,,,0,1547.5,1557.5,baghdad_generic,,,0
2026-09-07,,,0,,,0,1556.5,1554.0,6,,,0,,,0,,,0,,,0,,,0,,,0,,,0,,,0,,,0,,,0,,,0,,,0,,,0,,,0,,,0,,,0,,,0,,,0,,,0,1556.5,1554.0,baghdad_generic,,,0
2026-09-08,,,0,,,0,1554.5,1562.5,3,,,0,,,0,,,0,,,0,,,0,,,0,,,0,,,0,,,0,,,0,,,0,,,0,,,0,,,0,,,0,,,0,,,0,,,0,,,0,1554.5,1562.5,baghdad_generic,,,0
2026-09-09,,,0,,,0,1565.0,1560.0,5,,,0,,,0,,,0,,,0,,,0,,,0,,,0,,,0,,,0,,,0,,,0,,,0,,,0,,,0,,,0,,,0,,,0,,,0,,,0,1565.0,1560.0,baghdad_generic,,,0
2026-09-10,,,0,,,0,1560.0,1560.0,4,,,0,,,0,,,0,,,0,,,0,,,0,,,0,,,0,,,0,,,0,,,0,,,0,,,0,,,0,,,0,,,0,,,0,,,0,,,0,1560.0,1560.0,baghdad_generic,,,0
2026-09-13,,,0,,,0,1565.0,1562.5,4,,,0,,,0,,,0,,,0,,,0,,,0,,,0,,,0,,,0,,,0,,,0,,,0,,,0,,,0,,,0,,,0,,,0,,,0,,,0,1565.0,1562.5,baghdad_generic,,,0
2026-09-14,,,0,,,0,1565.0,1565.0,3,,,0,,,0,,,0,,,0,,,0,,,0,,,0,,,0,,,0,,,0,,,0,,,0,,,0,,,0,,,0,,,0,,,0,,,0,,,0,1565.0,1565.0,baghdad_generic,,,0
2026-09-15,,,0,,,0,1567.0,1569.5,4,,,0,,,0,,,0,,,0,,,0,,,0,,,0,,,0,,,0,,,0,,,0,,,0,,,0,,,0,,,0,,,0,,,0,,,0,,,0,1567.0,1569.5,baghdad_generic,,,0
2026-09-16,,,0,,,0,1575.0,1585.0,2,,,0,,,0,,,0,,,0,,,0,,,0,,,0,,,0,,,0,,,0,,,0,,,0,,,0,,,0,,,0,,,0,,,0,,,0,,,0,1575.0,1585.0,baghdad_generic,,,0
2026-09-17,,,0,,,0,1591.0,1591.0,1,,,0,,,0,,,0,,,0,,,0,,,0,,,0,,,0,,,0,,,0,,,0,,,0,,,0,,,0,,,0,,,0,,,0,,,0,,,0,1591.0,1591.0,baghdad_generic,,,0
2026-09-20,,,0,,,0,1585.0,1574.5,6,,,0,,,0,,,0,,,0,,,0,,,0,,,0,,,0,,,0,,,0,,,0,,,0,,,0,,,0,,,0,,,0,,,0,,,0,,,0,1585.0,1574.5,baghdad_generic,,,0
2026-09-21,,,0,,,0,1573.0,1580.0,6,,,0,,,0,,,0,,,0,,,0,,,0,,,0,,,0,,,0,,,0,,,0,,,0,,,0,,,0,,,0,,,0,,,0,,,0,,,0,1573.0,1580.0,baghdad_generic,,,0
2026-09-22,,,0,,,0,1573.0,1572.5,4,,,0,,,0,,,0,,,0,,,0,,,0,,,0,,,0,,,0,,,0,,,0,,,0,,,0,,,0,,,0,,,0,,,0,,,0,,,0,1573.0,1572.5,baghdad_generic,,,0
2026-09-23,,,0,,,0,1567.5,1566.5,5,,,0,,,0,,,0,,,0,,,0,,,0,,,0,,,0,,,0,,,0,,,0,,,0,,,0,,,0,,,0,,,0,,,0,,,0,,,0,1567.5,1566.5,baghdad_generic,,,0
2026-09-24,,,0,,,0,1567.5,1572.0,4,,,0,,,0,,,0,,,0,,,0,,,0,,,0,,,0,,,0,,,0,,,0,,,0,,,0,,,0,,,0,,,0,,,0,,,0,,,0,1567.5,1572.0,baghdad_generic,,,0
2026-09-27,,,0,,,0,1552.5,1555.0,4,,,0,,,0,,,0,,,0,,,0,,,0,,,0,,,0,,,0,,,0,,,0,,,0,,,0,,,0,,,0,,,0,,,0,,,0,,,0,1552.5,1555.0,baghdad_generic,,,0
2026-09-28,,,0,,,0,1558.5,1569.0,6,,,0,,,0,,,0,,,0,,,0,,,0,,,0,,,0,,,0,,,0,,,0,,,0,,,0,,,0,,,0,,,0,,,0,,,0,,,0,1558.5,1569.0,baghdad_generic,,,0
2026-09-29,,,0,,,0,1567.5,1574.0,5,,,0,,,0,,,0,,,0,,,0,,,0,,,0,,,0,,,0,,,0,,,0,,,0,,,0,,,0,,,0,,,0,,,0,,,0,,,0,1567.5,1574.0,baghdad_generic,,,0
2026-09-30,,,0,,,0,1572.5,1569.0,4,,,0,,,0,,,0,,,0,,,0,,,0,,,0,,,0,,,0,,,0,,,0,,,0,,,0,,,0,,,0,,,0,,,0,,,0,,,0,1572.5,1569.0,baghdad_generic,,,0
2026-10-01,,,0,,,0,1568.5,1573.0,4,,,0,,,0,,,0,,,0,,,0,,,0,,,0,,,0,,,0,,,0,,,0,,,0,,,0,,,0,,,0,,,0,,,0,,,0,,,0,1568.5,1573.0,baghdad_generic,,,0
2026-10-04,,,0,,,0,1579.0,1585.0,4,,,0,,,0,,,0,,,0,,,0,,,0,,,0,,,0,,,0,,,0,,,0,,,0,,,0,,,0,,,0,,,0,,,0,,,0,,,0,1579.0,1585.0,baghdad_generic,,,0
2026-10-05,,,0,,,0,1591.0,1596.5,3,,,0,,,0,,,0,,,0,,,0,,,0,,,0,,,0,,,0,,,0,,,0,,,0,,,0,,,0,,,0,,,0,,,0,,,0,,,0,1591.0,1596.5,baghdad_generic,,,0
2026-10-06,,,0,,,0,1598.0,1623.0,3,,,0,,,0,,,0,,,0,,,0,,,0,,,0,,,0,,,0,,,0,,,0,,,0,,,0,,,0,,,0,,,0,,,0,,,0,,,0,1598.0,1623.0,baghdad_generic,,,0
