date,city,n_sources,n_used,consensus_open,consensus_close,min_close,max_close,spread,spread_pct,outlier_sources,sources
2017-05-18,erbil,1,1,1257.5,1257.5,1257.5,1257.5,0.0,0.0,,dollar_price:1257.5
2017-05-28,basra,1,1,1252.5,1252.5,1252.5,1252.5,0.0,0.0,,dollar_price:1252.5
2017-06-28,basra,1,1,1254.0,1254.0,1254.0,1254.0,0.0,0.0,,dollar_price:1254
2017-06-29,basra,1,1,1254.0,1254.0,1254.0,1254.0,0.0,0.0,,dollar_price:1254
2017-07-02,basra,1,1,1255.0,1255.0,1255.0,1255.0,0.0,0.0,,dollar_price:1255
2017-07-03,basra,1,1,1257.5,1257.5,1257.5,1257.5,0.0,0.0,,dollar_price:1257.5
2017-07-05,baghdad_generic,1,1,1265.5,1265.5,1265.5,1265.5,0.0,0.0,,dollar_price:1265.5
2017-07-06,basra,1,1,1266.5,1266.5,1266.5,1266.5,0.0,0.0,,dollar_price:1266.5
2017-07-11,basra,1,1,1261.0,1261.0,1261.0,1261.0,0.0,0.0,,dollar_price:1261
2017-07-12,baghdad_generic,1,1,1262.5,1262.5,1262.5,1262.5,0.0,0.0,,dollar_price:1262.5
2017-07-16,baghdad_generic,1,1,1266.5,1266.5,1266.5,1266.5,0.0,0.0,,dollar_price:1266.5
2017-07-17,basra,1,1,1266.5,1266.5,1266.5,1266.5,0.0,0.0,,dollar_price:1266.5
2017-07-18,basra,1,1,1266.5,1266.5,1266.5,1266.5,0.0,0.0,,dollar_price:1266.5
2017-07-19,basra,1,1,1268.0,1268.0,1268.0,1268.0,0.0,0.0,,dollar_price:1268
2017-07-20,basra,1,1,1264.0,1264.0,1264.0,1264.0,0.0,0.0,,dollar_price:1264
2017-07-23,basra,1,1,1263.0,1263.0,1263.0,1263.0,0.0,0.0,,dollar_price:1263
2017-07-24,basra,1,1,1261.0,1261.0,1261.0,1261.0,0.0,0.0,,dollar_price:1261
2017-07-25,basra,1,1,1261.0,1261.0,1261.0,1261.0,0.0,0.0,,dollar_price:1261
2017-07-27,basra,1,1,1258.0,1258.0,1258.0,1258.0,0.0,0.0,,dollar_price:1258
2017-07-31,basra,1,1,1264.0,1264.0,1264.0,1264.0,0.0,0.0,,dollar_price:1264
2017-08-07,basra,1,1,1260.5,1260.5,1260.5,1260.5,0.0,0.0,,dollar_price:1260.5
2017-08-08,basra,1,1,1261.0,1261.0,1261.0,1261.0,0.0,0.0,,dollar_price:1261
2017-08-09,basra,1,1,1261.5,1261.5,1261.5,1261.5,0.0,0.0,,dollar_price:1261.5
2017-08-20,basra,1,1,1261.5,1261.5,1261.5,1261.5,0.0,0.0,,dollar_price:1261.5
2017-09-07,baghdad_generic,1,1,1263.0,1263.0,1263.0,1263.0,0.0,0.0,,dollar_price:1263
2017-09-07,basra,1,1,1262.0,1262.0,1262.0,1262.0,0.0,0.0,,dollar_price:1262
2017-09-10,baghdad_generic,1,1,1263.0,1263.0,1263.0,1263.0,0.0,0.0,,dollar_price:1263
2017-09-10,basra,1,1,1262.0,1262.0,1262.0,1262.0,0.0,0.0,,dollar_price:1262
2017-09-11,baghdad_generic,1,1,1272.0,1272.0,1272.0,1272.0,0.0,0.0,,dollar_price:1272
2017-09-11,baghdad_kifah,1,1,1272.0,1272.0,1272.0,1272.0,0.0,0.0,,dollar_price:1272
2017-09-13,baghdad_kifah,1,1,1261.0,1261.0,1261.0,1261.0,0.0,0.0,,dollar_price:1261
2017-09-14,baghdad_kifah,1,1,1260.0,1260.0,1260.0,1260.0,0.0,0.0,,dollar_price:1260
2017-09-17,baghdad_kifah,1,1,1260.0,1260.0,1260.0,1260.0,0.0,0.0,,dollar_price:1260
2017-09-18,baghdad_kifah,1,1,1258.0,1258.0,1258.0,1258.0,0.0,0.0,,dollar_price:1258
2017-09-19,baghdad_kifah,1,1,1257.5,1257.5,1257.5,1257.5,0.0,0.0,,dollar_price:1257.5
2017-09-20,baghdad_kifah,1,1,1257.0,1257.0,1257.0,1257.0,0.0,0.0,,dollar_price:1257
2017-09-21,baghdad_kifah,1,1,1258.5,1258.5,1258.5,1258.5,0.0,0.0,,dollar_price:1258.5
2017-09-24,baghdad_kifah,1,1,1260.0,1260.0,1260.0,1260.0,0.0,0.0,,dollar_price:1260
2017-09-25,baghdad_kifah,1,1,1261.0,1261.0,1261.0,1261.0,0.0,0.0,,dollar_price:1261
2017-09-26,baghdad_kifah,1,1,1254.5,1254.5,1254.5,1254.5,0.0,0.0,,dollar_price:1254.5
2017-09-27,baghdad_kifah,1,1,1252.0,1252.0,1252.0,1252.0,0.0,0.0,,dollar_price:1252
2017-10-02,baghdad_kifah,1,1,1256.5,1256.0,1256.0,1256.0,0.0,0.0,,dollar_price:1256
2017-10-03,baghdad_kifah,1,1,1256.0,1256.0,1256.0,1256.0,0.0,0.0,,dollar_price:1256
2017-10-04,baghdad_kifah,1,1,1257.5,1257.5,1257.5,1257.5,0.0,0.0,,dollar_price:1257.5
2017-10-05,baghdad_kifah,1,1,1258.5,1258.5,1258.5,1258.5,0.0,0.0,,dollar_price:1258.5
2017-10-08,baghdad_kifah,1,1,1259.0,1259.0,1259.0,1259.0,0.0,0.0,,dollar_price:1259
2017-10-09,baghdad_kifah,1,1,1260.0,1260.0,1260.0,1260.0,0.0,0.0,,dollar_price:1260
2017-10-10,baghdad_kifah,1,1,1262.0,1262.0,1262.0,1262.0,0.0,0.0,,dollar_price:1262
2017-10-11,baghdad_kifah,1,1,1260.0,1260.0,1260.0,1260.0,0.0,0.0,,dollar_price:1260
2017-10-12,baghdad_kifah,1,1,1260.5,1260.5,1260.5,1260.5,0.0,0.0,,dollar_price:1260.5
2017-10-15,baghdad_kifah,1,1,1261.0,1261.0,1261.0,1261.0,0.0,0.0,,dollar_price:1261
2017-10-16,baghdad_kifah,1,1,1260.0,1260.0,1260.0,1260.0,0.0,0.0,,dollar_price:1260
2017-10-17,baghdad_kifah,1,1,1261.0,1261.0,1261.0,1261.0,0.0,0.0,,dollar_price:1261
2017-10-18,baghdad_kifah,1,1,1259.5,1259.5,1259.5,1259.5,0.0,0.0,,dollar_price:1259.5
2017-10-19,baghdad_kifah,1,1,1258.5,1258.5,1258.5,1258.5,0.0,0.0,,dollar_price:1258.5
2017-10-25,baghdad_kifah,1,1,1260.0,1261.5,1261.5,1261.5,0.0,0.0,,dollar_price:1261.5
2017-10-26,baghdad_kifah,1,1,1259.5,1259.5,1259.5,1259.5,0.0,0.0,,dollar_price:1259.5
2017-10-30,baghdad_kifah,1,1,1261.0,1259.5,1259.5,1259.5,0.0,0.0,,dollar_price:1259.5
2017-10-31,baghdad_kifah,1,1,1259.5,1259.5,1259.5,1259.5,0.0,0.0,,dollar_price:1259.5
2017-11-02,baghdad_kifah,1,1,1259.5,1259.5,1259.5,1259.5,0.0,0.0,,dollar_price:1259.5
2017-11-06,baghdad_kifah,1,1,1256.5,1256.5,1256.5,1256.5,0.0,0.0,,dollar_price:1256.5
2017-11-14,baghdad_kifah,1,1,1258.0,1252.5,1252.5,1252.5,0.0,0.0,,dollar_price:1252.5
2017-11-15,baghdad_kifah,1,1,1253.0,1253.0,1253.0,1253.0,0.0,0.0,,dollar_price:1253
2017-11-16,baghdad_kifah,1,1,1254.0,1254.0,1254.0,1254.0,0.0,0.0,,dollar_price:1254
2017-11-19,baghdad_kifah,1,1,1254.5,1254.5,1254.5,1254.5,0.0,0.0,,dollar_price:1254.5
2017-11-21,baghdad_kifah,1,1,1253.5,1252.0,1252.0,1252.0,0.0,0.0,,dollar_price:1252
2017-11-28,baghdad_kifah,1,1,1250.0,1245.5,1245.5,1245.5,0.0,0.0,,dollar_price:1245.5
2017-12-03,baghdad_kifah,1,1,1249.0,1249.0,1249.0,1249.0,0.0,0.0,,dollar_price:1249
2017-12-04,baghdad_kifah,1,1,1247.5,1247.5,1247.5,1247.5,0.0,0.0,,dollar_price:1247.5
2017-12-05,baghdad_kifah,1,1,1250.0,1250.0,1250.0,1250.0,0.0,0.0,,dollar_price:1250
2017-12-06,baghdad_kifah,1,1,1253.5,1253.5,1253.5,1253.5,0.0,0.0,,dollar_price:1253.5
2017-12-10,baghdad_kifah,1,1,1254.0,1254.0,1254.0,1254.0,0.0,0.0,,dollar_price:1254
2017-12-11,baghdad_kifah,1,1,1252.5,1252.5,1252.5,1252.5,0.0,0.0,,dollar_price:1252.5
2017-12-12,baghdad_kifah,1,1,1255.0,1255.0,1255.0,1255.0,0.0,0.0,,dollar_price:1255
2017-12-13,baghdad_kifah,1,1,1253.5,1253.5,1253.5,1253.5,0.0,0.0,,dollar_price:1253.5
2017-12-14,baghdad_kifah,1,1,1252.0,1252.0,1252.0,1252.0,0.0,0.0,,dollar_price:1252
2017-12-18,baghdad_kifah,1,1,1253.0,1253.0,1253.0,1253.0,0.0,0.0,,dollar_price:1253
2017-12-19,baghdad_kifah,1,1,1252.5,1252.5,1252.5,1252.5,0.0,0.0,,dollar_price:1252.5
2017-12-20,baghdad_kifah,1,1,1251.0,1251.0,1251.0,1251.0,0.0,0.0,,dollar_price:1251
2017-12-21,baghdad_kifah,1,1,1251.0,1251.0,1251.0,1251.0,0.0,0.0,,dollar_price:1251
2017-12-24,baghdad_kifah,1,1,1250.0,1252.0,1252.0,1252.0,0.0,0.0,,dollar_price:1252
2017-12-25,baghdad_kifah,1,1,1252.0,1252.0,1252.0,1252.0,0.0,0.0,,dollar_price:1252
2017-12-26,baghdad_kifah,1,1,1248.0,1248.0,1248.0,1248.0,0.0,0.0,,dollar_price:1248
2017-12-28,baghdad_kifah,1,1,1249.5,1249.5,1249.5,1249.5,0.0,0.0,,dollar_price:1249.5
2017-12-31,baghdad_kifah,1,1,1253.5,1253.5,1253.5,1253.5,0.0,0.0,,dollar_price:1253.5
2018-01-02,baghdad_kifah,1,1,1253.0,1253.0,1253.0,1253.0,0.0,0.0,,dollar_price:1253
2018-01-04,baghdad_kifah,1,1,1250.0,1251.0,1251.0,1251.0,0.0,0.0,,dollar_price:1251
2018-01-07,baghdad_kifah,1,1,1252.5,1252.5,1252.5,1252.5,0.0,0.0,,dollar_price:1252.5
2018-01-08,baghdad_kifah,1,1,1253.0,1253.0,1253.0,1253.0,0.0,0.0,,dollar_price:1253
2018-01-09,baghdad_kifah,1,1,1253.0,1253.0,1253.0,1253.0,0.0,0.0,,dollar_price:1253
2018-01-10,baghdad_kifah,1,1,1253.5,1253.5,1253.5,1253.5,0.0,0.0,,dollar_price:1253.5
2018-01-11,baghdad_kifah,1,1,1252.5,1252.5,1252.5,1252.5,0.0,0.0,,dollar_price:1252.5
2018-01-14,baghdad_kifah,1,1,1252.0,1252.0,1252.0,1252.0,0.0,0.0,,dollar_price:1252
2018-01-15,baghdad_kifah,1,1,1250.0,1250.0,1250.0,1250.0,0.0,0.0,,dollar_price:1250
2018-01-16,baghdad_kifah,1,1,1249.5,1249.5,1249.5,1249.5,0.0,0.0,,dollar_price:1249.5
2018-01-18,baghdad_kifah,1,1,1249.5,1249.5,1249.5,1249.5,0.0,0.0,,dollar_price:1249.5
2018-01-21,baghdad_kifah,1,1,1248.5,1248.5,1248.5,1248.5,0.0,0.0,,dollar_price:1248.5
2018-01-22,baghdad_kifah,1,1,1247.5,1247.5,1247.5,1247.5,0.0,0.0,,dollar_price:1247.5
2018-01-24,baghdad_kifah,1,1,1239.0,1239.0,1239.0,1239.0,0.0,0.0,,dollar_price:1239
2018-01-25,baghdad_kifah,1,1,1239.5,1239.5,1239.5,1239.5,0.0,0.0,,dollar_price:1239.5
2018-01-30,baghdad_kifah,1,1,1241.0,1237.5,1237.5,1237.5,0.0,0.0,,dollar_price:1237.5
2018-01-31,baghdad_kifah,1,1,1234.5,1234.5,1234.5,1234.5,0.0,0.0,,dollar_price:1234.5
2018-02-04,baghdad_kifah,1,1,1237.5,1237.5,1237.5,1237.5,0.0,0.0,,dollar_price:1237.5
2018-02-05,baghdad_kifah,1,1,1237.0,1237.0,1237.0,1237.0,0.0,0.0,,dollar_price:1237
2018-02-06,baghdad_kifah,1,1,1235.5,1235.5,1235.5,1235.5,0.0,0.0,,dollar_price:1235.5
2018-02-07,baghdad_kifah,1,1,1237.5,1237.5,1237.5,1237.5,0.0,0.0,,dollar_price:1237.5
2018-02-11,baghdad_kifah,1,1,1235.5,1235.5,1235.5,1235.5,0.0,0.0,,dollar_price:1235.5
2018-02-12,baghdad_kifah,1,1,1237.0,1237.0,1237.0,1237.0,0.0,0.0,,dollar_price:1237
2018-02-13,baghdad_kifah,1,1,1235.0,1235.0,1235.0,1235.0,0.0,0.0,,dollar_price:1235
2018-02-14,baghdad_kifah,1,1,1232.0,1232.0,1232.0,1232.0,0.0,0.0,,dollar_price:1232
2018-02-18,baghdad_kifah,1,1,1225.5,1225.5,1225.5,1225.5,0.0,0.0,,dollar_price:1225.5
2018-02-19,baghdad_kifah,1,1,1225.0,1225.0,1225.0,1225.0,0.0,0.0,,dollar_price:1225
2018-02-20,baghdad_kifah,1,1,1220.0,1220.0,1220.0,1220.0,0.0,0.0,,dollar_price:1220
2018-02-21,baghdad_kifah,1,1,1220.0,1220.0,1220.0,1220.0,0.0,0.0,,dollar_price:1220
2018-02-26,baghdad_harithiya,1,1,1219.5,1219.5,1219.5,1219.5,0.0,0.0,,dollar_price:1219.5
2018-02-26,basra,1,1,1221.0,1221.0,1221.0,1221.0,0.0,0.0,,dollar_price:1221
2018-02-26,erbil,1,1,1220.25,1220.25,1220.25,1220.25,0.0,0.0,,dollar_price:1220.25
2018-02-28,baghdad_kifah,1,1,1219.5,1219.5,1219.5,1219.5,0.0,0.0,,dollar_price:1219.5
2018-02-28,basra,1,1,1222.0,1222.0,1222.0,1222.0,0.0,0.0,,dollar_price:1222
2018-02-28,erbil,1,1,1220.5,1220.5,1220.5,1220.5,0.0,0.0,,dollar_price:1220.5
2018-03-11,amarah,1,1,1223.0,1223.0,1223.0,1223.0,0.0,0.0,,dollar_price:1223
2018-03-11,babil,1,1,1223.0,1223.0,1223.0,1223.0,0.0,0.0,,dollar_price:1223
2018-03-11,baghdad_harithiya,1,1,1222.0,1222.0,1222.0,1222.0,0.0,0.0,,dollar_price:1222
2018-03-11,baghdad_kifah,1,1,1221.5,1221.5,1221.5,1221.5,0.0,0.0,,dollar_price:1221.5
2018-03-11,basra,1,1,1223.5,1223.5,1223.5,1223.5,0.0,0.0,,dollar_price:1223.5
2018-03-11,erbil,1,1,1221.25,1221.25,1221.25,1221.25,0.0,0.0,,dollar_price:1221.25
2018-03-12,amarah,1,1,1223.0,1223.0,1223.0,1223.0,0.0,0.0,,dollar_price:1223
2018-03-12,baghdad_kifah,1,1,1221.5,1221.5,1221.5,1221.5,0.0,0.0,,dollar_price:1221.5
2018-03-12,basra,1,1,1224.0,1224.0,1224.0,1224.0,0.0,0.0,,dollar_price:1224
2018-03-12,erbil,1,1,1222.25,1222.25,1222.25,1222.25,0.0,0.0,,dollar_price:1222.25
2018-03-13,baghdad_harithiya,1,1,1217.0,1217.0,1217.0,1217.0,0.0,0.0,,dollar_price:1217
2018-03-13,baghdad_kifah,1,1,1216.0,1216.0,1216.0,1216.0,0.0,0.0,,dollar_price:1216
2018-03-13,basra,1,1,1219.0,1219.0,1219.0,1219.0,0.0,0.0,,dollar_price:1219
2018-03-13,erbil,1,1,1218.75,1218.75,1218.75,1218.75,0.0,0.0,,dollar_price:1218.75
2018-03-18,baghdad_harithiya,1,1,1213.0,1213.0,1213.0,1213.0,0.0,0.0,,dollar_price:1213
2018-03-18,baghdad_kifah,1,1,1212.5,1212.5,1212.5,1212.5,0.0,0.0,,dollar_price:1212.5
2018-03-18,baghdad_samawal,1,1,1212.0,1212.0,1212.0,1212.0,0.0,0.0,,dollar_price:1212
2018-03-18,basra,1,1,1214.5,1214.5,1214.5,1214.5,0.0,0.0,,dollar_price:1214.5
2018-03-18,erbil,1,1,1218.25,1218.25,1218.25,1218.25,0.0,0.0,,dollar_price:1218.25
2018-03-19,baghdad_generic,1,1,1212.0,1212.0,1212.0,1212.0,0.0,0.0,,dollar_price:1212
2018-03-19,basra,1,1,1213.5,1213.5,1213.5,1213.5,0.0,0.0,,dollar_price:1213.5
2018-03-19,erbil,1,1,1218.25,1218.25,1218.25,1218.25,0.0,0.0,,dollar_price:1218.25
2018-03-20,baghdad_generic,1,1,1212.5,1212.5,1212.5,1212.5,0.0,0.0,,dollar_price:1212.5
2018-03-20,basra,1,1,1213.5,1213.5,1213.5,1213.5,0.0,0.0,,dollar_price:1213.5
2018-03-20,erbil,1,1,1219.75,1219.75,1219.75,1219.75,0.0,0.0,,dollar_price:1219.75
2018-03-21,baghdad_kifah,1,1,1213.5,1213.5,1213.5,1213.5,0.0,0.0,,dollar_price:1213.5
2018-03-21,basra,1,1,1214.0,1214.0,1214.0,1214.0,0.0,0.0,,dollar_price:1214
2018-03-25,baghdad_kifah,1,1,1210.0,1210.0,1210.0,1210.0,0.0,0.0,,dollar_price:1210
2018-03-25,basra,1,1,1212.0,1212.0,1212.0,1212.0,0.0,0.0,,dollar_price:1212
2018-03-25,erbil,1,1,1214.75,1214.75,1214.75,1214.75,0.0,0.0,,dollar_price:1214.75
2018-03-26,baghdad_generic,1,1,1202.5,1202.5,1202.5,1202.5,0.0,0.0,,dollar_price:1202.5
2018-03-26,baghdad_kifah,1,1,1206.0,1206.0,1206.0,1206.0,0.0,0.0,,dollar_price:1206
2018-03-26,basra,1,1,1209.0,1209.0,1209.0,1209.0,0.0,0.0,,dollar_price:1209
2018-03-26,erbil,1,1,1212.5,1212.5,1212.5,1212.5,0.0,0.0,,dollar_price:1212.5
2018-04-01,amarah,1,1,1206.5,1206.5,1206.5,1206.5,0.0,0.0,,dollar_price:1206.5
2018-04-01,baghdad_harithiya,1,1,1205.5,1205.5,1205.5,1205.5,0.0,0.0,,dollar_price:1205.5
2018-04-01,baghdad_kifah,1,1,1205.0,1205.0,1205.0,1205.0,0.0,0.0,,dollar_price:1205
2018-04-01,basra,1,1,1206.0,1206.0,1206.0,1206.0,0.0,0.0,,dollar_price:1206
2018-04-01,erbil,1,1,1208.0,1208.0,1208.0,1208.0,0.0,0.0,,dollar_price:1208
2018-04-02,baghdad_kifah,1,1,1202.5,1202.5,1202.5,1202.5,0.0,0.0,,dollar_price:1202.5
2018-04-02,basra,1,1,1204.5,1204.5,1204.5,1204.5,0.0,0.0,,dollar_price:1204.5
2018-04-02,erbil,1,1,1206.0,1206.0,1206.0,1206.0,0.0,0.0,,dollar_price:1206
2018-04-03,baghdad_generic,1,1,1203.0,1203.0,1203.0,1203.0,0.0,0.0,,dollar_price:1203
2018-04-03,basra,1,1,1205.0,1205.0,1205.0,1205.0,0.0,0.0,,dollar_price:1205
2018-04-03,erbil,1,1,1205.25,1205.25,1205.25,1205.25,0.0,0.0,,dollar_price:1205.25
2018-04-09,baghdad_kifah,1,1,1204.0,1204.0,1204.0,1204.0,0.0,0.0,,dollar_price:1204
2018-04-09,basra,1,1,1205.5,1205.5,1205.5,1205.5,0.0,0.0,,dollar_price:1205.5
2018-04-09,erbil,1,1,1207.5,1207.5,1207.5,1207.5,0.0,0.0,,dollar_price:1207.5
2018-04-10,baghdad_generic,1,1,1203.5,1203.5,1203.5,1203.5,0.0,0.0,,dollar_price:1203.5
2018-04-10,basra,1,1,1205.5,1205.5,1205.5,1205.5,0.0,0.0,,dollar_price:1205.5
2018-04-10,erbil,1,1,1206.25,1206.25,1206.25,1206.25,0.0,0.0,,dollar_price:1206.25
2018-04-11,baghdad_harithiya,1,1,1204.5,1204.5,1204.5,1204.5,0.0,0.0,,dollar_price:1204.5
2018-04-11,baghdad_kifah,1,1,1204.0,1204.0,1204.0,1204.0,0.0,0.0,,dollar_price:1204
2018-04-11,erbil,1,1,1213.0,1213.0,1213.0,1213.0,0.0,0.0,,dollar_price:1213
2018-04-12,baghdad_generic,1,1,1205.0,1205.0,1205.0,1205.0,0.0,0.0,,dollar_price:1205
2018-04-12,basra,1,1,1207.0,1207.0,1207.0,1207.0,0.0,0.0,,dollar_price:1207
2018-04-12,erbil,1,1,1211.0,1211.0,1211.0,1211.0,0.0,0.0,,dollar_price:1211
2018-04-15,baghdad_harithiya,1,1,1205.5,1205.5,1205.5,1205.5,0.0,0.0,,dollar_price:1205.5
2018-04-15,baghdad_kifah,1,1,1205.0,1205.0,1205.0,1205.0,0.0,0.0,,dollar_price:1205
2018-04-15,basra,1,1,1206.5,1206.5,1206.5,1206.5,0.0,0.0,,dollar_price:1206.5
2018-04-15,erbil,1,1,1210.75,1210.75,1210.75,1210.75,0.0,0.0,,dollar_price:1210.75
2018-04-16,amarah,1,1,1207.5,1207.5,1207.5,1207.5,0.0,0.0,,dollar_price:1207.5
2018-04-16,babil,1,1,1206.5,1206.5,1206.5,1206.5,0.0,0.0,,dollar_price:1206.5
2018-04-16,baghdad_generic,1,1,1203.5,1203.5,1203.5,1203.5,0.0,0.0,,dollar_price:1203.5
2018-04-16,baghdad_kifah,1,1,1204.5,1204.5,1204.5,1204.5,0.0,0.0,,dollar_price:1204.5
2018-04-16,basra,1,1,1206.5,1206.5,1206.5,1206.5,0.0,0.0,,dollar_price:1206.5
2018-04-16,erbil,1,1,1209.5,1209.5,1209.5,1209.5,0.0,0.0,,dollar_price:1209.5
2018-04-16,nasiriyah,1,1,1206.5,1206.5,1206.5,1206.5,0.0,0.0,,dollar_price:1206.5
2018-04-16,rutba,1,1,1206.0,1206.0,1206.0,1206.0,0.0,0.0,,dollar_price:1206
2018-04-16,samawah,1,1,1206.0,1206.0,1206.0,1206.0,0.0,0.0,,dollar_price:1206
2018-04-17,babil,1,1,1206.0,1206.0,1206.0,1206.0,0.0,0.0,,dollar_price:1206
2018-04-17,baghdad_harithiya,1,1,1204.5,1204.5,1204.5,1204.5,0.0,0.0,,dollar_price:1204.5
2018-04-17,baghdad_kifah,1,1,1204.0,1204.0,1204.0,1204.0,0.0,0.0,,dollar_price:1204
2018-04-17,basra,1,1,1205.5,1205.5,1205.5,1205.5,0.0,0.0,,dollar_price:1205.5
2018-04-17,erbil,1,1,1208.25,1208.25,1208.25,1208.25,0.0,0.0,,dollar_price:1208.25
2018-04-18,baghdad_generic,1,1,1200.0,1200.0,1200.0,1200.0,0.0,0.0,,dollar_price:1200
2018-04-18,basra,1,1,1202.5,1202.5,1202.5,1202.5,0.0,0.0,,dollar_price:1202.5
2018-04-18,erbil,1,1,1206.0,1206.0,1206.0,1206.0,0.0,0.0,,dollar_price:1206
2018-04-19,amarah,1,1,1202.0,1202.0,1202.0,1202.0,0.0,0.0,,dollar_price:1202
2018-04-19,baghdad_kifah,1,1,1200.5,1200.5,1200.5,1200.5,0.0,0.0,,dollar_price:1200.5
2018-04-19,basra,1,1,1202.5,1202.5,1202.5,1202.5,0.0,0.0,,dollar_price:1202.5
2018-04-19,erbil,1,1,1205.75,1205.75,1205.75,1205.75,0.0,0.0,,dollar_price:1205.75
2018-04-19,nasiriyah,1,1,1202.0,1202.0,1202.0,1202.0,0.0,0.0,,dollar_price:1202
2018-04-19,ramadi,1,1,1201.5,1201.5,1201.5,1201.5,0.0,0.0,,dollar_price:1201.5
2018-04-19,rutba,1,1,1205.0,1205.0,1205.0,1205.0,0.0,0.0,,dollar_price:1205
2018-04-19,samarra,1,1,1203.0,1203.0,1203.0,1203.0,0.0,0.0,,dollar_price:1203
2018-04-19,samawah,1,1,1202.5,1202.5,1202.5,1202.5,0.0,0.0,,dollar_price:1202.5
2018-04-23,baghdad_kifah,1,1,1196.5,1196.5,1196.5,1196.5,0.0,0.0,,dollar_price:1196.5
2018-04-23,basra,1,1,1197.5,1197.5,1197.5,1197.5,0.0,0.0,,dollar_price:1197.5
2018-04-24,baghdad_kifah,1,1,1196.5,1196.5,1196.5,1196.5,0.0,0.0,,dollar_price:1196.5
2018-04-24,basra,1,1,1197.5,1197.5,1197.5,1197.5,0.0,0.0,,dollar_price:1197.5
2018-04-24,erbil,1,1,1200.25,1200.25,1200.25,1200.25,0.0,0.0,,dollar_price:1200.25
2018-04-25,babil,1,1,1197.5,1197.5,1197.5,1197.5,0.0,0.0,,dollar_price:1197.5
2018-04-25,baghdad_kifah,1,1,1196.0,1196.0,1196.0,1196.0,0.0,0.0,,dollar_price:1196
2018-04-25,basra,1,1,1197.5,1197.5,1197.5,1197.5,0.0,0.0,,dollar_price:1197.5
2018-04-25,erbil,1,1,1199.5,1199.5,1199.5,1199.5,0.0,0.0,,dollar_price:1199.5
2018-04-29,baghdad_kifah,1,1,1195.0,1195.0,1195.0,1195.0,0.0,0.0,,dollar_price:1195
2018-04-29,basra,1,1,1196.0,1196.0,1196.0,1196.0,0.0,0.0,,dollar_price:1196
2018-04-29,erbil,1,1,1197.25,1197.25,1197.25,1197.25,0.0,0.0,,dollar_price:1197.25
2018-05-01,baghdad_harithiya,1,1,1197.5,1197.5,1197.5,1197.5,0.0,0.0,,dollar_price:1197.5
2018-05-01,baghdad_kifah,1,1,1197.0,1197.0,1197.0,1197.0,0.0,0.0,,dollar_price:1197
2018-05-01,basra,1,1,1198.0,1198.0,1198.0,1198.0,0.0,0.0,,dollar_price:1198
2018-05-01,erbil,1,1,1201.0,1201.0,1201.0,1201.0,0.0,0.0,,dollar_price:1201
2018-05-02,baghdad_generic,1,1,1199.0,1199.0,1199.0,1199.0,0.0,0.0,,dollar_price:1199
2018-05-02,basra,1,1,1200.0,1200.0,1200.0,1200.0,0.0,0.0,,dollar_price:1200
2018-05-02,erbil,1,1,1201.75,1201.75,1201.75,1201.75,0.0,0.0,,dollar_price:1201.75
2018-05-06,baghdad_kifah,1,1,1205.0,1205.0,1205.0,1205.0,0.0,0.0,,dollar_price:1205
2018-05-06,basra,1,1,1206.0,1206.0,1206.0,1206.0,0.0,0.0,,dollar_price:1206
2018-05-06,erbil,1,1,1207.0,1207.0,1207.0,1207.0,0.0,0.0,,dollar_price:1207
2018-05-07,amarah,1,1,1208.0,1208.0,1208.0,1208.0,0.0,0.0,,dollar_price:1208
2018-05-07,baghdad_kifah,1,1,1204.0,1204.0,1204.0,1204.0,0.0,0.0,,dollar_price:1204
2018-05-07,basra,1,1,1206.5,1206.5,1206.5,1206.5,0.0,0.0,,dollar_price:1206.5
2018-05-07,erbil,1,1,1207.0,1207.0,1207.0,1207.0,0.0,0.0,,dollar_price:1207
2018-05-08,baghdad_harithiya,1,1,1201.0,1201.0,1201.0,1201.0,0.0,0.0,,dollar_price:1201
2018-05-08,baghdad_kifah,1,1,1201.0,1201.0,1201.0,1201.0,0.0,0.0,,dollar_price:1201
2018-05-08,basra,1,1,1203.0,1203.0,1203.0,1203.0,0.0,0.0,,dollar_price:1203
2018-05-08,erbil,1,1,1205.5,1205.5,1205.5,1205.5,0.0,0.0,,dollar_price:1205.5
2018-05-09,babil,1,1,1204.0,1204.0,1204.0,1204.0,0.0,0.0,,dollar_price:1204
2018-05-09,baghdad_kifah,1,1,1203.0,1203.0,1203.0,1203.0,0.0,0.0,,dollar_price:1203
2018-05-09,basra,1,1,1204.0,1204.0,1204.0,1204.0,0.0,0.0,,dollar_price:1204
2018-05-09,erbil,1,1,1207.5,1207.5,1207.5,1207.5,0.0,0.0,,dollar_price:1207.5
2018-05-09,rutba,1,1,1205.0,1205.0,1205.0,1205.0,0.0,0.0,,dollar_price:1205
2018-05-14,amarah,1,1,1203.5,1203.5,1203.5,1203.5,0.0,0.0,,dollar_price:1203.5
2018-05-14,baghdad_kifah,1,1,1200.5,1200.5,1200.5,1200.5,0.0,0.0,,dollar_price:1200.5
2018-05-14,basra,1,1,1203.0,1203.0,1203.0,1203.0,0.0,0.0,,dollar_price:1203
2018-05-14,erbil,1,1,1204.25,1204.25,1204.25,1204.25,0.0,0.0,,dollar_price:1204.25
2018-05-15,baghdad_generic,1,1,1200.0,1200.0,1200.0,1200.0,0.0,0.0,,dollar_price:1200
2018-05-15,basra,1,1,1202.0,1202.0,1202.0,1202.0,0.0,0.0,,dollar_price:1202
2018-05-15,erbil,1,1,1204.75,1204.75,1204.75,1204.75,0.0,0.0,,dollar_price:1204.75
2018-05-16,baghdad_kifah,1,1,1200.5,1200.5,1200.5,1200.5,0.0,0.0,,dollar_price:1200.5
2018-05-16,basra,1,1,1202.0,1202.0,1202.0,1202.0,0.0,0.0,,dollar_price:1202
2018-05-16,erbil,1,1,1207.0,1207.0,1207.0,1207.0,0.0,0.0,,dollar_price:1207
2018-05-17,baghdad_harithiya,1,1,1199.5,1199.5,1199.5,1199.5,0.0,0.0,,dollar_price:1199.5
2018-05-17,baghdad_kifah,1,1,1199.0,1199.0,1199.0,1199.0,0.0,0.0,,dollar_price:1199
2018-05-17,basra,1,1,1201.5,1201.5,1201.5,1201.5,0.0,0.0,,dollar_price:1201.5
2018-05-17,erbil,1,1,1205.75,1205.75,1205.75,1205.75,0.0,0.0,,dollar_price:1205.75
2018-05-17,samarra,1,1,1202.0,1202.0,1202.0,1202.0,0.0,0.0,,dollar_price:1202
2018-05-20,baghdad_kifah,1,1,1199.0,1199.0,1199.0,1199.0,0.0,0.0,,dollar_price:1199
2018-05-20,basra,1,1,1202.0,1202.0,1202.0,1202.0,0.0,0.0,,dollar_price:1202
2018-05-20,erbil,1,1,1204.75,1204.75,1204.75,1204.75,0.0,0.0,,dollar_price:1204.75
2018-05-21,babil,1,1,1198.5,1198.5,1198.5,1198.5,0.0,0.0,,dollar_price:1198.5
2018-05-21,baghdad_kifah,1,1,1197.0,1197.0,1197.0,1197.0,0.0,0.0,,dollar_price:1197
2018-05-21,basra,1,1,1200.0,1200.0,1200.0,1200.0,0.0,0.0,,dollar_price:1200
2018-05-21,erbil,1,1,1203.25,1203.25,1203.25,1203.25,0.0,0.0,,dollar_price:1203.25
2018-05-21,ramadi,1,1,1198.5,1198.5,1198.5,1198.5,0.0,0.0,,dollar_price:1198.5
2018-05-22,babil,1,1,1196.5,1196.5,1196.5,1196.5,0.0,0.0,,dollar_price:1196.5
2018-05-22,baghdad_kifah,1,1,1195.5,1195.5,1195.5,1195.5,0.0,0.0,,dollar_price:1195.5
2018-05-22,basra,1,1,1198.5,1198.5,1198.5,1198.5,0.0,0.0,,dollar_price:1198.5
2018-05-22,erbil,1,1,1202.0,1202.0,1202.0,1202.0,0.0,0.0,,dollar_price:1202
2018-05-23,baghdad_generic,1,1,1196.0,1196.0,1196.0,1196.0,0.0,0.0,,dollar_price:1196
2018-05-23,basra,1,1,1198.5,1198.5,1198.5,1198.5,0.0,0.0,,dollar_price:1198.5
2018-05-23,erbil,1,1,1201.0,1201.0,1201.0,1201.0,0.0,0.0,,dollar_price:1201
2018-05-23,ramadi,1,1,1197.5,1197.5,1197.5,1197.5,0.0,0.0,,dollar_price:1197.5
2018-05-23,samarra,1,1,1198.5,1198.5,1198.5,1198.5,0.0,0.0,,dollar_price:1198.5
2018-05-24,baghdad_kifah,1,1,1196.0,1196.0,1196.0,1196.0,0.0,0.0,,dollar_price:1196
2018-05-24,basra,1,1,1198.5,1198.5,1198.5,1198.5,0.0,0.0,,dollar_price:1198.5
2018-05-24,erbil,1,1,1200.75,1200.75,1200.75,1200.75,0.0,0.0,,dollar_price:1200.75
2018-05-24,samarra,1,1,1198.0,1198.0,1198.0,1198.0,0.0,0.0,,dollar_price:1198
2018-05-27,baghdad_generic,1,1,1197.5,1197.5,1197.5,1197.5,0.0,0.0,,dollar_price:1197.5
2018-05-27,basra,1,1,1200.0,1200.0,1200.0,1200.0,0.0,0.0,,dollar_price:1200
2018-05-27,erbil,1,1,1202.0,1202.0,1202.0,1202.0,0.0,0.0,,dollar_price:1202
2018-05-28,baghdad_kifah,1,1,1198.0,1198.0,1198.0,1198.0,0.0,0.0,,dollar_price:1198
2018-05-28,basra,1,1,1199.0,1199.0,1199.0,1199.0,0.0,0.0,,dollar_price:1199
2018-05-28,erbil,1,1,1202.5,1202.5,1202.5,1202.5,0.0,0.0,,dollar_price:1202.5
2018-05-28,samarra,1,1,1201.0,1201.0,1201.0,1201.0,0.0,0.0,,dollar_price:1201
2018-05-29,amarah,1,1,1198.0,1198.0,1198.0,1198.0,0.0,0.0,,dollar_price:1198
2018-05-29,baghdad_kifah,1,1,1197.0,1197.0,1197.0,1197.0,0.0,0.0,,dollar_price:1197
2018-05-29,basra,1,1,1198.5,1198.5,1198.5,1198.5,0.0,0.0,,dollar_price:1198.5
2018-05-29,erbil,1,1,1200.5,1200.5,1200.5,1200.5,0.0,0.0,,dollar_price:1200.5
2018-05-29,ramadi,1,1,1198.0,1198.0,1198.0,1198.0,0.0,0.0,,dollar_price:1198
2018-05-29,rutba,1,1,1205.0,1205.0,1205.0,1205.0,0.0,0.0,,dollar_price:1205
2018-05-30,baghdad_kifah,1,1,1197.0,1197.0,1197.0,1197.0,0.0,0.0,,dollar_price:1197
2018-05-30,basra,1,1,1198.5,1198.5,1198.5,1198.5,0.0,0.0,,dollar_price:1198.5
2018-05-30,erbil,1,1,1200.5,1200.5,1200.5,1200.5,0.0,0.0,,dollar_price:1200.5
2018-05-31,baghdad_kifah,1,1,1197.25,1197.25,1197.25,1197.25,0.0,0.0,,dollar_price:1197.25
2018-05-31,basra,1,1,1198.5,1198.5,1198.5,1198.5,0.0,0.0,,dollar_price:1198.5
2018-05-31,erbil,1,1,1199.75,1199.75,1199.75,1199.75,0.0,0.0,,dollar_price:1199.75
2018-05-31,ramadi,1,1,1199.0,1199.0,1199.0,1199.0,0.0,0.0,,dollar_price:1199
2018-06-03,baghdad_kifah,1,1,1197.75,1197.75,1197.75,1197.75,0.0,0.0,,dollar_price:1197.75
2018-06-03,basra,1,1,1198.5,1198.5,1198.5,1198.5,0.0,0.0,,dollar_price:1198.5
2018-06-03,erbil,1,1,1197.75,1197.75,1197.75,1197.75,0.0,0.0,,dollar_price:1197.75
2018-06-03,ramadi,1,1,1200.0,1200.0,1200.0,1200.0,0.0,0.0,,dollar_price:1200
2018-06-03,samarra,1,1,1201.0,1201.0,1201.0,1201.0,0.0,0.0,,dollar_price:1201
2018-06-04,amarah,1,1,1198.5,1198.5,1198.5,1198.5,0.0,0.0,,dollar_price:1198.5
2018-06-04,baghdad_harithiya,1,1,1198.0,1198.0,1198.0,1198.0,0.0,0.0,,dollar_price:1198
2018-06-04,baghdad_kifah,1,1,1197.5,1197.5,1197.5,1197.5,0.0,0.0,,dollar_price:1197.5
2018-06-04,basra,1,1,1198.5,1198.5,1198.5,1198.5,0.0,0.0,,dollar_price:1198.5
2018-06-04,erbil,1,1,1198.0,1198.0,1198.0,1198.0,0.0,0.0,,dollar_price:1198
2018-06-04,nasiriyah,1,1,1199.0,1199.0,1199.0,1199.0,0.0,0.0,,dollar_price:1199
2018-06-04,ramadi,1,1,1199.0,1199.0,1199.0,1199.0,0.0,0.0,,dollar_price:1199
2018-06-04,rutba,1,1,1202.5,1202.5,1202.5,1202.5,0.0,0.0,,dollar_price:1202.5
2018-06-04,samawah,1,1,1200.0,1200.0,1200.0,1200.0,0.0,0.0,,dollar_price:1200
2018-06-05,amarah,1,1,1198.0,1198.0,1198.0,1198.0,0.0,0.0,,dollar_price:1198
2018-06-05,baghdad_kifah,1,1,1196.5,1196.5,1196.5,1196.5,0.0,0.0,,dollar_price:1196.5
2018-06-05,basra,1,1,1197.5,1197.5,1197.5,1197.5,0.0,0.0,,dollar_price:1197.5
2018-06-05,erbil,1,1,1197.0,1197.0,1197.0,1197.0,0.0,0.0,,dollar_price:1197
2018-06-05,nasiriyah,1,1,1198.5,1198.5,1198.5,1198.5,0.0,0.0,,dollar_price:1198.5
2018-06-06,baghdad_harithiya,1,1,1196.5,1196.5,1196.5,1196.5,0.0,0.0,,dollar_price:1196.5
2018-06-06,baghdad_kifah,1,1,1196.0,1196.0,1196.0,1196.0,0.0,0.0,,dollar_price:1196
2018-06-06,basra,1,1,1197.0,1197.0,1197.0,1197.0,0.0,0.0,,dollar_price:1197
2018-06-06,erbil,1,1,1197.0,1197.0,1197.0,1197.0,0.0,0.0,,dollar_price:1197
2018-06-06,rutba,1,1,1200.0,1200.0,1200.0,1200.0,0.0,0.0,,dollar_price:1200
2018-06-06,samawah,1,1,1199.0,1199.0,1199.0,1199.0,0.0,0.0,,dollar_price:1199
2018-06-07,amarah,1,1,1197.5,1197.5,1197.5,1197.5,0.0,0.0,,dollar_price:1197.5
2018-06-07,baghdad_kifah,1,1,1197.0,1197.0,1197.0,1197.0,0.0,0.0,,dollar_price:1197
2018-06-07,basra,1,1,1197.0,1197.0,1197.0,1197.0,0.0,0.0,,dollar_price:1197
2018-06-07,erbil,1,1,1197.5,1197.5,1197.5,1197.5,0.0,0.0,,dollar_price:1197.5
2018-06-07,ramadi,1,1,1198.0,1198.0,1198.0,1198.0,0.0,0.0,,dollar_price:1198
2018-06-07,rutba,1,1,1200.0,1200.0,1200.0,1200.0,0.0,0.0,,dollar_price:1200
2018-06-07,samarra,1,1,1200.0,1200.0,1200.0,1200.0,0.0,0.0,,dollar_price:1200
2018-06-10,amarah,1,1,1199.0,1199.0,1199.0,1199.0,0.0,0.0,,dollar_price:1199
2018-06-10,baghdad_harithiya,1,1,1199.0,1199.0,1199.0,1199.0,0.0,0.0,,dollar_price:1199
2018-06-10,baghdad_kifah,1,1,1198.5,1198.5,1198.5,1198.5,0.0,0.0,,dollar_price:1198.5
2018-06-10,basra,1,1,1199.0,1199.0,1199.0,1199.0,0.0,0.0,,dollar_price:1199
2018-06-10,erbil,1,1,1202.5,1202.5,1202.5,1202.5,0.0,0.0,,dollar_price:1202.5
2018-06-10,ramadi,1,1,1200.0,1200.0,1200.0,1200.0,0.0,0.0,,dollar_price:1200
2018-06-11,babil,1,1,1202.0,1202.0,1202.0,1202.0,0.0,0.0,,dollar_price:1202
2018-06-11,baghdad_generic,1,1,1201.0,1201.0,1201.0,1201.0,0.0,0.0,,dollar_price:1201
2018-06-11,baghdad_harithiya,1,1,1201.0,1201.0,1201.0,1201.0,0.0,0.0,,dollar_price:1201
2018-06-11,baghdad_kifah,1,1,1201.0,1201.0,1201.0,1201.0,0.0,0.0,,dollar_price:1201
2018-06-11,baghdad_samawal,1,1,1200.0,1200.0,1200.0,1200.0,0.0,0.0,,dollar_price:1200
2018-06-11,basra,1,1,1201.5,1201.5,1201.5,1201.5,0.0,0.0,,dollar_price:1201.5
2018-06-11,erbil,1,1,1206.0,1206.0,1206.0,1206.0,0.0,0.0,,dollar_price:1206
2018-06-11,kut,1,1,1202.5,1202.5,1202.5,1202.5,0.0,0.0,,dollar_price:1202.5
2018-06-11,nasiriyah,1,1,1202.0,1202.0,1202.0,1202.0,0.0,0.0,,dollar_price:1202
2018-06-11,rutba,1,1,1205.0,1205.0,1205.0,1205.0,0.0,0.0,,dollar_price:1205
2018-06-11,samawah,1,1,1202.5,1202.5,1202.5,1202.5,0.0,0.0,,dollar_price:1202.5
2018-06-12,baghdad_kifah,1,1,1200.5,1200.5,1200.5,1200.5,0.0,0.0,,dollar_price:1200.5
2018-06-12,basra,1,1,1200.5,1200.5,1200.5,1200.5,0.0,0.0,,dollar_price:1200.5
2018-06-12,erbil,1,1,1206.0,1206.0,1206.0,1206.0,0.0,0.0,,dollar_price:1206
2018-06-13,amarah,1,1,1201.5,1201.5,1201.5,1201.5,0.0,0.0,,dollar_price:1201.5
2018-06-13,baghdad_harithiya,1,1,1199.5,1199.5,1199.5,1199.5,0.0,0.0,,dollar_price:1199.5
2018-06-13,baghdad_kifah,1,1,1199.25,1199.25,1199.25,1199.25,0.0,0.0,,dollar_price:1199.25
2018-06-13,basra,1,1,1201.0,1201.0,1201.0,1201.0,0.0,0.0,,dollar_price:1201
2018-06-13,erbil,1,1,1204.75,1204.75,1204.75,1204.75,0.0,0.0,,dollar_price:1204.75
2018-06-14,amarah,1,1,1201.0,1201.0,1201.0,1201.0,0.0,0.0,,dollar_price:1201
2018-06-14,baghdad_kifah,1,1,1199.0,1199.0,1199.0,1199.0,0.0,0.0,,dollar_price:1199
2018-06-14,basra,1,1,1200.5,1200.5,1200.5,1200.5,0.0,0.0,,dollar_price:1200.5
2018-06-14,erbil,1,1,1204.75,1204.75,1204.75,1204.75,0.0,0.0,,dollar_price:1204.75
2018-06-14,rutba,1,1,1202.5,1202.5,1202.5,1202.5,0.0,0.0,,dollar_price:1202.5
2018-06-14,samawah,1,1,1202.0,1202.0,1202.0,1202.0,0.0,0.0,,dollar_price:1202
2018-06-19,baghdad_kifah,1,1,1200.0,1200.0,1200.0,1200.0,0.0,0.0,,dollar_price:1200
2018-06-19,erbil,1,1,1204.25,1204.25,1204.25,1204.25,0.0,0.0,,dollar_price:1204.25
2018-06-20,baghdad_kifah,1,1,1200.0,1200.0,1200.0,1200.0,0.0,0.0,,dollar_price:1200
2018-06-20,basra,1,1,1201.5,1201.5,1201.5,1201.5,0.0,0.0,,dollar_price:1201.5
2018-06-20,erbil,1,1,1205.0,1205.0,1205.0,1205.0,0.0,0.0,,dollar_price:1205
2018-06-20,nasiriyah,1,1,1202.0,1202.0,1202.0,1202.0,0.0,0.0,,dollar_price:1202
2018-06-20,samawah,1,1,1202.0,1202.0,1202.0,1202.0,0.0,0.0,,dollar_price:1202
2018-06-21,baghdad_kifah,1,1,1198.0,1198.0,1198.0,1198.0,0.0,0.0,,dollar_price:1198
2018-06-21,basra,1,1,1201.0,1201.0,1201.0,1201.0,0.0,0.0,,dollar_price:1201
2018-06-21,erbil,1,1,1204.25,1204.25,1204.25,1204.25,0.0,0.0,,dollar_price:1204.25
2018-06-24,amarah,1,1,1203.0,1203.0,1203.0,1203.0,0.0,0.0,,dollar_price:1203
2018-06-24,baghdad_kifah,1,1,1202.0,1202.0,1202.0,1202.0,0.0,0.0,,dollar_price:1202
2018-06-24,basra,1,1,1202.5,1202.5,1202.5,1202.5,0.0,0.0,,dollar_price:1202.5
2018-06-24,erbil,1,1,1205.5,1205.5,1205.5,1205.5,0.0,0.0,,dollar_price:1205.5
2018-06-24,samarra,1,1,1206.5,1206.5,1206.5,1206.5,0.0,0.0,,dollar_price:1206.5
2018-06-24,samawah,1,1,1204.0,1204.0,1204.0,1204.0,0.0,0.0,,dollar_price:1204
2018-06-25,baghdad_kifah,1,1,1204.0,1204.0,1204.0,1204.0,0.0,0.0,,dollar_price:1204
2018-06-25,basra,1,1,1205.5,1205.5,1205.5,1205.5,0.0,0.0,,dollar_price:1205.5
2018-06-25,ramadi,1,1,1205.0,1205.0,1205.0,1205.0,0.0,0.0,,dollar_price:1205
2018-06-25,rutba,1,1,1207.5,1207.5,1207.5,1207.5,0.0,0.0,,dollar_price:1207.5
2018-06-26,baghdad_harithiya,1,1,1202.5,1202.5,1202.5,1202.5,0.0,0.0,,dollar_price:1202.5
2018-06-26,baghdad_kifah,1,1,1202.0,1202.0,1202.0,1202.0,0.0,0.0,,dollar_price:1202
2018-06-26,basra,1,1,1203.5,1203.5,1203.5,1203.5,0.0,0.0,,dollar_price:1203.5
2018-06-26,erbil,1,1,1205.0,1205.0,1205.0,1205.0,0.0,0.0,,dollar_price:1205
2018-06-26,nasiriyah,1,1,1205.0,1205.0,1205.0,1205.0,0.0,0.0,,dollar_price:1205
2018-06-26,ramadi,1,1,1205.0,1205.0,1205.0,1205.0,0.0,0.0,,dollar_price:1205
2018-06-26,rutba,1,1,1205.0,1205.0,1205.0,1205.0,0.0,0.0,,dollar_price:1205
2018-06-26,samawah,1,1,1205.0,1205.0,1205.0,1205.0,0.0,0.0,,dollar_price:1205
2018-06-27,baghdad_generic,1,1,1200.0,1200.0,1200.0,1200.0,0.0,0.0,,dollar_price:1200
2018-06-27,basra,1,1,1202.0,1202.0,1202.0,1202.0,0.0,0.0,,dollar_price:1202
2018-06-27,erbil,1,1,1203.25,1203.25,1203.25,1203.25,0.0,0.0,,dollar_price:1203.25
2018-06-27,samarra,1,1,1203.0,1203.0,1203.0,1203.0,0.0,0.0,,dollar_price:1203
2018-06-28,baghdad_kifah,1,1,1198.25,1198.25,1198.25,1198.25,0.0,0.0,,dollar_price:1198.25
2018-06-28,basra,1,1,1201.0,1201.0,1201.0,1201.0,0.0,0.0,,dollar_price:1201
2018-06-28,erbil,1,1,1200.5,1200.5,1200.5,1200.5,0.0,0.0,,dollar_price:1200.5
2018-07-01,amarah,1,1,1200.0,1200.0,1200.0,1200.0,0.0,0.0,,dollar_price:1200
2018-07-01,baghdad_kifah,1,1,1198.5,1198.5,1198.5,1198.5,0.0,0.0,,dollar_price:1198.5
2018-07-01,basra,1,1,1200.0,1200.0,1200.0,1200.0,0.0,0.0,,dollar_price:1200
2018-07-01,erbil,1,1,1200.75,1200.75,1200.75,1200.75,0.0,0.0,,dollar_price:1200.75
2018-07-01,ramadi,1,1,1200.0,1200.0,1200.0,1200.0,0.0,0.0,,dollar_price:1200
2018-07-01,rutba,1,1,1202.5,1202.5,1202.5,1202.5,0.0,0.0,,dollar_price:1202.5
2018-07-02,amarah,1,1,1200.0,1200.0,1200.0,1200.0,0.0,0.0,,dollar_price:1200
2018-07-02,baghdad_kifah,1,1,1198.5,1198.5,1198.5,1198.5,0.0,0.0,,dollar_price:1198.5
2018-07-02,basra,1,1,1200.0,1200.0,1200.0,1200.0,0.0,0.0,,dollar_price:1200
2018-07-02,erbil,1,1,1200.75,1200.75,1200.75,1200.75,0.0,0.0,,dollar_price:1200.75
2018-07-02,ramadi,1,1,1200.0,1200.0,1200.0,1200.0,0.0,0.0,,dollar_price:1200
2018-07-02,rutba,1,1,1202.5,1202.5,1202.5,1202.5,0.0,0.0,,dollar_price:1202.5
2018-07-03,amarah,1,1,1202.0,1202.0,1202.0,1202.0,0.0,0.0,,dollar_price:1202
2018-07-03,babil,1,1,1201.5,1201.5,1201.5,1201.5,0.0,0.0,,dollar_price:1201.5
2018-07-03,baghdad_harithiya,1,1,1200.5,1200.5,1200.5,1200.5,0.0,0.0,,dollar_price:1200.5
2018-07-03,baghdad_kifah,1,1,1200.0,1200.0,1200.0,1200.0,0.0,0.0,,dollar_price:1200
2018-07-03,basra,1,1,1202.0,1202.0,1202.0,1202.0,0.0,0.0,,dollar_price:1202
2018-07-03,erbil,1,1,1201.75,1201.75,1201.75,1201.75,0.0,0.0,,dollar_price:1201.75
2018-07-03,ramadi,1,1,1202.0,1202.0,1202.0,1202.0,0.0,0.0,,dollar_price:1202
2018-07-04,baghdad_harithiya,1,1,1200.0,1200.0,1200.0,1200.0,0.0,0.0,,dollar_price:1200
2018-07-04,baghdad_kifah,1,1,1199.5,1199.5,1199.5,1199.5,0.0,0.0,,dollar_price:1199.5
2018-07-04,basra,1,1,1201.5,1201.5,1201.5,1201.5,0.0,0.0,,dollar_price:1201.5
2018-07-04,erbil,1,1,1200.25,1200.25,1200.25,1200.25,0.0,0.0,,dollar_price:1200.25
2018-07-05,baghdad_harithiya,1,1,1201.5,1201.5,1201.5,1201.5,0.0,0.0,,dollar_price:1201.5
2018-07-05,baghdad_kifah,1,1,1201.0,1201.0,1201.0,1201.0,0.0,0.0,,dollar_price:1201
2018-07-05,basra,1,1,1202.5,1202.5,1202.5,1202.5,0.0,0.0,,dollar_price:1202.5
2018-07-05,erbil,1,1,1202.5,1202.5,1202.5,1202.5,0.0,0.0,,dollar_price:1202.5
2018-07-08,baghdad_kifah,1,1,1202.0,1202.0,1202.0,1202.0,0.0,0.0,,dollar_price:1202
2018-07-08,basra,1,1,1204.0,1204.0,1204.0,1204.0,0.0,0.0,,dollar_price:1204
2018-07-08,erbil,1,1,1203.25,1203.25,1203.25,1203.25,0.0,0.0,,dollar_price:1203.25
2018-07-09,baghdad_kifah,1,1,1203.25,1203.25,1203.25,1203.25,0.0,0.0,,dollar_price:1203.25
2018-07-09,basra,1,1,1205.0,1205.0,1205.0,1205.0,0.0,0.0,,dollar_price:1205
2018-07-09,erbil,1,1,1205.75,1205.75,1205.75,1205.75,0.0,0.0,,dollar_price:1205.75
2018-07-10,baghdad_harithiya,1,1,1201.5,1201.5,1201.5,1201.5,0.0,0.0,,dollar_price:1201.5
2018-07-10,baghdad_kifah,1,1,1201.5,1201.5,1201.5,1201.5,0.0,0.0,,dollar_price:1201.5
2018-07-10,basra,1,1,1202.5,1202.5,1202.5,1202.5,0.0,0.0,,dollar_price:1202.5
2018-07-10,erbil,1,1,1204.25,1204.25,1204.25,1204.25,0.0,0.0,,dollar_price:1204.25
2018-07-10,samarra,1,1,1205.0,1205.0,1205.0,1205.0,0.0,0.0,,dollar_price:1205
2018-07-11,amarah,1,1,1203.0,1203.0,1203.0,1203.0,0.0,0.0,,dollar_price:1203
2018-07-11,baghdad_kifah,1,1,1202.0,1202.0,1202.0,1202.0,0.0,0.0,,dollar_price:1202
2018-07-11,basra,1,1,1203.5,1203.5,1203.5,1203.5,0.0,0.0,,dollar_price:1203.5
2018-07-11,erbil,1,1,1205.25,1205.25,1205.25,1205.25,0.0,0.0,,dollar_price:1205.25
2018-07-12,baghdad_kifah,1,1,1202.5,1202.5,1202.5,1202.5,0.0,0.0,,dollar_price:1202.5
2018-07-12,basra,1,1,1204.0,1204.0,1204.0,1204.0,0.0,0.0,,dollar_price:1204
2018-07-16,baghdad_kifah,1,1,1205.0,1205.0,1205.0,1205.0,0.0,0.0,,dollar_price:1205
2018-07-16,basra,1,1,1207.0,1207.0,1207.0,1207.0,0.0,0.0,,dollar_price:1207
2018-07-16,erbil,1,1,1207.5,1207.5,1207.5,1207.5,0.0,0.0,,dollar_price:1207.5
2018-07-16,nasiriyah,1,1,1210.0,1210.0,1210.0,1210.0,0.0,0.0,,dollar_price:1210
2018-07-19,baghdad_kifah,1,1,1200.5,1200.5,1200.5,1200.5,0.0,0.0,,dollar_price:1200.5
2018-07-19,basra,1,1,1203.0,1203.0,1203.0,1203.0,0.0,0.0,,dollar_price:1203
2018-07-19,erbil,1,1,1203.5,1203.5,1203.5,1203.5,0.0,0.0,,dollar_price:1203.5
2018-07-22,baghdad_kifah,1,1,1199.5,1199.5,1199.5,1199.5,0.0,0.0,,dollar_price:1199.5
2018-07-22,basra,1,1,1201.0,1201.0,1201.0,1201.0,0.0,0.0,,dollar_price:1201
2018-07-22,erbil,1,1,1201.25,1201.25,1201.25,1201.25,0.0,0.0,,dollar_price:1201.25
2018-07-23,baghdad_harithiya,1,1,1199.0,1199.0,1199.0,1199.0,0.0,0.0,,dollar_price:1199
2018-07-23,baghdad_kifah,1,1,1198.5,1198.5,1198.5,1198.5,0.0,0.0,,dollar_price:1198.5
2018-07-23,basra,1,1,1201.0,1201.0,1201.0,1201.0,0.0,0.0,,dollar_price:1201
2018-07-23,erbil,1,1,1202.0,1202.0,1202.0,1202.0,0.0,0.0,,dollar_price:1202
2018-07-24,baghdad_kifah,1,1,1198.5,1198.5,1198.5,1198.5,0.0,0.0,,dollar_price:1198.5
2018-07-24,basra,1,1,1201.0,1201.0,1201.0,1201.0,0.0,0.0,,dollar_price:1201
2018-07-24,erbil,1,1,1201.75,1201.75,1201.75,1201.75,0.0,0.0,,dollar_price:1201.75
2018-07-25,baghdad_harithiya,1,1,1199.5,1199.5,1199.5,1199.5,0.0,0.0,,dollar_price:1199.5
2018-07-25,baghdad_kifah,1,1,1199.5,1199.5,1199.5,1199.5,0.0,0.0,,dollar_price:1199.5
2018-07-25,basra,1,1,1201.5,1201.5,1201.5,1201.5,0.0,0.0,,dollar_price:1201.5
2018-07-25,erbil,1,1,1203.0,1203.0,1203.0,1203.0,0.0,0.0,,dollar_price:1203
2018-07-25,samarra,1,1,1202.0,1202.0,1202.0,1202.0,0.0,0.0,,dollar_price:1202
2018-07-26,amarah,1,1,1202.0,1202.0,1202.0,1202.0,0.0,0.0,,dollar_price:1202
2018-07-26,babil,1,1,1201.5,1201.5,1201.5,1201.5,0.0,0.0,,dollar_price:1201.5
2018-07-26,baghdad_generic,1,1,1200.0,1200.0,1200.0,1200.0,0.0,0.0,,dollar_price:1200
2018-07-26,basra,1,1,1202.5,1202.5,1202.5,1202.5,0.0,0.0,,dollar_price:1202.5
2018-07-26,erbil,1,1,1203.0,1203.0,1203.0,1203.0,0.0,0.0,,dollar_price:1203
2018-07-26,nasiriyah,1,1,1202.5,1202.5,1202.5,1202.5,0.0,0.0,,dollar_price:1202.5
2018-07-26,samarra,1,1,1203.0,1203.0,1203.0,1203.0,0.0,0.0,,dollar_price:1203
2018-07-26,samawah,1,1,1202.5,1202.5,1202.5,1202.5,0.0,0.0,,dollar_price:1202.5
2018-07-29,baghdad_kifah,1,1,1199.0,1199.0,1199.0,1199.0,0.0,0.0,,dollar_price:1199
2018-07-29,basra,1,1,1201.0,1201.0,1201.0,1201.0,0.0,0.0,,dollar_price:1201
2018-07-29,erbil,1,1,1202.0,1202.0,1202.0,1202.0,0.0,0.0,,dollar_price:1202
2018-07-29,nasiriyah,1,1,1201.0,1201.0,1201.0,1201.0,0.0,0.0,,dollar_price:1201
2018-07-30,baghdad_kifah,1,1,1199.0,1199.0,1199.0,1199.0,0.0,0.0,,dollar_price:1199
2018-07-30,basra,1,1,1200.5,1200.5,1200.5,1200.5,0.0,0.0,,dollar_price:1200.5
2018-07-30,erbil,1,1,1201.5,1201.5,1201.5,1201.5,0.0,0.0,,dollar_price:1201.5
2018-07-31,baghdad_harithiya,1,1,1199.0,1199.0,1199.0,1199.0,0.0,0.0,,dollar_price:1199
2018-07-31,baghdad_kifah,1,1,1198.5,1198.5,1198.5,1198.5,0.0,0.0,,dollar_price:1198.5
2018-07-31,basra,1,1,1200.5,1200.5,1200.5,1200.5,0.0,0.0,,dollar_price:1200.5
2018-07-31,erbil,1,1,1200.5,1200.5,1200.5,1200.5,0.0,0.0,,dollar_price:1200.5
2018-07-31,rutba,1,1,1202.5,1202.5,1202.5,1202.5,0.0,0.0,,dollar_price:1202.5
2018-08-01,baghdad_generic,1,1,1198.0,1198.0,1198.0,1198.0,0.0,0.0,,dollar_price:1198
2018-08-01,basra,1,1,1200.0,1200.0,1200.0,1200.0,0.0,0.0,,dollar_price:1200
2018-08-01,erbil,1,1,1200.75,1200.75,1200.75,1200.75,0.0,0.0,,dollar_price:1200.75
2018-08-02,babil,1,1,1201.5,1201.5,1201.5,1201.5,0.0,0.0,,dollar_price:1201.5
2018-08-02,baghdad_harithiya,1,1,1200.0,1200.0,1200.0,1200.0,0.0,0.0,,dollar_price:1200
2018-08-02,baghdad_kifah,1,1,1199.5,1199.5,1199.5,1199.5,0.0,0.0,,dollar_price:1199.5
2018-08-02,basra,1,1,1201.0,1201.0,1201.0,1201.0,0.0,0.0,,dollar_price:1201
2018-08-02,erbil,1,1,1201.75,1201.75,1201.75,1201.75,0.0,0.0,,dollar_price:1201.75
2018-08-02,ramadi,1,1,1201.0,1201.0,1201.0,1201.0,0.0,0.0,,dollar_price:1201
2018-08-05,baghdad_generic,1,1,1195.0,1195.0,1195.0,1195.0,0.0,0.0,,dollar_price:1195
2018-08-05,baghdad_harithiya,1,1,1202.0,1202.0,1202.0,1202.0,0.0,0.0,,dollar_price:1202
2018-08-05,baghdad_kifah,1,1,1201.0,1201.0,1201.0,1201.0,0.0,0.0,,dollar_price:1201
2018-08-05,basra,1,1,1202.5,1202.5,1202.5,1202.5,0.0,0.0,,dollar_price:1202.5
2018-08-05,erbil,1,1,1203.0,1203.0,1203.0,1203.0,0.0,0.0,,dollar_price:1203
2018-08-05,rutba,1,1,1205.0,1205.0,1205.0,1205.0,0.0,0.0,,dollar_price:1205
2018-08-07,baghdad_kifah,1,1,1201.0,1201.0,1201.0,1201.0,0.0,0.0,,dollar_price:1201
2018-08-07,basra,1,1,1202.5,1202.5,1202.5,1202.5,0.0,0.0,,dollar_price:1202.5
2018-08-07,erbil,1,1,1203.25,1203.25,1203.25,1203.25,0.0,0.0,,dollar_price:1203.25
2018-08-08,baghdad_harithiya,1,1,1202.0,1202.0,1202.0,1202.0,0.0,0.0,,dollar_price:1202
2018-08-08,baghdad_kifah,1,1,1201.5,1201.5,1201.5,1201.5,0.0,0.0,,dollar_price:1201.5
2018-08-08,basra,1,1,1203.0,1203.0,1203.0,1203.0,0.0,0.0,,dollar_price:1203
2018-08-08,erbil,1,1,1205.0,1205.0,1205.0,1205.0,0.0,0.0,,dollar_price:1205
2018-08-09,baghdad_kifah,1,1,1204.0,1204.0,1204.0,1204.0,0.0,0.0,,dollar_price:1204
2018-08-09,basra,1,1,1205.0,1205.0,1205.0,1205.0,0.0,0.0,,dollar_price:1205
2018-08-09,erbil,1,1,1206.5,1206.5,1206.5,1206.5,0.0,0.0,,dollar_price:1206.5
2018-08-12,baghdad_harithiya,1,1,1208.0,1208.0,1208.0,1208.0,0.0,0.0,,dollar_price:1208
2018-08-12,baghdad_kifah,1,1,1207.0,1207.0,1207.0,1207.0,0.0,0.0,,dollar_price:1207
2018-08-12,basra,1,1,1211.5,1211.5,1211.5,1211.5,0.0,0.0,,dollar_price:1211.5
2018-08-12,erbil,1,1,1209.75,1209.75,1209.75,1209.75,0.0,0.0,,dollar_price:1209.75
2018-08-13,baghdad_harithiya,1,1,1208.5,1208.5,1208.5,1208.5,0.0,0.0,,dollar_price:1208.5
2018-08-13,baghdad_kifah,1,1,1208.0,1208.0,1208.0,1208.0,0.0,0.0,,dollar_price:1208
2018-08-13,basra,1,1,1211.0,1211.0,1211.0,1211.0,0.0,0.0,,dollar_price:1211
2018-08-13,erbil,1,1,1210.0,1210.0,1210.0,1210.0,0.0,0.0,,dollar_price:1210
2018-08-13,ramadi,1,1,1209.0,1209.0,1209.0,1209.0,0.0,0.0,,dollar_price:1209
2018-08-14,baghdad_kifah,1,1,1208.0,1208.0,1208.0,1208.0,0.0,0.0,,dollar_price:1208
2018-08-14,basra,1,1,1211.5,1211.5,1211.5,1211.5,0.0,0.0,,dollar_price:1211.5
2018-08-16,baghdad_generic,1,1,1202.5,1202.5,1202.5,1202.5,0.0,0.0,,dollar_price:1202.5
2018-08-16,baghdad_kifah,1,1,1208.25,1208.25,1208.25,1208.25,0.0,0.0,,dollar_price:1208.25
2018-08-16,basra,1,1,1211.5,1211.5,1211.5,1211.5,0.0,0.0,,dollar_price:1211.5
2018-08-16,erbil,1,1,1212.25,1212.25,1212.25,1212.25,0.0,0.0,,dollar_price:1212.25
2018-08-19,baghdad_generic,1,1,1205.0,1205.0,1205.0,1205.0,0.0,0.0,,dollar_price:1205
2018-08-19,baghdad_kifah,1,1,1212.0,1212.0,1212.0,1212.0,0.0,0.0,,dollar_price:1212
2018-08-19,basra,1,1,1213.5,1213.5,1213.5,1213.5,0.0,0.0,,dollar_price:1213.5
2018-08-19,erbil,1,1,1216.0,1216.0,1216.0,1216.0,0.0,0.0,,dollar_price:1216
2018-08-19,nasiriyah,1,1,1215.0,1215.0,1215.0,1215.0,0.0,0.0,,dollar_price:1215
2018-08-20,amarah,1,1,1215.0,1215.0,1215.0,1215.0,0.0,0.0,,dollar_price:1215
2018-08-20,baghdad_harithiya,1,1,1214.5,1214.5,1214.5,1214.5,0.0,0.0,,dollar_price:1214.5
2018-08-20,baghdad_kifah,1,1,1214.0,1214.0,1214.0,1214.0,0.0,0.0,,dollar_price:1214
2018-08-20,basra,1,1,1215.0,1215.0,1215.0,1215.0,0.0,0.0,,dollar_price:1215
2018-08-20,erbil,1,1,1215.75,1215.75,1215.75,1215.75,0.0,0.0,,dollar_price:1215.75
2018-08-20,rutba,1,1,1220.0,1220.0,1220.0,1220.0,0.0,0.0,,dollar_price:1220
2018-08-23,amarah,1,1,1215.0,1215.0,1215.0,1215.0,0.0,0.0,,dollar_price:1215
2018-08-23,baghdad_harithiya,1,1,1214.5,1214.5,1214.5,1214.5,0.0,0.0,,dollar_price:1214.5
2018-08-23,baghdad_kifah,1,1,1214.0,1214.0,1214.0,1214.0,0.0,0.0,,dollar_price:1214
2018-08-23,basra,1,1,1215.0,1215.0,1215.0,1215.0,0.0,0.0,,dollar_price:1215
2018-08-23,erbil,1,1,1215.75,1215.75,1215.75,1215.75,0.0,0.0,,dollar_price:1215.75
2018-08-23,rutba,1,1,1220.0,1220.0,1220.0,1220.0,0.0,0.0,,dollar_price:1220
2018-08-26,baghdad_harithiya,1,1,1213.5,1213.5,1213.5,1213.5,0.0,0.0,,dollar_price:1213.5
2018-08-26,baghdad_kifah,1,1,1213.0,1213.0,1213.0,1213.0,0.0,0.0,,dollar_price:1213
2018-08-26,basra,1,1,1215.5,1215.5,1215.5,1215.5,0.0,0.0,,dollar_price:1215.5
2018-08-26,erbil,1,1,1215.25,1215.25,1215.25,1215.25,0.0,0.0,,dollar_price:1215.25
2018-08-27,amarah,1,1,1213.5,1213.5,1213.5,1213.5,0.0,0.0,,dollar_price:1213.5
2018-08-27,baghdad_kifah,1,1,1210.0,1210.0,1210.0,1210.0,0.0,0.0,,dollar_price:1210
2018-08-27,basra,1,1,1213.0,1213.0,1213.0,1213.0,0.0,0.0,,dollar_price:1213
2018-08-27,erbil,1,1,1213.25,1213.25,1213.25,1213.25,0.0,0.0,,dollar_price:1213.25
2018-08-27,rutba,1,1,1212.5,1212.5,1212.5,1212.5,0.0,0.0,,dollar_price:1212.5
2018-08-28,baghdad_generic,1,1,1206.0,1206.0,1206.0,1206.0,0.0,0.0,,dollar_price:1206
2018-08-28,basra,1,1,1208.0,1208.0,1208.0,1208.0,0.0,0.0,,dollar_price:1208
2018-08-28,erbil,1,1,1210.0,1210.0,1210.0,1210.0,0.0,0.0,,dollar_price:1210
2018-08-28,ramadi,1,1,1207.5,1207.5,1207.5,1207.5,0.0,0.0,,dollar_price:1207.5
2018-08-29,baghdad_kifah,1,1,1207.0,1207.0,1207.0,1207.0,0.0,0.0,,dollar_price:1207
2018-08-29,basra,1,1,1209.0,1209.0,1209.0,1209.0,0.0,0.0,,dollar_price:1209
2018-08-29,erbil,1,1,1210.0,1210.0,1210.0,1210.0,0.0,0.0,,dollar_price:1210
2018-08-29,rutba,1,1,1207.5,1207.5,1207.5,1207.5,0.0,0.0,,dollar_price:1207.5
2018-08-29,samarra,1,1,1209.0,1209.0,1209.0,1209.0,0.0,0.0,,dollar_price:1209
2018-08-30,baghdad_harithiya,1,1,1206.5,1206.5,1206.5,1206.5,0.0,0.0,,dollar_price:1206.5
2018-08-30,baghdad_kifah,1,1,1206.0,1206.0,1206.0,1206.0,0.0,0.0,,dollar_price:1206
2018-08-30,basra,1,1,1208.0,1208.0,1208.0,1208.0,0.0,0.0,,dollar_price:1208
2018-08-30,erbil,1,1,1209.75,1209.75,1209.75,1209.75,0.0,0.0,,dollar_price:1209.75
2018-09-02,amarah,1,1,1206.5,1206.5,1206.5,1206.5,0.0,0.0,,dollar_price:1206.5
2018-09-02,baghdad_harithiya,1,1,1205.5,1205.5,1205.5,1205.5,0.0,0.0,,dollar_price:1205.5
2018-09-02,baghdad_kifah,1,1,1204.5,1204.5,1204.5,1204.5,0.0,0.0,,dollar_price:1204.5
2018-09-02,basra,1,1,1206.0,1206.0,1206.0,1206.0,0.0,0.0,,dollar_price:1206
2018-09-03,amarah,1,1,1207.0,1207.0,1207.0,1207.0,0.0,0.0,,dollar_price:1207
2018-09-03,baghdad_kifah,1,1,1205.5,1205.5,1205.5,1205.5,0.0,0.0,,dollar_price:1205.5
2018-09-03,basra,1,1,1207.0,1207.0,1207.0,1207.0,0.0,0.0,,dollar_price:1207
2018-09-03,erbil,1,1,1208.0,1208.0,1208.0,1208.0,0.0,0.0,,dollar_price:1208
2018-09-03,samarra,1,1,1207.5,1207.5,1207.5,1207.5,0.0,0.0,,dollar_price:1207.5
2018-09-04,baghdad_generic,1,1,1206.5,1206.5,1206.5,1206.5,0.0,0.0,,dollar_price:1206.5
2018-09-04,erbil,1,1,1209.0,1209.0,1209.0,1209.0,0.0,0.0,,dollar_price:1209
2018-09-06,baghdad_kifah,1,1,1208.5,1208.5,1208.5,1208.5,0.0,0.0,,dollar_price:1208.5
2018-09-06,basra,1,1,1211.0,1211.0,1211.0,1211.0,0.0,0.0,,dollar_price:1211
2018-09-06,erbil,1,1,1209.75,1209.75,1209.75,1209.75,0.0,0.0,,dollar_price:1209.75
2018-09-10,amarah,1,1,1215.0,1215.0,1215.0,1215.0,0.0,0.0,,dollar_price:1215
2018-09-10,baghdad_kifah,1,1,1213.0,1213.0,1213.0,1213.0,0.0,0.0,,dollar_price:1213
2018-09-10,basra,1,1,1215.0,1215.0,1215.0,1215.0,0.0,0.0,,dollar_price:1215
2018-09-10,erbil,1,1,1215.0,1215.0,1215.0,1215.0,0.0,0.0,,dollar_price:1215
2018-09-10,nasiriyah,1,1,1215.0,1215.0,1215.0,1215.0,0.0,0.0,,dollar_price:1215
2018-09-10,ramadi,1,1,1214.5,1214.5,1214.5,1214.5,0.0,0.0,,dollar_price:1214.5
2018-09-10,rutba,1,1,1215.0,1215.0,1215.0,1215.0,0.0,0.0,,dollar_price:1215
2018-09-10,samarra,1,1,1216.5,1216.5,1216.5,1216.5,0.0,0.0,,dollar_price:1216.5
2018-09-10,samawah,1,1,1215.0,1215.0,1215.0,1215.0,0.0,0.0,,dollar_price:1215
2018-09-11,baghdad_generic,1,1,1205.0,1205.0,1205.0,1205.0,0.0,0.0,,dollar_price:1205
2018-09-11,baghdad_kifah,1,1,1209.0,1209.0,1209.0,1209.0,0.0,0.0,,dollar_price:1209
2018-09-11,basra,1,1,1211.0,1211.0,1211.0,1211.0,0.0,0.0,,dollar_price:1211
2018-09-11,erbil,1,1,1212.0,1212.0,1212.0,1212.0,0.0,0.0,,dollar_price:1212
2018-09-12,baghdad_kifah,1,1,1208.5,1208.5,1208.5,1208.5,0.0,0.0,,dollar_price:1208.5
2018-09-12,basra,1,1,1210.5,1210.5,1210.5,1210.5,0.0,0.0,,dollar_price:1210.5
2018-09-12,erbil,1,1,1211.0,1211.0,1211.0,1211.0,0.0,0.0,,dollar_price:1211
2018-09-12,samarra,1,1,1211.0,1211.0,1211.0,1211.0,0.0,0.0,,dollar_price:1211
2018-09-13,baghdad_kifah,1,1,1210.0,1210.0,1210.0,1210.0,0.0,0.0,,dollar_price:1210
2018-09-13,basra,1,1,1211.0,1211.0,1211.0,1211.0,0.0,0.0,,dollar_price:1211
2018-09-13,erbil,1,1,1213.75,1213.75,1213.75,1213.75,0.0,0.0,,dollar_price:1213.75
2018-09-13,samarra,1,1,1212.0,1212.0,1212.0,1212.0,0.0,0.0,,dollar_price:1212
2018-09-13,samawah,1,1,1212.0,1212.0,1212.0,1212.0,0.0,0.0,,dollar_price:1212
2018-09-17,baghdad_kifah,1,1,1208.5,1208.5,1208.5,1208.5,0.0,0.0,,dollar_price:1208.5
2018-09-17,basra,1,1,1210.0,1210.0,1210.0,1210.0,0.0,0.0,,dollar_price:1210
2018-09-17,erbil,1,1,1211.0,1211.0,1211.0,1211.0,0.0,0.0,,dollar_price:1211
2018-09-17,nasiriyah,1,1,1211.0,1211.0,1211.0,1211.0,0.0,0.0,,dollar_price:1211
2018-09-17,rutba,1,1,1210.0,1210.0,1210.0,1210.0,0.0,0.0,,dollar_price:1210
2018-09-18,baghdad_generic,1,1,1206.0,1206.0,1206.0,1206.0,0.0,0.0,,dollar_price:1206
2018-09-18,basra,1,1,1207.0,1207.0,1207.0,1207.0,0.0,0.0,,dollar_price:1207
2018-09-18,erbil,1,1,1210.75,1210.75,1210.75,1210.75,0.0,0.0,,dollar_price:1210.75
2018-09-24,baghdad_generic,1,1,1204.0,1204.0,1204.0,1204.0,0.0,0.0,,dollar_price:1204
2018-09-24,basra,1,1,1206.0,1206.0,1206.0,1206.0,0.0,0.0,,dollar_price:1206
2018-09-24,erbil,1,1,1206.75,1206.75,1206.75,1206.75,0.0,0.0,,dollar_price:1206.75
2018-09-24,rutba,1,1,1207.5,1207.5,1207.5,1207.5,0.0,0.0,,dollar_price:1207.5
2018-09-25,baghdad_kifah,1,1,1203.0,1203.0,1203.0,1203.0,0.0,0.0,,dollar_price:1203
2018-09-25,basra,1,1,1204.5,1204.5,1204.5,1204.5,0.0,0.0,,dollar_price:1204.5
2018-09-25,erbil,1,1,1206.0,1206.0,1206.0,1206.0,0.0,0.0,,dollar_price:1206
2018-09-25,rutba,1,1,1205.0,1205.0,1205.0,1205.0,0.0,0.0,,dollar_price:1205
2018-09-25,samarra,1,1,1205.5,1205.5,1205.5,1205.5,0.0,0.0,,dollar_price:1205.5
2018-09-26,amarah,1,1,1205.0,1205.0,1205.0,1205.0,0.0,0.0,,dollar_price:1205
2018-09-26,baghdad_kifah,1,1,1203.5,1203.5,1203.5,1203.5,0.0,0.0,,dollar_price:1203.5
2018-09-26,basra,1,1,1205.0,1205.0,1205.0,1205.0,0.0,0.0,,dollar_price:1205
2018-09-26,erbil,1,1,1207.25,1207.25,1207.25,1207.25,0.0,0.0,,dollar_price:1207.25
2018-09-30,amarah,1,1,1205.0,1205.0,1205.0,1205.0,0.0,0.0,,dollar_price:1205
2018-09-30,baghdad_generic,1,1,1204.0,1204.0,1204.0,1204.0,0.0,0.0,,dollar_price:1204
2018-09-30,basra,1,1,1205.0,1205.0,1205.0,1205.0,0.0,0.0,,dollar_price:1205
2018-10-07,amarah,1,1,1208.5,1208.5,1208.5,1208.5,0.0,0.0,,dollar_price:1208.5
2018-10-07,baghdad_kifah,1,1,1207.5,1207.5,1207.5,1207.5,0.0,0.0,,dollar_price:1207.5
2018-10-07,basra,1,1,1208.5,1208.5,1208.5,1208.5,0.0,0.0,,dollar_price:1208.5
2018-10-07,erbil,1,1,1207.5,1207.5,1207.5,1207.5,0.0,0.0,,dollar_price:1207.5
2018-10-08,baghdad_kifah,1,1,1207.25,1207.25,1207.25,1207.25,0.0,0.0,,dollar_price:1207.25
2018-10-08,basra,1,1,1208.5,1208.5,1208.5,1208.5,0.0,0.0,,dollar_price:1208.5
2018-10-08,erbil,1,1,1207.75,1207.75,1207.75,1207.75,0.0,0.0,,dollar_price:1207.75
2018-10-08,rutba,1,1,1208.0,1208.0,1208.0,1208.0,0.0,0.0,,dollar_price:1208
2018-10-09,baghdad_kifah,1,1,1207.0,1207.0,1207.0,1207.0,0.0,0.0,,dollar_price:1207
2018-10-09,basra,1,1,1208.0,1208.0,1208.0,1208.0,0.0,0.0,,dollar_price:1208
2018-10-09,erbil,1,1,1207.75,1207.75,1207.75,1207.75,0.0,0.0,,dollar_price:1207.75
2018-10-09,samawah,1,1,1208.5,1208.5,1208.5,1208.5,0.0,0.0,,dollar_price:1208.5
2018-10-10,baghdad_kifah,1,1,1207.5,1207.5,1207.5,1207.5,0.0,0.0,,dollar_price:1207.5
2018-10-10,basra,1,1,1208.5,1208.5,1208.5,1208.5,0.0,0.0,,dollar_price:1208.5
2018-10-10,erbil,1,1,1209.0,1209.0,1209.0,1209.0,0.0,0.0,,dollar_price:1209
2018-10-10,samawah,1,1,1209.5,1209.5,1209.5,1209.5,0.0,0.0,,dollar_price:1209.5
2018-10-11,amarah,1,1,1209.0,1209.0,1209.0,1209.0,0.0,0.0,,dollar_price:1209
2018-10-11,baghdad_kifah,1,1,1207.0,1207.0,1207.0,1207.0,0.0,0.0,,dollar_price:1207
2018-10-11,basra,1,1,1209.0,1209.0,1209.0,1209.0,0.0,0.0,,dollar_price:1209
2018-10-11,erbil,1,1,1208.5,1208.5,1208.5,1208.5,0.0,0.0,,dollar_price:1208.5
2018-10-11,rutba,1,1,1208.0,1208.0,1208.0,1208.0,0.0,0.0,,dollar_price:1208
2018-10-11,samarra,1,1,1209.0,1209.0,1209.0,1209.0,0.0,0.0,,dollar_price:1209
2018-10-11,samawah,1,1,1209.0,1209.0,1209.0,1209.0,0.0,0.0,,dollar_price:1209
2018-10-16,baghdad_kifah,1,1,1205.25,1205.25,1205.25,1205.25,0.0,0.0,,dollar_price:1205.25
2018-10-16,basra,1,1,1206.5,1206.5,1206.5,1206.5,0.0,0.0,,dollar_price:1206.5
2018-10-16,erbil,1,1,1206.25,1206.25,1206.25,1206.25,0.0,0.0,,dollar_price:1206.25
2018-10-18,amarah,1,1,1207.0,1207.0,1207.0,1207.0,0.0,0.0,,dollar_price:1207
2018-10-18,baghdad_kifah,1,1,1206.0,1206.0,1206.0,1206.0,0.0,0.0,,dollar_price:1206
2018-10-18,basra,1,1,1207.5,1207.5,1207.5,1207.5,0.0,0.0,,dollar_price:1207.5
2018-10-18,erbil,1,1,1208.0,1208.0,1208.0,1208.0,0.0,0.0,,dollar_price:1208
2018-10-18,rutba,1,1,1207.5,1207.5,1207.5,1207.5,0.0,0.0,,dollar_price:1207.5
2018-10-21,baghdad_kifah,1,1,1204.5,1204.5,1204.5,1204.5,0.0,0.0,,dollar_price:1204.5
2018-10-21,basra,1,1,1206.5,1206.5,1206.5,1206.5,0.0,0.0,,dollar_price:1206.5
2018-10-21,erbil,1,1,1206.0,1206.0,1206.0,1206.0,0.0,0.0,,dollar_price:1206
2018-10-21,samarra,1,1,1207.0,1207.0,1207.0,1207.0,0.0,0.0,,dollar_price:1207
2018-10-23,baghdad_generic,1,1,1203.0,1203.0,1203.0,1203.0,0.0,0.0,,dollar_price:1203
2018-10-23,basra,1,1,1204.0,1204.0,1204.0,1204.0,0.0,0.0,,dollar_price:1204
2018-10-23,erbil,1,1,1204.25,1204.25,1204.25,1204.25,0.0,0.0,,dollar_price:1204.25
2018-10-23,samawah,1,1,1204.0,1204.0,1204.0,1204.0,0.0,0.0,,dollar_price:1204
2018-10-24,amarah,1,1,1205.0,1205.0,1205.0,1205.0,0.0,0.0,,dollar_price:1205
2018-10-24,baghdad_kifah,1,1,1204.0,1204.0,1204.0,1204.0,0.0,0.0,,dollar_price:1204
2018-10-24,basra,1,1,1205.0,1205.0,1205.0,1205.0,0.0,0.0,,dollar_price:1205
2018-10-24,erbil,1,1,1205.5,1205.5,1205.5,1205.5,0.0,0.0,,dollar_price:1205.5
2018-10-24,rutba,1,1,1205.0,1205.0,1205.0,1205.0,0.0,0.0,,dollar_price:1205
2018-10-24,samarra,1,1,1206.0,1206.0,1206.0,1206.0,0.0,0.0,,dollar_price:1206
2018-10-29,baghdad_kifah,1,1,1203.5,1203.5,1203.5,1203.5,0.0,0.0,,dollar_price:1203.5
2018-10-29,erbil,1,1,1204.75,1204.75,1204.75,1204.75,0.0,0.0,,dollar_price:1204.75
2018-10-29,rutba,1,1,1205.0,1205.0,1205.0,1205.0,0.0,0.0,,dollar_price:1205
2018-10-29,samarra,1,1,1206.0,1206.0,1206.0,1206.0,0.0,0.0,,dollar_price:1206
2018-11-01,baghdad_kifah,1,1,1206.25,1206.25,1206.25,1206.25,0.0,0.0,,dollar_price:1206.25
2018-11-01,basra,1,1,1208.0,1208.0,1208.0,1208.0,0.0,0.0,,dollar_price:1208
2018-11-01,erbil,1,1,1206.0,1206.0,1206.0,1206.0,0.0,0.0,,dollar_price:1206
2018-11-01,samawah,1,1,1208.0,1208.0,1208.0,1208.0,0.0,0.0,,dollar_price:1208
2018-11-04,baghdad_kifah,1,1,1206.5,1206.5,1206.5,1206.5,0.0,0.0,,dollar_price:1206.5
2018-11-04,basra,1,1,1207.0,1207.0,1207.0,1207.0,0.0,0.0,,dollar_price:1207
2018-11-04,erbil,1,1,1206.0,1206.0,1206.0,1206.0,0.0,0.0,,dollar_price:1206
2018-11-05,baghdad_kifah,1,1,1205.0,1205.0,1205.0,1205.0,0.0,0.0,,dollar_price:1205
2018-11-05,basra,1,1,1206.0,1206.0,1206.0,1206.0,0.0,0.0,,dollar_price:1206
2018-11-05,erbil,1,1,1206.0,1206.0,1206.0,1206.0,0.0,0.0,,dollar_price:1206
2018-11-05,samawah,1,1,1207.5,1207.5,1207.5,1207.5,0.0,0.0,,dollar_price:1207.5
2018-11-06,amarah,1,1,1206.5,1206.5,1206.5,1206.5,0.0,0.0,,dollar_price:1206.5
2018-11-06,baghdad_kifah,1,1,1205.0,1205.0,1205.0,1205.0,0.0,0.0,,dollar_price:1205
2018-11-06,basra,1,1,1206.0,1206.0,1206.0,1206.0,0.0,0.0,,dollar_price:1206
2018-11-06,erbil,1,1,1205.5,1205.5,1205.5,1205.5,0.0,0.0,,dollar_price:1205.5
2018-11-08,baghdad_kifah,1,1,1203.75,1203.75,1203.75,1203.75,0.0,0.0,,dollar_price:1203.75
2018-11-08,basra,1,1,1205.0,1205.0,1205.0,1205.0,0.0,0.0,,dollar_price:1205
2018-11-08,erbil,1,1,1204.75,1204.75,1204.75,1204.75,0.0,0.0,,dollar_price:1204.75
2018-11-11,amarah,1,1,1206.0,1206.0,1206.0,1206.0,0.0,0.0,,dollar_price:1206
2018-11-11,baghdad_kifah,1,1,1204.5,1204.5,1204.5,1204.5,0.0,0.0,,dollar_price:1204.5
2018-11-11,basra,1,1,1205.5,1205.5,1205.5,1205.5,0.0,0.0,,dollar_price:1205.5
2018-11-11,erbil,1,1,1206.0,1206.0,1206.0,1206.0,0.0,0.0,,dollar_price:1206
2018-11-11,samawah,1,1,1206.0,1206.0,1206.0,1206.0,0.0,0.0,,dollar_price:1206
2018-11-12,baghdad_kifah,1,1,1204.5,1204.5,1204.5,1204.5,0.0,0.0,,dollar_price:1204.5
2018-11-12,basra,1,1,1205.5,1205.5,1205.5,1205.5,0.0,0.0,,dollar_price:1205.5
2018-11-12,erbil,1,1,1206.25,1206.25,1206.25,1206.25,0.0,0.0,,dollar_price:1206.25
2018-11-12,samawah,1,1,1206.0,1206.0,1206.0,1206.0,0.0,0.0,,dollar_price:1206
2018-11-14,amarah,1,1,1204.5,1204.5,1204.5,1204.5,0.0,0.0,,dollar_price:1204.5
2018-11-14,baghdad_generic,1,1,1203.0,1203.0,1203.0,1203.0,0.0,0.0,,dollar_price:1203
2018-11-14,basra,1,1,1205.0,1205.0,1205.0,1205.0,0.0,0.0,,dollar_price:1205
2018-11-14,erbil,1,1,1205.5,1205.5,1205.5,1205.5,0.0,0.0,,dollar_price:1205.5
2018-11-15,baghdad_kifah,1,1,1202.0,1202.0,1202.0,1202.0,0.0,0.0,,dollar_price:1202
2018-11-15,basra,1,1,1204.0,1204.0,1204.0,1204.0,0.0,0.0,,dollar_price:1204
2018-11-15,erbil,1,1,1205.5,1205.5,1205.5,1205.5,0.0,0.0,,dollar_price:1205.5
2018-11-18,baghdad_kifah,1,1,1202.25,1202.25,1202.25,1202.25,0.0,0.0,,dollar_price:1202.25
2018-11-18,basra,1,1,1204.5,1204.5,1204.5,1204.5,0.0,0.0,,dollar_price:1204.5
2018-11-18,erbil,1,1,1205.5,1205.5,1205.5,1205.5,0.0,0.0,,dollar_price:1205.5
2018-11-19,baghdad_generic,1,1,1202.0,1202.0,1202.0,1202.0,0.0,0.0,,dollar_price:1202
2018-11-19,basra,1,1,1204.5,1204.5,1204.5,1204.5,0.0,0.0,,dollar_price:1204.5
2018-11-19,erbil,1,1,1205.0,1205.0,1205.0,1205.0,0.0,0.0,,dollar_price:1205
2018-11-19,ramadi,1,1,1203.0,1203.0,1203.0,1203.0,0.0,0.0,,dollar_price:1203
2018-11-21,baghdad_kifah,1,1,1202.25,1202.25,1202.25,1202.25,0.0,0.0,,dollar_price:1202.25
2018-11-21,basra,1,1,1204.0,1204.0,1204.0,1204.0,0.0,0.0,,dollar_price:1204
2018-11-21,erbil,1,1,1205.25,1205.25,1205.25,1205.25,0.0,0.0,,dollar_price:1205.25
2018-11-21,samawah,1,1,1204.0,1204.0,1204.0,1204.0,0.0,0.0,,dollar_price:1204
2018-11-22,baghdad_kifah,1,1,1199.5,1199.5,1199.5,1199.5,0.0,0.0,,dollar_price:1199.5
2018-11-22,basra,1,1,1202.0,1202.0,1202.0,1202.0,0.0,0.0,,dollar_price:1202
2018-11-22,erbil,1,1,1202.5,1202.5,1202.5,1202.5,0.0,0.0,,dollar_price:1202.5
2018-11-25,baghdad_generic,1,1,1198.0,1198.0,1198.0,1198.0,0.0,0.0,,dollar_price:1198
2018-11-25,basra,1,1,1200.0,1200.0,1200.0,1200.0,0.0,0.0,,dollar_price:1200
2018-11-25,erbil,1,1,1201.25,1201.25,1201.25,1201.25,0.0,0.0,,dollar_price:1201.25
2018-11-26,amarah,1,1,1200.0,1200.0,1200.0,1200.0,0.0,0.0,,dollar_price:1200
2018-11-26,baghdad_kifah,1,1,1197.0,1197.0,1197.0,1197.0,0.0,0.0,,dollar_price:1197
2018-11-26,basra,1,1,1198.5,1198.5,1198.5,1198.5,0.0,0.0,,dollar_price:1198.5
2018-11-26,erbil,1,1,1200.75,1200.75,1200.75,1200.75,0.0,0.0,,dollar_price:1200.75
2018-11-27,amarah,1,1,1197.5,1197.5,1197.5,1197.5,0.0,0.0,,dollar_price:1197.5
2018-11-27,baghdad_kifah,1,1,1196.0,1196.0,1196.0,1196.0,0.0,0.0,,dollar_price:1196
2018-11-27,erbil,1,1,1198.25,1198.25,1198.25,1198.25,0.0,0.0,,dollar_price:1198.25
2018-11-29,baghdad_kifah,1,1,1195.25,1195.25,1195.25,1195.25,0.0,0.0,,dollar_price:1195.25
2018-11-29,basra,1,1,1197.0,1197.0,1197.0,1197.0,0.0,0.0,,dollar_price:1197
2018-11-29,erbil,1,1,1197.75,1197.75,1197.75,1197.75,0.0,0.0,,dollar_price:1197.75
2018-12-02,amarah,1,1,1200.0,1200.0,1200.0,1200.0,0.0,0.0,,dollar_price:1200
2018-12-02,babil,1,1,1200.0,1200.0,1200.0,1200.0,0.0,0.0,,dollar_price:1200
2018-12-02,baghdad_generic,1,1,1198.5,1198.5,1198.5,1198.5,0.0,0.0,,dollar_price:1198.5
2018-12-02,basra,1,1,1200.0,1200.0,1200.0,1200.0,0.0,0.0,,dollar_price:1200
2018-12-02,ramadi,1,1,1200.0,1200.0,1200.0,1200.0,0.0,0.0,,dollar_price:1200
2018-12-03,baghdad_kifah,1,1,1198.0,1198.0,1198.0,1198.0,0.0,0.0,,dollar_price:1198
2018-12-03,basra,1,1,1199.5,1199.5,1199.5,1199.5,0.0,0.0,,dollar_price:1199.5
2018-12-03,erbil,1,1,1199.5,1199.5,1199.5,1199.5,0.0,0.0,,dollar_price:1199.5
2018-12-04,baghdad_kifah,1,1,1197.5,1197.5,1197.5,1197.5,0.0,0.0,,dollar_price:1197.5
2018-12-04,basra,1,1,1199.0,1199.0,1199.0,1199.0,0.0,0.0,,dollar_price:1199
2018-12-04,erbil,1,1,1199.5,1199.5,1199.5,1199.5,0.0,0.0,,dollar_price:1199.5
2018-12-05,baghdad_kifah,1,1,1197.5,1197.5,1197.5,1197.5,0.0,0.0,,dollar_price:1197.5
2018-12-05,basra,1,1,1198.5,1198.5,1198.5,1198.5,0.0,0.0,,dollar_price:1198.5
2018-12-05,erbil,1,1,1201.0,1201.0,1201.0,1201.0,0.0,0.0,,dollar_price:1201
2018-12-10,amarah,1,1,1202.0,1202.0,1202.0,1202.0,0.0,0.0,,dollar_price:1202
2018-12-10,baghdad_generic,1,1,1200.0,1200.0,1200.0,1200.0,0.0,0.0,,dollar_price:1200
2018-12-10,basra,1,1,1202.0,1202.0,1202.0,1202.0,0.0,0.0,,dollar_price:1202
2018-12-10,erbil,1,1,1204.75,1204.75,1204.75,1204.75,0.0,0.0,,dollar_price:1204.75
2018-12-10,samarra,1,1,1203.5,1203.5,1203.5,1203.5,0.0,0.0,,dollar_price:1203.5
2018-12-10,samawah,1,1,1202.5,1202.5,1202.5,1202.5,0.0,0.0,,dollar_price:1202.5
2018-12-11,baghdad_kifah,1,1,1199.0,1199.0,1199.0,1199.0,0.0,0.0,,dollar_price:1199
2018-12-11,basra,1,1,1200.0,1200.0,1200.0,1200.0,0.0,0.0,,dollar_price:1200
2018-12-11,erbil,1,1,1201.5,1201.5,1201.5,1201.5,0.0,0.0,,dollar_price:1201.5
2018-12-11,ramadi,1,1,1200.0,1200.0,1200.0,1200.0,0.0,0.0,,dollar_price:1200
2018-12-11,samarra,1,1,1202.5,1202.5,1202.5,1202.5,0.0,0.0,,dollar_price:1202.5
2018-12-11,samawah,1,1,1201.0,1201.0,1201.0,1201.0,0.0,0.0,,dollar_price:1201
2018-12-12,baghdad_kifah,1,1,1198.25,1198.25,1198.25,1198.25,0.0,0.0,,dollar_price:1198.25
2018-12-12,basra,1,1,1200.0,1200.0,1200.0,1200.0,0.0,0.0,,dollar_price:1200
2018-12-12,erbil,1,1,1201.75,1201.75,1201.75,1201.75,0.0,0.0,,dollar_price:1201.75
2018-12-13,baghdad_kifah,1,1,1198.25,1198.25,1198.25,1198.25,0.0,0.0,,dollar_price:1198.25
2018-12-13,basra,1,1,1199.5,1199.5,1199.5,1199.5,0.0,0.0,,dollar_price:1199.5
2018-12-13,erbil,1,1,1201.25,1201.25,1201.25,1201.25,0.0,0.0,,dollar_price:1201.25
2018-12-13,ramadi,1,1,1200.0,1200.0,1200.0,1200.0,0.0,0.0,,dollar_price:1200
2018-12-16,amarah,1,1,1200.0,1200.0,1200.0,1200.0,0.0,0.0,,dollar_price:1200
2018-12-16,basra,1,1,1200.0,1200.0,1200.0,1200.0,0.0,0.0,,dollar_price:1200
2018-12-16,erbil,1,1,1201.75,1201.75,1201.75,1201.75,0.0,0.0,,dollar_price:1201.75
2018-12-16,samawah,1,1,1200.0,1200.0,1200.0,1200.0,0.0,0.0,,dollar_price:1200
2018-12-17,amarah,1,1,1199.5,1199.5,1199.5,1199.5,0.0,0.0,,dollar_price:1199.5
2018-12-17,baghdad_kifah,1,1,1197.5,1197.5,1197.5,1197.5,0.0,0.0,,dollar_price:1197.5
2018-12-17,basra,1,1,1199.0,1199.0,1199.0,1199.0,0.0,0.0,,dollar_price:1199
2018-12-17,erbil,1,1,1201.5,1201.5,1201.5,1201.5,0.0,0.0,,dollar_price:1201.5
2018-12-17,ramadi,1,1,1199.0,1199.0,1199.0,1199.0,0.0,0.0,,dollar_price:1199
2018-12-17,samawah,1,1,1199.5,1199.5,1199.5,1199.5,0.0,0.0,,dollar_price:1199.5
2018-12-19,baghdad_kifah,1,1,1196.0,1196.0,1196.0,1196.0,0.0,0.0,,dollar_price:1196
2018-12-19,basra,1,1,1197.5,1197.0,1197.0,1197.0,0.0,0.0,,dollar_price:1197
2018-12-19,erbil,1,1,1199.5,1198.0,1198.0,1198.0,0.0,0.0,,dollar_price:1198
2018-12-19,kut,1,1,1198.0,1198.0,1198.0,1198.0,0.0,0.0,,dollar_price:1198
2018-12-20,baghdad_kifah,1,1,1196.5,1196.5,1196.5,1196.5,0.0,0.0,,dollar_price:1196.5
2018-12-20,basra,1,1,1197.5,1197.5,1197.5,1197.5,0.0,0.0,,dollar_price:1197.5
2018-12-20,erbil,1,1,1198.75,1198.75,1198.75,1198.75,0.0,0.0,,dollar_price:1198.75
2018-12-23,amarah,1,1,1197.5,1197.5,1197.5,1197.5,0.0,0.0,,dollar_price:1197.5
2018-12-23,baghdad_kifah,1,1,1196.0,1196.0,1196.0,1196.0,0.0,0.0,,dollar_price:1196
2018-12-23,basra,1,1,1197.5,1197.5,1197.5,1197.5,0.0,0.0,,dollar_price:1197.5
2018-12-23,erbil,1,1,1199.5,1199.5,1199.5,1199.5,0.0,0.0,,dollar_price:1199.5
2018-12-24,baghdad_kifah,1,1,1197.25,1197.25,1197.25,1197.25,0.0,0.0,,dollar_price:1197.25
2018-12-24,basra,1,1,1198.5,1198.5,1198.5,1198.5,0.0,0.0,,dollar_price:1198.5
2018-12-24,erbil,1,1,1201.75,1201.75,1201.75,1201.75,0.0,0.0,,dollar_price:1201.75
2018-12-25,baghdad_kifah,1,1,1197.25,1197.25,1197.25,1197.25,0.0,0.0,,dollar_price:1197.25
2018-12-25,basra,1,1,1198.5,1198.5,1198.5,1198.5,0.0,0.0,,dollar_price:1198.5
2018-12-25,erbil,1,1,1200.5,1200.5,1200.5,1200.5,0.0,0.0,,dollar_price:1200.5
2018-12-26,amarah,1,1,1198.0,1198.0,1198.0,1198.0,0.0,0.0,,dollar_price:1198
2018-12-26,baghdad_kifah,1,1,1196.75,1196.75,1196.75,1196.75,0.0,0.0,,dollar_price:1196.75
2018-12-26,basra,1,1,1197.5,1197.5,1197.5,1197.5,0.0,0.0,,dollar_price:1197.5
2018-12-26,erbil,1,1,1198.0,1198.0,1198.0,1198.0,0.0,0.0,,dollar_price:1198
2018-12-27,baghdad_generic,1,1,1197.5,1197.5,1197.5,1197.5,0.0,0.0,,dollar_price:1197.5
2018-12-27,basra,1,1,1198.0,1198.0,1198.0,1198.0,0.0,0.0,,dollar_price:1198
2018-12-27,erbil,1,1,1199.0,1199.0,1199.0,1199.0,0.0,0.0,,dollar_price:1199
2018-12-30,amarah,1,1,1200.0,1200.0,1200.0,1200.0,0.0,0.0,,dollar_price:1200
2018-12-30,baghdad_kifah,1,1,1199.5,1199.5,1199.5,1199.5,0.0,0.0,,dollar_price:1199.5
2018-12-30,basra,1,1,1200.0,1200.0,1200.0,1200.0,0.0,0.0,,dollar_price:1200
2018-12-30,erbil,1,1,1201.75,1201.75,1201.75,1201.75,0.0,0.0,,dollar_price:1201.75
2018-12-30,ramadi,1,1,1200.0,1200.0,1200.0,1200.0,0.0,0.0,,dollar_price:1200
2018-12-30,samarra,1,1,1202.0,1202.0,1202.0,1202.0,0.0,0.0,,dollar_price:1202
2018-12-30,samawah,1,1,1201.0,1201.0,1201.0,1201.0,0.0,0.0,,dollar_price:1201
2018-12-31,amarah,1,1,1201.5,1201.5,1201.5,1201.5,0.0,0.0,,dollar_price:1201.5
2018-12-31,baghdad_kifah,1,1,1200.5,1200.5,1200.5,1200.5,0.0,0.0,,dollar_price:1200.5
2018-12-31,basra,1,1,1201.0,1201.0,1201.0,1201.0,0.0,0.0,,dollar_price:1201
2018-12-31,erbil,1,1,1202.5,1202.5,1202.5,1202.5,0.0,0.0,,dollar_price:1202.5
2018-12-31,samawah,1,1,1202.5,1202.5,1202.5,1202.5,0.0,0.0,,dollar_price:1202.5
2019-01-01,baghdad_generic,1,1,1200.0,1200.0,1200.0,1200.0,0.0,0.0,,dollar_price:1200
2019-01-01,basra,1,1,1200.5,1200.5,1200.5,1200.5,0.0,0.0,,dollar_price:1200.5
2019-01-02,amarah,1,1,1201.0,1201.0,1201.0,1201.0,0.0,0.0,,dollar_price:1201
2019-01-02,babil,1,1,1201.0,1201.0,1201.0,1201.0,0.0,0.0,,dollar_price:1201
2019-01-02,baghdad_kifah,1,1,1199.5,1199.5,1199.5,1199.5,0.0,0.0,,dollar_price:1199.5
2019-01-02,basra,1,1,1200.5,1200.5,1200.5,1200.5,0.0,0.0,,dollar_price:1200.5
2019-01-02,erbil,1,1,1200.75,1200.75,1200.75,1200.75,0.0,0.0,,dollar_price:1200.75
2019-01-03,amarah,1,1,1201.0,1201.0,1201.0,1201.0,0.0,0.0,,dollar_price:1201
2019-01-03,babil,1,1,1201.0,1201.0,1201.0,1201.0,0.0,0.0,,dollar_price:1201
2019-01-03,baghdad_kifah,1,1,1199.5,1199.5,1199.5,1199.5,0.0,0.0,,dollar_price:1199.5
2019-01-03,basra,1,1,1200.5,1200.5,1200.5,1200.5,0.0,0.0,,dollar_price:1200.5
2019-01-03,erbil,1,1,1200.75,1200.75,1200.75,1200.75,0.0,0.0,,dollar_price:1200.75
2019-01-06,baghdad_generic,1,1,1199.0,1199.0,1199.0,1199.0,0.0,0.0,,dollar_price:1199
2019-01-06,basra,1,1,1200.0,1200.0,1200.0,1200.0,0.0,0.0,,dollar_price:1200
2019-01-06,erbil,1,1,1200.75,1200.75,1200.75,1200.75,0.0,0.0,,dollar_price:1200.75
2019-01-07,amarah,1,1,1201.0,1201.0,1201.0,1201.0,0.0,0.0,,dollar_price:1201
2019-01-07,baghdad_kifah,1,1,1200.0,1200.0,1200.0,1200.0,0.0,0.0,,dollar_price:1200
2019-01-07,basra,1,1,1201.0,1201.0,1201.0,1201.0,0.0,0.0,,dollar_price:1201
2019-01-07,erbil,1,1,1200.75,1200.75,1200.75,1200.75,0.0,0.0,,dollar_price:1200.75
2019-01-08,amarah,1,1,1200.5,1200.5,1200.5,1200.5,0.0,0.0,,dollar_price:1200.5
2019-01-08,baghdad_kifah,1,1,1199.0,1199.0,1199.0,1199.0,0.0,0.0,,dollar_price:1199
2019-01-08,basra,1,1,1200.0,1200.0,1200.0,1200.0,0.0,0.0,,dollar_price:1200
2019-01-08,erbil,1,1,1201.0,1201.0,1201.0,1201.0,0.0,0.0,,dollar_price:1201
2019-01-08,nasiriyah,1,1,1201.0,1201.0,1201.0,1201.0,0.0,0.0,,dollar_price:1201
2019-01-08,rutba,1,1,1202.5,1202.5,1202.5,1202.5,0.0,0.0,,dollar_price:1202.5
2019-01-08,samarra,1,1,1201.5,1201.5,1201.5,1201.5,0.0,0.0,,dollar_price:1201.5
2019-01-08,samawah,1,1,1201.0,1201.0,1201.0,1201.0,0.0,0.0,,dollar_price:1201
2019-01-09,amarah,1,1,1200.5,1200.5,1200.5,1200.5,0.0,0.0,,dollar_price:1200.5
2019-01-09,baghdad_kifah,1,1,1198.5,1198.5,1198.5,1198.5,0.0,0.0,,dollar_price:1198.5
2019-01-09,basra,1,1,1200.0,1200.0,1200.0,1200.0,0.0,0.0,,dollar_price:1200
2019-01-09,erbil,1,1,1200.5,1200.5,1200.5,1200.5,0.0,0.0,,dollar_price:1200.5
2019-01-09,rutba,1,1,1201.5,1201.5,1201.5,1201.5,0.0,0.0,,dollar_price:1201.5
2019-01-09,samawah,1,1,1201.0,1201.0,1201.0,1201.0,0.0,0.0,,dollar_price:1201
2019-01-10,amarah,1,1,1201.0,1201.0,1201.0,1201.0,0.0,0.0,,dollar_price:1201
2019-01-10,baghdad_kifah,1,1,1199.0,1199.0,1199.0,1199.0,0.0,0.0,,dollar_price:1199
2019-01-10,basra,1,1,1200.0,1200.0,1200.0,1200.0,0.0,0.0,,dollar_price:1200
2019-01-10,erbil,1,1,1199.5,1199.5,1199.5,1199.5,0.0,0.0,,dollar_price:1199.5
2019-01-13,amarah,1,1,1200.5,1200.5,1200.5,1200.5,0.0,0.0,,dollar_price:1200.5
2019-01-13,baghdad_kifah,1,1,1198.0,1198.0,1198.0,1198.0,0.0,0.0,,dollar_price:1198
2019-01-13,basra,1,1,1200.0,1200.0,1200.0,1200.0,0.0,0.0,,dollar_price:1200
2019-01-13,erbil,1,1,1199.75,1199.75,1199.75,1199.75,0.0,0.0,,dollar_price:1199.75
2019-01-13,rutba,1,1,1201.0,1201.0,1201.0,1201.0,0.0,0.0,,dollar_price:1201
2019-01-13,samawah,1,1,1200.5,1200.5,1200.5,1200.5,0.0,0.0,,dollar_price:1200.5
2019-01-14,amarah,1,1,1199.0,1199.0,1199.0,1199.0,0.0,0.0,,dollar_price:1199
2019-01-14,baghdad_kifah,1,1,1197.5,1197.5,1197.5,1197.5,0.0,0.0,,dollar_price:1197.5
2019-01-14,basra,1,1,1199.5,1199.5,1199.5,1199.5,0.0,0.0,,dollar_price:1199.5
2019-01-14,erbil,1,1,1199.5,1199.5,1199.5,1199.5,0.0,0.0,,dollar_price:1199.5
2019-01-15,amarah,1,1,1198.5,1198.5,1198.5,1198.5,0.0,0.0,,dollar_price:1198.5
2019-01-15,baghdad_kifah,1,1,1197.0,1197.0,1197.0,1197.0,0.0,0.0,,dollar_price:1197
2019-01-15,basra,1,1,1198.0,1198.0,1198.0,1198.0,0.0,0.0,,dollar_price:1198
2019-01-15,erbil,1,1,1199.5,1199.5,1199.5,1199.5,0.0,0.0,,dollar_price:1199.5
2019-01-15,rutba,1,1,1201.0,1201.0,1201.0,1201.0,0.0,0.0,,dollar_price:1201
2019-01-15,samawah,1,1,1198.5,1198.5,1198.5,1198.5,0.0,0.0,,dollar_price:1198.5
2019-01-16,amarah,1,1,1198.0,1198.0,1198.0,1198.0,0.0,0.0,,dollar_price:1198
2019-01-16,babil,1,1,1197.5,1197.5,1197.5,1197.5,0.0,0.0,,dollar_price:1197.5
2019-01-16,baghdad_kifah,1,1,1196.5,1196.5,1196.5,1196.5,0.0,0.0,,dollar_price:1196.5
2019-01-16,basra,1,1,1197.5,1197.5,1197.5,1197.5,0.0,0.0,,dollar_price:1197.5
2019-01-16,erbil,1,1,1199.0,1199.0,1199.0,1199.0,0.0,0.0,,dollar_price:1199
2019-01-16,rutba,1,1,1200.0,1200.0,1200.0,1200.0,0.0,0.0,,dollar_price:1200
2019-01-16,samarra,1,1,1198.5,1198.5,1198.5,1198.5,0.0,0.0,,dollar_price:1198.5
2019-01-17,baghdad_kifah,1,1,1197.25,1197.25,1197.25,1197.25,0.0,0.0,,dollar_price:1197.25
2019-01-17,basra,1,1,1198.5,1198.5,1198.5,1198.5,0.0,0.0,,dollar_price:1198.5
2019-01-17,erbil,1,1,1200.0,1200.0,1200.0,1200.0,0.0,0.0,,dollar_price:1200
2019-01-17,samawah,1,1,1199.0,1199.0,1199.0,1199.0,0.0,0.0,,dollar_price:1199
2019-01-20,baghdad_kifah,1,1,1197.0,1197.0,1197.0,1197.0,0.0,0.0,,dollar_price:1197
2019-01-20,basra,1,1,1198.5,1198.5,1198.5,1198.5,0.0,0.0,,dollar_price:1198.5
2019-01-20,erbil,1,1,1199.75,1199.75,1199.75,1199.75,0.0,0.0,,dollar_price:1199.75
2019-01-21,baghdad_generic,1,1,1196.0,1196.0,1196.0,1196.0,0.0,0.0,,dollar_price:1196
2019-01-21,basra,1,1,1197.5,1197.5,1197.5,1197.5,0.0,0.0,,dollar_price:1197.5
2019-01-21,erbil,1,1,1198.25,1198.25,1198.25,1198.25,0.0,0.0,,dollar_price:1198.25
2019-01-22,amarah,1,1,1197.5,1197.5,1197.5,1197.5,0.0,0.0,,dollar_price:1197.5
2019-01-22,baghdad_kifah,1,1,1196.25,1196.25,1196.25,1196.25,0.0,0.0,,dollar_price:1196.25
2019-01-22,basra,1,1,1197.5,1197.5,1197.5,1197.5,0.0,0.0,,dollar_price:1197.5
2019-01-22,erbil,1,1,1198.5,1198.5,1198.5,1198.5,0.0,0.0,,dollar_price:1198.5
2019-01-22,ramadi,1,1,1197.5,1197.5,1197.5,1197.5,0.0,0.0,,dollar_price:1197.5
2019-01-22,rutba,1,1,1199.0,1199.0,1199.0,1199.0,0.0,0.0,,dollar_price:1199
2019-01-23,amarah,1,1,1197.0,1197.0,1197.0,1197.0,0.0,0.0,,dollar_price:1197
2019-01-23,baghdad_kifah,1,1,1195.75,1195.75,1195.75,1195.75,0.0,0.0,,dollar_price:1195.75
2019-01-23,basra,1,1,1197.5,1197.5,1197.5,1197.5,0.0,0.0,,dollar_price:1197.5
2019-01-23,erbil,1,1,1198.0,1198.0,1198.0,1198.0,0.0,0.0,,dollar_price:1198
2019-01-23,rutba,1,1,1198.0,1198.0,1198.0,1198.0,0.0,0.0,,dollar_price:1198
2019-01-24,amarah,1,1,1197.0,1197.0,1197.0,1197.0,0.0,0.0,,dollar_price:1197
2019-01-24,baghdad_kifah,1,1,1195.75,1195.75,1195.75,1195.75,0.0,0.0,,dollar_price:1195.75
2019-01-24,basra,1,1,1196.5,1196.5,1196.5,1196.5,0.0,0.0,,dollar_price:1196.5
2019-01-24,erbil,1,1,1197.25,1197.25,1197.25,1197.25,0.0,0.0,,dollar_price:1197.25
2019-01-27,amarah,1,1,1197.0,1197.0,1197.0,1197.0,0.0,0.0,,dollar_price:1197
2019-01-27,baghdad_generic,1,1,1190.0,1190.0,1190.0,1190.0,0.0,0.0,,dollar_price:1190
2019-01-27,baghdad_kifah,1,1,1195.25,1195.25,1195.25,1195.25,0.0,0.0,,dollar_price:1195.25
2019-01-27,basra,1,1,1196.5,1196.5,1196.5,1196.5,0.0,0.0,,dollar_price:1196.5
2019-01-27,erbil,1,1,1196.75,1196.75,1196.75,1196.75,0.0,0.0,,dollar_price:1196.75
2019-01-27,rutba,1,1,1198.0,1198.0,1198.0,1198.0,0.0,0.0,,dollar_price:1198
2019-01-28,amarah,1,1,1197.0,1197.0,1197.0,1197.0,0.0,0.0,,dollar_price:1197
2019-01-28,baghdad_kifah,1,1,1195.75,1195.75,1195.75,1195.75,0.0,0.0,,dollar_price:1195.75
2019-01-28,basra,1,1,1196.5,1196.5,1196.5,1196.5,0.0,0.0,,dollar_price:1196.5
2019-01-28,erbil,1,1,1197.25,1197.25,1197.25,1197.25,0.0,0.0,,dollar_price:1197.25
2019-01-28,samawah,1,1,1197.5,1197.5,1197.5,1197.5,0.0,0.0,,dollar_price:1197.5
2019-01-29,baghdad_generic,1,1,1190.0,1190.0,1190.0,1190.0,0.0,0.0,,dollar_price:1190
2019-01-29,baghdad_kifah,1,1,1195.0,1195.0,1195.0,1195.0,0.0,0.0,,dollar_price:1195
2019-01-29,basra,1,1,1196.0,1196.0,1196.0,1196.0,0.0,0.0,,dollar_price:1196
2019-01-29,erbil,1,1,1195.75,1195.75,1195.75,1195.75,0.0,0.0,,dollar_price:1195.75
2019-01-29,rutba,1,1,1198.0,1198.0,1198.0,1198.0,0.0,0.0,,dollar_price:1198
2019-01-30,baghdad_kifah,1,1,1195.25,1195.25,1195.25,1195.25,0.0,0.0,,dollar_price:1195.25
2019-01-30,basra,1,1,1196.0,1196.0,1196.0,1196.0,0.0,0.0,,dollar_price:1196
2019-01-30,erbil,1,1,1195.75,1195.75,1195.75,1195.75,0.0,0.0,,dollar_price:1195.75
2019-01-31,amarah,1,1,1197.5,1197.5,1197.5,1197.5,0.0,0.0,,dollar_price:1197.5
2019-01-31,baghdad_kifah,1,1,1196.0,1196.0,1196.0,1196.0,0.0,0.0,,dollar_price:1196
2019-01-31,basra,1,1,1197.0,1197.0,1197.0,1197.0,0.0,0.0,,dollar_price:1197
2019-01-31,erbil,1,1,1196.0,1196.0,1196.0,1196.0,0.0,0.0,,dollar_price:1196
2019-02-03,amarah,1,1,1197.5,1197.5,1197.5,1197.5,0.0,0.0,,dollar_price:1197.5
2019-02-03,baghdad_kifah,1,1,1197.0,1197.0,1197.0,1197.0,0.0,0.0,,dollar_price:1197
2019-02-03,basra,1,1,1197.0,1197.0,1197.0,1197.0,0.0,0.0,,dollar_price:1197
2019-02-03,erbil,1,1,1197.25,1197.25,1197.25,1197.25,0.0,0.0,,dollar_price:1197.25
2019-02-03,samarra,1,1,1199.0,1199.0,1199.0,1199.0,0.0,0.0,,dollar_price:1199
2019-02-04,amarah,1,1,1198.5,1198.5,1198.5,1198.5,0.0,0.0,,dollar_price:1198.5
2019-02-04,baghdad_generic,1,1,1190.0,1190.0,1190.0,1190.0,0.0,0.0,,dollar_price:1190
2019-02-04,basra,1,1,1198.0,1198.0,1198.0,1198.0,0.0,0.0,,dollar_price:1198
2019-02-04,erbil,1,1,1197.5,1197.5,1197.5,1197.5,0.0,0.0,,dollar_price:1197.5
2019-02-04,rutba,1,1,1199.0,1199.0,1199.0,1199.0,0.0,0.0,,dollar_price:1199
2019-02-04,samarra,1,1,1200.0,1200.0,1200.0,1200.0,0.0,0.0,,dollar_price:1200
2019-02-04,samawah,1,1,1199.0,1199.0,1199.0,1199.0,0.0,0.0,,dollar_price:1199
2019-02-05,amarah,1,1,1198.5,1198.5,1198.5,1198.5,0.0,0.0,,dollar_price:1198.5
2019-02-05,baghdad_kifah,1,1,1197.0,1197.0,1197.0,1197.0,0.0,0.0,,dollar_price:1197
2019-02-05,basra,1,1,1197.5,1197.5,1197.5,1197.5,0.0,0.0,,dollar_price:1197.5
2019-02-05,erbil,1,1,1197.5,1197.5,1197.5,1197.5,0.0,0.0,,dollar_price:1197.5
2019-02-05,rutba,1,1,1198.5,1198.5,1198.5,1198.5,0.0,0.0,,dollar_price:1198.5
2019-02-06,amarah,1,1,1199.0,1199.0,1199.0,1199.0,0.0,0.0,,dollar_price:1199
2019-02-06,babil,1,1,1199.0,1199.0,1199.0,1199.0,0.0,0.0,,dollar_price:1199
2019-02-06,baghdad_kifah,1,1,1198.0,1198.0,1198.0,1198.0,0.0,0.0,,dollar_price:1198
2019-02-06,basra,1,1,1198.5,1198.5,1198.5,1198.5,0.0,0.0,,dollar_price:1198.5
2019-02-06,erbil,1,1,1197.75,1197.75,1197.75,1197.75,0.0,0.0,,dollar_price:1197.75
2019-02-06,rutba,1,1,1200.0,1200.0,1200.0,1200.0,0.0,0.0,,dollar_price:1200
2019-02-06,samarra,1,1,1201.0,1201.0,1201.0,1201.0,0.0,0.0,,dollar_price:1201
2019-02-10,baghdad_kifah,1,1,1200.5,1200.5,1200.5,1200.5,0.0,0.0,,dollar_price:1200.5
2019-02-10,basra,1,1,1201.0,1201.0,1201.0,1201.0,0.0,0.0,,dollar_price:1201
2019-02-10,erbil,1,1,1200.25,1200.25,1200.25,1200.25,0.0,0.0,,dollar_price:1200.25
2019-02-11,amarah,1,1,1201.5,1201.5,1201.5,1201.5,0.0,0.0,,dollar_price:1201.5
2019-02-11,baghdad_kifah,1,1,1199.5,1199.5,1199.5,1199.5,0.0,0.0,,dollar_price:1199.5
2019-02-11,basra,1,1,1200.5,1200.5,1200.5,1200.5,0.0,0.0,,dollar_price:1200.5
2019-02-11,erbil,1,1,1200.0,1200.0,1200.0,1200.0,0.0,0.0,,dollar_price:1200
2019-02-12,baghdad_kifah,1,1,1198.5,1198.5,1198.5,1198.5,0.0,0.0,,dollar_price:1198.5
2019-02-12,basra,1,1,1199.5,1199.5,1199.5,1199.5,0.0,0.0,,dollar_price:1199.5
2019-02-12,erbil,1,1,1199.0,1199.0,1199.0,1199.0,0.0,0.0,,dollar_price:1199
2019-02-14,baghdad_kifah,1,1,1198.0,1198.0,1198.0,1198.0,0.0,0.0,,dollar_price:1198
2019-02-14,basra,1,1,1198.5,1198.5,1198.5,1198.5,0.0,0.0,,dollar_price:1198.5
2019-02-14,erbil,1,1,1199.0,1199.0,1199.0,1199.0,0.0,0.0,,dollar_price:1199
2019-02-17,amarah,1,1,1199.0,1199.0,1199.0,1199.0,0.0,0.0,,dollar_price:1199
2019-02-17,baghdad_kifah,1,1,1198.0,1198.0,1198.0,1198.0,0.0,0.0,,dollar_price:1198
2019-02-17,basra,1,1,1199.0,1199.0,1199.0,1199.0,0.0,0.0,,dollar_price:1199
2019-02-17,erbil,1,1,1199.0,1199.0,1199.0,1199.0,0.0,0.0,,dollar_price:1199
2019-02-17,rutba,1,1,1200.0,1200.0,1200.0,1200.0,0.0,0.0,,dollar_price:1200
2019-02-17,samawah,1,1,1200.0,1200.0,1200.0,1200.0,0.0,0.0,,dollar_price:1200
2019-02-18,basra,1,1,1199.0,1199.0,1199.0,1199.0,0.0,0.0,,dollar_price:1199
2019-02-18,samawah,1,1,1200.0,1200.0,1200.0,1200.0,0.0,0.0,,dollar_price:1200
2019-02-19,amarah,1,1,1199.0,1199.0,1199.0,1199.0,0.0,0.0,,dollar_price:1199
2019-02-19,babil,1,1,1202.5,1202.5,1202.5,1202.5,0.0,0.0,,dollar_price:1202.5
2019-02-19,basra,1,1,1199.0,1199.0,1199.0,1199.0,0.0,0.0,,dollar_price:1199
2019-02-19,erbil,1,1,1199.0,1199.0,1199.0,1199.0,0.0,0.0,,dollar_price:1199
2019-02-19,ramadi,1,1,1199.0,1199.0,1199.0,1199.0,0.0,0.0,,dollar_price:1199
2019-02-19,rutba,1,1,1200.0,1200.0,1200.0,1200.0,0.0,0.0,,dollar_price:1200
2019-02-19,samawah,1,1,1199.5,1199.5,1199.5,1199.5,0.0,0.0,,dollar_price:1199.5
2019-02-20,amarah,1,1,1199.0,1199.0,1199.0,1199.0,0.0,0.0,,dollar_price:1199
2019-02-20,babil,1,1,1199.0,1199.0,1199.0,1199.0,0.0,0.0,,dollar_price:1199
2019-02-20,basra,1,1,1199.0,1199.0,1199.0,1199.0,0.0,0.0,,dollar_price:1199
2019-02-20,erbil,1,1,1199.0,1199.0,1199.0,1199.0,0.0,0.0,,dollar_price:1199
2019-02-20,ramadi,1,1,1199.0,1199.0,1199.0,1199.0,0.0,0.0,,dollar_price:1199
2019-02-20,rutba,1,1,1200.0,1200.0,1200.0,1200.0,0.0,0.0,,dollar_price:1200
2019-02-20,samawah,1,1,1200.0,1200.0,1200.0,1200.0,0.0,0.0,,dollar_price:1200
2019-02-21,baghdad_kifah,1,1,1199.0,1199.0,1199.0,1199.0,0.0,0.0,,dollar_price:1199
2019-02-21,erbil,1,1,1200.0,1200.0,1200.0,1200.0,0.0,0.0,,dollar_price:1200
2019-02-24,amarah,1,1,1200.0,1200.0,1200.0,1200.0,0.0,0.0,,dollar_price:1200
2019-02-24,babil,1,1,1199.5,1199.5,1199.5,1199.5,0.0,0.0,,dollar_price:1199.5
2019-02-24,baghdad_kifah,1,1,1199.25,1199.25,1199.25,1199.25,0.0,0.0,,dollar_price:1199.25
2019-02-24,basra,1,1,1201.0,1201.0,1201.0,1201.0,0.0,0.0,,dollar_price:1201
2019-02-24,erbil,1,1,1201.5,1201.5,1201.5,1201.5,0.0,0.0,,dollar_price:1201.5
2019-02-24,ramadi,1,1,1200.0,1200.0,1200.0,1200.0,0.0,0.0,,dollar_price:1200
2019-02-24,rutba,1,1,1202.5,1202.5,1202.5,1202.5,0.0,0.0,,dollar_price:1202.5
2019-02-25,amarah,1,1,1200.0,1200.0,1200.0,1200.0,0.0,0.0,,dollar_price:1200
2019-02-25,baghdad_kifah,1,1,1199.0,1199.0,1199.0,1199.0,0.0,0.0,,dollar_price:1199
2019-02-25,basra,1,1,1200.5,1200.5,1200.5,1200.5,0.0,0.0,,dollar_price:1200.5
2019-02-25,erbil,1,1,1201.0,1201.0,1201.0,1201.0,0.0,0.0,,dollar_price:1201
2019-02-25,rutba,1,1,1202.5,1202.5,1202.5,1202.5,0.0,0.0,,dollar_price:1202.5
2019-02-26,amarah,1,1,1199.5,1199.5,1199.5,1199.5,0.0,0.0,,dollar_price:1199.5
2019-02-26,babil,1,1,1198.25,1198.25,1198.25,1198.25,0.0,0.0,,dollar_price:1198.25
2019-02-26,baghdad_kifah,1,1,1198.0,1198.0,1198.0,1198.0,0.0,0.0,,dollar_price:1198
2019-02-26,basra,1,1,1199.0,1199.0,1199.0,1199.0,0.0,0.0,,dollar_price:1199
2019-02-26,erbil,1,1,1199.5,1199.5,1199.5,1199.5,0.0,0.0,,dollar_price:1199.5
2019-02-27,amarah,1,1,1199.0,1199.0,1199.0,1199.0,0.0,0.0,,dollar_price:1199
2019-02-27,baghdad_kifah,1,1,1197.5,1197.5,1197.5,1197.5,0.0,0.0,,dollar_price:1197.5
2019-02-27,basra,1,1,1199.0,1199.0,1199.0,1199.0,0.0,0.0,,dollar_price:1199
2019-02-27,erbil,1,1,1199.5,1199.5,1199.5,1199.5,0.0,0.0,,dollar_price:1199.5
2019-02-28,amarah,1,1,1198.5,1198.5,1198.5,1198.5,0.0,0.0,,dollar_price:1198.5
2019-02-28,baghdad_kifah,1,1,1197.0,1197.0,1197.0,1197.0,0.0,0.0,,dollar_price:1197
2019-02-28,basra,1,1,1199.0,1199.0,1199.0,1199.0,0.0,0.0,,dollar_price:1199
2019-02-28,erbil,1,1,1198.75,1198.75,1198.75,1198.75,0.0,0.0,,dollar_price:1198.75
2019-03-03,amarah,1,1,1198.5,1198.5,1198.5,1198.5,0.0,0.0,,dollar_price:1198.5
2019-03-03,baghdad_kifah,1,1,1197.0,1197.0,1197.0,1197.0,0.0,0.0,,dollar_price:1197
2019-03-03,basra,1,1,1199.0,1199.0,1199.0,1199.0,0.0,0.0,,dollar_price:1199
2019-03-03,erbil,1,1,1198.75,1198.75,1198.75,1198.75,0.0,0.0,,dollar_price:1198.75
2019-03-05,amarah,1,1,1200.5,1200.5,1200.5,1200.5,0.0,0.0,,dollar_price:1200.5
2019-03-05,baghdad_kifah,1,1,1199.0,1199.0,1199.0,1199.0,0.0,0.0,,dollar_price:1199
2019-03-05,basra,1,1,1200.0,1200.0,1200.0,1200.0,0.0,0.0,,dollar_price:1200
2019-03-05,erbil,1,1,1200.5,1200.5,1200.5,1200.5,0.0,0.0,,dollar_price:1200.5
2019-03-06,amarah,1,1,1201.0,1201.0,1201.0,1201.0,0.0,0.0,,dollar_price:1201
2019-03-06,baghdad_kifah,1,1,1200.0,1200.0,1200.0,1200.0,0.0,0.0,,dollar_price:1200
2019-03-06,basra,1,1,1201.0,1201.0,1201.0,1201.0,0.0,0.0,,dollar_price:1201
2019-03-06,erbil,1,1,1200.25,1200.25,1200.25,1200.25,0.0,0.0,,dollar_price:1200.25
2019-03-06,rutba,1,1,1202.5,1202.5,1202.5,1202.5,0.0,0.0,,dollar_price:1202.5
2019-03-07,amarah,1,1,1202.0,1202.0,1202.0,1202.0,0.0,0.0,,dollar_price:1202
2019-03-07,baghdad_kifah,1,1,1200.5,1200.5,1200.5,1200.5,0.0,0.0,,dollar_price:1200.5
2019-03-07,basra,1,1,1202.0,1202.0,1202.0,1202.0,0.0,0.0,,dollar_price:1202
2019-03-07,erbil,1,1,1200.25,1200.25,1200.25,1200.25,0.0,0.0,,dollar_price:1200.25
2019-03-07,rutba,1,1,1202.5,1202.5,1202.5,1202.5,0.0,0.0,,dollar_price:1202.5
2019-03-07,samawah,1,1,1202.0,1202.0,1202.0,1202.0,0.0,0.0,,dollar_price:1202
2019-03-10,amarah,1,1,1202.0,1202.0,1202.0,1202.0,0.0,0.0,,dollar_price:1202
2019-03-10,baghdad_generic,1,1,1200.0,1200.0,1200.0,1200.0,0.0,0.0,,dollar_price:1200
2019-03-10,basra,1,1,1201.0,1201.0,1201.0,1201.0,0.0,0.0,,dollar_price:1201
2019-03-10,erbil,1,1,1200.0,1200.0,1200.0,1200.0,0.0,0.0,,dollar_price:1200
2019-03-10,rutba,1,1,1202.5,1202.5,1202.5,1202.5,0.0,0.0,,dollar_price:1202.5
2019-03-11,amarah,1,1,1201.5,1201.5,1201.5,1201.5,0.0,0.0,,dollar_price:1201.5
2019-03-11,baghdad_generic,1,1,1200.0,1200.0,1200.0,1200.0,0.0,0.0,,dollar_price:1200
2019-03-11,basra,1,1,1201.5,1201.5,1201.5,1201.5,0.0,0.0,,dollar_price:1201.5
2019-03-11,erbil,1,1,1201.0,1201.0,1201.0,1201.0,0.0,0.0,,dollar_price:1201
2019-03-11,rutba,1,1,1202.5,1202.5,1202.5,1202.5,0.0,0.0,,dollar_price:1202.5
2019-03-12,baghdad_kifah,1,1,1198.5,1198.5,1198.5,1198.5,0.0,0.0,,dollar_price:1198.5
2019-03-12,basra,1,1,1199.0,1199.0,1199.0,1199.0,0.0,0.0,,dollar_price:1199
2019-03-12,erbil,1,1,1199.25,1199.25,1199.25,1199.25,0.0,0.0,,dollar_price:1199.25
2019-03-12,rutba,1,1,1202.0,1202.0,1202.0,1202.0,0.0,0.0,,dollar_price:1202
2019-03-13,baghdad_generic,1,1,1200.0,1200.0,1200.0,1200.0,0.0,0.0,,dollar_price:1200
2019-03-13,basra,1,1,1200.5,1200.5,1200.5,1200.5,0.0,0.0,,dollar_price:1200.5
2019-03-13,erbil,1,1,1200.5,1200.5,1200.5,1200.5,0.0,0.0,,dollar_price:1200.5
2019-03-14,baghdad_generic,1,1,1200.0,1200.0,1200.0,1200.0,0.0,0.0,,dollar_price:1200
2019-03-14,basra,1,1,1200.5,1200.5,1200.5,1200.5,0.0,0.0,,dollar_price:1200.5
2019-03-14,erbil,1,1,1200.5,1200.5,1200.5,1200.5,0.0,0.0,,dollar_price:1200.5
2019-03-17,amarah,1,1,1201.0,1201.0,1201.0,1201.0,0.0,0.0,,dollar_price:1201
2019-03-17,babil,1,1,1199.5,1199.5,1199.5,1199.5,0.0,0.0,,dollar_price:1199.5
2019-03-17,baghdad_kifah,1,1,1198.5,1198.5,1198.5,1198.5,0.0,0.0,,dollar_price:1198.5
2019-03-17,basra,1,1,1200.0,1200.0,1200.0,1200.0,0.0,0.0,,dollar_price:1200
2019-03-17,erbil,1,1,1201.5,1201.5,1201.5,1201.5,0.0,0.0,,dollar_price:1201.5
2019-03-17,rutba,1,1,1202.0,1202.0,1202.0,1202.0,0.0,0.0,,dollar_price:1202
2019-03-18,baghdad_generic,1,1,1200.0,1200.0,1200.0,1200.0,0.0,0.0,,dollar_price:1200
2019-03-18,erbil,1,1,1204.75,1204.75,1204.75,1204.75,0.0,0.0,,dollar_price:1204.75
2019-03-19,amarah,1,1,1202.0,1202.0,1202.0,1202.0,0.0,0.0,,dollar_price:1202
2019-03-19,baghdad_generic,1,1,1200.0,1200.0,1200.0,1200.0,0.0,0.0,,dollar_price:1200
2019-03-19,basra,1,1,1201.0,1201.0,1201.0,1201.0,0.0,0.0,,dollar_price:1201
2019-03-19,erbil,1,1,1205.0,1205.0,1205.0,1205.0,0.0,0.0,,dollar_price:1205
2019-03-19,nasiriyah,1,1,1202.0,1202.0,1202.0,1202.0,0.0,0.0,,dollar_price:1202
2019-03-19,rutba,1,1,1201.0,1201.0,1201.0,1201.0,0.0,0.0,,dollar_price:1201
2019-03-20,amarah,1,1,1200.5,1200.5,1200.5,1200.5,0.0,0.0,,dollar_price:1200.5
2019-03-20,baghdad_kifah,1,1,1199.75,1199.75,1199.75,1199.75,0.0,0.0,,dollar_price:1199.75
2019-03-20,basra,1,1,1201.0,1201.0,1201.0,1201.0,0.0,0.0,,dollar_price:1201
2019-03-20,erbil,1,1,1201.75,1201.75,1201.75,1201.75,0.0,0.0,,dollar_price:1201.75
2019-03-20,nasiriyah,1,1,1201.0,1201.0,1201.0,1201.0,0.0,0.0,,dollar_price:1201
2019-03-20,rutba,1,1,1201.0,1201.0,1201.0,1201.0,0.0,0.0,,dollar_price:1201
2019-03-20,samawah,1,1,1201.0,1201.0,1201.0,1201.0,0.0,0.0,,dollar_price:1201
2019-03-21,amarah,1,1,1200.5,1200.5,1200.5,1200.5,0.0,0.0,,dollar_price:1200.5
2019-03-21,baghdad_kifah,1,1,1199.75,1199.75,1199.75,1199.75,0.0,0.0,,dollar_price:1199.75
2019-03-21,basra,1,1,1201.0,1201.0,1201.0,1201.0,0.0,0.0,,dollar_price:1201
2019-03-21,erbil,1,1,1201.75,1201.75,1201.75,1201.75,0.0,0.0,,dollar_price:1201.75
2019-03-21,nasiriyah,1,1,1201.0,1201.0,1201.0,1201.0,0.0,0.0,,dollar_price:1201
2019-03-21,rutba,1,1,1201.0,1201.0,1201.0,1201.0,0.0,0.0,,dollar_price:1201
2019-03-21,samawah,1,1,1201.0,1201.0,1201.0,1201.0,0.0,0.0,,dollar_price:1201
2019-03-24,baghdad_generic,1,1,1199.5,1199.5,1199.5,1199.5,0.0,0.0,,dollar_price:1199.5
2019-03-24,basra,1,1,1200.0,1200.0,1200.0,1200.0,0.0,0.0,,dollar_price:1200
2019-03-25,amarah,1,1,1201.0,1201.0,1201.0,1201.0,0.0,0.0,,dollar_price:1201
2019-03-25,baghdad_kifah,1,1,1199.75,1199.75,1199.75,1199.75,0.0,0.0,,dollar_price:1199.75
2019-03-25,basra,1,1,1200.0,1200.0,1200.0,1200.0,0.0,0.0,,dollar_price:1200
2019-03-25,erbil,1,1,1201.25,1201.25,1201.25,1201.25,0.0,0.0,,dollar_price:1201.25
2019-03-26,amarah,1,1,1202.5,1202.5,1202.5,1202.5,0.0,0.0,,dollar_price:1202.5
2019-03-26,baghdad_kifah,1,1,1199.0,1199.0,1199.0,1199.0,0.0,0.0,,dollar_price:1199
2019-03-26,basra,1,1,1202.5,1202.5,1202.5,1202.5,0.0,0.0,,dollar_price:1202.5
2019-03-26,erbil,1,1,1199.5,1199.5,1199.5,1199.5,0.0,0.0,,dollar_price:1199.5
2019-03-27,amarah,1,1,1199.5,1199.5,1199.5,1199.5,0.0,0.0,,dollar_price:1199.5
2019-03-27,babil,1,1,1199.25,1199.25,1199.25,1199.25,0.0,0.0,,dollar_price:1199.25
2019-03-27,baghdad_generic,1,1,1198.0,1198.0,1198.0,1198.0,0.0,0.0,,dollar_price:1198
2019-03-27,basra,1,1,1199.0,1199.0,1199.0,1199.0,0.0,0.0,,dollar_price:1199
2019-03-27,erbil,1,1,1201.25,1201.25,1201.25,1201.25,0.0,0.0,,dollar_price:1201.25
2019-03-27,ramadi,1,1,1200.0,1200.0,1200.0,1200.0,0.0,0.0,,dollar_price:1200
2019-03-27,rutba,1,1,1201.0,1201.0,1201.0,1201.0,0.0,0.0,,dollar_price:1201
2019-03-28,amarah,1,1,1201.0,1201.0,1201.0,1201.0,0.0,0.0,,dollar_price:1201
2019-03-28,babil,1,1,1200.0,1200.0,1200.0,1200.0,0.0,0.0,,dollar_price:1200
2019-03-28,baghdad_kifah,1,1,1199.0,1199.0,1199.0,1199.0,0.0,0.0,,dollar_price:1199
2019-03-28,basra,1,1,1200.0,1200.0,1200.0,1200.0,0.0,0.0,,dollar_price:1200
2019-03-28,erbil,1,1,1200.25,1200.25,1200.25,1200.25,0.0,0.0,,dollar_price:1200.25
2019-03-31,baghdad_generic,1,1,1199.0,1199.0,1199.0,1199.0,0.0,0.0,,dollar_price:1199
2019-03-31,basra,1,1,1200.0,1200.0,1200.0,1200.0,0.0,0.0,,dollar_price:1200
2019-03-31,erbil,1,1,1200.5,1200.5,1200.5,1200.5,0.0,0.0,,dollar_price:1200.5
2019-03-31,rutba,1,1,1201.0,1201.0,1201.0,1201.0,0.0,0.0,,dollar_price:1201
2019-04-01,baghdad_generic,1,1,1195.0,1195.0,1195.0,1195.0,0.0,0.0,,dollar_price:1195
2019-04-01,basra,1,1,1199.5,1199.5,1199.5,1199.5,0.0,0.0,,dollar_price:1199.5
2019-04-01,erbil,1,1,1200.0,1200.0,1200.0,1200.0,0.0,0.0,,dollar_price:1200
2019-04-01,rutba,1,1,1202.0,1202.0,1202.0,1202.0,0.0,0.0,,dollar_price:1202
2019-04-02,baghdad_generic,1,1,1195.0,1195.0,1195.0,1195.0,0.0,0.0,,dollar_price:1195
2019-04-02,basra,1,1,1199.0,1199.0,1199.0,1199.0,0.0,0.0,,dollar_price:1199
2019-04-02,erbil,1,1,1200.0,1200.0,1200.0,1200.0,0.0,0.0,,dollar_price:1200
2019-04-02,rutba,1,1,1201.0,1201.0,1201.0,1201.0,0.0,0.0,,dollar_price:1201
2019-04-03,amarah,1,1,1200.0,1200.0,1200.0,1200.0,0.0,0.0,,dollar_price:1200
2019-04-03,baghdad_generic,1,1,1199.0,1199.0,1199.0,1199.0,0.0,0.0,,dollar_price:1199
2019-04-03,basra,1,1,1199.5,1199.5,1199.5,1199.5,0.0,0.0,,dollar_price:1199.5
2019-04-03,erbil,1,1,1200.0,1200.0,1200.0,1200.0,0.0,0.0,,dollar_price:1200
2019-04-04,amarah,1,1,1200.5,1200.5,1200.5,1200.5,0.0,0.0,,dollar_price:1200.5
2019-04-04,basra,1,1,1199.5,1199.5,1199.5,1199.5,0.0,0.0,,dollar_price:1199.5
2019-04-04,erbil,1,1,1199.75,1199.75,1199.75,1199.75,0.0,0.0,,dollar_price:1199.75
2019-04-07,amarah,1,1,1201.5,1201.5,1201.5,1201.5,0.0,0.0,,dollar_price:1201.5
2019-04-07,baghdad_generic,1,1,1195.0,1195.0,1195.0,1195.0,0.0,0.0,,dollar_price:1195
2019-04-07,basra,1,1,1200.0,1200.0,1200.0,1200.0,0.0,0.0,,dollar_price:1200
2019-04-07,erbil,1,1,1200.0,1200.0,1200.0,1200.0,0.0,0.0,,dollar_price:1200
2019-04-07,rutba,1,1,1201.0,1201.0,1201.0,1201.0,0.0,0.0,,dollar_price:1201
2019-04-07,samarra,1,1,1202.5,1202.5,1202.5,1202.5,0.0,0.0,,dollar_price:1202.5
2019-04-08,amarah,1,1,1201.5,1201.5,1201.5,1201.5,0.0,0.0,,dollar_price:1201.5
2019-04-08,baghdad_generic,1,1,1200.25,1200.25,1200.25,1200.25,0.0,0.0,,dollar_price:1200.25
2019-04-08,basra,1,1,1201.0,1201.0,1201.0,1201.0,0.0,0.0,,dollar_price:1201
2019-04-08,erbil,1,1,1201.0,1201.0,1201.0,1201.0,0.0,0.0,,dollar_price:1201
2019-04-09,amarah,1,1,1201.5,1201.5,1201.5,1201.5,0.0,0.0,,dollar_price:1201.5
2019-04-09,baghdad_generic,1,1,1200.0,1200.0,1200.0,1200.0,0.0,0.0,,dollar_price:1200
2019-04-09,basra,1,1,1201.0,1201.0,1201.0,1201.0,0.0,0.0,,dollar_price:1201
2019-04-09,erbil,1,1,1201.25,1201.25,1201.25,1201.25,0.0,0.0,,dollar_price:1201.25
2019-04-09,rutba,1,1,1201.0,1201.0,1201.0,1201.0,0.0,0.0,,dollar_price:1201
2019-04-09,samawah,1,1,1202.0,1202.0,1202.0,1202.0,0.0,0.0,,dollar_price:1202
2019-04-11,amarah,1,1,1202.0,1202.0,1202.0,1202.0,0.0,0.0,,dollar_price:1202
2019-04-11,baghdad_generic,1,1,1200.5,1200.5,1200.5,1200.5,0.0,0.0,,dollar_price:1200.5
2019-04-11,basra,1,1,1201.5,1201.5,1201.5,1201.5,0.0,0.0,,dollar_price:1201.5
2019-04-11,erbil,1,1,1201.25,1201.25,1201.25,1201.25,0.0,0.0,,dollar_price:1201.25
2019-04-11,rutba,1,1,1202.5,1202.5,1202.5,1202.5,0.0,0.0,,dollar_price:1202.5
2019-04-14,amarah,1,1,1202.0,1202.0,1202.0,1202.0,0.0,0.0,,dollar_price:1202
2019-04-14,baghdad_generic,1,1,1200.0,1200.0,1200.0,1200.0,0.0,0.0,,dollar_price:1200
2019-04-14,basra,1,1,1201.5,1201.5,1201.5,1201.5,0.0,0.0,,dollar_price:1201.5
2019-04-14,erbil,1,1,1201.25,1201.25,1201.25,1201.25,0.0,0.0,,dollar_price:1201.25
2019-04-14,rutba,1,1,1202.0,1202.0,1202.0,1202.0,0.0,0.0,,dollar_price:1202
2019-04-15,amarah,1,1,1202.5,1202.5,1202.5,1202.5,0.0,0.0,,dollar_price:1202.5
2019-04-15,basra,1,1,1202.0,1202.0,1202.0,1202.0,0.0,0.0,,dollar_price:1202
2019-04-15,erbil,1,1,1201.75,1201.75,1201.75,1201.75,0.0,0.0,,dollar_price:1201.75
2019-04-15,rutba,1,1,1202.0,1202.0,1202.0,1202.0,0.0,0.0,,dollar_price:1202
2019-04-16,amarah,1,1,1201.5,1201.5,1201.5,1201.5,0.0,0.0,,dollar_price:1201.5
2019-04-16,basra,1,1,1201.5,1201.5,1201.5,1201.5,0.0,0.0,,dollar_price:1201.5
2019-04-16,erbil,1,1,1201.75,1201.75,1201.75,1201.75,0.0,0.0,,dollar_price:1201.75
2019-04-17,amarah,1,1,1201.5,1201.5,1201.5,1201.5,0.0,0.0,,dollar_price:1201.5
2019-04-17,baghdad_generic,1,1,1199.5,1199.5,1199.5,1199.5,0.0,0.0,,dollar_price:1199.5
2019-04-17,basra,1,1,1201.5,1201.5,1201.5,1201.5,0.0,0.0,,dollar_price:1201.5
2019-04-17,erbil,1,1,1203.0,1203.0,1203.0,1203.0,0.0,0.0,,dollar_price:1203
2019-04-18,amarah,1,1,1201.0,1201.0,1201.0,1201.0,0.0,0.0,,dollar_price:1201
2019-04-18,basra,1,1,1201.0,1201.0,1201.0,1201.0,0.0,0.0,,dollar_price:1201
2019-04-18,erbil,1,1,1202.75,1202.75,1202.75,1202.75,0.0,0.0,,dollar_price:1202.75
2019-04-18,ramadi,1,1,1201.0,1201.0,1201.0,1201.0,0.0,0.0,,dollar_price:1201
2019-04-18,rutba,1,1,1201.0,1201.0,1201.0,1201.0,0.0,0.0,,dollar_price:1201
2019-04-18,samarra,1,1,1201.5,1201.5,1201.5,1201.5,0.0,0.0,,dollar_price:1201.5
2019-04-21,amarah,1,1,1201.0,1201.0,1201.0,1201.0,0.0,0.0,,dollar_price:1201
2019-04-21,basra,1,1,1201.0,1201.0,1201.0,1201.0,0.0,0.0,,dollar_price:1201
2019-04-21,erbil,1,1,1202.75,1202.75,1202.75,1202.75,0.0,0.0,,dollar_price:1202.75
2019-04-21,rutba,1,1,1201.5,1201.5,1201.5,1201.5,0.0,0.0,,dollar_price:1201.5
2019-04-22,amarah,1,1,1201.0,1201.0,1201.0,1201.0,0.0,0.0,,dollar_price:1201
2019-04-22,basra,1,1,1201.0,1201.0,1201.0,1201.0,0.0,0.0,,dollar_price:1201
2019-04-22,erbil,1,1,1201.5,1201.5,1201.5,1201.5,0.0,0.0,,dollar_price:1201.5
2019-04-22,rutba,1,1,1201.5,1201.5,1201.5,1201.5,0.0,0.0,,dollar_price:1201.5
2019-04-23,amarah,1,1,1201.0,1201.0,1201.0,1201.0,0.0,0.0,,dollar_price:1201
2019-04-23,baghdad_generic,1,1,1200.0,1200.0,1200.0,1200.0,0.0,0.0,,dollar_price:1200
2019-04-23,basra,1,1,1201.0,1201.0,1201.0,1201.0,0.0,0.0,,dollar_price:1201
2019-04-23,erbil,1,1,1201.75,1201.75,1201.75,1201.75,0.0,0.0,,dollar_price:1201.75
2019-04-23,ramadi,1,1,1201.0,1201.0,1201.0,1201.0,0.0,0.0,,dollar_price:1201
2019-04-24,amarah,1,1,1201.0,1201.0,1201.0,1201.0,0.0,0.0,,dollar_price:1201
2019-04-24,baghdad_generic,1,1,1199.5,1199.5,1199.5,1199.5,0.0,0.0,,dollar_price:1199.5
2019-04-24,basra,1,1,1201.0,1201.0,1201.0,1201.0,0.0,0.0,,dollar_price:1201
2019-04-24,erbil,1,1,1201.5,1201.5,1201.5,1201.5,0.0,0.0,,dollar_price:1201.5
2019-04-24,rutba,1,1,1201.0,1201.0,1201.0,1201.0,0.0,0.0,,dollar_price:1201
2019-04-25,amarah,1,1,1200.5,1200.5,1200.5,1200.5,0.0,0.0,,dollar_price:1200.5
2019-04-25,baghdad_generic,1,1,1199.25,1199.25,1199.25,1199.25,0.0,0.0,,dollar_price:1199.25
2019-04-25,basra,1,1,1200.5,1200.5,1200.5,1200.5,0.0,0.0,,dollar_price:1200.5
2019-04-25,erbil,1,1,1200.75,1200.75,1200.75,1200.75,0.0,0.0,,dollar_price:1200.75
2019-04-25,rutba,1,1,1201.5,1201.5,1201.5,1201.5,0.0,0.0,,dollar_price:1201.5
2019-04-28,amarah,1,1,1200.5,1200.5,1200.5,1200.5,0.0,0.0,,dollar_price:1200.5
2019-04-28,baghdad_generic,1,1,1199.0,1199.0,1199.0,1199.0,0.0,0.0,,dollar_price:1199
2019-04-28,basra,1,1,1200.0,1200.0,1200.0,1200.0,0.0,0.0,,dollar_price:1200
2019-04-28,erbil,1,1,1200.5,1200.5,1200.5,1200.5,0.0,0.0,,dollar_price:1200.5
2019-04-28,ramadi,1,1,1200.0,1200.0,1200.0,1200.0,0.0,0.0,,dollar_price:1200
2019-04-28,rutba,1,1,1201.5,1201.5,1201.5,1201.5,0.0,0.0,,dollar_price:1201.5
2019-04-29,amarah,1,1,1200.5,1200.5,1200.5,1200.5,0.0,0.0,,dollar_price:1200.5
2019-04-29,babil,1,1,1200.0,1200.0,1200.0,1200.0,0.0,0.0,,dollar_price:1200
2019-04-29,baghdad_generic,1,1,1195.0,1195.0,1195.0,1195.0,0.0,0.0,,dollar_price:1195
2019-04-29,basra,1,1,1200.0,1200.0,1200.0,1200.0,0.0,0.0,,dollar_price:1200
2019-04-29,erbil,1,1,1201.0,1201.0,1201.0,1201.0,0.0,0.0,,dollar_price:1201
2019-04-29,rutba,1,1,1201.5,1201.5,1201.5,1201.5,0.0,0.0,,dollar_price:1201.5
2019-04-30,baghdad_generic,1,1,1198.75,1198.75,1198.75,1198.75,0.0,0.0,,dollar_price:1198.75
2019-04-30,basra,1,1,1200.0,1200.0,1200.0,1200.0,0.0,0.0,,dollar_price:1200
2019-04-30,erbil,1,1,1200.75,1200.75,1200.75,1200.75,0.0,0.0,,dollar_price:1200.75
2019-04-30,rutba,1,1,1201.5,1201.5,1201.5,1201.5,0.0,0.0,,dollar_price:1201.5
2019-05-01,amarah,1,1,1200.5,1200.5,1200.5,1200.5,0.0,0.0,,dollar_price:1200.5
2019-05-01,baghdad_generic,1,1,1199.25,1199.25,1199.25,1199.25,0.0,0.0,,dollar_price:1199.25
2019-05-01,basra,1,1,1200.0,1200.0,1200.0,1200.0,0.0,0.0,,dollar_price:1200
2019-05-01,erbil,1,1,1200.75,1200.75,1200.75,1200.75,0.0,0.0,,dollar_price:1200.75
2019-05-01,ramadi,1,1,1200.0,1200.0,1200.0,1200.0,0.0,0.0,,dollar_price:1200
2019-05-01,rutba,1,1,1201.0,1201.0,1201.0,1201.0,0.0,0.0,,dollar_price:1201
2019-05-01,samarra,1,1,1201.5,1201.5,1201.5,1201.5,0.0,0.0,,dollar_price:1201.5
2019-05-02,amarah,1,1,1200.5,1200.5,1200.5,1200.5,0.0,0.0,,dollar_price:1200.5
2019-05-02,baghdad_generic,1,1,1199.0,1199.0,1199.0,1199.0,0.0,0.0,,dollar_price:1199
2019-05-02,basra,1,1,1200.0,1200.0,1200.0,1200.0,0.0,0.0,,dollar_price:1200
2019-05-02,erbil,1,1,1200.5,1200.5,1200.5,1200.5,0.0,0.0,,dollar_price:1200.5
2019-05-02,rutba,1,1,1201.0,1201.0,1201.0,1201.0,0.0,0.0,,dollar_price:1201
2019-05-05,amarah,1,1,1202.5,1202.5,1202.5,1202.5,0.0,0.0,,dollar_price:1202.5
2019-05-05,baghdad_generic,1,1,1200.5,1200.5,1200.5,1200.5,0.0,0.0,,dollar_price:1200.5
2019-05-05,basra,1,1,1201.0,1201.0,1201.0,1201.0,0.0,0.0,,dollar_price:1201
2019-05-05,erbil,1,1,1200.0,1200.0,1200.0,1200.0,0.0,0.0,,dollar_price:1200
2019-05-05,rutba,1,1,1201.5,1201.5,1201.5,1201.5,0.0,0.0,,dollar_price:1201.5
2019-05-06,amarah,1,1,1202.5,1202.5,1202.5,1202.5,0.0,0.0,,dollar_price:1202.5
2019-05-06,baghdad_generic,1,1,1201.0,1201.0,1201.0,1201.0,0.0,0.0,,dollar_price:1201
2019-05-06,basra,1,1,1202.0,1202.0,1202.0,1202.0,0.0,0.0,,dollar_price:1202
2019-05-06,erbil,1,1,1200.25,1200.25,1200.25,1200.25,0.0,0.0,,dollar_price:1200.25
2019-05-06,ramadi,1,1,1202.5,1202.5,1202.5,1202.5,0.0,0.0,,dollar_price:1202.5
2019-05-06,rutba,1,1,1203.0,1203.0,1203.0,1203.0,0.0,0.0,,dollar_price:1203
2019-05-06,samawah,1,1,1203.0,1203.0,1203.0,1203.0,0.0,0.0,,dollar_price:1203
2019-05-07,amarah,1,1,1201.0,1201.0,1201.0,1201.0,0.0,0.0,,dollar_price:1201
2019-05-07,baghdad_kifah,1,1,1199.25,1199.25,1199.25,1199.25,0.0,0.0,,dollar_price:1199.25
2019-05-07,basra,1,1,1202.5,1202.5,1202.5,1202.5,0.0,0.0,,dollar_price:1202.5
2019-05-07,erbil,1,1,1200.0,1200.0,1200.0,1200.0,0.0,0.0,,dollar_price:1200
2019-05-07,ramadi,1,1,1202.5,1202.5,1202.5,1202.5,0.0,0.0,,dollar_price:1202.5
2019-05-07,rutba,1,1,1202.0,1202.0,1202.0,1202.0,0.0,0.0,,dollar_price:1202
2019-05-08,amarah,1,1,1201.0,1201.0,1201.0,1201.0,0.0,0.0,,dollar_price:1201
2019-05-08,baghdad_kifah,1,1,1199.25,1199.25,1199.25,1199.25,0.0,0.0,,dollar_price:1199.25
2019-05-08,basra,1,1,1201.0,1201.0,1201.0,1201.0,0.0,0.0,,dollar_price:1201
2019-05-08,erbil,1,1,1197.5,1197.5,1197.5,1197.5,0.0,0.0,,dollar_price:1197.5
2019-05-08,ramadi,1,1,1201.0,1201.0,1201.0,1201.0,0.0,0.0,,dollar_price:1201
2019-05-08,rutba,1,1,1201.0,1201.0,1201.0,1201.0,0.0,0.0,,dollar_price:1201
2019-05-09,amarah,1,1,1201.0,1201.0,1201.0,1201.0,0.0,0.0,,dollar_price:1201
2019-05-09,babil,1,1,1200.25,1200.25,1200.25,1200.25,0.0,0.0,,dollar_price:1200.25
2019-05-09,baghdad_generic,1,1,1200.0,1200.0,1200.0,1200.0,0.0,0.0,,dollar_price:1200
2019-05-09,basra,1,1,1201.0,1201.0,1201.0,1201.0,0.0,0.0,,dollar_price:1201
2019-05-09,erbil,1,1,1199.5,1199.5,1199.5,1199.5,0.0,0.0,,dollar_price:1199.5
2019-05-09,nasiriyah,1,1,1201.0,1201.0,1201.0,1201.0,0.0,0.0,,dollar_price:1201
2019-05-09,rutba,1,1,1201.0,1201.0,1201.0,1201.0,0.0,0.0,,dollar_price:1201
2019-05-09,samarra,1,1,1202.0,1202.0,1202.0,1202.0,0.0,0.0,,dollar_price:1202
2019-05-09,samawah,1,1,1201.0,1201.0,1201.0,1201.0,0.0,0.0,,dollar_price:1201
2019-05-12,amarah,1,1,1202.0,1202.0,1202.0,1202.0,0.0,0.0,,dollar_price:1202
2019-05-12,baghdad_generic,1,1,1200.5,1200.5,1200.5,1200.5,0.0,0.0,,dollar_price:1200.5
2019-05-12,erbil,1,1,1200.75,1200.75,1200.75,1200.75,0.0,0.0,,dollar_price:1200.75
2019-05-13,baghdad_generic,1,1,1199.75,1199.75,1199.75,1199.75,0.0,0.0,,dollar_price:1199.75
2019-05-13,basra,1,1,1201.5,1201.5,1201.5,1201.5,0.0,0.0,,dollar_price:1201.5
2019-05-13,erbil,1,1,1200.5,1200.5,1200.5,1200.5,0.0,0.0,,dollar_price:1200.5
2019-05-13,nasiriyah,1,1,1201.5,1201.5,1201.5,1201.5,0.0,0.0,,dollar_price:1201.5
2019-05-14,amarah,1,1,1201.5,1201.5,1201.5,1201.5,0.0,0.0,,dollar_price:1201.5
2019-05-14,baghdad_generic,1,1,1199.5,1199.5,1199.5,1199.5,0.0,0.0,,dollar_price:1199.5
2019-05-14,basra,1,1,1201.0,1201.0,1201.0,1201.0,0.0,0.0,,dollar_price:1201
2019-05-14,erbil,1,1,1200.0,1200.0,1200.0,1200.0,0.0,0.0,,dollar_price:1200
2019-05-14,samarra,1,1,1201.5,1201.5,1201.5,1201.5,0.0,0.0,,dollar_price:1201.5
2019-05-14,samawah,1,1,1201.5,1201.5,1201.5,1201.5,0.0,0.0,,dollar_price:1201.5
2019-05-15,babil,1,1,1200.0,1200.0,1200.0,1200.0,0.0,0.0,,dollar_price:1200
2019-05-15,baghdad_generic,1,1,1195.0,1195.0,1195.0,1195.0,0.0,0.0,,dollar_price:1195
2019-05-15,baghdad_kifah,1,1,1199.5,1199.5,1199.5,1199.5,0.0,0.0,,dollar_price:1199.5
2019-05-15,basra,1,1,1201.0,1201.0,1201.0,1201.0,0.0,0.0,,dollar_price:1201
2019-05-15,erbil,1,1,1200.75,1200.75,1200.75,1200.75,0.0,0.0,,dollar_price:1200.75
2019-05-15,rutba,1,1,1201.5,1201.5,1201.5,1201.5,0.0,0.0,,dollar_price:1201.5
2019-05-16,amarah,1,1,1201.0,1201.0,1201.0,1201.0,0.0,0.0,,dollar_price:1201
2019-05-16,babil,1,1,1200.0,1200.0,1200.0,1200.0,0.0,0.0,,dollar_price:1200
2019-05-16,baghdad_generic,1,1,1195.0,1195.0,1195.0,1195.0,0.0,0.0,,dollar_price:1195
2019-05-16,baghdad_kifah,1,1,1199.5,1199.5,1199.5,1199.5,0.0,0.0,,dollar_price:1199.5
2019-05-16,basra,1,1,1201.0,1201.0,1201.0,1201.0,0.0,0.0,,dollar_price:1201
2019-05-16,erbil,1,1,1201.25,1201.25,1201.25,1201.25,0.0,0.0,,dollar_price:1201.25
2019-05-16,rutba,1,1,1201.0,1201.0,1201.0,1201.0,0.0,0.0,,dollar_price:1201
2019-05-19,baghdad_generic,1,1,1195.0,1195.0,1195.0,1195.0,0.0,0.0,,dollar_price:1195
2019-05-19,baghdad_kifah,1,1,1199.5,1199.5,1199.5,1199.5,0.0,0.0,,dollar_price:1199.5
2019-05-19,basra,1,1,1201.0,1201.0,1201.0,1201.0,0.0,0.0,,dollar_price:1201
2019-05-19,erbil,1,1,1202.25,1202.25,1202.25,1202.25,0.0,0.0,,dollar_price:1202.25
2019-05-19,samawah,1,1,1201.5,1201.5,1201.5,1201.5,0.0,0.0,,dollar_price:1201.5
2019-05-20,amarah,1,1,1201.0,1201.0,1201.0,1201.0,0.0,0.0,,dollar_price:1201
2019-05-20,baghdad_generic,1,1,1195.0,1195.0,1195.0,1195.0,0.0,0.0,,dollar_price:1195
2019-05-20,baghdad_kifah,1,1,1199.5,1199.5,1199.5,1199.5,0.0,0.0,,dollar_price:1199.5
2019-05-20,basra,1,1,1201.0,1201.0,1201.0,1201.0,0.0,0.0,,dollar_price:1201
2019-05-20,erbil,1,1,1201.5,1201.5,1201.5,1201.5,0.0,0.0,,dollar_price:1201.5
2019-05-20,samawah,1,1,1201.5,1201.5,1201.5,1201.5,0.0,0.0,,dollar_price:1201.5
2019-05-21,amarah,1,1,1200.5,1200.5,1200.5,1200.5,0.0,0.0,,dollar_price:1200.5
2019-05-21,baghdad_generic,1,1,1198.75,1198.75,1198.75,1198.75,0.0,0.0,,dollar_price:1198.75
2019-05-21,basra,1,1,1200.5,1200.5,1200.5,1200.5,0.0,0.0,,dollar_price:1200.5
2019-05-21,erbil,1,1,1201.0,1201.0,1201.0,1201.0,0.0,0.0,,dollar_price:1201
2019-05-21,ramadi,1,1,1200.0,1200.0,1200.0,1200.0,0.0,0.0,,dollar_price:1200
2019-05-21,samarra,1,1,1201.0,1201.0,1201.0,1201.0,0.0,0.0,,dollar_price:1201
2019-05-22,amarah,1,1,1200.5,1200.5,1200.5,1200.5,0.0,0.0,,dollar_price:1200.5
2019-05-22,baghdad_generic,1,1,1195.0,1195.0,1195.0,1195.0,0.0,0.0,,dollar_price:1195
2019-05-22,baghdad_kifah,1,1,1198.25,1198.25,1198.25,1198.25,0.0,0.0,,dollar_price:1198.25
2019-05-22,basra,1,1,1200.5,1200.5,1200.5,1200.5,0.0,0.0,,dollar_price:1200.5
2019-05-22,erbil,1,1,1200.5,1200.5,1200.5,1200.5,0.0,0.0,,dollar_price:1200.5
2019-05-22,rutba,1,1,1201.0,1201.0,1201.0,1201.0,0.0,0.0,,dollar_price:1201
2019-05-23,amarah,1,1,1200.5,1200.5,1200.5,1200.5,0.0,0.0,,dollar_price:1200.5
2019-05-23,baghdad_generic,1,1,1192.5,1192.5,1192.5,1192.5,0.0,0.0,,dollar_price:1192.5
2019-05-23,baghdad_kifah,1,1,1197.75,1197.75,1197.75,1197.75,0.0,0.0,,dollar_price:1197.75
2019-05-23,basra,1,1,1200.0,1200.0,1200.0,1200.0,0.0,0.0,,dollar_price:1200
2019-05-23,erbil,1,1,1198.5,1198.5,1198.5,1198.5,0.0,0.0,,dollar_price:1198.5
2019-05-23,nasiriyah,1,1,1200.0,1200.0,1200.0,1200.0,0.0,0.0,,dollar_price:1200
2019-05-23,rutba,1,1,1201.0,1201.0,1201.0,1201.0,0.0,0.0,,dollar_price:1201
2019-05-26,amarah,1,1,1200.0,1200.0,1200.0,1200.0,0.0,0.0,,dollar_price:1200
2019-05-26,babil,1,1,1199.5,1199.5,1199.5,1199.5,0.0,0.0,,dollar_price:1199.5
2019-05-26,baghdad_generic,1,1,1192.5,1192.5,1192.5,1192.5,0.0,0.0,,dollar_price:1192.5
2019-05-26,baghdad_kifah,1,1,1199.0,1199.0,1199.0,1199.0,0.0,0.0,,dollar_price:1199
2019-05-26,basra,1,1,1200.0,1200.0,1200.0,1200.0,0.0,0.0,,dollar_price:1200
2019-05-26,erbil,1,1,1199.25,1199.25,1199.25,1199.25,0.0,0.0,,dollar_price:1199.25
2019-05-26,rutba,1,1,1201.0,1201.0,1201.0,1201.0,0.0,0.0,,dollar_price:1201
2019-05-28,amarah,1,1,1200.5,1200.5,1200.5,1200.5,0.0,0.0,,dollar_price:1200.5
2019-05-28,baghdad_generic,1,1,1192.5,1192.5,1192.5,1192.5,0.0,0.0,,dollar_price:1192.5
2019-05-28,baghdad_kifah,1,1,1198.25,1198.25,1198.25,1198.25,0.0,0.0,,dollar_price:1198.25
2019-05-28,basra,1,1,1200.0,1200.0,1200.0,1200.0,0.0,0.0,,dollar_price:1200
2019-05-28,erbil,1,1,1196.75,1196.75,1196.75,1196.75,0.0,0.0,,dollar_price:1196.75
2019-05-28,rutba,1,1,1201.0,1201.0,1201.0,1201.0,0.0,0.0,,dollar_price:1201
2019-05-28,samawah,1,1,1200.0,1200.0,1200.0,1200.0,0.0,0.0,,dollar_price:1200
2019-05-29,amarah,1,1,1200.0,1200.0,1200.0,1200.0,0.0,0.0,,dollar_price:1200
2019-05-29,baghdad_generic,1,1,1192.5,1192.5,1192.5,1192.5,0.0,0.0,,dollar_price:1192.5
2019-05-29,baghdad_kifah,1,1,1197.5,1197.5,1197.5,1197.5,0.0,0.0,,dollar_price:1197.5
2019-05-29,basra,1,1,1200.0,1200.0,1200.0,1200.0,0.0,0.0,,dollar_price:1200
2019-05-29,erbil,1,1,1195.25,1195.25,1195.25,1195.25,0.0,0.0,,dollar_price:1195.25
2019-05-29,rutba,1,1,1201.0,1201.0,1201.0,1201.0,0.0,0.0,,dollar_price:1201
2019-05-29,samawah,1,1,1200.0,1200.0,1200.0,1200.0,0.0,0.0,,dollar_price:1200
2019-05-30,amarah,1,1,1200.0,1200.0,1200.0,1200.0,0.0,0.0,,dollar_price:1200
2019-05-30,baghdad_generic,1,1,1192.5,1192.5,1192.5,1192.5,0.0,0.0,,dollar_price:1192.5
2019-05-30,baghdad_kifah,1,1,1198.0,1198.0,1198.0,1198.0,0.0,0.0,,dollar_price:1198
2019-05-30,basra,1,1,1200.0,1200.0,1200.0,1200.0,0.0,0.0,,dollar_price:1200
2019-05-30,erbil,1,1,1197.5,1197.5,1197.5,1197.5,0.0,0.0,,dollar_price:1197.5
2019-05-30,rutba,1,1,1201.0,1201.0,1201.0,1201.0,0.0,0.0,,dollar_price:1201
2019-05-30,samawah,1,1,1200.0,1200.0,1200.0,1200.0,0.0,0.0,,dollar_price:1200
2019-06-02,amarah,1,1,1200.5,1200.5,1200.5,1200.5,0.0,0.0,,dollar_price:1200.5
2019-06-02,baghdad_generic,1,1,1195.0,1195.0,1195.0,1195.0,0.0,0.0,,dollar_price:1195
2019-06-02,baghdad_kifah,1,1,1199.75,1199.75,1199.75,1199.75,0.0,0.0,,dollar_price:1199.75
2019-06-02,basra,1,1,1200.0,1200.0,1200.0,1200.0,0.0,0.0,,dollar_price:1200
2019-06-02,erbil,1,1,1202.0,1202.0,1202.0,1202.0,0.0,0.0,,dollar_price:1202
2019-06-02,rutba,1,1,1201.0,1201.0,1201.0,1201.0,0.0,0.0,,dollar_price:1201
2019-06-03,amarah,1,1,1202.0,1202.0,1202.0,1202.0,0.0,0.0,,dollar_price:1202
2019-06-03,baghdad_generic,1,1,1195.0,1195.0,1195.0,1195.0,0.0,0.0,,dollar_price:1195
2019-06-03,baghdad_kifah,1,1,1201.5,1201.5,1201.5,1201.5,0.0,0.0,,dollar_price:1201.5
2019-06-03,basra,1,1,1202.0,1202.0,1202.0,1202.0,0.0,0.0,,dollar_price:1202
2019-06-03,samawah,1,1,1203.0,1203.0,1203.0,1203.0,0.0,0.0,,dollar_price:1203
2019-06-09,basra,1,1,1202.0,1202.0,1202.0,1202.0,0.0,0.0,,dollar_price:1202
2019-06-09,erbil,1,1,1201.5,1201.5,1201.5,1201.5,0.0,0.0,,dollar_price:1201.5
2019-06-10,amarah,1,1,1203.0,1203.0,1203.0,1203.0,0.0,0.0,,dollar_price:1203
2019-06-10,basra,1,1,1202.5,1202.5,1202.5,1202.5,0.0,0.0,,dollar_price:1202.5
2019-06-10,erbil,1,1,1201.5,1201.5,1201.5,1201.5,0.0,0.0,,dollar_price:1201.5
2019-06-10,nasiriyah,1,1,1203.0,1203.0,1203.0,1203.0,0.0,0.0,,dollar_price:1203
2019-06-10,ramadi,1,1,1202.5,1202.5,1202.5,1202.5,0.0,0.0,,dollar_price:1202.5
2019-06-10,samawah,1,1,1202.5,1202.5,1202.5,1202.5,0.0,0.0,,dollar_price:1202.5
2019-06-11,amarah,1,1,1203.5,1203.5,1203.5,1203.5,0.0,0.0,,dollar_price:1203.5
2019-06-11,baghdad_kifah,1,1,1202.0,1202.0,1202.0,1202.0,0.0,0.0,,dollar_price:1202
2019-06-11,basra,1,1,1203.0,1203.0,1203.0,1203.0,0.0,0.0,,dollar_price:1203
2019-06-11,erbil,1,1,1202.5,1202.5,1202.5,1202.5,0.0,0.0,,dollar_price:1202.5
2019-06-11,nasiriyah,1,1,1203.5,1203.5,1203.5,1203.5,0.0,0.0,,dollar_price:1203.5
2019-06-11,ramadi,1,1,1202.5,1202.5,1202.5,1202.5,0.0,0.0,,dollar_price:1202.5
2019-06-11,rutba,1,1,1202.5,1202.5,1202.5,1202.5,0.0,0.0,,dollar_price:1202.5
2019-06-11,samawah,1,1,1203.5,1203.5,1203.5,1203.5,0.0,0.0,,dollar_price:1203.5
2019-06-12,amarah,1,1,1203.0,1203.0,1203.0,1203.0,0.0,0.0,,dollar_price:1203
2019-06-12,baghdad_kifah,1,1,1201.5,1201.5,1201.5,1201.5,0.0,0.0,,dollar_price:1201.5
2019-06-12,basra,1,1,1202.5,1202.5,1202.5,1202.5,0.0,0.0,,dollar_price:1202.5
2019-06-12,erbil,1,1,1201.5,1201.5,1201.5,1201.5,0.0,0.0,,dollar_price:1201.5
2019-06-13,amarah,1,1,1202.0,1202.0,1202.0,1202.0,0.0,0.0,,dollar_price:1202
2019-06-13,baghdad_kifah,1,1,1201.0,1201.0,1201.0,1201.0,0.0,0.0,,dollar_price:1201
2019-06-13,basra,1,1,1201.5,1201.5,1201.5,1201.5,0.0,0.0,,dollar_price:1201.5
2019-06-13,erbil,1,1,1202.0,1202.0,1202.0,1202.0,0.0,0.0,,dollar_price:1202
2019-06-13,nasiriyah,1,1,1202.5,1202.5,1202.5,1202.5,0.0,0.0,,dollar_price:1202.5
2019-06-13,rutba,1,1,1202.5,1202.5,1202.5,1202.5,0.0,0.0,,dollar_price:1202.5
2019-06-13,samawah,1,1,1202.5,1202.5,1202.5,1202.5,0.0,0.0,,dollar_price:1202.5
2019-06-16,amarah,1,1,1202.5,1202.5,1202.5,1202.5,0.0,0.0,,dollar_price:1202.5
2019-06-16,baghdad_generic,1,1,1201.5,1201.5,1201.5,1201.5,0.0,0.0,,dollar_price:1201.5
2019-06-16,basra,1,1,1203.0,1203.0,1203.0,1203.0,0.0,0.0,,dollar_price:1203
2019-06-16,erbil,1,1,1203.0,1203.0,1203.0,1203.0,0.0,0.0,,dollar_price:1203
2019-06-16,rutba,1,1,1202.0,1202.0,1202.0,1202.0,0.0,0.0,,dollar_price:1202
2019-06-16,samawah,1,1,1202.5,1202.5,1202.5,1202.5,0.0,0.0,,dollar_price:1202.5
2019-06-17,baghdad_generic,1,1,1200.5,1200.5,1200.5,1200.5,0.0,0.0,,dollar_price:1200.5
2019-06-17,basra,1,1,1202.0,1202.0,1202.0,1202.0,0.0,0.0,,dollar_price:1202
2019-06-17,erbil,1,1,1201.0,1201.0,1201.0,1201.0,0.0,0.0,,dollar_price:1201
2019-06-17,rutba,1,1,1202.5,1202.5,1202.5,1202.5,0.0,0.0,,dollar_price:1202.5
2019-06-18,baghdad_generic,1,1,1201.0,1201.0,1201.0,1201.0,0.0,0.0,,dollar_price:1201
2019-06-18,basra,1,1,1201.5,1201.5,1201.5,1201.5,0.0,0.0,,dollar_price:1201.5
2019-06-18,erbil,1,1,1201.5,1201.5,1201.5,1201.5,0.0,0.0,,dollar_price:1201.5
2019-06-19,amarah,1,1,1202.5,1202.5,1202.5,1202.5,0.0,0.0,,dollar_price:1202.5
2019-06-19,baghdad_generic,1,1,1201.5,1201.5,1201.5,1201.5,0.0,0.0,,dollar_price:1201.5
2019-06-19,basra,1,1,1202.5,1202.5,1202.5,1202.5,0.0,0.0,,dollar_price:1202.5
2019-06-19,erbil,1,1,1202.25,1202.25,1202.25,1202.25,0.0,0.0,,dollar_price:1202.25
2019-06-19,rutba,1,1,1202.0,1202.0,1202.0,1202.0,0.0,0.0,,dollar_price:1202
2019-06-23,amarah,1,1,1202.5,1202.5,1202.5,1202.5,0.0,0.0,,dollar_price:1202.5
2019-06-23,baghdad_generic,1,1,1201.5,1201.5,1201.5,1201.5,0.0,0.0,,dollar_price:1201.5
2019-06-23,basra,1,1,1202.0,1202.0,1202.0,1202.0,0.0,0.0,,dollar_price:1202
2019-06-23,erbil,1,1,1202.5,1202.5,1202.5,1202.5,0.0,0.0,,dollar_price:1202.5
2019-06-23,rutba,1,1,1202.5,1202.5,1202.5,1202.5,0.0,0.0,,dollar_price:1202.5
2019-06-23,samawah,1,1,1202.5,1202.5,1202.5,1202.5,0.0,0.0,,dollar_price:1202.5
2019-06-24,amarah,1,1,1202.5,1202.5,1202.5,1202.5,0.0,0.0,,dollar_price:1202.5
2019-06-24,baghdad_generic,1,1,1201.0,1201.0,1201.0,1201.0,0.0,0.0,,dollar_price:1201
2019-06-24,basra,1,1,1202.0,1202.0,1202.0,1202.0,0.0,0.0,,dollar_price:1202
2019-06-24,erbil,1,1,1201.25,1201.25,1201.25,1201.25,0.0,0.0,,dollar_price:1201.25
2019-06-24,rutba,1,1,1202.5,1202.5,1202.5,1202.5,0.0,0.0,,dollar_price:1202.5
2019-06-24,samawah,1,1,1202.5,1202.5,1202.5,1202.5,0.0,0.0,,dollar_price:1202.5
2019-06-25,amarah,1,1,1202.0,1202.0,1202.0,1202.0,0.0,0.0,,dollar_price:1202
2019-06-25,baghdad_generic,1,1,1200.5,1200.5,1200.5,1200.5,0.0,0.0,,dollar_price:1200.5
2019-06-25,basra,1,1,1201.5,1201.5,1201.5,1201.5,0.0,0.0,,dollar_price:1201.5
2019-06-25,erbil,1,1,1200.75,1200.75,1200.75,1200.75,0.0,0.0,,dollar_price:1200.75
2019-06-25,rutba,1,1,1202.5,1202.5,1202.5,1202.5,0.0,0.0,,dollar_price:1202.5
2019-06-25,samawah,1,1,1202.5,1202.5,1202.5,1202.5,0.0,0.0,,dollar_price:1202.5
2019-06-26,amarah,1,1,1202.0,1202.0,1202.0,1202.0,0.0,0.0,,dollar_price:1202
2019-06-26,baghdad_generic,1,1,1200.75,1200.75,1200.75,1200.75,0.0,0.0,,dollar_price:1200.75
2019-06-26,basra,1,1,1201.5,1201.5,1201.5,1201.5,0.0,0.0,,dollar_price:1201.5
2019-06-26,erbil,1,1,1201.75,1201.75,1201.75,1201.75,0.0,0.0,,dollar_price:1201.75
2019-06-26,rutba,1,1,1202.5,1202.5,1202.5,1202.5,0.0,0.0,,dollar_price:1202.5
2019-06-27,amarah,1,1,1202.0,1202.0,1202.0,1202.0,0.0,0.0,,dollar_price:1202
2019-06-27,baghdad_generic,1,1,1201.0,1201.0,1201.0,1201.0,0.0,0.0,,dollar_price:1201
2019-06-27,basra,1,1,1202.0,1202.0,1202.0,1202.0,0.0,0.0,,dollar_price:1202
2019-06-27,erbil,1,1,1202.25,1202.25,1202.25,1202.25,0.0,0.0,,dollar_price:1202.25
2019-06-27,ramadi,1,1,1202.5,1202.5,1202.5,1202.5,0.0,0.0,,dollar_price:1202.5
2019-06-27,tikrit,1,1,1203.5,1203.5,1203.5,1203.5,0.0,0.0,,dollar_price:1203.5
2019-06-30,amarah,1,1,1202.0,1202.0,1202.0,1202.0,0.0,0.0,,dollar_price:1202
2019-06-30,baghdad_generic,1,1,1201.5,1201.5,1201.5,1201.5,0.0,0.0,,dollar_price:1201.5
2019-06-30,basra,1,1,1202.0,1202.0,1202.0,1202.0,0.0,0.0,,dollar_price:1202
2019-06-30,erbil,1,1,1202.25,1202.25,1202.25,1202.25,0.0,0.0,,dollar_price:1202.25
2019-06-30,ramadi,1,1,1202.0,1202.0,1202.0,1202.0,0.0,0.0,,dollar_price:1202
2019-06-30,samawah,1,1,1202.5,1202.5,1202.5,1202.5,0.0,0.0,,dollar_price:1202.5
2019-07-01,amarah,1,1,1202.5,1202.5,1202.5,1202.5,0.0,0.0,,dollar_price:1202.5
2019-07-01,baghdad_generic,1,1,1201.5,1201.5,1201.5,1201.5,0.0,0.0,,dollar_price:1201.5
2019-07-01,basra,1,1,1202.5,1202.5,1202.5,1202.5,0.0,0.0,,dollar_price:1202.5
2019-07-01,erbil,1,1,1202.5,1202.5,1202.5,1202.5,0.0,0.0,,dollar_price:1202.5
2019-07-02,amarah,1,1,1202.5,1202.5,1202.5,1202.5,0.0,0.0,,dollar_price:1202.5
2019-07-02,baghdad_generic,1,1,1195.0,1195.0,1195.0,1195.0,0.0,0.0,,dollar_price:1195
2019-07-02,baghdad_kifah,1,1,1201.25,1201.25,1201.25,1201.25,0.0,0.0,,dollar_price:1201.25
2019-07-02,basra,1,1,1202.0,1202.0,1202.0,1202.0,0.0,0.0,,dollar_price:1202
2019-07-02,erbil,1,1,1202.5,1202.5,1202.5,1202.5,0.0,0.0,,dollar_price:1202.5
2019-07-02,rutba,1,1,1201.5,1201.5,1201.5,1201.5,0.0,0.0,,dollar_price:1201.5
2019-07-03,amarah,1,1,1202.5,1202.5,1202.5,1202.5,0.0,0.0,,dollar_price:1202.5
2019-07-03,baghdad_generic,1,1,1195.0,1195.0,1195.0,1195.0,0.0,0.0,,dollar_price:1195
2019-07-03,baghdad_kifah,1,1,1201.75,1201.75,1201.75,1201.75,0.0,0.0,,dollar_price:1201.75
2019-07-03,basra,1,1,1202.5,1202.5,1202.5,1202.5,0.0,0.0,,dollar_price:1202.5
2019-07-03,erbil,1,1,1203.0,1203.0,1203.0,1203.0,0.0,0.0,,dollar_price:1203
2019-07-04,amarah,1,1,1203.0,1203.0,1203.0,1203.0,0.0,0.0,,dollar_price:1203
2019-07-04,baghdad_generic,1,1,1195.0,1195.0,1195.0,1195.0,0.0,0.0,,dollar_price:1195
2019-07-04,baghdad_kifah,1,1,1202.0,1202.0,1202.0,1202.0,0.0,0.0,,dollar_price:1202
2019-07-04,basra,1,1,1202.5,1202.5,1202.5,1202.5,0.0,0.0,,dollar_price:1202.5
2019-07-04,erbil,1,1,1203.25,1203.25,1203.25,1203.25,0.0,0.0,,dollar_price:1203.25
2019-07-07,amarah,1,1,1204.5,1204.5,1204.5,1204.5,0.0,0.0,,dollar_price:1204.5
2019-07-07,baghdad_generic,1,1,1200.0,1200.0,1200.0,1200.0,0.0,0.0,,dollar_price:1200
2019-07-07,baghdad_kifah,1,1,1204.0,1204.0,1204.0,1204.0,0.0,0.0,,dollar_price:1204
2019-07-07,basra,1,1,1204.0,1204.0,1204.0,1204.0,0.0,0.0,,dollar_price:1204
2019-07-07,erbil,1,1,1204.75,1204.75,1204.75,1204.75,0.0,0.0,,dollar_price:1204.75
2019-07-07,nasiriyah,1,1,1205.0,1205.0,1205.0,1205.0,0.0,0.0,,dollar_price:1205
2019-07-07,samawah,1,1,1206.0,1206.0,1206.0,1206.0,0.0,0.0,,dollar_price:1206
2019-07-08,baghdad_kifah,1,1,1203.25,1203.25,1203.25,1203.25,0.0,0.0,,dollar_price:1203.25
2019-07-08,basra,1,1,1203.5,1203.5,1203.5,1203.5,0.0,0.0,,dollar_price:1203.5
2019-07-08,erbil,1,1,1204.25,1204.25,1204.25,1204.25,0.0,0.0,,dollar_price:1204.25
2019-07-09,amarah,1,1,1204.5,1204.5,1204.5,1204.5,0.0,0.0,,dollar_price:1204.5
2019-07-09,baghdad_kifah,1,1,1204.0,1204.0,1204.0,1204.0,0.0,0.0,,dollar_price:1204
2019-07-09,basra,1,1,1204.0,1204.0,1204.0,1204.0,0.0,0.0,,dollar_price:1204
2019-07-09,erbil,1,1,1204.5,1204.5,1204.5,1204.5,0.0,0.0,,dollar_price:1204.5
2019-07-09,nasiriyah,1,1,1205.5,1205.5,1205.5,1205.5,0.0,0.0,,dollar_price:1205.5
2019-07-09,rutba,1,1,1205.0,1205.0,1205.0,1205.0,0.0,0.0,,dollar_price:1205
2019-07-09,samarra,1,1,1206.0,1206.0,1206.0,1206.0,0.0,0.0,,dollar_price:1206
2019-07-09,samawah,1,1,1205.5,1205.5,1205.5,1205.5,0.0,0.0,,dollar_price:1205.5
2019-07-10,baghdad_generic,1,1,1203.5,1203.5,1203.5,1203.5,0.0,0.0,,dollar_price:1203.5
2019-07-10,basra,1,1,1204.5,1204.5,1204.5,1204.5,0.0,0.0,,dollar_price:1204.5
2019-07-10,erbil,1,1,1205.0,1205.0,1205.0,1205.0,0.0,0.0,,dollar_price:1205
2019-07-11,amarah,1,1,1205.0,1205.0,1205.0,1205.0,0.0,0.0,,dollar_price:1205
2019-07-11,baghdad_kifah,1,1,1203.75,1203.75,1203.75,1203.75,0.0,0.0,,dollar_price:1203.75
2019-07-11,basra,1,1,1204.5,1204.5,1204.5,1204.5,0.0,0.0,,dollar_price:1204.5
2019-07-11,erbil,1,1,1205.0,1205.0,1205.0,1205.0,0.0,0.0,,dollar_price:1205
2019-07-11,nasiriyah,1,1,1205.0,1205.0,1205.0,1205.0,0.0,0.0,,dollar_price:1205
2019-07-11,rutba,1,1,1205.0,1205.0,1205.0,1205.0,0.0,0.0,,dollar_price:1205
2019-07-11,samarra,1,1,1206.0,1206.0,1206.0,1206.0,0.0,0.0,,dollar_price:1206
2019-07-14,amarah,1,1,1206.0,1206.0,1206.0,1206.0,0.0,0.0,,dollar_price:1206
2019-07-14,baghdad_generic,1,1,1200.0,1200.0,1200.0,1200.0,0.0,0.0,,dollar_price:1200
2019-07-14,baghdad_kifah,1,1,1204.25,1204.25,1204.25,1204.25,0.0,0.0,,dollar_price:1204.25
2019-07-14,basra,1,1,1205.0,1205.0,1205.0,1205.0,0.0,0.0,,dollar_price:1205
2019-07-14,erbil,1,1,1205.5,1205.5,1205.5,1205.5,0.0,0.0,,dollar_price:1205.5
2019-07-14,rutba,1,1,1205.0,1205.0,1205.0,1205.0,0.0,0.0,,dollar_price:1205
2019-07-14,samawah,1,1,1206.0,1206.0,1206.0,1206.0,0.0,0.0,,dollar_price:1206
2019-07-15,amarah,1,1,1205.5,1205.5,1205.5,1205.5,0.0,0.0,,dollar_price:1205.5
2019-07-15,baghdad_generic,1,1,1200.0,1200.0,1200.0,1200.0,0.0,0.0,,dollar_price:1200
2019-07-15,baghdad_kifah,1,1,1203.5,1203.5,1203.5,1203.5,0.0,0.0,,dollar_price:1203.5
2019-07-15,basra,1,1,1204.0,1204.0,1204.0,1204.0,0.0,0.0,,dollar_price:1204
2019-07-15,erbil,1,1,1204.75,1204.75,1204.75,1204.75,0.0,0.0,,dollar_price:1204.75
2019-07-15,rutba,1,1,1205.0,1205.0,1205.0,1205.0,0.0,0.0,,dollar_price:1205
2019-07-16,amarah,1,1,1204.5,1204.5,1204.5,1204.5,0.0,0.0,,dollar_price:1204.5
2019-07-16,baghdad_generic,1,1,1197.5,1197.5,1197.5,1197.5,0.0,0.0,,dollar_price:1197.5
2019-07-16,baghdad_kifah,1,1,1202.5,1202.5,1202.5,1202.5,0.0,0.0,,dollar_price:1202.5
2019-07-16,basra,1,1,1204.0,1204.0,1204.0,1204.0,0.0,0.0,,dollar_price:1204
2019-07-16,erbil,1,1,1204.5,1204.5,1204.5,1204.5,0.0,0.0,,dollar_price:1204.5
2019-07-16,rutba,1,1,1205.0,1205.0,1205.0,1205.0,0.0,0.0,,dollar_price:1205
2019-07-17,amarah,1,1,1202.5,1202.5,1202.5,1202.5,0.0,0.0,,dollar_price:1202.5
2019-07-17,baghdad_generic,1,1,1201.0,1201.0,1201.0,1201.0,0.0,0.0,,dollar_price:1201
2019-07-17,basra,1,1,1202.0,1202.0,1202.0,1202.0,0.0,0.0,,dollar_price:1202
2019-07-17,erbil,1,1,1202.0,1202.0,1202.0,1202.0,0.0,0.0,,dollar_price:1202
2019-07-17,rutba,1,1,1203.0,1203.0,1203.0,1203.0,0.0,0.0,,dollar_price:1203
2019-07-18,amarah,1,1,1202.5,1202.5,1202.5,1202.5,0.0,0.0,,dollar_price:1202.5
2019-07-18,baghdad_generic,1,1,1195.0,1195.0,1195.0,1195.0,0.0,0.0,,dollar_price:1195
2019-07-18,baghdad_kifah,1,1,1201.0,1201.0,1201.0,1201.0,0.0,0.0,,dollar_price:1201
2019-07-18,basra,1,1,1202.0,1202.0,1202.0,1202.0,0.0,0.0,,dollar_price:1202
2019-07-18,erbil,1,1,1202.25,1202.25,1202.25,1202.25,0.0,0.0,,dollar_price:1202.25
2019-07-18,nasiriyah,1,1,1202.5,1202.5,1202.5,1202.5,0.0,0.0,,dollar_price:1202.5
2019-07-18,rutba,1,1,1203.0,1203.0,1203.0,1203.0,0.0,0.0,,dollar_price:1203
2019-07-21,amarah,1,1,1202.5,1202.5,1202.5,1202.5,0.0,0.0,,dollar_price:1202.5
2019-07-21,baghdad_generic,1,1,1197.5,1197.5,1197.5,1197.5,0.0,0.0,,dollar_price:1197.5
2019-07-21,baghdad_kifah,1,1,1201.0,1201.0,1201.0,1201.0,0.0,0.0,,dollar_price:1201
2019-07-21,basra,1,1,1202.0,1202.0,1202.0,1202.0,0.0,0.0,,dollar_price:1202
2019-07-21,erbil,1,1,1202.5,1202.5,1202.5,1202.5,0.0,0.0,,dollar_price:1202.5
2019-07-22,amarah,1,1,1203.5,1203.5,1203.5,1203.5,0.0,0.0,,dollar_price:1203.5
2019-07-22,baghdad_generic,1,1,1197.5,1197.5,1197.5,1197.5,0.0,0.0,,dollar_price:1197.5
2019-07-22,baghdad_harithiya,1,1,1202.0,1202.0,1202.0,1202.0,0.0,0.0,,dollar_price:1202
2019-07-22,baghdad_kifah,1,1,1201.5,1201.5,1201.5,1201.5,0.0,0.0,,dollar_price:1201.5
2019-07-22,basra,1,1,1202.5,1202.5,1202.5,1202.5,0.0,0.0,,dollar_price:1202.5
2019-07-22,erbil,1,1,1203.25,1203.25,1203.25,1203.25,0.0,0.0,,dollar_price:1203.25
2019-07-22,rutba,1,1,1202.5,1202.5,1202.5,1202.5,0.0,0.0,,dollar_price:1202.5
2019-07-23,amarah,1,1,1204.0,1204.0,1204.0,1204.0,0.0,0.0,,dollar_price:1204
2019-07-23,baghdad_generic,1,1,1197.5,1197.5,1197.5,1197.5,0.0,0.0,,dollar_price:1197.5
2019-07-23,baghdad_kifah,1,1,1202.5,1202.5,1202.5,1202.5,0.0,0.0,,dollar_price:1202.5
2019-07-23,basra,1,1,1203.0,1203.0,1203.0,1203.0,0.0,0.0,,dollar_price:1203
2019-07-23,erbil,1,1,1203.5,1203.5,1203.5,1203.5,0.0,0.0,,dollar_price:1203.5
2019-07-24,amarah,1,1,1204.0,1204.0,1204.0,1204.0,0.0,0.0,,dollar_price:1204
2019-07-24,baghdad_generic,1,1,1197.5,1197.5,1197.5,1197.5,0.0,0.0,,dollar_price:1197.5
2019-07-24,baghdad_kifah,1,1,1202.5,1202.5,1202.5,1202.5,0.0,0.0,,dollar_price:1202.5
2019-07-24,basra,1,1,1203.5,1203.5,1203.5,1203.5,0.0,0.0,,dollar_price:1203.5
2019-07-24,erbil,1,1,1203.0,1203.0,1203.0,1203.0,0.0,0.0,,dollar_price:1203
2019-07-24,samawah,1,1,1204.0,1204.0,1204.0,1204.0,0.0,0.0,,dollar_price:1204
2019-07-28,amarah,1,1,1203.0,1203.0,1203.0,1203.0,0.0,0.0,,dollar_price:1203
2019-07-28,baghdad_kifah,1,1,1201.5,1201.5,1201.5,1201.5,0.0,0.0,,dollar_price:1201.5
2019-07-28,basra,1,1,1202.0,1202.0,1202.0,1202.0,0.0,0.0,,dollar_price:1202
2019-07-28,erbil,1,1,1201.75,1201.75,1201.75,1201.75,0.0,0.0,,dollar_price:1201.75
2019-07-28,nasiriyah,1,1,1203.0,1203.0,1203.0,1203.0,0.0,0.0,,dollar_price:1203
2019-07-28,rutba,1,1,1202.5,1202.5,1202.5,1202.5,0.0,0.0,,dollar_price:1202.5
2019-07-29,baghdad_kifah,1,1,1201.75,1201.75,1201.75,1201.75,0.0,0.0,,dollar_price:1201.75
2019-07-29,basra,1,1,1203.0,1203.0,1203.0,1203.0,0.0,0.0,,dollar_price:1203
2019-07-29,erbil,1,1,1202.0,1202.0,1202.0,1202.0,0.0,0.0,,dollar_price:1202
2019-07-30,baghdad_generic,1,1,1200.5,1200.5,1200.5,1200.5,0.0,0.0,,dollar_price:1200.5
2019-07-30,basra,1,1,1202.0,1202.0,1202.0,1202.0,0.0,0.0,,dollar_price:1202
2019-07-30,erbil,1,1,1201.5,1201.5,1201.5,1201.5,0.0,0.0,,dollar_price:1201.5
2019-07-31,amarah,1,1,1202.0,1202.0,1202.0,1202.0,0.0,0.0,,dollar_price:1202
2019-07-31,baghdad_kifah,1,1,1200.0,1200.0,1200.0,1200.0,0.0,0.0,,dollar_price:1200
2019-07-31,basra,1,1,1202.0,1202.0,1202.0,1202.0,0.0,0.0,,dollar_price:1202
2019-07-31,erbil,1,1,1201.5,1201.5,1201.5,1201.5,0.0,0.0,,dollar_price:1201.5
2019-08-01,baghdad_kifah,1,1,1200.0,1200.0,1200.0,1200.0,0.0,0.0,,dollar_price:1200
2019-08-01,basra,1,1,1201.5,1201.5,1201.5,1201.5,0.0,0.0,,dollar_price:1201.5
2019-08-01,erbil,1,1,1201.0,1201.0,1201.0,1201.0,0.0,0.0,,dollar_price:1201
2019-08-01,rutba,1,1,1201.0,1201.0,1201.0,1201.0,0.0,0.0,,dollar_price:1201
2019-08-04,amarah,1,1,1202.5,1202.5,1202.5,1202.5,0.0,0.0,,dollar_price:1202.5
2019-08-04,baghdad_kifah,1,1,1201.5,1201.5,1201.5,1201.5,0.0,0.0,,dollar_price:1201.5
2019-08-04,basra,1,1,1202.5,1202.5,1202.5,1202.5,0.0,0.0,,dollar_price:1202.5
2019-08-04,erbil,1,1,1202.5,1202.5,1202.5,1202.5,0.0,0.0,,dollar_price:1202.5
2019-08-05,baghdad_kifah,1,1,1201.75,1201.75,1201.75,1201.75,0.0,0.0,,dollar_price:1201.75
2019-08-05,basra,1,1,1202.5,1202.5,1202.5,1202.5,0.0,0.0,,dollar_price:1202.5
2019-08-05,erbil,1,1,1202.5,1202.5,1202.5,1202.5,0.0,0.0,,dollar_price:1202.5
2019-08-06,amarah,1,1,1202.5,1202.5,1202.5,1202.5,0.0,0.0,,dollar_price:1202.5
2019-08-06,baghdad_kifah,1,1,1201.25,1201.25,1201.25,1201.25,0.0,0.0,,dollar_price:1201.25
2019-08-06,basra,1,1,1202.5,1202.5,1202.5,1202.5,0.0,0.0,,dollar_price:1202.5
2019-08-06,erbil,1,1,1202.25,1202.25,1202.25,1202.25,0.0,0.0,,dollar_price:1202.25
2019-08-06,nasiriyah,1,1,1203.5,1203.5,1203.5,1203.5,0.0,0.0,,dollar_price:1203.5
2019-08-07,baghdad_kifah,1,1,1201.75,1201.75,1201.75,1201.75,0.0,0.0,,dollar_price:1201.75
2019-08-07,basra,1,1,1202.5,1202.5,1202.5,1202.5,0.0,0.0,,dollar_price:1202.5
2019-08-08,baghdad_kifah,1,1,1203.5,1203.5,1203.5,1203.5,0.0,0.0,,dollar_price:1203.5
2019-08-08,basra,1,1,1205.0,1205.0,1205.0,1205.0,0.0,0.0,,dollar_price:1205
2019-08-08,erbil,1,1,1204.0,1204.0,1204.0,1204.0,0.0,0.0,,dollar_price:1204
2019-08-18,baghdad_kifah,1,1,1202.75,1202.75,1202.75,1202.75,0.0,0.0,,dollar_price:1202.75
2019-08-18,basra,1,1,1203.5,1203.5,1203.5,1203.5,0.0,0.0,,dollar_price:1203.5
2019-08-18,erbil,1,1,1204.0,1204.0,1204.0,1204.0,0.0,0.0,,dollar_price:1204
2019-08-19,baghdad_kifah,1,1,1205.0,1205.0,1205.0,1205.0,0.0,0.0,,dollar_price:1205
2019-08-19,basra,1,1,1206.0,1206.0,1206.0,1206.0,0.0,0.0,,dollar_price:1206
2019-08-19,erbil,1,1,1205.5,1205.5,1205.5,1205.5,0.0,0.0,,dollar_price:1205.5
2019-08-20,babil,1,1,1206.0,1206.0,1206.0,1206.0,0.0,0.0,,dollar_price:1206
2019-08-20,baghdad_kifah,1,1,1204.0,1204.0,1204.0,1204.0,0.0,0.0,,dollar_price:1204
2019-08-20,basra,1,1,1205.5,1205.5,1205.5,1205.5,0.0,0.0,,dollar_price:1205.5
2019-08-20,erbil,1,1,1205.25,1205.25,1205.25,1205.25,0.0,0.0,,dollar_price:1205.25
2019-08-20,nasiriyah,1,1,1207.5,1207.5,1207.5,1207.5,0.0,0.0,,dollar_price:1207.5
2019-08-20,rutba,1,1,1205.0,1205.0,1205.0,1205.0,0.0,0.0,,dollar_price:1205
2019-08-21,amarah,1,1,1205.0,1205.0,1205.0,1205.0,0.0,0.0,,dollar_price:1205
2019-08-21,babil,1,1,1204.5,1204.5,1204.5,1204.5,0.0,0.0,,dollar_price:1204.5
2019-08-21,baghdad_kifah,1,1,1203.5,1203.5,1203.5,1203.5,0.0,0.0,,dollar_price:1203.5
2019-08-21,basra,1,1,1204.5,1204.5,1204.5,1204.5,0.0,0.0,,dollar_price:1204.5
2019-08-21,erbil,1,1,1204.5,1204.5,1204.5,1204.5,0.0,0.0,,dollar_price:1204.5
2019-08-21,rutba,1,1,1205.0,1205.0,1205.0,1205.0,0.0,0.0,,dollar_price:1205
2019-08-22,amarah,1,1,1205.5,1205.5,1205.5,1205.5,0.0,0.0,,dollar_price:1205.5
2019-08-22,babil,1,1,1204.5,1204.5,1204.5,1204.5,0.0,0.0,,dollar_price:1204.5
2019-08-22,baghdad_kifah,1,1,1204.0,1204.0,1204.0,1204.0,0.0,0.0,,dollar_price:1204
2019-08-22,basra,1,1,1205.5,1205.5,1205.5,1205.5,0.0,0.0,,dollar_price:1205.5
2019-08-22,erbil,1,1,1206.0,1206.0,1206.0,1206.0,0.0,0.0,,dollar_price:1206
2019-08-25,amarah,1,1,1205.0,1205.0,1205.0,1205.0,0.0,0.0,,dollar_price:1205
2019-08-25,babil,1,1,1204.0,1204.0,1204.0,1204.0,0.0,0.0,,dollar_price:1204
2019-08-25,baghdad_kifah,1,1,1203.25,1203.25,1203.25,1203.25,0.0,0.0,,dollar_price:1203.25
2019-08-25,basra,1,1,1205.0,1205.0,1205.0,1205.0,0.0,0.0,,dollar_price:1205
2019-08-25,erbil,1,1,1205.0,1205.0,1205.0,1205.0,0.0,0.0,,dollar_price:1205
2019-08-26,amarah,1,1,1206.0,1206.0,1206.0,1206.0,0.0,0.0,,dollar_price:1206
2019-08-26,baghdad_kifah,1,1,1204.0,1204.0,1204.0,1204.0,0.0,0.0,,dollar_price:1204
2019-08-26,basra,1,1,1206.5,1206.5,1206.5,1206.5,0.0,0.0,,dollar_price:1206.5
2019-08-26,erbil,1,1,1206.0,1206.0,1206.0,1206.0,0.0,0.0,,dollar_price:1206
2019-08-27,baghdad_kifah,1,1,1203.5,1203.5,1203.5,1203.5,0.0,0.0,,dollar_price:1203.5
2019-08-27,basra,1,1,1204.5,1204.5,1204.5,1204.5,0.0,0.0,,dollar_price:1204.5
2019-08-27,erbil,1,1,1204.75,1204.75,1204.75,1204.75,0.0,0.0,,dollar_price:1204.75
2019-08-28,babil,1,1,1202.0,1202.0,1202.0,1202.0,0.0,0.0,,dollar_price:1202
2019-08-28,baghdad_kifah,1,1,1201.0,1201.0,1201.0,1201.0,0.0,0.0,,dollar_price:1201
2019-08-28,basra,1,1,1203.5,1203.5,1203.5,1203.5,0.0,0.0,,dollar_price:1203.5
2019-08-28,erbil,1,1,1202.5,1202.5,1202.5,1202.5,0.0,0.0,,dollar_price:1202.5
2019-08-29,amarah,1,1,1203.5,1203.5,1203.5,1203.5,0.0,0.0,,dollar_price:1203.5
2019-08-29,baghdad_kifah,1,1,1202.5,1202.5,1202.5,1202.5,0.0,0.0,,dollar_price:1202.5
2019-08-29,basra,1,1,1204.0,1204.0,1204.0,1204.0,0.0,0.0,,dollar_price:1204
2019-08-29,erbil,1,1,1203.0,1203.0,1203.0,1203.0,0.0,0.0,,dollar_price:1203
2019-09-01,baghdad_kifah,1,1,1203.0,1203.0,1203.0,1203.0,0.0,0.0,,dollar_price:1203
2019-09-01,basra,1,1,1203.5,1203.5,1203.5,1203.5,0.0,0.0,,dollar_price:1203.5
2019-09-01,erbil,1,1,1204.0,1204.0,1204.0,1204.0,0.0,0.0,,dollar_price:1204
2019-09-02,baghdad_kifah,1,1,1203.5,1203.5,1203.5,1203.5,0.0,0.0,,dollar_price:1203.5
2019-09-02,basra,1,1,1204.0,1204.0,1204.0,1204.0,0.0,0.0,,dollar_price:1204
2019-09-02,erbil,1,1,1204.25,1204.25,1204.25,1204.25,0.0,0.0,,dollar_price:1204.25
2019-09-03,baghdad_kifah,1,1,1203.0,1203.0,1203.0,1203.0,0.0,0.0,,dollar_price:1203
2019-09-03,basra,1,1,1203.5,1203.5,1203.5,1203.5,0.0,0.0,,dollar_price:1203.5
2019-09-03,erbil,1,1,1203.75,1203.75,1203.75,1203.75,0.0,0.0,,dollar_price:1203.75
2019-09-08,babil,1,1,1205.5,1205.5,1205.5,1205.5,0.0,0.0,,dollar_price:1205.5
2019-09-08,baghdad_kifah,1,1,1203.75,1203.75,1203.75,1203.75,0.0,0.0,,dollar_price:1203.75
2019-09-08,basra,1,1,1204.0,1204.0,1204.0,1204.0,0.0,0.0,,dollar_price:1204
2019-09-08,erbil,1,1,1204.75,1204.75,1204.75,1204.75,0.0,0.0,,dollar_price:1204.75
2019-09-08,nasiriyah,1,1,1205.0,1205.0,1205.0,1205.0,0.0,0.0,,dollar_price:1205
2019-09-08,samawah,1,1,1205.5,1205.5,1205.5,1205.5,0.0,0.0,,dollar_price:1205.5
2019-09-09,baghdad_kifah,1,1,1203.75,1203.75,1203.75,1203.75,0.0,0.0,,dollar_price:1203.75
2019-09-09,basra,1,1,1204.5,1204.5,1204.5,1204.5,0.0,0.0,,dollar_price:1204.5
2019-09-09,erbil,1,1,1204.75,1204.75,1204.75,1204.75,0.0,0.0,,dollar_price:1204.75
2019-09-11,babil,1,1,1204.0,1204.0,1204.0,1204.0,0.0,0.0,,dollar_price:1204
2019-09-11,baghdad_kifah,1,1,1203.0,1203.0,1203.0,1203.0,0.0,0.0,,dollar_price:1203
2019-09-11,basra,1,1,1204.0,1204.0,1204.0,1204.0,0.0,0.0,,dollar_price:1204
2019-09-11,erbil,1,1,1204.5,1204.5,1204.5,1204.5,0.0,0.0,,dollar_price:1204.5
2019-09-11,rutba,1,1,1203.0,1203.0,1203.0,1203.0,0.0,0.0,,dollar_price:1203
2019-09-11,samarra,1,1,1205.0,1205.0,1205.0,1205.0,0.0,0.0,,dollar_price:1205
2019-09-12,babil,1,1,1203.25,1203.25,1203.25,1203.25,0.0,0.0,,dollar_price:1203.25
2019-09-12,baghdad_kifah,1,1,1202.5,1202.5,1202.5,1202.5,0.0,0.0,,dollar_price:1202.5
2019-09-12,basra,1,1,1203.5,1203.5,1203.5,1203.5,0.0,0.0,,dollar_price:1203.5
2019-09-12,erbil,1,1,1203.5,1203.5,1203.5,1203.5,0.0,0.0,,dollar_price:1203.5
2019-09-12,rutba,1,1,1202.0,1202.0,1202.0,1202.0,0.0,0.0,,dollar_price:1202
2019-09-12,samarra,1,1,1205.0,1205.0,1205.0,1205.0,0.0,0.0,,dollar_price:1205
2019-09-15,babil,1,1,1204.5,1204.5,1204.5,1204.5,0.0,0.0,,dollar_price:1204.5
2019-09-15,baghdad_kifah,1,1,1204.0,1204.0,1204.0,1204.0,0.0,0.0,,dollar_price:1204
2019-09-15,basra,1,1,1204.5,1204.5,1204.5,1204.5,0.0,0.0,,dollar_price:1204.5
2019-09-15,erbil,1,1,1204.75,1204.75,1204.75,1204.75,0.0,0.0,,dollar_price:1204.75
2019-09-16,babil,1,1,1203.5,1203.5,1203.5,1203.5,0.0,0.0,,dollar_price:1203.5
2019-09-16,baghdad_kifah,1,1,1203.0,1203.0,1203.0,1203.0,0.0,0.0,,dollar_price:1203
2019-09-16,basra,1,1,1204.5,1204.5,1204.5,1204.5,0.0,0.0,,dollar_price:1204.5
2019-09-16,erbil,1,1,1203.75,1203.75,1203.75,1203.75,0.0,0.0,,dollar_price:1203.75
2019-09-16,samarra,1,1,1205.5,1205.5,1205.5,1205.5,0.0,0.0,,dollar_price:1205.5
2019-09-17,baghdad_kifah,1,1,1203.0,1203.0,1203.0,1203.0,0.0,0.0,,dollar_price:1203
2019-09-17,basra,1,1,1204.0,1204.0,1204.0,1204.0,0.0,0.0,,dollar_price:1204
2019-09-17,erbil,1,1,1204.0,1204.0,1204.0,1204.0,0.0,0.0,,dollar_price:1204
2019-09-17,samarra,1,1,1205.5,1205.5,1205.5,1205.5,0.0,0.0,,dollar_price:1205.5
2019-09-18,babil,1,1,1204.0,1204.0,1204.0,1204.0,0.0,0.0,,dollar_price:1204
2019-09-18,baghdad_kifah,1,1,1203.0,1203.0,1203.0,1203.0,0.0,0.0,,dollar_price:1203
2019-09-18,basra,1,1,1204.0,1204.0,1204.0,1204.0,0.0,0.0,,dollar_price:1204
2019-09-18,erbil,1,1,1204.25,1204.25,1204.25,1204.25,0.0,0.0,,dollar_price:1204.25
2019-09-19,baghdad_kifah,1,1,1202.75,1202.75,1202.75,1202.75,0.0,0.0,,dollar_price:1202.75
2019-09-19,basra,1,1,1204.0,1204.0,1204.0,1204.0,0.0,0.0,,dollar_price:1204
2019-09-19,erbil,1,1,1204.5,1204.5,1204.5,1204.5,0.0,0.0,,dollar_price:1204.5
2019-09-19,samarra,1,1,1205.5,1205.5,1205.5,1205.5,0.0,0.0,,dollar_price:1205.5
2019-09-22,baghdad_kifah,1,1,1202.75,1202.75,1202.75,1202.75,0.0,0.0,,dollar_price:1202.75
2019-09-22,basra,1,1,1204.0,1204.0,1204.0,1204.0,0.0,0.0,,dollar_price:1204
2019-09-22,erbil,1,1,1203.75,1203.75,1203.75,1203.75,0.0,0.0,,dollar_price:1203.75
2019-09-23,babil,1,1,1203.75,1203.75,1203.75,1203.75,0.0,0.0,,dollar_price:1203.75
2019-09-23,baghdad_kifah,1,1,1202.75,1202.75,1202.75,1202.75,0.0,0.0,,dollar_price:1202.75
2019-09-23,basra,1,1,1204.0,1204.0,1204.0,1204.0,0.0,0.0,,dollar_price:1204
2019-09-23,erbil,1,1,1203.25,1203.25,1203.25,1203.25,0.0,0.0,,dollar_price:1203.25
2019-09-24,baghdad_kifah,1,1,1202.25,1202.25,1202.25,1202.25,0.0,0.0,,dollar_price:1202.25
2019-09-24,basra,1,1,1203.5,1203.5,1203.5,1203.5,0.0,0.0,,dollar_price:1203.5
2019-09-24,erbil,1,1,1203.25,1203.25,1203.25,1203.25,0.0,0.0,,dollar_price:1203.25
2019-09-25,babil,1,1,1202.75,1202.75,1202.75,1202.75,0.0,0.0,,dollar_price:1202.75
2019-09-25,baghdad_kifah,1,1,1202.0,1202.0,1202.0,1202.0,0.0,0.0,,dollar_price:1202
2019-09-25,basra,1,1,1203.0,1203.0,1203.0,1203.0,0.0,0.0,,dollar_price:1203
2019-09-25,erbil,1,1,1203.5,1203.5,1203.5,1203.5,0.0,0.0,,dollar_price:1203.5
2019-09-26,baghdad_kifah,1,1,1202.5,1202.5,1202.5,1202.5,0.0,0.0,,dollar_price:1202.5
2019-09-26,basra,1,1,1203.0,1203.0,1203.0,1203.0,0.0,0.0,,dollar_price:1203
2019-09-26,erbil,1,1,1203.5,1203.5,1203.5,1203.5,0.0,0.0,,dollar_price:1203.5
2019-09-30,babil,1,1,1205.0,1205.0,1205.0,1205.0,0.0,0.0,,dollar_price:1205
2019-09-30,baghdad_kifah,1,1,1204.5,1204.5,1204.5,1204.5,0.0,0.0,,dollar_price:1204.5
2019-09-30,basra,1,1,1204.0,1204.0,1204.0,1204.0,0.0,0.0,,dollar_price:1204
2019-09-30,erbil,1,1,1204.0,1204.0,1204.0,1204.0,0.0,0.0,,dollar_price:1204
2019-10-01,baghdad_kifah,1,1,1203.0,1203.0,1203.0,1203.0,0.0,0.0,,dollar_price:1203
2019-10-01,basra,1,1,1203.0,1203.0,1203.0,1203.0,0.0,0.0,,dollar_price:1203
2019-10-01,erbil,1,1,1203.25,1203.25,1203.25,1203.25,0.0,0.0,,dollar_price:1203.25
2019-10-09,baghdad_kifah,1,1,1203.5,1203.5,1203.5,1203.5,0.0,0.0,,dollar_price:1203.5
2019-10-09,basra,1,1,1205.0,1205.0,1205.0,1205.0,0.0,0.0,,dollar_price:1205
2019-10-09,erbil,1,1,1203.5,1203.5,1203.5,1203.5,0.0,0.0,,dollar_price:1203.5
2019-10-10,baghdad_kifah,1,1,1203.5,1203.5,1203.5,1203.5,0.0,0.0,,dollar_price:1203.5
2019-10-10,basra,1,1,1204.5,1204.5,1204.5,1204.5,0.0,0.0,,dollar_price:1204.5
2019-10-10,erbil,1,1,1203.5,1203.5,1203.5,1203.5,0.0,0.0,,dollar_price:1203.5
2019-10-13,amarah,1,1,1205.0,1205.0,1205.0,1205.0,0.0,0.0,,dollar_price:1205
2019-10-13,baghdad_kifah,1,1,1203.0,1203.0,1203.0,1203.0,0.0,0.0,,dollar_price:1203
2019-10-13,basra,1,1,1204.0,1204.0,1204.0,1204.0,0.0,0.0,,dollar_price:1204
2019-10-13,erbil,1,1,1203.75,1203.75,1203.75,1203.75,0.0,0.0,,dollar_price:1203.75
2019-10-14,baghdad_kifah,1,1,1202.75,1202.75,1202.75,1202.75,0.0,0.0,,dollar_price:1202.75
2019-10-14,basra,1,1,1203.5,1203.5,1203.5,1203.5,0.0,0.0,,dollar_price:1203.5
2019-10-14,erbil,1,1,1203.5,1203.5,1203.5,1203.5,0.0,0.0,,dollar_price:1203.5
2019-10-15,baghdad_kifah,1,1,1202.5,1202.5,1202.5,1202.5,0.0,0.0,,dollar_price:1202.5
2019-10-15,basra,1,1,1204.0,1204.0,1204.0,1204.0,0.0,0.0,,dollar_price:1204
2019-10-15,erbil,1,1,1203.75,1203.75,1203.75,1203.75,0.0,0.0,,dollar_price:1203.75
2019-10-20,amarah,1,1,1205.0,1205.0,1205.0,1205.0,0.0,0.0,,dollar_price:1205
2019-10-20,baghdad_kifah,1,1,1203.0,1203.0,1203.0,1203.0,0.0,0.0,,dollar_price:1203
2019-10-20,basra,1,1,1204.5,1204.5,1204.5,1204.5,0.0,0.0,,dollar_price:1204.5
2019-10-20,erbil,1,1,1203.75,1203.75,1203.75,1203.75,0.0,0.0,,dollar_price:1203.75
2019-10-20,rutba,1,1,1203.5,1203.5,1203.5,1203.5,0.0,0.0,,dollar_price:1203.5
2019-10-21,baghdad_kifah,1,1,1202.75,1202.75,1202.75,1202.75,0.0,0.0,,dollar_price:1202.75
2019-10-21,basra,1,1,1204.0,1204.0,1204.0,1204.0,0.0,0.0,,dollar_price:1204
2019-10-21,erbil,1,1,1203.25,1203.25,1203.25,1203.25,0.0,0.0,,dollar_price:1203.25
2019-10-23,baghdad_kifah,1,1,1206.0,1206.0,1206.0,1206.0,0.0,0.0,,dollar_price:1206
2019-10-23,basra,1,1,1207.5,1207.5,1207.5,1207.5,0.0,0.0,,dollar_price:1207.5
2019-10-23,erbil,1,1,1204.75,1204.75,1204.75,1204.75,0.0,0.0,,dollar_price:1204.75
2019-10-24,amarah,1,1,1208.5,1208.5,1208.5,1208.5,0.0,0.0,,dollar_price:1208.5
2019-10-24,baghdad_kifah,1,1,1207.5,1207.5,1207.5,1207.5,0.0,0.0,,dollar_price:1207.5
2019-10-24,basra,1,1,1208.5,1208.5,1208.5,1208.5,0.0,0.0,,dollar_price:1208.5
2019-10-24,erbil,1,1,1206.5,1206.5,1206.5,1206.5,0.0,0.0,,dollar_price:1206.5
2019-10-24,rutba,1,1,1210.0,1210.0,1210.0,1210.0,0.0,0.0,,dollar_price:1210
2019-10-24,samawah,1,1,1210.0,1210.0,1210.0,1210.0,0.0,0.0,,dollar_price:1210
2019-10-28,baghdad_harithiya,1,1,1204.0,1204.0,1204.0,1204.0,0.0,0.0,,dollar_price:1204
2019-10-28,baghdad_kifah,1,1,1203.5,1203.5,1203.5,1203.5,0.0,0.0,,dollar_price:1203.5
2019-10-28,basra,1,1,1205.5,1205.5,1205.5,1205.5,0.0,0.0,,dollar_price:1205.5
2019-10-28,erbil,1,1,1203.25,1203.25,1203.25,1203.25,0.0,0.0,,dollar_price:1203.25
2019-10-30,baghdad_kifah,1,1,1206.5,1206.5,1206.5,1206.5,0.0,0.0,,dollar_price:1206.5
2019-10-30,basra,1,1,1208.0,1208.0,1208.0,1208.0,0.0,0.0,,dollar_price:1208
2019-10-30,erbil,1,1,1204.5,1204.5,1204.5,1204.5,0.0,0.0,,dollar_price:1204.5
2019-10-31,amarah,1,1,1211.5,1211.5,1211.5,1211.5,0.0,0.0,,dollar_price:1211.5
2019-10-31,baghdad_harithiya,1,1,1209.0,1209.0,1209.0,1209.0,0.0,0.0,,dollar_price:1209
2019-10-31,baghdad_kifah,1,1,1208.5,1208.5,1208.5,1208.5,0.0,0.0,,dollar_price:1208.5
2019-10-31,basra,1,1,1211.0,1211.0,1211.0,1211.0,0.0,0.0,,dollar_price:1211
2019-10-31,erbil,1,1,1206.5,1206.5,1206.5,1206.5,0.0,0.0,,dollar_price:1206.5
2019-11-03,baghdad_kifah,1,1,1211.5,1211.5,1211.5,1211.5,0.0,0.0,,dollar_price:1211.5
2019-11-03,basra,1,1,1212.0,1212.0,1212.0,1212.0,0.0,0.0,,dollar_price:1212
2019-11-04,baghdad_kifah,1,1,1211.5,1211.5,1211.5,1211.5,0.0,0.0,,dollar_price:1211.5
2019-11-04,basra,1,1,1213.5,1213.5,1213.5,1213.5,0.0,0.0,,dollar_price:1213.5
2019-11-04,erbil,1,1,1211.25,1211.25,1211.25,1211.25,0.0,0.0,,dollar_price:1211.25
2019-11-10,amarah,1,1,1210.0,1210.0,1210.0,1210.0,0.0,0.0,,dollar_price:1210
2019-11-10,baghdad_generic,1,1,1207.5,1207.5,1207.5,1207.5,0.0,0.0,,dollar_price:1207.5
2019-11-10,basra,1,1,1209.0,1209.0,1209.0,1209.0,0.0,0.0,,dollar_price:1209
2019-11-10,erbil,1,1,1208.0,1208.0,1208.0,1208.0,0.0,0.0,,dollar_price:1208
2019-11-10,rutba,1,1,1212.0,1212.0,1212.0,1212.0,0.0,0.0,,dollar_price:1212
2019-11-11,baghdad_kifah,1,1,1205.0,1205.0,1205.0,1205.0,0.0,0.0,,dollar_price:1205
2019-11-11,basra,1,1,1208.5,1208.5,1208.5,1208.5,0.0,0.0,,dollar_price:1208.5
2019-11-11,erbil,1,1,1206.5,1206.5,1206.5,1206.5,0.0,0.0,,dollar_price:1206.5
2019-11-12,baghdad_kifah,1,1,1206.5,1206.5,1206.5,1206.5,0.0,0.0,,dollar_price:1206.5
2019-11-12,basra,1,1,1211.0,1211.0,1211.0,1211.0,0.0,0.0,,dollar_price:1211
2019-11-12,erbil,1,1,1207.25,1207.25,1207.25,1207.25,0.0,0.0,,dollar_price:1207.25
2019-11-13,baghdad_kifah,1,1,1206.75,1206.75,1206.75,1206.75,0.0,0.0,,dollar_price:1206.75
2019-11-13,basra,1,1,1208.5,1208.5,1208.5,1208.5,0.0,0.0,,dollar_price:1208.5
2019-11-13,erbil,1,1,1207.0,1207.0,1207.0,1207.0,0.0,0.0,,dollar_price:1207
2019-11-14,baghdad_kifah,1,1,1206.5,1206.5,1206.5,1206.5,0.0,0.0,,dollar_price:1206.5
2019-11-14,basra,1,1,1210.0,1210.0,1210.0,1210.0,0.0,0.0,,dollar_price:1210
2019-11-14,erbil,1,1,1206.5,1206.5,1206.5,1206.5,0.0,0.0,,dollar_price:1206.5
2019-11-18,baghdad_kifah,1,1,1207.5,1207.5,1207.5,1207.5,0.0,0.0,,dollar_price:1207.5
2019-11-18,basra,1,1,1210.0,1210.0,1210.0,1210.0,0.0,0.0,,dollar_price:1210
2019-11-18,erbil,1,1,1208.0,1208.0,1208.0,1208.0,0.0,0.0,,dollar_price:1208
2019-11-19,baghdad_kifah,1,1,1206.0,1206.0,1206.0,1206.0,0.0,0.0,,dollar_price:1206
2019-11-19,basra,1,1,1210.0,1210.0,1210.0,1210.0,0.0,0.0,,dollar_price:1210
2019-11-19,erbil,1,1,1207.0,1207.0,1207.0,1207.0,0.0,0.0,,dollar_price:1207
2019-11-21,baghdad_kifah,1,1,1206.0,1206.0,1206.0,1206.0,0.0,0.0,,dollar_price:1206
2019-11-21,basra,1,1,1208.5,1208.5,1208.5,1208.5,0.0,0.0,,dollar_price:1208.5
2019-11-21,erbil,1,1,1206.5,1206.5,1206.5,1206.5,0.0,0.0,,dollar_price:1206.5
2019-11-24,baghdad_kifah,1,1,1205.5,1205.5,1205.5,1205.5,0.0,0.0,,dollar_price:1205.5
2019-11-24,basra,1,1,1208.0,1208.0,1208.0,1208.0,0.0,0.0,,dollar_price:1208
2019-11-24,erbil,1,1,1204.75,1204.75,1204.75,1204.75,0.0,0.0,,dollar_price:1204.75
2019-11-25,baghdad_kifah,1,1,1206.0,1206.0,1206.0,1206.0,0.0,0.0,,dollar_price:1206
2019-11-25,basra,1,1,1208.0,1208.0,1208.0,1208.0,0.0,0.0,,dollar_price:1208
2019-11-25,erbil,1,1,1206.0,1206.0,1206.0,1206.0,0.0,0.0,,dollar_price:1206
2019-11-26,baghdad_kifah,1,1,1205.75,1205.75,1205.75,1205.75,0.0,0.0,,dollar_price:1205.75
2019-11-26,basra,1,1,1208.5,1208.5,1208.5,1208.5,0.0,0.0,,dollar_price:1208.5
2019-11-26,erbil,1,1,1206.75,1206.75,1206.75,1206.75,0.0,0.0,,dollar_price:1206.75
2019-11-27,baghdad_kifah,1,1,1205.75,1205.75,1205.75,1205.75,0.0,0.0,,dollar_price:1205.75
2019-11-27,basra,1,1,1208.0,1208.0,1208.0,1208.0,0.0,0.0,,dollar_price:1208
2019-11-27,erbil,1,1,1206.25,1206.25,1206.25,1206.25,0.0,0.0,,dollar_price:1206.25
2019-11-27,rutba,1,1,1207.0,1207.0,1207.0,1207.0,0.0,0.0,,dollar_price:1207
2019-11-28,baghdad_kifah,1,1,1204.5,1204.5,1204.5,1204.5,0.0,0.0,,dollar_price:1204.5
2019-11-28,basra,1,1,1206.5,1206.5,1206.5,1206.5,0.0,0.0,,dollar_price:1206.5
2019-11-28,erbil,1,1,1204.25,1204.25,1204.25,1204.25,0.0,0.0,,dollar_price:1204.25
2019-12-01,baghdad_kifah,1,1,1207.5,1207.5,1207.5,1207.5,0.0,0.0,,dollar_price:1207.5
2019-12-01,basra,1,1,1209.0,1209.0,1209.0,1209.0,0.0,0.0,,dollar_price:1209
2019-12-01,erbil,1,1,1209.5,1209.5,1209.5,1209.5,0.0,0.0,,dollar_price:1209.5
2019-12-02,baghdad_kifah,1,1,1207.0,1207.0,1207.0,1207.0,0.0,0.0,,dollar_price:1207
2019-12-02,basra,1,1,1208.5,1208.5,1208.5,1208.5,0.0,0.0,,dollar_price:1208.5
2019-12-02,erbil,1,1,1208.0,1208.0,1208.0,1208.0,0.0,0.0,,dollar_price:1208
2019-12-03,amarah,1,1,1200.0,1200.0,1200.0,1200.0,0.0,0.0,,dollar_price:1200
2019-12-03,baghdad_kifah,1,1,1207.5,1207.5,1207.5,1207.5,0.0,0.0,,dollar_price:1207.5
2019-12-03,basra,1,1,1208.0,1208.0,1208.0,1208.0,0.0,0.0,,dollar_price:1208
2019-12-03,erbil,1,1,1207.25,1207.25,1207.25,1207.25,0.0,0.0,,dollar_price:1207.25
2019-12-03,rutba,1,1,1207.5,1207.5,1207.5,1207.5,0.0,0.0,,dollar_price:1207.5
2019-12-04,babil,1,1,1208.0,1208.0,1208.0,1208.0,0.0,0.0,,dollar_price:1208
2019-12-04,baghdad_kifah,1,1,1207.0,1207.0,1207.0,1207.0,0.0,0.0,,dollar_price:1207
2019-12-04,basra,1,1,1208.0,1208.0,1208.0,1208.0,0.0,0.0,,dollar_price:1208
2019-12-04,erbil,1,1,1206.75,1206.75,1206.75,1206.75,0.0,0.0,,dollar_price:1206.75
2019-12-05,baghdad_kifah,1,1,1208.0,1208.0,1208.0,1208.0,0.0,0.0,,dollar_price:1208
2019-12-05,basra,1,1,1208.5,1208.5,1208.5,1208.5,0.0,0.0,,dollar_price:1208.5
2019-12-05,erbil,1,1,1208.0,1208.0,1208.0,1208.0,0.0,0.0,,dollar_price:1208
2019-12-08,baghdad_kifah,1,1,1208.5,1208.5,1208.5,1208.5,0.0,0.0,,dollar_price:1208.5
2019-12-08,basra,1,1,1210.5,1210.5,1210.5,1210.5,0.0,0.0,,dollar_price:1210.5
2019-12-08,erbil,1,1,1209.0,1209.0,1209.0,1209.0,0.0,0.0,,dollar_price:1209
2019-12-09,amarah,1,1,1209.5,1209.5,1209.5,1209.5,0.0,0.0,,dollar_price:1209.5
2019-12-09,baghdad_kifah,1,1,1208.5,1208.5,1208.5,1208.5,0.0,0.0,,dollar_price:1208.5
2019-12-09,basra,1,1,1210.5,1210.5,1210.5,1210.5,0.0,0.0,,dollar_price:1210.5
2019-12-09,erbil,1,1,1208.5,1208.5,1208.5,1208.5,0.0,0.0,,dollar_price:1208.5
2019-12-10,baghdad_kifah,1,1,1208.0,1208.0,1208.0,1208.0,0.0,0.0,,dollar_price:1208
2019-12-10,basra,1,1,1210.5,1210.5,1210.5,1210.5,0.0,0.0,,dollar_price:1210.5
2019-12-10,erbil,1,1,1208.75,1208.75,1208.75,1208.75,0.0,0.0,,dollar_price:1208.75
2019-12-11,baghdad_kifah,1,1,1207.5,1207.5,1207.5,1207.5,0.0,0.0,,dollar_price:1207.5
2019-12-11,basra,1,1,1210.0,1210.0,1210.0,1210.0,0.0,0.0,,dollar_price:1210
2019-12-11,erbil,1,1,1207.75,1207.75,1207.75,1207.75,0.0,0.0,,dollar_price:1207.75
2019-12-12,baghdad_kifah,1,1,1208.5,1208.5,1208.5,1208.5,0.0,0.0,,dollar_price:1208.5
2019-12-12,basra,1,1,1211.0,1211.0,1211.0,1211.0,0.0,0.0,,dollar_price:1211
2019-12-12,erbil,1,1,1208.5,1208.5,1208.5,1208.5,0.0,0.0,,dollar_price:1208.5
2019-12-15,baghdad_kifah,1,1,1208.5,1208.5,1208.5,1208.5,0.0,0.0,,dollar_price:1208.5
2019-12-15,basra,1,1,1211.0,1211.0,1211.0,1211.0,0.0,0.0,,dollar_price:1211
2019-12-15,erbil,1,1,1209.75,1209.75,1209.75,1209.75,0.0,0.0,,dollar_price:1209.75
2019-12-16,baghdad_kifah,1,1,1208.0,1208.0,1208.0,1208.0,0.0,0.0,,dollar_price:1208
2019-12-16,basra,1,1,1211.0,1211.0,1211.0,1211.0,0.0,0.0,,dollar_price:1211
2019-12-16,erbil,1,1,1209.5,1209.5,1209.5,1209.5,0.0,0.0,,dollar_price:1209.5
2019-12-16,nasiriyah,1,1,1210.0,1210.0,1210.0,1210.0,0.0,0.0,,dollar_price:1210
2019-12-17,baghdad_kifah,1,1,1207.5,1207.5,1207.5,1207.5,0.0,0.0,,dollar_price:1207.5
2019-12-17,basra,1,1,1210.5,1210.5,1210.5,1210.5,0.0,0.0,,dollar_price:1210.5
2019-12-17,erbil,1,1,1209.75,1209.75,1209.75,1209.75,0.0,0.0,,dollar_price:1209.75
2019-12-17,nasiriyah,1,1,1210.0,1210.0,1210.0,1210.0,0.0,0.0,,dollar_price:1210
2019-12-18,baghdad_kifah,1,1,1207.5,1207.5,1207.5,1207.5,0.0,0.0,,dollar_price:1207.5
2019-12-18,basra,1,1,1209.5,1209.5,1209.5,1209.5,0.0,0.0,,dollar_price:1209.5
2019-12-18,erbil,1,1,1210.5,1210.5,1210.5,1210.5,0.0,0.0,,dollar_price:1210.5
2019-12-19,baghdad_kifah,1,1,1207.25,1207.25,1207.25,1207.25,0.0,0.0,,dollar_price:1207.25
2019-12-19,basra,1,1,1210.0,1210.0,1210.0,1210.0,0.0,0.0,,dollar_price:1210
2019-12-19,erbil,1,1,1210.5,1210.5,1210.5,1210.5,0.0,0.0,,dollar_price:1210.5
2019-12-22,baghdad_kifah,1,1,1208.0,1208.0,1208.0,1208.0,0.0,0.0,,dollar_price:1208
2019-12-22,basra,1,1,1210.0,1210.0,1210.0,1210.0,0.0,0.0,,dollar_price:1210
2019-12-22,erbil,1,1,1209.5,1209.5,1209.5,1209.5,0.0,0.0,,dollar_price:1209.5
2019-12-23,amarah,1,1,1210.0,1210.0,1210.0,1210.0,0.0,0.0,,dollar_price:1210
2019-12-23,baghdad_kifah,1,1,1207.75,1207.75,1207.75,1207.75,0.0,0.0,,dollar_price:1207.75
2019-12-23,basra,1,1,1211.0,1211.0,1211.0,1211.0,0.0,0.0,,dollar_price:1211
2019-12-23,erbil,1,1,1209.0,1209.0,1209.0,1209.0,0.0,0.0,,dollar_price:1209
2019-12-24,baghdad_kifah,1,1,1208.0,1208.0,1208.0,1208.0,0.0,0.0,,dollar_price:1208
2019-12-24,basra,1,1,1210.0,1210.0,1210.0,1210.0,0.0,0.0,,dollar_price:1210
2019-12-24,erbil,1,1,1210.5,1210.5,1210.5,1210.5,0.0,0.0,,dollar_price:1210.5
2019-12-25,baghdad_kifah,1,1,1208.0,1208.0,1208.0,1208.0,0.0,0.0,,dollar_price:1208
2019-12-25,basra,1,1,1210.0,1210.0,1210.0,1210.0,0.0,0.0,,dollar_price:1210
2019-12-25,erbil,1,1,1210.25,1210.25,1210.25,1210.25,0.0,0.0,,dollar_price:1210.25
2019-12-26,baghdad_kifah,1,1,1208.25,1208.25,1208.25,1208.25,0.0,0.0,,dollar_price:1208.25
2019-12-26,basra,1,1,1210.0,1210.0,1210.0,1210.0,0.0,0.0,,dollar_price:1210
2019-12-26,erbil,1,1,1210.25,1210.25,1210.25,1210.25,0.0,0.0,,dollar_price:1210.25
2019-12-29,baghdad_kifah,1,1,1209.5,1209.5,1209.5,1209.5,0.0,0.0,,dollar_price:1209.5
2019-12-29,basra,1,1,1211.0,1211.0,1211.0,1211.0,0.0,0.0,,dollar_price:1211
2019-12-29,erbil,1,1,1212.0,1212.0,1212.0,1212.0,0.0,0.0,,dollar_price:1212
2019-12-31,baghdad_kifah,1,1,1209.0,1209.0,1209.0,1209.0,0.0,0.0,,dollar_price:1209
2019-12-31,basra,1,1,1211.0,1211.0,1211.0,1211.0,0.0,0.0,,dollar_price:1211
2019-12-31,erbil,1,1,1211.5,1211.5,1211.5,1211.5,0.0,0.0,,dollar_price:1211.5
2020-01-02,baghdad_kifah,1,1,1210.0,1210.0,1210.0,1210.0,0.0,0.0,,dollar_price:1210
2020-01-02,basra,1,1,1212.0,1212.0,1212.0,1212.0,0.0,0.0,,dollar_price:1212
2020-01-02,erbil,1,1,1211.75,1211.75,1211.75,1211.75,0.0,0.0,,dollar_price:1211.75
2020-01-05,baghdad_kifah,1,1,1214.0,1214.0,1214.0,1214.0,0.0,0.0,,dollar_price:1214
2020-01-05,basra,1,1,1217.5,1217.5,1217.5,1217.5,0.0,0.0,,dollar_price:1217.5
2020-01-05,erbil,1,1,1216.5,1216.5,1216.5,1216.5,0.0,0.0,,dollar_price:1216.5
2020-01-06,baghdad_kifah,1,1,1224.0,1224.0,1224.0,1224.0,0.0,0.0,,dollar_price:1224
2020-01-06,basra,1,1,1227.0,1227.0,1227.0,1227.0,0.0,0.0,,dollar_price:1227
2020-01-06,erbil,1,1,1224.5,1224.5,1224.5,1224.5,0.0,0.0,,dollar_price:1224.5
2020-01-07,baghdad_kifah,1,1,1224.0,1224.0,1224.0,1224.0,0.0,0.0,,dollar_price:1224
2020-01-07,basra,1,1,1227.0,1227.0,1227.0,1227.0,0.0,0.0,,dollar_price:1227
2020-01-07,erbil,1,1,1224.5,1224.5,1224.5,1224.5,0.0,0.0,,dollar_price:1224.5
2020-01-08,baghdad_kifah,1,1,1234.0,1234.0,1234.0,1234.0,0.0,0.0,,dollar_price:1234
2020-01-08,basra,1,1,1237.5,1237.5,1237.5,1237.5,0.0,0.0,,dollar_price:1237.5
2020-01-08,erbil,1,1,1236.25,1236.25,1236.25,1236.25,0.0,0.0,,dollar_price:1236.25
2020-01-12,baghdad_kifah,1,1,1214.0,1214.0,1214.0,1214.0,0.0,0.0,,dollar_price:1214
2020-01-12,basra,1,1,1216.5,1216.5,1216.5,1216.5,0.0,0.0,,dollar_price:1216.5
2020-01-12,erbil,1,1,1214.0,1214.0,1214.0,1214.0,0.0,0.0,,dollar_price:1214
2020-01-13,baghdad_kifah,1,1,1217.0,1217.0,1217.0,1217.0,0.0,0.0,,dollar_price:1217
2020-01-13,basra,1,1,1221.0,1221.0,1221.0,1221.0,0.0,0.0,,dollar_price:1221
2020-01-13,erbil,1,1,1217.25,1217.25,1217.25,1217.25,0.0,0.0,,dollar_price:1217.25
2020-01-13,rutba,1,1,1220.0,1220.0,1220.0,1220.0,0.0,0.0,,dollar_price:1220
2020-01-14,baghdad_kifah,1,1,1216.0,1216.0,1216.0,1216.0,0.0,0.0,,dollar_price:1216
2020-01-14,basra,1,1,1219.0,1219.0,1219.0,1219.0,0.0,0.0,,dollar_price:1219
2020-01-14,erbil,1,1,1216.75,1216.75,1216.75,1216.75,0.0,0.0,,dollar_price:1216.75
2020-01-14,rutba,1,1,1220.0,1220.0,1220.0,1220.0,0.0,0.0,,dollar_price:1220
2020-01-15,baghdad_kifah,1,1,1215.0,1215.0,1215.0,1215.0,0.0,0.0,,dollar_price:1215
2020-01-15,basra,1,1,1219.0,1219.0,1219.0,1219.0,0.0,0.0,,dollar_price:1219
2020-01-15,erbil,1,1,1216.0,1216.0,1216.0,1216.0,0.0,0.0,,dollar_price:1216
2020-01-15,rutba,1,1,1217.0,1217.0,1217.0,1217.0,0.0,0.0,,dollar_price:1217
2020-01-16,baghdad_kifah,1,1,1219.0,1219.0,1219.0,1219.0,0.0,0.0,,dollar_price:1219
2020-01-16,basra,1,1,1222.0,1222.0,1222.0,1222.0,0.0,0.0,,dollar_price:1222
2020-01-16,erbil,1,1,1218.25,1218.25,1218.25,1218.25,0.0,0.0,,dollar_price:1218.25
2020-01-16,rutba,1,1,1220.0,1220.0,1220.0,1220.0,0.0,0.0,,dollar_price:1220
2020-01-19,babil,1,1,1218.5,1218.5,1218.5,1218.5,0.0,0.0,,dollar_price:1218.5
2020-01-19,baghdad_kifah,1,1,1218.0,1218.0,1218.0,1218.0,0.0,0.0,,dollar_price:1218
2020-01-19,basra,1,1,1220.0,1220.0,1220.0,1220.0,0.0,0.0,,dollar_price:1220
2020-01-19,erbil,1,1,1218.5,1218.5,1218.5,1218.5,0.0,0.0,,dollar_price:1218.5
2020-01-19,samarra,1,1,1219.5,1219.5,1219.5,1219.5,0.0,0.0,,dollar_price:1219.5
2020-01-20,babil,1,1,1217.5,1217.5,1217.5,1217.5,0.0,0.0,,dollar_price:1217.5
2020-01-20,baghdad_kifah,1,1,1216.0,1216.0,1216.0,1216.0,0.0,0.0,,dollar_price:1216
2020-01-20,basra,1,1,1220.0,1220.0,1220.0,1220.0,0.0,0.0,,dollar_price:1220
2020-01-20,erbil,1,1,1217.75,1217.75,1217.75,1217.75,0.0,0.0,,dollar_price:1217.75
2020-01-21,baghdad_kifah,1,1,1215.0,1215.0,1215.0,1215.0,0.0,0.0,,dollar_price:1215
2020-01-21,basra,1,1,1218.5,1218.5,1218.5,1218.5,0.0,0.0,,dollar_price:1218.5
2020-01-21,erbil,1,1,1216.25,1216.25,1216.25,1216.25,0.0,0.0,,dollar_price:1216.25
2020-01-22,baghdad_kifah,1,1,1216.5,1216.5,1216.5,1216.5,0.0,0.0,,dollar_price:1216.5
2020-01-22,basra,1,1,1219.0,1219.0,1219.0,1219.0,0.0,0.0,,dollar_price:1219
2020-01-22,erbil,1,1,1217.0,1217.0,1217.0,1217.0,0.0,0.0,,dollar_price:1217
2020-01-23,baghdad_kifah,1,1,1215.0,1215.0,1215.0,1215.0,0.0,0.0,,dollar_price:1215
2020-01-23,basra,1,1,1218.0,1218.0,1218.0,1218.0,0.0,0.0,,dollar_price:1218
2020-01-23,erbil,1,1,1215.25,1215.25,1215.25,1215.25,0.0,0.0,,dollar_price:1215.25
2020-01-26,babil,1,1,1213.0,1213.0,1213.0,1213.0,0.0,0.0,,dollar_price:1213
2020-01-26,baghdad_kifah,1,1,1211.5,1211.5,1211.5,1211.5,0.0,0.0,,dollar_price:1211.5
2020-01-26,basra,1,1,1213.5,1213.5,1213.5,1213.5,0.0,0.0,,dollar_price:1213.5
2020-01-26,erbil,1,1,1213.0,1213.0,1213.0,1213.0,0.0,0.0,,dollar_price:1213
2020-01-27,baghdad_kifah,1,1,1210.0,1210.0,1210.0,1210.0,0.0,0.0,,dollar_price:1210
2020-01-27,basra,1,1,1212.5,1212.5,1212.5,1212.5,0.0,0.0,,dollar_price:1212.5
2020-01-27,erbil,1,1,1211.5,1211.5,1211.5,1211.5,0.0,0.0,,dollar_price:1211.5
2020-01-28,amarah,1,1,1213.0,1213.0,1213.0,1213.0,0.0,0.0,,dollar_price:1213
2020-01-28,baghdad_kifah,1,1,1211.0,1211.0,1211.0,1211.0,0.0,0.0,,dollar_price:1211
2020-01-28,basra,1,1,1213.5,1213.5,1213.5,1213.5,0.0,0.0,,dollar_price:1213.5
2020-01-28,erbil,1,1,1211.0,1211.0,1211.0,1211.0,0.0,0.0,,dollar_price:1211
2020-01-28,ramadi,1,1,1212.5,1212.5,1212.5,1212.5,0.0,0.0,,dollar_price:1212.5
2020-01-28,rutba,1,1,1212.5,1212.5,1212.5,1212.5,0.0,0.0,,dollar_price:1212.5
2020-01-28,samarra,1,1,1213.0,1213.0,1213.0,1213.0,0.0,0.0,,dollar_price:1213
2020-01-28,samawah,1,1,1212.5,1212.5,1212.5,1212.5,0.0,0.0,,dollar_price:1212.5
2020-01-30,basra,1,1,1213.0,1213.0,1213.0,1213.0,0.0,0.0,,dollar_price:1213
2020-01-30,erbil,1,1,1211.25,1211.25,1211.25,1211.25,0.0,0.0,,dollar_price:1211.25
2020-02-02,amarah,1,1,1212.5,1212.5,1212.5,1212.5,0.0,0.0,,dollar_price:1212.5
2020-02-02,baghdad_kifah,1,1,1209.5,1209.5,1209.5,1209.5,0.0,0.0,,dollar_price:1209.5
2020-02-02,basra,1,1,1212.0,1212.0,1212.0,1212.0,0.0,0.0,,dollar_price:1212
2020-02-02,erbil,1,1,1209.5,1209.5,1209.5,1209.5,0.0,0.0,,dollar_price:1209.5
2020-02-02,ramadi,1,1,1212.5,1212.5,1212.5,1212.5,0.0,0.0,,dollar_price:1212.5
2020-02-03,baghdad_kifah,1,1,1211.0,1211.0,1211.0,1211.0,0.0,0.0,,dollar_price:1211
2020-02-03,basra,1,1,1213.0,1213.0,1213.0,1213.0,0.0,0.0,,dollar_price:1213
2020-02-03,erbil,1,1,1209.25,1209.25,1209.25,1209.25,0.0,0.0,,dollar_price:1209.25
2020-02-04,baghdad_kifah,1,1,1209.5,1209.5,1209.5,1209.5,0.0,0.0,,dollar_price:1209.5
2020-02-04,basra,1,1,1211.5,1211.5,1211.5,1211.5,0.0,0.0,,dollar_price:1211.5
2020-02-04,erbil,1,1,1208.5,1208.5,1208.5,1208.5,0.0,0.0,,dollar_price:1208.5
2020-02-05,baghdad_kifah,1,1,1208.0,1208.0,1208.0,1208.0,0.0,0.0,,dollar_price:1208
2020-02-05,basra,1,1,1210.0,1210.0,1210.0,1210.0,0.0,0.0,,dollar_price:1210
2020-02-05,erbil,1,1,1206.5,1206.5,1206.5,1206.5,0.0,0.0,,dollar_price:1206.5
2020-02-05,ramadi,1,1,1210.0,1210.0,1210.0,1210.0,0.0,0.0,,dollar_price:1210
2020-02-05,samarra,1,1,1210.0,1210.0,1210.0,1210.0,0.0,0.0,,dollar_price:1210
2020-02-06,baghdad_kifah,1,1,1208.0,1208.0,1208.0,1208.0,0.0,0.0,,dollar_price:1208
2020-02-06,basra,1,1,1211.0,1211.0,1211.0,1211.0,0.0,0.0,,dollar_price:1211
2020-02-06,erbil,1,1,1208.0,1208.0,1208.0,1208.0,0.0,0.0,,dollar_price:1208
2020-02-09,amarah,1,1,1211.0,1211.0,1211.0,1211.0,0.0,0.0,,dollar_price:1211
2020-02-09,baghdad_kifah,1,1,1208.0,1208.0,1208.0,1208.0,0.0,0.0,,dollar_price:1208
2020-02-09,basra,1,1,1211.0,1211.0,1211.0,1211.0,0.0,0.0,,dollar_price:1211
2020-02-09,erbil,1,1,1208.0,1208.0,1208.0,1208.0,0.0,0.0,,dollar_price:1208
2020-02-09,rutba,1,1,1210.0,1210.0,1210.0,1210.0,0.0,0.0,,dollar_price:1210
2020-02-09,samarra,1,1,1211.0,1211.0,1211.0,1211.0,0.0,0.0,,dollar_price:1211
2020-02-10,baghdad_kifah,1,1,1208.25,1208.25,1208.25,1208.25,0.0,0.0,,dollar_price:1208.25
2020-02-10,basra,1,1,1211.0,1211.0,1211.0,1211.0,0.0,0.0,,dollar_price:1211
2020-02-10,erbil,1,1,1207.75,1207.75,1207.75,1207.75,0.0,0.0,,dollar_price:1207.75
2020-02-11,baghdad_kifah,1,1,1207.5,1207.5,1207.5,1207.5,0.0,0.0,,dollar_price:1207.5
2020-02-11,basra,1,1,1211.0,1211.0,1211.0,1211.0,0.0,0.0,,dollar_price:1211
2020-02-11,erbil,1,1,1206.5,1206.5,1206.5,1206.5,0.0,0.0,,dollar_price:1206.5
2020-02-12,baghdad_kifah,1,1,1206.0,1206.0,1206.0,1206.0,0.0,0.0,,dollar_price:1206
2020-02-12,basra,1,1,1209.0,1209.0,1209.0,1209.0,0.0,0.0,,dollar_price:1209
2020-02-12,erbil,1,1,1205.5,1205.5,1205.5,1205.5,0.0,0.0,,dollar_price:1205.5
2020-02-13,baghdad_kifah,1,1,1204.0,1204.0,1204.0,1204.0,0.0,0.0,,dollar_price:1204
2020-02-13,basra,1,1,1207.0,1207.0,1207.0,1207.0,0.0,0.0,,dollar_price:1207
2020-02-13,erbil,1,1,1204.25,1204.25,1204.25,1204.25,0.0,0.0,,dollar_price:1204.25
2020-02-16,baghdad_kifah,1,1,1205.0,1205.0,1205.0,1205.0,0.0,0.0,,dollar_price:1205
2020-02-16,basra,1,1,1207.0,1207.0,1207.0,1207.0,0.0,0.0,,dollar_price:1207
2020-02-16,erbil,1,1,1206.0,1206.0,1206.0,1206.0,0.0,0.0,,dollar_price:1206
2020-02-17,amarah,1,1,1207.5,1207.5,1207.5,1207.5,0.0,0.0,,dollar_price:1207.5
2020-02-17,baghdad_kifah,1,1,1205.0,1205.0,1205.0,1205.0,0.0,0.0,,dollar_price:1205
2020-02-17,basra,1,1,1207.5,1207.5,1207.5,1207.5,0.0,0.0,,dollar_price:1207.5
2020-02-17,erbil,1,1,1205.75,1205.75,1205.75,1205.75,0.0,0.0,,dollar_price:1205.75
2020-02-18,baghdad_kifah,1,1,1205.0,1205.0,1205.0,1205.0,0.0,0.0,,dollar_price:1205
2020-02-18,basra,1,1,1206.5,1206.5,1206.5,1206.5,0.0,0.0,,dollar_price:1206.5
2020-02-18,erbil,1,1,1205.5,1205.5,1205.5,1205.5,0.0,0.0,,dollar_price:1205.5
2020-02-19,baghdad_kifah,1,1,1204.5,1204.5,1204.5,1204.5,0.0,0.0,,dollar_price:1204.5
2020-02-19,basra,1,1,1206.5,1206.5,1206.5,1206.5,0.0,0.0,,dollar_price:1206.5
2020-02-19,erbil,1,1,1205.25,1205.25,1205.25,1205.25,0.0,0.0,,dollar_price:1205.25
2020-02-20,baghdad_kifah,1,1,1204.25,1204.25,1204.25,1204.25,0.0,0.0,,dollar_price:1204.25
2020-02-20,basra,1,1,1207.0,1207.0,1207.0,1207.0,0.0,0.0,,dollar_price:1207
2020-02-20,erbil,1,1,1204.5,1204.5,1204.5,1204.5,0.0,0.0,,dollar_price:1204.5
2020-02-20,rutba,1,1,1205.0,1205.0,1205.0,1205.0,0.0,0.0,,dollar_price:1205
2020-02-20,samarra,1,1,1206.5,1206.5,1206.5,1206.5,0.0,0.0,,dollar_price:1206.5
2020-02-23,amarah,1,1,1206.0,1206.0,1206.0,1206.0,0.0,0.0,,dollar_price:1206
2020-02-23,baghdad_kifah,1,1,1204.25,1204.25,1204.25,1204.25,0.0,0.0,,dollar_price:1204.25
2020-02-23,basra,1,1,1206.5,1206.5,1206.5,1206.5,0.0,0.0,,dollar_price:1206.5
2020-02-23,erbil,1,1,1205.25,1205.25,1205.25,1205.25,0.0,0.0,,dollar_price:1205.25
2020-02-24,baghdad_kifah,1,1,1203.5,1203.5,1203.5,1203.5,0.0,0.0,,dollar_price:1203.5
2020-02-24,basra,1,1,1205.5,1205.5,1205.5,1205.5,0.0,0.0,,dollar_price:1205.5
2020-02-24,erbil,1,1,1203.5,1203.5,1203.5,1203.5,0.0,0.0,,dollar_price:1203.5
2020-02-25,baghdad_kifah,1,1,1203.5,1203.5,1203.5,1203.5,0.0,0.0,,dollar_price:1203.5
2020-02-25,basra,1,1,1205.0,1205.0,1205.0,1205.0,0.0,0.0,,dollar_price:1205
2020-02-25,erbil,1,1,1203.5,1203.5,1203.5,1203.5,0.0,0.0,,dollar_price:1203.5
2020-02-26,baghdad_kifah,1,1,1201.0,1201.0,1201.0,1201.0,0.0,0.0,,dollar_price:1201
2020-02-26,basra,1,1,1203.5,1203.5,1203.5,1203.5,0.0,0.0,,dollar_price:1203.5
2020-02-26,erbil,1,1,1201.75,1201.75,1201.75,1201.75,0.0,0.0,,dollar_price:1201.75
2020-02-27,baghdad_kifah,1,1,1201.75,1201.75,1201.75,1201.75,0.0,0.0,,dollar_price:1201.75
2020-02-27,basra,1,1,1203.5,1203.5,1203.5,1203.5,0.0,0.0,,dollar_price:1203.5
2020-02-27,erbil,1,1,1201.25,1201.25,1201.25,1201.25,0.0,0.0,,dollar_price:1201.25
2020-03-01,amarah,1,1,1205.5,1205.5,1205.5,1205.5,0.0,0.0,,dollar_price:1205.5
2020-03-01,baghdad_kifah,1,1,1203.0,1203.0,1203.0,1203.0,0.0,0.0,,dollar_price:1203
2020-03-01,basra,1,1,1204.5,1204.5,1204.5,1204.5,0.0,0.0,,dollar_price:1204.5
2020-03-01,erbil,1,1,1203.25,1203.25,1203.25,1203.25,0.0,0.0,,dollar_price:1203.25
2020-03-02,baghdad_kifah,1,1,1203.5,1203.5,1203.5,1203.5,0.0,0.0,,dollar_price:1203.5
2020-03-02,basra,1,1,1205.0,1205.0,1205.0,1205.0,0.0,0.0,,dollar_price:1205
2020-03-02,erbil,1,1,1203.25,1203.25,1203.25,1203.25,0.0,0.0,,dollar_price:1203.25
2020-03-03,baghdad_kifah,1,1,1204.5,1204.5,1204.5,1204.5,0.0,0.0,,dollar_price:1204.5
2020-03-03,basra,1,1,1206.0,1206.0,1206.0,1206.0,0.0,0.0,,dollar_price:1206
2020-03-03,erbil,1,1,1203.5,1203.5,1203.5,1203.5,0.0,0.0,,dollar_price:1203.5
2020-03-04,baghdad_kifah,1,1,1204.75,1204.75,1204.75,1204.75,0.0,0.0,,dollar_price:1204.75
2020-03-04,basra,1,1,1205.5,1205.5,1205.5,1205.5,0.0,0.0,,dollar_price:1205.5
2020-03-04,erbil,1,1,1204.5,1204.5,1204.5,1204.5,0.0,0.0,,dollar_price:1204.5
2020-03-05,baghdad_kifah,1,1,1206.0,1206.0,1206.0,1206.0,0.0,0.0,,dollar_price:1206
2020-03-05,basra,1,1,1208.0,1208.0,1208.0,1208.0,0.0,0.0,,dollar_price:1208
2020-03-05,erbil,1,1,1207.0,1207.0,1207.0,1207.0,0.0,0.0,,dollar_price:1207
2020-03-08,baghdad_kifah,1,1,1208.5,1208.5,1208.5,1208.5,0.0,0.0,,dollar_price:1208.5
2020-03-08,basra,1,1,1209.0,1209.0,1209.0,1209.0,0.0,0.0,,dollar_price:1209
2020-03-08,erbil,1,1,1210.0,1210.0,1210.0,1210.0,0.0,0.0,,dollar_price:1210
2020-03-09,baghdad_kifah,1,1,1213.0,1213.0,1213.0,1213.0,0.0,0.0,,dollar_price:1213
2020-03-09,basra,1,1,1216.0,1216.0,1216.0,1216.0,0.0,0.0,,dollar_price:1216
2020-03-09,erbil,1,1,1216.5,1216.5,1216.5,1216.5,0.0,0.0,,dollar_price:1216.5
2020-03-10,amarah,1,1,1214.5,1214.5,1214.5,1214.5,0.0,0.0,,dollar_price:1214.5
2020-03-10,baghdad_kifah,1,1,1212.0,1212.0,1212.0,1212.0,0.0,0.0,,dollar_price:1212
2020-03-10,basra,1,1,1215.0,1215.0,1215.0,1215.0,0.0,0.0,,dollar_price:1215
2020-03-10,erbil,1,1,1214.5,1214.5,1214.5,1214.5,0.0,0.0,,dollar_price:1214.5
2020-03-10,nasiriyah,1,1,1214.0,1214.0,1214.0,1214.0,0.0,0.0,,dollar_price:1214
2020-03-11,amarah,1,1,1216.0,1216.0,1216.0,1216.0,0.0,0.0,,dollar_price:1216
2020-03-11,baghdad_kifah,1,1,1212.5,1212.5,1212.5,1212.5,0.0,0.0,,dollar_price:1212.5
2020-03-11,basra,1,1,1216.0,1216.0,1216.0,1216.0,0.0,0.0,,dollar_price:1216
2020-03-11,erbil,1,1,1212.75,1212.75,1212.75,1212.75,0.0,0.0,,dollar_price:1212.75
2020-03-12,amarah,1,1,1216.5,1216.5,1216.5,1216.5,0.0,0.0,,dollar_price:1216.5
2020-03-12,baghdad_kifah,1,1,1213.5,1213.5,1213.5,1213.5,0.0,0.0,,dollar_price:1213.5
2020-03-12,basra,1,1,1217.5,1217.5,1217.5,1217.5,0.0,0.0,,dollar_price:1217.5
2020-03-12,erbil,1,1,1216.25,1216.25,1216.25,1216.25,0.0,0.0,,dollar_price:1216.25
2020-03-15,baghdad_kifah,1,1,1214.0,1214.0,1214.0,1214.0,0.0,0.0,,dollar_price:1214
2020-03-15,basra,1,1,1217.5,1217.5,1217.5,1217.5,0.0,0.0,,dollar_price:1217.5
2020-03-16,baghdad_kifah,1,1,1215.0,1215.0,1215.0,1215.0,0.0,0.0,,dollar_price:1215
2020-03-16,basra,1,1,1219.0,1219.0,1219.0,1219.0,0.0,0.0,,dollar_price:1219
2020-03-17,baghdad_kifah,1,1,1215.0,1215.0,1215.0,1215.0,0.0,0.0,,dollar_price:1215
2020-03-17,rutba,1,1,1215.0,1215.0,1215.0,1215.0,0.0,0.0,,dollar_price:1215
2020-04-19,baghdad_generic,1,1,1220.0,1220.0,1220.0,1220.0,0.0,0.0,,dollar_price:1220
2020-04-19,basra,1,1,1222.5,1222.5,1222.5,1222.5,0.0,0.0,,dollar_price:1222.5
2020-04-22,baghdad_kifah,1,1,1231.0,1231.0,1231.0,1231.0,0.0,0.0,,dollar_price:1231
2020-04-22,basra,1,1,1233.5,1233.5,1233.5,1233.5,0.0,0.0,,dollar_price:1233.5
2020-04-22,rutba,1,1,1235.0,1235.0,1235.0,1235.0,0.0,0.0,,dollar_price:1235
2020-04-22,samawah,1,1,1235.0,1235.0,1235.0,1235.0,0.0,0.0,,dollar_price:1235
2020-04-26,baghdad_kifah,1,1,1231.0,1231.0,1231.0,1231.0,0.0,0.0,,dollar_price:1231
2020-04-26,basra,1,1,1233.5,1233.5,1233.5,1233.5,0.0,0.0,,dollar_price:1233.5
2020-04-26,erbil,1,1,1231.5,1231.5,1231.5,1231.5,0.0,0.0,,dollar_price:1231.5
2020-04-29,baghdad_kifah,1,1,1242.0,1242.0,1242.0,1242.0,0.0,0.0,,dollar_price:1242
2020-04-29,basra,1,1,1241.0,1241.0,1241.0,1241.0,0.0,0.0,,dollar_price:1241
2020-04-29,erbil,1,1,1240.0,1240.0,1240.0,1240.0,0.0,0.0,,dollar_price:1240
2020-04-29,nasiriyah,1,1,1245.0,1245.0,1245.0,1245.0,0.0,0.0,,dollar_price:1245
2020-04-29,ramadi,1,1,1245.0,1245.0,1245.0,1245.0,0.0,0.0,,dollar_price:1245
2020-04-29,samawah,1,1,1245.0,1245.0,1245.0,1245.0,0.0,0.0,,dollar_price:1245
2020-04-30,amarah,1,1,1238.0,1238.0,1238.0,1238.0,0.0,0.0,,dollar_price:1238
2020-04-30,baghdad_kifah,1,1,1236.5,1236.5,1236.5,1236.5,0.0,0.0,,dollar_price:1236.5
2020-04-30,basra,1,1,1237.0,1237.0,1237.0,1237.0,0.0,0.0,,dollar_price:1237
2020-04-30,erbil,1,1,1237.5,1237.5,1237.5,1237.5,0.0,0.0,,dollar_price:1237.5
2020-05-04,baghdad_kifah,1,1,1238.0,1238.0,1238.0,1238.0,0.0,0.0,,dollar_price:1238
2020-05-04,basra,1,1,1241.0,1241.0,1241.0,1241.0,0.0,0.0,,dollar_price:1241
2020-05-04,erbil,1,1,1238.5,1238.5,1238.5,1238.5,0.0,0.0,,dollar_price:1238.5
2020-05-05,amarah,1,1,1242.5,1242.5,1242.5,1242.5,0.0,0.0,,dollar_price:1242.5
2020-05-05,baghdad_kifah,1,1,1243.0,1243.0,1243.0,1243.0,0.0,0.0,,dollar_price:1243
2020-05-05,basra,1,1,1243.0,1243.0,1243.0,1243.0,0.0,0.0,,dollar_price:1243
2020-05-05,erbil,1,1,1241.5,1241.5,1241.5,1241.5,0.0,0.0,,dollar_price:1241.5
2020-05-05,ramadi,1,1,1245.0,1245.0,1245.0,1245.0,0.0,0.0,,dollar_price:1245
2020-05-07,amarah,1,1,1240.0,1240.0,1240.0,1240.0,0.0,0.0,,dollar_price:1240
2020-05-07,baghdad_kifah,1,1,1238.5,1238.5,1238.5,1238.5,0.0,0.0,,dollar_price:1238.5
2020-05-07,basra,1,1,1239.0,1239.0,1239.0,1239.0,0.0,0.0,,dollar_price:1239
2020-05-07,erbil,1,1,1237.0,1237.0,1237.0,1237.0,0.0,0.0,,dollar_price:1237
2020-05-07,nasiriyah,1,1,1239.5,1239.5,1239.5,1239.5,0.0,0.0,,dollar_price:1239.5
2020-05-10,baghdad_kifah,1,1,1238.0,1238.0,1238.0,1238.0,0.0,0.0,,dollar_price:1238
2020-05-10,basra,1,1,1238.5,1238.5,1238.5,1238.5,0.0,0.0,,dollar_price:1238.5
2020-05-10,erbil,1,1,1236.5,1236.5,1236.5,1236.5,0.0,0.0,,dollar_price:1236.5
2020-05-11,amarah,1,1,1240.0,1240.0,1240.0,1240.0,0.0,0.0,,dollar_price:1240
2020-05-11,baghdad_kifah,1,1,1239.0,1239.0,1239.0,1239.0,0.0,0.0,,dollar_price:1239
2020-05-11,basra,1,1,1240.0,1240.0,1240.0,1240.0,0.0,0.0,,dollar_price:1240
2020-05-11,erbil,1,1,1236.75,1236.75,1236.75,1236.75,0.0,0.0,,dollar_price:1236.75
2020-05-12,amarah,1,1,1240.0,1240.0,1240.0,1240.0,0.0,0.0,,dollar_price:1240
2020-05-12,baghdad_kifah,1,1,1238.0,1238.0,1238.0,1238.0,0.0,0.0,,dollar_price:1238
2020-05-12,basra,1,1,1240.0,1240.0,1240.0,1240.0,0.0,0.0,,dollar_price:1240
2020-05-12,erbil,1,1,1237.5,1237.5,1237.5,1237.5,0.0,0.0,,dollar_price:1237.5
2020-05-12,rutba,1,1,1240.0,1240.0,1240.0,1240.0,0.0,0.0,,dollar_price:1240
2020-05-12,samarra,1,1,1241.0,1241.0,1241.0,1241.0,0.0,0.0,,dollar_price:1241
2020-05-12,samawah,1,1,1241.0,1241.0,1241.0,1241.0,0.0,0.0,,dollar_price:1241
2020-05-13,baghdad_kifah,1,1,1232.5,1232.5,1232.5,1232.5,0.0,0.0,,dollar_price:1232.5
2020-05-13,basra,1,1,1234.0,1234.0,1234.0,1234.0,0.0,0.0,,dollar_price:1234
2020-05-13,erbil,1,1,1233.0,1233.0,1233.0,1233.0,0.0,0.0,,dollar_price:1233
2020-05-17,baghdad_kifah,1,1,1226.5,1226.5,1226.5,1226.5,0.0,0.0,,dollar_price:1226.5
2020-05-17,basra,1,1,1228.5,1228.5,1228.5,1228.5,0.0,0.0,,dollar_price:1228.5
2020-05-17,erbil,1,1,1222.5,1222.5,1222.5,1222.5,0.0,0.0,,dollar_price:1222.5
2020-05-18,baghdad_kifah,1,1,1220.0,1220.0,1220.0,1220.0,0.0,0.0,,dollar_price:1220
2020-05-18,basra,1,1,1224.0,1224.0,1224.0,1224.0,0.0,0.0,,dollar_price:1224
2020-05-18,erbil,1,1,1222.0,1222.0,1222.0,1222.0,0.0,0.0,,dollar_price:1222
2020-05-19,baghdad_kifah,1,1,1225.0,1225.0,1225.0,1225.0,0.0,0.0,,dollar_price:1225
2020-05-19,basra,1,1,1226.5,1226.5,1226.5,1226.5,0.0,0.0,,dollar_price:1226.5
2020-05-19,erbil,1,1,1221.5,1221.5,1221.5,1221.5,0.0,0.0,,dollar_price:1221.5
2020-05-20,baghdad_kifah,1,1,1229.0,1229.0,1229.0,1229.0,0.0,0.0,,dollar_price:1229
2020-05-20,basra,1,1,1231.0,1231.0,1231.0,1231.0,0.0,0.0,,dollar_price:1231
2020-05-20,erbil,1,1,1226.0,1226.0,1226.0,1226.0,0.0,0.0,,dollar_price:1226
2020-05-20,samawah,1,1,1230.0,1230.0,1230.0,1230.0,0.0,0.0,,dollar_price:1230
2020-05-21,baghdad_kifah,1,1,1230.0,1230.0,1230.0,1230.0,0.0,0.0,,dollar_price:1230
2020-05-21,basra,1,1,1232.5,1232.5,1232.5,1232.5,0.0,0.0,,dollar_price:1232.5
2020-05-21,erbil,1,1,1227.0,1227.0,1227.0,1227.0,0.0,0.0,,dollar_price:1227
2020-05-31,baghdad_generic,1,1,1239.0,1239.0,1239.0,1239.0,0.0,0.0,,dollar_price:1239
2020-05-31,basra,1,1,1238.5,1238.5,1238.5,1238.5,0.0,0.0,,dollar_price:1238.5
2020-05-31,erbil,1,1,1234.0,1234.0,1234.0,1234.0,0.0,0.0,,dollar_price:1234
2020-06-01,baghdad_kifah,1,1,1240.0,1240.0,1240.0,1240.0,0.0,0.0,,dollar_price:1240
2020-06-01,basra,1,1,1241.0,1241.0,1241.0,1241.0,0.0,0.0,,dollar_price:1241
2020-06-01,erbil,1,1,1240.0,1240.0,1240.0,1240.0,0.0,0.0,,dollar_price:1240
2020-06-02,baghdad_kifah,1,1,1240.0,1240.0,1240.0,1240.0,0.0,0.0,,dollar_price:1240
2020-06-02,basra,1,1,1241.0,1241.0,1241.0,1241.0,0.0,0.0,,dollar_price:1241
2020-06-02,erbil,1,1,1240.0,1240.0,1240.0,1240.0,0.0,0.0,,dollar_price:1240
2020-06-03,baghdad_kifah,1,1,1238.0,1238.0,1238.0,1238.0,0.0,0.0,,dollar_price:1238
2020-06-03,basra,1,1,1239.0,1239.0,1239.0,1239.0,0.0,0.0,,dollar_price:1239
2020-06-04,baghdad_kifah,1,1,1233.5,1233.5,1233.5,1233.5,0.0,0.0,,dollar_price:1233.5
2020-06-04,basra,1,1,1234.5,1234.5,1234.5,1234.5,0.0,0.0,,dollar_price:1234.5
2020-06-04,erbil,1,1,1233.5,1233.5,1233.5,1233.5,0.0,0.0,,dollar_price:1233.5
2020-06-07,baghdad_kifah,1,1,1240.0,1240.0,1240.0,1240.0,0.0,0.0,,dollar_price:1240
2020-06-07,basra,1,1,1240.0,1240.0,1240.0,1240.0,0.0,0.0,,dollar_price:1240
2020-06-07,erbil,1,1,1239.0,1239.0,1239.0,1239.0,0.0,0.0,,dollar_price:1239
2020-06-08,baghdad_kifah,1,1,1243.0,1243.0,1243.0,1243.0,0.0,0.0,,dollar_price:1243
2020-06-08,basra,1,1,1243.0,1243.0,1243.0,1243.0,0.0,0.0,,dollar_price:1243
2020-06-08,erbil,1,1,1242.5,1242.5,1242.5,1242.5,0.0,0.0,,dollar_price:1242.5
2020-06-09,baghdad_kifah,1,1,1242.0,1242.0,1242.0,1242.0,0.0,0.0,,dollar_price:1242
2020-06-09,basra,1,1,1241.5,1241.5,1241.5,1241.5,0.0,0.0,,dollar_price:1241.5
2020-06-09,erbil,1,1,1238.0,1238.0,1238.0,1238.0,0.0,0.0,,dollar_price:1238
2020-06-11,baghdad_kifah,1,1,1241.0,1241.0,1241.0,1241.0,0.0,0.0,,dollar_price:1241
2020-06-11,basra,1,1,1241.5,1241.5,1241.5,1241.5,0.0,0.0,,dollar_price:1241.5
2020-06-11,erbil,1,1,1240.0,1240.0,1240.0,1240.0,0.0,0.0,,dollar_price:1240
2020-06-14,baghdad_kifah,1,1,1238.0,1238.0,1238.0,1238.0,0.0,0.0,,dollar_price:1238
2020-06-14,basra,1,1,1238.0,1238.0,1238.0,1238.0,0.0,0.0,,dollar_price:1238
2020-06-14,erbil,1,1,1237.5,1237.5,1237.5,1237.5,0.0,0.0,,dollar_price:1237.5
2020-06-15,baghdad_kifah,1,1,1236.0,1236.0,1236.0,1236.0,0.0,0.0,,dollar_price:1236
2020-06-15,basra,1,1,1237.5,1237.5,1237.5,1237.5,0.0,0.0,,dollar_price:1237.5
2020-06-15,erbil,1,1,1235.0,1235.0,1235.0,1235.0,0.0,0.0,,dollar_price:1235
2020-06-16,amarah,1,1,1239.0,1239.0,1239.0,1239.0,0.0,0.0,,dollar_price:1239
2020-06-16,baghdad_kifah,1,1,1237.5,1237.5,1237.5,1237.5,0.0,0.0,,dollar_price:1237.5
2020-06-16,basra,1,1,1238.5,1238.5,1238.5,1238.5,0.0,0.0,,dollar_price:1238.5
2020-06-16,erbil,1,1,1237.25,1237.25,1237.25,1237.25,0.0,0.0,,dollar_price:1237.25
2020-06-16,ramadi,1,1,1240.0,1240.0,1240.0,1240.0,0.0,0.0,,dollar_price:1240
2020-06-17,baghdad_kifah,1,1,1244.0,1244.0,1244.0,1244.0,0.0,0.0,,dollar_price:1244
2020-06-17,basra,1,1,1242.5,1242.5,1242.5,1242.5,0.0,0.0,,dollar_price:1242.5
2020-06-17,erbil,1,1,1243.0,1243.0,1243.0,1243.0,0.0,0.0,,dollar_price:1243
2020-06-18,baghdad_kifah,1,1,1241.0,1241.0,1241.0,1241.0,0.0,0.0,,dollar_price:1241
2020-06-18,basra,1,1,1241.5,1241.5,1241.5,1241.5,0.0,0.0,,dollar_price:1241.5
2020-06-18,erbil,1,1,1241.0,1241.0,1241.0,1241.0,0.0,0.0,,dollar_price:1241
2020-06-21,baghdad_kifah,1,1,1239.5,1239.5,1239.5,1239.5,0.0,0.0,,dollar_price:1239.5
2020-06-21,basra,1,1,1240.0,1240.0,1240.0,1240.0,0.0,0.0,,dollar_price:1240
2020-06-21,erbil,1,1,1240.0,1240.0,1240.0,1240.0,0.0,0.0,,dollar_price:1240
2020-06-22,baghdad_kifah,1,1,1244.5,1244.5,1244.5,1244.5,0.0,0.0,,dollar_price:1244.5
2020-06-22,basra,1,1,1245.0,1245.0,1245.0,1245.0,0.0,0.0,,dollar_price:1245
2020-06-22,erbil,1,1,1245.0,1245.0,1245.0,1245.0,0.0,0.0,,dollar_price:1245
2020-06-23,baghdad_kifah,1,1,1243.0,1243.0,1243.0,1243.0,0.0,0.0,,dollar_price:1243
2020-06-23,erbil,1,1,1245.0,1245.0,1245.0,1245.0,0.0,0.0,,dollar_price:1245
2020-06-23,ramadi,1,1,1245.0,1245.0,1245.0,1245.0,0.0,0.0,,dollar_price:1245
2020-06-25,baghdad_kifah,1,1,1237.5,1237.5,1237.5,1237.5,0.0,0.0,,dollar_price:1237.5
2020-06-25,erbil,1,1,1242.75,1242.75,1242.75,1242.75,0.0,0.0,,dollar_price:1242.75
2020-06-28,baghdad_kifah,1,1,1228.0,1228.0,1228.0,1228.0,0.0,0.0,,dollar_price:1228
2020-06-28,basra,1,1,1230.0,1230.0,1230.0,1230.0,0.0,0.0,,dollar_price:1230
2020-06-28,erbil,1,1,1232.5,1232.5,1232.5,1232.5,0.0,0.0,,dollar_price:1232.5
2020-06-29,baghdad_generic,1,1,1229.0,1229.0,1229.0,1229.0,0.0,0.0,,dollar_price:1229
2020-06-29,basra,1,1,1230.0,1230.0,1230.0,1230.0,0.0,0.0,,dollar_price:1230
2020-06-29,erbil,1,1,1239.0,1239.0,1239.0,1239.0,0.0,0.0,,dollar_price:1239
2020-06-30,baghdad_kifah,1,1,1224.5,1224.5,1224.5,1224.5,0.0,0.0,,dollar_price:1224.5
2020-06-30,basra,1,1,1227.0,1227.0,1227.0,1227.0,0.0,0.0,,dollar_price:1227
2020-07-02,baghdad_kifah,1,1,1225.0,1225.0,1225.0,1225.0,0.0,0.0,,dollar_price:1225
2020-07-02,basra,1,1,1230.0,1230.0,1230.0,1230.0,0.0,0.0,,dollar_price:1230
2020-07-05,baghdad_kifah,1,1,1230.0,1230.0,1230.0,1230.0,0.0,0.0,,dollar_price:1230
2020-07-05,basra,1,1,1230.0,1230.0,1230.0,1230.0,0.0,0.0,,dollar_price:1230
2020-07-05,erbil,1,1,1231.0,1231.0,1231.0,1231.0,0.0,0.0,,dollar_price:1231
2020-07-06,amarah,1,1,1230.0,1230.0,1230.0,1230.0,0.0,0.0,,dollar_price:1230
2020-07-06,baghdad_kifah,1,1,1227.0,1227.0,1227.0,1227.0,0.0,0.0,,dollar_price:1227
2020-07-06,basra,1,1,1229.5,1229.5,1229.5,1229.5,0.0,0.0,,dollar_price:1229.5
2020-07-06,erbil,1,1,1229.0,1229.0,1229.0,1229.0,0.0,0.0,,dollar_price:1229
2020-07-07,amarah,1,1,1228.0,1228.0,1228.0,1228.0,0.0,0.0,,dollar_price:1228
2020-07-07,babil,1,1,1225.5,1225.5,1225.5,1225.5,0.0,0.0,,dollar_price:1225.5
2020-07-07,baghdad_kifah,1,1,1224.0,1224.0,1224.0,1224.0,0.0,0.0,,dollar_price:1224
2020-07-07,basra,1,1,1226.5,1226.5,1226.5,1226.5,0.0,0.0,,dollar_price:1226.5
2020-07-07,erbil,1,1,1227.5,1227.5,1227.5,1227.5,0.0,0.0,,dollar_price:1227.5
2020-07-07,samarra,1,1,1226.5,1226.5,1226.5,1226.5,0.0,0.0,,dollar_price:1226.5
2020-07-08,baghdad_kifah,1,1,1228.0,1228.0,1228.0,1228.0,0.0,0.0,,dollar_price:1228
2020-07-08,basra,1,1,1230.0,1230.0,1230.0,1230.0,0.0,0.0,,dollar_price:1230
2020-07-08,erbil,1,1,1229.5,1229.5,1229.5,1229.5,0.0,0.0,,dollar_price:1229.5
2020-07-09,baghdad_kifah,1,1,1228.5,1228.5,1228.5,1228.5,0.0,0.0,,dollar_price:1228.5
2020-07-09,basra,1,1,1229.0,1229.0,1229.0,1229.0,0.0,0.0,,dollar_price:1229
2020-07-09,erbil,1,1,1231.25,1231.25,1231.25,1231.25,0.0,0.0,,dollar_price:1231.25
2020-07-12,baghdad_kifah,1,1,1228.5,1228.5,1228.5,1228.5,0.0,0.0,,dollar_price:1228.5
2020-07-12,basra,1,1,1229.0,1229.0,1229.0,1229.0,0.0,0.0,,dollar_price:1229
2020-07-12,erbil,1,1,1231.5,1231.5,1231.5,1231.5,0.0,0.0,,dollar_price:1231.5
2020-07-13,baghdad_kifah,1,1,1229.5,1229.5,1229.5,1229.5,0.0,0.0,,dollar_price:1229.5
2020-07-13,basra,1,1,1229.5,1229.5,1229.5,1229.5,0.0,0.0,,dollar_price:1229.5
2020-07-13,erbil,1,1,1231.25,1231.25,1231.25,1231.25,0.0,0.0,,dollar_price:1231.25
2020-07-14,amarah,1,1,1231.0,1231.0,1231.0,1231.0,0.0,0.0,,dollar_price:1231
2020-07-14,baghdad_kifah,1,1,1229.5,1229.5,1229.5,1229.5,0.0,0.0,,dollar_price:1229.5
2020-07-14,basra,1,1,1231.0,1231.0,1231.0,1231.0,0.0,0.0,,dollar_price:1231
2020-07-14,erbil,1,1,1233.0,1233.0,1233.0,1233.0,0.0,0.0,,dollar_price:1233
2020-07-15,baghdad_kifah,1,1,1233.5,1233.5,1233.5,1233.5,0.0,0.0,,dollar_price:1233.5
2020-07-15,basra,1,1,1234.0,1234.0,1234.0,1234.0,0.0,0.0,,dollar_price:1234
2020-07-15,erbil,1,1,1236.0,1236.0,1236.0,1236.0,0.0,0.0,,dollar_price:1236
2020-07-16,baghdad_kifah,1,1,1233.5,1233.5,1233.5,1233.5,0.0,0.0,,dollar_price:1233.5
2020-07-16,basra,1,1,1234.0,1234.0,1234.0,1234.0,0.0,0.0,,dollar_price:1234
2020-07-16,erbil,1,1,1236.0,1236.0,1236.0,1236.0,0.0,0.0,,dollar_price:1236
2020-07-19,baghdad_kifah,1,1,1239.0,1239.0,1239.0,1239.0,0.0,0.0,,dollar_price:1239
2020-07-19,basra,1,1,1238.0,1238.0,1238.0,1238.0,0.0,0.0,,dollar_price:1238
2020-07-19,erbil,1,1,1239.0,1239.0,1239.0,1239.0,0.0,0.0,,dollar_price:1239
2020-07-19,samarra,1,1,1241.5,1241.5,1241.5,1241.5,0.0,0.0,,dollar_price:1241.5
2020-07-19,samawah,1,1,1240.0,1240.0,1240.0,1240.0,0.0,0.0,,dollar_price:1240
2020-07-20,baghdad_kifah,1,1,1241.0,1241.0,1241.0,1241.0,0.0,0.0,,dollar_price:1241
2020-07-20,basra,1,1,1239.0,1239.0,1239.0,1239.0,0.0,0.0,,dollar_price:1239
2020-07-20,erbil,1,1,1241.0,1241.0,1241.0,1241.0,0.0,0.0,,dollar_price:1241
2020-07-20,rutba,1,1,1245.0,1245.0,1245.0,1245.0,0.0,0.0,,dollar_price:1245
2020-07-21,baghdad_kifah,1,1,1239.0,1239.0,1239.0,1239.0,0.0,0.0,,dollar_price:1239
2020-07-21,basra,1,1,1239.0,1239.0,1239.0,1239.0,0.0,0.0,,dollar_price:1239
2020-07-21,erbil,1,1,1240.0,1240.0,1240.0,1240.0,0.0,0.0,,dollar_price:1240
2020-07-22,baghdad_kifah,1,1,1241.0,1241.0,1241.0,1241.0,0.0,0.0,,dollar_price:1241
2020-07-22,basra,1,1,1240.0,1240.0,1240.0,1240.0,0.0,0.0,,dollar_price:1240
2020-07-22,erbil,1,1,1241.75,1241.75,1241.75,1241.75,0.0,0.0,,dollar_price:1241.75
2020-07-23,baghdad_kifah,1,1,1237.5,1237.5,1237.5,1237.5,0.0,0.0,,dollar_price:1237.5
2020-07-23,basra,1,1,1238.0,1238.0,1238.0,1238.0,0.0,0.0,,dollar_price:1238
2020-07-23,erbil,1,1,1239.5,1239.5,1239.5,1239.5,0.0,0.0,,dollar_price:1239.5
2020-07-26,baghdad_kifah,1,1,1237.0,1237.0,1237.0,1237.0,0.0,0.0,,dollar_price:1237
2020-07-26,basra,1,1,1237.5,1237.5,1237.5,1237.5,0.0,0.0,,dollar_price:1237.5
2020-07-26,erbil,1,1,1239.5,1239.5,1239.5,1239.5,0.0,0.0,,dollar_price:1239.5
2020-07-27,baghdad_kifah,1,1,1237.5,1237.5,1237.5,1237.5,0.0,0.0,,dollar_price:1237.5
2020-07-27,basra,1,1,1237.5,1237.5,1237.5,1237.5,0.0,0.0,,dollar_price:1237.5
2020-07-27,erbil,1,1,1239.5,1239.5,1239.5,1239.5,0.0,0.0,,dollar_price:1239.5
2020-07-28,baghdad_kifah,1,1,1237.0,1237.0,1237.0,1237.0,0.0,0.0,,dollar_price:1237
2020-07-28,basra,1,1,1238.0,1238.0,1238.0,1238.0,0.0,0.0,,dollar_price:1238
2020-07-28,erbil,1,1,1239.5,1239.5,1239.5,1239.5,0.0,0.0,,dollar_price:1239.5
2020-07-29,baghdad_kifah,1,1,1238.5,1238.5,1238.5,1238.5,0.0,0.0,,dollar_price:1238.5
2020-07-29,basra,1,1,1239.0,1239.0,1239.0,1239.0,0.0,0.0,,dollar_price:1239
2020-07-29,erbil,1,1,1240.25,1240.25,1240.25,1240.25,0.0,0.0,,dollar_price:1240.25
2020-07-30,basra,1,1,1237.0,1237.0,1237.0,1237.0,0.0,0.0,,dollar_price:1237
2020-07-30,erbil,1,1,1238.0,1238.0,1238.0,1238.0,0.0,0.0,,dollar_price:1238
2020-08-09,amarah,1,1,1239.5,1239.5,1239.5,1239.5,0.0,0.0,,dollar_price:1239.5
2020-08-09,baghdad_kifah,1,1,1238.0,1238.0,1238.0,1238.0,0.0,0.0,,dollar_price:1238
2020-08-09,basra,1,1,1238.0,1238.0,1238.0,1238.0,0.0,0.0,,dollar_price:1238
2020-08-09,erbil,1,1,1237.0,1237.0,1237.0,1237.0,0.0,0.0,,dollar_price:1237
2020-08-09,ramadi,1,1,1240.0,1240.0,1240.0,1240.0,0.0,0.0,,dollar_price:1240
2020-08-10,baghdad_kifah,1,1,1236.5,1236.5,1236.5,1236.5,0.0,0.0,,dollar_price:1236.5
2020-08-10,basra,1,1,1237.5,1237.5,1237.5,1237.5,0.0,0.0,,dollar_price:1237.5
2020-08-10,erbil,1,1,1235.0,1235.0,1235.0,1235.0,0.0,0.0,,dollar_price:1235
2020-08-11,baghdad_kifah,1,1,1235.5,1235.5,1235.5,1235.5,0.0,0.0,,dollar_price:1235.5
2020-08-11,basra,1,1,1236.0,1236.0,1236.0,1236.0,0.0,0.0,,dollar_price:1236
2020-08-11,erbil,1,1,1235.25,1235.25,1235.25,1235.25,0.0,0.0,,dollar_price:1235.25
2020-08-12,baghdad_kifah,1,1,1236.5,1236.5,1236.5,1236.5,0.0,0.0,,dollar_price:1236.5
2020-08-12,basra,1,1,1236.5,1236.5,1236.5,1236.5,0.0,0.0,,dollar_price:1236.5
2020-08-12,erbil,1,1,1237.0,1237.0,1237.0,1237.0,0.0,0.0,,dollar_price:1237
2020-08-13,amarah,1,1,1236.5,1236.5,1236.5,1236.5,0.0,0.0,,dollar_price:1236.5
2020-08-13,baghdad_kifah,1,1,1233.5,1233.5,1233.5,1233.5,0.0,0.0,,dollar_price:1233.5
2020-08-13,basra,1,1,1235.5,1235.5,1235.5,1235.5,0.0,0.0,,dollar_price:1235.5
2020-08-13,erbil,1,1,1234.5,1234.5,1234.5,1234.5,0.0,0.0,,dollar_price:1234.5
2020-08-16,amarah,1,1,1235.0,1235.0,1235.0,1235.0,0.0,0.0,,dollar_price:1235
2020-08-16,baghdad_kifah,1,1,1231.5,1231.5,1231.5,1231.5,0.0,0.0,,dollar_price:1231.5
2020-08-16,basra,1,1,1233.0,1233.0,1233.0,1233.0,0.0,0.0,,dollar_price:1233
2020-08-16,erbil,1,1,1231.5,1231.5,1231.5,1231.5,0.0,0.0,,dollar_price:1231.5
2020-08-16,rutba,1,1,1235.0,1235.0,1235.0,1235.0,0.0,0.0,,dollar_price:1235
2020-08-16,samarra,1,1,1234.0,1234.0,1234.0,1234.0,0.0,0.0,,dollar_price:1234
2020-08-17,baghdad_kifah,1,1,1226.0,1226.0,1226.0,1226.0,0.0,0.0,,dollar_price:1226
2020-08-17,basra,1,1,1227.5,1227.5,1227.5,1227.5,0.0,0.0,,dollar_price:1227.5
2020-08-17,erbil,1,1,1229.5,1229.5,1229.5,1229.5,0.0,0.0,,dollar_price:1229.5
2020-08-18,baghdad_kifah,1,1,1226.5,1226.5,1226.5,1226.5,0.0,0.0,,dollar_price:1226.5
2020-08-18,basra,1,1,1228.5,1228.5,1228.5,1228.5,0.0,0.0,,dollar_price:1228.5
2020-08-18,erbil,1,1,1231.0,1231.0,1231.0,1231.0,0.0,0.0,,dollar_price:1231
2020-08-18,samarra,1,1,1229.0,1229.0,1229.0,1229.0,0.0,0.0,,dollar_price:1229
2020-08-19,baghdad_kifah,1,1,1228.0,1228.0,1228.0,1228.0,0.0,0.0,,dollar_price:1228
2020-08-19,basra,1,1,1229.0,1229.0,1229.0,1229.0,0.0,0.0,,dollar_price:1229
2020-08-19,erbil,1,1,1232.0,1232.0,1232.0,1232.0,0.0,0.0,,dollar_price:1232
2020-08-19,rutba,1,1,1232.5,1232.5,1232.5,1232.5,0.0,0.0,,dollar_price:1232.5
2020-08-23,baghdad_kifah,1,1,1228.5,1228.5,1228.5,1228.5,0.0,0.0,,dollar_price:1228.5
2020-08-23,basra,1,1,1229.5,1229.5,1229.5,1229.5,0.0,0.0,,dollar_price:1229.5
2020-08-23,erbil,1,1,1232.0,1232.0,1232.0,1232.0,0.0,0.0,,dollar_price:1232
2020-08-24,baghdad_kifah,1,1,1228.5,1228.5,1228.5,1228.5,0.0,0.0,,dollar_price:1228.5
2020-08-24,basra,1,1,1230.0,1230.0,1230.0,1230.0,0.0,0.0,,dollar_price:1230
2020-08-24,diwaniyah,1,1,1229.0,1229.0,1229.0,1229.0,0.0,0.0,,dollar_price:1229
2020-08-24,erbil,1,1,1232.75,1232.75,1232.75,1232.75,0.0,0.0,,dollar_price:1232.75
2020-08-24,samarra,1,1,1231.5,1231.5,1231.5,1231.5,0.0,0.0,,dollar_price:1231.5
2020-08-24,samawah,1,1,1232.5,1232.5,1232.5,1232.5,0.0,0.0,,dollar_price:1232.5
2020-08-26,baghdad_kifah,1,1,1229.0,1229.0,1229.0,1229.0,0.0,0.0,,dollar_price:1229
2020-08-26,basra,1,1,1229.5,1229.5,1229.5,1229.5,0.0,0.0,,dollar_price:1229.5
2020-08-26,erbil,1,1,1231.5,1231.5,1231.5,1231.5,0.0,0.0,,dollar_price:1231.5
2020-08-27,baghdad_kifah,1,1,1228.5,1228.5,1228.5,1228.5,0.0,0.0,,dollar_price:1228.5
2020-08-27,erbil,1,1,1230.75,1230.75,1230.75,1230.75,0.0,0.0,,dollar_price:1230.75
2020-08-31,baghdad_kifah,1,1,1228.0,1228.0,1228.0,1228.0,0.0,0.0,,dollar_price:1228
2020-08-31,basra,1,1,1229.5,1229.5,1229.5,1229.5,0.0,0.0,,dollar_price:1229.5
2020-08-31,erbil,1,1,1231.5,1231.5,1231.5,1231.5,0.0,0.0,,dollar_price:1231.5
2020-09-01,baghdad_kifah,1,1,1228.0,1228.0,1228.0,1228.0,0.0,0.0,,dollar_price:1228
2020-09-01,basra,1,1,1229.5,1229.5,1229.5,1229.5,0.0,0.0,,dollar_price:1229.5
2020-09-01,erbil,1,1,1231.5,1231.5,1231.5,1231.5,0.0,0.0,,dollar_price:1231.5
2020-09-02,baghdad_kifah,1,1,1229.0,1229.0,1229.0,1229.0,0.0,0.0,,dollar_price:1229
2020-09-02,basra,1,1,1229.0,1229.0,1229.0,1229.0,0.0,0.0,,dollar_price:1229
2020-09-02,erbil,1,1,1231.5,1231.5,1231.5,1231.5,0.0,0.0,,dollar_price:1231.5
2020-09-02,ramadi,1,1,1230.0,1230.0,1230.0,1230.0,0.0,0.0,,dollar_price:1230
2020-09-03,baghdad_kifah,1,1,1229.0,1229.0,1229.0,1229.0,0.0,0.0,,dollar_price:1229
2020-09-03,basra,1,1,1229.5,1229.5,1229.5,1229.5,0.0,0.0,,dollar_price:1229.5
2020-09-03,erbil,1,1,1231.0,1231.0,1231.0,1231.0,0.0,0.0,,dollar_price:1231
2020-09-03,tikrit,1,1,1231.0,1231.0,1231.0,1231.0,0.0,0.0,,dollar_price:1231
2020-09-06,baghdad_kifah,1,1,1230.0,1230.0,1230.0,1230.0,0.0,0.0,,dollar_price:1230
2020-09-06,basra,1,1,1231.0,1231.0,1231.0,1231.0,0.0,0.0,,dollar_price:1231
2020-09-06,erbil,1,1,1231.5,1231.5,1231.5,1231.5,0.0,0.0,,dollar_price:1231.5
2020-09-06,ramadi,1,1,1231.5,1231.5,1231.5,1231.5,0.0,0.0,,dollar_price:1231.5
2020-09-06,tikrit,1,1,1233.0,1233.0,1233.0,1233.0,0.0,0.0,,dollar_price:1233
2020-09-07,baghdad_kifah,1,1,1232.0,1232.0,1232.0,1232.0,0.0,0.0,,dollar_price:1232
2020-09-07,basra,1,1,1232.5,1232.5,1232.5,1232.5,0.0,0.0,,dollar_price:1232.5
2020-09-07,erbil,1,1,1233.0,1233.0,1233.0,1233.0,0.0,0.0,,dollar_price:1233
2020-09-07,tikrit,1,1,1234.0,1234.0,1234.0,1234.0,0.0,0.0,,dollar_price:1234
2020-09-08,baghdad_kifah,1,1,1230.0,1230.0,1230.0,1230.0,0.0,0.0,,dollar_price:1230
2020-09-08,basra,1,1,1231.0,1231.0,1231.0,1231.0,0.0,0.0,,dollar_price:1231
2020-09-08,erbil,1,1,1232.0,1232.0,1232.0,1232.0,0.0,0.0,,dollar_price:1232
2020-09-09,amarah,1,1,1233.0,1233.0,1233.0,1233.0,0.0,0.0,,dollar_price:1233
2020-09-09,baghdad_kifah,1,1,1230.0,1230.0,1230.0,1230.0,0.0,0.0,,dollar_price:1230
2020-09-09,basra,1,1,1231.0,1231.0,1231.0,1231.0,0.0,0.0,,dollar_price:1231
2020-09-09,erbil,1,1,1231.75,1231.75,1231.75,1231.75,0.0,0.0,,dollar_price:1231.75
2020-09-09,ramadi,1,1,1232.5,1232.5,1232.5,1232.5,0.0,0.0,,dollar_price:1232.5
2020-09-09,tikrit,1,1,1232.0,1232.0,1232.0,1232.0,0.0,0.0,,dollar_price:1232
2020-09-10,baghdad_kifah,1,1,1231.0,1231.0,1231.0,1231.0,0.0,0.0,,dollar_price:1231
2020-09-10,basra,1,1,1231.5,1231.5,1231.5,1231.5,0.0,0.0,,dollar_price:1231.5
2020-09-10,erbil,1,1,1232.5,1232.5,1232.5,1232.5,0.0,0.0,,dollar_price:1232.5
2020-09-10,tikrit,1,1,1233.0,1233.0,1233.0,1233.0,0.0,0.0,,dollar_price:1233
2020-09-13,amarah,1,1,1233.5,1233.5,1233.5,1233.5,0.0,0.0,,dollar_price:1233.5
2020-09-13,baghdad_kifah,1,1,1231.5,1231.5,1231.5,1231.5,0.0,0.0,,dollar_price:1231.5
2020-09-13,basra,1,1,1232.5,1232.5,1232.5,1232.5,0.0,0.0,,dollar_price:1232.5
2020-09-13,erbil,1,1,1232.5,1232.5,1232.5,1232.5,0.0,0.0,,dollar_price:1232.5
2020-09-13,samawah,1,1,1233.5,1233.5,1233.5,1233.5,0.0,0.0,,dollar_price:1233.5
2020-09-13,tikrit,1,1,1233.5,1233.5,1233.5,1233.5,0.0,0.0,,dollar_price:1233.5
2020-09-14,baghdad_kifah,1,1,1232.5,1232.5,1232.5,1232.5,0.0,0.0,,dollar_price:1232.5
2020-09-14,basra,1,1,1233.5,1233.5,1233.5,1233.5,0.0,0.0,,dollar_price:1233.5
2020-09-14,erbil,1,1,1233.0,1233.0,1233.0,1233.0,0.0,0.0,,dollar_price:1233
2020-09-14,ramadi,1,1,1235.0,1235.0,1235.0,1235.0,0.0,0.0,,dollar_price:1235
2020-09-15,baghdad_kifah,1,1,1233.5,1233.5,1233.5,1233.5,0.0,0.0,,dollar_price:1233.5
2020-09-15,basra,1,1,1234.5,1234.5,1234.5,1234.5,0.0,0.0,,dollar_price:1234.5
2020-09-15,erbil,1,1,1233.5,1233.5,1233.5,1233.5,0.0,0.0,,dollar_price:1233.5
2020-09-16,baghdad_kifah,1,1,1230.5,1230.5,1230.5,1230.5,0.0,0.0,,dollar_price:1230.5
2020-09-16,basra,1,1,1230.5,1230.5,1230.5,1230.5,0.0,0.0,,dollar_price:1230.5
2020-09-16,erbil,1,1,1230.75,1230.75,1230.75,1230.75,0.0,0.0,,dollar_price:1230.75
2020-09-17,baghdad_kifah,1,1,1230.5,1230.5,1230.5,1230.5,0.0,0.0,,dollar_price:1230.5
2020-09-17,basra,1,1,1231.5,1231.5,1231.5,1231.5,0.0,0.0,,dollar_price:1231.5
2020-09-17,erbil,1,1,1231.0,1231.0,1231.0,1231.0,0.0,0.0,,dollar_price:1231
2020-09-17,ramadi,1,1,1232.5,1232.5,1232.5,1232.5,0.0,0.0,,dollar_price:1232.5
2020-09-20,baghdad_kifah,1,1,1229.5,1229.5,1229.5,1229.5,0.0,0.0,,dollar_price:1229.5
2020-09-20,basra,1,1,1231.0,1231.0,1231.0,1231.0,0.0,0.0,,dollar_price:1231
2020-09-20,erbil,1,1,1230.75,1230.75,1230.75,1230.75,0.0,0.0,,dollar_price:1230.75
2020-09-21,baghdad_kifah,1,1,1229.0,1229.0,1229.0,1229.0,0.0,0.0,,dollar_price:1229
2020-09-21,basra,1,1,1231.0,1231.0,1231.0,1231.0,0.0,0.0,,dollar_price:1231
2020-09-21,erbil,1,1,1229.25,1229.25,1229.25,1229.25,0.0,0.0,,dollar_price:1229.25
2020-09-22,baghdad_kifah,1,1,1230.0,1230.0,1230.0,1230.0,0.0,0.0,,dollar_price:1230
2020-09-22,basra,1,1,1231.0,1231.0,1231.0,1231.0,0.0,0.0,,dollar_price:1231
2020-09-22,erbil,1,1,1230.25,1230.25,1230.25,1230.25,0.0,0.0,,dollar_price:1230.25
2020-09-23,amarah,1,1,1232.0,1232.0,1232.0,1232.0,0.0,0.0,,dollar_price:1232
2020-09-23,baghdad_kifah,1,1,1230.0,1230.0,1230.0,1230.0,0.0,0.0,,dollar_price:1230
2020-09-23,basra,1,1,1231.0,1231.0,1231.0,1231.0,0.0,0.0,,dollar_price:1231
2020-09-23,erbil,1,1,1230.5,1230.5,1230.5,1230.5,0.0,0.0,,dollar_price:1230.5
2020-09-24,amarah,1,1,1232.0,1232.0,1232.0,1232.0,0.0,0.0,,dollar_price:1232
2020-09-24,baghdad_kifah,1,1,1229.0,1229.0,1229.0,1229.0,0.0,0.0,,dollar_price:1229
2020-09-24,basra,1,1,1230.5,1230.5,1230.5,1230.5,0.0,0.0,,dollar_price:1230.5
2020-09-24,erbil,1,1,1230.25,1230.25,1230.25,1230.25,0.0,0.0,,dollar_price:1230.25
2020-09-24,ramadi,1,1,1231.0,1231.0,1231.0,1231.0,0.0,0.0,,dollar_price:1231
2020-09-27,baghdad_kifah,1,1,1228.5,1228.5,1228.5,1228.5,0.0,0.0,,dollar_price:1228.5
2020-09-27,basra,1,1,1230.0,1230.0,1230.0,1230.0,0.0,0.0,,dollar_price:1230
2020-09-27,erbil,1,1,1229.75,1229.75,1229.75,1229.75,0.0,0.0,,dollar_price:1229.75
2020-09-28,baghdad_kifah,1,1,1228.5,1228.5,1228.5,1228.5,0.0,0.0,,dollar_price:1228.5
2020-09-28,basra,1,1,1229.5,1229.5,1229.5,1229.5,0.0,0.0,,dollar_price:1229.5
2020-09-28,erbil,1,1,1230.25,1230.25,1230.25,1230.25,0.0,0.0,,dollar_price:1230.25
2020-09-28,samawah,1,1,1231.0,1231.0,1231.0,1231.0,0.0,0.0,,dollar_price:1231
2020-09-28,tikrit,1,1,1231.0,1231.0,1231.0,1231.0,0.0,0.0,,dollar_price:1231
2020-09-29,amarah,1,1,1234.5,1234.5,1234.5,1234.5,0.0,0.0,,dollar_price:1234.5
2020-09-29,baghdad_kifah,1,1,1233.5,1233.5,1233.5,1233.5,0.0,0.0,,dollar_price:1233.5
2020-09-29,basra,1,1,1234.0,1234.0,1234.0,1234.0,0.0,0.0,,dollar_price:1234
2020-09-29,erbil,1,1,1233.25,1233.25,1233.25,1233.25,0.0,0.0,,dollar_price:1233.25
2020-09-30,baghdad_kifah,1,1,1235.0,1235.0,1235.0,1235.0,0.0,0.0,,dollar_price:1235
2020-09-30,basra,1,1,1236.0,1236.0,1236.0,1236.0,0.0,0.0,,dollar_price:1236
2020-09-30,erbil,1,1,1236.5,1236.5,1236.5,1236.5,0.0,0.0,,dollar_price:1236.5
2020-09-30,tikrit,1,1,1237.5,1237.5,1237.5,1237.5,0.0,0.0,,dollar_price:1237.5
2020-10-04,amarah,1,1,1239.0,1239.0,1239.0,1239.0,0.0,0.0,,dollar_price:1239
2020-10-04,baghdad_kifah,1,1,1237.0,1237.0,1237.0,1237.0,0.0,0.0,,dollar_price:1237
2020-10-04,basra,1,1,1237.5,1237.5,1237.5,1237.5,0.0,0.0,,dollar_price:1237.5
2020-10-04,erbil,1,1,1236.5,1236.5,1236.5,1236.5,0.0,0.0,,dollar_price:1236.5
2020-10-05,baghdad_kifah,1,1,1232.5,1232.5,1232.5,1232.5,0.0,0.0,,dollar_price:1232.5
2020-10-05,basra,1,1,1235.0,1235.0,1235.0,1235.0,0.0,0.0,,dollar_price:1235
2020-10-05,erbil,1,1,1234.25,1234.25,1234.25,1234.25,0.0,0.0,,dollar_price:1234.25
2020-10-05,ramadi,1,1,1235.0,1235.0,1235.0,1235.0,0.0,0.0,,dollar_price:1235
2020-10-06,baghdad_kifah,1,1,1237.0,1237.0,1237.0,1237.0,0.0,0.0,,dollar_price:1237
2020-10-06,basra,1,1,1237.5,1237.5,1237.5,1237.5,0.0,0.0,,dollar_price:1237.5
2020-10-06,erbil,1,1,1238.25,1238.25,1238.25,1238.25,0.0,0.0,,dollar_price:1238.25
2020-10-06,ramadi,1,1,1240.0,1240.0,1240.0,1240.0,0.0,0.0,,dollar_price:1240
2020-10-06,tikrit,1,1,1239.0,1239.0,1239.0,1239.0,0.0,0.0,,dollar_price:1239
2020-10-07,basra,1,1,1238.5,1238.5,1238.5,1238.5,0.0,0.0,,dollar_price:1238.5
2020-10-07,erbil,1,1,1237.5,1237.5,1237.5,1237.5,0.0,0.0,,dollar_price:1237.5
2020-10-07,ramadi,1,1,1240.0,1240.0,1240.0,1240.0,0.0,0.0,,dollar_price:1240
2020-10-07,tikrit,1,1,1240.0,1240.0,1240.0,1240.0,0.0,0.0,,dollar_price:1240
2020-10-08,baghdad_harithiya,1,1,1237.0,1237.0,1237.0,1237.0,0.0,0.0,,dollar_price:1237
2020-10-08,erbil,1,1,1237.5,1237.5,1237.5,1237.5,0.0,0.0,,dollar_price:1237.5
2020-10-11,baghdad_kifah,1,1,1238.5,1238.5,1238.5,1238.5,0.0,0.0,,dollar_price:1238.5
2020-10-11,basra,1,1,1240.0,1240.0,1240.0,1240.0,0.0,0.0,,dollar_price:1240
2020-10-11,erbil,1,1,1239.25,1239.25,1239.25,1239.25,0.0,0.0,,dollar_price:1239.25
2020-10-11,tikrit,1,1,1240.0,1240.0,1240.0,1240.0,0.0,0.0,,dollar_price:1240
2020-10-12,baghdad_kifah,1,1,1238.0,1238.0,1238.0,1238.0,0.0,0.0,,dollar_price:1238
2020-10-12,basra,1,1,1240.0,1240.0,1240.0,1240.0,0.0,0.0,,dollar_price:1240
2020-10-12,erbil,1,1,1238.0,1238.0,1238.0,1238.0,0.0,0.0,,dollar_price:1238
2020-10-13,baghdad_kifah,1,1,1238.5,1238.5,1238.5,1238.5,0.0,0.0,,dollar_price:1238.5
2020-10-13,basra,1,1,1239.5,1239.5,1239.5,1239.5,0.0,0.0,,dollar_price:1239.5
2020-10-13,erbil,1,1,1239.25,1239.25,1239.25,1239.25,0.0,0.0,,dollar_price:1239.25
2020-10-13,tikrit,1,1,1240.0,1240.0,1240.0,1240.0,0.0,0.0,,dollar_price:1240
2020-10-14,baghdad_kifah,1,1,1241.0,1241.0,1241.0,1241.0,0.0,0.0,,dollar_price:1241
2020-10-14,basra,1,1,1242.0,1242.0,1242.0,1242.0,0.0,0.0,,dollar_price:1242
2020-10-14,erbil,1,1,1241.25,1241.25,1241.25,1241.25,0.0,0.0,,dollar_price:1241.25
2020-10-14,tikrit,1,1,1240.0,1240.0,1240.0,1240.0,0.0,0.0,,dollar_price:1240
2020-10-15,baghdad_kifah,1,1,1244.5,1244.5,1244.5,1244.5,0.0,0.0,,dollar_price:1244.5
2020-10-15,basra,1,1,1245.0,1245.0,1245.0,1245.0,0.0,0.0,,dollar_price:1245
2020-10-15,erbil,1,1,1244.0,1244.0,1244.0,1244.0,0.0,0.0,,dollar_price:1244
2020-10-18,baghdad_kifah,1,1,1262.0,1262.0,1262.0,1262.0,0.0,0.0,,dollar_price:1262
2020-10-18,basra,1,1,1261.0,1261.0,1261.0,1261.0,0.0,0.0,,dollar_price:1261
2020-10-19,baghdad_kifah,1,1,1246.0,1246.0,1246.0,1246.0,0.0,0.0,,dollar_price:1246
2020-10-19,basra,1,1,1246.0,1246.0,1246.0,1246.0,0.0,0.0,,dollar_price:1246
2020-10-19,erbil,1,1,1246.0,1246.0,1246.0,1246.0,0.0,0.0,,dollar_price:1246
2020-10-20,baghdad_kifah,1,1,1239.0,1239.0,1239.0,1239.0,0.0,0.0,,dollar_price:1239
2020-10-20,basra,1,1,1241.0,1241.0,1241.0,1241.0,0.0,0.0,,dollar_price:1241
2020-10-20,erbil,1,1,1241.0,1241.0,1241.0,1241.0,0.0,0.0,,dollar_price:1241
2020-10-21,baghdad_kifah,1,1,1248.0,1248.0,1248.0,1248.0,0.0,0.0,,dollar_price:1248
2020-10-21,basra,1,1,1248.0,1248.0,1248.0,1248.0,0.0,0.0,,dollar_price:1248
2020-10-21,erbil,1,1,1249.0,1249.0,1249.0,1249.0,0.0,0.0,,dollar_price:1249
2020-10-22,amarah,1,1,1255.0,1255.0,1255.0,1255.0,0.0,0.0,,dollar_price:1255
2020-10-22,baghdad_kifah,1,1,1253.0,1253.0,1253.0,1253.0,0.0,0.0,,dollar_price:1253
2020-10-22,basra,1,1,1255.0,1255.0,1255.0,1255.0,0.0,0.0,,dollar_price:1255
2020-10-22,erbil,1,1,1253.5,1253.5,1253.5,1253.5,0.0,0.0,,dollar_price:1253.5
2020-10-25,amarah,1,1,1253.0,1253.0,1253.0,1253.0,0.0,0.0,,dollar_price:1253
2020-10-25,baghdad_kifah,1,1,1249.0,1249.0,1249.0,1249.0,0.0,0.0,,dollar_price:1249
2020-10-25,basra,1,1,1250.0,1250.0,1250.0,1250.0,0.0,0.0,,dollar_price:1250
2020-10-25,erbil,1,1,1251.5,1251.5,1251.5,1251.5,0.0,0.0,,dollar_price:1251.5
2020-10-25,nasiriyah,1,1,1252.0,1252.0,1252.0,1252.0,0.0,0.0,,dollar_price:1252
2020-10-25,tikrit,1,1,1251.0,1251.0,1251.0,1251.0,0.0,0.0,,dollar_price:1251
2020-10-26,amarah,1,1,1252.5,1252.5,1252.5,1252.5,0.0,0.0,,dollar_price:1252.5
2020-10-26,baghdad_kifah,1,1,1248.5,1248.5,1248.5,1248.5,0.0,0.0,,dollar_price:1248.5
2020-10-26,basra,1,1,1249.5,1249.5,1249.5,1249.5,0.0,0.0,,dollar_price:1249.5
2020-10-26,erbil,1,1,1251.25,1251.25,1251.25,1251.25,0.0,0.0,,dollar_price:1251.25
2020-10-26,tikrit,1,1,1251.0,1251.0,1251.0,1251.0,0.0,0.0,,dollar_price:1251
2020-10-27,baghdad_kifah,1,1,1248.5,1248.5,1248.5,1248.5,0.0,0.0,,dollar_price:1248.5
2020-10-27,basra,1,1,1249.5,1249.5,1249.5,1249.5,0.0,0.0,,dollar_price:1249.5
2020-10-27,erbil,1,1,1251.5,1251.5,1251.5,1251.5,0.0,0.0,,dollar_price:1251.5
2020-10-28,baghdad_kifah,1,1,1251.0,1251.0,1251.0,1251.0,0.0,0.0,,dollar_price:1251
2020-10-28,basra,1,1,1251.0,1251.0,1251.0,1251.0,0.0,0.0,,dollar_price:1251
2020-10-28,erbil,1,1,1255.0,1255.0,1255.0,1255.0,0.0,0.0,,dollar_price:1255
2020-10-29,baghdad_kifah,1,1,1250.0,1250.0,1250.0,1250.0,0.0,0.0,,dollar_price:1250
2020-10-29,basra,1,1,1251.5,1251.5,1251.5,1251.5,0.0,0.0,,dollar_price:1251.5
2020-11-01,baghdad_kifah,1,1,1251.0,1251.0,1251.0,1251.0,0.0,0.0,,dollar_price:1251
2020-11-01,basra,1,1,1251.5,1251.5,1251.5,1251.5,0.0,0.0,,dollar_price:1251.5
2020-11-01,erbil,1,1,1254.0,1254.0,1254.0,1254.0,0.0,0.0,,dollar_price:1254
2020-11-02,baghdad_kifah,1,1,1252.0,1252.0,1252.0,1252.0,0.0,0.0,,dollar_price:1252
2020-11-02,basra,1,1,1252.0,1252.0,1252.0,1252.0,0.0,0.0,,dollar_price:1252
2020-11-02,erbil,1,1,1255.5,1255.5,1255.5,1255.5,0.0,0.0,,dollar_price:1255.5
2020-11-03,amarah,1,1,1253.0,1253.0,1253.0,1253.0,0.0,0.0,,dollar_price:1253
2020-11-03,baghdad_kifah,1,1,1251.0,1251.0,1251.0,1251.0,0.0,0.0,,dollar_price:1251
2020-11-03,basra,1,1,1252.0,1252.0,1252.0,1252.0,0.0,0.0,,dollar_price:1252
2020-11-03,erbil,1,1,1254.25,1254.25,1254.25,1254.25,0.0,0.0,,dollar_price:1254.25
2020-11-03,tikrit,1,1,1253.0,1253.0,1253.0,1253.0,0.0,0.0,,dollar_price:1253
2020-11-04,baghdad_kifah,1,1,1248.5,1248.5,1248.5,1248.5,0.0,0.0,,dollar_price:1248.5
2020-11-04,basra,1,1,1251.0,1251.0,1251.0,1251.0,0.0,0.0,,dollar_price:1251
2020-11-04,erbil,1,1,1251.75,1251.75,1251.75,1251.75,0.0,0.0,,dollar_price:1251.75
2020-11-05,baghdad_kifah,1,1,1251.0,1251.0,1251.0,1251.0,0.0,0.0,,dollar_price:1251
2020-11-05,basra,1,1,1252.0,1252.0,1252.0,1252.0,0.0,0.0,,dollar_price:1252
2020-11-05,erbil,1,1,1254.0,1254.0,1254.0,1254.0,0.0,0.0,,dollar_price:1254
2020-11-08,baghdad_kifah,1,1,1250.0,1250.0,1250.0,1250.0,0.0,0.0,,dollar_price:1250
2020-11-08,basra,1,1,1250.0,1250.0,1250.0,1250.0,0.0,0.0,,dollar_price:1250
2020-11-08,erbil,1,1,1251.5,1251.5,1251.5,1251.5,0.0,0.0,,dollar_price:1251.5
2020-11-08,ramadi,1,1,1252.0,1252.0,1252.0,1252.0,0.0,0.0,,dollar_price:1252
2020-11-09,amarah,1,1,1252.5,1252.5,1252.5,1252.5,0.0,0.0,,dollar_price:1252.5
2020-11-09,baghdad_kifah,1,1,1249.0,1249.0,1249.0,1249.0,0.0,0.0,,dollar_price:1249
2020-11-09,basra,1,1,1250.0,1250.0,1250.0,1250.0,0.0,0.0,,dollar_price:1250
2020-11-09,erbil,1,1,1251.5,1251.5,1251.5,1251.5,0.0,0.0,,dollar_price:1251.5
2020-11-09,tikrit,1,1,1251.5,1251.5,1251.5,1251.5,0.0,0.0,,dollar_price:1251.5
2020-11-11,baghdad_kifah,1,1,1249.5,1249.5,1249.5,1249.5,0.0,0.0,,dollar_price:1249.5
2020-11-11,basra,1,1,1250.5,1250.5,1250.5,1250.5,0.0,0.0,,dollar_price:1250.5
2020-11-11,erbil,1,1,1251.25,1251.25,1251.25,1251.25,0.0,0.0,,dollar_price:1251.25
2020-11-12,baghdad_kifah,1,1,1249.5,1249.5,1249.5,1249.5,0.0,0.0,,dollar_price:1249.5
2020-11-12,basra,1,1,1251.0,1251.0,1251.0,1251.0,0.0,0.0,,dollar_price:1251
2020-11-12,erbil,1,1,1251.25,1251.25,1251.25,1251.25,0.0,0.0,,dollar_price:1251.25
2020-11-12,tikrit,1,1,1252.0,1252.0,1252.0,1252.0,0.0,0.0,,dollar_price:1252
2020-11-15,baghdad_kifah,1,1,1250.0,1250.0,1250.0,1250.0,0.0,0.0,,dollar_price:1250
2020-11-15,basra,1,1,1251.0,1251.0,1251.0,1251.0,0.0,0.0,,dollar_price:1251
2020-11-15,erbil,1,1,1251.5,1251.5,1251.5,1251.5,0.0,0.0,,dollar_price:1251.5
2020-11-16,baghdad_kifah,1,1,1248.5,1248.5,1248.5,1248.5,0.0,0.0,,dollar_price:1248.5
2020-11-16,basra,1,1,1250.0,1250.0,1250.0,1250.0,0.0,0.0,,dollar_price:1250
2020-11-16,erbil,1,1,1247.0,1247.0,1247.0,1247.0,0.0,0.0,,dollar_price:1247
2020-11-17,baghdad_kifah,1,1,1249.0,1249.0,1249.0,1249.0,0.0,0.0,,dollar_price:1249
2020-11-17,basra,1,1,1251.0,1251.0,1251.0,1251.0,0.0,0.0,,dollar_price:1251
2020-11-17,erbil,1,1,1249.0,1249.0,1249.0,1249.0,0.0,0.0,,dollar_price:1249
2020-11-17,tikrit,1,1,1251.0,1251.0,1251.0,1251.0,0.0,0.0,,dollar_price:1251
2020-11-18,baghdad_kifah,1,1,1249.5,1249.5,1249.5,1249.5,0.0,0.0,,dollar_price:1249.5
2020-11-18,basra,1,1,1251.0,1251.0,1251.0,1251.0,0.0,0.0,,dollar_price:1251
2020-11-18,erbil,1,1,1249.25,1249.25,1249.25,1249.25,0.0,0.0,,dollar_price:1249.25
2020-11-19,baghdad_kifah,1,1,1248.75,1248.75,1248.75,1248.75,0.0,0.0,,dollar_price:1248.75
2020-11-19,basra,1,1,1250.5,1250.5,1250.5,1250.5,0.0,0.0,,dollar_price:1250.5
2020-11-19,erbil,1,1,1247.5,1247.5,1247.5,1247.5,0.0,0.0,,dollar_price:1247.5
2020-11-19,tikrit,1,1,1251.0,1251.0,1251.0,1251.0,0.0,0.0,,dollar_price:1251
2020-11-22,baghdad_kifah,1,1,1249.0,1249.0,1249.0,1249.0,0.0,0.0,,dollar_price:1249
2020-11-22,basra,1,1,1251.0,1251.0,1251.0,1251.0,0.0,0.0,,dollar_price:1251
2020-11-22,erbil,1,1,1248.5,1248.5,1248.5,1248.5,0.0,0.0,,dollar_price:1248.5
2020-11-22,tikrit,1,1,1251.0,1251.0,1251.0,1251.0,0.0,0.0,,dollar_price:1251
2020-11-23,baghdad_kifah,1,1,1250.0,1250.0,1250.0,1250.0,0.0,0.0,,dollar_price:1250
2020-11-23,basra,1,1,1253.0,1253.0,1253.0,1253.0,0.0,0.0,,dollar_price:1253
2020-11-23,erbil,1,1,1249.5,1249.5,1249.5,1249.5,0.0,0.0,,dollar_price:1249.5
2020-11-23,tikrit,1,1,1252.0,1252.0,1252.0,1252.0,0.0,0.0,,dollar_price:1252
2020-11-24,baghdad_kifah,1,1,1251.0,1251.0,1251.0,1251.0,0.0,0.0,,dollar_price:1251
2020-11-24,basra,1,1,1252.5,1252.5,1252.5,1252.5,0.0,0.0,,dollar_price:1252.5
2020-11-24,erbil,1,1,1250.0,1250.0,1250.0,1250.0,0.0,0.0,,dollar_price:1250
2020-11-25,baghdad_kifah,1,1,1250.75,1250.75,1250.75,1250.75,0.0,0.0,,dollar_price:1250.75
2020-11-25,basra,1,1,1252.5,1252.5,1252.5,1252.5,0.0,0.0,,dollar_price:1252.5
2020-11-25,erbil,1,1,1250.0,1250.0,1250.0,1250.0,0.0,0.0,,dollar_price:1250
2020-11-25,ramadi,1,1,1252.5,1252.5,1252.5,1252.5,0.0,0.0,,dollar_price:1252.5
2020-11-25,tikrit,1,1,1253.0,1253.0,1253.0,1253.0,0.0,0.0,,dollar_price:1253
2020-11-26,baghdad_kifah,1,1,1252.0,1252.0,1252.0,1252.0,0.0,0.0,,dollar_price:1252
2020-11-26,basra,1,1,1253.5,1253.5,1253.5,1253.5,0.0,0.0,,dollar_price:1253.5
2020-11-26,erbil,1,1,1252.0,1252.0,1252.0,1252.0,0.0,0.0,,dollar_price:1252
2020-11-26,ramadi,1,1,1252.5,1252.5,1252.5,1252.5,0.0,0.0,,dollar_price:1252.5
2020-11-29,baghdad_kifah,1,1,1253.75,1253.75,1253.75,1253.75,0.0,0.0,,dollar_price:1253.75
2020-11-29,basra,1,1,1256.0,1256.0,1256.0,1256.0,0.0,0.0,,dollar_price:1256
2020-11-29,erbil,1,1,1251.5,1251.5,1251.5,1251.5,0.0,0.0,,dollar_price:1251.5
2020-11-30,baghdad_kifah,1,1,1251.5,1251.5,1251.5,1251.5,0.0,0.0,,dollar_price:1251.5
2020-11-30,basra,1,1,1254.0,1254.0,1254.0,1254.0,0.0,0.0,,dollar_price:1254
2020-11-30,erbil,1,1,1251.0,1251.0,1251.0,1251.0,0.0,0.0,,dollar_price:1251
2020-12-01,amarah,1,1,1258.0,1258.0,1258.0,1258.0,0.0,0.0,,dollariraqi:1258
2020-12-01,babil,1,1,1256.5,1256.5,1256.5,1256.5,0.0,0.0,,dollariraqi:1256.5
2020-12-01,baghdad_harithiya,1,1,1255.5,1255.5,1255.5,1255.5,0.0,0.0,,dollariraqi:1255.5
2020-12-01,baghdad_kifah,2,2,1255.0,1255.0,1255.0,1255.0,0.0,0.0,,dollar_price:1255|dollariraqi:1255
2020-12-01,basra,2,2,1257.0,1257.0,1257.0,1257.0,0.0,0.0,,dollar_price:1257|dollariraqi:1257
2020-12-01,erbil,2,2,1254.88,1254.88,1254.75,1255.0,0.25,0.02,,dollar_price:1254.75|dollariraqi:1255
2020-12-01,kut,1,1,1257.5,1257.5,1257.5,1257.5,0.0,0.0,,dollariraqi:1257.5
2020-12-01,ramadi,1,1,1257.5,1257.5,1257.5,1257.5,0.0,0.0,,dollariraqi:1257.5
2020-12-01,samawah,1,1,1258.0,1258.0,1258.0,1258.0,0.0,0.0,,dollariraqi:1258
2020-12-01,tikrit,1,1,1257.5,1257.5,1257.5,1257.5,0.0,0.0,,dollar_price:1257.5
2020-12-02,amarah,1,1,1258.0,1258.0,1258.0,1258.0,0.0,0.0,,dollar_price:1258
2020-12-02,baghdad_kifah,1,1,1255.5,1255.5,1255.5,1255.5,0.0,0.0,,dollar_price:1255.5
2020-12-02,basra,1,1,1257.5,1257.5,1257.5,1257.5,0.0,0.0,,dollar_price:1257.5
2020-12-02,erbil,1,1,1255.0,1255.0,1255.0,1255.0,0.0,0.0,,dollar_price:1255
2020-12-02,nasiriyah,1,1,1257.0,1257.0,1257.0,1257.0,0.0,0.0,,dollar_price:1257
2020-12-03,amarah,1,1,1255.5,1255.5,1255.5,1255.5,0.0,0.0,,dollariraqi:1255.5
2020-12-03,babil,1,1,1254.5,1254.5,1254.5,1254.5,0.0,0.0,,dollariraqi:1254.5
2020-12-03,baghdad_harithiya,1,1,1253.5,1253.5,1253.5,1253.5,0.0,0.0,,dollariraqi:1253.5
2020-12-03,baghdad_kifah,1,1,1253.0,1253.0,1253.0,1253.0,0.0,0.0,,dollariraqi:1253
2020-12-03,basra,1,1,1254.0,1254.0,1254.0,1254.0,0.0,0.0,,dollariraqi:1254
2020-12-03,erbil,1,1,1252.0,1252.0,1252.0,1252.0,0.0,0.0,,dollariraqi:1252
2020-12-03,kut,1,1,1255.5,1255.5,1255.5,1255.5,0.0,0.0,,dollariraqi:1255.5
2020-12-03,ramadi,1,1,1257.0,1257.0,1257.0,1257.0,0.0,0.0,,dollariraqi:1257
2020-12-03,samawah,1,1,1257.0,1257.0,1257.0,1257.0,0.0,0.0,,dollariraqi:1257
2020-12-06,amarah,1,1,1258.0,1258.0,1258.0,1258.0,0.0,0.0,,dollariraqi:1258
2020-12-06,babil,1,1,1257.25,1257.25,1257.25,1257.25,0.0,0.0,,dollariraqi:1257.25
2020-12-06,baghdad_harithiya,1,1,1256.5,1256.5,1256.5,1256.5,0.0,0.0,,dollariraqi:1256.5
2020-12-06,baghdad_kifah,1,1,1256.0,1256.0,1256.0,1256.0,0.0,0.0,,dollariraqi:1256
2020-12-06,basra,2,2,1256.75,1257.0,1257.0,1257.0,0.0,0.0,,dollar_price:1257|dollariraqi:1257
2020-12-06,erbil,2,2,1254.0,1254.13,1254.0,1254.25,0.25,0.02,,dollar_price:1254|dollariraqi:1254.25
2020-12-06,kut,1,1,1257.0,1257.0,1257.0,1257.0,0.0,0.0,,dollariraqi:1257
2020-12-06,ramadi,1,1,1257.5,1257.5,1257.5,1257.5,0.0,0.0,,dollariraqi:1257.5
2020-12-06,samawah,1,1,1258.0,1258.0,1258.0,1258.0,0.0,0.0,,dollariraqi:1258
2020-12-06,tikrit,2,2,1257.5,1257.5,1257.5,1257.5,0.0,0.0,,dollar_price:1257.5|dollariraqi:1257.5
2020-12-07,amarah,2,2,1260.0,1260.0,1260.0,1260.0,0.0,0.0,,dollar_price:1260|dollariraqi:1260
2020-12-07,babil,1,1,1259.5,1259.5,1259.5,1259.5,0.0,0.0,,dollariraqi:1259.5
2020-12-07,baghdad_harithiya,1,1,1258.5,1258.5,1258.5,1258.5,0.0,0.0,,dollariraqi:1258.5
2020-12-07,baghdad_kifah,2,2,1258.0,1258.0,1258.0,1258.0,0.0,0.0,,dollar_price:1258|dollariraqi:1258
2020-12-07,basra,2,2,1259.0,1259.0,1259.0,1259.0,0.0,0.0,,dollar_price:1259|dollariraqi:1259
2020-12-07,erbil,2,2,1257.0,1257.0,1257.0,1257.0,0.0,0.0,,dollar_price:1257|dollariraqi:1257
2020-12-07,kut,1,1,1260.0,1260.0,1260.0,1260.0,0.0,0.0,,dollariraqi:1260
2020-12-07,ramadi,2,2,1260.0,1260.0,1260.0,1260.0,0.0,0.0,,dollar_price:1260|dollariraqi:1260
2020-12-07,samawah,1,1,1260.5,1260.5,1260.5,1260.5,0.0,0.0,,dollariraqi:1260.5
2020-12-07,tikrit,1,1,1259.5,1259.5,1259.5,1259.5,0.0,0.0,,dollariraqi:1259.5
2020-12-08,amarah,1,1,1273.5,1273.5,1273.5,1273.5,0.0,0.0,,dollariraqi:1273.5
2020-12-08,babil,1,1,1273.0,1273.0,1273.0,1273.0,0.0,0.0,,dollariraqi:1273
2020-12-08,baghdad_harithiya,1,1,1271.5,1271.5,1271.5,1271.5,0.0,0.0,,dollariraqi:1271.5
2020-12-08,baghdad_kifah,2,2,1271.0,1271.0,1271.0,1271.0,0.0,0.0,,dollar_price:1271|dollariraqi:1271
2020-12-08,basra,2,2,1270.75,1270.0,1270.0,1270.0,0.0,0.0,,dollar_price:1270|dollariraqi:1270
2020-12-08,erbil,2,2,1267.25,1268.25,1267.5,1269.0,1.5,0.118,,dollar_price:1267.5|dollariraqi:1269
2020-12-08,kut,1,1,1273.5,1273.5,1273.5,1273.5,0.0,0.0,,dollariraqi:1273.5
2020-12-08,ramadi,1,1,1273.0,1273.0,1273.0,1273.0,0.0,0.0,,dollariraqi:1273
2020-12-08,samawah,1,1,1273.5,1273.5,1273.5,1273.5,0.0,0.0,,dollariraqi:1273.5
2020-12-08,tikrit,1,1,1273.0,1273.0,1273.0,1273.0,0.0,0.0,,dollariraqi:1273
2020-12-09,baghdad_kifah,2,2,1264.0,1264.0,1264.0,1264.0,0.0,0.0,,dollar_price:1264|dollariraqi:1264
2020-12-09,basra,2,2,1266.0,1266.0,1266.0,1266.0,0.0,0.0,,dollar_price:1266|dollariraqi:1266
2020-12-09,erbil,2,2,1262.0,1262.0,1262.0,1262.0,0.0,0.0,,dollar_price:1262|dollariraqi:1262
2020-12-10,baghdad_kifah,2,2,1268.5,1268.75,1268.5,1269.0,0.5,0.039,,dollar_price:1268.5|dollariraqi:1269
2020-12-10,basra,2,2,1269.0,1269.0,1269.0,1269.0,0.0,0.0,,dollar_price:1269|dollariraqi:1269
2020-12-10,erbil,2,2,1267.5,1267.5,1267.5,1267.5,0.0,0.0,,dollar_price:1267.5|dollariraqi:1267.5
2020-12-13,baghdad_generic,1,1,1278.0,1278.0,1278.0,1278.0,0.0,0.0,,dollariraqi:1278
2020-12-13,baghdad_kifah,2,2,1270.5,1270.5,1270.5,1270.5,0.0,0.0,,dollar_price:1270.5|dollariraqi:1270.5
2020-12-13,basra,2,2,1269.5,1272.75,1269.5,1276.0,6.5,0.511,,dollar_price:1269.5|dollariraqi:1276
2020-12-13,erbil,2,2,1267.5,1270.75,1267.5,1274.0,6.5,0.512,,dollar_price:1267.5|dollariraqi:1274
2020-12-14,amarah,1,1,1284.0,1284.0,1284.0,1284.0,0.0,0.0,,dollariraqi:1284
2020-12-14,babil,1,1,1284.0,1284.0,1284.0,1284.0,0.0,0.0,,dollariraqi:1284
2020-12-14,baghdad_generic,1,1,1295.0,1295.0,1295.0,1295.0,0.0,0.0,,dollariraqi:1295
2020-12-14,baghdad_harithiya,1,1,1282.5,1293.5,1293.5,1293.5,0.0,0.0,,dollariraqi:1293.5
2020-12-14,baghdad_kifah,2,2,1282.0,1286.5,1282.0,1291.0,9.0,0.7,,dollar_price:1282|dollariraqi:1291
2020-12-14,basra,2,2,1282.0,1282.0,1282.0,1282.0,0.0,0.0,,dollar_price:1282|dollariraqi:1282
2020-12-14,erbil,2,2,1279.0,1287.0,1279.0,1295.0,16.0,1.243,,dollar_price:1279|dollariraqi:1295
2020-12-14,samawah,1,1,1284.5,1284.5,1284.5,1284.5,0.0,0.0,,dollariraqi:1284.5
2020-12-15,amarah,1,1,1279.5,1279.5,1279.5,1279.5,0.0,0.0,,dollariraqi:1279.5
2020-12-15,babil,1,1,1278.5,1278.5,1278.5,1278.5,0.0,0.0,,dollariraqi:1278.5
2020-12-15,baghdad_harithiya,1,1,1278.5,1278.5,1278.5,1278.5,0.0,0.0,,dollariraqi:1278.5
2020-12-15,baghdad_kifah,2,2,1278.0,1282.0,1278.0,1286.0,8.0,0.624,,dollar_price:1278|dollariraqi:1286
2020-12-15,basra,2,2,1277.5,1277.5,1277.5,1277.5,0.0,0.0,,dollar_price:1277.5|dollariraqi:1277.5
2020-12-15,erbil,2,2,1279.0,1282.0,1279.0,1285.0,6.0,0.468,,dollar_price:1279|dollariraqi:1285
2020-12-15,samawah,1,1,1279.5,1279.5,1279.5,1279.5,0.0,0.0,,dollariraqi:1279.5
2020-12-16,baghdad_generic,1,1,1298.0,1294.0,1294.0,1294.0,0.0,0.0,,dollariraqi:1294
2020-12-16,baghdad_kifah,2,2,1293.0,1295.5,1295.0,1296.0,1.0,0.077,,dollar_price:1295|dollariraqi:1296
2020-12-16,basra,2,2,1295.0,1293.5,1292.0,1295.0,3.0,0.232,,dollar_price:1295|dollariraqi:1292
2020-12-16,erbil,2,2,1295.0,1293.25,1291.5,1295.0,3.5,0.271,,dollar_price:1295|dollariraqi:1291.5
2020-12-17,baghdad_generic,1,1,1335.0,1325.0,1325.0,1325.0,0.0,0.0,,dollariraqi:1325
2020-12-17,baghdad_kifah,2,2,1299.0,1312.0,1299.0,1325.0,26.0,1.982,,dollar_price:1299|dollariraqi:1325
2020-12-17,basra,2,2,1294.5,1307.25,1294.5,1320.0,25.5,1.951,,dollar_price:1294.5|dollariraqi:1320
2020-12-17,erbil,2,2,1296.5,1307.5,1296.5,1318.5,22.0,1.683,,dollar_price:1296.5|dollariraqi:1318.5
2020-12-20,baghdad_generic,1,1,1455.0,1450.0,1450.0,1450.0,0.0,0.0,,dollariraqi:1450
2020-12-20,baghdad_kifah,1,1,1455.0,1451.0,1451.0,1451.0,0.0,0.0,,dollariraqi:1451
2020-12-20,basra,1,1,1440.0,1437.5,1437.5,1437.5,0.0,0.0,,dollariraqi:1437.5
2020-12-20,erbil,1,1,1430.0,1440.0,1440.0,1440.0,0.0,0.0,,dollariraqi:1440
2020-12-21,baghdad_generic,1,1,1425.0,1377.5,1377.5,1377.5,0.0,0.0,,dollariraqi:1377.5
2020-12-21,baghdad_kifah,2,2,1427.0,1406.0,1385.0,1427.0,42.0,2.987,,dollar_price:1427|dollariraqi:1385
2020-12-21,basra,2,2,1420.0,1397.5,1375.0,1420.0,45.0,3.22,,dollar_price:1420|dollariraqi:1375
2020-12-21,erbil,2,2,1415.0,1415.0,1415.0,1415.0,0.0,0.0,,dollar_price:1415|dollariraqi:1415
2020-12-22,baghdad_generic,1,1,1400.0,1410.0,1410.0,1410.0,0.0,0.0,,dollariraqi:1410
2020-12-22,baghdad_kifah,2,2,1402.5,1412.5,1405.0,1420.0,15.0,1.062,,dollar_price:1405|dollariraqi:1420
2020-12-22,basra,2,2,1392.5,1392.5,1390.0,1395.0,5.0,0.359,,dollar_price:1390|dollariraqi:1395
2020-12-22,erbil,2,2,1400.0,1400.0,1395.0,1405.0,10.0,0.714,,dollar_price:1405|dollariraqi:1395
2020-12-23,baghdad_generic,1,1,1395.0,1425.0,1425.0,1425.0,0.0,0.0,,dollariraqi:1425
2020-12-23,baghdad_kifah,2,2,1405.0,1410.5,1405.0,1416.0,11.0,0.78,,dollar_price:1405|dollariraqi:1416
2020-12-23,basra,2,2,1392.5,1392.75,1392.5,1393.0,0.5,0.036,,dollar_price:1392.5|dollariraqi:1393
2020-12-23,erbil,2,2,1402.5,1398.75,1395.0,1402.5,7.5,0.536,,dollar_price:1402.5|dollariraqi:1395
2020-12-24,baghdad_generic,1,1,1430.0,1430.0,1430.0,1430.0,0.0,0.0,,dollariraqi:1430
2020-12-24,baghdad_kifah,2,2,1418.0,1421.0,1418.0,1424.0,6.0,0.422,,dollar_price:1418|dollariraqi:1424
2020-12-24,basra,2,2,1412.5,1417.5,1412.5,1422.5,10.0,0.705,,dollar_price:1412.5|dollariraqi:1422.5
2020-12-24,erbil,2,2,1420.0,1426.25,1420.0,1432.5,12.5,0.876,,dollar_price:1420|dollariraqi:1432.5
2020-12-27,baghdad_kifah,2,2,1421.0,1420.5,1420.0,1421.0,1.0,0.07,,dollar_price:1421|dollariraqi:1420
2020-12-27,basra,2,2,1417.5,1417.5,1417.5,1417.5,0.0,0.0,,dollar_price:1417.5|dollariraqi:1417.5
2020-12-27,erbil,2,2,1417.75,1417.75,1417.5,1418.0,0.5,0.035,,dollar_price:1418|dollariraqi:1417.5
2020-12-27,nasiriyah,1,1,1420.0,1420.0,1420.0,1420.0,0.0,0.0,,dollar_price:1420
2020-12-27,tikrit,1,1,1424.0,1424.0,1424.0,1424.0,0.0,0.0,,dollar_price:1424
2020-12-28,baghdad_generic,1,1,1410.0,1430.0,1430.0,1430.0,0.0,0.0,,dollariraqi:1430
2020-12-28,baghdad_kifah,2,2,1419.0,1424.75,1419.0,1430.5,11.5,0.807,,dollar_price:1419|dollariraqi:1430.5
2020-12-28,basra,2,2,1417.0,1422.0,1417.0,1427.0,10.0,0.703,,dollar_price:1417|dollariraqi:1427
2020-12-28,erbil,2,2,1417.0,1421.5,1417.0,1426.0,9.0,0.633,,dollar_price:1417|dollariraqi:1426
2020-12-28,nasiriyah,2,2,1420.0,1420.0,1420.0,1420.0,0.0,0.0,,dollar_price:1420|dollariraqi:1420
2020-12-29,baghdad_generic,1,1,1420.0,1420.0,1420.0,1420.0,0.0,0.0,,dollariraqi:1420
2020-12-29,baghdad_kifah,2,2,1430.0,1433.0,1430.0,1436.0,6.0,0.419,,dollar_price:1430|dollariraqi:1436
2020-12-29,basra,2,2,1430.0,1430.0,1430.0,1430.0,0.0,0.0,,dollar_price:1430|dollariraqi:1430
2020-12-29,erbil,2,2,1431.0,1431.0,1431.0,1431.0,0.0,0.0,,dollar_price:1431|dollariraqi:1431
2020-12-30,baghdad_generic,1,1,1420.0,1420.0,1420.0,1420.0,0.0,0.0,,dollariraqi:1420
2020-12-30,baghdad_harithiya,1,1,1445.5,1445.5,1445.5,1445.5,0.0,0.0,,dollariraqi:1445.5
2020-12-30,baghdad_kifah,2,2,1437.5,1442.25,1437.5,1447.0,9.5,0.659,,dollar_price:1437.5|dollariraqi:1447
2020-12-30,basra,2,2,1436.0,1436.0,1436.0,1436.0,0.0,0.0,,dollar_price:1436|dollariraqi:1436
2020-12-30,erbil,2,2,1436.0,1436.0,1436.0,1436.0,0.0,0.0,,dollar_price:1436|dollariraqi:1436
2020-12-30,nasiriyah,2,2,1436.0,1436.0,1436.0,1436.0,0.0,0.0,,dollar_price:1436|dollariraqi:1436
2020-12-31,baghdad_generic,1,1,1435.0,1445.0,1445.0,1445.0,0.0,0.0,,dollariraqi:1445
2020-12-31,baghdad_kifah,2,2,1448.0,1446.0,1444.0,1448.0,4.0,0.277,,dollar_price:1448|dollariraqi:1444
2020-12-31,basra,2,2,1445.75,1443.0,1440.0,1446.0,6.0,0.416,,dollar_price:1446|dollariraqi:1440
2020-12-31,erbil,2,2,1445.0,1444.75,1443.5,1446.0,2.5,0.173,,dollar_price:1446|dollariraqi:1443.5
2021-01-03,baghdad_kifah,2,2,1440.0,1439.25,1438.5,1440.0,1.5,0.104,,dollar_price:1440|dollariraqi:1438.5
2021-01-03,basra,2,2,1436.0,1436.0,1436.0,1436.0,0.0,0.0,,dollar_price:1436|dollariraqi:1436
2021-01-03,erbil,2,2,1438.0,1438.0,1438.0,1438.0,0.0,0.0,,dollar_price:1438|dollariraqi:1438
2021-01-04,baghdad_generic,1,1,1438.0,1438.0,1438.0,1438.0,0.0,0.0,,dollariraqi:1438
2021-01-04,baghdad_kifah,2,2,1437.0,1437.25,1436.0,1438.5,2.5,0.174,,dollar_price:1436|dollariraqi:1438.5
2021-01-04,basra,2,2,1434.5,1435.25,1434.0,1436.5,2.5,0.174,,dollar_price:1434|dollariraqi:1436.5
2021-01-04,erbil,2,2,1437.5,1437.75,1437.5,1438.0,0.5,0.035,,dollar_price:1437.5|dollariraqi:1438
2021-01-05,baghdad_generic,1,1,1427.5,1437.5,1437.5,1437.5,0.0,0.0,,dollariraqi:1437.5
2021-01-05,baghdad_kifah,2,2,1439.0,1438.75,1438.5,1439.0,0.5,0.035,,dollar_price:1439|dollariraqi:1438.5
2021-01-05,basra,2,2,1437.0,1437.0,1437.0,1437.0,0.0,0.0,,dollar_price:1437|dollariraqi:1437
2021-01-05,erbil,2,2,1438.25,1438.25,1438.0,1438.5,0.5,0.035,,dollar_price:1438.5|dollariraqi:1438
2021-01-05,nasiriyah,2,2,1437.5,1437.5,1437.5,1437.5,0.0,0.0,,dollar_price:1437.5|dollariraqi:1437.5
2021-01-06,baghdad_generic,1,1,1427.5,1427.5,1427.5,1427.5,0.0,0.0,,dollariraqi:1427.5
2021-01-06,baghdad_kifah,1,1,1437.0,1439.0,1439.0,1439.0,0.0,0.0,,dollariraqi:1439
2021-01-06,basra,1,1,1434.0,1434.0,1434.0,1434.0,0.0,0.0,,dollariraqi:1434
2021-01-06,erbil,1,1,1435.0,1435.0,1435.0,1435.0,0.0,0.0,,dollariraqi:1435
2021-01-07,baghdad_generic,1,1,1430.0,1430.0,1430.0,1430.0,0.0,0.0,,dollariraqi:1430
2021-01-07,baghdad_kifah,2,2,1441.0,1439.5,1438.0,1441.0,3.0,0.208,,dollar_price:1441|dollariraqi:1438
2021-01-07,basra,2,2,1437.5,1437.5,1437.5,1437.5,0.0,0.0,,dollar_price:1437.5|dollariraqi:1437.5
2021-01-07,erbil,2,2,1439.5,1439.5,1439.5,1439.5,0.0,0.0,,dollar_price:1439.5|dollariraqi:1439.5
2021-01-10,baghdad_generic,1,1,1431.5,1434.0,1434.0,1434.0,0.0,0.0,,dollariraqi:1434
2021-01-10,baghdad_kifah,2,2,1429.0,1429.5,1428.0,1431.0,3.0,0.21,,dollar_price:1428|dollariraqi:1431
2021-01-10,basra,2,2,1429.0,1429.5,1428.0,1431.0,3.0,0.21,,dollar_price:1428|dollariraqi:1431
2021-01-10,erbil,2,2,1432.5,1432.5,1432.5,1432.5,0.0,0.0,,dollar_price:1432.5|dollariraqi:1432.5
2021-01-11,amarah,2,2,1431.0,1431.0,1431.0,1431.0,0.0,0.0,,dollar_price:1431|dollariraqi:1431
2021-01-11,baghdad_generic,1,1,1430.0,1430.0,1430.0,1430.0,0.0,0.0,,dollariraqi:1430
2021-01-11,baghdad_kifah,2,2,1432.25,1432.0,1432.0,1432.0,0.0,0.0,,dollar_price:1432|dollariraqi:1432
2021-01-11,basra,2,2,1429.5,1429.0,1429.0,1429.0,0.0,0.0,,dollar_price:1429|dollariraqi:1429
2021-01-11,erbil,2,2,1431.0,1431.0,1431.0,1431.0,0.0,0.0,,dollar_price:1431|dollariraqi:1431
2021-01-11,ramadi,1,1,1440.0,1440.0,1440.0,1440.0,0.0,0.0,,dollar_price:1440
2021-01-11,rutba,2,2,1440.0,1440.0,1440.0,1440.0,0.0,0.0,,dollar_price:1440|dollariraqi:1440
2021-01-12,baghdad_generic,1,1,1425.0,1425.0,1425.0,1425.0,0.0,0.0,,dollariraqi:1425
2021-01-12,baghdad_kifah,2,2,1435.0,1436.0,1435.0,1437.0,2.0,0.139,,dollar_price:1435|dollariraqi:1437
2021-01-12,basra,2,2,1433.0,1433.0,1433.0,1433.0,0.0,0.0,,dollar_price:1433|dollariraqi:1433
2021-01-12,erbil,2,2,1434.5,1434.5,1434.5,1434.5,0.0,0.0,,dollar_price:1434.5|dollariraqi:1434.5
2021-01-12,nasiriyah,2,2,1436.0,1436.0,1436.0,1436.0,0.0,0.0,,dollar_price:1436|dollariraqi:1436
2021-01-13,amarah,1,1,1438.0,1438.0,1438.0,1438.0,0.0,0.0,,dollar_price:1438
2021-01-13,baghdad_kifah,2,2,1437.5,1437.75,1437.5,1438.0,0.5,0.035,,dollar_price:1437.5|dollariraqi:1438
2021-01-13,basra,2,2,1436.0,1436.0,1436.0,1436.0,0.0,0.0,,dollar_price:1436|dollariraqi:1436
2021-01-13,erbil,2,2,1436.5,1436.5,1436.5,1436.5,0.0,0.0,,dollar_price:1436.5|dollariraqi:1436.5
2021-01-13,nasiriyah,2,2,1437.0,1437.0,1437.0,1437.0,0.0,0.0,,dollar_price:1437|dollariraqi:1437
2021-01-14,amarah,1,1,1437.0,1437.0,1437.0,1437.0,0.0,0.0,,dollar_price:1437
2021-01-14,baghdad_generic,1,1,1435.0,1437.5,1437.5,1437.5,0.0,0.0,,dollariraqi:1437.5
2021-01-14,baghdad_kifah,2,2,1437.0,1437.25,1437.0,1437.5,0.5,0.035,,dollar_price:1437|dollariraqi:1437.5
2021-01-14,basra,2,2,1436.0,1436.25,1436.0,1436.5,0.5,0.035,,dollar_price:1436|dollariraqi:1436.5
2021-01-14,erbil,2,2,1436.5,1435.75,1435.0,1436.5,1.5,0.104,,dollar_price:1436.5|dollariraqi:1435
2021-01-14,samawah,1,1,1439.0,1439.0,1439.0,1439.0,0.0,0.0,,dollar_price:1439
2021-01-17,baghdad_generic,1,1,1443.0,1446.0,1446.0,1446.0,0.0,0.0,,dollariraqi:1446
2021-01-17,baghdad_kifah,1,1,1441.0,1450.0,1450.0,1450.0,0.0,0.0,,dollariraqi:1450
2021-01-17,basra,1,1,1442.0,1447.0,1447.0,1447.0,0.0,0.0,,dollariraqi:1447
2021-01-17,erbil,1,1,1441.0,1445.0,1445.0,1445.0,0.0,0.0,,dollariraqi:1445
2021-01-17,tikrit,1,1,1448.0,1448.0,1448.0,1448.0,0.0,0.0,,dollariraqi:1448
2021-01-18,amarah,2,2,1449.0,1449.0,1449.0,1449.0,0.0,0.0,,dollar_price:1449|dollariraqi:1449
2021-01-18,baghdad_generic,1,1,1440.0,1457.0,1457.0,1457.0,0.0,0.0,,dollariraqi:1457
2021-01-18,baghdad_kifah,2,2,1449.5,1453.0,1449.5,1456.5,7.0,0.482,,dollar_price:1449.5|dollariraqi:1456.5
2021-01-18,basra,2,2,1450.0,1452.5,1450.0,1455.0,5.0,0.344,,dollar_price:1450|dollariraqi:1455
2021-01-18,erbil,2,2,1448.0,1448.0,1448.0,1448.0,0.0,0.0,,dollar_price:1448|dollariraqi:1448
2021-01-18,nasiriyah,1,1,1450.0,1450.0,1450.0,1450.0,0.0,0.0,,dollar_price:1450
2021-01-19,baghdad_generic,1,1,1450.0,1457.5,1457.5,1457.5,0.0,0.0,,dollariraqi:1457.5
2021-01-19,baghdad_kifah,2,2,1457.0,1457.0,1457.0,1457.0,0.0,0.0,,dollar_price:1457|dollariraqi:1457
2021-01-19,basra,2,2,1456.75,1456.5,1456.0,1457.0,1.0,0.069,,dollar_price:1456|dollariraqi:1457
2021-01-19,erbil,2,2,1459.25,1456.0,1456.0,1456.0,0.0,0.0,,dollar_price:1456|dollariraqi:1456
2021-01-20,baghdad_generic,1,1,1450.0,1450.0,1450.0,1450.0,0.0,0.0,,dollariraqi:1450
2021-01-20,baghdad_kifah,2,2,1458.0,1457.75,1457.5,1458.0,0.5,0.034,,dollar_price:1458|dollariraqi:1457.5
2021-01-20,basra,2,2,1457.0,1457.0,1457.0,1457.0,0.0,0.0,,dollar_price:1457|dollariraqi:1457
2021-01-20,erbil,2,2,1457.5,1457.5,1457.5,1457.5,0.0,0.0,,dollar_price:1457.5|dollariraqi:1457.5
2021-01-21,baghdad_generic,1,1,1450.0,1450.0,1450.0,1450.0,0.0,0.0,,dollariraqi:1450
2021-01-21,baghdad_kifah,2,2,1456.0,1455.5,1455.5,1455.5,0.0,0.0,,dollar_price:1455.5|dollariraqi:1455.5
2021-01-21,basra,2,2,1455.75,1455.0,1455.0,1455.0,0.0,0.0,,dollar_price:1455|dollariraqi:1455
2021-01-21,erbil,2,2,1456.13,1455.0,1455.0,1455.0,0.0,0.0,,dollar_price:1455|dollariraqi:1455
2021-01-24,baghdad_kifah,2,2,1456.5,1456.0,1455.5,1456.5,1.0,0.069,,dollar_price:1456.5|dollariraqi:1455.5
2021-01-24,basra,2,2,1455.75,1455.75,1455.5,1456.0,0.5,0.034,,dollar_price:1456|dollariraqi:1455.5
2021-01-24,erbil,2,2,1455.5,1455.5,1455.5,1455.5,0.0,0.0,,dollar_price:1455.5|dollariraqi:1455.5
2021-01-24,samawah,2,2,1458.0,1458.0,1458.0,1458.0,0.0,0.0,,dollar_price:1458|dollariraqi:1458
2021-01-25,babil,2,2,1456.25,1456.25,1456.0,1456.5,0.5,0.034,,dollar_price:1456.5|dollariraqi:1456
2021-01-25,baghdad_generic,1,1,1450.0,1450.0,1450.0,1450.0,0.0,0.0,,dollariraqi:1450
2021-01-25,baghdad_kifah,2,2,1455.75,1455.25,1455.0,1455.5,0.5,0.034,,dollar_price:1455.5|dollariraqi:1455
2021-01-25,basra,2,2,1455.0,1455.0,1455.0,1455.0,0.0,0.0,,dollar_price:1455|dollariraqi:1455
2021-01-25,erbil,2,2,1456.25,1456.38,1456.25,1456.5,0.25,0.017,,dollar_price:1456.5|dollariraqi:1456.25
2021-01-26,baghdad_generic,1,1,1450.0,1450.0,1450.0,1450.0,0.0,0.0,,dollariraqi:1450
2021-01-26,baghdad_kifah,1,1,1455.0,1455.5,1455.5,1455.5,0.0,0.0,,dollariraqi:1455.5
2021-01-26,basra,1,1,1455.0,1455.0,1455.0,1455.0,0.0,0.0,,dollariraqi:1455
2021-01-26,erbil,1,1,1455.75,1455.75,1455.75,1455.75,0.0,0.0,,dollariraqi:1455.75
2021-01-26,tikrit,1,1,1458.5,1458.5,1458.5,1458.5,0.0,0.0,,dollariraqi:1458.5
2021-01-27,amarah,2,2,1455.0,1455.0,1455.0,1455.0,0.0,0.0,,dollar_price:1455|dollariraqi:1455
2021-01-27,baghdad_generic,1,1,1450.0,1450.0,1450.0,1450.0,0.0,0.0,,dollariraqi:1450
2021-01-27,baghdad_kifah,2,2,1453.25,1453.75,1453.5,1454.0,0.5,0.034,,dollar_price:1454|dollariraqi:1453.5
2021-01-27,basra,2,2,1452.5,1452.5,1452.5,1452.5,0.0,0.0,,dollar_price:1452.5|dollariraqi:1452.5
2021-01-27,erbil,2,2,1456.0,1456.0,1456.0,1456.0,0.0,0.0,,dollar_price:1456|dollariraqi:1456
2021-01-27,samawah,2,2,1456.0,1456.0,1456.0,1456.0,0.0,0.0,,dollar_price:1456|dollariraqi:1456
2021-01-28,baghdad_generic,1,1,1447.5,1447.5,1447.5,1447.5,0.0,0.0,,dollariraqi:1447.5
2021-01-28,baghdad_kifah,2,2,1453.5,1451.75,1450.0,1453.5,3.5,0.241,,dollar_price:1453.5|dollariraqi:1450
2021-01-28,basra,2,2,1452.0,1452.0,1451.5,1452.5,1.0,0.069,,dollar_price:1451.5|dollariraqi:1452.5
2021-01-28,erbil,2,2,1455.5,1455.5,1455.5,1455.5,0.0,0.0,,dollar_price:1455.5|dollariraqi:1455.5
2021-01-31,baghdad_kifah,2,2,1447.5,1449.5,1447.5,1451.5,4.0,0.276,,dollar_price:1447.5|dollariraqi:1451.5
2021-01-31,basra,2,2,1446.0,1446.0,1446.0,1446.0,0.0,0.0,,dollar_price:1446|dollariraqi:1446
2021-01-31,erbil,2,2,1450.0,1450.0,1450.0,1450.0,0.0,0.0,,dollar_price:1450|dollariraqi:1450
2021-02-01,baghdad_kifah,1,1,1454.0,1451.5,1451.5,1451.5,0.0,0.0,,dollariraqi:1451.5
2021-02-01,basra,1,1,1452.5,1452.5,1452.5,1452.5,0.0,0.0,,dollariraqi:1452.5
2021-02-01,erbil,1,1,1455.0,1455.0,1455.0,1455.0,0.0,0.0,,dollariraqi:1455
2021-02-02,baghdad_kifah,2,2,1452.0,1451.75,1451.5,1452.0,0.5,0.034,,dollar_price:1452|dollariraqi:1451.5
2021-02-02,basra,2,2,1451.0,1451.0,1451.0,1451.0,0.0,0.0,,dollar_price:1451|dollariraqi:1451
2021-02-02,erbil,2,2,1454.25,1454.25,1454.25,1454.25,0.0,0.0,,dollar_price:1454.25|dollariraqi:1454.25
2021-02-02,tikrit,2,2,1454.0,1454.0,1454.0,1454.0,0.0,0.0,,dollar_price:1454|dollariraqi:1454
2021-02-03,baghdad_kifah,2,2,1452.0,1452.25,1452.0,1452.5,0.5,0.034,,dollar_price:1452|dollariraqi:1452.5
2021-02-03,basra,2,2,1450.5,1450.5,1450.5,1450.5,0.0,0.0,,dollar_price:1450.5|dollariraqi:1450.5
2021-02-03,erbil,2,2,1454.0,1454.0,1454.0,1454.0,0.0,0.0,,dollar_price:1454|dollariraqi:1454
2021-02-04,baghdad_kifah,2,2,1453.0,1453.5,1453.0,1454.0,1.0,0.069,,dollar_price:1453|dollariraqi:1454
2021-02-04,basra,2,2,1452.0,1452.0,1452.0,1452.0,0.0,0.0,,dollar_price:1452|dollariraqi:1452
2021-02-04,erbil,2,2,1454.75,1454.75,1454.75,1454.75,0.0,0.0,,dollar_price:1454.75|dollariraqi:1454.75
2021-02-07,baghdad_kifah,2,2,1458.0,1458.25,1458.0,1458.5,0.5,0.034,,dollar_price:1458|dollariraqi:1458.5
2021-02-07,basra,2,2,1458.5,1458.5,1458.5,1458.5,0.0,0.0,,dollar_price:1458.5|dollariraqi:1458.5
2021-02-07,erbil,2,2,1457.25,1457.25,1457.25,1457.25,0.0,0.0,,dollar_price:1457.25|dollariraqi:1457.25
2021-02-08,baghdad_kifah,2,2,1458.0,1458.0,1458.0,1458.0,0.0,0.0,,dollar_price:1458|dollariraqi:1458
2021-02-08,basra,2,2,1460.25,1460.25,1458.0,1462.5,4.5,0.308,,dollar_price:1458|dollariraqi:1462.5
2021-02-08,diwaniyah,2,2,1458.5,1458.5,1458.5,1458.5,0.0,0.0,,dollar_price:1458.5|dollariraqi:1458.5
2021-02-08,erbil,2,2,1458.75,1458.75,1458.5,1459.0,0.5,0.034,,dollar_price:1458.5|dollariraqi:1459
2021-02-09,baghdad_kifah,2,2,1461.0,1460.5,1460.0,1461.0,1.0,0.068,,dollar_price:1461|dollariraqi:1460
2021-02-09,basra,2,2,1463.25,1463.25,1461.5,1465.0,3.5,0.239,,dollar_price:1461.5|dollariraqi:1465
2021-02-09,erbil,2,2,1461.25,1461.25,1461.0,1461.5,0.5,0.034,,dollar_price:1461.5|dollariraqi:1461
2021-02-10,baghdad_kifah,2,2,1459.5,1459.0,1459.0,1459.0,0.0,0.0,,dollar_price:1459|dollariraqi:1459
2021-02-10,basra,2,2,1459.25,1459.25,1458.5,1460.0,1.5,0.103,,dollar_price:1458.5|dollariraqi:1460
2021-02-10,erbil,2,2,1460.25,1460.25,1460.0,1460.5,0.5,0.034,,dollar_price:1460|dollariraqi:1460.5
2021-02-10,samawah,1,1,1461.0,1461.0,1461.0,1461.0,0.0,0.0,,dollariraqi:1461
2021-02-11,amarah,2,2,1459.0,1459.0,1459.0,1459.0,0.0,0.0,,dollar_price:1459|dollariraqi:1459
2021-02-11,baghdad_kifah,2,2,1459.0,1459.13,1459.0,1459.25,0.25,0.017,,dollar_price:1459|dollariraqi:1459.25
2021-02-11,basra,2,2,1458.0,1458.0,1458.0,1458.0,0.0,0.0,,dollar_price:1458|dollariraqi:1458
2021-02-11,erbil,2,2,1460.0,1460.0,1460.0,1460.0,0.0,0.0,,dollar_price:1460|dollariraqi:1460
2021-02-14,baghdad_harithiya,1,1,1459.25,1459.25,1459.25,1459.25,0.0,0.0,,dollariraqi:1459.25
2021-02-14,baghdad_kifah,2,2,1459.0,1459.0,1459.0,1459.0,0.0,0.0,,dollar_price:1459|dollariraqi:1459
2021-02-14,basra,2,2,1458.5,1458.75,1458.5,1459.0,0.5,0.034,,dollar_price:1458.5|dollariraqi:1459
2021-02-14,erbil,2,2,1460.0,1460.13,1460.0,1460.25,0.25,0.017,,dollar_price:1460|dollariraqi:1460.25
2021-02-15,amarah,2,2,1459.5,1459.5,1459.5,1459.5,0.0,0.0,,dollar_price:1459.5|dollariraqi:1459.5
2021-02-15,baghdad_kifah,2,2,1459.0,1459.0,1459.0,1459.0,0.0,0.0,,dollar_price:1459|dollariraqi:1459
2021-02-15,basra,2,2,1459.0,1459.0,1459.0,1459.0,0.0,0.0,,dollar_price:1459|dollariraqi:1459
2021-02-15,erbil,2,2,1460.0,1460.0,1460.0,1460.0,0.0,0.0,,dollar_price:1460|dollariraqi:1460
2021-02-16,baghdad_generic,1,1,1455.0,1455.0,1455.0,1455.0,0.0,0.0,,dollariraqi:1455
2021-02-16,baghdad_harithiya,1,1,1461.25,1461.25,1461.25,1461.25,0.0,0.0,,dollariraqi:1461.25
2021-02-16,baghdad_kifah,2,2,1461.0,1461.25,1461.0,1461.5,0.5,0.034,,dollar_price:1461|dollariraqi:1461.5
2021-02-16,basra,2,2,1463.0,1461.5,1461.0,1462.0,1.0,0.068,,dollar_price:1461|dollariraqi:1462
2021-02-16,erbil,2,2,1462.0,1462.63,1462.0,1463.25,1.25,0.085,,dollar_price:1462|dollariraqi:1463.25
2021-02-17,amarah,2,2,1462.75,1462.75,1462.5,1463.0,0.5,0.034,,dollar_price:1462.5|dollariraqi:1463
2021-02-17,baghdad_generic,1,1,1455.0,1455.0,1455.0,1455.0,0.0,0.0,,dollariraqi:1455
2021-02-17,baghdad_kifah,2,2,1460.75,1460.75,1460.75,1460.75,0.0,0.0,,dollar_price:1460.75|dollariraqi:1460.75
2021-02-17,basra,2,2,1463.25,1463.25,1461.5,1465.0,3.5,0.239,,dollar_price:1461.5|dollariraqi:1465
2021-02-17,erbil,2,2,1463.25,1463.25,1463.0,1463.5,0.5,0.034,,dollar_price:1463|dollariraqi:1463.5
2021-02-18,baghdad_harithiya,1,1,1461.25,1461.25,1461.25,1461.25,0.0,0.0,,dollariraqi:1461.25
2021-02-18,baghdad_kifah,1,1,1461.5,1460.75,1460.75,1460.75,0.0,0.0,,dollariraqi:1460.75
2021-02-18,basra,1,1,1462.0,1462.5,1462.5,1462.5,0.0,0.0,,dollariraqi:1462.5
2021-02-18,erbil,1,1,1462.0,1462.5,1462.5,1462.5,0.0,0.0,,dollariraqi:1462.5
2021-02-21,baghdad_generic,2,2,1457.5,1457.5,1455.0,1460.0,5.0,0.343,,dollar_price:1460|dollariraqi:1455
2021-02-21,basra,1,1,1458.5,1458.5,1458.5,1458.5,0.0,0.0,,dollar_price:1458.5
2021-02-21,erbil,1,1,1461.5,1461.5,1461.5,1461.5,0.0,0.0,,dollar_price:1461.5
2021-02-22,amarah,2,2,1460.0,1460.0,1460.0,1460.0,0.0,0.0,,dollar_price:1460|dollariraqi:1460
2021-02-22,baghdad_harithiya,1,1,1459.0,1459.0,1459.0,1459.0,0.0,0.0,,dollariraqi:1459
2021-02-22,baghdad_kifah,2,2,1459.0,1458.25,1457.5,1459.0,1.5,0.103,,dollar_price:1459|dollariraqi:1457.5
2021-02-22,basra,2,2,1458.5,1458.5,1458.5,1458.5,0.0,0.0,,dollar_price:1458.5|dollariraqi:1458.5
2021-02-22,erbil,2,2,1460.5,1460.0,1459.5,1460.5,1.0,0.068,,dollar_price:1460.5|dollariraqi:1459.5
2021-02-22,tikrit,2,2,1462.0,1462.0,1462.0,1462.0,0.0,0.0,,dollar_price:1462|dollariraqi:1462
2021-02-23,baghdad_generic,1,1,1455.0,1455.0,1455.0,1455.0,0.0,0.0,,dollariraqi:1455
2021-02-23,baghdad_harithiya,1,1,1455.75,1455.75,1455.75,1455.75,0.0,0.0,,dollariraqi:1455.75
2021-02-23,baghdad_kifah,2,2,1457.0,1456.5,1456.0,1457.0,1.0,0.069,,dollar_price:1457|dollariraqi:1456
2021-02-23,basra,2,2,1457.0,1456.5,1456.0,1457.0,1.0,0.069,,dollar_price:1457|dollariraqi:1456
2021-02-23,erbil,2,2,1458.0,1457.25,1456.5,1458.0,1.5,0.103,,dollar_price:1458|dollariraqi:1456.5
2021-02-24,baghdad_kifah,1,1,1453.75,1454.0,1454.0,1454.0,0.0,0.0,,dollariraqi:1454
2021-02-25,babil,2,2,1454.0,1454.0,1454.0,1454.0,0.0,0.0,,dollar_price:1454|dollariraqi:1454
2021-02-25,baghdad_harithiya,1,1,1451.75,1451.75,1451.75,1451.75,0.0,0.0,,dollariraqi:1451.75
2021-02-25,baghdad_kifah,2,2,1453.5,1452.75,1452.0,1453.5,1.5,0.103,,dollar_price:1453.5|dollariraqi:1452
2021-02-25,basra,2,2,1454.0,1453.5,1453.0,1454.0,1.0,0.069,,dollar_price:1454|dollariraqi:1453
2021-02-25,diwaniyah,2,2,1454.0,1454.0,1454.0,1454.0,0.0,0.0,,dollar_price:1454|dollariraqi:1454
2021-02-25,erbil,2,2,1455.25,1454.63,1454.0,1455.25,1.25,0.086,,dollar_price:1455.25|dollariraqi:1454
2021-03-01,baghdad_harithiya,1,1,1451.75,1451.75,1451.75,1451.75,0.0,0.0,,dollariraqi:1451.75
2021-03-01,baghdad_kifah,2,2,1452.0,1452.25,1452.0,1452.5,0.5,0.034,,dollar_price:1452|dollariraqi:1452.5
2021-03-01,basra,2,2,1451.0,1451.5,1451.0,1452.0,1.0,0.069,,dollar_price:1451|dollariraqi:1452
2021-03-01,erbil,2,2,1452.0,1452.75,1452.0,1453.5,1.5,0.103,,dollar_price:1452|dollariraqi:1453.5
2021-03-02,amarah,1,1,1453.0,1453.0,1453.0,1453.0,0.0,0.0,,dollar_price:1453
2021-03-02,baghdad_harithiya,1,1,1454.5,1454.5,1454.5,1454.5,0.0,0.0,,dollariraqi:1454.5
2021-03-02,baghdad_kifah,2,2,1453.5,1454.0,1453.5,1454.5,1.0,0.069,,dollar_price:1453.5|dollariraqi:1454.5
2021-03-02,basra,2,2,1453.5,1454.25,1453.5,1455.0,1.5,0.103,,dollar_price:1453.5|dollariraqi:1455
2021-03-02,erbil,2,2,1455.75,1455.5,1455.25,1455.75,0.5,0.034,,dollar_price:1455.75|dollariraqi:1455.25
2021-03-02,tikrit,2,2,1456.0,1456.0,1456.0,1456.0,0.0,0.0,,dollar_price:1456|dollariraqi:1456
2021-03-03,baghdad_harithiya,1,1,1455.25,1455.25,1455.25,1455.25,0.0,0.0,,dollariraqi:1455.25
2021-03-03,baghdad_kifah,2,2,1454.5,1455.0,1454.5,1455.5,1.0,0.069,,dollar_price:1454.5|dollariraqi:1455.5
2021-03-03,basra,2,2,1453.75,1454.25,1454.0,1454.5,0.5,0.034,,dollar_price:1454|dollariraqi:1454.5
2021-03-03,erbil,2,2,1455.5,1455.75,1455.5,1456.0,0.5,0.034,,dollar_price:1455.5|dollariraqi:1456
2021-03-04,baghdad_harithiya,1,1,1453.0,1453.0,1453.0,1453.0,0.0,0.0,,dollariraqi:1453
2021-03-04,baghdad_kifah,2,2,1453.0,1452.88,1452.75,1453.0,0.25,0.017,,dollar_price:1453|dollariraqi:1452.75
2021-03-04,basra,2,2,1452.0,1452.25,1452.0,1452.5,0.5,0.034,,dollar_price:1452|dollariraqi:1452.5
2021-03-04,erbil,2,2,1453.0,1453.25,1453.0,1453.5,0.5,0.034,,dollar_price:1453|dollariraqi:1453.5
2021-03-07,baghdad_harithiya,1,1,1453.0,1453.0,1453.0,1453.0,0.0,0.0,,dollariraqi:1453
2021-03-07,baghdad_kifah,1,1,1454.0,1454.0,1454.0,1454.0,0.0,0.0,,dollariraqi:1454
2021-03-07,basra,1,1,1452.0,1452.0,1452.0,1452.0,0.0,0.0,,dollariraqi:1452
2021-03-07,erbil,1,1,1455.25,1455.25,1455.25,1455.25,0.0,0.0,,dollariraqi:1455.25
2021-03-08,amarah,1,1,1454.0,1454.0,1454.0,1454.0,0.0,0.0,,dollar_price:1454
2021-03-08,baghdad_kifah,2,2,1454.0,1454.0,1454.0,1454.0,0.0,0.0,,dollar_price:1454|dollariraqi:1454
2021-03-08,basra,2,2,1453.25,1453.25,1453.0,1453.5,0.5,0.034,,dollar_price:1453.5|dollariraqi:1453
2021-03-08,erbil,2,2,1455.88,1455.88,1455.75,1456.0,0.25,0.017,,dollar_price:1456|dollariraqi:1455.75
2021-03-08,nasiriyah,1,1,1455.0,1455.0,1455.0,1455.0,0.0,0.0,,dollar_price:1455
2021-03-08,tikrit,1,1,1456.5,1456.5,1456.5,1456.5,0.0,0.0,,dollar_price:1456.5
2021-03-09,baghdad_harithiya,1,1,1453.75,1453.75,1453.75,1453.75,0.0,0.0,,dollariraqi:1453.75
2021-03-09,baghdad_kifah,2,2,1453.5,1453.75,1453.5,1454.0,0.5,0.034,,dollar_price:1453.5|dollariraqi:1454
2021-03-09,basra,2,2,1452.5,1452.25,1452.0,1452.5,0.5,0.034,,dollar_price:1452.5|dollariraqi:1452
2021-03-09,erbil,2,2,1455.75,1455.88,1455.75,1456.0,0.25,0.017,,dollar_price:1455.75|dollariraqi:1456
2021-03-10,baghdad_generic,2,2,1454.5,1454.5,1454.0,1455.0,1.0,0.069,,dollar_price:1455|dollariraqi:1454
2021-03-10,baghdad_harithiya,1,1,1454.5,1454.5,1454.5,1454.5,0.0,0.0,,dollariraqi:1454.5
2021-03-10,baghdad_kifah,1,1,1454.5,1454.5,1454.5,1454.5,0.0,0.0,,dollariraqi:1454.5
2021-03-10,basra,2,2,1453.0,1453.0,1453.0,1453.0,0.0,0.0,,dollar_price:1453|dollariraqi:1453
2021-03-10,erbil,2,2,1456.25,1456.38,1456.25,1456.5,0.25,0.017,,dollar_price:1456.25|dollariraqi:1456.5
2021-03-11,baghdad_generic,2,2,1455.0,1455.0,1455.0,1455.0,0.0,0.0,,dollar_price:1455|dollariraqi:1455
2021-03-11,baghdad_harithiya,1,1,1454.75,1454.75,1454.75,1454.75,0.0,0.0,,dollariraqi:1454.75
2021-03-11,baghdad_kifah,1,1,1454.75,1454.75,1454.75,1454.75,0.0,0.0,,dollariraqi:1454.75
2021-03-11,basra,2,2,1454.0,1454.0,1454.0,1454.0,0.0,0.0,,dollar_price:1454|dollariraqi:1454
2021-03-11,erbil,2,2,1457.25,1457.38,1457.25,1457.5,0.25,0.017,,dollar_price:1457.25|dollariraqi:1457.5
2021-03-14,baghdad_generic,1,1,1455.0,1455.0,1455.0,1455.0,0.0,0.0,,dollar_price:1455
2021-03-14,baghdad_harithiya,1,1,1456.0,1456.0,1456.0,1456.0,0.0,0.0,,dollariraqi:1456
2021-03-14,baghdad_kifah,1,1,1456.5,1455.0,1455.0,1455.0,0.0,0.0,,dollariraqi:1455
2021-03-14,basra,2,2,1454.5,1454.5,1454.0,1455.0,1.0,0.069,,dollar_price:1454|dollariraqi:1455
2021-03-14,erbil,2,2,1457.25,1455.38,1455.25,1455.5,0.25,0.017,,dollar_price:1455.25|dollariraqi:1455.5
2021-03-15,baghdad_generic,2,2,1455.5,1455.5,1455.0,1456.0,1.0,0.069,,dollar_price:1456|dollariraqi:1455
2021-03-15,basra,2,2,1457.0,1453.75,1453.5,1454.0,0.5,0.034,,dollar_price:1454|dollariraqi:1453.5
2021-03-15,erbil,2,2,1454.0,1454.75,1454.5,1455.0,0.5,0.034,,dollar_price:1454.5|dollariraqi:1455
2021-03-16,baghdad_kifah,2,2,1457.0,1458.0,1457.0,1459.0,2.0,0.137,,dollar_price:1457|dollariraqi:1459
2021-03-16,basra,2,2,1456.5,1456.5,1456.5,1456.5,0.0,0.0,,dollar_price:1456.5|dollariraqi:1456.5
2021-03-16,erbil,2,2,1456.25,1456.25,1456.25,1456.25,0.0,0.0,,dollar_price:1456.25|dollariraqi:1456.25
2021-03-17,baghdad_kifah,2,2,1458.0,1458.5,1458.0,1459.0,1.0,0.069,,dollar_price:1458|dollariraqi:1459
2021-03-17,basra,2,2,1458.25,1458.25,1458.0,1458.5,0.5,0.034,,dollar_price:1458.5|dollariraqi:1458
2021-03-17,erbil,2,2,1457.0,1457.0,1457.0,1457.0,0.0,0.0,,dollar_price:1457|dollariraqi:1457
2021-03-18,baghdad_kifah,2,2,1458.25,1458.25,1458.25,1458.25,0.0,0.0,,dollar_price:1458.25|dollariraqi:1458.25
2021-03-18,basra,2,2,1461.0,1461.0,1461.0,1461.0,0.0,0.0,,dollar_price:1461|dollariraqi:1461
2021-03-18,erbil,2,2,1457.0,1457.0,1457.0,1457.0,0.0,0.0,,dollar_price:1457|dollariraqi:1457
2021-03-21,baghdad_harithiya,1,1,1459.25,1459.25,1459.25,1459.25,0.0,0.0,,dollariraqi:1459.25
2021-03-21,baghdad_kifah,2,2,1458.63,1458.63,1458.25,1459.0,0.75,0.051,,dollar_price:1458.25|dollariraqi:1459
2021-03-21,basra,2,2,1458.0,1458.0,1457.0,1459.0,2.0,0.137,,dollar_price:1457|dollariraqi:1459
2021-03-21,erbil,1,1,1457.25,1457.25,1457.25,1457.25,0.0,0.0,,dollariraqi:1457.25
2021-03-21,nasiriyah,1,1,1455.5,1455.5,1455.5,1455.5,0.0,0.0,,dollar_price:1455.5
2021-03-22,baghdad_generic,1,1,1451.0,1451.0,1451.0,1451.0,0.0,0.0,,dollariraqi:1451
2021-03-22,baghdad_harithiya,1,1,1454.5,1454.5,1454.5,1454.5,0.0,0.0,,dollariraqi:1454.5
2021-03-22,baghdad_kifah,2,2,1456.5,1455.75,1455.0,1456.5,1.5,0.103,,dollar_price:1456.5|dollariraqi:1455
2021-03-22,basra,2,2,1455.0,1453.5,1452.0,1455.0,3.0,0.206,,dollar_price:1455|dollariraqi:1452
2021-03-22,erbil,1,1,1457.25,1457.25,1457.25,1457.25,0.0,0.0,,dollariraqi:1457.25
2021-03-23,baghdad_generic,1,1,1449.0,1438.0,1438.0,1438.0,0.0,0.0,,dollariraqi:1438
2021-03-23,baghdad_kifah,2,2,1451.5,1451.5,1451.5,1451.5,0.0,0.0,,dollar_price:1451.5|dollariraqi:1451.5
2021-03-23,basra,2,2,1448.5,1448.5,1448.5,1448.5,0.0,0.0,,dollar_price:1448.5|dollariraqi:1448.5
2021-03-24,baghdad_kifah,2,2,1433.0,1438.0,1433.0,1443.0,10.0,0.695,,dollar_price:1433|dollariraqi:1443
2021-03-24,basra,2,2,1425.0,1425.0,1425.0,1425.0,0.0,0.0,,dollar_price:1425|dollariraqi:1425
2021-03-24,erbil,2,2,1439.0,1439.0,1439.0,1439.0,0.0,0.0,,dollar_price:1439|dollariraqi:1439
2021-03-25,baghdad_harithiya,1,1,1444.5,1444.5,1444.5,1444.5,0.0,0.0,,dollariraqi:1444.5
2021-03-25,baghdad_kifah,2,2,1445.75,1444.5,1444.0,1445.0,1.0,0.069,,dollar_price:1445|dollariraqi:1444
2021-03-25,basra,2,2,1443.0,1442.5,1442.0,1443.0,1.0,0.069,,dollar_price:1443|dollariraqi:1442
2021-03-25,erbil,2,2,1448.0,1448.0,1448.0,1448.0,0.0,0.0,,dollar_price:1448|dollariraqi:1448
2021-03-28,baghdad_harithiya,1,1,1445.0,1445.0,1445.0,1445.0,0.0,0.0,,dollariraqi:1445
2021-03-28,baghdad_kifah,2,2,1446.0,1445.75,1445.5,1446.0,0.5,0.035,,dollar_price:1446|dollariraqi:1445.5
2021-03-28,basra,2,2,1444.0,1443.5,1443.0,1444.0,1.0,0.069,,dollar_price:1444|dollariraqi:1443
2021-03-28,erbil,2,2,1447.63,1446.13,1445.5,1446.75,1.25,0.086,,dollar_price:1446.75|dollariraqi:1445.5
2021-03-28,nasiriyah,1,1,1445.0,1445.0,1445.0,1445.0,0.0,0.0,,dollar_price:1445
2021-03-28,samawah,1,1,1446.0,1446.0,1446.0,1446.0,0.0,0.0,,dollar_price:1446
2021-03-29,baghdad_kifah,2,2,1447.5,1448.75,1447.5,1450.0,2.5,0.173,,dollar_price:1447.5|dollariraqi:1450
2021-03-29,basra,2,2,1446.0,1446.0,1446.0,1446.0,0.0,0.0,,dollar_price:1446|dollariraqi:1446
2021-03-29,erbil,2,2,1447.0,1447.0,1447.0,1447.0,0.0,0.0,,dollar_price:1447|dollariraqi:1447
2021-03-30,baghdad_kifah,2,2,1451.0,1452.75,1451.0,1454.5,3.5,0.241,,dollar_price:1451|dollariraqi:1454.5
2021-03-30,basra,2,2,1450.0,1450.0,1450.0,1450.0,0.0,0.0,,dollar_price:1450|dollariraqi:1450
2021-03-30,erbil,2,2,1451.88,1451.88,1451.75,1452.0,0.25,0.017,,dollar_price:1452|dollariraqi:1451.75
2021-03-31,baghdad_generic,1,1,1460.0,1460.0,1460.0,1460.0,0.0,0.0,,dollariraqi:1460
2021-03-31,baghdad_kifah,2,2,1457.0,1457.75,1457.0,1458.5,1.5,0.103,,dollar_price:1457|dollariraqi:1458.5
2021-03-31,basra,2,2,1455.0,1455.0,1455.0,1455.0,0.0,0.0,,dollar_price:1455|dollariraqi:1455
2021-03-31,erbil,2,2,1457.5,1457.5,1457.5,1457.5,0.0,0.0,,dollar_price:1457.5|dollariraqi:1457.5
2021-03-31,tikrit,1,1,1459.0,1459.0,1459.0,1459.0,0.0,0.0,,dollar_price:1459
2021-04-01,baghdad_harithiya,1,1,1469.0,1469.0,1469.0,1469.0,0.0,0.0,,dollariraqi:1469
2021-04-01,baghdad_kifah,2,2,1464.0,1466.5,1464.0,1469.0,5.0,0.341,,dollar_price:1464|dollariraqi:1469
2021-04-01,basra,2,2,1465.0,1466.5,1465.0,1468.0,3.0,0.205,,dollar_price:1465|dollariraqi:1468
2021-04-01,erbil,2,2,1463.5,1466.25,1463.5,1469.0,5.5,0.375,,dollar_price:1463.5|dollariraqi:1469
2021-04-04,baghdad_kifah,2,2,1469.0,1468.75,1468.5,1469.0,0.5,0.034,,dollar_price:1469|dollariraqi:1468.5
2021-04-04,basra,2,2,1471.0,1471.0,1471.0,1471.0,0.0,0.0,,dollar_price:1471|dollariraqi:1471
2021-04-04,erbil,2,2,1469.25,1469.25,1469.25,1469.25,0.0,0.0,,dollar_price:1469.25|dollariraqi:1469.25
2021-04-05,baghdad_kifah,2,2,1468.0,1468.0,1468.0,1468.0,0.0,0.0,,dollar_price:1468|dollariraqi:1468
2021-04-05,basra,2,2,1470.0,1470.0,1470.0,1470.0,0.0,0.0,,dollar_price:1470|dollariraqi:1470
2021-04-05,erbil,2,2,1469.0,1469.0,1469.0,1469.0,0.0,0.0,,dollar_price:1469|dollariraqi:1469
2021-04-06,baghdad_kifah,2,2,1469.0,1469.25,1469.0,1469.5,0.5,0.034,,dollar_price:1469|dollariraqi:1469.5
2021-04-06,basra,2,2,1470.0,1470.0,1470.0,1470.0,0.0,0.0,,dollar_price:1470|dollariraqi:1470
2021-04-06,erbil,2,2,1470.0,1470.0,1470.0,1470.0,0.0,0.0,,dollar_price:1470|dollariraqi:1470
2021-04-07,baghdad_kifah,2,2,1471.0,1471.75,1471.0,1472.5,1.5,0.102,,dollar_price:1471|dollariraqi:1472.5
2021-04-07,basra,2,2,1472.0,1472.0,1472.0,1472.0,0.0,0.0,,dollar_price:1472|dollariraqi:1472
2021-04-07,erbil,2,2,1472.75,1472.75,1472.75,1472.75,0.0,0.0,,dollar_price:1472.75|dollariraqi:1472.75
2021-04-08,baghdad_kifah,2,2,1472.0,1471.5,1471.0,1472.0,1.0,0.068,,dollar_price:1472|dollariraqi:1471
2021-04-08,basra,2,2,1473.0,1473.0,1473.0,1473.0,0.0,0.0,,dollar_price:1473|dollariraqi:1473
2021-04-08,erbil,2,2,1473.0,1473.0,1473.0,1473.0,0.0,0.0,,dollar_price:1473|dollariraqi:1473
2021-04-11,amarah,2,2,1474.0,1474.0,1474.0,1474.0,0.0,0.0,,dollar_price:1474|dollariraqi:1474
2021-04-11,baghdad_kifah,2,2,1472.0,1472.0,1472.0,1472.0,0.0,0.0,,dollar_price:1472|dollariraqi:1472
2021-04-11,basra,2,2,1473.25,1473.5,1473.5,1473.5,0.0,0.0,,dollar_price:1473.5|dollariraqi:1473.5
2021-04-11,erbil,2,2,1472.88,1472.75,1472.75,1472.75,0.0,0.0,,dollar_price:1472.75|dollariraqi:1472.75
2021-04-11,ramadi,2,2,1472.5,1472.5,1472.5,1472.5,0.0,0.0,,dollar_price:1472.5|dollariraqi:1472.5
2021-04-11,samawah,2,2,1474.0,1474.0,1474.0,1474.0,0.0,0.0,,dollar_price:1474|dollariraqi:1474
2021-04-12,baghdad_kifah,2,2,1474.0,1474.75,1473.5,1476.0,2.5,0.17,,dollar_price:1473.5|dollariraqi:1476
2021-04-12,basra,2,2,1475.0,1475.0,1475.0,1475.0,0.0,0.0,,dollar_price:1475|dollariraqi:1475
2021-04-12,erbil,2,2,1475.5,1475.5,1475.5,1475.5,0.0,0.0,,dollar_price:1475.5|dollariraqi:1475.5
2021-04-12,ramadi,2,2,1475.0,1475.0,1475.0,1475.0,0.0,0.0,,dollar_price:1475|dollariraqi:1475
2021-04-12,samawah,2,2,1475.0,1475.0,1475.0,1475.0,0.0,0.0,,dollar_price:1475|dollariraqi:1475
2021-04-13,baghdad_generic,1,1,1490.0,1490.0,1490.0,1490.0,0.0,0.0,,dollariraqi:1490
2021-04-13,baghdad_kifah,2,2,1479.0,1479.0,1478.0,1480.0,2.0,0.135,,dollar_price:1478|dollariraqi:1480
2021-04-13,basra,1,1,1480.0,1480.0,1480.0,1480.0,0.0,0.0,,dollar_price:1480
2021-04-13,erbil,1,1,1480.0,1480.0,1480.0,1480.0,0.0,0.0,,dollar_price:1480
2021-04-14,baghdad_kifah,2,2,1490.0,1484.5,1479.0,1490.0,11.0,0.741,,dollar_price:1490|dollariraqi:1479
2021-04-14,basra,2,2,1490.5,1490.5,1490.0,1491.0,1.0,0.067,,dollar_price:1490|dollariraqi:1491
2021-04-14,erbil,2,2,1490.0,1490.0,1490.0,1490.0,0.0,0.0,,dollar_price:1490|dollariraqi:1490
2021-04-15,baghdad_kifah,1,1,1479.0,1479.0,1479.0,1479.0,0.0,0.0,,dollariraqi:1479
2021-04-15,basra,1,1,1479.0,1479.0,1479.0,1479.0,0.0,0.0,,dollariraqi:1479
2021-04-15,erbil,1,1,1480.0,1480.0,1480.0,1480.0,0.0,0.0,,dollariraqi:1480
2021-04-18,amarah,1,1,1482.5,1482.5,1482.5,1482.5,0.0,0.0,,dollar_price:1482.5
2021-04-18,baghdad_kifah,2,2,1479.5,1480.25,1479.5,1481.0,1.5,0.101,,dollar_price:1479.5|dollariraqi:1481
2021-04-18,basra,2,2,1481.75,1481.75,1481.5,1482.0,0.5,0.034,,dollar_price:1482|dollariraqi:1481.5
2021-04-18,erbil,2,2,1482.25,1482.25,1481.5,1483.0,1.5,0.101,,dollar_price:1481.5|dollariraqi:1483
2021-04-18,tikrit,1,1,1482.0,1482.0,1482.0,1482.0,0.0,0.0,,dollar_price:1482
2021-04-19,baghdad_harithiya,1,1,1481.5,1481.5,1481.5,1481.5,0.0,0.0,,dollariraqi:1481.5
2021-04-19,baghdad_kifah,1,1,1482.0,1482.0,1482.0,1482.0,0.0,0.0,,dollariraqi:1482
2021-04-19,basra,1,1,1484.0,1484.0,1484.0,1484.0,0.0,0.0,,dollariraqi:1484
2021-04-19,erbil,1,1,1482.5,1482.5,1482.5,1482.5,0.0,0.0,,dollariraqi:1482.5
2021-04-20,baghdad_harithiya,1,1,1479.0,1479.0,1479.0,1479.0,0.0,0.0,,dollariraqi:1479
2021-04-20,baghdad_kifah,2,2,1479.25,1479.25,1478.5,1480.0,1.5,0.101,,dollar_price:1480|dollariraqi:1478.5
2021-04-20,basra,2,2,1481.25,1481.25,1481.0,1481.5,0.5,0.034,,dollar_price:1481.5|dollariraqi:1481
2021-04-20,erbil,2,2,1480.63,1480.63,1480.0,1481.25,1.25,0.084,,dollar_price:1481.25|dollariraqi:1480
2021-04-21,baghdad_harithiya,1,1,1480.5,1480.5,1480.5,1480.5,0.0,0.0,,dollariraqi:1480.5
2021-04-21,baghdad_kifah,1,1,1480.5,1480.5,1480.5,1480.5,0.0,0.0,,dollariraqi:1480.5
2021-04-21,basra,1,1,1482.0,1482.0,1482.0,1482.0,0.0,0.0,,dollariraqi:1482
2021-04-21,erbil,1,1,1481.25,1481.5,1481.5,1481.5,0.0,0.0,,dollariraqi:1481.5
2021-04-22,baghdad_kifah,1,1,1478.0,1478.0,1478.0,1478.0,0.0,0.0,,dollariraqi:1478
2021-04-22,basra,1,1,1480.0,1480.0,1480.0,1480.0,0.0,0.0,,dollariraqi:1480
2021-04-22,erbil,1,1,1480.0,1480.0,1480.0,1480.0,0.0,0.0,,dollariraqi:1480
2021-04-25,baghdad_kifah,2,2,1478.5,1478.5,1478.0,1479.0,1.0,0.068,,dollar_price:1478|dollariraqi:1479
2021-04-25,basra,2,2,1480.0,1480.0,1480.0,1480.0,0.0,0.0,,dollar_price:1480|dollariraqi:1480
2021-04-25,erbil,2,2,1477.5,1477.5,1477.5,1477.5,0.0,0.0,,dollar_price:1477.5|dollariraqi:1477.5
2021-04-26,baghdad_kifah,1,1,1480.0,1480.0,1480.0,1480.0,0.0,0.0,,dollariraqi:1480
2021-04-26,basra,1,1,1481.5,1481.5,1481.5,1481.5,0.0,0.0,,dollariraqi:1481.5
2021-04-26,erbil,1,1,1482.0,1482.0,1482.0,1482.0,0.0,0.0,,dollariraqi:1482
2021-04-27,baghdad_kifah,2,2,1477.88,1477.88,1477.75,1478.0,0.25,0.017,,dollar_price:1478|dollariraqi:1477.75
2021-04-27,basra,2,2,1480.0,1480.0,1480.0,1480.0,0.0,0.0,,dollar_price:1480|dollariraqi:1480
2021-04-27,erbil,2,2,1478.0,1478.0,1478.0,1478.0,0.0,0.0,,dollar_price:1478|dollariraqi:1478
2021-04-28,baghdad_kifah,2,2,1477.75,1477.75,1477.5,1478.0,0.5,0.034,,dollar_price:1477.5|dollariraqi:1478
2021-04-28,basra,2,2,1479.0,1479.0,1479.0,1479.0,0.0,0.0,,dollar_price:1479|dollariraqi:1479
2021-04-28,erbil,2,2,1479.25,1479.25,1479.25,1479.25,0.0,0.0,,dollar_price:1479.25|dollariraqi:1479.25
2021-04-29,baghdad_harithiya,1,1,1479.5,1479.5,1479.5,1479.5,0.0,0.0,,dollariraqi:1479.5
2021-04-29,baghdad_kifah,2,2,1478.75,1478.63,1478.0,1479.25,1.25,0.085,,dollar_price:1478|dollariraqi:1479.25
2021-04-29,basra,2,2,1479.0,1479.5,1479.0,1480.0,1.0,0.068,,dollar_price:1479|dollariraqi:1480
2021-04-29,erbil,2,2,1480.0,1480.38,1480.0,1480.75,0.75,0.051,,dollar_price:1480|dollariraqi:1480.75
2021-05-02,baghdad_kifah,2,2,1479.5,1479.5,1479.5,1479.5,0.0,0.0,,dollar_price:1479.5|dollariraqi:1479.5
2021-05-02,basra,2,2,1480.0,1480.0,1480.0,1480.0,0.0,0.0,,dollar_price:1480|dollariraqi:1480
2021-05-02,erbil,2,2,1482.0,1482.0,1482.0,1482.0,0.0,0.0,,dollar_price:1482|dollariraqi:1482
2021-05-03,baghdad_kifah,1,1,1481.0,1481.0,1481.0,1481.0,0.0,0.0,,dollar_price:1481
2021-05-03,basra,1,1,1481.5,1481.5,1481.5,1481.5,0.0,0.0,,dollar_price:1481.5
2021-05-03,erbil,1,1,1482.0,1482.0,1482.0,1482.0,0.0,0.0,,dollar_price:1482
2021-05-04,baghdad_kifah,1,1,1480.5,1480.5,1480.5,1480.5,0.0,0.0,,dollar_price:1480.5
2021-05-04,basra,1,1,1480.0,1480.0,1480.0,1480.0,0.0,0.0,,dollar_price:1480
2021-05-04,erbil,1,1,1481.0,1481.0,1481.0,1481.0,0.0,0.0,,dollar_price:1481
2021-05-05,baghdad_kifah,2,2,1481.25,1481.25,1481.0,1481.5,0.5,0.034,,dollar_price:1481|dollariraqi:1481.5
2021-05-05,basra,1,1,1481.0,1481.0,1481.0,1481.0,0.0,0.0,,dollar_price:1481
2021-05-05,erbil,1,1,1482.5,1482.5,1482.5,1482.5,0.0,0.0,,dollar_price:1482.5
2021-05-06,baghdad_kifah,2,2,1483.75,1483.75,1483.5,1484.0,0.5,0.034,,dollar_price:1484|dollariraqi:1483.5
2021-05-09,baghdad_kifah,2,2,1483.5,1483.5,1483.5,1483.5,0.0,0.0,,dollar_price:1483.5|dollariraqi:1483.5
2021-05-10,amarah,2,2,1484.0,1484.0,1484.0,1484.0,0.0,0.0,,dollar_price:1484|dollariraqi:1484
2021-05-10,baghdad_kifah,2,2,1482.0,1482.0,1482.0,1482.0,0.0,0.0,,dollar_price:1482|dollariraqi:1482
2021-05-10,basra,2,2,1482.5,1482.5,1482.5,1482.5,0.0,0.0,,dollar_price:1482.5|dollariraqi:1482.5
2021-05-10,erbil,2,2,1486.0,1486.0,1486.0,1486.0,0.0,0.0,,dollar_price:1486|dollariraqi:1486
2021-05-11,baghdad_kifah,2,2,1483.0,1483.0,1483.0,1483.0,0.0,0.0,,dollar_price:1483|dollariraqi:1483
2021-05-11,basra,2,2,1483.0,1483.0,1483.0,1483.0,0.0,0.0,,dollar_price:1483|dollariraqi:1483
2021-05-11,erbil,2,2,1486.0,1486.0,1486.0,1486.0,0.0,0.0,,dollar_price:1486|dollariraqi:1486
2021-05-17,babil,1,1,1486.0,1486.0,1486.0,1486.0,0.0,0.0,,dollar_price:1486
2021-05-17,baghdad_kifah,1,1,1485.0,1485.0,1485.0,1485.0,0.0,0.0,,dollar_price:1485
2021-05-17,basra,1,1,1486.0,1486.0,1486.0,1486.0,0.0,0.0,,dollar_price:1486
2021-05-17,erbil,1,1,1485.5,1485.5,1485.5,1485.5,0.0,0.0,,dollar_price:1485.5
2021-05-18,baghdad_kifah,2,2,1486.0,1486.0,1486.0,1486.0,0.0,0.0,,dollar_price:1486|dollariraqi:1486
2021-05-18,basra,2,2,1486.0,1486.0,1486.0,1486.0,0.0,0.0,,dollar_price:1486|dollariraqi:1486
2021-05-18,erbil,2,2,1486.0,1486.0,1486.0,1486.0,0.0,0.0,,dollar_price:1486|dollariraqi:1486
2021-05-19,baghdad_kifah,2,2,1486.5,1486.75,1486.5,1487.0,0.5,0.034,,dollar_price:1486.5|dollariraqi:1487
2021-05-19,basra,2,2,1488.0,1488.0,1488.0,1488.0,0.0,0.0,,dollar_price:1488|dollariraqi:1488
2021-05-19,erbil,2,2,1488.0,1488.0,1488.0,1488.0,0.0,0.0,,dollar_price:1488|dollariraqi:1488
2021-05-20,baghdad_kifah,2,2,1487.0,1487.0,1487.0,1487.0,0.0,0.0,,dollar_price:1487|dollariraqi:1487
2021-05-20,basra,2,2,1488.5,1488.5,1488.5,1488.5,0.0,0.0,,dollar_price:1488.5|dollariraqi:1488.5
2021-05-20,erbil,2,2,1489.25,1489.25,1489.25,1489.25,0.0,0.0,,dollar_price:1489.25|dollariraqi:1489.25
2021-05-24,baghdad_kifah,2,2,1488.5,1488.5,1488.5,1488.5,0.0,0.0,,dollar_price:1488.5|dollariraqi:1488.5
2021-05-24,basra,2,2,1489.5,1489.5,1489.5,1489.5,0.0,0.0,,dollar_price:1489.5|dollariraqi:1489.5
2021-05-24,erbil,2,2,1489.25,1489.25,1489.25,1489.25,0.0,0.0,,dollar_price:1489.25|dollariraqi:1489.25
2021-05-25,baghdad_kifah,2,2,1488.5,1489.75,1488.5,1491.0,2.5,0.168,,dollar_price:1488.5|dollariraqi:1491
2021-05-25,basra,2,2,1490.0,1490.0,1490.0,1490.0,0.0,0.0,,dollar_price:1490|dollariraqi:1490
2021-05-25,erbil,2,2,1490.5,1490.5,1490.5,1490.5,0.0,0.0,,dollar_price:1490.5|dollariraqi:1490.5
2021-05-26,baghdad_kifah,2,2,1491.5,1491.5,1491.5,1491.5,0.0,0.0,,dollar_price:1491.5|dollariraqi:1491.5
2021-05-26,basra,2,2,1492.5,1492.5,1492.5,1492.5,0.0,0.0,,dollar_price:1492.5|dollariraqi:1492.5
2021-05-26,erbil,2,2,1490.75,1490.75,1490.75,1490.75,0.0,0.0,,dollar_price:1490.75|dollariraqi:1490.75
2021-05-27,baghdad_kifah,2,2,1495.0,1494.0,1493.0,1495.0,2.0,0.134,,dollar_price:1495|dollariraqi:1493
2021-05-27,basra,2,2,1496.0,1496.0,1496.0,1496.0,0.0,0.0,,dollar_price:1496|dollariraqi:1496
2021-05-27,erbil,2,2,1493.5,1493.5,1493.5,1493.5,0.0,0.0,,dollar_price:1493.5|dollariraqi:1493.5
2021-05-30,baghdad_kifah,2,2,1492.0,1492.0,1492.0,1492.0,0.0,0.0,,dollar_price:1492|dollariraqi:1492
2021-05-30,basra,2,2,1493.75,1493.75,1492.5,1495.0,2.5,0.167,,dollar_price:1492.5|dollariraqi:1495
2021-05-30,erbil,2,2,1491.5,1491.5,1491.5,1491.5,0.0,0.0,,dollar_price:1491.5|dollariraqi:1491.5
2021-05-30,nasiriyah,2,2,1493.5,1493.5,1493.5,1493.5,0.0,0.0,,dollar_price:1493.5|dollariraqi:1493.5
2021-05-31,baghdad_kifah,2,2,1492.75,1492.75,1492.5,1493.0,0.5,0.033,,dollar_price:1493|dollariraqi:1492.5
2021-05-31,basra,2,2,1494.0,1494.0,1494.0,1494.0,0.0,0.0,,dollar_price:1494|dollariraqi:1494
2021-05-31,erbil,2,2,1492.13,1492.13,1492.0,1492.25,0.25,0.017,,dollar_price:1492.25|dollariraqi:1492
2021-06-01,baghdad_kifah,2,2,1494.5,1494.5,1494.5,1494.5,0.0,0.0,,dollar_price:1494.5|dollariraqi:1494.5
2021-06-01,basra,2,2,1496.0,1496.0,1496.0,1496.0,0.0,0.0,,dollar_price:1496|dollariraqi:1496
2021-06-01,erbil,2,2,1496.0,1496.0,1496.0,1496.0,0.0,0.0,,dollar_price:1496|dollariraqi:1496
2021-06-02,baghdad_kifah,2,2,1495.0,1495.0,1495.0,1495.0,0.0,0.0,,dollar_price:1495|dollariraqi:1495
2021-06-02,basra,2,2,1497.75,1497.75,1495.5,1500.0,4.5,0.3,,dollar_price:1495.5|dollariraqi:1500
2021-06-02,erbil,2,2,1495.5,1495.5,1495.0,1496.0,1.0,0.067,,dollar_price:1496|dollariraqi:1495
2021-06-03,baghdad_kifah,1,1,1491.5,1491.5,1491.5,1491.5,0.0,0.0,,dollariraqi:1491.5
2021-06-03,basra,1,1,1493.0,1493.0,1493.0,1493.0,0.0,0.0,,dollariraqi:1493
2021-06-03,erbil,1,1,1493.25,1493.25,1493.25,1493.25,0.0,0.0,,dollariraqi:1493.25
2021-06-06,baghdad_generic,1,1,1499.0,1499.0,1499.0,1499.0,0.0,0.0,,dollariraqi:1499
2021-06-06,baghdad_kifah,1,1,1496.0,1496.0,1496.0,1496.0,0.0,0.0,,dollariraqi:1496
2021-06-06,basra,1,1,1495.5,1495.5,1495.5,1495.5,0.0,0.0,,dollariraqi:1495.5
2021-06-06,erbil,1,1,1498.0,1498.0,1498.0,1498.0,0.0,0.0,,dollariraqi:1498
2021-06-07,baghdad_kifah,2,2,1499.0,1499.0,1499.0,1499.0,0.0,0.0,,dollar_price:1499|dollariraqi:1499
2021-06-07,basra,2,2,1498.5,1498.5,1498.5,1498.5,0.0,0.0,,dollar_price:1498.5|dollariraqi:1498.5
2021-06-07,erbil,2,2,1500.0,1500.0,1500.0,1500.0,0.0,0.0,,dollar_price:1500|dollariraqi:1500
2021-06-08,baghdad_generic,1,1,1495.0,1495.0,1495.0,1495.0,0.0,0.0,,dollariraqi:1495
2021-06-09,baghdad_kifah,2,2,1500.0,1501.0,1500.0,1502.0,2.0,0.133,,dollar_price:1500|dollariraqi:1502
2021-06-10,baghdad_generic,1,1,1503.5,1503.5,1503.5,1503.5,0.0,0.0,,dollariraqi:1503.5
2021-06-10,baghdad_kifah,2,2,1503.0,1503.0,1503.0,1503.0,0.0,0.0,,dollar_price:1503|dollariraqi:1503
2021-06-10,basra,2,2,1503.0,1503.0,1503.0,1503.0,0.0,0.0,,dollar_price:1503|dollariraqi:1503
2021-06-10,erbil,2,2,1505.5,1505.5,1505.5,1505.5,0.0,0.0,,dollar_price:1505.5|dollariraqi:1505.5
2021-06-13,amarah,1,1,1502.5,1502.5,1502.5,1502.5,0.0,0.0,,dollar_price:1502.5
2021-06-13,baghdad_kifah,2,2,1501.0,1501.0,1501.0,1501.0,0.0,0.0,,dollar_price:1501|dollariraqi:1501
2021-06-13,basra,2,2,1502.0,1502.0,1502.0,1502.0,0.0,0.0,,dollar_price:1502|dollariraqi:1502
2021-06-13,erbil,2,2,1502.25,1502.25,1502.25,1502.25,0.0,0.0,,dollar_price:1502.25|dollariraqi:1502.25
2021-06-14,baghdad_kifah,2,2,1502.0,1499.5,1497.0,1502.0,5.0,0.333,,dollar_price:1502|dollariraqi:1497
2021-06-14,basra,2,2,1503.0,1503.0,1503.0,1503.0,0.0,0.0,,dollar_price:1503|dollariraqi:1503
2021-06-14,erbil,2,2,1503.25,1503.25,1503.25,1503.25,0.0,0.0,,dollar_price:1503.25|dollariraqi:1503.25
2021-06-15,baghdad_kifah,2,2,1495.5,1494.25,1493.0,1495.5,2.5,0.167,,dollar_price:1495.5|dollariraqi:1493
2021-06-15,basra,2,2,1496.5,1496.5,1496.5,1496.5,0.0,0.0,,dollar_price:1496.5|dollariraqi:1496.5
2021-06-15,erbil,2,2,1496.5,1496.5,1496.5,1496.5,0.0,0.0,,dollar_price:1496.5|dollariraqi:1496.5
2021-06-16,baghdad_generic,1,1,1483.0,1483.0,1483.0,1483.0,0.0,0.0,,dollariraqi:1483
2021-06-16,baghdad_kifah,2,2,1492.0,1489.5,1487.0,1492.0,5.0,0.336,,dollar_price:1492|dollariraqi:1487
2021-06-16,basra,2,2,1492.5,1492.5,1492.5,1492.5,0.0,0.0,,dollar_price:1492.5|dollariraqi:1492.5
2021-06-16,erbil,2,2,1493.0,1493.0,1493.0,1493.0,0.0,0.0,,dollar_price:1493|dollariraqi:1493
2021-06-17,baghdad_kifah,2,2,1486.0,1485.5,1485.0,1486.0,1.0,0.067,,dollar_price:1486|dollariraqi:1485
2021-06-17,basra,2,2,1489.0,1489.0,1489.0,1489.0,0.0,0.0,,dollar_price:1489|dollariraqi:1489
2021-06-17,erbil,2,2,1488.0,1488.0,1488.0,1488.0,0.0,0.0,,dollar_price:1488|dollariraqi:1488
2021-06-20,baghdad_generic,1,1,1483.5,1483.5,1483.5,1483.5,0.0,0.0,,dollariraqi:1483.5
2021-06-20,baghdad_harithiya,1,1,1484.5,1484.5,1484.5,1484.5,0.0,0.0,,dollariraqi:1484.5
2021-06-20,baghdad_kifah,1,1,1484.5,1484.0,1484.0,1484.0,0.0,0.0,,dollariraqi:1484
2021-06-20,basra,1,1,1485.5,1485.5,1485.5,1485.5,0.0,0.0,,dollariraqi:1485.5
2021-06-20,erbil,1,1,1485.5,1485.5,1485.5,1485.5,0.0,0.0,,dollariraqi:1485.5
2021-06-21,amarah,2,2,1486.5,1486.5,1486.5,1486.5,0.0,0.0,,dollar_price:1486.5|dollariraqi:1486.5
2021-06-21,baghdad_kifah,2,2,1484.0,1482.0,1480.0,1484.0,4.0,0.27,,dollar_price:1484|dollariraqi:1480
2021-06-21,basra,2,2,1486.0,1486.0,1486.0,1486.0,0.0,0.0,,dollar_price:1486|dollariraqi:1486
2021-06-21,erbil,2,2,1485.5,1485.5,1485.5,1485.5,0.0,0.0,,dollar_price:1485.5|dollariraqi:1485.5
2021-06-22,baghdad_kifah,2,2,1478.0,1476.5,1475.0,1478.0,3.0,0.203,,dollar_price:1478|dollariraqi:1475
2021-06-22,basra,2,2,1481.0,1481.0,1481.0,1481.0,0.0,0.0,,dollar_price:1481|dollariraqi:1481
2021-06-22,erbil,2,2,1479.5,1479.5,1479.5,1479.5,0.0,0.0,,dollar_price:1479.5|dollariraqi:1479.5
2021-06-23,baghdad_kifah,2,2,1475.5,1475.5,1475.5,1475.5,0.0,0.0,,dollar_price:1475.5|dollariraqi:1475.5
2021-06-23,basra,2,2,1477.0,1477.0,1477.0,1477.0,0.0,0.0,,dollar_price:1477|dollariraqi:1477
2021-06-23,erbil,2,2,1477.5,1477.5,1477.5,1477.5,0.0,0.0,,dollar_price:1477.5|dollariraqi:1477.5
2021-06-24,baghdad_kifah,2,2,1473.0,1473.0,1473.0,1473.0,0.0,0.0,,dollar_price:1473|dollariraqi:1473
2021-06-24,basra,2,2,1475.0,1475.0,1475.0,1475.0,0.0,0.0,,dollar_price:1475|dollariraqi:1475
2021-06-24,erbil,2,2,1476.5,1476.5,1476.5,1476.5,0.0,0.0,,dollar_price:1476.5|dollariraqi:1476.5
2021-06-27,baghdad_kifah,2,2,1473.5,1473.25,1473.0,1473.5,0.5,0.034,,dollar_price:1473.5|dollariraqi:1473
2021-06-27,basra,2,2,1475.0,1475.0,1475.0,1475.0,0.0,0.0,,dollar_price:1475|dollariraqi:1475
2021-06-27,erbil,2,2,1475.25,1475.25,1475.25,1475.25,0.0,0.0,,dollar_price:1475.25|dollariraqi:1475.25
2021-06-27,ramadi,2,2,1475.0,1475.0,1475.0,1475.0,0.0,0.0,,dollar_price:1475|dollariraqi:1475
2021-06-27,samarra,2,2,1476.0,1476.0,1476.0,1476.0,0.0,0.0,,dollar_price:1476|dollariraqi:1476
2021-06-27,samawah,2,2,1475.0,1475.0,1475.0,1475.0,0.0,0.0,,dollar_price:1475|dollariraqi:1475
2021-06-27,tikrit,1,1,1476.0,1476.0,1476.0,1476.0,0.0,0.0,,dollar_price:1476
2021-06-28,baghdad_generic,1,1,1465.0,1465.0,1465.0,1465.0,0.0,0.0,,dollar_price:1465
2021-06-28,baghdad_kifah,2,2,1470.25,1470.25,1469.5,1471.0,1.5,0.102,,dollar_price:1469.5|dollariraqi:1471
2021-06-29,amarah,2,2,1471.0,1471.0,1471.0,1471.0,0.0,0.0,,dollar_price:1471|dollariraqi:1471
2021-06-29,baghdad_kifah,2,2,1468.5,1468.5,1468.5,1468.5,0.0,0.0,,dollar_price:1468.5|dollariraqi:1468.5
2021-06-29,basra,2,2,1470.0,1470.0,1470.0,1470.0,0.0,0.0,,dollar_price:1470|dollariraqi:1470
2021-06-29,erbil,2,2,1471.0,1471.0,1471.0,1471.0,0.0,0.0,,dollar_price:1471|dollariraqi:1471
2021-06-29,nasiriyah,2,2,1469.5,1469.5,1469.5,1469.5,0.0,0.0,,dollar_price:1469.5|dollariraqi:1469.5
2021-06-30,baghdad_kifah,2,2,1469.75,1469.75,1469.5,1470.0,0.5,0.034,,dollar_price:1470|dollariraqi:1469.5
2021-06-30,basra,2,2,1471.0,1471.0,1471.0,1471.0,0.0,0.0,,dollar_price:1471|dollariraqi:1471
2021-06-30,erbil,2,2,1473.5,1473.5,1473.5,1473.5,0.0,0.0,,dollar_price:1473.5|dollariraqi:1473.5
2021-07-01,baghdad_generic,1,1,1470.5,1470.5,1470.5,1470.5,0.0,0.0,,dollariraqi:1470.5
2021-07-01,baghdad_harithiya,1,1,1470.5,1470.5,1470.5,1470.5,0.0,0.0,,dollariraqi:1470.5
2021-07-01,baghdad_kifah,2,2,1472.5,1471.5,1470.5,1472.5,2.0,0.136,,dollar_price:1472.5|dollariraqi:1470.5
2021-07-01,basra,2,2,1473.0,1472.5,1472.0,1473.0,1.0,0.068,,dollar_price:1473|dollariraqi:1472
2021-07-01,erbil,2,2,1475.0,1475.0,1475.0,1475.0,0.0,0.0,,dollar_price:1475|dollariraqi:1475
2021-07-05,baghdad_kifah,2,2,1471.75,1471.75,1471.5,1472.0,0.5,0.034,,dollar_price:1472|dollariraqi:1471.5
2021-07-05,basra,2,2,1472.5,1472.5,1472.5,1472.5,0.0,0.0,,dollar_price:1472.5|dollariraqi:1472.5
2021-07-05,erbil,2,2,1472.5,1472.5,1472.5,1472.5,0.0,0.0,,dollar_price:1472.5|dollariraqi:1472.5
2021-07-06,baghdad_kifah,2,2,1471.0,1471.0,1471.0,1471.0,0.0,0.0,,dollar_price:1471|dollariraqi:1471
2021-07-06,basra,2,2,1471.5,1471.5,1471.5,1471.5,0.0,0.0,,dollar_price:1471.5|dollariraqi:1471.5
2021-07-06,erbil,2,2,1471.25,1471.25,1471.25,1471.25,0.0,0.0,,dollar_price:1471.25|dollariraqi:1471.25
2021-07-07,babil,2,2,1472.0,1472.0,1472.0,1472.0,0.0,0.0,,dollar_price:1472|dollariraqi:1472
2021-07-07,baghdad_generic,1,1,1465.0,1465.0,1465.0,1465.0,0.0,0.0,,dollariraqi:1465
2021-07-07,baghdad_kifah,2,2,1470.5,1470.5,1470.0,1471.0,1.0,0.068,,dollar_price:1471|dollariraqi:1470
2021-07-07,basra,2,2,1472.5,1472.5,1472.5,1472.5,0.0,0.0,,dollar_price:1472.5|dollariraqi:1472.5
2021-07-07,erbil,2,2,1472.5,1472.5,1472.5,1472.5,0.0,0.0,,dollar_price:1472.5|dollariraqi:1472.5
2021-07-07,rutba,2,2,1475.0,1475.0,1475.0,1475.0,0.0,0.0,,dollar_price:1475|dollariraqi:1475
2021-07-07,samarra,2,2,1473.0,1473.0,1473.0,1473.0,0.0,0.0,,dollar_price:1473|dollariraqi:1473
2021-07-08,baghdad_generic,1,1,1473.5,1473.5,1473.5,1473.5,0.0,0.0,,dollariraqi:1473.5
2021-07-08,baghdad_kifah,2,2,1472.0,1472.0,1472.0,1472.0,0.0,0.0,,dollar_price:1472|dollariraqi:1472
2021-07-08,basra,2,2,1472.5,1472.5,1472.5,1472.5,0.0,0.0,,dollar_price:1472.5|dollariraqi:1472.5
2021-07-08,erbil,2,2,1475.5,1475.5,1475.5,1475.5,0.0,0.0,,dollar_price:1475.5|dollariraqi:1475.5
2021-07-11,baghdad_generic,2,2,1470.0,1470.0,1470.0,1470.0,0.0,0.0,,dollar_price:1470|dollariraqi:1470
2021-07-11,baghdad_kifah,2,2,1476.75,1476.75,1476.5,1477.0,0.5,0.034,,dollar_price:1477|dollariraqi:1476.5
2021-07-11,basra,2,2,1477.5,1477.5,1477.5,1477.5,0.0,0.0,,dollar_price:1477.5|dollariraqi:1477.5
2021-07-11,erbil,2,2,1477.75,1477.75,1477.75,1477.75,0.0,0.0,,dollar_price:1477.75|dollariraqi:1477.75
2021-07-12,baghdad_generic,2,2,1475.0,1475.0,1475.0,1475.0,0.0,0.0,,dollar_price:1475|dollariraqi:1475
2021-07-12,baghdad_kifah,2,2,1480.0,1480.0,1480.0,1480.0,0.0,0.0,,dollar_price:1480|dollariraqi:1480
2021-07-12,basra,2,2,1481.5,1481.5,1481.5,1481.5,0.0,0.0,,dollar_price:1481.5|dollariraqi:1481.5
2021-07-12,erbil,2,2,1482.5,1482.5,1482.5,1482.5,0.0,0.0,,dollar_price:1482.5|dollariraqi:1482.5
2021-07-13,baghdad_generic,2,2,1472.5,1472.5,1472.5,1472.5,0.0,0.0,,dollar_price:1472.5|dollariraqi:1472.5
2021-07-13,baghdad_kifah,2,2,1478.25,1478.25,1478.0,1478.5,0.5,0.034,,dollar_price:1478|dollariraqi:1478.5
2021-07-13,basra,2,2,1480.0,1480.0,1480.0,1480.0,0.0,0.0,,dollar_price:1480|dollariraqi:1480
2021-07-13,erbil,2,2,1478.5,1478.5,1477.5,1479.5,2.0,0.135,,dollar_price:1477.5|dollariraqi:1479.5
2021-07-13,samawah,1,1,1480.0,1480.0,1480.0,1480.0,0.0,0.0,,dollar_price:1480
2021-07-14,baghdad_generic,2,2,1472.5,1472.5,1472.5,1472.5,0.0,0.0,,dollar_price:1472.5|dollariraqi:1472.5
2021-07-14,baghdad_kifah,2,2,1478.5,1478.5,1478.5,1478.5,0.0,0.0,,dollar_price:1478.5|dollariraqi:1478.5
2021-07-14,basra,2,2,1481.0,1481.0,1481.0,1481.0,0.0,0.0,,dollar_price:1481|dollariraqi:1481
2021-07-14,erbil,2,2,1477.0,1477.0,1477.0,1477.0,0.0,0.0,,dollar_price:1477|dollariraqi:1477
2021-07-15,baghdad_generic,2,2,1472.5,1472.5,1472.5,1472.5,0.0,0.0,,dollar_price:1472.5|dollariraqi:1472.5
2021-07-15,baghdad_kifah,2,2,1478.0,1478.0,1478.0,1478.0,0.0,0.0,,dollar_price:1478|dollariraqi:1478
2021-07-15,basra,2,2,1480.0,1480.0,1480.0,1480.0,0.0,0.0,,dollar_price:1480|dollariraqi:1480
2021-07-15,erbil,2,2,1475.0,1475.0,1475.0,1475.0,0.0,0.0,,dollar_price:1475|dollariraqi:1475
2021-07-18,baghdad_generic,2,2,1477.5,1477.5,1477.5,1477.5,0.0,0.0,,dollar_price:1477.5|dollariraqi:1477.5
2021-07-18,baghdad_kifah,2,2,1482.5,1482.5,1482.5,1482.5,0.0,0.0,,dollar_price:1482.5|dollariraqi:1482.5
2021-07-18,basra,2,2,1483.0,1483.0,1483.0,1483.0,0.0,0.0,,dollar_price:1483|dollariraqi:1483
2021-07-18,erbil,2,2,1481.5,1481.5,1481.5,1481.5,0.0,0.0,,dollar_price:1481.5|dollariraqi:1481.5
2021-07-19,baghdad_generic,2,2,1477.5,1477.5,1477.5,1477.5,0.0,0.0,,dollar_price:1477.5|dollariraqi:1477.5
2021-07-19,baghdad_kifah,2,2,1482.5,1482.5,1482.5,1482.5,0.0,0.0,,dollar_price:1482.5|dollariraqi:1482.5
2021-07-19,basra,2,2,1482.5,1482.5,1482.5,1482.5,0.0,0.0,,dollar_price:1482.5|dollariraqi:1482.5
2021-07-19,erbil,2,2,1481.0,1481.0,1481.0,1481.0,0.0,0.0,,dollar_price:1481|dollariraqi:1481
2021-07-25,amarah,2,2,1483.0,1483.0,1483.0,1483.0,0.0,0.0,,dollar_price:1483|dollariraqi:1483
2021-07-25,baghdad_generic,2,2,1475.0,1472.5,1470.0,1475.0,5.0,0.34,,dollar_price:1475|dollariraqi:1470
2021-07-25,baghdad_kifah,2,2,1481.0,1478.0,1475.0,1481.0,6.0,0.406,,dollar_price:1481|dollariraqi:1475
2021-07-25,basra,2,2,1482.0,1482.0,1482.0,1482.0,0.0,0.0,,dollar_price:1482|dollariraqi:1482
2021-07-25,erbil,2,2,1480.5,1480.5,1480.5,1480.5,0.0,0.0,,dollar_price:1480.5|dollariraqi:1480.5
2021-07-26,baghdad_generic,2,2,1470.0,1470.0,1470.0,1470.0,0.0,0.0,,dollar_price:1470|dollariraqi:1470
2021-07-26,baghdad_kifah,2,2,1474.5,1474.5,1474.5,1474.5,0.0,0.0,,dollar_price:1474.5|dollariraqi:1474.5
2021-07-27,baghdad_generic,2,2,1472.5,1472.5,1472.5,1472.5,0.0,0.0,,dollar_price:1472.5|dollariraqi:1472.5
2021-07-27,baghdad_kifah,2,2,1477.5,1477.5,1477.5,1477.5,0.0,0.0,,dollar_price:1477.5|dollariraqi:1477.5
2021-07-28,baghdad_generic,2,2,1472.5,1472.5,1472.5,1472.5,0.0,0.0,,dollar_price:1472.5|dollariraqi:1472.5
2021-07-28,baghdad_kifah,2,2,1477.25,1477.25,1477.25,1477.25,0.0,0.0,,dollar_price:1477.25|dollariraqi:1477.25
2021-08-01,baghdad_generic,2,2,1472.5,1472.5,1472.5,1472.5,0.0,0.0,,dollar_price:1472.5|dollariraqi:1472.5
2021-08-01,baghdad_kifah,2,2,1477.0,1477.0,1477.0,1477.0,0.0,0.0,,dollar_price:1477|dollariraqi:1477
2021-08-01,basra,2,2,1478.5,1478.5,1478.5,1478.5,0.0,0.0,,dollar_price:1478.5|dollariraqi:1478.5
2021-08-01,erbil,2,2,1479.0,1479.0,1479.0,1479.0,0.0,0.0,,dollar_price:1479|dollariraqi:1479
2021-08-02,baghdad_generic,2,2,1472.5,1473.75,1472.5,1475.0,2.5,0.17,,dollar_price:1472.5|dollariraqi:1475
2021-08-02,baghdad_kifah,2,2,1478.5,1478.75,1478.5,1479.0,0.5,0.034,,dollar_price:1478.5|dollariraqi:1479
2021-08-02,basra,2,2,1480.0,1480.0,1480.0,1480.0,0.0,0.0,,dollar_price:1480|dollariraqi:1480
2021-08-02,erbil,2,2,1481.0,1481.0,1481.0,1481.0,0.0,0.0,,dollar_price:1481|dollariraqi:1481
2021-08-03,baghdad_generic,2,2,1472.5,1472.5,1472.5,1472.5,0.0,0.0,,dollar_price:1472.5|dollariraqi:1472.5
2021-08-03,baghdad_kifah,2,2,1478.5,1478.5,1478.5,1478.5,0.0,0.0,,dollar_price:1478.5|dollariraqi:1478.5
2021-08-03,basra,2,2,1479.75,1479.75,1479.5,1480.0,0.5,0.034,,dollar_price:1480|dollariraqi:1479.5
2021-08-03,erbil,2,2,1481.0,1481.0,1481.0,1481.0,0.0,0.0,,dollar_price:1481|dollariraqi:1481
2021-08-04,baghdad_generic,2,2,1472.5,1472.5,1472.5,1472.5,0.0,0.0,,dollar_price:1472.5|dollariraqi:1472.5
2021-08-04,baghdad_kifah,2,2,1478.0,1478.0,1478.0,1478.0,0.0,0.0,,dollar_price:1478|dollariraqi:1478
2021-08-04,basra,2,2,1479.0,1479.0,1479.0,1479.0,0.0,0.0,,dollar_price:1479|dollariraqi:1479
2021-08-04,erbil,2,2,1480.5,1480.5,1480.5,1480.5,0.0,0.0,,dollar_price:1480.5|dollariraqi:1480.5
2021-08-05,baghdad_generic,2,2,1472.5,1472.5,1472.5,1472.5,0.0,0.0,,dollar_price:1472.5|dollariraqi:1472.5
2021-08-05,baghdad_kifah,2,2,1478.0,1478.0,1478.0,1478.0,0.0,0.0,,dollar_price:1478|dollariraqi:1478
2021-08-05,basra,2,2,1478.0,1478.0,1478.0,1478.0,0.0,0.0,,dollar_price:1478|dollariraqi:1478
2021-08-05,erbil,2,2,1480.25,1480.25,1480.25,1480.25,0.0,0.0,,dollar_price:1480.25|dollariraqi:1480.25
2021-08-08,baghdad_generic,2,2,1475.0,1475.0,1475.0,1475.0,0.0,0.0,,dollar_price:1475|dollariraqi:1475
2021-08-08,baghdad_kifah,2,2,1479.5,1479.5,1479.5,1479.5,0.0,0.0,,dollar_price:1479.5|dollariraqi:1479.5
2021-08-08,basra,2,2,1480.0,1480.0,1480.0,1480.0,0.0,0.0,,dollar_price:1480|dollariraqi:1480
2021-08-08,erbil,2,2,1481.0,1481.0,1481.0,1481.0,0.0,0.0,,dollar_price:1481|dollariraqi:1481
2021-08-08,samawah,2,2,1480.0,1480.0,1480.0,1480.0,0.0,0.0,,dollar_price:1480|dollariraqi:1480
2021-08-09,amarah,2,2,1481.0,1481.0,1481.0,1481.0,0.0,0.0,,dollar_price:1481|dollariraqi:1481
2021-08-09,baghdad_generic,2,2,1475.0,1475.0,1475.0,1475.0,0.0,0.0,,dollar_price:1475|dollariraqi:1475
2021-08-09,baghdad_kifah,2,2,1479.5,1479.5,1479.5,1479.5,0.0,0.0,,dollar_price:1479.5|dollariraqi:1479.5
2021-08-09,basra,2,2,1481.0,1481.0,1481.0,1481.0,0.0,0.0,,dollar_price:1481|dollariraqi:1481
2021-08-09,erbil,2,2,1480.75,1480.75,1480.75,1480.75,0.0,0.0,,dollar_price:1480.75|dollariraqi:1480.75
2021-08-10,baghdad_generic,2,2,1472.5,1472.5,1472.5,1472.5,0.0,0.0,,dollar_price:1472.5|dollariraqi:1472.5
2021-08-10,baghdad_kifah,2,2,1478.5,1478.5,1478.5,1478.5,0.0,0.0,,dollar_price:1478.5|dollariraqi:1478.5
2021-08-10,basra,2,2,1480.0,1480.0,1480.0,1480.0,0.0,0.0,,dollar_price:1480|dollariraqi:1480
2021-08-10,erbil,2,2,1478.5,1478.5,1478.5,1478.5,0.0,0.0,,dollar_price:1478.5|dollariraqi:1478.5
2021-08-11,amarah,1,1,1480.0,1480.0,1480.0,1480.0,0.0,0.0,,dollar_price:1480
2021-08-11,baghdad_generic,2,2,1472.5,1472.5,1472.5,1472.5,0.0,0.0,,dollar_price:1472.5|dollariraqi:1472.5
2021-08-11,baghdad_kifah,2,2,1478.5,1478.5,1478.5,1478.5,0.0,0.0,,dollar_price:1478.5|dollariraqi:1478.5
2021-08-11,basra,2,2,1479.5,1479.5,1479.5,1479.5,0.0,0.0,,dollar_price:1479.5|dollariraqi:1479.5
2021-08-11,erbil,2,2,1479.0,1479.0,1479.0,1479.0,0.0,0.0,,dollar_price:1479|dollariraqi:1479
2021-08-12,baghdad_generic,1,1,1475.0,1475.0,1475.0,1475.0,0.0,0.0,,dollariraqi:1475
2021-08-12,baghdad_kifah,1,1,1479.5,1479.5,1479.5,1479.5,0.0,0.0,,dollariraqi:1479.5
2021-08-12,basra,1,1,1481.0,1481.0,1481.0,1481.0,0.0,0.0,,dollariraqi:1481
2021-08-12,erbil,1,1,1481.0,1481.0,1481.0,1481.0,0.0,0.0,,dollariraqi:1481
2021-08-15,baghdad_generic,2,2,1475.0,1475.0,1475.0,1475.0,0.0,0.0,,dollar_price:1475|dollariraqi:1475
2021-08-15,baghdad_kifah,2,2,1479.38,1479.38,1479.25,1479.5,0.25,0.017,,dollar_price:1479.25|dollariraqi:1479.5
2021-08-15,basra,2,2,1481.0,1481.0,1481.0,1481.0,0.0,0.0,,dollar_price:1481|dollariraqi:1481
2021-08-15,erbil,2,2,1480.63,1480.63,1480.5,1480.75,0.25,0.017,,dollar_price:1480.5|dollariraqi:1480.75
2021-08-16,baghdad_generic,1,1,1475.0,1475.0,1475.0,1475.0,0.0,0.0,,dollariraqi:1475
2021-08-16,baghdad_kifah,1,1,1479.5,1479.5,1479.5,1479.5,0.0,0.0,,dollariraqi:1479.5
2021-08-17,baghdad_generic,2,2,1472.5,1472.5,1472.5,1472.5,0.0,0.0,,dollar_price:1472.5|dollariraqi:1472.5
2021-08-17,baghdad_kifah,2,2,1477.5,1477.5,1477.5,1477.5,0.0,0.0,,dollar_price:1477.5|dollariraqi:1477.5
2021-08-17,basra,2,2,1479.5,1479.5,1479.5,1479.5,0.0,0.0,,dollar_price:1479.5|dollariraqi:1479.5
2021-08-17,erbil,2,2,1479.38,1479.38,1479.25,1479.5,0.25,0.017,,dollar_price:1479.25|dollariraqi:1479.5
2021-08-18,baghdad_generic,2,2,1472.5,1472.5,1472.5,1472.5,0.0,0.0,,dollar_price:1472.5|dollariraqi:1472.5
2021-08-18,baghdad_kifah,2,2,1478.0,1478.0,1478.0,1478.0,0.0,0.0,,dollar_price:1478|dollariraqi:1478
2021-08-18,basra,2,2,1480.0,1480.0,1480.0,1480.0,0.0,0.0,,dollar_price:1480|dollariraqi:1480
2021-08-18,erbil,2,2,1479.75,1479.75,1479.75,1479.75,0.0,0.0,,dollar_price:1479.75|dollariraqi:1479.75
2021-08-22,baghdad_generic,1,1,1472.5,1472.5,1472.5,1472.5,0.0,0.0,,dollar_price:1472.5
2021-08-22,baghdad_kifah,1,1,1478.5,1478.5,1478.5,1478.5,0.0,0.0,,dollar_price:1478.5
2021-08-22,basra,1,1,1479.0,1479.0,1479.0,1479.0,0.0,0.0,,dollar_price:1479
2021-08-22,erbil,1,1,1479.75,1479.75,1479.75,1479.75,0.0,0.0,,dollar_price:1479.75
2021-08-23,baghdad_generic,2,2,1470.0,1470.0,1470.0,1470.0,0.0,0.0,,dollar_price:1470|dollariraqi:1470
2021-08-23,baghdad_kifah,2,2,1476.5,1476.5,1476.5,1476.5,0.0,0.0,,dollar_price:1476.5|dollariraqi:1476.5
2021-08-23,basra,2,2,1478.5,1478.5,1478.5,1478.5,0.0,0.0,,dollar_price:1478.5|dollariraqi:1478.5
2021-08-23,erbil,2,2,1478.25,1478.25,1478.25,1478.25,0.0,0.0,,dollar_price:1478.25|dollariraqi:1478.25
2021-08-24,baghdad_generic,2,2,1470.0,1470.0,1470.0,1470.0,0.0,0.0,,dollar_price:1470|dollariraqi:1470
2021-08-24,baghdad_kifah,2,2,1474.5,1474.5,1474.5,1474.5,0.0,0.0,,dollar_price:1474.5|dollariraqi:1474.5
2021-08-24,basra,2,2,1476.5,1476.5,1476.5,1476.5,0.0,0.0,,dollar_price:1476.5|dollariraqi:1476.5
2021-08-24,erbil,2,2,1477.25,1477.25,1477.25,1477.25,0.0,0.0,,dollar_price:1477.25|dollariraqi:1477.25
2021-08-25,baghdad_generic,2,2,1470.0,1470.0,1470.0,1470.0,0.0,0.0,,dollar_price:1470|dollariraqi:1470
2021-08-25,baghdad_kifah,2,2,1474.0,1474.0,1474.0,1474.0,0.0,0.0,,dollar_price:1474|dollariraqi:1474
2021-08-25,basra,2,2,1476.0,1476.0,1476.0,1476.0,0.0,0.0,,dollar_price:1476|dollariraqi:1476
2021-08-25,erbil,2,2,1476.0,1476.0,1476.0,1476.0,0.0,0.0,,dollar_price:1476|dollariraqi:1476
2021-08-26,baghdad_generic,2,2,1467.5,1467.5,1467.5,1467.5,0.0,0.0,,dollar_price:1467.5|dollariraqi:1467.5
2021-08-26,baghdad_kifah,2,2,1472.0,1472.0,1472.0,1472.0,0.0,0.0,,dollar_price:1472|dollariraqi:1472
2021-08-26,basra,2,2,1474.0,1474.0,1474.0,1474.0,0.0,0.0,,dollar_price:1474|dollariraqi:1474
2021-08-26,erbil,2,2,1473.75,1473.75,1473.75,1473.75,0.0,0.0,,dollar_price:1473.75|dollariraqi:1473.75
2021-08-29,baghdad_generic,2,2,1470.0,1470.0,1470.0,1470.0,0.0,0.0,,dollar_price:1470|dollariraqi:1470
2021-08-29,baghdad_kifah,2,2,1474.25,1474.25,1474.25,1474.25,0.0,0.0,,dollar_price:1474.25|dollariraqi:1474.25
2021-08-29,basra,2,2,1475.0,1475.0,1475.0,1475.0,0.0,0.0,,dollar_price:1475|dollariraqi:1475
2021-08-29,erbil,2,2,1476.5,1476.5,1476.5,1476.5,0.0,0.0,,dollar_price:1476.5|dollariraqi:1476.5
2021-08-30,baghdad_generic,2,2,1470.0,1470.0,1470.0,1470.0,0.0,0.0,,dollar_price:1470|dollariraqi:1470
2021-08-30,baghdad_kifah,2,2,1474.0,1474.0,1474.0,1474.0,0.0,0.0,,dollar_price:1474|dollariraqi:1474
2021-08-30,basra,2,2,1475.5,1475.5,1475.5,1475.5,0.0,0.0,,dollar_price:1475.5|dollariraqi:1475.5
2021-08-30,erbil,2,2,1475.5,1475.5,1475.5,1475.5,0.0,0.0,,dollar_price:1475.5|dollariraqi:1475.5
2021-08-31,baghdad_generic,2,2,1467.5,1467.5,1467.5,1467.5,0.0,0.0,,dollar_price:1467.5|dollariraqi:1467.5
2021-08-31,baghdad_kifah,2,2,1473.0,1473.0,1473.0,1473.0,0.0,0.0,,dollar_price:1473|dollariraqi:1473
2021-08-31,basra,2,2,1474.0,1474.0,1474.0,1474.0,0.0,0.0,,dollar_price:1474|dollariraqi:1474
2021-08-31,erbil,2,2,1473.75,1473.75,1473.75,1473.75,0.0,0.0,,dollar_price:1473.75|dollariraqi:1473.75
2021-09-01,baghdad_generic,2,2,1467.5,1467.5,1467.5,1467.5,0.0,0.0,,dollar_price:1467.5|dollariraqi:1467.5
2021-09-01,baghdad_kifah,2,2,1472.0,1472.0,1472.0,1472.0,0.0,0.0,,dollar_price:1472|dollariraqi:1472
2021-09-01,basra,2,2,1473.5,1473.5,1473.5,1473.5,0.0,0.0,,dollar_price:1473.5|dollariraqi:1473.5
2021-09-01,erbil,2,2,1473.5,1473.5,1473.5,1473.5,0.0,0.0,,dollar_price:1473.5|dollariraqi:1473.5
2021-09-02,baghdad_generic,2,2,1467.5,1467.5,1467.5,1467.5,0.0,0.0,,dollar_price:1467.5|dollariraqi:1467.5
2021-09-02,baghdad_kifah,2,2,1473.0,1473.0,1473.0,1473.0,0.0,0.0,,dollar_price:1473|dollariraqi:1473
2021-09-02,basra,2,2,1474.0,1474.0,1474.0,1474.0,0.0,0.0,,dollar_price:1474|dollariraqi:1474
2021-09-02,erbil,2,2,1474.5,1474.5,1474.5,1474.5,0.0,0.0,,dollar_price:1474.5|dollariraqi:1474.5
2021-09-05,baghdad_generic,2,2,1470.0,1470.0,1470.0,1470.0,0.0,0.0,,dollar_price:1470|dollariraqi:1470
2021-09-05,baghdad_kifah,2,2,1473.75,1473.75,1473.5,1474.0,0.5,0.034,,dollar_price:1473.5|dollariraqi:1474
2021-09-05,basra,2,2,1473.5,1473.5,1473.5,1473.5,0.0,0.0,,dollar_price:1473.5|dollariraqi:1473.5
2021-09-06,baghdad_generic,2,2,1470.0,1470.0,1470.0,1470.0,0.0,0.0,,dollar_price:1470|dollariraqi:1470
2021-09-06,baghdad_kifah,2,2,1473.5,1473.5,1473.5,1473.5,0.0,0.0,,dollar_price:1473.5|dollariraqi:1473.5
2021-09-06,basra,2,2,1474.0,1474.0,1474.0,1474.0,0.0,0.0,,dollar_price:1474|dollariraqi:1474
2021-09-06,erbil,2,2,1474.75,1474.75,1474.75,1474.75,0.0,0.0,,dollar_price:1474.75|dollariraqi:1474.75
2021-09-07,amarah,1,1,1477.0,1477.0,1477.0,1477.0,0.0,0.0,,dollar_price:1477
2021-09-07,baghdad_generic,1,1,1470.0,1470.0,1470.0,1470.0,0.0,0.0,,dollar_price:1470
2021-09-07,baghdad_kifah,1,1,1476.0,1476.0,1476.0,1476.0,0.0,0.0,,dollar_price:1476
2021-09-07,basra,1,1,1476.0,1476.0,1476.0,1476.0,0.0,0.0,,dollar_price:1476
2021-09-07,erbil,1,1,1478.0,1478.0,1478.0,1478.0,0.0,0.0,,dollar_price:1478
2021-09-08,baghdad_generic,2,2,1470.0,1470.0,1470.0,1470.0,0.0,0.0,,dollar_price:1470|dollariraqi:1470
2021-09-08,baghdad_kifah,2,2,1474.0,1474.0,1474.0,1474.0,0.0,0.0,,dollar_price:1474|dollariraqi:1474
2021-09-08,basra,2,2,1474.5,1474.5,1474.5,1474.5,0.0,0.0,,dollar_price:1474.5|dollariraqi:1474.5
2021-09-08,erbil,2,2,1475.5,1475.5,1475.5,1475.5,0.0,0.0,,dollar_price:1475.5|dollariraqi:1475.5
2021-09-09,baghdad_generic,2,2,1470.0,1470.0,1470.0,1470.0,0.0,0.0,,dollar_price:1470|dollariraqi:1470
2021-09-09,baghdad_kifah,2,2,1474.0,1474.0,1474.0,1474.0,0.0,0.0,,dollar_price:1474|dollariraqi:1474
2021-09-09,basra,2,2,1475.0,1475.0,1475.0,1475.0,0.0,0.0,,dollar_price:1475|dollariraqi:1475
2021-09-09,erbil,2,2,1475.75,1475.75,1475.75,1475.75,0.0,0.0,,dollar_price:1475.75|dollariraqi:1475.75
2021-09-12,baghdad_generic,2,2,1470.0,1470.0,1470.0,1470.0,0.0,0.0,,dollar_price:1470|dollariraqi:1470
2021-09-12,baghdad_kifah,2,2,1475.0,1475.0,1475.0,1475.0,0.0,0.0,,dollar_price:1475|dollariraqi:1475
2021-09-12,basra,2,2,1475.0,1475.0,1475.0,1475.0,0.0,0.0,,dollar_price:1475|dollariraqi:1475
2021-09-12,erbil,2,2,1476.5,1476.5,1476.5,1476.5,0.0,0.0,,dollar_price:1476.5|dollariraqi:1476.5
2021-09-13,baghdad_generic,2,2,1470.0,1470.0,1470.0,1470.0,0.0,0.0,,dollar_price:1470|dollariraqi:1470
2021-09-13,baghdad_kifah,2,2,1475.5,1475.5,1475.5,1475.5,0.0,0.0,,dollar_price:1475.5|dollariraqi:1475.5
2021-09-13,basra,2,2,1475.5,1475.5,1475.5,1475.5,0.0,0.0,,dollar_price:1475.5|dollariraqi:1475.5
2021-09-13,erbil,2,2,1476.5,1476.5,1476.5,1476.5,0.0,0.0,,dollar_price:1476.5|dollariraqi:1476.5
2021-09-14,baghdad_generic,2,2,1470.0,1470.0,1470.0,1470.0,0.0,0.0,,dollar_price:1470|dollariraqi:1470
2021-09-14,baghdad_kifah,2,2,1473.88,1473.88,1473.75,1474.0,0.25,0.017,,dollar_price:1473.75|dollariraqi:1474
2021-09-14,basra,2,2,1474.5,1474.5,1474.5,1474.5,0.0,0.0,,dollar_price:1474.5|dollariraqi:1474.5
2021-09-14,erbil,2,2,1475.63,1475.63,1475.5,1475.75,0.25,0.017,,dollar_price:1475.5|dollariraqi:1475.75
2021-09-15,baghdad_generic,2,2,1470.0,1470.0,1470.0,1470.0,0.0,0.0,,dollar_price:1470|dollariraqi:1470
2021-09-15,baghdad_kifah,2,2,1473.5,1473.5,1473.5,1473.5,0.0,0.0,,dollar_price:1473.5|dollariraqi:1473.5
2021-09-15,basra,2,2,1475.0,1475.0,1475.0,1475.0,0.0,0.0,,dollar_price:1475|dollariraqi:1475
2021-09-15,erbil,2,2,1475.5,1475.5,1475.5,1475.5,0.0,0.0,,dollar_price:1475.5|dollariraqi:1475.5
2021-09-16,baghdad_generic,2,2,1470.0,1470.0,1470.0,1470.0,0.0,0.0,,dollar_price:1470|dollariraqi:1470
2021-09-16,baghdad_kifah,2,2,1474.5,1474.5,1474.5,1474.5,0.0,0.0,,dollar_price:1474.5|dollariraqi:1474.5
2021-09-16,basra,2,2,1475.5,1475.5,1475.5,1475.5,0.0,0.0,,dollar_price:1475.5|dollariraqi:1475.5
2021-09-16,erbil,2,2,1475.5,1475.5,1475.5,1475.5,0.0,0.0,,dollar_price:1475.5|dollariraqi:1475.5
2021-09-19,baghdad_generic,2,2,1470.0,1470.0,1470.0,1470.0,0.0,0.0,,dollar_price:1470|dollariraqi:1470
2021-09-19,baghdad_kifah,2,2,1474.0,1474.0,1474.0,1474.0,0.0,0.0,,dollar_price:1474|dollariraqi:1474
2021-09-19,basra,2,2,1475.0,1475.0,1475.0,1475.0,0.0,0.0,,dollar_price:1475|dollariraqi:1475
2021-09-19,erbil,2,2,1475.0,1475.0,1475.0,1475.0,0.0,0.0,,dollar_price:1475|dollariraqi:1475
2021-09-19,ramadi,2,2,1475.0,1475.0,1475.0,1475.0,0.0,0.0,,dollar_price:1475|dollariraqi:1475
2021-09-20,baghdad_generic,2,2,1467.5,1467.5,1467.5,1467.5,0.0,0.0,,dollar_price:1467.5|dollariraqi:1467.5
2021-09-20,baghdad_kifah,2,2,1472.5,1472.5,1472.5,1472.5,0.0,0.0,,dollar_price:1472.5|dollariraqi:1472.5
2021-09-20,basra,2,2,1474.0,1474.0,1474.0,1474.0,0.0,0.0,,dollar_price:1474|dollariraqi:1474
2021-09-20,erbil,2,2,1474.0,1474.0,1474.0,1474.0,0.0,0.0,,dollar_price:1474|dollariraqi:1474
2021-09-21,baghdad_generic,2,2,1465.0,1465.0,1465.0,1465.0,0.0,0.0,,dollar_price:1465|dollariraqi:1465
2021-09-21,baghdad_kifah,2,2,1471.75,1471.75,1471.75,1471.75,0.0,0.0,,dollar_price:1471.75|dollariraqi:1471.75
2021-09-21,basra,2,2,1472.5,1472.5,1472.5,1472.5,0.0,0.0,,dollar_price:1472.5|dollariraqi:1472.5
2021-09-21,erbil,2,2,1472.75,1472.75,1472.75,1472.75,0.0,0.0,,dollar_price:1472.75|dollariraqi:1472.75
2021-09-22,baghdad_generic,2,2,1467.5,1467.5,1467.5,1467.5,0.0,0.0,,dollar_price:1467.5|dollariraqi:1467.5
2021-09-22,baghdad_kifah,2,2,1471.5,1471.5,1471.5,1471.5,0.0,0.0,,dollar_price:1471.5|dollariraqi:1471.5
2021-09-22,basra,2,2,1471.5,1471.5,1471.5,1471.5,0.0,0.0,,dollar_price:1471.5|dollariraqi:1471.5
2021-09-22,erbil,2,2,1472.0,1472.0,1472.0,1472.0,0.0,0.0,,dollar_price:1472|dollariraqi:1472
2021-09-23,baghdad_generic,2,2,1467.5,1467.5,1467.5,1467.5,0.0,0.0,,dollar_price:1467.5|dollariraqi:1467.5
2021-09-23,baghdad_kifah,2,2,1472.5,1472.5,1472.5,1472.5,0.0,0.0,,dollar_price:1472.5|dollariraqi:1472.5
2021-09-23,basra,2,2,1473.0,1473.0,1473.0,1473.0,0.0,0.0,,dollar_price:1473|dollariraqi:1473
2021-09-23,erbil,2,2,1473.75,1473.75,1473.75,1473.75,0.0,0.0,,dollar_price:1473.75|dollariraqi:1473.75
2021-09-26,baghdad_generic,2,2,1472.5,1472.5,1472.5,1472.5,0.0,0.0,,dollar_price:1472.5|dollariraqi:1472.5
2021-09-26,erbil,2,2,1474.25,1474.25,1474.25,1474.25,0.0,0.0,,dollar_price:1474.25|dollariraqi:1474.25
2021-09-27,baghdad_generic,1,1,1472.0,1472.0,1472.0,1472.0,0.0,0.0,,dollariraqi:1472
2021-09-27,erbil,1,1,1472.5,1472.5,1472.5,1472.5,0.0,0.0,,dollariraqi:1472.5
2021-09-28,baghdad_generic,1,1,1467.5,1467.5,1467.5,1467.5,0.0,0.0,,dollariraqi:1467.5
2021-09-28,baghdad_harithiya,1,1,1472.25,1472.25,1472.25,1472.25,0.0,0.0,,dollariraqi:1472.25
2021-09-28,baghdad_kifah,1,1,1472.0,1472.0,1472.0,1472.0,0.0,0.0,,dollariraqi:1472
2021-09-28,basra,1,1,1472.5,1472.5,1472.5,1472.5,0.0,0.0,,dollariraqi:1472.5
2021-09-28,erbil,1,1,1472.5,1472.5,1472.5,1472.5,0.0,0.0,,dollariraqi:1472.5
2021-09-29,baghdad_generic,1,1,1467.5,1467.5,1467.5,1467.5,0.0,0.0,,dollar_price:1467.5
2021-09-29,baghdad_kifah,1,1,1472.5,1472.5,1472.5,1472.5,0.0,0.0,,dollar_price:1472.5
2021-09-30,baghdad_generic,1,1,1465.0,1465.0,1465.0,1465.0,0.0,0.0,,dollariraqi:1465
2021-09-30,baghdad_kifah,1,1,1471.0,1471.0,1471.0,1471.0,0.0,0.0,,dollariraqi:1471
2021-10-03,baghdad_generic,2,2,1472.5,1472.5,1472.5,1472.5,0.0,0.0,,dollar_price:1472.5|dollariraqi:1472.5
2021-10-03,baghdad_kifah,2,2,1477.5,1477.5,1477.5,1477.5,0.0,0.0,,dollar_price:1477.5|dollariraqi:1477.5
2021-10-04,baghdad_generic,2,2,1476.0,1476.0,1476.0,1476.0,0.0,0.0,,dollar_price:1476|dollariraqi:1476
2021-10-04,basra,2,2,1476.0,1476.0,1476.0,1476.0,0.0,0.0,,dollar_price:1476|dollariraqi:1476
2021-10-04,erbil,2,2,1478.0,1478.0,1478.0,1478.0,0.0,0.0,,dollar_price:1478|dollariraqi:1478
2021-10-05,baghdad_generic,1,1,1482.0,1482.0,1482.0,1482.0,0.0,0.0,,dollariraqi:1482
2021-10-05,basra,1,1,1482.5,1482.5,1482.5,1482.5,0.0,0.0,,dollariraqi:1482.5
2021-10-05,erbil,1,1,1482.5,1482.5,1482.5,1482.5,0.0,0.0,,dollariraqi:1482.5
2021-10-06,baghdad_generic,2,2,1482.5,1482.5,1482.5,1482.5,0.0,0.0,,dollar_price:1482.5|dollariraqi:1482.5
2021-10-06,basra,2,2,1482.0,1482.0,1482.0,1482.0,0.0,0.0,,dollar_price:1482|dollariraqi:1482
2021-10-06,erbil,2,2,1482.5,1482.5,1482.5,1482.5,0.0,0.0,,dollar_price:1482.5|dollariraqi:1482.5
2021-10-07,baghdad_generic,2,2,1482.0,1482.0,1481.5,1482.5,1.0,0.067,,dollar_price:1481.5|dollariraqi:1482.5
2021-10-07,basra,2,2,1481.5,1481.5,1481.5,1481.5,0.0,0.0,,dollar_price:1481.5|dollariraqi:1481.5
2021-10-07,erbil,2,2,1482.5,1482.5,1482.5,1482.5,0.0,0.0,,dollar_price:1482.5|dollariraqi:1482.5
2021-10-10,baghdad_generic,1,1,1477.5,1477.5,1477.5,1477.5,0.0,0.0,,dollariraqi:1477.5
2021-10-10,baghdad_kifah,1,1,1483.0,1483.0,1483.0,1483.0,0.0,0.0,,dollariraqi:1483
2021-10-11,baghdad_generic,2,2,1477.5,1477.5,1477.5,1477.5,0.0,0.0,,dollar_price:1477.5|dollariraqi:1477.5
2021-10-11,baghdad_kifah,2,2,1482.0,1482.0,1482.0,1482.0,0.0,0.0,,dollar_price:1482|dollariraqi:1482
2021-10-11,basra,2,2,1482.5,1482.5,1482.5,1482.5,0.0,0.0,,dollar_price:1482.5|dollariraqi:1482.5
2021-10-11,erbil,2,2,1484.5,1484.5,1484.5,1484.5,0.0,0.0,,dollar_price:1484.5|dollariraqi:1484.5
2021-10-12,baghdad_generic,1,1,1470.0,1470.0,1470.0,1470.0,0.0,0.0,,dollariraqi:1470
2021-10-12,baghdad_kifah,1,1,1476.5,1476.5,1476.5,1476.5,0.0,0.0,,dollariraqi:1476.5
2021-10-12,basra,1,1,1477.0,1477.0,1477.0,1477.0,0.0,0.0,,dollariraqi:1477
2021-10-12,erbil,1,1,1481.5,1481.5,1481.5,1481.5,0.0,0.0,,dollariraqi:1481.5
2021-10-13,baghdad_generic,2,2,1475.0,1475.0,1475.0,1475.0,0.0,0.0,,dollar_price:1475|dollariraqi:1475
2021-10-13,baghdad_kifah,2,2,1480.0,1480.0,1480.0,1480.0,0.0,0.0,,dollar_price:1480|dollariraqi:1480
2021-10-13,basra,2,2,1480.0,1480.0,1480.0,1480.0,0.0,0.0,,dollar_price:1480|dollariraqi:1480
2021-10-13,erbil,2,2,1481.5,1481.5,1481.5,1481.5,0.0,0.0,,dollar_price:1481.5|dollariraqi:1481.5
2021-10-14,baghdad_generic,2,2,1478.75,1478.75,1477.5,1480.0,2.5,0.169,,dollar_price:1477.5|dollariraqi:1480
2021-10-14,baghdad_kifah,2,2,1483.75,1483.75,1483.0,1484.5,1.5,0.101,,dollar_price:1483|dollariraqi:1484.5
2021-10-14,basra,2,2,1482.5,1482.5,1482.5,1482.5,0.0,0.0,,dollar_price:1482.5|dollariraqi:1482.5
2021-10-14,erbil,2,2,1485.0,1485.0,1485.0,1485.0,0.0,0.0,,dollar_price:1485|dollariraqi:1485
2021-10-17,baghdad_generic,2,2,1477.5,1477.5,1477.5,1477.5,0.0,0.0,,dollar_price:1477.5|dollariraqi:1477.5
2021-10-17,baghdad_kifah,2,2,1483.5,1483.5,1483.5,1483.5,0.0,0.0,,dollar_price:1483.5|dollariraqi:1483.5
2021-10-17,basra,2,2,1483.5,1483.5,1483.5,1483.5,0.0,0.0,,dollar_price:1483.5|dollariraqi:1483.5
2021-10-17,erbil,2,2,1484.75,1484.75,1484.75,1484.75,0.0,0.0,,dollar_price:1484.75|dollariraqi:1484.75
2021-10-18,baghdad_generic,2,2,1477.5,1477.5,1477.5,1477.5,0.0,0.0,,dollar_price:1477.5|dollariraqi:1477.5
2021-10-18,baghdad_harithiya,1,1,1483.75,1483.75,1483.75,1483.75,0.0,0.0,,dollariraqi:1483.75
2021-10-18,baghdad_kifah,2,2,1483.63,1483.63,1483.25,1484.0,0.75,0.051,,dollar_price:1483.25|dollariraqi:1484
2021-10-18,basra,1,1,1483.5,1483.5,1483.5,1483.5,0.0,0.0,,dollariraqi:1483.5
2021-10-18,erbil,1,1,1485.5,1485.5,1485.5,1485.5,0.0,0.0,,dollariraqi:1485.5
2021-10-19,baghdad_generic,2,2,1475.0,1475.0,1475.0,1475.0,0.0,0.0,,dollar_price:1475|dollariraqi:1475
2021-10-19,baghdad_harithiya,1,1,1481.5,1481.5,1481.5,1481.5,0.0,0.0,,dollariraqi:1481.5
2021-10-19,baghdad_kifah,2,2,1480.0,1480.0,1479.0,1481.0,2.0,0.135,,dollar_price:1479|dollariraqi:1481
2021-10-19,basra,1,1,1482.0,1482.0,1482.0,1482.0,0.0,0.0,,dollariraqi:1482
2021-10-19,erbil,1,1,1483.0,1483.0,1483.0,1483.0,0.0,0.0,,dollariraqi:1483
2021-10-20,baghdad_generic,2,2,1472.5,1472.5,1472.5,1472.5,0.0,0.0,,dollar_price:1472.5|dollariraqi:1472.5
2021-10-20,baghdad_kifah,2,2,1478.5,1478.5,1478.5,1478.5,0.0,0.0,,dollar_price:1478.5|dollariraqi:1478.5
2021-10-20,basra,2,2,1480.0,1480.0,1480.0,1480.0,0.0,0.0,,dollar_price:1480|dollariraqi:1480
2021-10-20,erbil,2,2,1480.75,1480.75,1480.75,1480.75,0.0,0.0,,dollar_price:1480.75|dollariraqi:1480.75
2021-10-21,baghdad_generic,2,2,1472.5,1472.5,1472.5,1472.5,0.0,0.0,,dollar_price:1472.5|dollariraqi:1472.5
2021-10-21,baghdad_harithiya,1,1,1478.5,1478.5,1478.5,1478.5,0.0,0.0,,dollariraqi:1478.5
2021-10-21,baghdad_kifah,2,2,1478.0,1478.0,1478.0,1478.0,0.0,0.0,,dollar_price:1478|dollariraqi:1478
2021-10-21,basra,1,1,1479.0,1479.0,1479.0,1479.0,0.0,0.0,,dollariraqi:1479
2021-10-21,erbil,1,1,1479.75,1479.75,1479.75,1479.75,0.0,0.0,,dollariraqi:1479.75
2021-10-24,baghdad_generic,2,2,1475.0,1475.0,1475.0,1475.0,0.0,0.0,,dollar_price:1475|dollariraqi:1475
2021-10-24,baghdad_harithiya,1,1,1479.0,1479.0,1479.0,1479.0,0.0,0.0,,dollariraqi:1479
2021-10-24,baghdad_kifah,2,2,1478.88,1478.88,1478.75,1479.0,0.25,0.017,,dollar_price:1479|dollariraqi:1478.75
2021-10-24,basra,1,1,1479.0,1479.0,1479.0,1479.0,0.0,0.0,,dollariraqi:1479
2021-10-24,erbil,1,1,1480.0,1480.0,1480.0,1480.0,0.0,0.0,,dollariraqi:1480
2021-10-25,baghdad_generic,1,1,1472.5,1472.5,1472.5,1472.5,0.0,0.0,,dollariraqi:1472.5
2021-10-25,baghdad_kifah,1,1,1478.0,1478.0,1478.0,1478.0,0.0,0.0,,dollariraqi:1478
2021-10-25,basra,1,1,1478.5,1478.5,1478.5,1478.5,0.0,0.0,,dollariraqi:1478.5
2021-10-25,erbil,1,1,1478.5,1478.5,1478.5,1478.5,0.0,0.0,,dollariraqi:1478.5
2021-10-26,baghdad_generic,2,2,1472.5,1472.5,1472.5,1472.5,0.0,0.0,,dollar_price:1472.5|dollariraqi:1472.5
2021-10-26,baghdad_kifah,2,2,1477.5,1477.5,1477.5,1477.5,0.0,0.0,,dollar_price:1477.5|dollariraqi:1477.5
2021-10-27,baghdad_generic,2,2,1472.5,1472.5,1472.5,1472.5,0.0,0.0,,dollar_price:1472.5|dollariraqi:1472.5
2021-10-27,baghdad_kifah,2,2,1476.5,1476.5,1476.5,1476.5,0.0,0.0,,dollar_price:1476.5|dollariraqi:1476.5
2021-10-27,basra,2,2,1477.0,1477.0,1477.0,1477.0,0.0,0.0,,dollar_price:1477|dollariraqi:1477
2021-10-27,erbil,2,2,1475.0,1475.0,1475.0,1475.0,0.0,0.0,,dollar_price:1475|dollariraqi:1475
2021-10-28,baghdad_generic,2,2,1472.5,1472.5,1472.5,1472.5,0.0,0.0,,dollar_price:1472.5|dollariraqi:1472.5
2021-10-28,baghdad_kifah,2,2,1477.5,1477.5,1477.5,1477.5,0.0,0.0,,dollar_price:1477.5|dollariraqi:1477.5
2021-10-28,basra,2,2,1477.5,1477.5,1477.5,1477.5,0.0,0.0,,dollar_price:1477.5|dollariraqi:1477.5
2021-10-28,erbil,2,2,1478.5,1478.5,1478.5,1478.5,0.0,0.0,,dollar_price:1478.5|dollariraqi:1478.5
2021-10-31,baghdad_generic,2,2,1472.5,1472.5,1472.5,1472.5,0.0,0.0,,dollar_price:1472.5|dollariraqi:1472.5
2021-10-31,baghdad_kifah,2,2,1478.0,1478.0,1478.0,1478.0,0.0,0.0,,dollar_price:1478|dollariraqi:1478
2021-10-31,basra,2,2,1478.5,1478.5,1478.5,1478.5,0.0,0.0,,dollar_price:1478.5|dollariraqi:1478.5
2021-10-31,erbil,2,2,1480.0,1480.0,1480.0,1480.0,0.0,0.0,,dollar_price:1480|dollariraqi:1480
2021-11-01,baghdad_generic,1,1,1472.5,1472.5,1472.5,1472.5,0.0,0.0,,dollariraqi:1472.5
2021-11-01,baghdad_harithiya,1,1,1478.5,1478.5,1478.5,1478.5,0.0,0.0,,dollariraqi:1478.5
2021-11-01,baghdad_kifah,2,2,1478.5,1478.5,1478.5,1478.5,0.0,0.0,,dollar_price:1478.5|dollariraqi:1478.5
2021-11-01,basra,1,1,1479.0,1479.0,1479.0,1479.0,0.0,0.0,,dollariraqi:1479
2021-11-01,erbil,1,1,1480.0,1480.0,1480.0,1480.0,0.0,0.0,,dollariraqi:1480
2021-11-02,baghdad_generic,1,1,1475.0,1475.0,1475.0,1475.0,0.0,0.0,,dollariraqi:1475
2021-11-02,baghdad_harithiya,1,1,1479.5,1479.5,1479.5,1479.5,0.0,0.0,,dollariraqi:1479.5
2021-11-02,baghdad_kifah,2,2,1479.5,1479.5,1479.25,1479.75,0.5,0.034,,dollar_price:1479.75|dollariraqi:1479.25
2021-11-02,basra,1,1,1480.0,1480.0,1480.0,1480.0,0.0,0.0,,dollariraqi:1480
2021-11-02,erbil,1,1,1482.0,1482.0,1482.0,1482.0,0.0,0.0,,dollariraqi:1482
2021-11-03,baghdad_kifah,2,2,1480.0,1480.0,1480.0,1480.0,0.0,0.0,,dollar_price:1480|dollariraqi:1480
2021-11-04,baghdad_kifah,2,2,1479.5,1479.5,1479.5,1479.5,0.0,0.0,,dollar_price:1479.5|dollariraqi:1479.5
2021-11-07,baghdad_generic,2,2,1477.5,1477.5,1477.5,1477.5,0.0,0.0,,dollar_price:1477.5|dollariraqi:1477.5
2021-11-07,baghdad_kifah,2,2,1482.5,1482.5,1482.5,1482.5,0.0,0.0,,dollar_price:1482.5|dollariraqi:1482.5
2021-11-07,basra,2,2,1483.0,1483.0,1483.0,1483.0,0.0,0.0,,dollar_price:1483|dollariraqi:1483
2021-11-07,erbil,2,2,1485.0,1485.0,1485.0,1485.0,0.0,0.0,,dollar_price:1485|dollariraqi:1485
2021-11-08,baghdad_kifah,2,2,1482.5,1482.5,1482.5,1482.5,0.0,0.0,,dollar_price:1482.5|dollariraqi:1482.5
2021-11-09,baghdad_generic,2,2,1475.0,1475.0,1475.0,1475.0,0.0,0.0,,dollar_price:1475|dollariraqi:1475
2021-11-09,baghdad_kifah,2,2,1481.25,1481.25,1481.25,1481.25,0.0,0.0,,dollar_price:1481.25|dollariraqi:1481.25
2021-11-09,basra,2,2,1481.0,1481.0,1481.0,1481.0,0.0,0.0,,dollar_price:1481|dollariraqi:1481
2021-11-09,erbil,2,2,1483.0,1483.0,1483.0,1483.0,0.0,0.0,,dollar_price:1483|dollariraqi:1483
2021-11-10,baghdad_generic,2,2,1477.5,1477.5,1477.5,1477.5,0.0,0.0,,dollar_price:1477.5|dollariraqi:1477.5
2021-11-10,baghdad_kifah,2,2,1482.0,1482.0,1482.0,1482.0,0.0,0.0,,dollar_price:1482|dollariraqi:1482
2021-11-10,basra,2,2,1481.5,1481.5,1481.5,1481.5,0.0,0.0,,dollar_price:1481.5|dollariraqi:1481.5
2021-11-10,erbil,2,2,1483.5,1483.5,1483.5,1483.5,0.0,0.0,,dollar_price:1483.5|dollariraqi:1483.5
2021-11-11,baghdad_generic,1,1,1477.5,1477.5,1477.5,1477.5,0.0,0.0,,dollariraqi:1477.5
2021-11-11,baghdad_kifah,2,2,1483.0,1483.0,1483.0,1483.0,0.0,0.0,,dollar_price:1483|dollariraqi:1483
2021-11-11,basra,1,1,1482.0,1482.0,1482.0,1482.0,0.0,0.0,,dollariraqi:1482
2021-11-11,erbil,1,1,1485.5,1485.5,1485.5,1485.5,0.0,0.0,,dollariraqi:1485.5
2021-11-14,baghdad_generic,1,1,1477.5,1477.5,1477.5,1477.5,0.0,0.0,,dollariraqi:1477.5
2021-11-14,baghdad_kifah,1,1,1482.0,1482.0,1482.0,1482.0,0.0,0.0,,dollariraqi:1482
2021-11-14,basra,1,1,1482.0,1482.0,1482.0,1482.0,0.0,0.0,,dollariraqi:1482
2021-11-14,erbil,1,1,1484.5,1484.5,1484.5,1484.5,0.0,0.0,,dollariraqi:1484.5
2021-11-15,baghdad_generic,2,2,1475.0,1475.0,1475.0,1475.0,0.0,0.0,,dollar_price:1475|dollariraqi:1475
2021-11-15,baghdad_kifah,2,2,1480.75,1481.0,1480.75,1481.25,0.5,0.034,,dollar_price:1480.75|dollariraqi:1481.25
2021-11-15,basra,2,2,1482.0,1482.0,1482.0,1482.0,0.0,0.0,,dollar_price:1482|dollariraqi:1482
2021-11-15,erbil,2,2,1482.75,1482.75,1482.75,1482.75,0.0,0.0,,dollar_price:1482.75|dollariraqi:1482.75
2021-11-16,baghdad_generic,1,1,1475.0,1475.0,1475.0,1475.0,0.0,0.0,,dollariraqi:1475
2021-11-16,baghdad_kifah,1,1,1481.0,1481.0,1481.0,1481.0,0.0,0.0,,dollariraqi:1481
2021-11-16,basra,1,1,1482.0,1482.0,1482.0,1482.0,0.0,0.0,,dollariraqi:1482
2021-11-16,erbil,1,1,1482.75,1482.75,1482.75,1482.75,0.0,0.0,,dollariraqi:1482.75
2021-11-17,baghdad_generic,2,2,1475.0,1475.0,1475.0,1475.0,0.0,0.0,,dollar_price:1475|dollariraqi:1475
2021-11-17,baghdad_kifah,2,2,1480.5,1480.5,1480.5,1480.5,0.0,0.0,,dollar_price:1480.5|dollariraqi:1480.5
2021-11-17,basra,2,2,1481.5,1481.5,1481.5,1481.5,0.0,0.0,,dollar_price:1481.5|dollariraqi:1481.5
2021-11-17,erbil,2,2,1481.25,1481.25,1481.25,1481.25,0.0,0.0,,dollar_price:1481.25|dollariraqi:1481.25
2021-11-18,baghdad_kifah,2,2,1479.75,1479.75,1479.5,1480.0,0.5,0.034,,dollar_price:1479.5|dollariraqi:1480
2021-11-18,basra,1,1,1485.0,1485.0,1485.0,1485.0,0.0,0.0,,dollariraqi:1485
2021-11-18,erbil,1,1,1480.75,1480.75,1480.75,1480.75,0.0,0.0,,dollariraqi:1480.75
2021-11-21,baghdad_generic,1,1,1475.0,1475.0,1475.0,1475.0,0.0,0.0,,dollariraqi:1475
2021-11-21,baghdad_harithiya,1,1,1479.5,1479.5,1479.5,1479.5,0.0,0.0,,dollariraqi:1479.5
2021-11-21,baghdad_kifah,2,2,1479.5,1479.5,1479.5,1479.5,0.0,0.0,,dollar_price:1479.5|dollariraqi:1479.5
2021-11-21,basra,1,1,1480.5,1480.5,1480.5,1480.5,0.0,0.0,,dollariraqi:1480.5
2021-11-21,erbil,1,1,1480.25,1480.25,1480.25,1480.25,0.0,0.0,,dollariraqi:1480.25
2021-11-22,baghdad_kifah,2,2,1479.5,1479.5,1479.5,1479.5,0.0,0.0,,dollar_price:1479.5|dollariraqi:1479.5
2021-11-23,baghdad_generic,1,1,1475.0,1475.0,1475.0,1475.0,0.0,0.0,,dollariraqi:1475
2021-11-23,baghdad_kifah,1,1,1479.0,1479.0,1479.0,1479.0,0.0,0.0,,dollariraqi:1479
2021-11-23,basra,1,1,1479.5,1479.5,1479.5,1479.5,0.0,0.0,,dollariraqi:1479.5
2021-11-23,erbil,1,1,1479.75,1479.75,1479.75,1479.75,0.0,0.0,,dollariraqi:1479.75
2021-11-24,baghdad_generic,1,1,1475.0,1475.0,1475.0,1475.0,0.0,0.0,,dollariraqi:1475
2021-11-24,baghdad_kifah,2,2,1479.5,1479.5,1479.5,1479.5,0.0,0.0,,dollar_price:1479.5|dollariraqi:1479.5
2021-11-24,basra,1,1,1480.0,1480.0,1480.0,1480.0,0.0,0.0,,dollariraqi:1480
2021-11-24,erbil,1,1,1481.5,1481.5,1481.5,1481.5,0.0,0.0,,dollariraqi:1481.5
2021-11-25,baghdad_generic,1,1,1475.0,1475.0,1475.0,1475.0,0.0,0.0,,dollariraqi:1475
2021-11-25,baghdad_kifah,1,1,1478.75,1478.5,1478.5,1478.5,0.0,0.0,,dollariraqi:1478.5
2021-11-25,basra,1,1,1479.5,1479.5,1479.5,1479.5,0.0,0.0,,dollariraqi:1479.5
2021-11-25,erbil,1,1,1480.5,1480.5,1480.5,1480.5,0.0,0.0,,dollariraqi:1480.5
2021-11-28,baghdad_generic,1,1,1475.0,1475.0,1475.0,1475.0,0.0,0.0,,dollariraqi:1475
2021-11-28,baghdad_harithiya,1,1,1478.75,1478.75,1478.75,1478.75,0.0,0.0,,dollariraqi:1478.75
2021-11-28,baghdad_kifah,2,2,1478.75,1478.75,1478.75,1478.75,0.0,0.0,,dollar_price:1478.75|dollariraqi:1478.75
2021-11-28,basra,1,1,1479.0,1479.0,1479.0,1479.0,0.0,0.0,,dollariraqi:1479
2021-11-28,erbil,1,1,1480.5,1480.5,1480.5,1480.5,0.0,0.0,,dollariraqi:1480.5
2021-11-29,baghdad_generic,2,2,1475.0,1475.0,1475.0,1475.0,0.0,0.0,,dollar_price:1475|dollariraqi:1475
2021-11-29,baghdad_kifah,2,2,1478.75,1478.75,1478.75,1478.75,0.0,0.0,,dollar_price:1478.75|dollariraqi:1478.75
2021-11-29,basra,2,2,1479.0,1479.0,1479.0,1479.0,0.0,0.0,,dollar_price:1479|dollariraqi:1479
2021-11-29,erbil,2,2,1480.25,1480.25,1480.25,1480.25,0.0,0.0,,dollar_price:1480.25|dollariraqi:1480.25
2021-11-30,baghdad_generic,1,1,1472.5,1472.5,1472.5,1472.5,0.0,0.0,,dollariraqi:1472.5
2021-11-30,baghdad_kifah,2,2,1478.38,1478.38,1477.75,1479.0,1.25,0.085,,dollar_price:1479|dollariraqi:1477.75
2021-11-30,basra,1,1,1478.0,1478.0,1478.0,1478.0,0.0,0.0,,dollariraqi:1478
2021-11-30,erbil,1,1,1479.5,1479.5,1479.5,1479.5,0.0,0.0,,dollariraqi:1479.5
2021-12-01,baghdad_kifah,2,2,1479.5,1479.5,1479.5,1479.5,0.0,0.0,,dollar_price:1479.5|dollariraqi:1479.5
2021-12-01,basra,1,1,1479.0,1479.0,1479.0,1479.0,0.0,0.0,,dollariraqi:1479
2021-12-01,erbil,1,1,1479.75,1479.75,1479.75,1479.75,0.0,0.0,,dollariraqi:1479.75
2021-12-02,baghdad_kifah,2,2,1479.0,1479.0,1479.0,1479.0,0.0,0.0,,dollar_price:1479|dollariraqi:1479
2021-12-02,basra,1,1,1478.5,1478.5,1478.5,1478.5,0.0,0.0,,dollariraqi:1478.5
2021-12-02,erbil,1,1,1480.5,1480.5,1480.5,1480.5,0.0,0.0,,dollariraqi:1480.5
2021-12-05,baghdad_kifah,2,2,1480.5,1480.5,1480.5,1480.5,0.0,0.0,,dollar_price:1480.5|dollariraqi:1480.5
2021-12-05,basra,1,1,1480.0,1480.0,1480.0,1480.0,0.0,0.0,,dollariraqi:1480
2021-12-05,erbil,1,1,1482.0,1482.0,1482.0,1482.0,0.0,0.0,,dollariraqi:1482
2021-12-06,baghdad_kifah,2,2,1480.0,1480.0,1480.0,1480.0,0.0,0.0,,dollar_price:1480|dollariraqi:1480
2021-12-06,basra,1,1,1480.0,1480.0,1480.0,1480.0,0.0,0.0,,dollariraqi:1480
2021-12-06,erbil,1,1,1479.5,1479.5,1479.5,1479.5,0.0,0.0,,dollariraqi:1479.5
2021-12-07,baghdad_kifah,2,2,1480.5,1480.5,1480.5,1480.5,0.0,0.0,,dollar_price:1480.5|dollariraqi:1480.5
2021-12-07,basra,1,1,1480.0,1480.0,1480.0,1480.0,0.0,0.0,,dollariraqi:1480
2021-12-07,erbil,1,1,1481.5,1481.5,1481.5,1481.5,0.0,0.0,,dollariraqi:1481.5
2021-12-08,baghdad_kifah,2,2,1481.0,1481.0,1480.75,1481.25,0.5,0.034,,dollar_price:1481.25|dollariraqi:1480.75
2021-12-08,basra,1,1,1480.5,1480.5,1480.5,1480.5,0.0,0.0,,dollariraqi:1480.5
2021-12-08,erbil,1,1,1482.5,1482.5,1482.5,1482.5,0.0,0.0,,dollariraqi:1482.5
2021-12-09,baghdad_generic,2,2,1475.0,1475.0,1475.0,1475.0,0.0,0.0,,dollar_price:1475|dollariraqi:1475
2021-12-09,baghdad_kifah,2,2,1481.0,1481.0,1481.0,1481.0,0.0,0.0,,dollar_price:1481|dollariraqi:1481
2021-12-09,basra,2,2,1481.5,1481.5,1481.5,1481.5,0.0,0.0,,dollar_price:1481.5|dollariraqi:1481.5
2021-12-09,erbil,2,2,1482.5,1482.5,1482.5,1482.5,0.0,0.0,,dollar_price:1482.5|dollariraqi:1482.5
2021-12-13,baghdad_generic,2,2,1477.5,1477.5,1477.5,1477.5,0.0,0.0,,dollar_price:1477.5|dollariraqi:1477.5
2021-12-13,baghdad_kifah,2,2,1482.0,1482.0,1482.0,1482.0,0.0,0.0,,dollar_price:1482|dollariraqi:1482
2021-12-13,basra,2,2,1482.5,1482.5,1482.5,1482.5,0.0,0.0,,dollar_price:1482.5|dollariraqi:1482.5
2021-12-13,erbil,2,2,1482.0,1482.0,1482.0,1482.0,0.0,0.0,,dollar_price:1482|dollariraqi:1482
2021-12-14,baghdad_generic,1,1,1477.5,1477.5,1477.5,1477.5,0.0,0.0,,dollariraqi:1477.5
2021-12-14,baghdad_kifah,1,1,1482.0,1482.0,1482.0,1482.0,0.0,0.0,,dollariraqi:1482
2021-12-14,basra,1,1,1482.0,1482.0,1482.0,1482.0,0.0,0.0,,dollariraqi:1482
2021-12-14,erbil,1,1,1481.5,1481.5,1481.5,1481.5,0.0,0.0,,dollariraqi:1481.5
2021-12-15,baghdad_kifah,2,2,1479.63,1479.63,1478.5,1480.75,2.25,0.152,,dollar_price:1478.5|dollariraqi:1480.75
2021-12-16,baghdad_kifah,2,2,1479.0,1479.0,1479.0,1479.0,0.0,0.0,,dollar_price:1479|dollariraqi:1479
2021-12-19,baghdad_generic,2,2,1475.0,1475.0,1475.0,1475.0,0.0,0.0,,dollar_price:1475|dollariraqi:1475
2021-12-19,baghdad_kifah,2,2,1479.0,1479.0,1479.0,1479.0,0.0,0.0,,dollar_price:1479|dollariraqi:1479
2021-12-19,basra,2,2,1480.0,1480.0,1480.0,1480.0,0.0,0.0,,dollar_price:1480|dollariraqi:1480
2021-12-19,erbil,2,2,1479.75,1479.75,1479.75,1479.75,0.0,0.0,,dollar_price:1479.75|dollariraqi:1479.75
2021-12-20,baghdad_generic,1,1,1475.0,1475.0,1475.0,1475.0,0.0,0.0,,dollariraqi:1475
2021-12-20,baghdad_kifah,2,2,1478.5,1478.5,1478.5,1478.5,0.0,0.0,,dollar_price:1478.5|dollariraqi:1478.5
2021-12-20,basra,1,1,1480.0,1480.0,1480.0,1480.0,0.0,0.0,,dollariraqi:1480
2021-12-20,erbil,1,1,1479.25,1479.25,1479.25,1479.25,0.0,0.0,,dollariraqi:1479.25
2021-12-21,baghdad_generic,2,2,1475.0,1475.0,1472.5,1477.5,5.0,0.339,,dollar_price:1472.5|dollariraqi:1477.5
2021-12-21,baghdad_kifah,2,2,1477.5,1477.5,1477.5,1477.5,0.0,0.0,,dollar_price:1477.5|dollariraqi:1477.5
2021-12-21,basra,2,2,1478.5,1478.5,1478.5,1478.5,0.0,0.0,,dollar_price:1478.5|dollariraqi:1478.5
2021-12-21,erbil,2,2,1478.5,1478.5,1478.5,1478.5,0.0,0.0,,dollar_price:1478.5|dollariraqi:1478.5
2021-12-22,baghdad_generic,2,2,1470.0,1470.0,1470.0,1470.0,0.0,0.0,,dollar_price:1470|dollariraqi:1470
2021-12-22,baghdad_kifah,2,2,1474.5,1474.5,1474.5,1474.5,0.0,0.0,,dollar_price:1474.5|dollariraqi:1474.5
2021-12-22,basra,2,2,1476.5,1476.5,1476.5,1476.5,0.0,0.0,,dollar_price:1476.5|dollariraqi:1476.5
2021-12-22,erbil,2,2,1476.75,1476.75,1476.75,1476.75,0.0,0.0,,dollar_price:1476.75|dollariraqi:1476.75
2021-12-23,baghdad_generic,2,2,1472.5,1472.5,1472.5,1472.5,0.0,0.0,,dollar_price:1472.5|dollariraqi:1472.5
2021-12-23,baghdad_kifah,2,2,1477.5,1477.5,1477.5,1477.5,0.0,0.0,,dollar_price:1477.5|dollariraqi:1477.5
2021-12-23,basra,2,2,1478.5,1478.5,1478.5,1478.5,0.0,0.0,,dollar_price:1478.5|dollariraqi:1478.5
2021-12-23,erbil,2,2,1479.0,1479.0,1479.0,1479.0,0.0,0.0,,dollar_price:1479|dollariraqi:1479
2021-12-26,baghdad_generic,2,2,1475.0,1475.0,1475.0,1475.0,0.0,0.0,,dollar_price:1475|dollariraqi:1475
2021-12-26,baghdad_kifah,2,2,1479.5,1479.5,1479.5,1479.5,0.0,0.0,,dollar_price:1479.5|dollariraqi:1479.5
2021-12-26,basra,2,2,1480.5,1480.5,1480.5,1480.5,0.0,0.0,,dollar_price:1480.5|dollariraqi:1480.5
2021-12-26,erbil,2,2,1481.25,1481.25,1481.25,1481.25,0.0,0.0,,dollar_price:1481.25|dollariraqi:1481.25
2021-12-27,baghdad_generic,1,1,1475.0,1475.0,1475.0,1475.0,0.0,0.0,,dollariraqi:1475
2021-12-27,baghdad_kifah,2,2,1478.5,1478.5,1478.5,1478.5,0.0,0.0,,dollar_price:1478.5|dollariraqi:1478.5
2021-12-27,basra,1,1,1479.5,1479.5,1479.5,1479.5,0.0,0.0,,dollariraqi:1479.5
2021-12-27,erbil,1,1,1477.25,1477.25,1477.25,1477.25,0.0,0.0,,dollariraqi:1477.25
2021-12-28,baghdad_generic,2,2,1475.0,1475.0,1475.0,1475.0,0.0,0.0,,dollar_price:1475|dollariraqi:1475
2021-12-28,baghdad_kifah,2,2,1478.5,1478.5,1478.5,1478.5,0.0,0.0,,dollar_price:1478.5|dollariraqi:1478.5
2021-12-28,basra,2,2,1480.0,1480.0,1480.0,1480.0,0.0,0.0,,dollar_price:1480|dollariraqi:1480
2021-12-28,erbil,1,1,1479.25,1479.25,1479.25,1479.25,0.0,0.0,,dollar_price:1479.25
2021-12-29,baghdad_generic,2,2,1472.5,1472.5,1472.5,1472.5,0.0,0.0,,dollar_price:1472.5|dollariraqi:1472.5
2021-12-29,baghdad_kifah,2,2,1477.5,1477.5,1477.5,1477.5,0.0,0.0,,dollar_price:1477.5|dollariraqi:1477.5
2021-12-29,basra,2,2,1479.0,1479.0,1479.0,1479.0,0.0,0.0,,dollar_price:1479|dollariraqi:1479
2021-12-29,erbil,2,2,1479.0,1479.0,1479.0,1479.0,0.0,0.0,,dollar_price:1479|dollariraqi:1479
2021-12-30,baghdad_generic,2,2,1475.0,1475.0,1475.0,1475.0,0.0,0.0,,dollar_price:1475|dollariraqi:1475
2021-12-30,baghdad_kifah,2,2,1478.5,1478.5,1478.5,1478.5,0.0,0.0,,dollar_price:1478.5|dollariraqi:1478.5
2021-12-30,basra,2,2,1479.0,1479.0,1479.0,1479.0,0.0,0.0,,dollar_price:1479|dollariraqi:1479
2021-12-30,erbil,2,2,1479.75,1479.75,1479.5,1480.0,0.5,0.034,,dollar_price:1480|dollariraqi:1479.5
2022-01-02,baghdad_generic,2,2,1475.0,1475.0,1475.0,1475.0,0.0,0.0,,dollar_price:1475|dollariraqi:1475
2022-01-02,baghdad_kifah,2,2,1479.0,1479.0,1479.0,1479.0,0.0,0.0,,dollar_price:1479|dollariraqi:1479
2022-01-02,basra,2,2,1479.5,1479.5,1479.5,1479.5,0.0,0.0,,dollar_price:1479.5|dollariraqi:1479.5
2022-01-02,erbil,2,2,1479.5,1479.5,1479.5,1479.5,0.0,0.0,,dollar_price:1479.5|dollariraqi:1479.5
2022-01-03,baghdad_generic,2,2,1475.0,1475.0,1475.0,1475.0,0.0,0.0,,dollar_price:1475|dollariraqi:1475
2022-01-03,baghdad_kifah,2,2,1478.75,1478.75,1478.75,1478.75,0.0,0.0,,dollar_price:1478.75|dollariraqi:1478.75
2022-01-03,basra,2,2,1479.5,1479.5,1479.5,1479.5,0.0,0.0,,dollar_price:1479.5|dollariraqi:1479.5
2022-01-03,erbil,2,2,1477.75,1477.75,1477.75,1477.75,0.0,0.0,,dollar_price:1477.75|dollariraqi:1477.75
2022-01-04,baghdad_generic,2,2,1475.0,1475.0,1475.0,1475.0,0.0,0.0,,dollar_price:1475|dollariraqi:1475
2022-01-04,baghdad_kifah,2,2,1478.5,1478.5,1478.5,1478.5,0.0,0.0,,dollar_price:1478.5|dollariraqi:1478.5
2022-01-04,basra,2,2,1479.0,1479.0,1479.0,1479.0,0.0,0.0,,dollar_price:1479|dollariraqi:1479
2022-01-04,erbil,2,2,1477.88,1477.88,1477.75,1478.0,0.25,0.017,,dollar_price:1477.75|dollariraqi:1478
2022-01-05,baghdad_generic,1,1,1475.0,1475.0,1475.0,1475.0,0.0,0.0,,dollariraqi:1475
2022-01-05,baghdad_kifah,1,1,1478.5,1478.5,1478.5,1478.5,0.0,0.0,,dollariraqi:1478.5
2022-01-05,basra,1,1,1479.0,1479.0,1479.0,1479.0,0.0,0.0,,dollariraqi:1479
2022-01-05,erbil,1,1,1479.0,1479.0,1479.0,1479.0,0.0,0.0,,dollariraqi:1479
2022-01-06,baghdad_generic,1,1,1475.0,1475.0,1475.0,1475.0,0.0,0.0,,dollariraqi:1475
2022-01-06,baghdad_kifah,1,1,1478.5,1478.5,1478.5,1478.5,0.0,0.0,,dollariraqi:1478.5
2022-01-06,basra,1,1,1479.0,1479.0,1479.0,1479.0,0.0,0.0,,dollariraqi:1479
2022-01-06,erbil,1,1,1479.5,1479.5,1479.5,1479.5,0.0,0.0,,dollariraqi:1479.5
2022-01-09,baghdad_generic,2,2,1475.0,1475.0,1475.0,1475.0,0.0,0.0,,dollar_price:1475|dollariraqi:1475
2022-01-09,baghdad_kifah,2,2,1479.0,1479.0,1479.0,1479.0,0.0,0.0,,dollar_price:1479|dollariraqi:1479
2022-01-09,basra,2,2,1479.75,1479.75,1479.5,1480.0,0.5,0.034,,dollar_price:1480|dollariraqi:1479.5
2022-01-09,erbil,2,2,1479.75,1479.75,1479.75,1479.75,0.0,0.0,,dollar_price:1479.75|dollariraqi:1479.75
2022-01-10,baghdad_generic,2,2,1475.0,1475.0,1475.0,1475.0,0.0,0.0,,dollar_price:1475|dollariraqi:1475
2022-01-10,baghdad_kifah,2,2,1481.0,1481.0,1481.0,1481.0,0.0,0.0,,dollar_price:1481|dollariraqi:1481
2022-01-10,basra,2,2,1480.5,1480.5,1480.5,1480.5,0.0,0.0,,dollar_price:1480.5|dollariraqi:1480.5
2022-01-10,erbil,2,2,1481.75,1481.75,1481.75,1481.75,0.0,0.0,,dollar_price:1481.75|dollariraqi:1481.75
2022-01-11,baghdad_generic,2,2,1475.0,1475.0,1475.0,1475.0,0.0,0.0,,dollar_price:1475|dollariraqi:1475
2022-01-11,baghdad_kifah,2,2,1480.5,1480.5,1480.5,1480.5,0.0,0.0,,dollar_price:1480.5|dollariraqi:1480.5
2022-01-11,basra,2,2,1480.5,1480.5,1480.5,1480.5,0.0,0.0,,dollar_price:1480.5|dollariraqi:1480.5
2022-01-11,erbil,2,2,1481.5,1481.5,1481.5,1481.5,0.0,0.0,,dollar_price:1481.5|dollariraqi:1481.5
2022-01-12,baghdad_generic,2,2,1475.0,1475.0,1475.0,1475.0,0.0,0.0,,dollar_price:1475|dollariraqi:1475
2022-01-12,baghdad_kifah,2,2,1481.0,1481.0,1481.0,1481.0,0.0,0.0,,dollar_price:1481|dollariraqi:1481
2022-01-12,basra,2,2,1481.0,1481.0,1481.0,1481.0,0.0,0.0,,dollar_price:1481|dollariraqi:1481
2022-01-12,erbil,2,2,1481.75,1481.75,1481.75,1481.75,0.0,0.0,,dollar_price:1481.75|dollariraqi:1481.75
2022-01-13,baghdad_generic,2,2,1475.0,1475.0,1475.0,1475.0,0.0,0.0,,dollar_price:1475|dollariraqi:1475
2022-01-13,baghdad_kifah,2,2,1481.0,1481.0,1481.0,1481.0,0.0,0.0,,dollar_price:1481|dollariraqi:1481
2022-01-13,basra,2,2,1481.5,1481.5,1481.5,1481.5,0.0,0.0,,dollar_price:1481.5|dollariraqi:1481.5
2022-01-13,erbil,2,2,1481.25,1481.25,1481.25,1481.25,0.0,0.0,,dollar_price:1481.25|dollariraqi:1481.25
2022-01-16,baghdad_generic,2,2,1475.0,1475.0,1475.0,1475.0,0.0,0.0,,dollar_price:1475|dollariraqi:1475
2022-01-16,baghdad_kifah,2,2,1481.5,1481.5,1481.5,1481.5,0.0,0.0,,dollar_price:1481.5|dollariraqi:1481.5
2022-01-16,basra,2,2,1482.0,1482.0,1482.0,1482.0,0.0,0.0,,dollar_price:1482|dollariraqi:1482
2022-01-16,erbil,2,2,1482.25,1482.25,1482.25,1482.25,0.0,0.0,,dollar_price:1482.25|dollariraqi:1482.25
2022-01-17,baghdad_kifah,2,2,1481.0,1481.0,1481.0,1481.0,0.0,0.0,,dollar_price:1481|dollariraqi:1481
2022-01-18,baghdad_generic,2,2,1475.0,1475.0,1475.0,1475.0,0.0,0.0,,dollar_price:1475|dollariraqi:1475
2022-01-18,baghdad_kifah,2,2,1481.5,1481.5,1481.5,1481.5,0.0,0.0,,dollar_price:1481.5|dollariraqi:1481.5
2022-01-18,basra,2,2,1482.0,1482.0,1482.0,1482.0,0.0,0.0,,dollar_price:1482|dollariraqi:1482
2022-01-18,erbil,2,2,1482.5,1482.5,1482.5,1482.5,0.0,0.0,,dollar_price:1482.5|dollariraqi:1482.5
2022-01-19,baghdad_generic,2,2,1477.5,1477.5,1477.5,1477.5,0.0,0.0,,dollar_price:1477.5|dollariraqi:1477.5
2022-01-19,baghdad_kifah,2,2,1482.25,1482.25,1482.25,1482.25,0.0,0.0,,dollar_price:1482.25|dollariraqi:1482.25
2022-01-19,basra,2,2,1482.5,1482.5,1482.5,1482.5,0.0,0.0,,dollar_price:1482.5|dollariraqi:1482.5
2022-01-19,erbil,2,2,1483.25,1483.25,1483.25,1483.25,0.0,0.0,,dollar_price:1483.25|dollariraqi:1483.25
2022-01-20,baghdad_generic,2,2,1475.0,1475.0,1475.0,1475.0,0.0,0.0,,dollar_price:1475|dollariraqi:1475
2022-01-20,baghdad_kifah,2,2,1481.0,1481.0,1481.0,1481.0,0.0,0.0,,dollar_price:1481|dollariraqi:1481
2022-01-20,basra,2,2,1482.0,1482.0,1482.0,1482.0,0.0,0.0,,dollar_price:1482|dollariraqi:1482
2022-01-20,erbil,2,2,1482.5,1482.5,1482.5,1482.5,0.0,0.0,,dollar_price:1482.5|dollariraqi:1482.5
2022-01-23,baghdad_generic,1,1,1475.0,1475.0,1475.0,1475.0,0.0,0.0,,dollar_price:1475
2022-01-23,baghdad_kifah,1,1,1479.5,1479.5,1479.5,1479.5,0.0,0.0,,dollar_price:1479.5
2022-01-23,basra,1,1,1480.5,1480.5,1480.5,1480.5,0.0,0.0,,dollar_price:1480.5
2022-01-23,erbil,1,1,1480.5,1480.5,1480.5,1480.5,0.0,0.0,,dollar_price:1480.5
2022-01-24,baghdad_generic,1,1,1475.0,1475.0,1475.0,1475.0,0.0,0.0,,dollar_price:1475
2022-01-24,baghdad_kifah,1,1,1479.5,1479.5,1479.5,1479.5,0.0,0.0,,dollar_price:1479.5
2022-01-24,basra,1,1,1480.5,1480.5,1480.5,1480.5,0.0,0.0,,dollar_price:1480.5
2022-01-24,erbil,1,1,1479.0,1479.0,1479.0,1479.0,0.0,0.0,,dollar_price:1479
2022-01-25,baghdad_generic,2,2,1475.0,1475.0,1475.0,1475.0,0.0,0.0,,dollar_price:1475|dollariraqi:1475
2022-01-25,baghdad_kifah,2,2,1480.0,1480.0,1480.0,1480.0,0.0,0.0,,dollar_price:1480|dollariraqi:1480
2022-01-25,basra,2,2,1481.0,1481.0,1481.0,1481.0,0.0,0.0,,dollar_price:1481|dollariraqi:1481
2022-01-25,erbil,2,2,1479.75,1479.75,1479.75,1479.75,0.0,0.0,,dollar_price:1479.75|dollariraqi:1479.75
2022-01-26,baghdad_generic,2,2,1475.0,1475.0,1475.0,1475.0,0.0,0.0,,dollar_price:1475|dollariraqi:1475
2022-01-26,baghdad_kifah,2,2,1478.5,1478.5,1478.5,1478.5,0.0,0.0,,dollar_price:1478.5|dollariraqi:1478.5
2022-01-26,basra,2,2,1480.0,1480.0,1480.0,1480.0,0.0,0.0,,dollar_price:1480|dollariraqi:1480
2022-01-26,erbil,2,2,1479.25,1479.25,1479.25,1479.25,0.0,0.0,,dollar_price:1479.25|dollariraqi:1479.25
2022-01-27,baghdad_generic,2,2,1475.0,1475.0,1475.0,1475.0,0.0,0.0,,dollar_price:1475|dollariraqi:1475
2022-01-27,baghdad_kifah,2,2,1479.0,1479.0,1479.0,1479.0,0.0,0.0,,dollar_price:1479|dollariraqi:1479
2022-01-27,basra,2,2,1480.0,1480.0,1480.0,1480.0,0.0,0.0,,dollar_price:1480|dollariraqi:1480
2022-01-27,erbil,2,2,1480.25,1480.25,1480.25,1480.25,0.0,0.0,,dollar_price:1480.25|dollariraqi:1480.25
2022-01-30,baghdad_generic,2,2,1475.0,1475.0,1475.0,1475.0,0.0,0.0,,dollar_price:1475|dollariraqi:1475
2022-01-30,baghdad_kifah,2,2,1479.5,1479.5,1479.5,1479.5,0.0,0.0,,dollar_price:1479.5|dollariraqi:1479.5
2022-01-30,basra,2,2,1480.0,1480.0,1480.0,1480.0,0.0,0.0,,dollar_price:1480|dollariraqi:1480
2022-01-30,erbil,2,2,1480.25,1480.25,1480.25,1480.25,0.0,0.0,,dollar_price:1480.25|dollariraqi:1480.25
2022-01-31,baghdad_generic,2,2,1475.0,1475.0,1475.0,1475.0,0.0,0.0,,dollar_price:1475|dollariraqi:1475
2022-01-31,baghdad_kifah,2,2,1479.5,1479.5,1479.5,1479.5,0.0,0.0,,dollar_price:1479.5|dollariraqi:1479.5
2022-01-31,basra,2,2,1480.0,1480.0,1480.0,1480.0,0.0,0.0,,dollar_price:1480|dollariraqi:1480
2022-01-31,erbil,2,2,1479.25,1479.25,1479.25,1479.25,0.0,0.0,,dollar_price:1479.25|dollariraqi:1479.25
2022-02-01,baghdad_generic,2,2,1475.0,1475.0,1475.0,1475.0,0.0,0.0,,dollar_price:1475|dollariraqi:1475
2022-02-01,baghdad_kifah,2,2,1478.25,1478.25,1478.0,1478.5,0.5,0.034,,dollar_price:1478|dollariraqi:1478.5
2022-02-01,basra,2,2,1479.0,1479.0,1478.5,1479.5,1.0,0.068,,dollar_price:1478.5|dollariraqi:1479.5
2022-02-01,erbil,2,2,1479.25,1479.25,1479.25,1479.25,0.0,0.0,,dollar_price:1479.25|dollariraqi:1479.25
2022-02-02,baghdad_generic,2,2,1475.0,1475.0,1475.0,1475.0,0.0,0.0,,dollar_price:1475|dollariraqi:1475
2022-02-02,baghdad_kifah,2,2,1478.25,1478.25,1478.25,1478.25,0.0,0.0,,dollar_price:1478.25|dollariraqi:1478.25
2022-02-02,basra,2,2,1478.5,1478.5,1478.5,1478.5,0.0,0.0,,dollar_price:1478.5|dollariraqi:1478.5
2022-02-02,erbil,2,2,1479.0,1479.0,1479.0,1479.0,0.0,0.0,,dollar_price:1479|dollariraqi:1479
2022-02-03,baghdad_generic,2,2,1475.0,1475.0,1475.0,1475.0,0.0,0.0,,dollar_price:1475|dollariraqi:1475
2022-02-03,baghdad_kifah,2,2,1477.5,1477.5,1477.5,1477.5,0.0,0.0,,dollar_price:1477.5|dollariraqi:1477.5
2022-02-03,basra,2,2,1478.0,1478.0,1478.0,1478.0,0.0,0.0,,dollar_price:1478|dollariraqi:1478
2022-02-03,erbil,2,2,1478.25,1478.25,1478.25,1478.25,0.0,0.0,,dollar_price:1478.25|dollariraqi:1478.25
2022-02-06,baghdad_generic,2,2,1475.0,1475.0,1475.0,1475.0,0.0,0.0,,dollar_price:1475|dollariraqi:1475
2022-02-06,baghdad_kifah,2,2,1479.0,1479.0,1479.0,1479.0,0.0,0.0,,dollar_price:1479|dollariraqi:1479
2022-02-06,basra,2,2,1479.0,1479.0,1479.0,1479.0,0.0,0.0,,dollar_price:1479|dollariraqi:1479
2022-02-06,erbil,2,2,1479.38,1479.38,1479.25,1479.5,0.25,0.017,,dollar_price:1479.5|dollariraqi:1479.25
2022-02-07,baghdad_generic,2,2,1475.0,1475.0,1475.0,1475.0,0.0,0.0,,dollar_price:1475|dollariraqi:1475
2022-02-07,baghdad_kifah,2,2,1478.75,1478.75,1478.75,1478.75,0.0,0.0,,dollar_price:1478.75|dollariraqi:1478.75
2022-02-07,basra,2,2,1479.0,1479.0,1479.0,1479.0,0.0,0.0,,dollar_price:1479|dollariraqi:1479
2022-02-07,erbil,1,1,1480.5,1480.5,1480.5,1480.5,0.0,0.0,,dollar_price:1480.5
2022-02-08,baghdad_generic,2,2,1475.0,1475.0,1475.0,1475.0,0.0,0.0,,dollar_price:1475|dollariraqi:1475
2022-02-08,baghdad_kifah,2,2,1479.0,1479.0,1479.0,1479.0,0.0,0.0,,dollar_price:1479|dollariraqi:1479
2022-02-08,basra,2,2,1479.0,1479.0,1479.0,1479.0,0.0,0.0,,dollar_price:1479|dollariraqi:1479
2022-02-08,erbil,2,2,1480.75,1480.75,1480.75,1480.75,0.0,0.0,,dollar_price:1480.75|dollariraqi:1480.75
2022-02-09,baghdad_generic,1,1,1475.0,1475.0,1475.0,1475.0,0.0,0.0,,dollariraqi:1475
2022-02-09,baghdad_kifah,2,2,1478.75,1478.75,1478.75,1478.75,0.0,0.0,,dollar_price:1478.75|dollariraqi:1478.75
2022-02-09,basra,1,1,1479.0,1479.0,1479.0,1479.0,0.0,0.0,,dollariraqi:1479
2022-02-09,erbil,1,1,1480.5,1480.5,1480.5,1480.5,0.0,0.0,,dollariraqi:1480.5
2022-02-10,baghdad_generic,2,2,1475.0,1475.0,1475.0,1475.0,0.0,0.0,,dollar_price:1475|dollariraqi:1475
2022-02-10,baghdad_kifah,2,2,1479.25,1479.25,1479.25,1479.25,0.0,0.0,,dollar_price:1479.25|dollariraqi:1479.25
2022-02-10,basra,2,2,1479.5,1479.5,1479.5,1479.5,0.0,0.0,,dollar_price:1479.5|dollariraqi:1479.5
2022-02-10,erbil,2,2,1480.0,1480.0,1480.0,1480.0,0.0,0.0,,dollar_price:1480|dollariraqi:1480
2022-02-13,baghdad_generic,2,2,1475.0,1475.0,1475.0,1475.0,0.0,0.0,,dollar_price:1475|dollariraqi:1475
2022-02-13,baghdad_kifah,2,2,1481.0,1481.0,1481.0,1481.0,0.0,0.0,,dollar_price:1481|dollariraqi:1481
2022-02-13,basra,2,2,1481.0,1481.0,1481.0,1481.0,0.0,0.0,,dollar_price:1481|dollariraqi:1481
2022-02-14,baghdad_generic,2,2,1475.0,1475.0,1475.0,1475.0,0.0,0.0,,dollar_price:1475|dollariraqi:1475
2022-02-14,baghdad_kifah,2,2,1480.88,1480.88,1480.75,1481.0,0.25,0.017,,dollar_price:1480.75|dollariraqi:1481
2022-02-14,basra,2,2,1481.5,1481.5,1481.5,1481.5,0.0,0.0,,dollar_price:1481.5|dollariraqi:1481.5
2022-02-14,erbil,2,2,1481.5,1481.5,1481.5,1481.5,0.0,0.0,,dollar_price:1481.5|dollariraqi:1481.5
2022-02-14,samawah,1,1,1482.0,1482.0,1482.0,1482.0,0.0,0.0,,dollar_price:1482
2022-02-15,baghdad_generic,1,1,1475.0,1475.0,1475.0,1475.0,0.0,0.0,,dollariraqi:1475
2022-02-15,baghdad_kifah,1,1,1479.75,1479.75,1479.75,1479.75,0.0,0.0,,dollariraqi:1479.75
2022-02-15,basra,1,1,1480.5,1480.5,1480.5,1480.5,0.0,0.0,,dollariraqi:1480.5
2022-02-15,erbil,1,1,1480.75,1480.75,1480.75,1480.75,0.0,0.0,,dollariraqi:1480.75
2022-02-16,baghdad_generic,2,2,1475.0,1475.0,1475.0,1475.0,0.0,0.0,,dollar_price:1475|dollariraqi:1475
2022-02-16,baghdad_kifah,2,2,1479.0,1479.0,1479.0,1479.0,0.0,0.0,,dollar_price:1479|dollariraqi:1479
2022-02-16,basra,2,2,1480.0,1480.0,1480.0,1480.0,0.0,0.0,,dollar_price:1480|dollariraqi:1480
2022-02-16,erbil,2,2,1480.5,1480.5,1480.5,1480.5,0.0,0.0,,dollar_price:1480.5|dollariraqi:1480.5
2022-02-17,baghdad_kifah,1,1,1479.25,1479.25,1479.25,1479.25,0.0,0.0,,dollariraqi:1479.25
2022-02-20,amarah,1,1,1455.0,1455.0,1455.0,1455.0,0.0,0.0,,dollariraqi:1455
2022-02-20,babil,1,1,1455.0,1455.0,1455.0,1455.0,0.0,0.0,,dollariraqi:1455
2022-02-20,baghdad_generic,1,1,1445.0,1445.0,1445.0,1445.0,0.0,0.0,,dollariraqi:1445
2022-02-20,baghdad_kifah,1,1,1454.0,1435.0,1435.0,1435.0,0.0,0.0,,dollariraqi:1435
2022-02-20,basra,1,1,1452.0,1452.0,1452.0,1452.0,0.0,0.0,,dollariraqi:1452
2022-02-20,samawah,1,1,1455.0,1455.0,1455.0,1455.0,0.0,0.0,,dollariraqi:1455
2022-02-21,baghdad_kifah,2,2,1462.0,1466.5,1466.0,1467.0,1.0,0.068,,dollar_price:1466|dollariraqi:1467
2022-02-22,baghdad_generic,2,2,1460.0,1460.0,1460.0,1460.0,0.0,0.0,,dollar_price:1460|dollariraqi:1460
2022-02-22,baghdad_kifah,2,2,1466.0,1466.0,1466.0,1466.0,0.0,0.0,,dollar_price:1466|dollariraqi:1466
2022-02-22,basra,2,2,1465.0,1465.0,1465.0,1465.0,0.0,0.0,,dollar_price:1465|dollariraqi:1465
2022-02-22,erbil,2,2,1468.25,1468.25,1468.0,1468.5,0.5,0.034,,dollar_price:1468.5|dollariraqi:1468
2022-02-22,samawah,2,2,1465.0,1465.0,1465.0,1465.0,0.0,0.0,,dollar_price:1465|dollariraqi:1465
2022-02-23,baghdad_kifah,2,2,1461.5,1461.5,1461.5,1461.5,0.0,0.0,,dollar_price:1461.5|dollariraqi:1461.5
2022-02-24,baghdad_kifah,2,2,1463.0,1463.0,1462.0,1464.0,2.0,0.137,,dollar_price:1464|dollariraqi:1462
2022-02-28,baghdad_kifah,2,2,1464.0,1464.0,1464.0,1464.0,0.0,0.0,,dollar_price:1464|dollariraqi:1464
2022-03-01,baghdad_generic,2,2,1465.0,1465.0,1465.0,1465.0,0.0,0.0,,dollar_price:1465|dollariraqi:1465
2022-03-01,baghdad_kifah,2,2,1472.5,1472.5,1472.5,1472.5,0.0,0.0,,dollar_price:1472.5|dollariraqi:1472.5
2022-03-01,basra,2,2,1473.5,1473.5,1473.5,1473.5,0.0,0.0,,dollar_price:1473.5|dollariraqi:1473.5
2022-03-01,erbil,2,2,1472.5,1472.5,1472.5,1472.5,0.0,0.0,,dollar_price:1472.5|dollariraqi:1472.5
2022-03-02,baghdad_kifah,2,2,1471.75,1471.75,1471.5,1472.0,0.5,0.034,,dollar_price:1471.5|dollariraqi:1472
2022-03-03,baghdad_kifah,2,2,1470.5,1470.5,1470.5,1470.5,0.0,0.0,,dollar_price:1470.5|dollariraqi:1470.5
2022-03-06,baghdad_kifah,2,2,1472.0,1472.0,1472.0,1472.0,0.0,0.0,,dollar_price:1472|dollariraqi:1472
2022-03-07,baghdad_generic,2,2,1465.0,1465.0,1465.0,1465.0,0.0,0.0,,dollar_price:1465|dollariraqi:1465
2022-03-07,baghdad_kifah,2,2,1472.0,1472.0,1472.0,1472.0,0.0,0.0,,dollar_price:1472|dollariraqi:1472
2022-03-07,basra,2,2,1473.0,1473.0,1473.0,1473.0,0.0,0.0,,dollar_price:1473|dollariraqi:1473
2022-03-07,erbil,2,2,1472.5,1472.5,1472.5,1472.5,0.0,0.0,,dollar_price:1472.5|dollariraqi:1472.5
2022-03-08,baghdad_kifah,2,2,1474.0,1474.0,1474.0,1474.0,0.0,0.0,,dollar_price:1474|dollariraqi:1474
2022-03-09,baghdad_kifah,2,2,1472.5,1472.5,1472.5,1472.5,0.0,0.0,,dollar_price:1472.5|dollariraqi:1472.5
2022-03-10,baghdad_kifah,2,2,1471.0,1471.0,1471.0,1471.0,0.0,0.0,,dollar_price:1471|dollariraqi:1471
2022-03-13,baghdad_kifah,2,2,1472.0,1472.0,1472.0,1472.0,0.0,0.0,,dollar_price:1472|dollariraqi:1472
2022-03-14,baghdad_kifah,1,1,1473.75,1473.75,1473.75,1473.75,0.0,0.0,,dollar_price:1473.75
2022-03-15,baghdad_generic,2,2,1467.5,1467.5,1467.5,1467.5,0.0,0.0,,dollar_price:1467.5|dollariraqi:1467.5
2022-03-15,baghdad_kifah,2,2,1473.5,1473.5,1473.5,1473.5,0.0,0.0,,dollar_price:1473.5|dollariraqi:1473.5
2022-03-15,basra,2,2,1474.0,1474.0,1474.0,1474.0,0.0,0.0,,dollar_price:1474|dollariraqi:1474
2022-03-15,erbil,2,2,1472.75,1472.75,1472.75,1472.75,0.0,0.0,,dollar_price:1472.75|dollariraqi:1472.75
2022-03-16,baghdad_kifah,2,2,1472.0,1472.0,1472.0,1472.0,0.0,0.0,,dollar_price:1472|dollariraqi:1472
2022-03-17,baghdad_generic,2,2,1467.5,1467.5,1467.5,1467.5,0.0,0.0,,dollar_price:1467.5|dollariraqi:1467.5
2022-03-17,baghdad_kifah,2,2,1473.0,1473.0,1473.0,1473.0,0.0,0.0,,dollar_price:1473|dollariraqi:1473
2022-03-17,basra,2,2,1474.0,1474.0,1474.0,1474.0,0.0,0.0,,dollar_price:1474|dollariraqi:1474
2022-03-17,erbil,2,2,1472.0,1472.0,1472.0,1472.0,0.0,0.0,,dollar_price:1472|dollariraqi:1472
2022-03-20,baghdad_generic,2,2,1467.5,1467.5,1467.5,1467.5,0.0,0.0,,dollar_price:1467.5|dollariraqi:1467.5
2022-03-20,baghdad_kifah,2,2,1472.25,1472.25,1472.25,1472.25,0.0,0.0,,dollar_price:1472.25|dollariraqi:1472.25
2022-03-20,basra,2,2,1473.5,1473.5,1473.5,1473.5,0.0,0.0,,dollar_price:1473.5|dollariraqi:1473.5
2022-03-20,erbil,2,2,1474.25,1474.25,1474.25,1474.25,0.0,0.0,,dollar_price:1474.25|dollariraqi:1474.25
2022-03-20,samarra,2,2,1474.0,1474.0,1474.0,1474.0,0.0,0.0,,dollar_price:1474|dollariraqi:1474
2022-03-21,baghdad_kifah,2,2,1472.5,1472.5,1472.5,1472.5,0.0,0.0,,dollar_price:1472.5|dollariraqi:1472.5
2022-03-22,baghdad_generic,2,2,1467.5,1467.5,1467.5,1467.5,0.0,0.0,,dollar_price:1467.5|dollariraqi:1467.5
2022-03-22,baghdad_kifah,2,2,1472.0,1472.0,1472.0,1472.0,0.0,0.0,,dollar_price:1472|dollariraqi:1472
2022-03-22,basra,2,2,1473.0,1473.0,1473.0,1473.0,0.0,0.0,,dollar_price:1473|dollariraqi:1473
2022-03-22,ramadi,1,1,1473.0,1473.0,1473.0,1473.0,0.0,0.0,,dollar_price:1473
2022-03-22,rutba,2,2,1473.0,1473.0,1473.0,1473.0,0.0,0.0,,dollar_price:1473|dollariraqi:1473
2022-03-23,baghdad_generic,1,1,1467.5,1467.5,1467.5,1467.5,0.0,0.0,,dollar_price:1467.5
2022-03-23,baghdad_kifah,2,2,1472.38,1472.38,1472.25,1472.5,0.25,0.017,,dollar_price:1472.25|dollariraqi:1472.5
2022-03-23,basra,1,1,1475.0,1475.0,1475.0,1475.0,0.0,0.0,,dollar_price:1475
2022-03-23,samawah,1,1,1474.0,1474.0,1474.0,1474.0,0.0,0.0,,dollar_price:1474
2022-03-24,baghdad_generic,2,2,1467.5,1467.5,1467.5,1467.5,0.0,0.0,,dollar_price:1467.5|dollariraqi:1467.5
2022-03-24,baghdad_kifah,2,2,1472.0,1472.0,1472.0,1472.0,0.0,0.0,,dollar_price:1472|dollariraqi:1472
2022-03-24,basra,2,2,1473.5,1473.5,1473.5,1473.5,0.0,0.0,,dollar_price:1473.5|dollariraqi:1473.5
2022-03-24,samawah,2,2,1474.0,1474.0,1474.0,1474.0,0.0,0.0,,dollar_price:1474|dollariraqi:1474
2022-03-27,baghdad_generic,2,2,1467.5,1467.5,1467.5,1467.5,0.0,0.0,,dollar_price:1467.5|dollariraqi:1467.5
2022-03-27,baghdad_kifah,2,2,1472.5,1472.5,1472.5,1472.5,0.0,0.0,,dollar_price:1472.5|dollariraqi:1472.5
2022-03-27,basra,2,2,1474.0,1474.0,1474.0,1474.0,0.0,0.0,,dollar_price:1474|dollariraqi:1474
2022-03-27,erbil,2,2,1472.25,1472.25,1472.25,1472.25,0.0,0.0,,dollar_price:1472.25|dollariraqi:1472.25
2022-03-28,baghdad_generic,2,2,1465.0,1465.0,1465.0,1465.0,0.0,0.0,,dollar_price:1465|dollariraqi:1465
2022-03-28,baghdad_kifah,2,2,1471.13,1471.13,1471.0,1471.25,0.25,0.017,,dollar_price:1471.25|dollariraqi:1471
2022-03-28,basra,2,2,1473.0,1473.0,1473.0,1473.0,0.0,0.0,,dollar_price:1473|dollariraqi:1473
2022-03-28,erbil,2,2,1470.88,1470.88,1470.75,1471.0,0.25,0.017,,dollar_price:1471|dollariraqi:1470.75
2022-03-29,baghdad_generic,2,2,1465.0,1465.0,1465.0,1465.0,0.0,0.0,,dollar_price:1465|dollariraqi:1465
2022-03-29,baghdad_kifah,2,2,1471.5,1471.5,1471.5,1471.5,0.0,0.0,,dollar_price:1471.5|dollariraqi:1471.5
2022-03-29,basra,2,2,1473.0,1473.0,1473.0,1473.0,0.0,0.0,,dollar_price:1473|dollariraqi:1473
2022-03-29,erbil,2,2,1471.75,1471.75,1471.75,1471.75,0.0,0.0,,dollar_price:1471.75|dollariraqi:1471.75
2022-03-30,baghdad_generic,2,2,1465.0,1465.0,1465.0,1465.0,0.0,0.0,,dollar_price:1465|dollariraqi:1465
2022-03-30,baghdad_kifah,2,2,1471.0,1471.0,1471.0,1471.0,0.0,0.0,,dollar_price:1471|dollariraqi:1471
2022-03-30,basra,2,2,1472.0,1472.0,1471.5,1472.5,1.0,0.068,,dollar_price:1471.5|dollariraqi:1472.5
2022-03-30,erbil,2,2,1471.63,1471.63,1471.5,1471.75,0.25,0.017,,dollar_price:1471.75|dollariraqi:1471.5
2022-03-31,baghdad_generic,2,2,1465.0,1465.0,1465.0,1465.0,0.0,0.0,,dollar_price:1465|dollariraqi:1465
2022-03-31,baghdad_kifah,2,2,1471.0,1471.0,1471.0,1471.0,0.0,0.0,,dollar_price:1471|dollariraqi:1471
2022-03-31,basra,2,2,1472.5,1472.5,1472.5,1472.5,0.0,0.0,,dollar_price:1472.5|dollariraqi:1472.5
2022-03-31,erbil,2,2,1471.5,1471.5,1471.5,1471.5,0.0,0.0,,dollar_price:1471.5|dollariraqi:1471.5
2022-04-03,baghdad_kifah,2,2,1472.0,1472.0,1472.0,1472.0,0.0,0.0,,dollar_price:1472|dollariraqi:1472
2022-04-04,baghdad_generic,2,2,1467.5,1467.5,1467.5,1467.5,0.0,0.0,,dollar_price:1467.5|dollariraqi:1467.5
2022-04-04,baghdad_kifah,2,2,1473.0,1473.0,1473.0,1473.0,0.0,0.0,,dollar_price:1473|dollariraqi:1473
2022-04-04,basra,2,2,1473.0,1473.0,1473.0,1473.0,0.0,0.0,,dollar_price:1473|dollariraqi:1473
2022-04-04,erbil,2,2,1472.5,1472.5,1472.5,1472.5,0.0,0.0,,dollar_price:1472.5|dollariraqi:1472.5
2022-04-05,baghdad_kifah,2,2,1476.0,1476.0,1476.0,1476.0,0.0,0.0,,dollar_price:1476|dollariraqi:1476
2022-04-05,basra,1,1,1477.0,1477.0,1477.0,1477.0,0.0,0.0,,dollariraqi:1477
2022-04-05,erbil,1,1,1476.25,1476.25,1476.25,1476.25,0.0,0.0,,dollariraqi:1476.25
2022-04-06,baghdad_generic,2,2,1470.0,1470.0,1470.0,1470.0,0.0,0.0,,dollar_price:1470|dollariraqi:1470
2022-04-06,baghdad_kifah,2,2,1474.0,1474.0,1474.0,1474.0,0.0,0.0,,dollar_price:1474|dollariraqi:1474
2022-04-06,basra,2,2,1475.0,1475.0,1475.0,1475.0,0.0,0.0,,dollar_price:1475|dollariraqi:1475
2022-04-06,erbil,2,2,1474.5,1474.5,1474.5,1474.5,0.0,0.0,,dollar_price:1474.5|dollariraqi:1474.5
2022-04-07,baghdad_kifah,1,1,1475.75,1475.75,1475.75,1475.75,0.0,0.0,,dollariraqi:1475.75
2022-04-07,basra,1,1,1476.5,1476.5,1476.5,1476.5,0.0,0.0,,dollariraqi:1476.5
2022-04-07,erbil,1,1,1475.75,1475.75,1475.75,1475.75,0.0,0.0,,dollariraqi:1475.75
2022-04-10,baghdad_generic,2,2,1470.0,1470.0,1470.0,1470.0,0.0,0.0,,dollar_price:1470|dollariraqi:1470
2022-04-10,baghdad_kifah,2,2,1476.88,1476.63,1476.5,1476.75,0.25,0.017,,dollar_price:1476.5|dollariraqi:1476.75
2022-04-10,basra,2,2,1477.75,1477.75,1477.5,1478.0,0.5,0.034,,dollar_price:1477.5|dollariraqi:1478
2022-04-10,erbil,2,2,1476.38,1476.38,1476.25,1476.5,0.25,0.017,,dollar_price:1476.25|dollariraqi:1476.5
2022-04-11,baghdad_kifah,2,2,1478.5,1478.5,1478.5,1478.5,0.0,0.0,,dollar_price:1478.5|dollariraqi:1478.5
2022-04-11,basra,1,1,1479.0,1479.0,1479.0,1479.0,0.0,0.0,,dollariraqi:1479
2022-04-11,erbil,1,1,1478.25,1478.25,1478.25,1478.25,0.0,0.0,,dollariraqi:1478.25
2022-04-12,baghdad_generic,2,2,1472.5,1472.5,1472.5,1472.5,0.0,0.0,,dollar_price:1472.5|dollariraqi:1472.5
2022-04-12,baghdad_kifah,2,2,1477.5,1477.5,1477.5,1477.5,0.0,0.0,,dollar_price:1477.5|dollariraqi:1477.5
2022-04-12,basra,2,2,1478.5,1478.5,1478.5,1478.5,0.0,0.0,,dollar_price:1478.5|dollariraqi:1478.5
2022-04-12,erbil,2,2,1477.25,1477.25,1477.25,1477.25,0.0,0.0,,dollar_price:1477.25|dollariraqi:1477.25
2022-04-13,baghdad_generic,1,1,1472.5,1472.5,1472.5,1472.5,0.0,0.0,,dollariraqi:1472.5
2022-04-13,baghdad_kifah,2,2,1477.88,1477.88,1477.75,1478.0,0.25,0.017,,dollar_price:1478|dollariraqi:1477.75
2022-04-13,basra,1,1,1479.0,1479.0,1479.0,1479.0,0.0,0.0,,dollariraqi:1479
2022-04-13,erbil,1,1,1478.25,1478.25,1478.25,1478.25,0.0,0.0,,dollariraqi:1478.25
2022-04-14,baghdad_generic,1,1,1472.5,1472.5,1472.5,1472.5,0.0,0.0,,dollariraqi:1472.5
2022-04-14,baghdad_kifah,2,2,1477.88,1477.88,1477.75,1478.0,0.25,0.017,,dollar_price:1478|dollariraqi:1477.75
2022-04-14,basra,1,1,1479.5,1479.5,1479.5,1479.5,0.0,0.0,,dollariraqi:1479.5
2022-04-14,erbil,1,1,1477.25,1477.25,1477.25,1477.25,0.0,0.0,,dollariraqi:1477.25
2022-04-17,baghdad_kifah,2,2,1478.0,1478.0,1478.0,1478.0,0.0,0.0,,dollar_price:1478|dollariraqi:1478
2022-04-18,baghdad_generic,1,1,1472.5,1472.5,1472.5,1472.5,0.0,0.0,,dollariraqi:1472.5
2022-04-18,baghdad_kifah,2,2,1477.5,1477.38,1477.25,1477.5,0.25,0.017,,dollar_price:1477.5|dollariraqi:1477.25
2022-04-18,basra,1,1,1479.0,1479.0,1479.0,1479.0,0.0,0.0,,dollariraqi:1479
2022-04-18,erbil,1,1,1477.5,1477.5,1477.5,1477.5,0.0,0.0,,dollariraqi:1477.5
2022-04-19,baghdad_generic,1,1,1470.0,1470.0,1470.0,1470.0,0.0,0.0,,dollariraqi:1470
2022-04-19,baghdad_kifah,2,2,1476.38,1476.38,1476.25,1476.5,0.25,0.017,,dollar_price:1476.5|dollariraqi:1476.25
2022-04-19,basra,1,1,1478.0,1478.0,1478.0,1478.0,0.0,0.0,,dollariraqi:1478
2022-04-19,erbil,1,1,1475.75,1475.75,1475.75,1475.75,0.0,0.0,,dollariraqi:1475.75
2022-04-20,baghdad_generic,1,1,1470.0,1470.0,1470.0,1470.0,0.0,0.0,,dollariraqi:1470
2022-04-20,baghdad_kifah,1,1,1474.5,1474.5,1474.5,1474.5,0.0,0.0,,dollariraqi:1474.5
2022-04-20,basra,1,1,1476.0,1476.0,1476.0,1476.0,0.0,0.0,,dollariraqi:1476
2022-04-20,erbil,1,1,1474.0,1474.0,1474.0,1474.0,0.0,0.0,,dollariraqi:1474
2022-04-21,baghdad_kifah,2,2,1474.5,1474.5,1474.5,1474.5,0.0,0.0,,dollar_price:1474.5|dollariraqi:1474.5
2022-04-24,baghdad_kifah,1,1,1474.5,1474.5,1474.5,1474.5,0.0,0.0,,dollariraqi:1474.5
2022-04-24,basra,1,1,1480.0,1480.0,1480.0,1480.0,0.0,0.0,,dollariraqi:1480
2022-04-24,erbil,1,1,1473.5,1473.5,1473.5,1473.5,0.0,0.0,,dollariraqi:1473.5
2022-04-25,baghdad_kifah,2,2,1474.5,1474.5,1474.5,1474.5,0.0,0.0,,dollar_price:1474.5|dollariraqi:1474.5
2022-04-25,basra,1,1,1480.0,1480.0,1480.0,1480.0,0.0,0.0,,dollariraqi:1480
2022-04-25,erbil,1,1,1473.75,1473.75,1473.75,1473.75,0.0,0.0,,dollariraqi:1473.75
2022-04-26,baghdad_kifah,2,2,1473.75,1473.75,1473.5,1474.0,0.5,0.034,,dollar_price:1474|dollariraqi:1473.5
2022-04-26,basra,1,1,1477.5,1477.5,1477.5,1477.5,0.0,0.0,,dollariraqi:1477.5
2022-04-26,erbil,1,1,1473.25,1473.25,1473.25,1473.25,0.0,0.0,,dollariraqi:1473.25
2022-04-27,baghdad_generic,2,2,1470.0,1470.0,1470.0,1470.0,0.0,0.0,,dollar_price:1470|dollariraqi:1470
2022-04-27,baghdad_kifah,2,2,1475.0,1475.0,1475.0,1475.0,0.0,0.0,,dollar_price:1475|dollariraqi:1475
2022-04-27,basra,2,2,1476.0,1476.0,1476.0,1476.0,0.0,0.0,,dollar_price:1476|dollariraqi:1476
2022-04-27,erbil,2,2,1475.5,1475.5,1475.5,1475.5,0.0,0.0,,dollar_price:1475.5|dollariraqi:1475.5
2022-04-28,baghdad_generic,2,2,1470.0,1470.0,1470.0,1470.0,0.0,0.0,,dollar_price:1470|dollariraqi:1470
2022-04-28,baghdad_kifah,2,2,1475.63,1475.63,1475.5,1475.75,0.25,0.017,,dollar_price:1475.5|dollariraqi:1475.75
2022-04-28,basra,2,2,1476.75,1476.75,1476.5,1477.0,0.5,0.034,,dollar_price:1476.5|dollariraqi:1477
2022-04-28,erbil,2,2,1476.0,1476.0,1476.0,1476.0,0.0,0.0,,dollar_price:1476|dollariraqi:1476
2022-05-01,baghdad_kifah,2,2,1478.5,1478.5,1478.5,1478.5,0.0,0.0,,dollar_price:1478.5|dollariraqi:1478.5
2022-05-08,baghdad_kifah,1,1,1477.5,1477.5,1477.5,1477.5,0.0,0.0,,dollariraqi:1477.5
2022-05-09,baghdad_kifah,2,2,1478.75,1479.5,1479.5,1479.5,0.0,0.0,,dollar_price:1479.5|dollariraqi:1479.5
2022-05-09,basra,1,1,1482.5,1482.5,1482.5,1482.5,0.0,0.0,,dollariraqi:1482.5
2022-05-09,erbil,1,1,1479.25,1479.25,1479.25,1479.25,0.0,0.0,,dollariraqi:1479.25
2022-05-10,baghdad_generic,2,2,1475.0,1475.0,1475.0,1475.0,0.0,0.0,,dollar_price:1475|dollariraqi:1475
2022-05-10,baghdad_kifah,2,2,1479.5,1479.5,1479.5,1479.5,0.0,0.0,,dollar_price:1479.5|dollariraqi:1479.5
2022-05-10,basra,2,2,1480.0,1480.0,1480.0,1480.0,0.0,0.0,,dollar_price:1480|dollariraqi:1480
2022-05-10,erbil,2,2,1479.5,1479.5,1479.5,1479.5,0.0,0.0,,dollar_price:1479.5|dollariraqi:1479.5
2022-05-11,baghdad_generic,1,1,1475.0,1475.0,1475.0,1475.0,0.0,0.0,,dollariraqi:1475
2022-05-11,baghdad_kifah,2,2,1480.25,1480.25,1480.0,1480.5,0.5,0.034,,dollar_price:1480.5|dollariraqi:1480
2022-05-11,basra,1,1,1481.5,1481.5,1481.5,1481.5,0.0,0.0,,dollariraqi:1481.5
2022-05-11,erbil,1,1,1481.0,1481.0,1481.0,1481.0,0.0,0.0,,dollariraqi:1481
2022-05-12,baghdad_kifah,2,2,1480.0,1480.0,1480.0,1480.0,0.0,0.0,,dollar_price:1480|dollariraqi:1480
2022-05-12,basra,1,1,1481.5,1481.5,1481.5,1481.5,0.0,0.0,,dollariraqi:1481.5
2022-05-12,erbil,1,1,1481.25,1481.25,1481.25,1481.25,0.0,0.0,,dollariraqi:1481.25
2022-05-15,babil,1,1,1483.25,1483.25,1483.25,1483.25,0.0,0.0,,dollariraqi:1483.25
2022-05-15,baghdad_generic,1,1,1477.5,1477.5,1477.5,1477.5,0.0,0.0,,dollariraqi:1477.5
2022-05-15,baghdad_kifah,2,2,1482.0,1482.0,1481.0,1483.0,2.0,0.135,,dollar_price:1481|dollariraqi:1483
2022-05-15,basra,1,1,1483.0,1483.0,1483.0,1483.0,0.0,0.0,,dollariraqi:1483
2022-05-15,erbil,1,1,1483.5,1483.5,1483.5,1483.5,0.0,0.0,,dollariraqi:1483.5
2022-05-15,nasiriyah,1,1,1483.5,1483.5,1483.5,1483.5,0.0,0.0,,dollariraqi:1483.5
2022-05-16,baghdad_generic,1,1,1475.0,1475.0,1475.0,1475.0,0.0,0.0,,dollariraqi:1475
2022-05-16,baghdad_kifah,2,2,1480.25,1480.25,1480.0,1480.5,0.5,0.034,,dollar_price:1480.5|dollariraqi:1480
2022-05-16,basra,1,1,1481.5,1481.5,1481.5,1481.5,0.0,0.0,,dollariraqi:1481.5
2022-05-16,erbil,1,1,1481.5,1481.5,1481.5,1481.5,0.0,0.0,,dollariraqi:1481.5
2022-05-17,baghdad_kifah,2,2,1480.0,1480.0,1480.0,1480.0,0.0,0.0,,dollar_price:1480|dollariraqi:1480
2022-05-17,basra,1,1,1485.0,1485.0,1485.0,1485.0,0.0,0.0,,dollariraqi:1485
2022-05-17,erbil,1,1,1482.25,1482.25,1482.25,1482.25,0.0,0.0,,dollariraqi:1482.25
2022-05-18,baghdad_generic,2,2,1477.5,1477.5,1477.5,1477.5,0.0,0.0,,dollar_price:1477.5|dollariraqi:1477.5
2022-05-18,baghdad_kifah,2,2,1482.0,1482.0,1482.0,1482.0,0.0,0.0,,dollar_price:1482|dollariraqi:1482
2022-05-18,basra,2,2,1482.5,1482.5,1482.5,1482.5,0.0,0.0,,dollar_price:1482.5|dollariraqi:1482.5
2022-05-18,erbil,2,2,1483.0,1483.0,1483.0,1483.0,0.0,0.0,,dollar_price:1483|dollariraqi:1483
2022-05-19,baghdad_kifah,2,2,1482.25,1482.25,1482.25,1482.25,0.0,0.0,,dollar_price:1482.25|dollariraqi:1482.25
2022-05-22,baghdad_generic,2,2,1477.5,1477.5,1477.5,1477.5,0.0,0.0,,dollar_price:1477.5|dollariraqi:1477.5
2022-05-22,baghdad_kifah,2,2,1481.5,1481.5,1481.5,1481.5,0.0,0.0,,dollar_price:1481.5|dollariraqi:1481.5
2022-05-22,basra,2,2,1482.5,1482.5,1482.5,1482.5,0.0,0.0,,dollar_price:1482.5|dollariraqi:1482.5
2022-05-22,erbil,2,2,1482.5,1482.5,1482.5,1482.5,0.0,0.0,,dollar_price:1482.5|dollariraqi:1482.5
2022-05-23,baghdad_generic,2,2,1476.25,1476.25,1475.0,1477.5,2.5,0.169,,dollar_price:1475|dollariraqi:1477.5
2022-05-23,baghdad_kifah,2,2,1481.13,1481.13,1481.0,1481.25,0.25,0.017,,dollar_price:1481|dollariraqi:1481.25
2022-05-23,basra,2,2,1481.75,1481.75,1481.5,1482.0,0.5,0.034,,dollar_price:1481.5|dollariraqi:1482
2022-05-23,erbil,2,2,1480.88,1480.88,1480.75,1481.0,0.25,0.017,,dollar_price:1480.75|dollariraqi:1481
2022-05-24,baghdad_generic,2,2,1476.25,1476.25,1475.0,1477.5,2.5,0.169,,dollar_price:1475|dollariraqi:1477.5
2022-05-24,baghdad_kifah,2,2,1480.75,1480.75,1480.5,1481.0,0.5,0.034,,dollar_price:1480.5|dollariraqi:1481
2022-05-24,basra,2,2,1481.5,1481.5,1481.5,1481.5,0.0,0.0,,dollar_price:1481.5|dollariraqi:1481.5
2022-05-24,erbil,2,2,1480.25,1480.25,1480.0,1480.5,0.5,0.034,,dollar_price:1480|dollariraqi:1480.5
2022-05-25,baghdad_generic,1,1,1475.0,1475.0,1475.0,1475.0,0.0,0.0,,dollariraqi:1475
2022-05-25,baghdad_kifah,2,2,1481.25,1481.25,1481.25,1481.25,0.0,0.0,,dollar_price:1481.25|dollariraqi:1481.25
2022-05-25,basra,1,1,1482.0,1482.0,1482.0,1482.0,0.0,0.0,,dollariraqi:1482
2022-05-25,erbil,1,1,1481.0,1481.0,1481.0,1481.0,0.0,0.0,,dollariraqi:1481
2022-05-26,baghdad_kifah,2,2,1482.0,1482.0,1482.0,1482.0,0.0,0.0,,dollar_price:1482|dollariraqi:1482
2022-05-26,basra,1,1,1482.5,1482.5,1482.5,1482.5,0.0,0.0,,dollariraqi:1482.5
2022-05-26,erbil,1,1,1482.5,1482.5,1482.5,1482.5,0.0,0.0,,dollariraqi:1482.5
2022-05-29,baghdad_generic,2,2,1477.5,1477.5,1477.5,1477.5,0.0,0.0,,dollar_price:1477.5|dollariraqi:1477.5
2022-05-29,baghdad_kifah,2,2,1482.0,1482.0,1482.0,1482.0,0.0,0.0,,dollar_price:1482|dollariraqi:1482
2022-05-29,basra,2,2,1482.5,1482.5,1482.5,1482.5,0.0,0.0,,dollar_price:1482.5|dollariraqi:1482.5
2022-05-29,erbil,2,2,1482.25,1482.25,1482.25,1482.25,0.0,0.0,,dollar_price:1482.25|dollariraqi:1482.25
2022-05-30,baghdad_generic,2,2,1480.0,1480.0,1480.0,1480.0,0.0,0.0,,dollar_price:1480|dollariraqi:1480
2022-05-30,baghdad_kifah,2,2,1484.0,1484.0,1484.0,1484.0,0.0,0.0,,dollar_price:1484|dollariraqi:1484
2022-05-30,basra,2,2,1484.0,1484.0,1484.0,1484.0,0.0,0.0,,dollar_price:1484|dollariraqi:1484
2022-05-30,ramadi,2,2,1485.0,1485.0,1485.0,1485.0,0.0,0.0,,dollar_price:1485|dollariraqi:1485
2022-05-30,samarra,2,2,1485.5,1485.5,1485.5,1485.5,0.0,0.0,,dollar_price:1485.5|dollariraqi:1485.5
2022-05-30,tikrit,1,1,1485.5,1485.5,1485.5,1485.5,0.0,0.0,,dollar_price:1485.5
2022-05-31,baghdad_kifah,2,2,1482.88,1482.88,1481.75,1484.0,2.25,0.152,,dollar_price:1481.75|dollariraqi:1484
2022-05-31,basra,1,1,1484.5,1484.5,1484.5,1484.5,0.0,0.0,,dollariraqi:1484.5
2022-05-31,erbil,1,1,1484.5,1484.5,1484.5,1484.5,0.0,0.0,,dollariraqi:1484.5
2022-06-01,baghdad_kifah,2,2,1481.5,1481.5,1481.5,1481.5,0.0,0.0,,dollar_price:1481.5|dollariraqi:1481.5
2022-06-01,basra,1,1,1482.0,1482.0,1482.0,1482.0,0.0,0.0,,dollariraqi:1482
2022-06-01,erbil,1,1,1481.25,1481.25,1481.25,1481.25,0.0,0.0,,dollariraqi:1481.25
2022-06-02,baghdad_kifah,2,2,1482.0,1482.0,1482.0,1482.0,0.0,0.0,,dollar_price:1482|dollariraqi:1482
2022-06-02,basra,1,1,1482.5,1482.5,1482.5,1482.5,0.0,0.0,,dollariraqi:1482.5
2022-06-02,erbil,1,1,1481.75,1481.75,1481.75,1481.75,0.0,0.0,,dollariraqi:1481.75
2022-06-05,baghdad_generic,2,2,1477.5,1477.5,1477.5,1477.5,0.0,0.0,,dollar_price:1477.5|dollariraqi:1477.5
2022-06-05,baghdad_kifah,2,2,1483.25,1483.25,1483.25,1483.25,0.0,0.0,,dollar_price:1483.25|dollariraqi:1483.25
2022-06-05,basra,2,2,1483.5,1483.5,1483.5,1483.5,0.0,0.0,,dollar_price:1483.5|dollariraqi:1483.5
2022-06-05,erbil,2,2,1483.5,1483.5,1483.5,1483.5,0.0,0.0,,dollar_price:1483.5|dollariraqi:1483.5
2022-06-05,ramadi,2,2,1485.0,1485.0,1485.0,1485.0,0.0,0.0,,dollar_price:1485|dollariraqi:1485
2022-06-06,baghdad_generic,2,2,1477.5,1477.5,1477.5,1477.5,0.0,0.0,,dollar_price:1477.5|dollariraqi:1477.5
2022-06-06,baghdad_kifah,2,2,1483.25,1483.25,1483.25,1483.25,0.0,0.0,,dollar_price:1483.25|dollariraqi:1483.25
2022-06-06,basra,2,2,1483.5,1483.5,1483.5,1483.5,0.0,0.0,,dollar_price:1483.5|dollariraqi:1483.5
2022-06-06,erbil,2,2,1482.75,1482.75,1482.75,1482.75,0.0,0.0,,dollar_price:1482.75|dollariraqi:1482.75
2022-06-07,baghdad_generic,2,2,1477.5,1477.5,1477.5,1477.5,0.0,0.0,,dollar_price:1477.5|dollariraqi:1477.5
2022-06-07,baghdad_kifah,2,2,1483.75,1483.75,1483.75,1483.75,0.0,0.0,,dollar_price:1483.75|dollariraqi:1483.75
2022-06-07,basra,2,2,1484.0,1484.0,1484.0,1484.0,0.0,0.0,,dollar_price:1484|dollariraqi:1484
2022-06-07,erbil,2,2,1483.25,1483.25,1483.25,1483.25,0.0,0.0,,dollar_price:1483.25|dollariraqi:1483.25
2022-06-08,baghdad_generic,2,2,1480.0,1480.0,1480.0,1480.0,0.0,0.0,,dollar_price:1480|dollariraqi:1480
2022-06-08,baghdad_kifah,2,2,1484.0,1484.0,1484.0,1484.0,0.0,0.0,,dollar_price:1484|dollariraqi:1484
2022-06-08,basra,2,2,1484.5,1484.5,1484.5,1484.5,0.0,0.0,,dollar_price:1484.5|dollariraqi:1484.5
2022-06-08,erbil,2,2,1482.75,1482.75,1482.75,1482.75,0.0,0.0,,dollar_price:1482.75|dollariraqi:1482.75
2022-06-09,baghdad_generic,2,2,1477.5,1477.5,1477.5,1477.5,0.0,0.0,,dollar_price:1477.5|dollariraqi:1477.5
2022-06-09,baghdad_kifah,2,2,1482.5,1482.5,1482.5,1482.5,0.0,0.0,,dollar_price:1482.5|dollariraqi:1482.5
2022-06-09,basra,2,2,1483.5,1483.5,1483.5,1483.5,0.0,0.0,,dollar_price:1483.5|dollariraqi:1483.5
2022-06-09,erbil,2,2,1482.0,1482.0,1482.0,1482.0,0.0,0.0,,dollar_price:1482|dollariraqi:1482
2022-06-09,ramadi,2,2,1483.5,1483.5,1483.5,1483.5,0.0,0.0,,dollar_price:1483.5|dollariraqi:1483.5
2022-06-12,baghdad_kifah,2,2,1483.5,1483.5,1483.5,1483.5,0.0,0.0,,dollar_price:1483.5|dollariraqi:1483.5
2022-06-12,basra,1,1,1487.5,1487.5,1487.5,1487.5,0.0,0.0,,dollariraqi:1487.5
2022-06-12,erbil,1,1,1482.25,1482.25,1482.25,1482.25,0.0,0.0,,dollariraqi:1482.25
2022-06-13,baghdad_generic,2,2,1480.0,1480.0,1480.0,1480.0,0.0,0.0,,dollar_price:1480|dollariraqi:1480
2022-06-13,baghdad_kifah,2,2,1486.0,1486.0,1486.0,1486.0,0.0,0.0,,dollar_price:1486|dollariraqi:1486
2022-06-13,basra,2,2,1486.0,1486.0,1486.0,1486.0,0.0,0.0,,dollar_price:1486|dollariraqi:1486
2022-06-13,erbil,2,2,1485.25,1485.25,1485.25,1485.25,0.0,0.0,,dollar_price:1485.25|dollariraqi:1485.25
2022-06-14,babil,1,1,1485.0,1485.0,1485.0,1485.0,0.0,0.0,,dollar_price:1485
2022-06-14,baghdad_generic,2,2,1480.0,1480.0,1480.0,1480.0,0.0,0.0,,dollar_price:1480|dollariraqi:1480
2022-06-14,baghdad_kifah,2,2,1484.5,1484.5,1484.5,1484.5,0.0,0.0,,dollar_price:1484.5|dollariraqi:1484.5
2022-06-14,basra,2,2,1485.5,1485.5,1485.5,1485.5,0.0,0.0,,dollar_price:1485.5|dollariraqi:1485.5
2022-06-14,erbil,2,2,1484.5,1484.5,1484.5,1484.5,0.0,0.0,,dollar_price:1484.5|dollariraqi:1484.5
2022-06-14,hillah,2,2,1485.0,1485.0,1485.0,1485.0,0.0,0.0,,dollar_price:1485|dollariraqi:1485
2022-06-14,ramadi,2,2,1485.5,1485.5,1485.5,1485.5,0.0,0.0,,dollar_price:1485.5|dollariraqi:1485.5
2022-06-15,baghdad_generic,1,1,1477.5,1477.5,1477.5,1477.5,0.0,0.0,,dollariraqi:1477.5
2022-06-15,baghdad_kifah,2,2,1483.63,1483.63,1482.75,1484.5,1.75,0.118,,dollar_price:1484.5|dollariraqi:1482.75
2022-06-15,basra,1,1,1484.0,1484.0,1484.0,1484.0,0.0,0.0,,dollariraqi:1484
2022-06-15,erbil,1,1,1483.5,1483.5,1483.5,1483.5,0.0,0.0,,dollariraqi:1483.5
2022-06-15,samarra,1,1,1485.0,1485.0,1485.0,1485.0,0.0,0.0,,dollariraqi:1485
2022-06-16,baghdad_generic,2,2,1480.0,1480.0,1480.0,1480.0,0.0,0.0,,dollar_price:1480|dollariraqi:1480
2022-06-16,baghdad_kifah,2,2,1484.5,1484.5,1484.5,1484.5,0.0,0.0,,dollar_price:1484.5|dollariraqi:1484.5
2022-06-16,basra,2,2,1486.0,1486.0,1486.0,1486.0,0.0,0.0,,dollar_price:1486|dollariraqi:1486
2022-06-16,erbil,2,2,1485.75,1485.75,1485.75,1485.75,0.0,0.0,,dollar_price:1485.75|dollariraqi:1485.75
2022-06-19,baghdad_generic,2,2,1480.0,1480.0,1480.0,1480.0,0.0,0.0,,dollar_price:1480|dollariraqi:1480
2022-06-19,baghdad_kifah,2,2,1484.5,1484.5,1484.5,1484.5,0.0,0.0,,dollar_price:1484.5|dollariraqi:1484.5
2022-06-19,basra,2,2,1485.5,1485.5,1485.5,1485.5,0.0,0.0,,dollar_price:1485.5|dollariraqi:1485.5
2022-06-20,baghdad_generic,2,2,1480.0,1480.0,1480.0,1480.0,0.0,0.0,,dollar_price:1480|dollariraqi:1480
2022-06-20,baghdad_kifah,2,2,1485.5,1485.5,1485.5,1485.5,0.0,0.0,,dollar_price:1485.5|dollariraqi:1485.5
2022-06-20,basra,2,2,1486.0,1486.0,1486.0,1486.0,0.0,0.0,,dollar_price:1486|dollariraqi:1486
2022-06-20,erbil,2,2,1486.25,1486.25,1486.25,1486.25,0.0,0.0,,dollar_price:1486.25|dollariraqi:1486.25
2022-06-21,babil,2,2,1484.0,1484.0,1484.0,1484.0,0.0,0.0,,dollar_price:1484|dollariraqi:1484
2022-06-21,baghdad_generic,2,2,1477.5,1477.5,1477.5,1477.5,0.0,0.0,,dollar_price:1477.5|dollariraqi:1477.5
2022-06-21,baghdad_kifah,2,2,1483.5,1483.5,1483.5,1483.5,0.0,0.0,,dollar_price:1483.5|dollariraqi:1483.5
2022-06-21,basra,2,2,1485.0,1485.0,1485.0,1485.0,0.0,0.0,,dollar_price:1485|dollariraqi:1485
2022-06-21,erbil,2,2,1484.25,1484.25,1484.25,1484.25,0.0,0.0,,dollar_price:1484.25|dollariraqi:1484.25
2022-06-21,ramadi,2,2,1485.0,1485.0,1485.0,1485.0,0.0,0.0,,dollar_price:1485|dollariraqi:1485
2022-06-22,baghdad_generic,2,2,1477.5,1477.5,1477.5,1477.5,0.0,0.0,,dollar_price:1477.5|dollariraqi:1477.5
2022-06-22,baghdad_kifah,2,2,1483.25,1483.25,1483.25,1483.25,0.0,0.0,,dollar_price:1483.25|dollariraqi:1483.25
2022-06-22,basra,2,2,1484.5,1484.5,1484.5,1484.5,0.0,0.0,,dollar_price:1484.5|dollariraqi:1484.5
2022-06-22,erbil,2,2,1484.63,1484.63,1484.5,1484.75,0.25,0.017,,dollar_price:1484.75|dollariraqi:1484.5
2022-06-23,baghdad_generic,2,2,1477.5,1477.5,1477.5,1477.5,0.0,0.0,,dollar_price:1477.5|dollariraqi:1477.5
2022-06-23,baghdad_kifah,2,2,1483.5,1483.5,1483.5,1483.5,0.0,0.0,,dollar_price:1483.5|dollariraqi:1483.5
2022-06-23,basra,2,2,1485.0,1485.0,1485.0,1485.0,0.0,0.0,,dollar_price:1485|dollariraqi:1485
2022-06-23,erbil,2,2,1485.0,1485.0,1485.0,1485.0,0.0,0.0,,dollar_price:1485|dollariraqi:1485
2022-06-26,baghdad_generic,2,2,1477.5,1477.5,1477.5,1477.5,0.0,0.0,,dollar_price:1477.5|dollariraqi:1477.5
2022-06-26,baghdad_kifah,2,2,1482.88,1482.88,1482.75,1483.0,0.25,0.017,,dollar_price:1482.75|dollariraqi:1483
2022-06-26,basra,2,2,1484.0,1484.0,1483.5,1484.5,1.0,0.067,,dollar_price:1483.5|dollariraqi:1484.5
2022-06-26,erbil,2,2,1484.5,1484.5,1484.5,1484.5,0.0,0.0,,dollar_price:1484.5|dollariraqi:1484.5
2022-06-27,baghdad_generic,2,2,1475.0,1475.0,1475.0,1475.0,0.0,0.0,,dollar_price:1475|dollariraqi:1475
2022-06-27,baghdad_kifah,2,2,1480.38,1480.38,1480.25,1480.5,0.25,0.017,,dollar_price:1480.5|dollariraqi:1480.25
2022-06-27,basra,2,2,1481.75,1481.75,1481.5,1482.0,0.5,0.034,,dollar_price:1482|dollariraqi:1481.5
2022-06-27,erbil,2,2,1481.0,1481.0,1481.0,1481.0,0.0,0.0,,dollar_price:1481|dollariraqi:1481
2022-06-28,baghdad_generic,2,2,1475.0,1475.0,1475.0,1475.0,0.0,0.0,,dollar_price:1475|dollariraqi:1475
2022-06-28,baghdad_kifah,2,2,1481.0,1481.0,1481.0,1481.0,0.0,0.0,,dollar_price:1481|dollariraqi:1481
2022-06-28,basra,2,2,1482.5,1482.5,1482.5,1482.5,0.0,0.0,,dollar_price:1482.5|dollariraqi:1482.5
2022-06-28,erbil,2,2,1482.25,1482.25,1482.25,1482.25,0.0,0.0,,dollar_price:1482.25|dollariraqi:1482.25
2022-06-29,baghdad_generic,2,2,1475.0,1475.0,1475.0,1475.0,0.0,0.0,,dollar_price:1475|dollariraqi:1475
2022-06-29,baghdad_kifah,2,2,1480.0,1480.0,1480.0,1480.0,0.0,0.0,,dollar_price:1480|dollariraqi:1480
2022-06-29,basra,2,2,1481.0,1481.0,1481.0,1481.0,0.0,0.0,,dollar_price:1481|dollariraqi:1481
2022-06-29,erbil,2,2,1481.75,1481.75,1481.75,1481.75,0.0,0.0,,dollar_price:1481.75|dollariraqi:1481.75
2022-06-30,baghdad_generic,2,2,1475.0,1475.0,1475.0,1475.0,0.0,0.0,,dollar_price:1475|dollariraqi:1475
2022-06-30,baghdad_kifah,2,2,1480.5,1480.88,1480.5,1481.25,0.75,0.051,,dollar_price:1480.5|dollariraqi:1481.25
2022-06-30,basra,2,2,1481.5,1481.5,1481.5,1481.5,0.0,0.0,,dollar_price:1481.5|dollariraqi:1481.5
2022-06-30,erbil,2,2,1482.5,1482.5,1482.5,1482.5,0.0,0.0,,dollar_price:1482.5|dollariraqi:1482.5
2022-07-03,baghdad_generic,2,2,1477.5,1477.5,1477.5,1477.5,0.0,0.0,,dollar_price:1477.5|dollariraqi:1477.5
2022-07-03,baghdad_kifah,2,2,1483.0,1483.0,1483.0,1483.0,0.0,0.0,,dollar_price:1483|dollariraqi:1483
2022-07-03,basra,2,2,1483.5,1483.5,1483.5,1483.5,0.0,0.0,,dollar_price:1483.5|dollariraqi:1483.5
2022-07-03,erbil,2,2,1484.13,1484.13,1484.0,1484.25,0.25,0.017,,dollar_price:1484|dollariraqi:1484.25
2022-07-03,ramadi,2,2,1484.0,1484.0,1484.0,1484.0,0.0,0.0,,dollar_price:1484|dollariraqi:1484
2022-07-04,baghdad_generic,2,2,1477.5,1477.5,1477.5,1477.5,0.0,0.0,,dollar_price:1477.5|dollariraqi:1477.5
2022-07-04,baghdad_kifah,2,2,1483.0,1483.0,1483.0,1483.0,0.0,0.0,,dollar_price:1483|dollariraqi:1483
2022-07-04,basra,2,2,1484.0,1484.0,1484.0,1484.0,0.0,0.0,,dollar_price:1484|dollariraqi:1484
2022-07-04,erbil,2,2,1482.25,1482.25,1482.25,1482.25,0.0,0.0,,dollar_price:1482.25|dollariraqi:1482.25
2022-07-05,baghdad_generic,2,2,1477.5,1477.5,1477.5,1477.5,0.0,0.0,,dollar_price:1477.5|dollariraqi:1477.5
2022-07-05,baghdad_kifah,2,2,1483.5,1483.5,1483.5,1483.5,0.0,0.0,,dollar_price:1483.5|dollariraqi:1483.5
2022-07-05,basra,2,2,1484.0,1484.0,1484.0,1484.0,0.0,0.0,,dollar_price:1484|dollariraqi:1484
2022-07-05,erbil,2,2,1483.0,1483.0,1483.0,1483.0,0.0,0.0,,dollar_price:1483|dollariraqi:1483
2022-07-06,baghdad_generic,2,2,1477.5,1477.5,1477.5,1477.5,0.0,0.0,,dollar_price:1477.5|dollariraqi:1477.5
2022-07-06,baghdad_kifah,2,2,1483.5,1483.5,1483.5,1483.5,0.0,0.0,,dollar_price:1483.5|dollariraqi:1483.5
2022-07-06,basra,2,2,1484.0,1484.0,1484.0,1484.0,0.0,0.0,,dollar_price:1484|dollariraqi:1484
2022-07-06,erbil,2,2,1483.25,1483.25,1483.25,1483.25,0.0,0.0,,dollar_price:1483.25|dollariraqi:1483.25
2022-07-07,baghdad_generic,1,1,1477.5,1477.5,1477.5,1477.5,0.0,0.0,,dollar_price:1477.5
2022-07-07,baghdad_kifah,2,2,1484.38,1484.38,1484.0,1484.75,0.75,0.051,,dollar_price:1484|dollariraqi:1484.75
2022-07-07,basra,2,2,1485.0,1485.0,1485.0,1485.0,0.0,0.0,,dollar_price:1485|dollariraqi:1485
2022-07-07,erbil,2,2,1484.0,1484.0,1484.0,1484.0,0.0,0.0,,dollar_price:1484|dollariraqi:1484
2022-07-07,samawah,2,2,1485.0,1485.0,1485.0,1485.0,0.0,0.0,,dollar_price:1485|dollariraqi:1485
2022-07-17,baghdad_generic,2,2,1480.0,1480.0,1480.0,1480.0,0.0,0.0,,dollar_price:1480|dollariraqi:1480
2022-07-17,baghdad_kifah,2,2,1484.5,1484.5,1484.5,1484.5,0.0,0.0,,dollar_price:1484.5|dollariraqi:1484.5
2022-07-17,basra,2,2,1485.5,1485.5,1485.5,1485.5,0.0,0.0,,dollar_price:1485.5|dollariraqi:1485.5
2022-07-17,erbil,2,2,1485.0,1485.0,1485.0,1485.0,0.0,0.0,,dollar_price:1485|dollariraqi:1485
2022-07-17,ramadi,2,2,1486.0,1486.0,1486.0,1486.0,0.0,0.0,,dollar_price:1486|dollariraqi:1486
2022-07-18,baghdad_generic,1,1,1480.0,1480.0,1480.0,1480.0,0.0,0.0,,dollariraqi:1480
2022-07-18,baghdad_kifah,1,1,1484.5,1484.5,1484.5,1484.5,0.0,0.0,,dollariraqi:1484.5
2022-07-18,basra,1,1,1485.5,1485.5,1485.5,1485.5,0.0,0.0,,dollariraqi:1485.5
2022-07-18,erbil,1,1,1484.75,1484.75,1484.75,1484.75,0.0,0.0,,dollariraqi:1484.75
2022-07-18,ramadi,1,1,1485.5,1485.5,1485.5,1485.5,0.0,0.0,,dollariraqi:1485.5
2022-07-19,baghdad_generic,2,2,1480.0,1480.0,1480.0,1480.0,0.0,0.0,,dollar_price:1480|dollariraqi:1480
2022-07-19,baghdad_kifah,2,2,1485.0,1485.0,1485.0,1485.0,0.0,0.0,,dollar_price:1485|dollariraqi:1485
2022-07-19,basra,2,2,1486.0,1486.0,1486.0,1486.0,0.0,0.0,,dollar_price:1486|dollariraqi:1486
2022-07-19,erbil,2,2,1485.75,1485.75,1485.75,1485.75,0.0,0.0,,dollar_price:1485.75|dollariraqi:1485.75
2022-07-20,baghdad_generic,2,2,1480.0,1480.0,1480.0,1480.0,0.0,0.0,,dollar_price:1480|dollariraqi:1480
2022-07-20,baghdad_kifah,2,2,1484.5,1484.5,1484.5,1484.5,0.0,0.0,,dollar_price:1484.5|dollariraqi:1484.5
2022-07-20,basra,2,2,1485.5,1485.5,1485.5,1485.5,0.0,0.0,,dollar_price:1485.5|dollariraqi:1485.5
2022-07-20,erbil,2,2,1486.0,1486.0,1486.0,1486.0,0.0,0.0,,dollar_price:1486|dollariraqi:1486
2022-07-21,baghdad_generic,2,2,1480.0,1480.0,1480.0,1480.0,0.0,0.0,,dollar_price:1480|dollariraqi:1480
2022-07-21,baghdad_kifah,2,2,1484.75,1484.75,1484.75,1484.75,0.0,0.0,,dollar_price:1484.75|dollariraqi:1484.75
2022-07-21,basra,2,2,1485.5,1485.5,1485.5,1485.5,0.0,0.0,,dollar_price:1485.5|dollariraqi:1485.5
2022-07-21,erbil,2,2,1486.5,1486.5,1486.5,1486.5,0.0,0.0,,dollar_price:1486.5|dollariraqi:1486.5
2022-07-24,baghdad_generic,2,2,1480.0,1480.0,1480.0,1480.0,0.0,0.0,,dollar_price:1480|dollariraqi:1480
2022-07-24,baghdad_kifah,2,2,1485.0,1485.0,1485.0,1485.0,0.0,0.0,,dollar_price:1485|dollariraqi:1485
2022-07-24,basra,2,2,1485.5,1485.5,1485.5,1485.5,0.0,0.0,,dollar_price:1485.5|dollariraqi:1485.5
2022-07-24,erbil,2,2,1486.5,1486.5,1486.5,1486.5,0.0,0.0,,dollar_price:1486.5|dollariraqi:1486.5
2022-07-25,baghdad_generic,2,2,1480.0,1480.0,1480.0,1480.0,0.0,0.0,,dollar_price:1480|dollariraqi:1480
2022-07-25,baghdad_kifah,2,2,1485.5,1485.5,1485.5,1485.5,0.0,0.0,,dollar_price:1485.5|dollariraqi:1485.5
2022-07-25,basra,2,2,1486.0,1486.0,1486.0,1486.0,0.0,0.0,,dollar_price:1486|dollariraqi:1486
2022-07-25,erbil,2,2,1487.0,1487.0,1487.0,1487.0,0.0,0.0,,dollar_price:1487|dollariraqi:1487
2022-07-26,baghdad_generic,2,2,1480.0,1480.0,1480.0,1480.0,0.0,0.0,,dollar_price:1480|dollariraqi:1480
2022-07-26,baghdad_kifah,2,2,1485.5,1485.5,1485.5,1485.5,0.0,0.0,,dollar_price:1485.5|dollariraqi:1485.5
2022-07-26,basra,2,2,1486.5,1486.5,1486.5,1486.5,0.0,0.0,,dollar_price:1486.5|dollariraqi:1486.5
2022-07-26,erbil,2,2,1486.75,1486.75,1486.75,1486.75,0.0,0.0,,dollar_price:1486.75|dollariraqi:1486.75
2022-07-27,baghdad_generic,2,2,1480.0,1480.0,1480.0,1480.0,0.0,0.0,,dollar_price:1480|dollariraqi:1480
2022-07-27,baghdad_kifah,2,2,1484.5,1484.38,1484.25,1484.5,0.25,0.017,,dollar_price:1484.5|dollariraqi:1484.25
2022-07-27,basra,2,2,1485.5,1485.5,1485.5,1485.5,0.0,0.0,,dollar_price:1485.5|dollariraqi:1485.5
2022-07-27,erbil,2,2,1485.75,1485.75,1485.75,1485.75,0.0,0.0,,dollar_price:1485.75|dollariraqi:1485.75
2022-07-28,baghdad_generic,2,2,1480.0,1480.0,1480.0,1480.0,0.0,0.0,,dollar_price:1480|dollariraqi:1480
2022-07-28,baghdad_kifah,2,2,1485.0,1485.0,1485.0,1485.0,0.0,0.0,,dollar_price:1485|dollariraqi:1485
2022-07-28,basra,2,2,1485.5,1485.5,1485.5,1485.5,0.0,0.0,,dollar_price:1485.5|dollariraqi:1485.5
2022-07-28,erbil,2,2,1484.75,1484.75,1484.75,1484.75,0.0,0.0,,dollar_price:1484.75|dollariraqi:1484.75
2022-07-31,baghdad_generic,2,2,1482.5,1482.5,1482.5,1482.5,0.0,0.0,,dollar_price:1482.5|dollariraqi:1482.5
2022-07-31,baghdad_kifah,2,2,1486.5,1486.25,1486.0,1486.5,0.5,0.034,,dollar_price:1486.5|dollariraqi:1486
2022-07-31,basra,2,2,1487.0,1487.0,1487.0,1487.0,0.0,0.0,,dollar_price:1487|dollariraqi:1487
2022-07-31,erbil,2,2,1486.5,1486.5,1486.5,1486.5,0.0,0.0,,dollar_price:1486.5|dollariraqi:1486.5
2022-08-01,baghdad_generic,2,2,1482.5,1482.5,1482.5,1482.5,0.0,0.0,,dollar_price:1482.5|dollariraqi:1482.5
2022-08-01,baghdad_kifah,2,2,1486.5,1486.5,1486.5,1486.5,0.0,0.0,,dollar_price:1486.5|dollariraqi:1486.5
2022-08-01,basra,2,2,1487.0,1487.0,1487.0,1487.0,0.0,0.0,,dollar_price:1487|dollariraqi:1487
2022-08-01,erbil,2,2,1485.75,1485.75,1485.75,1485.75,0.0,0.0,,dollar_price:1485.75|dollariraqi:1485.75
2022-08-02,baghdad_generic,2,2,1482.5,1482.5,1482.5,1482.5,0.0,0.0,,dollar_price:1482.5|dollariraqi:1482.5
2022-08-02,baghdad_kifah,2,2,1487.0,1487.0,1487.0,1487.0,0.0,0.0,,dollar_price:1487|dollariraqi:1487
2022-08-02,basra,2,2,1487.5,1487.5,1487.5,1487.5,0.0,0.0,,dollar_price:1487.5|dollariraqi:1487.5
2022-08-02,erbil,2,2,1487.5,1487.5,1487.5,1487.5,0.0,0.0,,dollar_price:1487.5|dollariraqi:1487.5
2022-08-03,baghdad_generic,2,2,1480.0,1480.0,1480.0,1480.0,0.0,0.0,,dollar_price:1480|dollariraqi:1480
2022-08-03,baghdad_kifah,2,2,1485.0,1485.25,1485.0,1485.5,0.5,0.034,,dollar_price:1485|dollariraqi:1485.5
2022-08-03,basra,2,2,1485.75,1485.75,1485.5,1486.0,0.5,0.034,,dollar_price:1486|dollariraqi:1485.5
2022-08-03,erbil,2,2,1486.25,1486.25,1486.25,1486.25,0.0,0.0,,dollar_price:1486.25|dollariraqi:1486.25
2022-08-04,baghdad_generic,2,2,1480.0,1480.0,1480.0,1480.0,0.0,0.0,,dollar_price:1480|dollariraqi:1480
2022-08-04,baghdad_kifah,2,2,1486.5,1486.5,1486.5,1486.5,0.0,0.0,,dollar_price:1486.5|dollariraqi:1486.5
2022-08-04,basra,2,2,1487.0,1487.0,1487.0,1487.0,0.0,0.0,,dollar_price:1487|dollariraqi:1487
2022-08-04,erbil,2,2,1488.0,1488.0,1488.0,1488.0,0.0,0.0,,dollar_price:1488|dollariraqi:1488
2022-08-07,baghdad_generic,2,2,1480.0,1480.0,1480.0,1480.0,0.0,0.0,,dollar_price:1480|dollariraqi:1480
2022-08-07,baghdad_kifah,2,2,1485.0,1485.5,1485.0,1486.0,1.0,0.067,,dollar_price:1485|dollariraqi:1486
2022-08-07,basra,2,2,1486.0,1486.0,1486.0,1486.0,0.0,0.0,,dollar_price:1486|dollariraqi:1486
2022-08-07,erbil,2,2,1486.75,1486.75,1486.75,1486.75,0.0,0.0,,dollar_price:1486.75|dollariraqi:1486.75
2022-08-08,baghdad_generic,2,2,1486.0,1486.0,1486.0,1486.0,0.0,0.0,,dollar_price:1486|dollariraqi:1486
2022-08-08,basra,2,2,1488.25,1488.25,1486.5,1490.0,3.5,0.235,,dollar_price:1490|dollariraqi:1486.5
2022-08-08,erbil,2,2,1488.38,1488.38,1486.75,1490.0,3.25,0.218,,dollar_price:1486.75|dollariraqi:1490
2022-08-10,baghdad_generic,2,2,1485.38,1485.38,1485.25,1485.5,0.25,0.017,,dollar_price:1485.25|dollariraqi:1485.5
2022-08-10,basra,2,2,1488.0,1488.0,1486.0,1490.0,4.0,0.269,,dollar_price:1490|dollariraqi:1486
2022-08-10,erbil,2,2,1487.63,1487.63,1485.25,1490.0,4.75,0.319,,dollar_price:1485.25|dollariraqi:1490
2022-08-11,baghdad_generic,2,2,1484.5,1484.5,1484.5,1484.5,0.0,0.0,,dollar_price:1484.5|dollariraqi:1484.5
2022-08-11,basra,2,2,1486.0,1486.0,1486.0,1486.0,0.0,0.0,,dollar_price:1486|dollariraqi:1486
2022-08-11,erbil,2,2,1485.25,1485.25,1485.25,1485.25,0.0,0.0,,dollar_price:1485.25|dollariraqi:1485.25
2022-08-14,baghdad_kifah,2,2,1485.13,1485.25,1485.0,1485.5,0.5,0.034,,dollar_price:1485|dollariraqi:1485.5
2022-08-14,basra,2,2,1486.0,1486.0,1486.0,1486.0,0.0,0.0,,dollar_price:1486|dollariraqi:1486
2022-08-14,erbil,2,2,1484.5,1484.5,1484.25,1484.75,0.5,0.034,,dollar_price:1484.25|dollariraqi:1484.75
2022-08-15,baghdad_kifah,2,2,1485.5,1485.5,1485.5,1485.5,0.0,0.0,,dollar_price:1485.5|dollariraqi:1485.5
2022-08-15,basra,2,2,1487.0,1487.0,1487.0,1487.0,0.0,0.0,,dollar_price:1487|dollariraqi:1487
2022-08-15,erbil,2,2,1485.25,1485.25,1485.25,1485.25,0.0,0.0,,dollar_price:1485.25|dollariraqi:1485.25
2022-08-16,baghdad_generic,1,1,1481.25,1481.25,1481.25,1481.25,0.0,0.0,,dollariraqi:1481.25
2022-08-16,baghdad_kifah,2,2,1484.5,1484.0,1483.5,1484.5,1.0,0.067,,dollar_price:1484.5|dollariraqi:1483.5
2022-08-16,basra,2,2,1486.5,1486.5,1486.5,1486.5,0.0,0.0,,dollar_price:1486.5|dollariraqi:1486.5
2022-08-16,erbil,2,2,1484.0,1484.0,1484.0,1484.0,0.0,0.0,,dollar_price:1484|dollariraqi:1484
2022-08-17,baghdad_kifah,2,2,1481.5,1481.25,1481.0,1481.5,0.5,0.034,,dollar_price:1481.5|dollariraqi:1481
2022-08-17,basra,2,2,1483.0,1483.0,1483.0,1483.0,0.0,0.0,,dollar_price:1483|dollariraqi:1483
2022-08-17,erbil,2,2,1480.5,1480.5,1480.5,1480.5,0.0,0.0,,dollar_price:1480.5|dollariraqi:1480.5
2022-08-18,baghdad_kifah,2,2,1480.5,1480.75,1480.5,1481.0,0.5,0.034,,dollar_price:1480.5|dollariraqi:1481
2022-08-18,basra,2,2,1482.0,1482.0,1482.0,1482.0,0.0,0.0,,dollar_price:1482|dollariraqi:1482
2022-08-18,erbil,2,2,1480.0,1480.0,1480.0,1480.0,0.0,0.0,,dollar_price:1480|dollariraqi:1480
2022-08-21,baghdad_kifah,2,2,1481.38,1481.38,1481.25,1481.5,0.25,0.017,,dollar_price:1481.25|dollariraqi:1481.5
2022-08-21,basra,2,2,1482.5,1482.5,1482.5,1482.5,0.0,0.0,,dollar_price:1482.5|dollariraqi:1482.5
2022-08-21,erbil,2,2,1482.0,1482.0,1482.0,1482.0,0.0,0.0,,dollar_price:1482|dollariraqi:1482
2022-08-22,baghdad_kifah,2,2,1480.5,1479.5,1478.5,1480.5,2.0,0.135,,dollar_price:1480.5|dollariraqi:1478.5
2022-08-22,basra,2,2,1482.0,1482.0,1482.0,1482.0,0.0,0.0,,dollar_price:1482|dollariraqi:1482
2022-08-22,erbil,2,2,1481.5,1481.5,1481.5,1481.5,0.0,0.0,,dollar_price:1481.5|dollariraqi:1481.5
2022-08-23,baghdad_kifah,2,2,1479.0,1480.25,1479.0,1481.5,2.5,0.169,,dollar_price:1479|dollariraqi:1481.5
2022-08-23,basra,2,2,1480.5,1480.5,1480.5,1480.5,0.0,0.0,,dollar_price:1480.5|dollariraqi:1480.5
2022-08-23,erbil,2,2,1479.75,1479.75,1479.75,1479.75,0.0,0.0,,dollar_price:1479.75|dollariraqi:1479.75
2022-08-24,baghdad_kifah,2,2,1480.0,1479.75,1479.5,1480.0,0.5,0.034,,dollar_price:1480|dollariraqi:1479.5
2022-08-24,basra,2,2,1481.5,1481.5,1481.5,1481.5,0.0,0.0,,dollar_price:1481.5|dollariraqi:1481.5
2022-08-24,erbil,2,2,1481.75,1481.75,1481.75,1481.75,0.0,0.0,,dollar_price:1481.75|dollariraqi:1481.75
2022-08-25,baghdad_kifah,2,2,1480.0,1479.75,1479.5,1480.0,0.5,0.034,,dollar_price:1480|dollariraqi:1479.5
2022-08-25,basra,2,2,1481.0,1481.0,1481.0,1481.0,0.0,0.0,,dollar_price:1481|dollariraqi:1481
2022-08-25,erbil,2,2,1481.0,1481.0,1481.0,1481.0,0.0,0.0,,dollar_price:1481|dollariraqi:1481
2022-08-25,ramadi,2,2,1481.0,1481.0,1481.0,1481.0,0.0,0.0,,dollar_price:1481|dollariraqi:1481
2022-08-28,baghdad_kifah,2,2,1479.75,1479.5,1479.25,1479.75,0.5,0.034,,dollar_price:1479.75|dollariraqi:1479.25
2022-08-28,basra,2,2,1481.0,1481.0,1481.0,1481.0,0.0,0.0,,dollar_price:1481|dollariraqi:1481
2022-08-28,erbil,2,2,1480.75,1480.75,1480.75,1480.75,0.0,0.0,,dollar_price:1480.75|dollariraqi:1480.75
2022-08-29,baghdad_kifah,2,2,1479.0,1478.75,1478.5,1479.0,0.5,0.034,,dollar_price:1479|dollariraqi:1478.5
2022-08-29,basra,2,2,1480.0,1480.0,1480.0,1480.0,0.0,0.0,,dollar_price:1480|dollariraqi:1480
2022-08-29,erbil,2,2,1480.0,1479.75,1479.5,1480.0,0.5,0.034,,dollar_price:1480|dollariraqi:1479.5
2022-08-29,ramadi,1,1,1480.0,1480.0,1480.0,1480.0,0.0,0.0,,dollar_price:1480
2022-08-30,baghdad_generic,1,1,1479.5,1479.5,1479.5,1479.5,0.0,0.0,,dollar_price:1479.5
2022-08-30,erbil,1,1,1481.75,1481.75,1481.75,1481.75,0.0,0.0,,dollar_price:1481.75
2022-08-31,baghdad_kifah,2,2,1479.0,1479.25,1479.0,1479.5,0.5,0.034,,dollar_price:1479|dollariraqi:1479.5
2022-08-31,basra,2,2,1480.5,1480.0,1479.5,1480.5,1.0,0.068,,dollar_price:1480.5|dollariraqi:1479.5
2022-08-31,erbil,2,2,1480.0,1480.5,1480.0,1481.0,1.0,0.068,,dollar_price:1480|dollariraqi:1481
2022-09-01,baghdad_kifah,2,2,1479.5,1479.5,1479.5,1479.5,0.0,0.0,,dollar_price:1479.5|dollariraqi:1479.5
2022-09-01,basra,2,2,1481.0,1481.0,1481.0,1481.0,0.0,0.0,,dollar_price:1481|dollariraqi:1481
2022-09-01,erbil,2,2,1480.75,1480.75,1480.75,1480.75,0.0,0.0,,dollar_price:1480.75|dollariraqi:1480.75
2022-09-04,baghdad_kifah,2,2,1480.75,1480.75,1480.75,1480.75,0.0,0.0,,dollar_price:1480.75|dollariraqi:1480.75
2022-09-04,basra,2,2,1481.0,1481.0,1481.0,1481.0,0.0,0.0,,dollar_price:1481|dollariraqi:1481
2022-09-04,erbil,2,2,1481.0,1481.0,1481.0,1481.0,0.0,0.0,,dollar_price:1481|dollariraqi:1481
2022-09-05,baghdad_kifah,2,2,1480.0,1480.0,1480.0,1480.0,0.0,0.0,,dollar_price:1480|dollariraqi:1480
2022-09-05,basra,2,2,1481.0,1481.0,1481.0,1481.0,0.0,0.0,,dollar_price:1481|dollariraqi:1481
2022-09-05,erbil,2,2,1481.25,1481.25,1481.25,1481.25,0.0,0.0,,dollar_price:1481.25|dollariraqi:1481.25
2022-09-06,baghdad_kifah,2,2,1479.5,1479.5,1479.5,1479.5,0.0,0.0,,dollar_price:1479.5|dollariraqi:1479.5
2022-09-06,basra,2,2,1480.5,1480.5,1480.5,1480.5,0.0,0.0,,dollar_price:1480.5|dollariraqi:1480.5
2022-09-06,erbil,2,2,1481.25,1481.25,1481.25,1481.25,0.0,0.0,,dollar_price:1481.25|dollariraqi:1481.25
2022-09-07,baghdad_kifah,2,2,1478.5,1478.5,1478.5,1478.5,0.0,0.0,,dollar_price:1478.5|dollariraqi:1478.5
2022-09-07,basra,2,2,1480.0,1480.0,1480.0,1480.0,0.0,0.0,,dollar_price:1480|dollariraqi:1480
2022-09-07,erbil,2,2,1481.0,1481.0,1481.0,1481.0,0.0,0.0,,dollar_price:1481|dollariraqi:1481
2022-09-08,baghdad_kifah,2,2,1479.0,1479.0,1479.0,1479.0,0.0,0.0,,dollar_price:1479|dollariraqi:1479
2022-09-08,basra,2,2,1480.0,1480.0,1480.0,1480.0,0.0,0.0,,dollar_price:1480|dollariraqi:1480
2022-09-08,erbil,2,2,1481.5,1481.5,1481.5,1481.5,0.0,0.0,,dollar_price:1481.5|dollariraqi:1481.5
2022-09-11,baghdad_kifah,2,2,1479.0,1478.88,1478.75,1479.0,0.25,0.017,,dollar_price:1479|dollariraqi:1478.75
2022-09-11,basra,2,2,1480.0,1480.0,1480.0,1480.0,0.0,0.0,,dollar_price:1480|dollariraqi:1480
2022-09-11,erbil,2,2,1481.25,1481.0,1480.75,1481.25,0.5,0.034,,dollar_price:1481.25|dollariraqi:1480.75
2022-09-12,baghdad_kifah,2,2,1479.25,1479.38,1479.25,1479.5,0.25,0.017,,dollar_price:1479.25|dollariraqi:1479.5
2022-09-12,basra,2,2,1480.0,1480.0,1480.0,1480.0,0.0,0.0,,dollar_price:1480|dollariraqi:1480
2022-09-12,erbil,2,2,1480.75,1480.75,1480.75,1480.75,0.0,0.0,,dollar_price:1480.75|dollariraqi:1480.75
2022-09-13,baghdad_kifah,2,2,1479.5,1479.5,1479.5,1479.5,0.0,0.0,,dollar_price:1479.5|dollariraqi:1479.5
2022-09-13,erbil,2,2,1480.0,1480.0,1480.0,1480.0,0.0,0.0,,dollar_price:1480|dollariraqi:1480
2022-09-14,baghdad_generic,1,1,1478.5,1478.5,1478.5,1478.5,0.0,0.0,,dollar_price:1478.5
2022-09-14,erbil,1,1,1479.25,1479.25,1479.25,1479.25,0.0,0.0,,dollar_price:1479.25
2022-09-15,baghdad_generic,2,2,1477.5,1477.5,1477.5,1477.5,0.0,0.0,,dollar_price:1477.5|dollariraqi:1477.5
2022-09-18,baghdad_generic,1,1,1478.75,1478.75,1478.75,1478.75,0.0,0.0,,dollar_price:1478.75
2022-09-18,basra,1,1,1480.0,1480.0,1480.0,1480.0,0.0,0.0,,dollar_price:1480
2022-09-18,erbil,1,1,1479.75,1479.75,1479.75,1479.75,0.0,0.0,,dollar_price:1479.75
2022-09-19,baghdad_kifah,2,2,1478.5,1478.5,1478.5,1478.5,0.0,0.0,,dollar_price:1478.5|dollariraqi:1478.5
2022-09-19,basra,2,2,1480.0,1480.0,1480.0,1480.0,0.0,0.0,,dollar_price:1480|dollariraqi:1480
2022-09-19,erbil,2,2,1478.5,1478.5,1478.5,1478.5,0.0,0.0,,dollar_price:1478.5|dollariraqi:1478.5
2022-09-20,baghdad_kifah,2,2,1476.5,1476.25,1476.0,1476.5,0.5,0.034,,dollar_price:1476.5|dollariraqi:1476
2022-09-20,basra,2,2,1478.5,1478.5,1478.5,1478.5,0.0,0.0,,dollar_price:1478.5|dollariraqi:1478.5
2022-09-20,erbil,2,2,1477.38,1477.38,1477.25,1477.5,0.25,0.017,,dollar_price:1477.25|dollariraqi:1477.5
2022-09-21,baghdad_kifah,2,2,1476.5,1476.5,1476.5,1476.5,0.0,0.0,,dollar_price:1476.5|dollariraqi:1476.5
2022-09-21,basra,2,2,1478.0,1478.0,1478.0,1478.0,0.0,0.0,,dollar_price:1478|dollariraqi:1478
2022-09-21,erbil,2,2,1476.0,1476.0,1476.0,1476.0,0.0,0.0,,dollar_price:1476|dollariraqi:1476
2022-09-21,ramadi,2,2,1477.5,1477.5,1477.5,1477.5,0.0,0.0,,dollar_price:1477.5|dollariraqi:1477.5
2022-09-22,baghdad_kifah,2,2,1476.38,1476.38,1476.25,1476.5,0.25,0.017,,dollar_price:1476.5|dollariraqi:1476.25
2022-09-22,basra,2,2,1477.75,1477.75,1477.5,1478.0,0.5,0.034,,dollar_price:1478|dollariraqi:1477.5
2022-09-22,erbil,2,2,1477.0,1477.0,1477.0,1477.0,0.0,0.0,,dollar_price:1477|dollariraqi:1477
2022-09-25,baghdad_kifah,2,2,1477.0,1477.0,1477.0,1477.0,0.0,0.0,,dollar_price:1477|dollariraqi:1477
2022-09-25,basra,2,2,1478.0,1478.0,1478.0,1478.0,0.0,0.0,,dollar_price:1478|dollariraqi:1478
2022-09-25,erbil,2,2,1478.25,1478.25,1478.25,1478.25,0.0,0.0,,dollar_price:1478.25|dollariraqi:1478.25
2022-09-26,baghdad_kifah,2,2,1477.0,1477.0,1477.0,1477.0,0.0,0.0,,dollar_price:1477|dollariraqi:1477
2022-09-26,basra,2,2,1478.0,1478.0,1478.0,1478.0,0.0,0.0,,dollar_price:1478|dollariraqi:1478
2022-09-26,erbil,2,2,1476.5,1476.5,1476.5,1476.5,0.0,0.0,,dollar_price:1476.5|dollariraqi:1476.5
2022-09-27,baghdad_kifah,2,2,1476.5,1475.5,1474.5,1476.5,2.0,0.136,,dollar_price:1476.5|dollariraqi:1474.5
2022-09-27,basra,2,2,1477.5,1477.5,1477.5,1477.5,0.0,0.0,,dollar_price:1477.5|dollariraqi:1477.5
2022-09-27,erbil,2,2,1477.0,1477.0,1477.0,1477.0,0.0,0.0,,dollar_price:1477|dollariraqi:1477
2022-09-28,baghdad_kifah,2,2,1474.5,1474.5,1474.5,1474.5,0.0,0.0,,dollar_price:1474.5|dollariraqi:1474.5
2022-09-28,basra,2,2,1476.5,1476.5,1476.5,1476.5,0.0,0.0,,dollar_price:1476.5|dollariraqi:1476.5
2022-09-28,erbil,2,2,1475.75,1475.75,1475.75,1475.75,0.0,0.0,,dollar_price:1475.75|dollariraqi:1475.75
2022-09-29,baghdad_kifah,2,2,1475.0,1474.25,1473.5,1475.0,1.5,0.102,,dollar_price:1475|dollariraqi:1473.5
2022-09-29,basra,2,2,1477.0,1477.0,1477.0,1477.0,0.0,0.0,,dollar_price:1477|dollariraqi:1477
2022-09-29,erbil,2,2,1475.25,1475.25,1475.25,1475.25,0.0,0.0,,dollar_price:1475.25|dollariraqi:1475.25
2022-10-02,baghdad_kifah,2,2,1475.0,1475.0,1475.0,1475.0,0.0,0.0,,dollar_price:1475|dollariraqi:1475
2022-10-02,basra,2,2,1476.0,1476.0,1476.0,1476.0,0.0,0.0,,dollar_price:1476|dollariraqi:1476
2022-10-02,erbil,2,2,1475.25,1475.25,1475.25,1475.25,0.0,0.0,,dollar_price:1475.25|dollariraqi:1475.25
2022-10-03,baghdad_kifah,2,2,1476.5,1476.5,1476.5,1476.5,0.0,0.0,,dollar_price:1476.5|dollariraqi:1476.5
2022-10-03,basra,2,2,1477.0,1477.0,1477.0,1477.0,0.0,0.0,,dollar_price:1477|dollariraqi:1477
2022-10-03,erbil,2,2,1478.0,1478.0,1478.0,1478.0,0.0,0.0,,dollar_price:1478|dollariraqi:1478
2022-10-04,baghdad_kifah,2,2,1476.75,1476.75,1476.75,1476.75,0.0,0.0,,dollar_price:1476.75|dollariraqi:1476.75
2022-10-04,basra,2,2,1477.0,1477.0,1477.0,1477.0,0.0,0.0,,dollar_price:1477|dollariraqi:1477
2022-10-04,erbil,2,2,1479.0,1479.0,1479.0,1479.0,0.0,0.0,,dollar_price:1479|dollariraqi:1479
2022-10-05,baghdad_kifah,2,2,1477.5,1477.5,1477.5,1477.5,0.0,0.0,,dollar_price:1477.5|dollariraqi:1477.5
2022-10-05,basra,2,2,1478.0,1478.0,1478.0,1478.0,0.0,0.0,,dollar_price:1478|dollariraqi:1478
2022-10-05,erbil,2,2,1479.5,1479.5,1479.5,1479.5,0.0,0.0,,dollar_price:1479.5|dollariraqi:1479.5
2022-10-06,baghdad_kifah,2,2,1479.0,1479.0,1479.0,1479.0,0.0,0.0,,dollar_price:1479|dollariraqi:1479
2022-10-06,basra,2,2,1480.0,1480.0,1480.0,1480.0,0.0,0.0,,dollar_price:1480|dollariraqi:1480
2022-10-06,erbil,2,2,1480.0,1480.0,1480.0,1480.0,0.0,0.0,,dollar_price:1480|dollariraqi:1480
2022-10-09,amarah,2,2,1484.5,1484.5,1484.0,1485.0,1.0,0.067,,dollar_price:1484|dollariraqi:1485
2022-10-09,baghdad_kifah,2,2,1481.75,1482.0,1482.0,1482.0,0.0,0.0,,dollar_price:1482|dollariraqi:1482
2022-10-09,basra,2,2,1482.5,1482.5,1482.5,1482.5,0.0,0.0,,dollar_price:1482.5|dollariraqi:1482.5
2022-10-09,erbil,2,2,1483.13,1483.38,1483.25,1483.5,0.25,0.017,,dollar_price:1483.5|dollariraqi:1483.25
2022-10-09,ramadi,1,1,1483.0,1483.0,1483.0,1483.0,0.0,0.0,,dollar_price:1483
2022-10-09,rutba,1,1,1482.0,1482.0,1482.0,1482.0,0.0,0.0,,dollariraqi:1482
2022-10-09,samawah,2,2,1483.5,1483.5,1483.5,1483.5,0.0,0.0,,dollar_price:1483.5|dollariraqi:1483.5
2022-10-10,baghdad_kifah,2,2,1481.88,1481.25,1481.25,1481.25,0.0,0.0,,dollar_price:1481.25|dollariraqi:1481.25
2022-10-10,basra,2,2,1482.25,1482.0,1482.0,1482.0,0.0,0.0,,dollar_price:1482|dollariraqi:1482
2022-10-10,erbil,2,2,1483.25,1483.0,1483.0,1483.0,0.0,0.0,,dollar_price:1483|dollariraqi:1483
2022-10-11,baghdad_kifah,2,2,1480.0,1479.38,1478.75,1480.0,1.25,0.084,,dollar_price:1480|dollariraqi:1478.75
2022-10-11,basra,2,2,1481.0,1481.0,1481.0,1481.0,0.0,0.0,,dollar_price:1481|dollariraqi:1481
2022-10-11,erbil,2,2,1481.75,1481.75,1481.75,1481.75,0.0,0.0,,dollar_price:1481.75|dollariraqi:1481.75
2022-10-12,baghdad_kifah,2,2,1478.5,1478.5,1478.5,1478.5,0.0,0.0,,dollar_price:1478.5|dollariraqi:1478.5
2022-10-12,basra,2,2,1480.0,1480.0,1480.0,1480.0,0.0,0.0,,dollar_price:1480|dollariraqi:1480
2022-10-12,erbil,2,2,1481.0,1481.0,1481.0,1481.0,0.0,0.0,,dollar_price:1481|dollariraqi:1481
2022-10-13,baghdad_kifah,2,2,1478.75,1478.75,1478.75,1478.75,0.0,0.0,,dollar_price:1478.75|dollariraqi:1478.75
2022-10-13,basra,2,2,1480.0,1480.0,1480.0,1480.0,0.0,0.0,,dollar_price:1480|dollariraqi:1480
2022-10-13,erbil,2,2,1482.13,1482.13,1482.0,1482.25,0.25,0.017,,dollar_price:1482|dollariraqi:1482.25
2022-10-16,baghdad_kifah,1,1,1475.0,1475.0,1475.0,1475.0,0.0,0.0,,dollariraqi:1475
2022-10-16,basra,1,1,1476.0,1476.0,1476.0,1476.0,0.0,0.0,,dollariraqi:1476
2022-10-16,erbil,1,1,1478.0,1478.0,1478.0,1478.0,0.0,0.0,,dollariraqi:1478
2022-10-17,baghdad_kifah,1,1,1477.25,1477.25,1477.25,1477.25,0.0,0.0,,dollariraqi:1477.25
2022-10-17,basra,1,1,1477.5,1477.5,1477.5,1477.5,0.0,0.0,,dollariraqi:1477.5
2022-10-17,erbil,1,1,1480.0,1480.0,1480.0,1480.0,0.0,0.0,,dollariraqi:1480
2022-10-18,baghdad_kifah,2,2,1475.38,1475.38,1475.25,1475.5,0.25,0.017,,dollar_price:1475.25|dollariraqi:1475.5
2022-10-18,basra,1,1,1475.5,1475.5,1475.5,1475.5,0.0,0.0,,dollariraqi:1475.5
2022-10-18,erbil,1,1,1479.0,1479.0,1479.0,1479.0,0.0,0.0,,dollariraqi:1479
2022-10-19,baghdad_kifah,2,2,1470.0,1468.5,1467.0,1470.0,3.0,0.204,,dollar_price:1470|dollariraqi:1467
2022-10-19,basra,2,2,1470.0,1470.0,1470.0,1470.0,0.0,0.0,,dollar_price:1470|dollariraqi:1470
2022-10-19,erbil,2,2,1474.0,1474.0,1474.0,1474.0,0.0,0.0,,dollar_price:1474|dollariraqi:1474
2022-10-20,baghdad_kifah,2,2,1469.25,1469.25,1469.0,1469.5,0.5,0.034,,dollar_price:1469|dollariraqi:1469.5
2022-10-20,basra,1,1,1468.0,1468.0,1468.0,1468.0,0.0,0.0,,dollar_price:1468
2022-10-20,erbil,1,1,1474.0,1474.0,1474.0,1474.0,0.0,0.0,,dollar_price:1474
2022-10-23,baghdad_kifah,1,1,1467.0,1467.0,1467.0,1467.0,0.0,0.0,,dollariraqi:1467
2022-10-23,basra,1,1,1466.0,1466.0,1466.0,1466.0,0.0,0.0,,dollariraqi:1466
2022-10-23,erbil,1,1,1471.5,1471.5,1471.5,1471.5,0.0,0.0,,dollariraqi:1471.5
2022-10-24,baghdad_kifah,2,2,1464.0,1459.0,1454.0,1464.0,10.0,0.685,,dollar_price:1464|dollariraqi:1454
2022-10-24,basra,2,2,1462.5,1462.5,1462.5,1462.5,0.0,0.0,,dollar_price:1462.5|dollariraqi:1462.5
2022-10-24,erbil,2,2,1468.25,1468.25,1468.25,1468.25,0.0,0.0,,dollar_price:1468.25|dollariraqi:1468.25
2022-10-25,baghdad_kifah,1,1,1459.0,1459.0,1459.0,1459.0,0.0,0.0,,dollariraqi:1459
2022-10-25,basra,2,2,1460.0,1460.0,1460.0,1460.0,0.0,0.0,,dollar_price:1460|dollariraqi:1460
2022-10-25,erbil,2,2,1467.5,1467.5,1467.5,1467.5,0.0,0.0,,dollar_price:1467.5|dollariraqi:1467.5
2022-10-26,baghdad_generic,1,1,1460.0,1460.0,1460.0,1460.0,0.0,0.0,,dollariraqi:1460
2022-10-26,baghdad_kifah,2,2,1459.0,1459.0,1459.0,1459.0,0.0,0.0,,dollar_price:1459|dollariraqi:1459
2022-10-26,basra,2,2,1456.5,1456.5,1456.5,1456.5,0.0,0.0,,dollar_price:1456.5|dollariraqi:1456.5
2022-10-26,erbil,2,2,1464.0,1464.0,1464.0,1464.0,0.0,0.0,,dollar_price:1464|dollariraqi:1464
2022-10-27,baghdad_kifah,2,2,1462.0,1464.0,1462.0,1466.0,4.0,0.273,,dollar_price:1462|dollariraqi:1466
2022-10-27,basra,2,2,1461.0,1461.0,1461.0,1461.0,0.0,0.0,,dollar_price:1461|dollariraqi:1461
2022-10-27,erbil,2,2,1466.0,1466.0,1466.0,1466.0,0.0,0.0,,dollar_price:1466|dollariraqi:1466
2022-10-30,baghdad_kifah,2,2,1464.5,1463.5,1462.5,1464.5,2.0,0.137,,dollar_price:1464.5|dollariraqi:1462.5
2022-10-30,basra,2,2,1462.5,1462.5,1462.5,1462.5,0.0,0.0,,dollar_price:1462.5|dollariraqi:1462.5
2022-10-30,erbil,2,2,1464.0,1464.0,1464.0,1464.0,0.0,0.0,,dollar_price:1464|dollariraqi:1464
2022-10-31,baghdad_kifah,2,2,1460.0,1459.75,1459.5,1460.0,0.5,0.034,,dollar_price:1460|dollariraqi:1459.5
2022-10-31,basra,2,2,1460.0,1460.0,1460.0,1460.0,0.0,0.0,,dollar_price:1460|dollariraqi:1460
2022-10-31,erbil,2,2,1457.5,1457.5,1457.0,1458.0,1.0,0.069,,dollar_price:1457|dollariraqi:1458
2022-11-01,baghdad_kifah,2,2,1463.0,1463.0,1462.5,1463.5,1.0,0.068,,dollar_price:1463.5|dollariraqi:1462.5
2022-11-01,basra,2,2,1463.0,1463.0,1463.0,1463.0,0.0,0.0,,dollar_price:1463|dollariraqi:1463
2022-11-01,erbil,2,2,1459.5,1459.5,1459.0,1460.0,1.0,0.069,,dollar_price:1460|dollariraqi:1459
2022-11-02,baghdad_kifah,2,2,1463.5,1464.5,1463.5,1465.5,2.0,0.137,,dollar_price:1463.5|dollariraqi:1465.5
2022-11-02,basra,2,2,1465.0,1465.0,1465.0,1465.0,0.0,0.0,,dollar_price:1465|dollariraqi:1465
2022-11-02,erbil,2,2,1459.5,1459.5,1459.5,1459.5,0.0,0.0,,dollar_price:1459.5|dollariraqi:1459.5
2022-11-03,baghdad_kifah,2,2,1465.0,1464.5,1464.0,1465.0,1.0,0.068,,dollar_price:1465|dollariraqi:1464
2022-11-03,basra,2,2,1464.5,1464.5,1464.5,1464.5,0.0,0.0,,dollar_price:1464.5|dollariraqi:1464.5
2022-11-03,erbil,2,2,1464.0,1464.0,1463.5,1464.5,1.0,0.068,,dollar_price:1464.5|dollariraqi:1463.5
2022-11-06,baghdad_kifah,2,2,1470.0,1470.0,1470.0,1470.0,0.0,0.0,,dollar_price:1470|dollariraqi:1470
2022-11-06,basra,2,2,1471.0,1471.0,1471.0,1471.0,0.0,0.0,,dollar_price:1471|dollariraqi:1471
2022-11-07,baghdad_kifah,2,2,1470.0,1469.5,1469.0,1470.0,1.0,0.068,,dollar_price:1470|dollariraqi:1469
2022-11-07,basra,2,2,1470.0,1470.0,1470.0,1470.0,0.0,0.0,,dollar_price:1470|dollariraqi:1470
2022-11-08,baghdad_kifah,2,2,1468.88,1468.88,1468.5,1469.25,0.75,0.051,,dollar_price:1469.25|dollariraqi:1468.5
2022-11-08,basra,2,2,1468.75,1468.75,1468.5,1469.0,0.5,0.034,,dollar_price:1469|dollariraqi:1468.5
2022-11-09,baghdad_kifah,2,2,1470.0,1470.0,1470.0,1470.0,0.0,0.0,,dollar_price:1470|dollariraqi:1470
2022-11-09,basra,2,2,1470.0,1470.0,1470.0,1470.0,0.0,0.0,,dollar_price:1470|dollariraqi:1470
2022-11-10,baghdad_kifah,2,2,1471.0,1472.0,1471.0,1473.0,2.0,0.136,,dollar_price:1471|dollariraqi:1473
2022-11-10,basra,2,2,1470.75,1470.75,1470.5,1471.0,0.5,0.034,,dollar_price:1470.5|dollariraqi:1471
2022-11-13,baghdad_kifah,2,2,1477.5,1477.5,1477.5,1477.5,0.0,0.0,,dollar_price:1477.5|dollariraqi:1477.5
2022-11-13,basra,2,2,1477.5,1477.5,1477.5,1477.5,0.0,0.0,,dollar_price:1477.5|dollariraqi:1477.5
2022-11-13,erbil,2,2,1478.5,1478.5,1478.5,1478.5,0.0,0.0,,dollar_price:1478.5|dollariraqi:1478.5
2022-11-14,baghdad_kifah,2,2,1481.5,1482.0,1481.5,1482.5,1.0,0.067,,dollar_price:1481.5|dollariraqi:1482.5
2022-11-14,basra,2,2,1481.25,1481.25,1481.0,1481.5,0.5,0.034,,dollar_price:1481.5|dollariraqi:1481
2022-11-14,erbil,2,2,1482.0,1482.0,1482.0,1482.0,0.0,0.0,,dollar_price:1482|dollariraqi:1482
2022-11-15,baghdad_kifah,2,2,1484.25,1484.25,1483.5,1485.0,1.5,0.101,,dollar_price:1483.5|dollariraqi:1485
2022-11-15,basra,1,1,1483.0,1483.0,1483.0,1483.0,0.0,0.0,,dollar_price:1483
2022-11-15,erbil,1,1,1484.75,1484.75,1484.75,1484.75,0.0,0.0,,dollar_price:1484.75
2022-11-16,baghdad_kifah,2,2,1485.5,1485.5,1485.5,1485.5,0.0,0.0,,dollar_price:1485.5|dollariraqi:1485.5
2022-11-16,basra,2,2,1485.0,1485.0,1485.0,1485.0,0.0,0.0,,dollar_price:1485|dollariraqi:1485
2022-11-16,erbil,2,2,1485.75,1485.75,1485.5,1486.0,0.5,0.034,,dollar_price:1486|dollariraqi:1485.5
2022-11-17,baghdad_kifah,2,2,1483.75,1483.75,1483.5,1484.0,0.5,0.034,,dollar_price:1483.5|dollariraqi:1484
2022-11-17,basra,2,2,1483.75,1483.75,1483.5,1484.0,0.5,0.034,,dollar_price:1483.5|dollariraqi:1484
2022-11-17,erbil,2,2,1483.13,1483.13,1483.0,1483.25,0.25,0.017,,dollar_price:1483.25|dollariraqi:1483
2022-11-20,baghdad_kifah,2,2,1483.0,1483.75,1483.0,1484.5,1.5,0.101,,dollar_price:1483|dollariraqi:1484.5
2022-11-20,basra,2,2,1484.0,1484.0,1484.0,1484.0,0.0,0.0,,dollar_price:1484|dollariraqi:1484
2022-11-20,erbil,2,2,1484.38,1484.38,1484.25,1484.5,0.25,0.017,,dollar_price:1484.25|dollariraqi:1484.5
2022-11-21,baghdad_kifah,2,2,1486.0,1486.0,1486.0,1486.0,0.0,0.0,,dollar_price:1486|dollariraqi:1486
2022-11-21,basra,2,2,1485.0,1485.0,1485.0,1485.0,0.0,0.0,,dollar_price:1485|dollariraqi:1485
2022-11-21,erbil,2,2,1487.0,1487.0,1487.0,1487.0,0.0,0.0,,dollar_price:1487|dollariraqi:1487
2022-11-22,baghdad_generic,1,1,1485.0,1485.0,1485.0,1485.0,0.0,0.0,,dollariraqi:1485
2022-11-22,baghdad_kifah,2,2,1489.0,1488.13,1487.25,1489.0,1.75,0.118,,dollar_price:1489|dollariraqi:1487.25
2022-11-22,basra,2,2,1489.0,1489.0,1489.0,1489.0,0.0,0.0,,dollar_price:1489|dollariraqi:1489
2022-11-22,erbil,2,2,1490.0,1490.0,1490.0,1490.0,0.0,0.0,,dollar_price:1490|dollariraqi:1490
2022-11-23,baghdad_generic,1,1,1490.0,1490.0,1490.0,1490.0,0.0,0.0,,dollariraqi:1490
2022-11-23,baghdad_kifah,2,2,1486.0,1486.0,1486.0,1486.0,0.0,0.0,,dollar_price:1486|dollariraqi:1486
2022-11-23,basra,2,2,1487.0,1487.0,1487.0,1487.0,0.0,0.0,,dollar_price:1487|dollariraqi:1487
2022-11-23,erbil,2,2,1487.0,1487.0,1487.0,1487.0,0.0,0.0,,dollar_price:1487|dollariraqi:1487
2022-11-24,baghdad_kifah,2,2,1491.0,1489.75,1488.5,1491.0,2.5,0.168,,dollar_price:1491|dollariraqi:1488.5
2022-11-24,basra,2,2,1492.0,1492.0,1492.0,1492.0,0.0,0.0,,dollar_price:1492|dollariraqi:1492
2022-11-24,erbil,2,2,1492.0,1492.0,1492.0,1492.0,0.0,0.0,,dollar_price:1492|dollariraqi:1492
2022-11-27,baghdad_kifah,2,2,1489.0,1491.5,1489.0,1494.0,5.0,0.335,,dollar_price:1489|dollariraqi:1494
2022-11-27,basra,2,2,1490.0,1490.0,1490.0,1490.0,0.0,0.0,,dollar_price:1490|dollariraqi:1490
2022-11-27,erbil,2,2,1488.5,1488.5,1488.5,1488.5,0.0,0.0,,dollar_price:1488.5|dollariraqi:1488.5
2022-11-27,ramadi,2,2,1490.0,1490.0,1490.0,1490.0,0.0,0.0,,dollar_price:1490|dollariraqi:1490
2022-11-28,baghdad_kifah,2,2,1493.5,1494.5,1493.5,1495.5,2.0,0.134,,dollar_price:1493.5|dollariraqi:1495.5
2022-11-28,basra,2,2,1493.25,1493.25,1493.0,1493.5,0.5,0.033,,dollar_price:1493.5|dollariraqi:1493
2022-11-28,erbil,2,2,1493.88,1493.88,1493.75,1494.0,0.25,0.017,,dollar_price:1493.75|dollariraqi:1494
2022-11-29,baghdad_kifah,2,2,1495.0,1494.5,1494.0,1495.0,1.0,0.067,,dollar_price:1495|dollariraqi:1494
2022-11-29,basra,2,2,1495.0,1495.0,1495.0,1495.0,0.0,0.0,,dollar_price:1495|dollariraqi:1495
2022-11-29,erbil,2,2,1493.38,1493.38,1493.25,1493.5,0.25,0.017,,dollar_price:1493.5|dollariraqi:1493.25
2022-11-30,baghdad_kifah,2,2,1495.0,1495.0,1495.0,1495.0,0.0,0.0,,dollar_price:1495|dollariraqi:1495
2022-11-30,basra,2,2,1494.5,1494.5,1494.5,1494.5,0.0,0.0,,dollar_price:1494.5|dollariraqi:1494.5
2022-11-30,erbil,2,2,1494.88,1494.88,1494.25,1495.5,1.25,0.084,,dollar_price:1495.5|dollariraqi:1494.25
2022-12-01,baghdad_kifah,2,2,1496.0,1495.75,1495.5,1496.0,0.5,0.033,,dollar_price:1496|dollariraqi:1495.5
2022-12-01,basra,2,2,1495.5,1495.5,1495.5,1495.5,0.0,0.0,,dollar_price:1495.5|dollariraqi:1495.5
2022-12-01,erbil,2,2,1497.0,1497.0,1497.0,1497.0,0.0,0.0,,dollar_price:1497|dollariraqi:1497
2022-12-04,baghdad_generic,1,1,1487.5,1487.5,1487.5,1487.5,0.0,0.0,,dollariraqi:1487.5
2022-12-04,baghdad_kifah,2,2,1496.5,1496.75,1496.5,1497.0,0.5,0.033,,dollar_price:1496.5|dollariraqi:1497
2022-12-04,basra,2,2,1496.0,1496.0,1496.0,1496.0,0.0,0.0,,dollar_price:1496|dollariraqi:1496
2022-12-04,erbil,2,2,1496.0,1496.0,1496.0,1496.0,0.0,0.0,,dollar_price:1496|dollariraqi:1496
2022-12-05,baghdad_generic,1,1,1495.0,1495.0,1495.0,1495.0,0.0,0.0,,dollariraqi:1495
2022-12-05,baghdad_kifah,2,2,1494.75,1494.75,1494.5,1495.0,0.5,0.033,,dollar_price:1495|dollariraqi:1494.5
2022-12-05,basra,2,2,1494.0,1494.0,1494.0,1494.0,0.0,0.0,,dollar_price:1494|dollariraqi:1494
2022-12-05,erbil,2,2,1494.5,1494.5,1494.5,1494.5,0.0,0.0,,dollar_price:1494.5|dollariraqi:1494.5
2022-12-06,baghdad_kifah,2,2,1495.5,1495.75,1495.5,1496.0,0.5,0.033,,dollar_price:1495.5|dollariraqi:1496
2022-12-06,basra,2,2,1494.5,1494.5,1494.5,1494.5,0.0,0.0,,dollar_price:1494.5|dollariraqi:1494.5
2022-12-06,erbil,2,2,1496.25,1496.25,1496.25,1496.25,0.0,0.0,,dollar_price:1496.25|dollariraqi:1496.25
2022-12-07,baghdad_kifah,2,2,1502.0,1503.75,1502.0,1505.5,3.5,0.233,,dollar_price:1502|dollariraqi:1505.5
2022-12-07,basra,2,2,1501.5,1501.5,1501.5,1501.5,0.0,0.0,,dollar_price:1501.5|dollariraqi:1501.5
2022-12-07,erbil,2,2,1502.0,1502.0,1502.0,1502.0,0.0,0.0,,dollar_price:1502|dollariraqi:1502
2022-12-08,baghdad_kifah,2,2,1504.5,1505.25,1504.5,1506.0,1.5,0.1,,dollar_price:1504.5|dollariraqi:1506
2022-12-08,basra,2,2,1502.0,1502.0,1502.0,1502.0,0.0,0.0,,dollar_price:1502|dollariraqi:1502
2022-12-08,erbil,2,2,1504.0,1504.0,1504.0,1504.0,0.0,0.0,,dollar_price:1504|dollariraqi:1504
2022-12-11,baghdad_generic,1,1,1501.5,1501.5,1501.5,1501.5,0.0,0.0,,dollariraqi:1501.5
2022-12-11,baghdad_kifah,2,2,1501.75,1501.75,1501.5,1502.0,0.5,0.033,,dollar_price:1501.5|dollariraqi:1502
2022-12-11,basra,2,2,1500.0,1500.0,1500.0,1500.0,0.0,0.0,,dollar_price:1500|dollariraqi:1500
2022-12-11,erbil,2,2,1501.0,1501.0,1501.0,1501.0,0.0,0.0,,dollar_price:1501|dollariraqi:1501
2022-12-12,baghdad_kifah,2,2,1501.25,1502.25,1502.0,1502.5,0.5,0.033,,dollar_price:1502|dollariraqi:1502.5
2022-12-12,basra,1,1,1501.0,1501.0,1501.0,1501.0,0.0,0.0,,dollar_price:1501
2022-12-12,erbil,1,1,1500.0,1500.0,1500.0,1500.0,0.0,0.0,,dollar_price:1500
2022-12-13,baghdad_kifah,2,2,1503.0,1507.5,1503.0,1512.0,9.0,0.597,,dollar_price:1503|dollariraqi:1512
2022-12-13,basra,2,2,1504.0,1504.0,1504.0,1504.0,0.0,0.0,,dollar_price:1504|dollariraqi:1504
2022-12-13,erbil,2,2,1507.5,1507.5,1507.5,1507.5,0.0,0.0,,dollar_price:1507.5|dollariraqi:1507.5
2022-12-14,baghdad_kifah,1,1,1514.0,1519.0,1519.0,1519.0,0.0,0.0,,dollariraqi:1519
2022-12-14,basra,1,1,1514.0,1514.0,1514.0,1514.0,0.0,0.0,,dollariraqi:1514
2022-12-14,erbil,1,1,1517.5,1517.5,1517.5,1517.5,0.0,0.0,,dollariraqi:1517.5
2022-12-15,baghdad_kifah,1,1,1524.5,1522.0,1522.0,1522.0,0.0,0.0,,dollariraqi:1522
2022-12-15,basra,2,2,1520.75,1520.75,1519.0,1522.5,3.5,0.23,,dollar_price:1522.5|dollariraqi:1519
2022-12-15,erbil,2,2,1520.25,1520.25,1518.0,1522.5,4.5,0.296,,dollar_price:1518|dollariraqi:1522.5
2022-12-18,baghdad_kifah,2,2,1513.0,1513.0,1513.0,1513.0,0.0,0.0,,dollar_price:1513|dollariraqi:1513
2022-12-18,basra,2,2,1517.5,1517.5,1517.5,1517.5,0.0,0.0,,dollar_price:1517.5|dollariraqi:1517.5
2022-12-18,erbil,2,2,1512.0,1512.0,1512.0,1512.0,0.0,0.0,,dollar_price:1512|dollariraqi:1512
2022-12-19,baghdad_kifah,2,2,1517.75,1517.75,1517.5,1518.0,0.5,0.033,,dollar_price:1518|dollariraqi:1517.5
2022-12-19,basra,2,2,1521.25,1521.25,1520.0,1522.5,2.5,0.164,,dollar_price:1522.5|dollariraqi:1520
2022-12-19,erbil,2,2,1517.5,1517.5,1517.5,1517.5,0.0,0.0,,dollar_price:1517.5|dollariraqi:1517.5
2022-12-20,baghdad_kifah,2,2,1513.0,1513.5,1513.5,1513.5,0.0,0.0,,dollar_price:1513.5|dollariraqi:1513.5
2022-12-20,basra,2,2,1516.25,1516.25,1515.0,1517.5,2.5,0.165,,dollar_price:1517.5|dollariraqi:1515
2022-12-20,erbil,2,2,1513.5,1513.5,1513.5,1513.5,0.0,0.0,,dollar_price:1513.5|dollariraqi:1513.5
2022-12-21,baghdad_kifah,2,2,1513.75,1515.0,1513.5,1516.5,3.0,0.198,,dollar_price:1513.5|dollariraqi:1516.5
2022-12-21,basra,2,2,1517.5,1517.5,1517.5,1517.5,0.0,0.0,,dollar_price:1517.5|dollariraqi:1517.5
2022-12-21,erbil,2,2,1513.5,1513.5,1513.5,1513.5,0.0,0.0,,dollar_price:1513.5|dollariraqi:1513.5
2022-12-22,baghdad_generic,1,1,1528.0,1528.0,1528.0,1528.0,0.0,0.0,,dollariraqi:1528
2022-12-22,baghdad_kifah,2,2,1519.0,1522.5,1518.0,1527.0,9.0,0.591,,dollar_price:1518|dollariraqi:1527
2022-12-22,basra,2,2,1522.5,1522.5,1522.5,1522.5,0.0,0.0,,dollar_price:1522.5|dollariraqi:1522.5
2022-12-22,erbil,2,2,1517.0,1517.0,1517.0,1517.0,0.0,0.0,,dollar_price:1517|dollariraqi:1517
2022-12-25,baghdad_generic,1,1,1540.0,1540.0,1540.0,1540.0,0.0,0.0,,dollariraqi:1540
2022-12-25,baghdad_kifah,1,1,1544.0,1544.0,1544.0,1544.0,0.0,0.0,,dollariraqi:1544
2022-12-25,basra,2,2,1535.0,1535.0,1535.0,1535.0,0.0,0.0,,dollar_price:1535|dollariraqi:1535
2022-12-25,erbil,2,2,1537.5,1537.5,1537.5,1537.5,0.0,0.0,,dollar_price:1537.5|dollariraqi:1537.5
2022-12-26,baghdad_harithiya,1,1,1578.0,1578.0,1578.0,1578.0,0.0,0.0,,dollariraqi:1578
2022-12-26,baghdad_kifah,2,2,1544.0,1560.0,1544.0,1576.0,32.0,2.051,,dollar_price:1544|dollariraqi:1576
2022-12-26,basra,2,2,1547.0,1547.0,1546.5,1547.5,1.0,0.065,,dollar_price:1547.5|dollariraqi:1546.5
2022-12-26,erbil,2,2,1546.25,1546.25,1545.0,1547.5,2.5,0.162,,dollar_price:1545|dollariraqi:1547.5
2022-12-27,baghdad_generic,1,1,1553.0,1553.0,1553.0,1553.0,0.0,0.0,,dollariraqi:1553
2022-12-27,baghdad_kifah,2,2,1576.5,1576.5,1572.0,1581.0,9.0,0.571,,dollar_price:1572|dollariraqi:1581
2022-12-27,basra,2,2,1580.0,1580.0,1575.0,1585.0,10.0,0.633,,dollar_price:1575|dollariraqi:1585
2022-12-27,erbil,2,2,1585.0,1585.0,1580.0,1590.0,10.0,0.631,,dollar_price:1580|dollariraqi:1590
2022-12-28,baghdad_generic,1,1,1524.0,1524.0,1524.0,1524.0,0.0,0.0,,dollariraqi:1524
2022-12-28,baghdad_kifah,2,2,1566.0,1548.0,1530.0,1566.0,36.0,2.326,,dollar_price:1566|dollariraqi:1530
2022-12-28,basra,2,2,1571.0,1571.0,1567.0,1575.0,8.0,0.509,,dollar_price:1575|dollariraqi:1567
2022-12-28,erbil,2,2,1570.0,1570.0,1565.0,1575.0,10.0,0.637,,dollar_price:1565|dollariraqi:1575
2022-12-29,baghdad_kifah,2,2,1517.5,1525.5,1520.0,1531.0,11.0,0.721,,dollar_price:1520|dollariraqi:1531
2022-12-29,basra,1,1,1525.0,1525.0,1525.0,1525.0,0.0,0.0,,dollar_price:1525
2022-12-29,erbil,1,1,1515.0,1515.0,1515.0,1515.0,0.0,0.0,,dollar_price:1515
2023-01-01,baghdad_generic,1,1,1525.0,1525.0,1525.0,1525.0,0.0,0.0,,dollariraqi:1525
2023-01-01,baghdad_kifah,1,1,1531.0,1531.0,1531.0,1531.0,0.0,0.0,,dollar_price:1531
2023-01-01,erbil,1,1,1535.0,1535.0,1535.0,1535.0,0.0,0.0,,dollar_price:1535
2023-01-02,baghdad_kifah,2,2,1529.5,1529.25,1529.0,1529.5,0.5,0.033,,dollar_price:1529.5|dollariraqi:1529
2023-01-02,basra,2,2,1532.5,1532.5,1532.5,1532.5,0.0,0.0,,dollar_price:1532.5|dollariraqi:1532.5
2023-01-02,erbil,2,2,1529.0,1529.0,1529.0,1529.0,0.0,0.0,,dollar_price:1529|dollariraqi:1529
2023-01-03,baghdad_kifah,2,2,1531.0,1539.0,1531.0,1547.0,16.0,1.04,,dollar_price:1531|dollariraqi:1547
2023-01-03,basra,2,2,1531.0,1531.0,1527.0,1535.0,8.0,0.523,,dollar_price:1535|dollariraqi:1527
2023-01-03,erbil,2,2,1528.5,1528.5,1527.0,1530.0,3.0,0.196,,dollar_price:1527|dollariraqi:1530
2023-01-04,baghdad_generic,1,1,1560.0,1560.0,1560.0,1560.0,0.0,0.0,,dollariraqi:1560
2023-01-04,baghdad_kifah,2,2,1561.0,1564.5,1561.0,1568.0,7.0,0.447,,dollar_price:1561|dollariraqi:1568
2023-01-04,basra,2,2,1561.75,1561.75,1558.5,1565.0,6.5,0.416,,dollar_price:1565|dollariraqi:1558.5
2023-01-04,erbil,2,2,1558.25,1558.25,1558.0,1558.5,0.5,0.032,,dollar_price:1558.5|dollariraqi:1558
2023-01-05,baghdad_kifah,1,1,1564.0,1561.0,1561.0,1561.0,0.0,0.0,,dollariraqi:1561
2023-01-05,basra,2,2,1567.5,1567.5,1567.5,1567.5,0.0,0.0,,dollar_price:1567.5|dollariraqi:1567.5
2023-01-05,erbil,2,2,1562.5,1562.5,1562.5,1562.5,0.0,0.0,,dollar_price:1562.5|dollariraqi:1562.5
2023-01-08,baghdad_kifah,2,2,1560.0,1562.5,1560.0,1565.0,5.0,0.32,,dollar_price:1560|dollariraqi:1565
2023-01-08,basra,2,2,1565.0,1565.0,1565.0,1565.0,0.0,0.0,,dollar_price:1565|dollariraqi:1565
2023-01-08,erbil,2,2,1558.5,1558.5,1558.5,1558.5,0.0,0.0,,dollar_price:1558.5|dollariraqi:1558.5
2023-01-09,baghdad_kifah,2,2,1574.0,1582.0,1574.0,1590.0,16.0,1.011,,dollar_price:1574|dollariraqi:1590
2023-01-09,basra,2,2,1577.5,1577.5,1577.5,1577.5,0.0,0.0,,dollar_price:1577.5|dollariraqi:1577.5
2023-01-09,erbil,2,2,1570.0,1570.0,1570.0,1570.0,0.0,0.0,,dollar_price:1570|dollariraqi:1570
2023-01-10,baghdad_generic,1,1,1598.0,1599.0,1599.0,1599.0,0.0,0.0,,dollariraqi:1599
2023-01-10,baghdad_kifah,2,2,1595.0,1600.5,1595.0,1606.0,11.0,0.687,,dollar_price:1595|dollariraqi:1606
2023-01-10,basra,2,2,1600.0,1600.0,1600.0,1600.0,0.0,0.0,,dollar_price:1600|dollariraqi:1600
2023-01-10,erbil,2,2,1593.0,1593.0,1593.0,1593.0,0.0,0.0,,dollar_price:1593|dollariraqi:1593
2023-01-11,baghdad_generic,1,1,1576.5,1576.5,1576.5,1576.5,0.0,0.0,,dollariraqi:1576.5
2023-01-11,baghdad_kifah,2,2,1597.5,1585.5,1573.0,1598.0,25.0,1.577,,dollar_price:1598|dollariraqi:1573
2023-01-11,basra,2,2,1600.0,1600.0,1600.0,1600.0,0.0,0.0,,dollar_price:1600|dollariraqi:1600
2023-01-11,erbil,2,2,1595.0,1595.0,1595.0,1595.0,0.0,0.0,,dollar_price:1595|dollariraqi:1595
2023-01-12,baghdad_generic,1,1,1578.0,1578.0,1578.0,1578.0,0.0,0.0,,dollariraqi:1578
2023-01-12,baghdad_harithiya,1,1,1578.0,1578.0,1578.0,1578.0,0.0,0.0,,dollariraqi:1578
2023-01-12,baghdad_kifah,2,2,1572.0,1576.0,1572.0,1580.0,8.0,0.508,,dollar_price:1572|dollariraqi:1580
2023-01-12,basra,2,2,1577.5,1577.5,1577.5,1577.5,0.0,0.0,,dollar_price:1577.5|dollariraqi:1577.5
2023-01-12,erbil,2,2,1572.5,1577.25,1572.5,1582.0,9.5,0.602,,dollar_price:1572.5|dollariraqi:1582
2023-01-12,ramadi,1,1,1582.0,1582.0,1582.0,1582.0,0.0,0.0,,dollariraqi:1582
2023-01-15,baghdad_harithiya,1,1,1583.0,1573.0,1573.0,1573.0,0.0,0.0,,dollariraqi:1573
2023-01-15,baghdad_kifah,2,2,1580.0,1576.0,1573.0,1579.0,6.0,0.381,,dollar_price:1579|dollariraqi:1573
2023-01-15,basra,2,2,1580.0,1576.0,1572.0,1580.0,8.0,0.508,,dollar_price:1580|dollariraqi:1572
2023-01-15,erbil,2,2,1577.5,1574.25,1571.0,1577.5,6.5,0.413,,dollar_price:1577.5|dollariraqi:1571
2023-01-15,ramadi,1,1,1585.0,1575.0,1575.0,1575.0,0.0,0.0,,dollariraqi:1575
2023-01-16,baghdad_generic,1,1,1600.0,1600.0,1600.0,1600.0,0.0,0.0,,dollariraqi:1600
2023-01-16,baghdad_harithiya,1,1,1574.0,1592.0,1592.0,1592.0,0.0,0.0,,dollariraqi:1592
2023-01-16,baghdad_kifah,2,2,1574.0,1583.5,1574.0,1593.0,19.0,1.2,,dollar_price:1574|dollariraqi:1593
2023-01-16,basra,2,2,1575.0,1582.25,1577.5,1587.0,9.5,0.6,,dollar_price:1577.5|dollariraqi:1587
2023-01-16,erbil,2,2,1572.75,1584.25,1572.5,1596.0,23.5,1.483,,dollar_price:1572.5|dollariraqi:1596
2023-01-16,ramadi,1,1,1576.0,1595.0,1595.0,1595.0,0.0,0.0,,dollariraqi:1595
2023-01-17,baghdad_generic,1,1,1605.0,1605.0,1605.0,1605.0,0.0,0.0,,dollariraqi:1605
2023-01-17,baghdad_harithiya,1,1,1595.0,1603.5,1603.5,1603.5,0.0,0.0,,dollariraqi:1603.5
2023-01-17,baghdad_kifah,2,2,1600.5,1604.0,1603.0,1605.0,2.0,0.125,,dollar_price:1605|dollariraqi:1603
2023-01-17,basra,2,2,1599.5,1601.0,1600.0,1602.0,2.0,0.125,,dollar_price:1600|dollariraqi:1602
2023-01-17,erbil,2,2,1606.0,1607.0,1606.0,1608.0,2.0,0.124,,dollar_price:1606|dollariraqi:1608
2023-01-17,ramadi,1,1,1598.0,1605.0,1605.0,1605.0,0.0,0.0,,dollariraqi:1605
2023-01-18,baghdad_harithiya,1,1,1605.0,1624.0,1624.0,1624.0,0.0,0.0,,dollariraqi:1624
2023-01-18,baghdad_kifah,2,2,1605.0,1613.5,1605.0,1622.0,17.0,1.054,,dollar_price:1605|dollariraqi:1622
2023-01-18,basra,2,2,1608.0,1610.5,1610.0,1611.0,1.0,0.062,,dollar_price:1610|dollariraqi:1611
2023-01-18,erbil,2,2,1603.5,1615.0,1606.0,1624.0,18.0,1.115,,dollar_price:1606|dollariraqi:1624
2023-01-18,ramadi,1,1,1607.0,1627.0,1627.0,1627.0,0.0,0.0,,dollariraqi:1627
2023-01-19,baghdad_harithiya,1,1,1631.0,1650.0,1650.0,1650.0,0.0,0.0,,dollariraqi:1650
2023-01-19,baghdad_kifah,2,2,1625.0,1638.5,1620.0,1657.0,37.0,2.258,,dollar_price:1620|dollariraqi:1657
2023-01-19,basra,2,2,1627.5,1635.0,1625.0,1645.0,20.0,1.223,,dollar_price:1625|dollariraqi:1645
2023-01-19,erbil,2,2,1627.0,1635.5,1619.0,1652.0,33.0,2.018,,dollar_price:1619|dollariraqi:1652
2023-01-19,ramadi,1,1,1635.0,1655.0,1655.0,1655.0,0.0,0.0,,dollariraqi:1655
2023-01-22,baghdad_generic,1,1,1644.0,1641.0,1641.0,1641.0,0.0,0.0,,dollariraqi:1641
2023-01-22,baghdad_harithiya,1,1,1652.0,1652.0,1652.0,1652.0,0.0,0.0,,dollariraqi:1652
2023-01-22,basra,2,2,1635.0,1635.0,1635.0,1635.0,0.0,0.0,,dollar_price:1635|dollariraqi:1635
2023-01-22,erbil,2,2,1649.0,1653.0,1648.0,1658.0,10.0,0.605,,dollar_price:1648|dollariraqi:1658
2023-01-23,baghdad_generic,1,1,1599.0,1583.0,1583.0,1583.0,0.0,0.0,,dollariraqi:1583
2023-01-24,baghdad_generic,1,1,1590.0,1590.0,1590.0,1590.0,0.0,0.0,,dollariraqi:1590
2023-01-24,basra,1,1,1612.0,1612.0,1612.0,1612.0,0.0,0.0,,dollariraqi:1612
2023-01-24,erbil,1,1,1612.5,1612.5,1612.5,1612.5,0.0,0.0,,dollariraqi:1612.5
2023-01-25,baghdad_kifah,1,1,1610.0,1609.0,1609.0,1609.0,0.0,0.0,,dollariraqi:1609
2023-01-25,basra,1,1,1605.0,1605.0,1605.0,1605.0,0.0,0.0,,dollariraqi:1605
2023-01-25,erbil,1,1,1622.5,1620.0,1620.0,1620.0,0.0,0.0,,dollariraqi:1620
2023-01-29,baghdad_generic,1,1,1655.0,1655.0,1655.0,1655.0,0.0,0.0,,dollariraqi:1655
2023-01-29,basra,1,1,1653.0,1653.0,1653.0,1653.0,0.0,0.0,,dollariraqi:1653
2023-01-29,erbil,1,1,1662.5,1662.5,1662.5,1662.5,0.0,0.0,,dollariraqi:1662.5
2023-01-29,hillah,1,1,1663.0,1663.0,1663.0,1663.0,0.0,0.0,,dollariraqi:1663
2023-01-29,nasiriyah,1,1,1662.0,1662.0,1662.0,1662.0,0.0,0.0,,dollariraqi:1662
2023-01-29,ramadi,1,1,1661.0,1661.0,1661.0,1661.0,0.0,0.0,,dollariraqi:1661
2023-01-29,samawah,1,1,1662.0,1662.0,1662.0,1662.0,0.0,0.0,,dollariraqi:1662
2023-01-30,baghdad_kifah,1,1,1665.0,1665.0,1665.0,1665.0,0.0,0.0,,dollariraqi:1665
2023-01-30,basra,1,1,1665.0,1665.0,1665.0,1665.0,0.0,0.0,,dollariraqi:1665
2023-01-30,erbil,1,1,1675.0,1675.0,1675.0,1675.0,0.0,0.0,,dollariraqi:1675
2023-01-31,baghdad_generic,1,1,1685.0,1685.0,1685.0,1685.0,0.0,0.0,,dollariraqi:1685
2023-01-31,basra,1,1,1679.5,1680.0,1680.0,1680.0,0.0,0.0,,dollariraqi:1680
2023-01-31,erbil,1,1,1690.0,1681.0,1681.0,1681.0,0.0,0.0,,dollariraqi:1681
2023-02-01,baghdad_generic,1,1,1681.0,1686.0,1686.0,1686.0,0.0,0.0,,dollariraqi:1686
2023-02-01,basra,1,1,1683.0,1686.0,1686.0,1686.0,0.0,0.0,,dollariraqi:1686
2023-02-01,erbil,1,1,1679.0,1685.5,1685.5,1685.5,0.0,0.0,,dollariraqi:1685.5
2023-02-02,baghdad_generic,1,1,1705.0,1705.0,1705.0,1705.0,0.0,0.0,,dollariraqi:1705
2023-02-02,basra,1,1,1704.0,1704.0,1704.0,1704.0,0.0,0.0,,dollariraqi:1704
2023-02-02,erbil,1,1,1706.0,1706.0,1706.0,1706.0,0.0,0.0,,dollariraqi:1706
2023-02-06,baghdad_generic,1,1,1645.0,1609.0,1609.0,1609.0,0.0,0.0,,dollariraqi:1609
2023-02-06,basra,1,1,1650.0,1610.0,1610.0,1610.0,0.0,0.0,,dollariraqi:1610
2023-02-06,erbil,1,1,1660.0,1637.0,1637.0,1637.0,0.0,0.0,,dollariraqi:1637
2023-02-07,baghdad_generic,1,1,1580.0,1557.0,1557.0,1557.0,0.0,0.0,,dollariraqi:1557
2023-02-07,basra,1,1,1580.0,1590.0,1590.0,1590.0,0.0,0.0,,dollariraqi:1590
2023-02-07,erbil,1,1,1605.0,1585.0,1585.0,1585.0,0.0,0.0,,dollariraqi:1585
2023-02-08,babil,1,1,1490.0,1490.0,1490.0,1490.0,0.0,0.0,,dollar_price:1490
2023-02-08,baghdad_generic,2,2,1466.25,1466.25,1455.0,1477.5,22.5,1.535,,dollar_price:1477.5|dollariraqi:1455
2023-02-08,basra,1,1,1470.0,1470.0,1470.0,1470.0,0.0,0.0,,dollar_price:1470
2023-02-08,erbil,1,1,1510.0,1510.0,1510.0,1510.0,0.0,0.0,,dollar_price:1510
2023-02-09,baghdad_generic,2,2,1480.0,1479.0,1478.0,1480.0,2.0,0.135,,dollar_price:1480|dollariraqi:1478
2023-02-09,basra,1,1,1475.0,1475.0,1475.0,1475.0,0.0,0.0,,dollariraqi:1475
2023-02-09,erbil,1,1,1507.5,1507.5,1507.5,1507.5,0.0,0.0,,dollariraqi:1507.5
2023-02-12,baghdad_generic,1,1,1480.0,1480.0,1480.0,1480.0,0.0,0.0,,dollar_price:1480
2023-02-13,baghdad_kifah,1,1,1490.0,1490.0,1490.0,1490.0,0.0,0.0,,dollar_price:1490
2023-02-13,basra,1,1,1480.0,1480.0,1480.0,1480.0,0.0,0.0,,dollar_price:1480
2023-02-13,erbil,1,1,1500.0,1500.0,1500.0,1500.0,0.0,0.0,,dollar_price:1500
2023-02-14,baghdad_kifah,1,1,1505.0,1505.0,1505.0,1505.0,0.0,0.0,,dollar_price:1505
2023-02-14,basra,1,1,1507.5,1507.5,1507.5,1507.5,0.0,0.0,,dollar_price:1507.5
2023-02-14,erbil,1,1,1522.5,1522.5,1522.5,1522.5,0.0,0.0,,dollar_price:1522.5
2023-02-15,baghdad_kifah,1,1,1532.5,1532.5,1532.5,1532.5,0.0,0.0,,dollar_price:1532.5
2023-02-15,basra,1,1,1542.5,1542.5,1542.5,1542.5,0.0,0.0,,dollar_price:1542.5
2023-02-15,erbil,1,1,1552.5,1552.5,1552.5,1552.5,0.0,0.0,,dollar_price:1552.5
2023-02-16,baghdad_generic,1,1,1540.0,1540.0,1540.0,1540.0,0.0,0.0,,dollar_price:1540
2023-02-16,basra,1,1,1545.0,1545.0,1545.0,1545.0,0.0,0.0,,dollar_price:1545
2023-02-20,amarah,1,1,1538.0,1538.0,1538.0,1538.0,0.0,0.0,,dollariraqi:1538
2023-02-20,baghdad_generic,2,2,1533.5,1533.5,1533.0,1534.0,1.0,0.065,,dollar_price:1533|dollariraqi:1534
2023-02-20,baqubah,1,1,1538.0,1538.0,1538.0,1538.0,0.0,0.0,,dollariraqi:1538
2023-02-20,basra,2,2,1534.5,1534.5,1533.0,1536.0,3.0,0.196,,dollar_price:1533|dollariraqi:1536
2023-02-20,diwaniyah,1,1,1538.0,1538.0,1538.0,1538.0,0.0,0.0,,dollariraqi:1538
2023-02-20,erbil,2,2,1538.75,1538.75,1538.5,1539.0,0.5,0.032,,dollar_price:1538.5|dollariraqi:1539
2023-02-20,hillah,1,1,1538.0,1538.0,1538.0,1538.0,0.0,0.0,,dollariraqi:1538
2023-02-20,kut,1,1,1538.0,1538.0,1538.0,1538.0,0.0,0.0,,dollariraqi:1538
2023-02-20,nasiriyah,1,1,1538.0,1538.0,1538.0,1538.0,0.0,0.0,,dollariraqi:1538
2023-02-20,ramadi,1,1,1538.0,1538.0,1538.0,1538.0,0.0,0.0,,dollariraqi:1538
2023-02-20,samawah,1,1,1538.0,1538.0,1538.0,1538.0,0.0,0.0,,dollariraqi:1538
2023-02-20,tikrit,1,1,1538.0,1538.0,1538.0,1538.0,0.0,0.0,,dollariraqi:1538
2023-02-21,baghdad_kifah,1,1,1537.0,1537.0,1537.0,1537.0,0.0,0.0,,dollar_price:1537
2023-02-21,erbil,1,1,1538.5,1538.5,1538.5,1538.5,0.0,0.0,,dollar_price:1538.5
2023-02-23,baghdad_kifah,1,1,1530.0,1530.0,1530.0,1530.0,0.0,0.0,,dollar_price:1530
2023-02-23,erbil,1,1,1529.0,1529.0,1529.0,1529.0,0.0,0.0,,dollar_price:1529
2023-02-26,baghdad_harithiya,1,1,1522.0,1525.0,1525.0,1525.0,0.0,0.0,,dollariraqi:1525
2023-02-26,baghdad_kifah,2,2,1522.0,1523.5,1522.0,1525.0,3.0,0.197,,dollar_price:1522|dollariraqi:1525
2023-02-26,basra,2,2,1527.75,1526.75,1526.5,1527.0,0.5,0.033,,dollar_price:1526.5|dollariraqi:1527
2023-02-26,erbil,2,2,1528.75,1529.75,1527.5,1532.0,4.5,0.294,,dollar_price:1527.5|dollariraqi:1532
2023-02-27,baghdad_harithiya,1,1,1535.0,1540.0,1540.0,1540.0,0.0,0.0,,dollariraqi:1540
2023-02-27,baghdad_kifah,2,2,1535.5,1537.0,1534.0,1540.0,6.0,0.39,,dollar_price:1534|dollariraqi:1540
2023-02-27,basra,2,2,1538.0,1539.5,1537.0,1542.0,5.0,0.325,,dollar_price:1537|dollariraqi:1542
2023-02-27,erbil,2,2,1546.25,1548.0,1546.0,1550.0,4.0,0.258,,dollar_price:1546|dollariraqi:1550
2023-02-28,baghdad_harithiya,1,1,1540.0,1540.0,1540.0,1540.0,0.0,0.0,,dollariraqi:1540
2023-02-28,baghdad_kifah,2,2,1540.0,1540.0,1540.0,1540.0,0.0,0.0,,dollar_price:1540|dollariraqi:1540
2023-02-28,basra,2,2,1542.25,1542.25,1542.0,1542.5,0.5,0.032,,dollar_price:1542.5|dollariraqi:1542
2023-02-28,erbil,2,2,1550.5,1550.5,1550.0,1551.0,1.0,0.064,,dollar_price:1550|dollariraqi:1551
2023-03-01,baghdad_generic,1,1,1555.0,1555.0,1555.0,1555.0,0.0,0.0,,dollariraqi:1555
2023-03-01,baghdad_kifah,1,1,1555.0,1555.0,1555.0,1555.0,0.0,0.0,,dollar_price:1555
2023-03-01,basra,1,1,1555.0,1555.0,1555.0,1555.0,0.0,0.0,,dollar_price:1555
2023-03-01,erbil,1,1,1570.0,1570.0,1570.0,1570.0,0.0,0.0,,dollar_price:1570
2023-03-02,baghdad_generic,1,1,1564.0,1564.0,1564.0,1564.0,0.0,0.0,,dollariraqi:1564
2023-03-02,baghdad_harithiya,1,1,1553.0,1553.0,1553.0,1553.0,0.0,0.0,,dollariraqi:1553
2023-03-02,baghdad_kifah,2,2,1558.5,1558.5,1553.0,1564.0,11.0,0.706,,dollar_price:1564|dollariraqi:1553
2023-03-02,basra,2,2,1559.0,1559.0,1555.0,1563.0,8.0,0.513,,dollar_price:1563|dollariraqi:1555
2023-03-02,erbil,2,2,1566.75,1566.75,1560.0,1573.5,13.5,0.862,,dollar_price:1573.5|dollariraqi:1560
2023-03-05,baghdad_harithiya,1,1,1567.0,1567.0,1567.0,1567.0,0.0,0.0,,dollariraqi:1567
2023-03-05,baghdad_kifah,2,2,1561.5,1561.5,1555.0,1568.0,13.0,0.833,,dollar_price:1555|dollariraqi:1568
2023-03-05,basra,2,2,1557.75,1557.75,1552.5,1563.0,10.5,0.674,,dollar_price:1552.5|dollariraqi:1563
2023-03-05,erbil,2,2,1566.0,1566.0,1560.0,1572.0,12.0,0.766,,dollar_price:1560|dollariraqi:1572
2023-03-06,baghdad_kifah,1,1,1570.0,1570.0,1570.0,1570.0,0.0,0.0,,dollar_price:1570
2023-03-06,basra,1,1,1568.0,1568.0,1568.0,1568.0,0.0,0.0,,dollar_price:1568
2023-03-06,erbil,1,1,1574.0,1574.0,1574.0,1574.0,0.0,0.0,,dollar_price:1574
2023-03-07,baghdad_harithiya,1,1,1578.0,1578.0,1578.0,1578.0,0.0,0.0,,dollariraqi:1578
2023-03-07,baghdad_kifah,2,2,1578.5,1578.5,1578.0,1579.0,1.0,0.063,,dollar_price:1579|dollariraqi:1578
2023-03-07,basra,2,2,1577.0,1577.0,1576.0,1578.0,2.0,0.127,,dollar_price:1578|dollariraqi:1576
2023-03-07,erbil,2,2,1580.5,1580.5,1579.0,1582.0,3.0,0.19,,dollar_price:1582|dollariraqi:1579
2023-03-08,baghdad_harithiya,1,1,1578.0,1578.0,1578.0,1578.0,0.0,0.0,,dollariraqi:1578
2023-03-08,baghdad_kifah,1,1,1578.0,1578.0,1578.0,1578.0,0.0,0.0,,dollariraqi:1578
2023-03-08,basra,1,1,1576.0,1576.0,1576.0,1576.0,0.0,0.0,,dollariraqi:1576
2023-03-08,erbil,1,1,1579.5,1579.5,1579.5,1579.5,0.0,0.0,,dollariraqi:1579.5
2023-03-09,baghdad_kifah,1,1,1572.5,1572.5,1572.5,1572.5,0.0,0.0,,dollar_price:1572.5
2023-03-09,basra,1,1,1573.0,1573.0,1573.0,1573.0,0.0,0.0,,dollar_price:1573
2023-03-09,erbil,1,1,1576.5,1576.5,1576.5,1576.5,0.0,0.0,,dollar_price:1576.5
2023-03-12,baghdad_harithiya,1,1,1570.0,1570.0,1570.0,1570.0,0.0,0.0,,dollariraqi:1570
2023-03-12,baghdad_kifah,2,2,1570.75,1570.75,1570.0,1571.5,1.5,0.095,,dollar_price:1571.5|dollariraqi:1570
2023-03-12,basra,2,2,1572.25,1572.25,1572.0,1572.5,0.5,0.032,,dollar_price:1572|dollariraqi:1572.5
2023-03-12,erbil,2,2,1575.25,1575.25,1575.0,1575.5,0.5,0.032,,dollar_price:1575.5|dollariraqi:1575
2023-03-13,baghdad_harithiya,1,1,1566.0,1566.0,1566.0,1566.0,0.0,0.0,,dollariraqi:1566
2023-03-13,baghdad_kifah,2,2,1552.5,1552.5,1540.0,1565.0,25.0,1.61,,dollar_price:1540|dollariraqi:1565
2023-03-13,basra,2,2,1556.0,1556.0,1544.0,1568.0,24.0,1.542,,dollar_price:1544|dollariraqi:1568
2023-03-13,erbil,2,2,1555.0,1555.0,1543.0,1567.0,24.0,1.543,,dollar_price:1543|dollariraqi:1567
2023-03-14,baghdad_harithiya,1,1,1532.0,1532.0,1532.0,1532.0,0.0,0.0,,dollariraqi:1532
2023-03-14,baghdad_kifah,2,2,1550.25,1550.25,1548.5,1552.0,3.5,0.226,,dollar_price:1548.5|dollariraqi:1552
2023-03-14,basra,2,2,1554.75,1554.75,1552.5,1557.0,4.5,0.289,,dollar_price:1552.5|dollariraqi:1557
2023-03-14,erbil,2,2,1551.75,1551.75,1550.0,1553.5,3.5,0.226,,dollar_price:1550|dollariraqi:1553.5
2023-03-15,baghdad_generic,1,1,1569.5,1569.5,1569.5,1569.5,0.0,0.0,,dollariraqi:1569.5
2023-03-15,baghdad_kifah,1,1,1580.0,1580.0,1580.0,1580.0,0.0,0.0,,dollar_price:1580
2023-03-15,erbil,1,1,1580.0,1580.0,1580.0,1580.0,0.0,0.0,,dollar_price:1580
2023-03-16,baghdad_generic,1,1,1565.0,1565.0,1565.0,1565.0,0.0,0.0,,dollariraqi:1565
2023-03-16,baghdad_kifah,1,1,1565.0,1565.0,1565.0,1565.0,0.0,0.0,,dollar_price:1565
2023-03-16,basra,1,1,1567.0,1567.0,1567.0,1567.0,0.0,0.0,,dollar_price:1567
2023-03-16,erbil,1,1,1565.0,1565.0,1565.0,1565.0,0.0,0.0,,dollar_price:1565
2023-03-19,baghdad_generic,1,1,1562.5,1562.5,1562.5,1562.5,0.0,0.0,,dollariraqi:1562.5
2023-03-19,baghdad_kifah,1,1,1563.0,1563.0,1563.0,1563.0,0.0,0.0,,dollar_price:1563
2023-03-19,basra,1,1,1566.5,1566.5,1566.5,1566.5,0.0,0.0,,dollar_price:1566.5
2023-03-19,erbil,1,1,1563.0,1563.0,1563.0,1563.0,0.0,0.0,,dollar_price:1563
2023-03-20,baghdad_kifah,1,1,1563.0,1563.0,1563.0,1563.0,0.0,0.0,,dollar_price:1563
2023-03-20,basra,1,1,1563.0,1563.0,1563.0,1563.0,0.0,0.0,,dollar_price:1563
2023-03-20,erbil,1,1,1562.0,1562.0,1562.0,1562.0,0.0,0.0,,dollar_price:1562
2023-03-21,baghdad_kifah,1,1,1563.0,1563.0,1563.0,1563.0,0.0,0.0,,dollar_price:1563
2023-03-21,basra,1,1,1564.0,1564.0,1564.0,1564.0,0.0,0.0,,dollar_price:1564
2023-03-21,erbil,1,1,1563.0,1563.0,1563.0,1563.0,0.0,0.0,,dollar_price:1563
2023-03-22,baghdad_generic,1,1,1557.5,1561.0,1561.0,1561.0,0.0,0.0,,dollariraqi:1561
2023-03-22,baghdad_kifah,2,2,1560.0,1560.0,1560.0,1560.0,0.0,0.0,,dollar_price:1560|dollariraqi:1560
2023-03-22,basra,2,2,1560.5,1561.25,1561.0,1561.5,0.5,0.032,,dollar_price:1561|dollariraqi:1561.5
2023-03-22,erbil,2,2,1561.5,1561.5,1560.0,1563.0,3.0,0.192,,dollar_price:1560|dollariraqi:1563
2023-03-23,baghdad_kifah,1,1,1560.0,1560.0,1560.0,1560.0,0.0,0.0,,dollar_price:1560
2023-03-23,basra,1,1,1560.0,1560.0,1560.0,1560.0,0.0,0.0,,dollar_price:1560
2023-03-23,erbil,1,1,1560.0,1560.0,1560.0,1560.0,0.0,0.0,,dollar_price:1560
2023-03-26,baghdad_kifah,1,1,1542.0,1542.0,1542.0,1542.0,0.0,0.0,,dollar_price:1542
2023-03-26,basra,1,1,1544.0,1544.0,1544.0,1544.0,0.0,0.0,,dollar_price:1544
2023-03-26,erbil,1,1,1543.5,1543.5,1543.5,1543.5,0.0,0.0,,dollar_price:1543.5
2023-03-27,baghdad_generic,1,1,1550.0,1550.0,1550.0,1550.0,0.0,0.0,,dollariraqi:1550
2023-03-27,baghdad_kifah,1,1,1550.0,1550.0,1550.0,1550.0,0.0,0.0,,dollar_price:1550
2023-03-27,basra,1,1,1555.0,1555.0,1555.0,1555.0,0.0,0.0,,dollar_price:1555
2023-03-27,erbil,1,1,1557.5,1557.5,1557.5,1557.5,0.0,0.0,,dollar_price:1557.5
2023-03-28,baghdad_generic,1,1,1544.0,1541.0,1541.0,1541.0,0.0,0.0,,dollariraqi:1541
2023-03-28,baghdad_kifah,2,2,1547.5,1547.5,1546.0,1549.0,3.0,0.194,,dollar_price:1546|dollariraqi:1549
2023-03-28,basra,2,2,1547.0,1547.0,1547.0,1547.0,0.0,0.0,,dollar_price:1547|dollariraqi:1547
2023-03-28,erbil,2,2,1548.0,1547.0,1545.0,1549.0,4.0,0.259,,dollar_price:1549|dollariraqi:1545
2023-03-29,baghdad_generic,1,1,1534.0,1529.0,1529.0,1529.0,0.0,0.0,,dollariraqi:1529
2023-03-29,baghdad_kifah,1,1,1542.0,1542.0,1542.0,1542.0,0.0,0.0,,dollar_price:1542
2023-03-29,basra,2,2,1542.5,1542.5,1540.0,1545.0,5.0,0.324,,dollar_price:1545|dollariraqi:1540
2023-03-29,erbil,2,2,1541.75,1540.75,1535.0,1546.5,11.5,0.746,,dollar_price:1546.5|dollariraqi:1535
2023-03-30,baghdad_generic,1,1,1520.0,1523.0,1523.0,1523.0,0.0,0.0,,dollariraqi:1523
2023-03-30,baghdad_kifah,1,1,1517.0,1517.0,1517.0,1517.0,0.0,0.0,,dollar_price:1517
2023-03-30,baqubah,1,1,1524.5,1524.5,1524.5,1524.5,0.0,0.0,,dollariraqi:1524.5
2023-03-30,basra,2,2,1520.25,1521.25,1518.5,1524.0,5.5,0.362,,dollar_price:1518.5|dollariraqi:1524
2023-03-30,diwaniyah,1,1,1525.5,1525.5,1525.5,1525.5,0.0,0.0,,dollariraqi:1525.5
2023-03-30,erbil,2,2,1522.5,1522.5,1520.0,1525.0,5.0,0.328,,dollar_price:1520|dollariraqi:1525
2023-03-30,hillah,1,1,1524.5,1524.5,1524.5,1524.5,0.0,0.0,,dollariraqi:1524.5
2023-03-30,kut,1,1,1525.0,1525.0,1525.0,1525.0,0.0,0.0,,dollariraqi:1525
2023-03-30,nasiriyah,1,1,1521.5,1521.5,1521.5,1521.5,0.0,0.0,,dollariraqi:1521.5
2023-03-30,ramadi,1,1,1524.5,1524.5,1524.5,1524.5,0.0,0.0,,dollariraqi:1524.5
2023-03-30,samawah,1,1,1524.5,1524.5,1524.5,1524.5,0.0,0.0,,dollariraqi:1524.5
2023-03-30,tikrit,1,1,1524.0,1524.0,1524.0,1524.0,0.0,0.0,,dollariraqi:1524
2023-04-02,baghdad_generic,1,1,1490.0,1490.0,1490.0,1490.0,0.0,0.0,,dollariraqi:1490
2023-04-02,baghdad_kifah,2,2,1487.5,1487.5,1485.0,1490.0,5.0,0.336,,dollar_price:1485|dollariraqi:1490
2023-04-02,basra,2,2,1490.75,1489.0,1488.0,1490.0,2.0,0.134,,dollar_price:1488|dollariraqi:1490
2023-04-02,erbil,2,2,1492.0,1492.0,1490.0,1494.0,4.0,0.268,,dollar_price:1490|dollariraqi:1494
2023-04-03,baghdad_generic,1,1,1494.5,1492.5,1492.5,1492.5,0.0,0.0,,dollariraqi:1492.5
2023-04-03,baghdad_kifah,1,1,1490.0,1490.0,1490.0,1490.0,0.0,0.0,,dollar_price:1490
2023-04-03,basra,2,2,1491.5,1491.5,1490.0,1493.0,3.0,0.201,,dollar_price:1490|dollariraqi:1493
2023-04-03,erbil,2,2,1495.5,1497.0,1496.0,1498.0,2.0,0.134,,dollar_price:1498|dollariraqi:1496
2023-04-04,baghdad_generic,1,1,1502.0,1502.0,1502.0,1502.0,0.0,0.0,,dollariraqi:1502
2023-04-04,baghdad_kifah,1,1,1504.0,1504.0,1504.0,1504.0,0.0,0.0,,dollar_price:1504
2023-04-04,basra,2,2,1504.5,1504.5,1503.0,1506.0,3.0,0.199,,dollar_price:1506|dollariraqi:1503
2023-04-04,erbil,2,2,1505.25,1505.25,1502.5,1508.0,5.5,0.365,,dollar_price:1508|dollariraqi:1502.5
2023-04-05,amarah,1,1,1500.5,1500.5,1500.5,1500.5,0.0,0.0,,dollariraqi:1500.5
2023-04-05,baghdad_generic,1,1,1499.0,1500.0,1500.0,1500.0,0.0,0.0,,dollariraqi:1500
2023-04-05,baghdad_kifah,1,1,1499.0,1499.0,1499.0,1499.0,0.0,0.0,,dollar_price:1499
2023-04-05,baqubah,1,1,1500.5,1500.5,1500.5,1500.5,0.0,0.0,,dollariraqi:1500.5
2023-04-05,basra,2,2,1500.5,1500.5,1500.0,1501.0,1.0,0.067,,dollar_price:1501|dollariraqi:1500
2023-04-05,diwaniyah,1,1,1500.5,1500.5,1500.5,1500.5,0.0,0.0,,dollariraqi:1500.5
2023-04-05,erbil,2,2,1501.5,1501.0,1499.0,1503.0,4.0,0.266,,dollar_price:1503|dollariraqi:1499
2023-04-05,hillah,1,1,1500.0,1500.0,1500.0,1500.0,0.0,0.0,,dollariraqi:1500
2023-04-05,kut,1,1,1500.0,1500.0,1500.0,1500.0,0.0,0.0,,dollariraqi:1500
2023-04-05,nasiriyah,1,1,1500.5,1500.5,1500.5,1500.5,0.0,0.0,,dollariraqi:1500.5
2023-04-05,ramadi,1,1,1499.5,1499.5,1499.5,1499.5,0.0,0.0,,dollariraqi:1499.5
2023-04-05,samawah,1,1,1500.5,1500.5,1500.5,1500.5,0.0,0.0,,dollariraqi:1500.5
2023-04-05,tikrit,1,1,1501.5,1501.5,1501.5,1501.5,0.0,0.0,,dollariraqi:1501.5
2023-04-06,baghdad_generic,1,1,1495.0,1490.0,1490.0,1490.0,0.0,0.0,,dollariraqi:1490
2023-04-06,baghdad_kifah,1,1,1498.0,1498.0,1498.0,1498.0,0.0,0.0,,dollar_price:1498
2023-04-06,basra,2,2,1497.5,1497.5,1496.0,1499.0,3.0,0.2,,dollar_price:1499|dollariraqi:1496
2023-04-06,erbil,2,2,1492.5,1493.5,1493.0,1494.0,1.0,0.067,,dollar_price:1494|dollariraqi:1493
2023-04-09,baghdad_generic,1,1,1471.0,1453.0,1453.0,1453.0,0.0,0.0,,dollariraqi:1453
2023-04-09,baghdad_kifah,1,1,1470.0,1470.0,1470.0,1470.0,0.0,0.0,,dollar_price:1470
2023-04-09,basra,2,2,1470.5,1470.5,1466.0,1475.0,9.0,0.612,,dollar_price:1475|dollariraqi:1466
2023-04-09,erbil,2,2,1465.75,1453.0,1443.5,1462.5,19.0,1.308,,dollar_price:1462.5|dollariraqi:1443.5
2023-04-10,baghdad_generic,1,1,1447.5,1442.0,1442.0,1442.0,0.0,0.0,,dollariraqi:1442
2023-04-10,baghdad_kifah,1,1,1447.0,1447.0,1447.0,1447.0,0.0,0.0,,dollar_price:1447
2023-04-10,basra,2,2,1448.75,1449.0,1448.0,1450.0,2.0,0.138,,dollar_price:1450|dollariraqi:1448
2023-04-10,erbil,2,2,1436.0,1432.5,1430.0,1435.0,5.0,0.349,,dollar_price:1435|dollariraqi:1430
2023-04-11,baghdad_generic,1,1,1443.0,1449.0,1449.0,1449.0,0.0,0.0,,dollariraqi:1449
2023-04-11,baghdad_kifah,1,1,1448.0,1448.0,1448.0,1448.0,0.0,0.0,,dollar_price:1448
2023-04-11,basra,2,2,1450.0,1450.0,1450.0,1450.0,0.0,0.0,,dollar_price:1450|dollariraqi:1450
2023-04-11,erbil,2,2,1438.0,1444.0,1440.0,1448.0,8.0,0.554,,dollar_price:1440|dollariraqi:1448
2023-04-12,baghdad_generic,1,1,1455.0,1449.0,1449.0,1449.0,0.0,0.0,,dollariraqi:1449
2023-04-12,baghdad_kifah,1,1,1457.0,1457.0,1457.0,1457.0,0.0,0.0,,dollar_price:1457
2023-04-12,basra,1,1,1455.0,1455.0,1455.0,1455.0,0.0,0.0,,dollar_price:1455
2023-04-12,erbil,2,2,1450.0,1446.25,1442.5,1450.0,7.5,0.519,,dollar_price:1450|dollariraqi:1442.5
2023-04-13,baghdad_generic,1,1,1447.0,1445.0,1445.0,1445.0,0.0,0.0,,dollariraqi:1445
2023-04-13,baghdad_kifah,1,1,1447.0,1447.0,1447.0,1447.0,0.0,0.0,,dollar_price:1447
2023-04-13,basra,2,2,1450.5,1450.5,1450.0,1451.0,1.0,0.069,,dollar_price:1450|dollariraqi:1451
2023-04-13,erbil,2,2,1438.0,1437.5,1437.0,1438.0,1.0,0.07,,dollar_price:1437|dollariraqi:1438
2023-04-16,baghdad_generic,1,1,1436.0,1435.0,1435.0,1435.0,0.0,0.0,,dollariraqi:1435
2023-04-16,baghdad_kifah,1,1,1439.5,1439.5,1439.5,1439.5,0.0,0.0,,dollar_price:1439.5
2023-04-16,basra,2,2,1439.5,1439.5,1439.0,1440.0,1.0,0.069,,dollar_price:1440|dollariraqi:1439
2023-04-16,erbil,2,2,1436.25,1436.25,1434.0,1438.5,4.5,0.313,,dollar_price:1438.5|dollariraqi:1434
2023-04-17,baghdad_generic,1,1,1442.5,1442.5,1442.5,1442.5,0.0,0.0,,dollariraqi:1442.5
2023-04-17,baghdad_kifah,1,1,1440.0,1440.0,1440.0,1440.0,0.0,0.0,,dollar_price:1440
2023-04-17,basra,1,1,1445.0,1445.0,1445.0,1445.0,0.0,0.0,,dollar_price:1445
2023-04-17,erbil,2,2,1444.5,1444.5,1443.0,1446.0,3.0,0.208,,dollar_price:1443|dollariraqi:1446
2023-04-18,baghdad_generic,1,1,1442.5,1442.5,1442.5,1442.5,0.0,0.0,,dollariraqi:1442.5
2023-04-18,baghdad_kifah,1,1,1442.0,1442.0,1442.0,1442.0,0.0,0.0,,dollar_price:1442
2023-04-18,basra,2,2,1445.5,1445.5,1445.0,1446.0,1.0,0.069,,dollar_price:1445|dollariraqi:1446
2023-04-18,erbil,2,2,1445.0,1445.0,1444.0,1446.0,2.0,0.138,,dollar_price:1444|dollariraqi:1446
2023-04-19,baghdad_generic,1,1,1434.0,1434.0,1434.0,1434.0,0.0,0.0,,dollariraqi:1434
2023-04-19,baghdad_kifah,1,1,1438.0,1438.0,1438.0,1438.0,0.0,0.0,,dollar_price:1438
2023-04-19,basra,1,1,1440.0,1440.0,1440.0,1440.0,0.0,0.0,,dollar_price:1440
2023-04-19,erbil,2,2,1435.5,1435.5,1435.0,1436.0,1.0,0.07,,dollar_price:1436|dollariraqi:1435
2023-04-20,baghdad_generic,1,1,1432.0,1432.0,1432.0,1432.0,0.0,0.0,,dollariraqi:1432
2023-04-20,baghdad_kifah,1,1,1433.0,1433.0,1433.0,1433.0,0.0,0.0,,dollar_price:1433
2023-04-20,basra,2,2,1435.5,1435.5,1434.0,1437.0,3.0,0.209,,dollar_price:1437|dollariraqi:1434
2023-04-20,erbil,2,2,1433.0,1433.0,1432.0,1434.0,2.0,0.14,,dollar_price:1434|dollariraqi:1432
2023-04-23,baghdad_generic,1,1,1430.0,1430.0,1430.0,1430.0,0.0,0.0,,dollar_price:1430
2023-04-24,baghdad_generic,2,2,1429.5,1428.0,1428.0,1428.0,0.0,0.0,,dollar_price:1428|dollariraqi:1428
2023-04-24,basra,1,1,1430.0,1430.0,1430.0,1430.0,0.0,0.0,,dollariraqi:1430
2023-04-24,erbil,1,1,1431.0,1431.0,1431.0,1431.0,0.0,0.0,,dollariraqi:1431
2023-04-25,baghdad_generic,2,2,1415.0,1403.0,1399.0,1407.0,8.0,0.57,,dollar_price:1407|dollariraqi:1399
2023-04-25,basra,1,1,1425.0,1408.0,1408.0,1408.0,0.0,0.0,,dollariraqi:1408
2023-04-25,erbil,1,1,1426.0,1410.0,1410.0,1410.0,0.0,0.0,,dollariraqi:1410
2023-04-26,baghdad_generic,1,1,1412.0,1412.0,1412.0,1412.0,0.0,0.0,,dollariraqi:1412
2023-04-26,baghdad_kifah,1,1,1407.5,1407.5,1407.5,1407.5,0.0,0.0,,dollar_price:1407.5
2023-04-26,basra,1,1,1407.5,1407.5,1407.5,1407.5,0.0,0.0,,dollar_price:1407.5
2023-04-26,erbil,1,1,1412.0,1412.0,1412.0,1412.0,0.0,0.0,,dollar_price:1412
2023-04-27,baghdad_generic,1,1,1416.5,1416.5,1416.5,1416.5,0.0,0.0,,dollariraqi:1416.5
2023-04-27,baghdad_kifah,1,1,1416.5,1416.5,1416.5,1416.5,0.0,0.0,,dollar_price:1416.5
2023-04-27,basra,1,1,1416.0,1416.0,1416.0,1416.0,0.0,0.0,,dollar_price:1416
2023-04-27,erbil,2,2,1419.0,1419.0,1419.0,1419.0,0.0,0.0,,dollar_price:1419|dollariraqi:1419
2023-04-30,baghdad_generic,1,1,1416.0,1416.0,1416.0,1416.0,0.0,0.0,,dollariraqi:1416
2023-04-30,baghdad_kifah,1,1,1416.0,1416.0,1416.0,1416.0,0.0,0.0,,dollar_price:1416
2023-04-30,basra,1,1,1415.0,1415.0,1415.0,1415.0,0.0,0.0,,dollar_price:1415
2023-04-30,erbil,2,2,1421.5,1421.5,1420.0,1423.0,3.0,0.211,,dollar_price:1420|dollariraqi:1423
2023-05-01,baghdad_generic,1,1,1423.0,1419.0,1419.0,1419.0,0.0,0.0,,dollariraqi:1419
2023-05-01,baghdad_kifah,1,1,1425.0,1425.0,1425.0,1425.0,0.0,0.0,,dollar_price:1425
2023-05-01,basra,2,2,1424.25,1423.0,1420.0,1426.0,6.0,0.422,,dollar_price:1426|dollariraqi:1420
2023-05-01,erbil,2,2,1427.0,1426.0,1422.0,1430.0,8.0,0.561,,dollar_price:1430|dollariraqi:1422
2023-05-02,baghdad_generic,1,1,1422.0,1429.0,1429.0,1429.0,0.0,0.0,,dollariraqi:1429
2023-05-02,baghdad_kifah,1,1,1423.0,1423.0,1423.0,1423.0,0.0,0.0,,dollar_price:1423
2023-05-02,basra,2,2,1422.25,1424.75,1422.0,1427.5,5.5,0.386,,dollar_price:1422|dollariraqi:1427.5
2023-05-02,erbil,2,2,1426.0,1429.0,1426.0,1432.0,6.0,0.42,,dollar_price:1426|dollariraqi:1432
2023-05-03,baghdad_generic,1,1,1436.0,1436.0,1436.0,1436.0,0.0,0.0,,dollariraqi:1436
2023-05-03,baghdad_kifah,1,1,1437.0,1437.0,1437.0,1437.0,0.0,0.0,,dollar_price:1437
2023-05-03,basra,1,1,1435.0,1435.0,1435.0,1435.0,0.0,0.0,,dollar_price:1435
2023-05-03,erbil,2,2,1439.25,1439.25,1439.0,1439.5,0.5,0.035,,dollar_price:1439.5|dollariraqi:1439
2023-05-04,baghdad_generic,1,1,1452.0,1441.0,1441.0,1441.0,0.0,0.0,,dollariraqi:1441
2023-05-04,baghdad_kifah,1,1,1452.0,1452.0,1452.0,1452.0,0.0,0.0,,dollar_price:1452
2023-05-07,baghdad_generic,1,1,1440.0,1443.5,1443.5,1443.5,0.0,0.0,,dollariraqi:1443.5
2023-05-07,baghdad_kifah,1,1,1442.5,1442.5,1442.5,1442.5,0.0,0.0,,dollar_price:1442.5
2023-05-07,basra,2,2,1443.5,1443.5,1443.0,1444.0,1.0,0.069,,dollar_price:1444|dollariraqi:1443
2023-05-07,erbil,1,1,1446.5,1446.5,1446.5,1446.5,0.0,0.0,,dollariraqi:1446.5
2023-05-08,baghdad_generic,1,1,1447.0,1447.0,1447.0,1447.0,0.0,0.0,,dollariraqi:1447
2023-05-08,baghdad_kifah,1,1,1448.0,1448.0,1448.0,1448.0,0.0,0.0,,dollar_price:1448
2023-05-08,basra,1,1,1449.0,1449.0,1449.0,1449.0,0.0,0.0,,dollar_price:1449
2023-05-09,baghdad_generic,1,1,1451.0,1448.0,1448.0,1448.0,0.0,0.0,,dollariraqi:1448
2023-05-09,baghdad_harithiya,1,1,1448.0,1448.0,1448.0,1448.0,0.0,0.0,,dollariraqi:1448
2023-05-09,baghdad_kifah,2,2,1448.5,1448.5,1448.0,1449.0,1.0,0.069,,dollar_price:1449|dollariraqi:1448
2023-05-09,basra,2,2,1450.0,1450.0,1449.0,1451.0,2.0,0.138,,dollar_price:1449|dollariraqi:1451
2023-05-09,erbil,2,2,1452.75,1452.75,1452.0,1453.5,1.5,0.103,,dollar_price:1452|dollariraqi:1453.5
2023-05-10,baghdad_generic,1,1,1456.0,1464.0,1464.0,1464.0,0.0,0.0,,dollariraqi:1464
2023-05-10,baghdad_kifah,1,1,1456.5,1456.5,1456.5,1456.5,0.0,0.0,,dollar_price:1456.5
2023-05-10,basra,2,2,1457.75,1458.75,1456.5,1461.0,4.5,0.308,,dollar_price:1456.5|dollariraqi:1461
2023-05-10,erbil,2,2,1462.5,1467.5,1460.0,1475.0,15.0,1.022,,dollar_price:1460|dollariraqi:1475
2023-05-11,baghdad_generic,1,1,1469.0,1457.5,1457.5,1457.5,0.0,0.0,,dollariraqi:1457.5
2023-05-11,baghdad_kifah,1,1,1469.0,1469.0,1469.0,1469.0,0.0,0.0,,dollar_price:1469
2023-05-11,basra,2,2,1469.0,1462.75,1456.5,1469.0,12.5,0.855,,dollar_price:1469|dollariraqi:1456.5
2023-05-11,erbil,2,2,1475.0,1469.5,1466.0,1473.0,7.0,0.476,,dollar_price:1473|dollariraqi:1466
2023-05-14,baghdad_generic,1,1,1460.0,1460.0,1460.0,1460.0,0.0,0.0,,dollariraqi:1460
2023-05-14,baghdad_kifah,1,1,1461.0,1461.0,1461.0,1461.0,0.0,0.0,,dollar_price:1461
2023-05-14,basra,2,2,1461.25,1461.25,1461.0,1461.5,0.5,0.034,,dollar_price:1461.5|dollariraqi:1461
2023-05-14,erbil,2,2,1468.25,1468.25,1467.5,1469.0,1.5,0.102,,dollar_price:1469|dollariraqi:1467.5
2023-05-15,baghdad_generic,1,1,1468.0,1463.0,1463.0,1463.0,0.0,0.0,,dollariraqi:1463
2023-05-15,baghdad_harithiya,1,1,1465.0,1465.0,1465.0,1465.0,0.0,0.0,,dollariraqi:1465
2023-05-15,baghdad_kifah,2,2,1464.5,1464.5,1464.0,1465.0,1.0,0.068,,dollar_price:1464|dollariraqi:1465
2023-05-15,basra,2,2,1463.75,1463.75,1462.5,1465.0,2.5,0.171,,dollar_price:1462.5|dollariraqi:1465
2023-05-15,erbil,2,2,1471.25,1471.25,1471.0,1471.5,0.5,0.034,,dollar_price:1471.5|dollariraqi:1471
2023-05-16,baghdad_harithiya,1,1,1452.0,1452.0,1452.0,1452.0,0.0,0.0,,dollariraqi:1452
2023-05-16,baghdad_kifah,2,2,1455.5,1455.5,1452.0,1459.0,7.0,0.481,,dollar_price:1459|dollariraqi:1452
2023-05-16,basra,2,2,1458.0,1458.0,1456.0,1460.0,4.0,0.274,,dollar_price:1460|dollariraqi:1456
2023-05-16,erbil,2,2,1460.25,1460.25,1457.5,1463.0,5.5,0.377,,dollar_price:1463|dollariraqi:1457.5
2023-05-17,baghdad_generic,1,1,1439.0,1439.0,1439.0,1439.0,0.0,0.0,,dollariraqi:1439
2023-05-17,basra,1,1,1439.0,1439.0,1439.0,1439.0,0.0,0.0,,dollariraqi:1439
2023-05-17,erbil,1,1,1442.5,1442.5,1442.5,1442.5,0.0,0.0,,dollariraqi:1442.5
2023-05-18,baghdad_generic,1,1,1443.0,1443.0,1443.0,1443.0,0.0,0.0,,dollariraqi:1443
2023-05-18,basra,1,1,1440.5,1440.5,1440.5,1440.5,0.0,0.0,,dollar_price:1440.5
2023-05-18,erbil,1,1,1448.0,1448.0,1448.0,1448.0,0.0,0.0,,dollar_price:1448
2023-05-21,baghdad_generic,1,1,1450.0,1465.5,1465.5,1465.5,0.0,0.0,,dollariraqi:1465.5
2023-05-21,baghdad_kifah,1,1,1456.0,1456.0,1456.0,1456.0,0.0,0.0,,dollar_price:1456
2023-05-21,basra,1,1,1446.5,1446.5,1446.5,1446.5,0.0,0.0,,dollar_price:1446.5
2023-05-21,erbil,1,1,1470.0,1469.5,1469.5,1469.5,0.0,0.0,,dollariraqi:1469.5
2023-05-22,baghdad_generic,1,1,1468.5,1452.0,1452.0,1452.0,0.0,0.0,,dollariraqi:1452
2023-05-22,baghdad_kifah,1,1,1461.0,1461.0,1461.0,1461.0,0.0,0.0,,dollar_price:1461
2023-05-22,basra,2,2,1461.0,1461.0,1460.0,1462.0,2.0,0.137,,dollar_price:1460|dollariraqi:1462
2023-05-22,erbil,2,2,1467.0,1464.0,1459.0,1469.0,10.0,0.683,,dollar_price:1469|dollariraqi:1459
2023-05-23,baghdad_generic,1,1,1457.0,1457.0,1457.0,1457.0,0.0,0.0,,dollariraqi:1457
2023-05-23,baghdad_kifah,1,1,1458.0,1458.0,1458.0,1458.0,0.0,0.0,,dollar_price:1458
2023-05-23,basra,2,2,1456.0,1456.0,1455.0,1457.0,2.0,0.137,,dollar_price:1457|dollariraqi:1455
2023-05-23,erbil,2,2,1464.75,1464.75,1463.5,1466.0,2.5,0.171,,dollar_price:1466|dollariraqi:1463.5
2023-05-24,baghdad_generic,1,1,1460.0,1460.0,1460.0,1460.0,0.0,0.0,,dollar_price:1460
2023-05-24,baghdad_harithiya,1,1,1461.0,1457.0,1457.0,1457.0,0.0,0.0,,dollariraqi:1457
2023-05-24,baghdad_kifah,1,1,1461.0,1458.0,1458.0,1458.0,0.0,0.0,,dollariraqi:1458
2023-05-24,basra,2,2,1460.0,1458.5,1458.0,1459.0,1.0,0.069,,dollar_price:1459|dollariraqi:1458
2023-05-24,erbil,2,2,1467.75,1466.25,1465.0,1467.5,2.5,0.171,,dollar_price:1467.5|dollariraqi:1465
2023-05-25,baghdad_generic,1,1,1458.0,1461.0,1461.0,1461.0,0.0,0.0,,dollariraqi:1461
2023-05-25,baghdad_kifah,1,1,1460.0,1460.0,1460.0,1460.0,0.0,0.0,,dollar_price:1460
2023-05-25,basra,2,2,1458.5,1458.5,1458.0,1459.0,1.0,0.069,,dollar_price:1459|dollariraqi:1458
2023-05-25,erbil,1,1,1462.0,1465.0,1465.0,1465.0,0.0,0.0,,dollariraqi:1465
2023-05-28,baghdad_generic,2,2,1462.75,1463.5,1463.0,1464.0,1.0,0.068,,dollar_price:1463|dollariraqi:1464
2023-05-28,basra,2,2,1462.75,1462.75,1462.0,1463.5,1.5,0.103,,dollar_price:1462|dollariraqi:1463.5
2023-05-28,erbil,2,2,1468.0,1468.0,1467.5,1468.5,1.0,0.068,,dollar_price:1467.5|dollariraqi:1468.5
2023-05-29,baghdad_generic,2,2,1467.0,1468.0,1467.0,1469.0,2.0,0.136,,dollar_price:1467|dollariraqi:1469
2023-05-29,basra,2,2,1466.0,1466.0,1466.0,1466.0,0.0,0.0,,dollar_price:1466|dollariraqi:1466
2023-05-29,erbil,2,2,1472.0,1472.5,1472.0,1473.0,1.0,0.068,,dollar_price:1473|dollariraqi:1472
2023-05-30,baghdad_generic,2,2,1465.0,1465.0,1465.0,1465.0,0.0,0.0,,dollar_price:1465|dollariraqi:1465
2023-05-30,basra,2,2,1464.5,1464.5,1464.0,1465.0,1.0,0.068,,dollar_price:1464|dollariraqi:1465
2023-05-30,erbil,2,2,1469.5,1469.5,1468.0,1471.0,3.0,0.204,,dollar_price:1471|dollariraqi:1468
2023-05-31,baghdad_generic,1,1,1464.0,1464.0,1464.0,1464.0,0.0,0.0,,dollariraqi:1464
2023-05-31,baghdad_harithiya,1,1,1463.0,1463.0,1463.0,1463.0,0.0,0.0,,dollariraqi:1463
2023-05-31,baghdad_kifah,2,2,1464.0,1464.0,1464.0,1464.0,0.0,0.0,,dollar_price:1464|dollariraqi:1464
2023-05-31,baghdad_samawal,1,1,1464.0,1464.0,1464.0,1464.0,0.0,0.0,,dollariraqi:1464
2023-05-31,basra,2,2,1464.0,1464.0,1463.0,1465.0,2.0,0.137,,dollar_price:1463|dollariraqi:1465
2023-05-31,erbil,2,2,1467.25,1467.25,1467.0,1467.5,0.5,0.034,,dollar_price:1467|dollariraqi:1467.5
2023-06-01,baghdad_generic,1,1,1466.5,1466.5,1466.5,1466.5,0.0,0.0,,dollar_price:1466.5
2023-06-01,basra,1,1,1465.5,1465.5,1465.5,1465.5,0.0,0.0,,dollar_price:1465.5
2023-06-01,erbil,1,1,1472.5,1472.5,1472.5,1472.5,0.0,0.0,,dollar_price:1472.5
2023-06-04,baghdad_generic,2,2,1471.5,1473.5,1473.0,1474.0,1.0,0.068,,dollar_price:1473|dollariraqi:1474
2023-06-04,basra,1,1,1472.5,1472.5,1472.5,1472.5,0.0,0.0,,dollar_price:1472.5
2023-06-04,erbil,2,2,1479.25,1480.5,1476.0,1485.0,9.0,0.608,,dollar_price:1485|dollariraqi:1476
2023-06-05,baghdad_generic,1,1,1481.0,1481.0,1481.0,1481.0,0.0,0.0,,dollar_price:1481
2023-06-05,baghdad_harithiya,1,1,1480.0,1480.0,1480.0,1480.0,0.0,0.0,,dollariraqi:1480
2023-06-05,baghdad_kifah,1,1,1480.0,1480.0,1480.0,1480.0,0.0,0.0,,dollariraqi:1480
2023-06-05,basra,2,2,1480.0,1480.0,1480.0,1480.0,0.0,0.0,,dollar_price:1480|dollariraqi:1480
2023-06-05,erbil,2,2,1482.5,1482.5,1481.0,1484.0,3.0,0.202,,dollar_price:1484|dollariraqi:1481
2023-06-06,baghdad_generic,1,1,1475.5,1475.5,1475.5,1475.5,0.0,0.0,,dollar_price:1475.5
2023-06-06,baghdad_harithiya,1,1,1476.0,1476.0,1476.0,1476.0,0.0,0.0,,dollariraqi:1476
2023-06-06,baghdad_kifah,1,1,1475.5,1475.5,1475.5,1475.5,0.0,0.0,,dollariraqi:1475.5
2023-06-06,basra,2,2,1474.0,1474.0,1474.0,1474.0,0.0,0.0,,dollar_price:1474|dollariraqi:1474
2023-06-06,erbil,2,2,1477.0,1477.0,1476.0,1478.0,2.0,0.135,,dollar_price:1478|dollariraqi:1476
2023-06-07,baghdad_generic,1,1,1478.0,1478.0,1478.0,1478.0,0.0,0.0,,dollar_price:1478
2023-06-07,baghdad_harithiya,1,1,1479.5,1479.5,1479.5,1479.5,0.0,0.0,,dollariraqi:1479.5
2023-06-07,baghdad_kifah,1,1,1480.0,1480.0,1480.0,1480.0,0.0,0.0,,dollariraqi:1480
2023-06-07,basra,2,2,1478.25,1478.25,1477.5,1479.0,1.5,0.101,,dollar_price:1479|dollariraqi:1477.5
2023-06-07,erbil,2,2,1479.5,1479.5,1479.0,1480.0,1.0,0.068,,dollar_price:1480|dollariraqi:1479
2023-06-08,baghdad_generic,1,1,1467.5,1467.5,1467.5,1467.5,0.0,0.0,,dollar_price:1467.5
2023-06-08,baghdad_harithiya,1,1,1470.0,1470.0,1470.0,1470.0,0.0,0.0,,dollariraqi:1470
2023-06-08,baghdad_kifah,1,1,1473.0,1473.0,1473.0,1473.0,0.0,0.0,,dollariraqi:1473
2023-06-08,basra,1,1,1469.0,1469.0,1469.0,1469.0,0.0,0.0,,dollar_price:1469
2023-06-08,erbil,2,2,1470.5,1470.5,1470.0,1471.0,1.0,0.068,,dollar_price:1470|dollariraqi:1471
2023-06-11,baghdad_generic,1,1,1460.5,1460.5,1460.5,1460.5,0.0,0.0,,dollar_price:1460.5
2023-06-11,baghdad_harithiya,1,1,1460.0,1461.5,1461.5,1461.5,0.0,0.0,,dollariraqi:1461.5
2023-06-11,baghdad_kifah,1,1,1460.0,1460.0,1460.0,1460.0,0.0,0.0,,dollariraqi:1460
2023-06-11,basra,2,2,1459.0,1460.0,1460.0,1460.0,0.0,0.0,,dollar_price:1460|dollariraqi:1460
2023-06-11,erbil,2,2,1459.5,1461.5,1460.0,1463.0,3.0,0.205,,dollar_price:1460|dollariraqi:1463
2023-06-12,baghdad_generic,1,1,1467.5,1467.5,1467.5,1467.5,0.0,0.0,,dollar_price:1467.5
2023-06-12,baghdad_harithiya,1,1,1466.5,1466.5,1466.5,1466.5,0.0,0.0,,dollariraqi:1466.5
2023-06-12,baghdad_kifah,1,1,1466.5,1466.5,1466.5,1466.5,0.0,0.0,,dollariraqi:1466.5
2023-06-12,basra,2,2,1471.0,1471.0,1467.0,1475.0,8.0,0.544,,dollar_price:1475|dollariraqi:1467
2023-06-12,erbil,2,2,1473.25,1473.25,1469.5,1477.0,7.5,0.509,,dollar_price:1477|dollariraqi:1469.5
2023-06-13,baghdad_generic,1,1,1464.5,1466.5,1466.5,1466.5,0.0,0.0,,dollariraqi:1466.5
2023-06-13,baghdad_kifah,1,1,1465.0,1465.0,1465.0,1465.0,0.0,0.0,,dollar_price:1465
2023-06-13,basra,2,2,1465.5,1466.5,1466.0,1467.0,1.0,0.068,,dollar_price:1466|dollariraqi:1467
2023-06-13,erbil,2,2,1468.0,1468.5,1468.0,1469.0,1.0,0.068,,dollar_price:1468|dollariraqi:1469
2023-06-14,baghdad_generic,1,1,1470.0,1470.0,1470.0,1470.0,0.0,0.0,,dollariraqi:1470
2023-06-14,baghdad_kifah,1,1,1468.25,1468.25,1468.25,1468.25,0.0,0.0,,dollar_price:1468.25
2023-06-14,basra,2,2,1469.5,1469.5,1469.0,1470.0,1.0,0.068,,dollar_price:1469|dollariraqi:1470
2023-06-14,erbil,2,2,1472.0,1472.0,1471.0,1473.0,2.0,0.136,,dollar_price:1471|dollariraqi:1473
2023-06-15,baghdad_generic,2,2,1470.5,1469.0,1469.0,1469.0,0.0,0.0,,dollar_price:1469|dollariraqi:1469
2023-06-15,basra,2,2,1470.25,1468.5,1468.5,1468.5,0.0,0.0,,dollar_price:1468.5|dollariraqi:1468.5
2023-06-15,erbil,2,2,1471.25,1470.0,1468.5,1471.5,3.0,0.204,,dollar_price:1468.5|dollariraqi:1471.5
2023-06-18,baghdad_generic,2,2,1468.0,1465.75,1465.0,1466.5,1.5,0.102,,dollar_price:1466.5|iqborsa:1465
2023-06-18,basra,1,1,1467.0,1467.0,1467.0,1467.0,0.0,0.0,,dollar_price:1467
2023-06-18,erbil,1,1,1468.0,1468.0,1468.0,1468.0,0.0,0.0,,dollar_price:1468
2023-06-19,baghdad_generic,3,3,1465.0,1462.5,1461.0,1464.0,3.0,0.205,,dollar_price:1464|dollariraqi:1462.5|iqborsa:1461
2023-06-19,basra,2,2,1465.75,1464.5,1463.5,1465.5,2.0,0.137,,dollar_price:1465.5|iqborsa:1463.5
2023-06-19,erbil,3,3,1465.0,1464.5,1464.0,1465.0,1.0,0.068,,dollar_price:1465|dollariraqi:1464|iqborsa:1464.5
2023-06-20,baghdad_generic,3,3,1457.33,1459.5,1457.5,1463.5,6.0,0.411,,dollar_price:1457.5|dollariraqi:1457.5|iqborsa:1463.5
2023-06-20,basra,3,3,1458.67,1459.33,1459.0,1460.0,1.0,0.069,,dollar_price:1459|dollariraqi:1459|iqborsa:1460
2023-06-20,erbil,3,3,1458.0,1459.83,1458.0,1463.5,5.5,0.377,,dollar_price:1458|dollariraqi:1458|iqborsa:1463.5
2023-06-21,baghdad_generic,2,2,1464.0,1466.25,1464.5,1468.0,3.5,0.239,,dollariraqi:1464.5|iqborsa:1468
2023-06-21,erbil,1,1,1465.5,1465.5,1465.5,1465.5,0.0,0.0,,dollariraqi:1465.5
2023-06-22,baghdad_generic,3,3,1467.17,1467.5,1466.0,1468.5,2.5,0.17,,dollar_price:1466|dollariraqi:1468|iqborsa:1468.5
2023-06-22,baghdad_harithiya,1,1,1468.25,1468.25,1468.25,1468.25,0.0,0.0,,iqborsa:1468.25
2023-06-22,baghdad_kifah,1,1,1468.5,1468.5,1468.5,1468.5,0.0,0.0,,iqborsa:1468.5
2023-06-22,basra,3,3,1467.83,1468.0,1467.5,1469.0,1.5,0.102,,dollar_price:1467.5|dollariraqi:1469|iqborsa:1467.5
2023-06-22,erbil,3,3,1469.83,1469.83,1468.5,1472.0,3.5,0.238,,dollar_price:1468.5|dollariraqi:1472|iqborsa:1469
2023-06-25,baghdad_generic,3,3,1472.33,1473.0,1471.0,1476.0,5.0,0.339,,dollar_price:1472|dollariraqi:1471|iqborsa:1476
2023-06-25,basra,1,1,1473.0,1473.0,1473.0,1473.0,0.0,0.0,,dollar_price:1473
2023-06-25,erbil,1,1,1474.0,1474.0,1474.0,1474.0,0.0,0.0,,dollar_price:1474
2023-06-26,baghdad_generic,3,3,1477.0,1474.0,1472.0,1475.5,3.5,0.237,,dollar_price:1475.5|dollariraqi:1474.5|iqborsa:1472
2023-06-26,basra,2,2,1475.75,1475.75,1475.0,1476.5,1.5,0.102,,dollar_price:1476.5|dollariraqi:1475
2023-06-26,erbil,2,2,1476.5,1476.5,1475.5,1477.5,2.0,0.135,,dollar_price:1477.5|dollariraqi:1475.5
2023-06-27,baghdad_generic,2,2,1473.75,1473.75,1473.5,1474.0,0.5,0.034,,dollar_price:1474|iqborsa:1473.5
2023-06-27,basra,1,1,1475.0,1475.0,1475.0,1475.0,0.0,0.0,,dollar_price:1475
2023-06-27,erbil,2,2,1475.0,1475.25,1474.5,1476.0,1.5,0.102,,dollar_price:1476|iqborsa:1474.5
2023-07-02,baghdad_generic,2,2,1473.75,1474.0,1474.0,1474.0,0.0,0.0,,dollar_price:1474|iqborsa:1474
2023-07-02,basra,1,1,1473.0,1473.5,1473.5,1473.5,0.0,0.0,,iqborsa:1473.5
2023-07-02,erbil,1,1,1473.5,1473.5,1473.5,1473.5,0.0,0.0,,iqborsa:1473.5
2023-07-03,baghdad_generic,2,2,1473.75,1474.5,1474.0,1475.0,1.0,0.068,,dollar_price:1474|iqborsa:1475
2023-07-03,basra,2,2,1473.5,1473.5,1473.5,1473.5,0.0,0.0,,dollar_price:1473.5|iqborsa:1473.5
2023-07-03,erbil,1,1,1473.25,1478.5,1478.5,1478.5,0.0,0.0,,iqborsa:1478.5
2023-07-04,baghdad_generic,3,3,1479.33,1480.17,1479.5,1480.5,1.0,0.068,,dollar_price:1480.5|dollariraqi:1480.5|iqborsa:1479.5
2023-07-04,basra,3,3,1478.83,1478.83,1477.0,1480.0,3.0,0.203,,dollar_price:1479.5|dollariraqi:1480|iqborsa:1477
2023-07-04,erbil,3,3,1480.5,1481.0,1480.5,1481.5,1.0,0.068,,dollar_price:1481.5|dollariraqi:1481|iqborsa:1480.5
2023-07-05,baghdad_generic,3,3,1481.67,1481.17,1480.0,1482.5,2.5,0.169,,dollar_price:1482.5|dollariraqi:1481|iqborsa:1480
2023-07-05,basra,2,2,1481.25,1481.5,1481.5,1481.5,0.0,0.0,,dollar_price:1481.5|iqborsa:1481.5
2023-07-05,erbil,2,2,1482.25,1481.5,1479.5,1483.5,4.0,0.27,,dollar_price:1483.5|iqborsa:1479.5
2023-07-06,baghdad_generic,2,2,1478.75,1476.75,1475.0,1478.5,3.5,0.237,,dollariraqi:1478.5|iqborsa:1475
2023-07-06,baghdad_harithiya,1,1,1474.0,1474.0,1474.0,1474.0,0.0,0.0,,iqborsa:1474
2023-07-06,baghdad_kifah,1,1,1479.0,1479.0,1479.0,1479.0,0.0,0.0,,dollar_price:1479
2023-07-06,basra,3,3,1479.17,1479.17,1479.0,1479.5,0.5,0.034,,dollar_price:1479|dollariraqi:1479|iqborsa:1479.5
2023-07-06,erbil,3,3,1477.83,1477.17,1475.5,1479.0,3.5,0.237,,dollar_price:1479|dollariraqi:1477|iqborsa:1475.5
2023-07-09,baghdad_generic,2,2,1474.75,1476.5,1475.5,1477.5,2.0,0.135,,dollariraqi:1475.5|iqborsa:1477.5
2023-07-09,baghdad_kifah,1,1,1476.5,1476.5,1476.5,1476.5,0.0,0.0,,dollar_price:1476.5
2023-07-09,basra,3,3,1475.33,1475.33,1474.0,1476.5,2.5,0.169,,dollar_price:1476.5|dollariraqi:1475.5|iqborsa:1474
2023-07-09,erbil,2,2,1476.0,1476.0,1475.5,1476.5,1.0,0.068,,dollar_price:1476.5|dollariraqi:1475.5
2023-07-10,baghdad_generic,2,2,1478.25,1479.5,1479.0,1480.0,1.0,0.068,,dollariraqi:1479|iqborsa:1480
2023-07-10,basra,2,2,1477.75,1477.75,1477.5,1478.0,0.5,0.034,,dollariraqi:1478|iqborsa:1477.5
2023-07-10,erbil,2,2,1479.0,1479.25,1478.5,1480.0,1.5,0.101,,dollariraqi:1480|iqborsa:1478.5
2023-07-11,baghdad_generic,2,2,1479.75,1479.75,1479.5,1480.0,0.5,0.034,,dollariraqi:1479.5|iqborsa:1480
2023-07-11,baghdad_kifah,1,1,1480.0,1480.0,1480.0,1480.0,0.0,0.0,,dollar_price:1480
2023-07-11,basra,3,3,1479.33,1479.33,1479.0,1480.0,1.0,0.068,,dollar_price:1480|dollariraqi:1479|iqborsa:1479
2023-07-11,erbil,3,3,1482.25,1482.58,1482.0,1483.25,1.25,0.084,,dollar_price:1483.25|dollariraqi:1482|iqborsa:1482.5
2023-07-12,baghdad_generic,2,2,1478.88,1479.0,1478.0,1480.0,2.0,0.135,,dollariraqi:1478|iqborsa:1480
2023-07-12,baghdad_kifah,1,1,1478.0,1478.0,1478.0,1478.0,0.0,0.0,,dollar_price:1478
2023-07-12,basra,2,2,1478.0,1478.0,1477.5,1478.5,1.0,0.068,,dollar_price:1478.5|dollariraqi:1477.5
2023-07-12,erbil,3,3,1481.83,1481.67,1481.0,1482.5,1.5,0.101,,dollar_price:1481.5|dollariraqi:1481|iqborsa:1482.5
2023-07-13,baghdad_generic,1,1,1479.0,1480.0,1480.0,1480.0,0.0,0.0,,iqborsa:1480
2023-07-13,baghdad_harithiya,1,1,1479.0,1479.0,1479.0,1479.0,0.0,0.0,,dollariraqi:1479
2023-07-13,baghdad_kifah,2,2,1479.0,1479.0,1479.0,1479.0,0.0,0.0,,dollar_price:1479|dollariraqi:1479
2023-07-13,basra,3,3,1479.33,1479.33,1479.0,1479.5,0.5,0.034,,dollar_price:1479.5|dollariraqi:1479.5|iqborsa:1479
2023-07-13,erbil,3,3,1481.5,1482.67,1481.5,1484.0,2.5,0.169,,dollar_price:1482.5|dollariraqi:1481.5|iqborsa:1484
2023-07-16,baghdad_generic,1,1,1480.0,1482.0,1482.0,1482.0,0.0,0.0,,iqborsa:1482
2023-07-16,baghdad_kifah,1,1,1480.0,1480.0,1480.0,1480.0,0.0,0.0,,dollar_price:1480
2023-07-16,basra,2,2,1481.25,1481.25,1481.0,1481.5,0.5,0.034,,dollar_price:1481|iqborsa:1481.5
2023-07-16,erbil,2,2,1484.75,1484.75,1484.5,1485.0,0.5,0.034,,dollar_price:1484.5|iqborsa:1485
2023-07-17,baghdad_generic,2,2,1482.75,1483.75,1483.0,1484.5,1.5,0.101,,dollariraqi:1483|iqborsa:1484.5
2023-07-17,baghdad_kifah,1,1,1483.0,1483.0,1483.0,1483.0,0.0,0.0,,dollar_price:1483
2023-07-17,basra,2,2,1483.25,1483.25,1482.5,1484.0,1.5,0.101,,dollar_price:1484|iqborsa:1482.5
2023-07-17,erbil,3,3,1487.67,1487.67,1487.0,1488.5,1.5,0.101,,dollar_price:1488.5|dollariraqi:1487.5|iqborsa:1487
2023-07-18,baghdad_generic,2,2,1481.25,1482.0,1481.5,1482.5,1.0,0.067,,dollariraqi:1482.5|iqborsa:1481.5
2023-07-18,baghdad_kifah,1,1,1481.5,1481.5,1481.5,1481.5,0.0,0.0,,dollar_price:1481.5
2023-07-18,basra,3,3,1482.0,1482.0,1481.0,1482.5,1.5,0.101,,dollar_price:1482.5|dollariraqi:1482.5|iqborsa:1481
2023-07-18,erbil,3,3,1485.0,1485.0,1484.5,1485.5,1.0,0.067,,dollar_price:1485.5|dollariraqi:1485|iqborsa:1484.5
2023-07-19,baghdad_generic,1,1,1482.0,1489.0,1489.0,1489.0,0.0,0.0,,iqborsa:1489
2023-07-19,baghdad_kifah,1,1,1483.0,1483.0,1483.0,1483.0,0.0,0.0,,dollar_price:1483
2023-07-19,basra,2,2,1483.0,1483.0,1482.0,1484.0,2.0,0.135,,dollar_price:1484|iqborsa:1482
2023-07-19,erbil,2,2,1485.75,1490.5,1486.0,1495.0,9.0,0.604,,dollar_price:1486|iqborsa:1495
2023-07-20,baghdad_generic,2,2,1488.25,1511.0,1511.0,1511.0,0.0,0.0,,dollariraqi:1511|iqborsa:1511
2023-07-20,baghdad_kifah,1,1,1510.0,1510.0,1510.0,1510.0,0.0,0.0,,dollar_price:1510
2023-07-20,basra,3,3,1510.5,1510.33,1510.0,1511.0,1.0,0.066,,dollar_price:1511|dollariraqi:1510|iqborsa:1510
2023-07-20,erbil,3,3,1508.67,1511.5,1510.0,1513.0,3.0,0.198,,dollar_price:1513|dollariraqi:1511.5|iqborsa:1510
2023-07-23,baghdad_generic,2,2,1531.0,1532.5,1525.0,1540.0,15.0,0.979,,dollariraqi:1540|iqborsa:1525
2023-07-23,baghdad_kifah,1,1,1532.0,1532.0,1532.0,1532.0,0.0,0.0,,dollar_price:1532
2023-07-23,basra,3,3,1530.67,1530.67,1520.0,1539.0,19.0,1.241,,dollar_price:1533|dollariraqi:1539|iqborsa:1520
2023-07-23,erbil,3,3,1531.33,1536.33,1534.0,1539.0,5.0,0.325,,dollar_price:1534|dollariraqi:1536|iqborsa:1539
2023-07-24,baghdad_generic,2,2,1536.5,1535.75,1534.5,1537.0,2.5,0.163,,dollariraqi:1537|iqborsa:1534.5
2023-07-24,baghdad_kifah,1,1,1532.5,1532.5,1532.5,1532.5,0.0,0.0,,dollar_price:1532.5
2023-07-24,basra,2,2,1534.25,1534.25,1533.5,1535.0,1.5,0.098,,dollar_price:1533.5|dollariraqi:1535
2023-07-24,erbil,3,3,1537.5,1535.0,1534.0,1536.5,2.5,0.163,,dollar_price:1534.5|dollariraqi:1536.5|iqborsa:1534
2023-07-25,baghdad_generic,2,2,1535.0,1537.0,1534.0,1540.0,6.0,0.39,,dollariraqi:1534|iqborsa:1540
2023-07-25,baghdad_kifah,1,1,1536.0,1536.0,1536.0,1536.0,0.0,0.0,,dollar_price:1536
2023-07-25,basra,2,2,1535.75,1535.75,1534.5,1537.0,2.5,0.163,,dollar_price:1537|dollariraqi:1534.5
2023-07-25,erbil,3,3,1535.5,1536.83,1532.5,1542.0,9.5,0.618,,dollar_price:1536|dollariraqi:1532.5|iqborsa:1542
2023-07-26,baghdad_generic,2,2,1549.25,1556.75,1555.5,1558.0,2.5,0.161,,dollariraqi:1555.5|iqborsa:1558
2023-07-26,baghdad_kifah,1,1,1560.0,1560.0,1560.0,1560.0,0.0,0.0,,dollar_price:1560
2023-07-26,basra,3,3,1552.33,1552.33,1543.0,1559.0,16.0,1.031,,dollar_price:1559|dollariraqi:1555|iqborsa:1543
2023-07-26,erbil,3,3,1554.67,1561.33,1559.0,1565.0,6.0,0.384,,dollar_price:1560|dollariraqi:1559|iqborsa:1565
2023-07-27,baghdad_generic,2,2,1554.0,1541.5,1539.0,1544.0,5.0,0.324,,dollariraqi:1544|iqborsa:1539
2023-07-27,baghdad_kifah,1,1,1563.0,1563.0,1563.0,1563.0,0.0,0.0,,dollar_price:1563
2023-07-27,basra,2,2,1564.25,1554.0,1546.0,1562.0,16.0,1.03,,dollar_price:1562|iqborsa:1546
2023-07-27,erbil,3,2,1560.25,1538.0,1536.0,1563.0,27.0,1.756,dollar_price,dollar_price:1563|dollariraqi:1540|iqborsa:1536
2023-07-30,amarah,1,1,1508.5,1508.5,1508.5,1508.5,0.0,0.0,,iqborsa:1508.5
2023-07-30,baghdad_generic,2,2,1515.0,1503.5,1502.0,1505.0,3.0,0.2,,dollariraqi:1505|iqborsa:1502
2023-07-30,baghdad_kifah,1,1,1516.0,1516.0,1516.0,1516.0,0.0,0.0,,dollar_price:1516
2023-07-30,baqubah,1,1,1508.0,1508.0,1508.0,1508.0,0.0,0.0,,iqborsa:1508
2023-07-30,basra,2,2,1509.0,1509.0,1506.0,1512.0,6.0,0.398,,dollar_price:1512|iqborsa:1506
2023-07-30,diwaniyah,1,1,1508.0,1508.0,1508.0,1508.0,0.0,0.0,,iqborsa:1508
2023-07-30,erbil,3,3,1505.75,1506.5,1502.5,1509.0,6.5,0.431,,dollar_price:1509|dollariraqi:1502.5|iqborsa:1508
2023-07-30,hillah,1,1,1508.0,1508.0,1508.0,1508.0,0.0,0.0,,iqborsa:1508
2023-07-30,kut,1,1,1508.5,1508.5,1508.5,1508.5,0.0,0.0,,iqborsa:1508.5
2023-07-30,nasiriyah,1,1,1508.5,1508.5,1508.5,1508.5,0.0,0.0,,iqborsa:1508.5
2023-07-30,ramadi,1,1,1508.5,1508.5,1508.5,1508.5,0.0,0.0,,iqborsa:1508.5
2023-07-30,samawah,1,1,1508.5,1508.5,1508.5,1508.5,0.0,0.0,,iqborsa:1508.5
2023-07-30,tikrit,1,1,1508.5,1508.5,1508.5,1508.5,0.0,0.0,,iqborsa:1508.5
2023-07-31,baghdad_generic,2,2,1503.5,1507.25,1507.0,1507.5,0.5,0.033,,dollariraqi:1507|iqborsa:1507.5
2023-07-31,baghdad_kifah,1,1,1509.0,1509.0,1509.0,1509.0,0.0,0.0,,dollar_price:1509
2023-07-31,basra,3,3,1501.33,1500.83,1498.5,1502.0,3.5,0.233,,dollar_price:1502|dollariraqi:1502|iqborsa:1498.5
2023-07-31,erbil,3,3,1502.33,1503.67,1503.0,1505.0,2.0,0.133,,dollar_price:1503|dollariraqi:1503|iqborsa:1505
2023-08-01,baghdad_generic,1,1,1510.0,1517.0,1517.0,1517.0,0.0,0.0,,iqborsa:1517
2023-08-01,baghdad_kifah,1,1,1514.0,1514.0,1514.0,1514.0,0.0,0.0,,dollar_price:1514
2023-08-01,basra,2,2,1507.5,1508.5,1506.0,1511.0,5.0,0.331,,dollar_price:1506|iqborsa:1511
2023-08-01,erbil,2,2,1507.5,1514.0,1507.0,1521.0,14.0,0.925,,dollar_price:1507|iqborsa:1521
2023-08-02,amarah,1,1,1511.5,1511.5,1511.5,1511.5,0.0,0.0,,iqborsa:1511.5
2023-08-02,baghdad_generic,2,2,1516.5,1507.0,1507.0,1507.0,0.0,0.0,,dollariraqi:1507|iqborsa:1507
2023-08-02,baghdad_kifah,1,1,1519.0,1519.0,1519.0,1519.0,0.0,0.0,,dollar_price:1519
2023-08-02,baqubah,1,1,1511.0,1511.0,1511.0,1511.0,0.0,0.0,,iqborsa:1511
2023-08-02,basra,3,3,1513.33,1511.67,1510.0,1515.0,5.0,0.331,,dollar_price:1515|dollariraqi:1510|iqborsa:1510
2023-08-02,diwaniyah,1,1,1511.0,1511.0,1511.0,1511.0,0.0,0.0,,iqborsa:1511
2023-08-02,erbil,3,3,1519.33,1516.0,1511.0,1522.0,11.0,0.726,,dollar_price:1522|dollariraqi:1511|iqborsa:1515
2023-08-02,hillah,1,1,1511.0,1511.0,1511.0,1511.0,0.0,0.0,,iqborsa:1511
2023-08-02,kut,1,1,1511.5,1511.5,1511.5,1511.5,0.0,0.0,,iqborsa:1511.5
2023-08-02,nasiriyah,1,1,1510.5,1510.5,1510.5,1510.5,0.0,0.0,,iqborsa:1510.5
2023-08-02,ramadi,1,1,1511.5,1511.5,1511.5,1511.5,0.0,0.0,,iqborsa:1511.5
2023-08-02,samawah,1,1,1510.5,1510.5,1510.5,1510.5,0.0,0.0,,iqborsa:1510.5
2023-08-02,tikrit,1,1,1511.5,1511.5,1511.5,1511.5,0.0,0.0,,iqborsa:1511.5
2023-08-03,baghdad_generic,2,2,1505.75,1502.75,1502.5,1503.0,0.5,0.033,,dollariraqi:1502.5|iqborsa:1503
2023-08-03,baghdad_kifah,1,1,1503.0,1503.0,1503.0,1503.0,0.0,0.0,,dollar_price:1503
2023-08-03,basra,3,3,1503.5,1503.5,1502.5,1505.0,2.5,0.166,,dollar_price:1505|dollariraqi:1503|iqborsa:1502.5
2023-08-03,erbil,3,3,1510.33,1506.17,1505.0,1507.0,2.0,0.133,,dollar_price:1507|dollariraqi:1506.5|iqborsa:1505
2023-08-06,erbil,1,1,1508.0,1510.0,1510.0,1510.0,0.0,0.0,,iqborsa:1510
2023-08-07,baghdad_generic,1,1,1507.0,1510.0,1510.0,1510.0,0.0,0.0,,dollariraqi:1510
2023-08-07,baghdad_kifah,1,1,1507.0,1507.0,1507.0,1507.0,0.0,0.0,,dollar_price:1507
2023-08-07,basra,2,2,1507.0,1507.0,1507.0,1507.0,0.0,0.0,,dollar_price:1507|dollariraqi:1507
2023-08-07,erbil,3,3,1511.33,1511.33,1509.0,1514.0,5.0,0.331,,dollar_price:1509|dollariraqi:1511|iqborsa:1514
2023-08-08,baghdad_generic,1,1,1520.0,1520.0,1520.0,1520.0,0.0,0.0,,dollariraqi:1520
2023-08-08,baghdad_kifah,1,1,1518.0,1518.0,1518.0,1518.0,0.0,0.0,,dollar_price:1518
2023-08-08,basra,3,3,1520.0,1520.0,1518.0,1521.0,3.0,0.197,,dollar_price:1518|dollariraqi:1521|iqborsa:1521
2023-08-08,erbil,2,2,1522.0,1522.0,1519.0,1525.0,6.0,0.394,,dollar_price:1525|iqborsa:1519
2023-08-09,baghdad_generic,1,1,1525.0,1525.0,1525.0,1525.0,0.0,0.0,,dollariraqi:1525
2023-08-09,baghdad_kifah,2,2,1528.0,1528.0,1523.0,1533.0,10.0,0.654,,dollar_price:1523|dollariraqi:1533
2023-08-09,basra,2,2,1527.0,1523.5,1523.0,1524.0,1.0,0.066,,dollar_price:1523|dollariraqi:1524
2023-08-09,erbil,3,3,1532.67,1527.17,1521.5,1530.0,8.5,0.557,,dollar_price:1530|dollariraqi:1530|iqborsa:1521.5
2023-08-10,baghdad_generic,1,1,1524.0,1524.0,1524.0,1524.0,0.0,0.0,,dollariraqi:1524
2023-08-10,baghdad_kifah,1,1,1523.0,1523.0,1523.0,1523.0,0.0,0.0,,dollar_price:1523
2023-08-10,basra,2,2,1521.5,1521.5,1520.0,1523.0,3.0,0.197,,dollar_price:1520|dollariraqi:1523
2023-08-10,erbil,3,3,1523.83,1523.83,1520.0,1527.0,7.0,0.459,,dollar_price:1520|dollariraqi:1524.5|iqborsa:1527
2023-08-13,baghdad_kifah,2,2,1525.75,1525.75,1525.0,1526.5,1.5,0.098,,dollar_price:1526.5|dollariraqi:1525
2023-08-13,basra,2,2,1526.5,1526.5,1526.0,1527.0,1.0,0.066,,dollar_price:1527|dollariraqi:1526
2023-08-13,erbil,3,3,1529.33,1529.33,1527.5,1530.5,3.0,0.196,,dollar_price:1530.5|dollariraqi:1530|iqborsa:1527.5
2023-08-13,nasiriyah,1,1,1528.0,1528.0,1528.0,1528.0,0.0,0.0,,iqborsa:1528
2023-08-14,baghdad_generic,2,2,1529.75,1529.75,1529.5,1530.0,0.5,0.033,,dollariraqi:1530|iqborsa:1529.5
2023-08-14,baghdad_kifah,1,1,1534.0,1534.0,1534.0,1534.0,0.0,0.0,,dollar_price:1534
2023-08-14,basra,2,2,1531.5,1531.5,1528.0,1535.0,7.0,0.457,,dollar_price:1535|dollariraqi:1528
2023-08-14,erbil,3,3,1534.83,1533.33,1529.5,1538.5,9.0,0.587,,dollar_price:1538.5|dollariraqi:1532|iqborsa:1529.5
2023-08-15,baghdad_generic,2,2,1529.5,1530.0,1529.0,1531.0,2.0,0.131,,dollariraqi:1531|iqborsa:1529
2023-08-15,baghdad_kifah,1,1,1528.5,1528.5,1528.5,1528.5,0.0,0.0,,dollar_price:1528.5
2023-08-15,basra,1,1,1528.0,1528.0,1528.0,1528.0,0.0,0.0,,dollar_price:1528
2023-08-15,erbil,3,3,1530.83,1531.0,1531.0,1531.0,0.0,0.0,,dollar_price:1531|dollariraqi:1531|iqborsa:1531
2023-08-16,baghdad_generic,2,2,1531.5,1530.0,1528.0,1532.0,4.0,0.261,,dollar_price:1532|iqborsa:1528
2023-08-16,basra,2,2,1535.5,1535.5,1532.0,1539.0,7.0,0.456,,dollar_price:1532|iqborsa:1539
2023-08-16,erbil,2,2,1532.0,1531.5,1530.5,1532.5,2.0,0.131,,dollar_price:1532.5|iqborsa:1530.5
2023-08-17,baghdad_generic,3,3,1535.67,1536.5,1536.0,1537.0,1.0,0.065,,dollar_price:1536|dollariraqi:1536.5|iqborsa:1537
2023-08-17,basra,3,3,1535.33,1537.17,1535.5,1539.0,3.5,0.228,,dollar_price:1535.5|dollariraqi:1537|iqborsa:1539
2023-08-17,erbil,3,3,1534.67,1538.0,1535.0,1541.0,6.0,0.39,,dollar_price:1535|dollariraqi:1538|iqborsa:1541
2023-08-20,baghdad_generic,3,3,1539.67,1533.67,1529.0,1542.0,13.0,0.848,,dollar_price:1542|dollariraqi:1530|iqborsa:1529
2023-08-20,baghdad_kifah,1,1,1540.0,1540.0,1540.0,1540.0,0.0,0.0,,dollariraqi:1540
2023-08-20,basra,3,3,1540.67,1532.5,1526.0,1542.0,16.0,1.044,,dollar_price:1542|dollariraqi:1529.5|iqborsa:1526
2023-08-20,erbil,3,3,1542.17,1537.5,1531.0,1542.5,11.5,0.748,,dollar_price:1542.5|dollariraqi:1531|iqborsa:1539
2023-08-21,baghdad_generic,2,2,1532.75,1532.0,1531.0,1533.0,2.0,0.131,,dollar_price:1533|iqborsa:1531
2023-08-21,baghdad_kifah,1,1,1533.0,1533.0,1533.0,1533.0,0.0,0.0,,dollariraqi:1533
2023-08-21,basra,3,3,1530.67,1530.5,1528.5,1534.0,5.5,0.359,,dollar_price:1534|dollariraqi:1529|iqborsa:1528.5
2023-08-21,erbil,3,3,1535.17,1535.67,1535.0,1536.5,1.5,0.098,,dollar_price:1535|dollariraqi:1535.5|iqborsa:1536.5
2023-08-22,baghdad_generic,3,3,1525.83,1520.17,1513.0,1526.0,13.0,0.855,,dollar_price:1526|dollariraqi:1521.5|iqborsa:1513
2023-08-22,baghdad_kifah,1,1,1530.0,1530.0,1530.0,1530.0,0.0,0.0,,dollariraqi:1530
2023-08-22,basra,2,2,1528.0,1528.0,1528.0,1528.0,0.0,0.0,,dollar_price:1528|dollariraqi:1528
2023-08-22,erbil,2,2,1532.5,1532.5,1531.0,1534.0,3.0,0.196,,dollar_price:1531|dollariraqi:1534
2023-08-23,baghdad_generic,3,3,1514.33,1515.33,1513.0,1519.0,6.0,0.396,,dollar_price:1514|dollariraqi:1513|iqborsa:1519
2023-08-23,basra,3,3,1515.67,1515.67,1515.5,1516.0,0.5,0.033,,dollar_price:1515.5|dollariraqi:1515.5|iqborsa:1516
2023-08-23,erbil,3,3,1524.83,1524.83,1523.0,1526.5,3.5,0.23,,dollar_price:1525|dollariraqi:1523|iqborsa:1526.5
2023-08-24,baghdad_generic,3,3,1528.83,1529.83,1528.5,1532.0,3.5,0.229,,dollar_price:1528.5|dollariraqi:1529|iqborsa:1532
2023-08-24,basra,2,2,1530.25,1530.0,1530.0,1530.0,0.0,0.0,,dollar_price:1530|dollariraqi:1530
2023-08-24,erbil,3,3,1534.83,1536.17,1535.0,1537.0,2.0,0.13,,dollar_price:1535|dollariraqi:1537|iqborsa:1536.5
2023-08-27,baghdad_generic,3,3,1530.0,1531.5,1530.0,1532.5,2.5,0.163,,dollar_price:1530|dollariraqi:1532|iqborsa:1532.5
2023-08-27,basra,1,1,1532.0,1532.0,1532.0,1532.0,0.0,0.0,,dollar_price:1532
2023-08-27,erbil,3,3,1536.0,1537.83,1537.0,1538.5,1.5,0.098,,dollar_price:1537|dollariraqi:1538|iqborsa:1538.5
2023-08-28,baghdad_generic,3,3,1535.33,1536.33,1535.0,1538.0,3.0,0.195,,dollar_price:1535|dollariraqi:1538|iqborsa:1536
2023-08-28,basra,3,3,1532.83,1534.67,1533.0,1537.0,4.0,0.261,,dollar_price:1533|dollariraqi:1534|iqborsa:1537
2023-08-28,erbil,3,3,1541.33,1541.5,1539.5,1544.0,4.5,0.292,,dollar_price:1544|dollariraqi:1541|iqborsa:1539.5
2023-08-29,amarah,1,1,1538.0,1538.0,1538.0,1538.0,0.0,0.0,,iqborsa:1538
2023-08-29,baghdad_generic,3,3,1537.17,1534.0,1531.0,1538.0,7.0,0.456,,dollar_price:1538|dollariraqi:1533|iqborsa:1531
2023-08-29,baqubah,1,1,1538.0,1538.0,1538.0,1538.0,0.0,0.0,,iqborsa:1538
2023-08-29,basra,3,3,1534.67,1535.0,1534.0,1536.0,2.0,0.13,,dollar_price:1536|dollariraqi:1535|iqborsa:1534
2023-08-29,diwaniyah,1,1,1537.0,1537.0,1537.0,1537.0,0.0,0.0,,iqborsa:1537
2023-08-29,erbil,3,3,1542.0,1541.0,1538.0,1547.0,9.0,0.584,,dollar_price:1547|dollariraqi:1538|iqborsa:1538
2023-08-29,hillah,1,1,1537.5,1537.5,1537.5,1537.5,0.0,0.0,,iqborsa:1537.5
2023-08-29,kut,1,1,1538.0,1538.0,1538.0,1538.0,0.0,0.0,,iqborsa:1538
2023-08-29,nasiriyah,1,1,1537.5,1537.5,1537.5,1537.5,0.0,0.0,,iqborsa:1537.5
2023-08-29,ramadi,1,1,1537.0,1537.0,1537.0,1537.0,0.0,0.0,,iqborsa:1537
2023-08-29,samawah,1,1,1537.5,1537.5,1537.5,1537.5,0.0,0.0,,iqborsa:1537.5
2023-08-29,tikrit,1,1,1537.5,1537.5,1537.5,1537.5,0.0,0.0,,iqborsa:1537.5
2023-08-30,baghdad_generic,2,2,1530.0,1530.0,1529.0,1531.0,2.0,0.131,,dollariraqi:1531|iqborsa:1529
2023-08-30,basra,2,2,1528.0,1526.0,1526.0,1526.0,0.0,0.0,,dollariraqi:1526|iqborsa:1526
2023-08-30,erbil,2,2,1535.0,1536.5,1535.0,1538.0,3.0,0.195,,dollariraqi:1538|iqborsa:1535
2023-08-31,baghdad_generic,3,3,1532.17,1532.0,1532.0,1532.0,0.0,0.0,,dollar_price:1532|dollariraqi:1532|iqborsa:1532
2023-08-31,basra,3,3,1528.0,1528.0,1527.0,1530.0,3.0,0.196,,dollar_price:1530|dollariraqi:1527|iqborsa:1527
2023-08-31,erbil,3,3,1541.33,1542.0,1537.5,1548.5,11.0,0.713,,dollar_price:1548.5|dollariraqi:1537.5|iqborsa:1540
2023-09-03,baghdad_generic,3,3,1532.33,1532.33,1531.0,1533.0,2.0,0.131,,dollar_price:1533|dollariraqi:1533|iqborsa:1531
2023-09-03,basra,2,2,1530.0,1530.0,1530.0,1530.0,0.0,0.0,,dollar_price:1530|dollariraqi:1530
2023-09-03,erbil,3,3,1540.33,1540.33,1539.0,1541.0,2.0,0.13,,dollar_price:1541|dollariraqi:1541|iqborsa:1539
2023-09-04,baghdad_generic,2,2,1533.0,1534.0,1534.0,1534.0,0.0,0.0,,dollar_price:1534|iqborsa:1534
2023-09-04,basra,1,1,1530.0,1530.0,1530.0,1530.0,0.0,0.0,,dollar_price:1530
2023-09-04,erbil,2,2,1540.0,1541.0,1540.0,1542.0,2.0,0.13,,dollar_price:1540|iqborsa:1542
2023-09-05,baghdad_generic,3,3,1534.5,1534.5,1533.0,1536.0,3.0,0.196,,dollar_price:1533|dollariraqi:1536|iqborsa:1534.5
2023-09-05,basra,2,2,1531.75,1531.75,1531.5,1532.0,0.5,0.033,,dollar_price:1531.5|dollariraqi:1532
2023-09-05,erbil,3,3,1543.0,1543.67,1543.0,1544.0,1.0,0.065,,dollar_price:1543|dollariraqi:1544|iqborsa:1544
2023-09-06,baghdad_generic,3,3,1537.67,1537.83,1537.0,1538.5,1.5,0.098,,dollar_price:1537|dollariraqi:1538|iqborsa:1538.5
2023-09-06,basra,2,2,1534.0,1534.0,1533.0,1535.0,2.0,0.13,,dollar_price:1535|dollariraqi:1533
2023-09-06,erbil,3,3,1546.67,1544.33,1544.0,1545.0,1.0,0.065,,dollar_price:1544|dollariraqi:1545|iqborsa:1544
2023-09-07,baghdad_generic,2,2,1538.75,1537.0,1535.0,1539.0,4.0,0.26,,dollariraqi:1539|iqborsa:1535
2023-09-07,basra,1,1,1536.5,1536.5,1536.5,1536.5,0.0,0.0,,dollariraqi:1536.5
2023-09-07,erbil,2,2,1546.25,1546.25,1545.5,1547.0,1.5,0.097,,dollariraqi:1547|iqborsa:1545.5
2023-09-10,baghdad_generic,2,2,1539.5,1539.5,1539.0,1540.0,1.0,0.065,,dollariraqi:1540|iqborsa:1539
2023-09-10,baghdad_kifah,1,1,1540.0,1540.0,1540.0,1540.0,0.0,0.0,,dollariraqi:1540
2023-09-10,basra,1,1,1536.5,1537.5,1537.5,1537.5,0.0,0.0,,dollariraqi:1537.5
2023-09-10,erbil,2,2,1546.5,1547.5,1547.5,1547.5,0.0,0.0,,dollariraqi:1547.5|iqborsa:1547.5
2023-09-11,baghdad_generic,3,3,1548.0,1552.17,1547.0,1555.0,8.0,0.515,,dollar_price:1547|dollariraqi:1555|iqborsa:1554.5
2023-09-11,basra,3,3,1544.67,1548.67,1544.0,1551.0,7.0,0.452,,dollar_price:1544|dollariraqi:1551|iqborsa:1551
2023-09-11,erbil,3,3,1554.83,1560.83,1553.0,1565.0,12.0,0.769,,dollar_price:1553|dollariraqi:1565|iqborsa:1564.5
2023-09-12,amarah,1,1,1558.5,1558.5,1558.5,1558.5,0.0,0.0,,iqborsa:1558.5
2023-09-12,baghdad_generic,2,2,1554.0,1553.75,1553.0,1554.5,1.5,0.097,,dollariraqi:1553|iqborsa:1554.5
2023-09-12,baqubah,1,1,1558.5,1558.5,1558.5,1558.5,0.0,0.0,,iqborsa:1558.5
2023-09-12,basra,2,2,1548.25,1550.25,1549.0,1551.5,2.5,0.161,,dollariraqi:1549|iqborsa:1551.5
2023-09-12,diwaniyah,1,1,1558.5,1558.5,1558.5,1558.5,0.0,0.0,,iqborsa:1558.5
2023-09-12,erbil,2,2,1559.5,1560.25,1559.5,1561.0,1.5,0.096,,dollariraqi:1561|iqborsa:1559.5
2023-09-12,hillah,1,1,1558.0,1558.0,1558.0,1558.0,0.0,0.0,,iqborsa:1558
2023-09-12,kut,1,1,1558.0,1558.0,1558.0,1558.0,0.0,0.0,,iqborsa:1558
2023-09-12,nasiriyah,1,1,1558.0,1558.0,1558.0,1558.0,0.0,0.0,,iqborsa:1558
2023-09-12,ramadi,1,1,1558.0,1558.0,1558.0,1558.0,0.0,0.0,,iqborsa:1558
2023-09-12,samawah,1,1,1558.0,1558.0,1558.0,1558.0,0.0,0.0,,iqborsa:1558
2023-09-12,tikrit,1,1,1559.0,1559.0,1559.0,1559.0,0.0,0.0,,iqborsa:1559
2023-09-13,baghdad_generic,3,3,1560.5,1556.0,1555.0,1558.0,3.0,0.193,,dollar_price:1558|dollariraqi:1555|iqborsa:1555
2023-09-13,basra,2,2,1552.75,1552.75,1552.5,1553.0,0.5,0.032,,dollar_price:1553|iqborsa:1552.5
2023-09-13,erbil,3,3,1562.83,1560.17,1556.5,1564.0,7.5,0.481,,dollar_price:1564|dollariraqi:1560|iqborsa:1556.5
2023-09-14,baghdad_generic,2,2,1560.5,1558.25,1557.5,1559.0,1.5,0.096,,dollariraqi:1559|iqborsa:1557.5
2023-09-14,basra,2,2,1557.5,1555.25,1553.5,1557.0,3.5,0.225,,dollariraqi:1557|iqborsa:1553.5
2023-09-14,erbil,2,2,1561.5,1560.75,1560.0,1561.5,1.5,0.096,,dollariraqi:1560|iqborsa:1561.5
2023-09-17,baghdad_generic,3,3,1565.5,1569.0,1563.0,1572.0,9.0,0.574,,dollar_price:1563|dollariraqi:1572|iqborsa:1572
2023-09-17,basra,3,3,1557.33,1559.0,1555.0,1564.0,9.0,0.577,,dollar_price:1558|dollariraqi:1564|iqborsa:1555
2023-09-17,erbil,3,3,1565.0,1567.33,1566.0,1569.0,3.0,0.191,,dollar_price:1569|dollariraqi:1567|iqborsa:1566
2023-09-18,baghdad_generic,3,3,1578.17,1581.17,1577.5,1585.0,7.5,0.474,,dollar_price:1581|dollariraqi:1585|iqborsa:1577.5
2023-09-18,baghdad_kifah,1,1,1568.5,1585.0,1585.0,1585.0,0.0,0.0,,dollariraqi:1585
2023-09-18,basra,3,3,1577.0,1579.33,1577.0,1581.0,4.0,0.253,,dollar_price:1577|dollariraqi:1580|iqborsa:1581
2023-09-18,erbil,3,3,1574.83,1574.17,1573.0,1575.0,2.0,0.127,,dollar_price:1574.5|dollariraqi:1573|iqborsa:1575
2023-09-18,nasiriyah,1,1,1575.0,1575.0,1575.0,1575.0,0.0,0.0,,dollariraqi:1575
2023-09-19,baghdad_generic,3,3,1580.5,1560.17,1554.0,1566.5,12.5,0.801,,dollar_price:1560|dollariraqi:1566.5|iqborsa:1554
2023-09-19,baghdad_kifah,1,1,1566.0,1566.0,1566.0,1566.0,0.0,0.0,,dollariraqi:1566
2023-09-19,basra,3,2,1577.75,1577.75,1554.0,1578.0,24.0,1.521,dollar_price,dollar_price:1554|dollariraqi:1578|iqborsa:1577.5
2023-09-19,erbil,3,3,1570.83,1566.33,1559.0,1573.5,14.5,0.926,,dollar_price:1559|dollariraqi:1566.5|iqborsa:1573.5
2023-09-19,hillah,1,1,1572.0,1572.0,1572.0,1572.0,0.0,0.0,,dollariraqi:1572
2023-09-19,nasiriyah,1,1,1569.0,1569.0,1569.0,1569.0,0.0,0.0,,dollariraqi:1569
2023-09-20,baghdad_generic,3,3,1565.0,1565.33,1563.0,1567.0,4.0,0.256,,dollar_price:1567|dollariraqi:1566|iqborsa:1563
2023-09-20,basra,3,3,1562.67,1563.0,1561.0,1564.0,3.0,0.192,,dollar_price:1561|dollariraqi:1564|iqborsa:1564
2023-09-20,erbil,3,3,1562.5,1561.67,1559.5,1565.0,5.5,0.352,,dollar_price:1565|dollariraqi:1560.5|iqborsa:1559.5
2023-09-21,baghdad_generic,3,3,1559.83,1556.5,1553.0,1563.5,10.5,0.675,,dollar_price:1563.5|dollariraqi:1553|iqborsa:1553
2023-09-21,baghdad_samawal,1,1,1550.0,1550.0,1550.0,1550.0,0.0,0.0,,dollariraqi:1550
2023-09-21,basra,3,3,1558.67,1554.67,1552.0,1558.0,6.0,0.386,,dollar_price:1558|dollariraqi:1554|iqborsa:1552
2023-09-21,erbil,3,3,1557.67,1552.67,1546.0,1561.5,15.5,0.998,,dollar_price:1561.5|dollariraqi:1550.5|iqborsa:1546
2023-09-24,baghdad_generic,1,1,1541.0,1542.0,1542.0,1542.0,0.0,0.0,,iqborsa:1542
2023-09-24,baghdad_kifah,1,1,1541.0,1533.5,1533.5,1533.5,0.0,0.0,,dollariraqi:1533.5
2023-09-24,basra,2,2,1536.5,1536.5,1528.0,1545.0,17.0,1.106,,dollariraqi:1545|iqborsa:1528
2023-09-24,erbil,2,2,1538.25,1536.5,1535.0,1538.0,3.0,0.195,,dollariraqi:1538|iqborsa:1535
2023-09-25,baghdad_generic,2,2,1546.0,1546.25,1545.0,1547.5,2.5,0.162,,dollariraqi:1547.5|iqborsa:1545
2023-09-25,baghdad_harithiya,1,1,1543.0,1543.0,1543.0,1543.0,0.0,0.0,,dollariraqi:1543
2023-09-25,baghdad_kifah,1,1,1549.0,1550.0,1550.0,1550.0,0.0,0.0,,dollariraqi:1550
2023-09-25,basra,2,2,1551.0,1547.75,1546.5,1549.0,2.5,0.162,,dollariraqi:1546.5|iqborsa:1549
2023-09-25,erbil,2,2,1544.25,1538.75,1538.5,1539.0,0.5,0.032,,dollariraqi:1539|iqborsa:1538.5
2023-09-26,baghdad_generic,3,3,1545.33,1549.67,1544.0,1559.0,15.0,0.968,,dollar_price:1544|dollariraqi:1546|iqborsa:1559
2023-09-26,baghdad_kifah,1,1,1544.0,1544.0,1544.0,1544.0,0.0,0.0,,dollariraqi:1544
2023-09-26,basra,1,1,1548.0,1548.0,1548.0,1548.0,0.0,0.0,,dollariraqi:1548
2023-09-26,erbil,2,2,1539.5,1553.0,1551.0,1555.0,4.0,0.258,,dollariraqi:1555|iqborsa:1551
2023-09-27,babil,1,1,1556.5,1556.5,1556.5,1556.5,0.0,0.0,,dollariraqi:1556.5
2023-09-27,baghdad_generic,3,3,1556.0,1555.0,1555.0,1555.0,0.0,0.0,,dollar_price:1555|dollariraqi:1555|iqborsa:1555
2023-09-27,baghdad_harithiya,1,1,1556.5,1556.5,1556.5,1556.5,0.0,0.0,,dollariraqi:1556.5
2023-09-27,baghdad_kifah,1,1,1554.0,1554.0,1554.0,1554.0,0.0,0.0,,dollariraqi:1554
2023-09-27,basra,2,2,1560.0,1560.25,1559.0,1561.5,2.5,0.16,,dollariraqi:1559|iqborsa:1561.5
2023-09-27,erbil,3,3,1549.83,1550.67,1549.5,1552.5,3.0,0.193,,dollar_price:1550|dollariraqi:1549.5|iqborsa:1552.5
2023-09-28,baghdad_generic,2,2,1557.5,1556.0,1555.0,1557.0,2.0,0.129,,dollariraqi:1555|iqborsa:1557
2023-09-28,baghdad_harithiya,1,1,1557.0,1557.0,1557.0,1557.0,0.0,0.0,,dollariraqi:1557
2023-09-28,baghdad_kifah,1,1,1559.0,1559.0,1559.0,1559.0,0.0,0.0,,dollariraqi:1559
2023-09-28,basra,3,3,1559.83,1559.83,1559.5,1560.0,0.5,0.032,,dollar_price:1560|dollariraqi:1559.5|iqborsa:1560
2023-09-28,erbil,2,2,1552.0,1554.0,1553.0,1555.0,2.0,0.129,,dollariraqi:1553|iqborsa:1555
2023-10-01,baghdad_generic,3,3,1557.5,1558.5,1558.0,1559.0,1.0,0.064,,dollar_price:1558|dollariraqi:1558.5|iqborsa:1559
2023-10-01,baghdad_harithiya,1,1,1558.0,1559.0,1559.0,1559.0,0.0,0.0,,dollariraqi:1559
2023-10-01,baghdad_kifah,1,1,1561.0,1561.0,1561.0,1561.0,0.0,0.0,,dollariraqi:1561
2023-10-01,basra,3,3,1557.83,1559.0,1557.5,1562.0,4.5,0.289,,dollar_price:1557.5|dollariraqi:1562|iqborsa:1557.5
2023-10-01,erbil,3,3,1555.0,1558.83,1555.0,1561.0,6.0,0.385,,dollar_price:1555|dollariraqi:1560.5|iqborsa:1561
2023-10-02,baghdad_generic,3,3,1563.33,1564.83,1562.0,1567.0,5.0,0.32,,dollar_price:1562|dollariraqi:1567|iqborsa:1565.5
2023-10-02,baghdad_harithiya,1,1,1565.0,1565.0,1565.0,1565.0,0.0,0.0,,dollariraqi:1565
2023-10-02,basra,3,3,1563.67,1564.5,1563.0,1565.5,2.5,0.16,,dollar_price:1563|dollariraqi:1565|iqborsa:1565.5
2023-10-02,erbil,3,3,1565.67,1567.0,1565.0,1568.5,3.5,0.223,,dollar_price:1565|dollariraqi:1567.5|iqborsa:1568.5
2023-10-03,baghdad_generic,3,3,1568.5,1568.0,1567.5,1569.0,1.5,0.096,,dollar_price:1569|dollariraqi:1567.5|iqborsa:1567.5
2023-10-03,baghdad_harithiya,1,1,1567.0,1567.0,1567.0,1567.0,0.0,0.0,,dollariraqi:1567
2023-10-03,baghdad_kifah,1,1,1567.5,1567.0,1567.0,1567.0,0.0,0.0,,dollariraqi:1567
2023-10-03,basra,2,2,1567.5,1568.0,1567.0,1569.0,2.0,0.128,,dollar_price:1569|dollariraqi:1567
2023-10-03,erbil,3,3,1568.33,1568.0,1568.0,1568.0,0.0,0.0,,dollar_price:1568|dollariraqi:1568|iqborsa:1568
2023-10-04,baghdad_generic,3,3,1568.67,1567.67,1565.5,1569.0,3.5,0.223,,dollar_price:1568.5|dollariraqi:1569|iqborsa:1565.5
2023-10-04,baghdad_karrada,1,1,1567.0,1567.0,1567.0,1567.0,0.0,0.0,,dollariraqi:1567
2023-10-04,baghdad_kifah,1,1,1568.0,1568.0,1568.0,1568.0,0.0,0.0,,dollariraqi:1568
2023-10-04,basra,2,2,1568.75,1568.25,1567.0,1569.5,2.5,0.159,,dollar_price:1569.5|dollariraqi:1567
2023-10-04,erbil,3,3,1569.17,1566.33,1563.0,1569.0,6.0,0.383,,dollar_price:1569|dollariraqi:1567|iqborsa:1563
2023-10-05,baghdad_generic,2,2,1569.25,1573.25,1572.5,1574.0,1.5,0.095,,dollariraqi:1574|iqborsa:1572.5
2023-10-05,baghdad_harithiya,1,1,1566.0,1566.0,1566.0,1566.0,0.0,0.0,,dollariraqi:1566
2023-10-05,basra,2,2,1566.75,1568.75,1566.5,1571.0,4.5,0.287,,dollariraqi:1571|iqborsa:1566.5
2023-10-05,erbil,2,2,1567.75,1570.5,1569.5,1571.5,2.0,0.127,,dollariraqi:1571.5|iqborsa:1569.5
2023-10-08,baghdad_generic,3,3,1587.5,1589.83,1588.0,1592.0,4.0,0.252,,dollar_price:1588|dollariraqi:1592|iqborsa:1589.5
2023-10-08,baghdad_harithiya,1,1,1588.0,1588.0,1588.0,1588.0,0.0,0.0,,dollariraqi:1588
2023-10-08,baghdad_kifah,1,1,1589.0,1589.0,1589.0,1589.0,0.0,0.0,,dollariraqi:1589
2023-10-08,basra,2,2,1585.5,1587.0,1584.0,1590.0,6.0,0.378,,dollar_price:1584|dollariraqi:1590
2023-10-08,erbil,3,3,1586.0,1587.5,1587.5,1587.5,0.0,0.0,,dollar_price:1587.5|dollariraqi:1587.5|iqborsa:1587.5
2023-10-08,samawah,1,1,1589.0,1589.0,1589.0,1589.0,0.0,0.0,,dollariraqi:1589
2023-10-09,baghdad_generic,2,2,1599.5,1614.75,1614.5,1615.0,0.5,0.031,,dollariraqi:1615|iqborsa:1614.5
2023-10-09,baghdad_harithiya,1,1,1597.0,1597.0,1597.0,1597.0,0.0,0.0,,dollariraqi:1597
2023-10-09,basra,2,2,1620.5,1620.5,1620.0,1621.0,1.0,0.062,,dollariraqi:1620|iqborsa:1621
2023-10-09,erbil,2,2,1604.0,1625.0,1625.0,1625.0,0.0,0.0,,dollariraqi:1625|iqborsa:1625
2023-10-10,baghdad_generic,3,3,1631.67,1620.33,1609.0,1633.0,24.0,1.481,,dollar_price:1633|dollariraqi:1609|iqborsa:1619
2023-10-10,baghdad_harithiya,1,1,1627.5,1627.5,1627.5,1627.5,0.0,0.0,,dollariraqi:1627.5
2023-10-10,basra,3,2,1607.0,1607.0,1607.0,1631.0,24.0,1.493,dollar_price,dollar_price:1631|dollariraqi:1607|iqborsa:1607
2023-10-10,erbil,3,2,1628.0,1605.5,1605.0,1628.0,23.0,1.433,dollar_price,dollar_price:1628|dollariraqi:1605|iqborsa:1606
2023-10-11,baghdad_generic,3,3,1616.5,1608.17,1606.0,1612.5,6.5,0.404,,dollar_price:1612.5|dollariraqi:1606|iqborsa:1606
2023-10-11,baghdad_harithiya,1,1,1624.0,1601.0,1601.0,1601.0,0.0,0.0,,dollariraqi:1601
2023-10-11,baghdad_kifah,1,1,1624.5,1622.0,1622.0,1622.0,0.0,0.0,,dollariraqi:1622
2023-10-11,basra,1,1,1620.0,1612.0,1612.0,1612.0,0.0,0.0,,dollariraqi:1612
2023-10-11,erbil,1,1,1619.0,1610.0,1610.0,1610.0,0.0,0.0,,dollariraqi:1610
2023-10-12,baghdad_generic,3,3,1604.5,1605.33,1605.0,1605.5,0.5,0.031,,dollar_price:1605|dollariraqi:1605.5|iqborsa:1605.5
2023-10-12,baghdad_harithiya,1,1,1605.0,1604.0,1604.0,1604.0,0.0,0.0,,dollariraqi:1604
2023-10-12,baghdad_karrada,1,1,1603.0,1603.0,1603.0,1603.0,0.0,0.0,,dollariraqi:1603
2023-10-12,baghdad_kifah,1,1,1604.0,1604.0,1604.0,1604.0,0.0,0.0,,dollariraqi:1604
2023-10-12,baghdad_shorja,1,1,1605.0,1602.0,1602.0,1602.0,0.0,0.0,,dollariraqi:1602
2023-10-12,basra,2,2,1602.5,1601.5,1601.0,1602.0,1.0,0.062,,dollar_price:1601|dollariraqi:1602
2023-10-12,erbil,3,3,1601.0,1602.83,1598.0,1606.5,8.5,0.53,,dollar_price:1598|dollariraqi:1606.5|iqborsa:1604
2023-10-12,samawah,1,1,1608.0,1608.0,1608.0,1608.0,0.0,0.0,,dollariraqi:1608
2023-10-15,baghdad_generic,3,3,1593.83,1580.0,1576.5,1586.5,10.0,0.633,,dollar_price:1586.5|dollariraqi:1576.5|iqborsa:1577
2023-10-15,baghdad_harithiya,1,1,1580.0,1580.0,1580.0,1580.0,0.0,0.0,,dollariraqi:1580
2023-10-15,baghdad_karrada,1,1,1588.5,1588.5,1588.5,1588.5,0.0,0.0,,dollariraqi:1588.5
2023-10-15,baghdad_kifah,1,1,1600.0,1591.0,1591.0,1591.0,0.0,0.0,,dollariraqi:1591
2023-10-15,basra,3,3,1593.5,1578.5,1575.0,1585.0,10.0,0.634,,dollar_price:1585|dollariraqi:1575|iqborsa:1575.5
2023-10-15,erbil,3,3,1593.17,1588.33,1585.0,1590.0,5.0,0.315,,dollar_price:1590|dollariraqi:1585|iqborsa:1590
2023-10-16,baghdad_generic,3,3,1579.67,1582.5,1580.0,1584.0,4.0,0.253,,dollar_price:1580|dollariraqi:1584|iqborsa:1583.5
2023-10-16,baghdad_kifah,1,1,1576.5,1576.5,1576.5,1576.5,0.0,0.0,,dollariraqi:1576.5
2023-10-16,basra,3,3,1578.67,1580.67,1577.5,1587.0,9.5,0.601,,dollar_price:1577.5|dollariraqi:1587|iqborsa:1577.5
2023-10-16,erbil,3,3,1580.33,1582.0,1581.0,1584.0,3.0,0.19,,dollar_price:1581|dollariraqi:1584|iqborsa:1581
2023-10-17,baghdad_generic,3,3,1588.67,1595.33,1589.0,1598.5,9.5,0.595,,dollar_price:1589|dollariraqi:1598.5|iqborsa:1598.5
2023-10-17,baghdad_karrada,1,1,1591.0,1591.0,1591.0,1591.0,0.0,0.0,,dollariraqi:1591
2023-10-17,baghdad_kifah,1,1,1593.0,1587.5,1587.5,1587.5,0.0,0.0,,dollariraqi:1587.5
2023-10-17,basra,3,3,1589.0,1588.33,1588.0,1589.0,1.0,0.063,,dollar_price:1588|dollariraqi:1589|iqborsa:1588
2023-10-17,erbil,3,3,1592.17,1592.83,1592.0,1594.5,2.5,0.157,,dollar_price:1592|dollariraqi:1594.5|iqborsa:1592
2023-10-18,baghdad_generic,3,3,1596.0,1597.33,1595.5,1598.5,3.0,0.188,,dollar_price:1595.5|dollariraqi:1598.5|iqborsa:1598
2023-10-18,baghdad_kifah,1,1,1602.5,1598.0,1598.0,1598.0,0.0,0.0,,dollariraqi:1598
2023-10-18,basra,3,3,1598.0,1597.67,1597.5,1598.0,0.5,0.031,,dollar_price:1597.5|dollariraqi:1598|iqborsa:1597.5
2023-10-18,erbil,3,3,1597.0,1597.67,1596.5,1600.0,3.5,0.219,,dollar_price:1596.5|dollariraqi:1600|iqborsa:1596.5
2023-10-19,baghdad_generic,3,3,1595.17,1597.33,1594.0,1599.0,5.0,0.313,,dollar_price:1594|dollariraqi:1599|iqborsa:1599
2023-10-19,baghdad_kifah,1,1,1596.0,1596.0,1596.0,1596.0,0.0,0.0,,dollariraqi:1596
2023-10-19,basra,3,3,1595.67,1598.0,1595.0,1600.0,5.0,0.313,,dollar_price:1595|dollariraqi:1600|iqborsa:1599
2023-10-19,erbil,3,3,1592.67,1596.67,1591.5,1601.5,10.0,0.626,,dollar_price:1591.5|dollariraqi:1601.5|iqborsa:1597
2023-10-22,baghdad_generic,3,3,1596.33,1599.83,1595.0,1602.5,7.5,0.469,,dollar_price:1595|dollariraqi:1602|iqborsa:1602.5
2023-10-22,baghdad_kifah,1,1,1596.0,1600.0,1600.0,1600.0,0.0,0.0,,dollariraqi:1600
2023-10-22,basra,3,3,1597.17,1598.17,1597.5,1599.5,2.0,0.125,,dollar_price:1597.5|dollariraqi:1599.5|iqborsa:1597.5
2023-10-22,erbil,3,3,1595.33,1596.17,1594.0,1598.5,4.5,0.282,,dollar_price:1596|dollariraqi:1598.5|iqborsa:1594
2023-10-23,amarah,2,2,1607.0,1607.0,1607.0,1607.0,0.0,0.0,,dollar_price:1607|iqborsa:1607
2023-10-23,babil,1,1,1605.0,1605.0,1605.0,1605.0,0.0,0.0,,dollariraqi:1605
2023-10-23,baghdad_generic,3,3,1603.17,1609.0,1607.5,1612.0,4.5,0.28,,dollar_price:1607.5|dollariraqi:1612|iqborsa:1607.5
2023-10-23,baghdad_kifah,1,1,1602.5,1607.5,1607.5,1607.5,0.0,0.0,,dollariraqi:1607.5
2023-10-23,baqubah,2,2,1607.0,1607.0,1607.0,1607.0,0.0,0.0,,dollar_price:1607|iqborsa:1607
2023-10-23,basra,3,3,1605.67,1609.33,1607.0,1614.0,7.0,0.435,,dollar_price:1607|dollariraqi:1614|iqborsa:1607
2023-10-23,diwaniyah,2,2,1607.0,1607.0,1607.0,1607.0,0.0,0.0,,dollar_price:1607|iqborsa:1607
2023-10-23,erbil,3,3,1603.33,1606.5,1606.5,1606.5,0.0,0.0,,dollar_price:1606.5|dollariraqi:1606.5|iqborsa:1606.5
2023-10-23,hillah,3,3,1606.67,1608.33,1607.5,1610.0,2.5,0.155,,dollar_price:1607.5|dollariraqi:1610|iqborsa:1607.5
2023-10-23,kut,2,2,1608.0,1608.0,1608.0,1608.0,0.0,0.0,,dollar_price:1608|iqborsa:1608
2023-10-23,nasiriyah,3,3,1606.67,1606.67,1605.0,1607.5,2.5,0.156,,dollar_price:1607.5|dollariraqi:1605|iqborsa:1607.5
2023-10-23,ramadi,2,2,1607.0,1607.0,1607.0,1607.0,0.0,0.0,,dollar_price:1607|iqborsa:1607
2023-10-23,samawah,3,3,1606.67,1606.67,1605.0,1607.5,2.5,0.156,,dollar_price:1607.5|dollariraqi:1605|iqborsa:1607.5
2023-10-23,tikrit,2,2,1607.5,1607.5,1607.5,1607.5,0.0,0.0,,dollar_price:1607.5|iqborsa:1607.5
2023-10-24,baghdad_generic,3,3,1611.17,1615.33,1610.0,1620.0,10.0,0.619,,dollar_price:1610|dollariraqi:1620|iqborsa:1616
2023-10-24,baghdad_kifah,2,2,1612.0,1616.5,1612.0,1621.0,9.0,0.557,,dollariraqi:1621|iqborsa:1612
2023-10-24,baghdad_shorja,1,1,1611.0,1611.0,1611.0,1611.0,0.0,0.0,,iqborsa:1611
2023-10-24,basra,2,2,1611.5,1613.5,1610.0,1617.0,7.0,0.434,,dollariraqi:1617|iqborsa:1610
2023-10-24,erbil,3,3,1612.17,1612.83,1608.0,1617.0,9.0,0.558,,dollar_price:1613.5|dollariraqi:1617|iqborsa:1608
2023-10-25,baghdad_generic,3,3,1620.33,1614.5,1609.5,1620.0,10.5,0.65,,dollar_price:1620|dollariraqi:1609.5|iqborsa:1614
2023-10-25,baghdad_kifah,1,1,1619.5,1619.5,1619.5,1619.5,0.0,0.0,,dollariraqi:1619.5
2023-10-25,basra,3,3,1620.33,1618.0,1614.0,1620.0,6.0,0.371,,dollar_price:1620|dollariraqi:1614|iqborsa:1620
2023-10-25,erbil,3,3,1616.5,1609.0,1605.0,1617.0,12.0,0.746,,dollar_price:1617|dollariraqi:1605|iqborsa:1605
2023-10-26,baghdad_generic,2,2,1613.0,1611.0,1610.0,1612.0,2.0,0.124,,dollariraqi:1612|iqborsa:1610
2023-10-26,baghdad_kifah,1,1,1615.0,1608.5,1608.5,1608.5,0.0,0.0,,dollariraqi:1608.5
2023-10-26,basra,1,1,1614.0,1614.0,1614.0,1614.0,0.0,0.0,,dollariraqi:1614
2023-10-26,erbil,2,2,1609.5,1609.5,1609.0,1610.0,1.0,0.062,,dollariraqi:1609|iqborsa:1610
2023-10-29,baghdad_generic,3,3,1615.33,1616.33,1615.5,1617.0,1.5,0.093,,dollar_price:1615.5|dollariraqi:1617|iqborsa:1616.5
2023-10-29,baghdad_karrada,1,1,1615.0,1615.0,1615.0,1615.0,0.0,0.0,,dollariraqi:1615
2023-10-29,baghdad_kifah,1,1,1615.0,1615.0,1615.0,1615.0,0.0,0.0,,dollariraqi:1615
2023-10-29,basra,3,3,1616.17,1615.67,1615.0,1616.0,1.0,0.062,,dollar_price:1616|dollariraqi:1615|iqborsa:1616
2023-10-29,erbil,3,3,1613.33,1613.17,1613.0,1613.5,0.5,0.031,,dollar_price:1613|dollariraqi:1613.5|iqborsa:1613
2023-10-29,hillah,1,1,1617.0,1617.0,1617.0,1617.0,0.0,0.0,,dollariraqi:1617
2023-10-30,baghdad_generic,3,3,1615.17,1618.17,1616.5,1619.5,3.0,0.185,,dollar_price:1616.5|dollariraqi:1619.5|iqborsa:1618.5
2023-10-30,baghdad_kifah,1,1,1615.0,1615.0,1615.0,1615.0,0.0,0.0,,dollariraqi:1615
2023-10-30,basra,2,2,1608.5,1616.25,1615.5,1617.0,1.5,0.093,,dollar_price:1617|dollariraqi:1615.5
2023-10-30,erbil,3,3,1613.33,1614.0,1612.5,1615.0,2.5,0.155,,dollar_price:1615|dollariraqi:1614.5|iqborsa:1612.5
2023-10-31,baghdad_generic,3,3,1618.17,1619.5,1619.0,1620.0,1.0,0.062,,dollar_price:1619|dollariraqi:1619.5|iqborsa:1620
2023-10-31,baghdad_kifah,1,1,1620.0,1620.0,1620.0,1620.0,0.0,0.0,,dollariraqi:1620
2023-10-31,basra,2,2,1618.0,1619.5,1619.0,1620.0,1.0,0.062,,dollar_price:1619|dollariraqi:1620
2023-10-31,erbil,3,3,1616.83,1617.33,1616.0,1619.0,3.0,0.185,,dollar_price:1617|dollariraqi:1619|iqborsa:1616
2023-11-01,baghdad_generic,3,3,1620.0,1621.17,1621.0,1621.5,0.5,0.031,,dollar_price:1621|dollariraqi:1621|iqborsa:1621.5
2023-11-01,baghdad_kifah,1,1,1620.0,1620.0,1620.0,1620.0,0.0,0.0,,dollariraqi:1620
2023-11-01,basra,3,3,1622.0,1622.5,1621.5,1623.0,1.5,0.092,,dollar_price:1623|dollariraqi:1621.5|iqborsa:1623
2023-11-01,erbil,3,3,1619.67,1619.25,1618.5,1620.0,1.5,0.093,,dollar_price:1618.5|dollariraqi:1619.25|iqborsa:1620
2023-11-02,baghdad_generic,3,3,1620.17,1622.33,1614.5,1626.5,12.0,0.74,,dollar_price:1614.5|dollariraqi:1626.5|iqborsa:1626
2023-11-02,baghdad_kifah,1,1,1625.5,1625.5,1625.5,1625.5,0.0,0.0,,dollariraqi:1625.5
2023-11-02,basra,2,2,1619.75,1619.5,1614.5,1624.5,10.0,0.617,,dollar_price:1614.5|dollariraqi:1624.5
2023-11-02,erbil,3,3,1623.33,1624.33,1623.5,1626.0,2.5,0.154,,dollar_price:1623.5|dollariraqi:1626|iqborsa:1623.5
2023-11-05,babil,1,1,1633.5,1632.0,1632.0,1632.0,0.0,0.0,,dollariraqi:1632
2023-11-05,baghdad_generic,3,3,1630.67,1638.0,1631.0,1644.0,13.0,0.794,,dollar_price:1631|dollariraqi:1644|iqborsa:1639
2023-11-05,baghdad_kifah,1,1,1630.0,1634.0,1634.0,1634.0,0.0,0.0,,dollariraqi:1634
2023-11-05,basra,3,3,1632.67,1636.33,1633.0,1643.0,10.0,0.611,,dollar_price:1633|dollariraqi:1643|iqborsa:1633
2023-11-05,erbil,3,3,1631.0,1633.33,1631.0,1638.0,7.0,0.429,,dollar_price:1631|dollariraqi:1638|iqborsa:1631
2023-11-05,hillah,1,1,1644.0,1644.0,1644.0,1644.0,0.0,0.0,,dollariraqi:1644
2023-11-06,baghdad_generic,3,3,1650.0,1660.83,1658.0,1664.5,6.5,0.391,,dollar_price:1658|dollariraqi:1660|iqborsa:1664.5
2023-11-06,baghdad_kifah,1,1,1645.0,1645.0,1645.0,1645.0,0.0,0.0,,dollariraqi:1645
2023-11-06,baghdad_shorja,1,1,1643.0,1643.0,1643.0,1643.0,0.0,0.0,,dollariraqi:1643
2023-11-06,basra,3,3,1650.67,1660.0,1658.0,1663.0,5.0,0.301,,dollar_price:1658|dollariraqi:1659|iqborsa:1663
2023-11-06,erbil,3,3,1651.0,1662.0,1659.0,1663.5,4.5,0.271,,dollar_price:1659|dollariraqi:1663.5|iqborsa:1663.5
2023-11-07,baghdad_generic,3,2,1658.83,1634.75,1634.5,1657.5,23.0,1.407,dollar_price,dollar_price:1657.5|dollariraqi:1635|iqborsa:1634.5
2023-11-07,baghdad_karrada,1,1,1642.5,1635.0,1635.0,1635.0,0.0,0.0,,dollariraqi:1635
2023-11-07,baghdad_shorja,1,1,1641.0,1641.0,1641.0,1641.0,0.0,0.0,,dollariraqi:1641
2023-11-07,basra,3,3,1656.17,1646.0,1636.0,1656.0,20.0,1.215,,dollar_price:1656|dollariraqi:1636|iqborsa:1646
2023-11-07,erbil,3,2,1659.0,1633.25,1629.0,1658.0,29.0,1.776,dollar_price,dollar_price:1658|dollariraqi:1637.5|iqborsa:1629
2023-11-08,baghdad_generic,3,3,1640.33,1647.33,1647.0,1648.0,1.0,0.061,,dollar_price:1647|dollariraqi:1648|iqborsa:1647
2023-11-08,baghdad_kifah,1,1,1628.0,1637.0,1637.0,1637.0,0.0,0.0,,dollariraqi:1637
2023-11-08,basra,3,3,1640.33,1640.5,1640.0,1641.5,1.5,0.091,,dollar_price:1640|dollariraqi:1641.5|iqborsa:1640
2023-11-08,erbil,3,3,1633.17,1643.0,1643.0,1643.0,0.0,0.0,,dollar_price:1643|dollariraqi:1643|iqborsa:1643
2023-11-09,baghdad_generic,3,3,1650.5,1649.17,1648.5,1650.0,1.5,0.091,,dollar_price:1650|dollariraqi:1649|iqborsa:1648.5
2023-11-09,basra,1,1,1652.5,1652.5,1652.5,1652.5,0.0,0.0,,dollariraqi:1652.5
2023-11-09,erbil,3,3,1650.33,1646.33,1643.0,1648.0,5.0,0.304,,dollar_price:1648|dollariraqi:1648|iqborsa:1643
2023-11-12,baghdad_generic,3,2,1630.0,1609.75,1607.5,1632.0,24.5,1.522,dollar_price,dollar_price:1632|dollariraqi:1612|iqborsa:1607.5
2023-11-12,basra,3,3,1633.0,1628.67,1620.0,1633.0,13.0,0.798,,dollar_price:1633|dollariraqi:1620|iqborsa:1633
2023-11-12,erbil,3,3,1631.33,1620.17,1610.0,1632.5,22.5,1.389,,dollar_price:1632.5|dollariraqi:1610|iqborsa:1618
2023-11-13,baghdad_generic,3,3,1599.33,1596.33,1593.5,1598.0,4.5,0.282,,dollar_price:1598|dollariraqi:1597.5|iqborsa:1593.5
2023-11-13,erbil,3,3,1603.33,1598.0,1596.0,1602.0,6.0,0.375,,dollar_price:1596|dollariraqi:1602|iqborsa:1596
2023-11-14,baghdad_generic,3,2,1574.0,1551.25,1547.5,1574.0,26.5,1.708,dollar_price,dollar_price:1574|dollariraqi:1555|iqborsa:1547.5
2023-11-14,basra,1,1,1591.5,1553.0,1553.0,1553.0,0.0,0.0,,dollariraqi:1553
2023-11-14,erbil,3,3,1580.83,1562.5,1556.0,1569.0,13.0,0.832,,dollar_price:1569|dollariraqi:1556|iqborsa:1562.5
2023-11-15,baghdad_generic,3,3,1574.0,1582.33,1576.0,1586.0,10.0,0.632,,dollar_price:1585|dollariraqi:1586|iqborsa:1576
2023-11-15,baghdad_harithiya,1,1,1569.0,1569.0,1569.0,1569.0,0.0,0.0,,dollariraqi:1569
2023-11-15,basra,1,1,1568.0,1577.0,1577.0,1577.0,0.0,0.0,,dollariraqi:1577
2023-11-15,erbil,3,3,1581.5,1589.0,1589.0,1589.0,0.0,0.0,,dollar_price:1589|dollariraqi:1589|iqborsa:1589
2023-11-16,baghdad_generic,3,3,1585.67,1589.5,1584.0,1592.5,8.5,0.535,,dollar_price:1584|dollariraqi:1592.5|iqborsa:1592
2023-11-16,baghdad_kifah,1,1,1586.5,1595.0,1595.0,1595.0,0.0,0.0,,dollariraqi:1595
2023-11-16,basra,1,1,1593.0,1587.5,1587.5,1587.5,0.0,0.0,,dollariraqi:1587.5
2023-11-16,erbil,3,3,1584.17,1587.67,1587.0,1588.0,1.0,0.063,,dollar_price:1587|dollariraqi:1588|iqborsa:1588
2023-11-19,baghdad_generic,3,3,1581.83,1577.33,1572.0,1580.0,8.0,0.507,,dollar_price:1580|dollariraqi:1580|iqborsa:1572
2023-11-19,basra,1,1,1584.0,1582.0,1582.0,1582.0,0.0,0.0,,dollariraqi:1582
2023-11-19,erbil,3,3,1583.0,1581.5,1577.5,1583.5,6.0,0.379,,dollar_price:1583.5|dollariraqi:1577.5|iqborsa:1583.5
2023-11-20,baghdad_generic,3,3,1573.67,1579.5,1575.0,1583.5,8.5,0.538,,dollar_price:1575|dollariraqi:1580|iqborsa:1583.5
2023-11-20,baghdad_harithiya,1,1,1582.5,1582.5,1582.5,1582.5,0.0,0.0,,dollariraqi:1582.5
2023-11-20,baghdad_kifah,1,1,1572.0,1572.0,1572.0,1572.0,0.0,0.0,,dollariraqi:1572
2023-11-20,baghdad_samawal,1,1,1573.0,1573.0,1573.0,1573.0,0.0,0.0,,dollariraqi:1573
2023-11-20,basra,2,2,1575.0,1575.5,1574.0,1577.0,3.0,0.19,,dollar_price:1574|dollariraqi:1577
2023-11-20,erbil,3,3,1577.33,1579.83,1575.5,1582.0,6.5,0.411,,dollar_price:1582|dollariraqi:1582|iqborsa:1575.5
2023-11-21,baghdad_generic,3,3,1581.17,1583.33,1583.0,1583.5,0.5,0.032,,dollar_price:1583.5|dollariraqi:1583|iqborsa:1583.5
2023-11-21,baghdad_kifah,1,1,1581.0,1583.0,1583.0,1583.0,0.0,0.0,,dollariraqi:1583
2023-11-21,basra,1,1,1585.0,1585.0,1585.0,1585.0,0.0,0.0,,dollariraqi:1585
2023-11-21,erbil,1,1,1582.0,1584.0,1584.0,1584.0,0.0,0.0,,dollariraqi:1584
2023-11-22,baghdad_generic,3,3,1588.0,1593.83,1590.0,1597.0,7.0,0.439,,dollar_price:1590|dollariraqi:1597|iqborsa:1594.5
2023-11-22,baghdad_kifah,1,1,1589.0,1590.0,1590.0,1590.0,0.0,0.0,,dollariraqi:1590
2023-11-22,basra,1,1,1590.0,1590.0,1590.0,1590.0,0.0,0.0,,dollariraqi:1590
2023-11-22,erbil,3,3,1586.5,1587.33,1586.0,1590.0,4.0,0.252,,dollar_price:1586|dollariraqi:1590|iqborsa:1586
2023-11-23,baghdad_generic,3,3,1594.67,1589.33,1586.0,1595.0,9.0,0.566,,dollar_price:1595|dollariraqi:1586|iqborsa:1587
2023-11-23,baghdad_kifah,1,1,1587.0,1587.0,1587.0,1587.0,0.0,0.0,,dollariraqi:1587
2023-11-23,basra,3,3,1594.67,1593.0,1589.0,1595.0,6.0,0.377,,dollar_price:1595|dollariraqi:1589|iqborsa:1595
2023-11-23,erbil,3,3,1593.67,1589.83,1588.0,1593.5,5.5,0.346,,dollar_price:1593.5|dollariraqi:1588|iqborsa:1588
2023-11-26,baghdad_generic,3,3,1570.0,1578.0,1569.0,1583.0,14.0,0.887,,dollar_price:1569|dollariraqi:1582|iqborsa:1583
2023-11-26,baghdad_harithiya,1,1,1579.0,1579.0,1579.0,1579.0,0.0,0.0,,dollariraqi:1579
2023-11-26,baghdad_kifah,1,1,1583.0,1583.0,1583.0,1583.0,0.0,0.0,,dollariraqi:1583
2023-11-26,basra,1,1,1576.5,1583.0,1583.0,1583.0,0.0,0.0,,dollariraqi:1583
2023-11-26,erbil,3,3,1574.5,1578.17,1577.0,1580.5,3.5,0.222,,dollar_price:1577|dollariraqi:1580.5|iqborsa:1577
2023-11-27,baghdad_generic,3,3,1580.0,1575.33,1569.5,1579.0,9.5,0.603,,dollar_price:1579|dollariraqi:1577.5|iqborsa:1569.5
2023-11-27,baghdad_kifah,1,1,1587.0,1581.0,1581.0,1581.0,0.0,0.0,,dollariraqi:1581
2023-11-27,basra,1,1,1588.0,1584.0,1584.0,1584.0,0.0,0.0,,dollariraqi:1584
2023-11-27,erbil,3,3,1582.17,1581.67,1580.0,1582.5,2.5,0.158,,dollar_price:1582.5|dollariraqi:1580|iqborsa:1582.5
2023-11-28,baghdad_generic,3,3,1574.5,1574.5,1574.5,1574.5,0.0,0.0,,dollar_price:1574.5|dollariraqi:1574.5|iqborsa:1574.5
2023-11-28,baghdad_kifah,1,1,1574.5,1574.5,1574.5,1574.5,0.0,0.0,,dollariraqi:1574.5
2023-11-28,basra,1,1,1582.0,1581.0,1581.0,1581.0,0.0,0.0,,dollariraqi:1581
2023-11-28,erbil,1,1,1573.0,1576.5,1576.5,1576.5,0.0,0.0,,dollariraqi:1576.5
2023-11-29,baghdad_generic,3,3,1576.67,1568.5,1564.5,1576.0,11.5,0.733,,dollar_price:1576|dollariraqi:1565|iqborsa:1564.5
2023-11-29,baghdad_harithiya,1,1,1566.0,1566.0,1566.0,1566.0,0.0,0.0,,dollariraqi:1566
2023-11-29,baghdad_kifah,1,1,1567.5,1567.5,1567.5,1567.5,0.0,0.0,,dollariraqi:1567.5
2023-11-29,basra,2,2,1576.0,1576.0,1570.0,1582.0,12.0,0.761,,dollar_price:1582|dollariraqi:1570
2023-11-29,erbil,3,3,1576.33,1574.0,1569.0,1577.0,8.0,0.508,,dollar_price:1577|dollariraqi:1569|iqborsa:1576
2023-11-30,baghdad_generic,3,3,1563.83,1562.67,1559.0,1564.5,5.5,0.352,,dollar_price:1564.5|dollariraqi:1559|iqborsa:1564.5
2023-11-30,baghdad_kifah,1,1,1570.0,1560.0,1560.0,1560.0,0.0,0.0,,dollariraqi:1560
2023-11-30,basra,1,1,1561.0,1560.0,1560.0,1560.0,0.0,0.0,,dollariraqi:1560
2023-11-30,erbil,3,3,1559.67,1557.17,1555.0,1561.5,6.5,0.417,,dollar_price:1555|dollariraqi:1561.5|iqborsa:1555
2023-11-30,hillah,1,1,1572.0,1572.0,1572.0,1572.0,0.0,0.0,,dollariraqi:1572
2023-12-03,baghdad_generic,3,3,1568.33,1570.67,1569.0,1573.0,4.0,0.255,,dollar_price:1569|dollariraqi:1570|iqborsa:1573
2023-12-03,baghdad_kifah,1,1,1569.0,1567.5,1567.5,1567.5,0.0,0.0,,dollariraqi:1567.5
2023-12-03,basra,1,1,1567.0,1569.0,1569.0,1569.0,0.0,0.0,,dollariraqi:1569
2023-12-03,erbil,3,3,1566.67,1567.0,1566.0,1569.0,3.0,0.191,,dollar_price:1566|dollariraqi:1569|iqborsa:1566
2023-12-04,baghdad_generic,3,3,1576.17,1576.17,1574.0,1577.5,3.5,0.222,,dollar_price:1577.5|dollariraqi:1577|iqborsa:1574
2023-12-04,baghdad_kifah,1,1,1574.0,1576.5,1576.5,1576.5,0.0,0.0,,dollariraqi:1576.5
2023-12-04,basra,3,3,1574.0,1575.67,1575.0,1577.0,2.0,0.127,,dollar_price:1575|dollariraqi:1577|iqborsa:1575
2023-12-04,erbil,3,3,1574.33,1574.33,1572.0,1576.5,4.5,0.286,,dollar_price:1574.5|dollariraqi:1576.5|iqborsa:1572
2023-12-05,baghdad_generic,3,3,1573.17,1570.17,1569.5,1571.0,1.5,0.096,,dollar_price:1569.5|dollariraqi:1570|iqborsa:1571
2023-12-05,baghdad_kifah,1,1,1573.5,1573.5,1573.5,1573.5,0.0,0.0,,dollariraqi:1573.5
2023-12-05,basra,3,3,1574.0,1571.67,1568.0,1573.5,5.5,0.35,,dollar_price:1573.5|dollariraqi:1568|iqborsa:1573.5
2023-12-05,erbil,3,3,1573.5,1570.5,1567.0,1573.0,6.0,0.382,,dollar_price:1573|dollariraqi:1571.5|iqborsa:1567
2023-12-06,baghdad_generic,3,3,1571.33,1571.5,1571.0,1572.0,1.0,0.064,,dollar_price:1571.5|dollariraqi:1571|iqborsa:1572
2023-12-06,baghdad_kifah,1,1,1572.0,1574.0,1574.0,1574.0,0.0,0.0,,dollariraqi:1574
2023-12-06,basra,3,3,1569.0,1570.17,1569.0,1572.5,3.5,0.223,,dollar_price:1569|dollariraqi:1572.5|iqborsa:1569
2023-12-06,erbil,3,3,1566.67,1567.17,1566.0,1569.5,3.5,0.223,,dollar_price:1566|dollariraqi:1569.5|iqborsa:1566
2023-12-07,baghdad_generic,3,3,1574.17,1574.83,1574.5,1575.0,0.5,0.032,,dollar_price:1574.5|dollariraqi:1575|iqborsa:1575
2023-12-07,baghdad_kifah,1,1,1575.0,1575.0,1575.0,1575.0,0.0,0.0,,dollariraqi:1575
2023-12-07,basra,2,2,1571.75,1571.75,1571.5,1572.0,0.5,0.032,,dollariraqi:1571.5|iqborsa:1572
2023-12-07,erbil,3,3,1571.17,1569.33,1568.5,1571.0,2.5,0.159,,dollar_price:1571|dollariraqi:1568.5|iqborsa:1568.5
2023-12-10,baghdad_generic,3,3,1572.83,1571.67,1571.0,1572.5,1.5,0.095,,dollar_price:1571.5|dollariraqi:1572.5|iqborsa:1571
2023-12-10,baghdad_kifah,1,1,1571.5,1571.5,1571.5,1571.5,0.0,0.0,,dollariraqi:1571.5
2023-12-10,basra,3,3,1573.83,1573.5,1573.5,1573.5,0.0,0.0,,dollar_price:1573.5|dollariraqi:1573.5|iqborsa:1573.5
2023-12-10,erbil,3,3,1571.33,1568.5,1567.0,1569.5,2.5,0.159,,dollar_price:1569.5|dollariraqi:1569|iqborsa:1567
2023-12-11,baghdad_generic,3,3,1573.17,1572.83,1572.0,1573.5,1.5,0.095,,dollar_price:1573.5|dollariraqi:1573|iqborsa:1572
2023-12-11,baghdad_samawal,1,1,1573.5,1573.5,1573.5,1573.5,0.0,0.0,,dollariraqi:1573.5
2023-12-11,basra,3,3,1573.5,1573.5,1572.5,1574.0,1.5,0.095,,dollar_price:1574|dollariraqi:1572.5|iqborsa:1574
2023-12-11,erbil,3,3,1570.83,1570.0,1567.0,1573.0,6.0,0.382,,dollar_price:1570|dollariraqi:1573|iqborsa:1567
2023-12-12,baghdad_generic,3,3,1572.83,1568.67,1566.5,1572.5,6.0,0.382,,dollar_price:1572.5|dollariraqi:1567|iqborsa:1566.5
2023-12-12,baghdad_kifah,1,1,1572.0,1573.0,1573.0,1573.0,0.0,0.0,,dollariraqi:1573
2023-12-12,basra,3,3,1575.33,1573.33,1569.0,1575.5,6.5,0.413,,dollar_price:1575.5|dollariraqi:1569|iqborsa:1575.5
2023-12-12,erbil,3,3,1571.5,1568.17,1567.5,1569.5,2.0,0.128,,dollar_price:1569.5|dollariraqi:1567.5|iqborsa:1567.5
2023-12-13,baghdad_generic,3,3,1561.67,1560.17,1559.0,1561.5,2.5,0.16,,dollar_price:1561.5|dollariraqi:1560|iqborsa:1559
2023-12-13,baghdad_kifah,1,1,1563.0,1563.0,1563.0,1563.0,0.0,0.0,,dollariraqi:1563
2023-12-13,basra,3,3,1563.33,1563.33,1562.0,1566.0,4.0,0.256,,dollar_price:1562|dollariraqi:1566|iqborsa:1562
2023-12-13,erbil,3,3,1560.67,1560.33,1559.0,1561.0,2.0,0.128,,dollar_price:1561|dollariraqi:1559|iqborsa:1561
2023-12-14,babil,1,1,1562.0,1562.0,1562.0,1562.0,0.0,0.0,,dollariraqi:1562
2023-12-14,baghdad_generic,3,3,1560.5,1559.0,1557.5,1561.0,3.5,0.225,,dollar_price:1558.5|dollariraqi:1561|iqborsa:1557.5
2023-12-14,baghdad_kifah,1,1,1562.0,1557.5,1557.5,1557.5,0.0,0.0,,dollariraqi:1557.5
2023-12-14,basra,1,1,1565.0,1565.0,1565.0,1565.0,0.0,0.0,,dollariraqi:1565
2023-12-14,erbil,3,3,1560.33,1558.0,1557.0,1558.5,1.5,0.096,,dollar_price:1558.5|dollariraqi:1557|iqborsa:1558.5
2023-12-17,baghdad_generic,3,3,1552.83,1543.5,1535.0,1551.5,16.5,1.069,,dollar_price:1551.5|dollariraqi:1535|iqborsa:1544
2023-12-17,baghdad_kifah,1,1,1561.5,1561.5,1561.5,1561.5,0.0,0.0,,dollariraqi:1561.5
2023-12-17,basra,3,3,1555.83,1551.67,1545.0,1555.0,10.0,0.644,,dollar_price:1555|dollariraqi:1545|iqborsa:1555
2023-12-17,erbil,3,3,1551.5,1544.67,1541.5,1548.5,7.0,0.453,,dollar_price:1548.5|dollariraqi:1541.5|iqborsa:1544
2023-12-18,baghdad_generic,3,3,1540.83,1539.5,1535.5,1543.5,8.0,0.52,,dollar_price:1543.5|dollariraqi:1535.5|iqborsa:1539.5
2023-12-18,basra,3,3,1545.0,1545.0,1540.0,1547.5,7.5,0.485,,dollar_price:1547.5|dollariraqi:1540|iqborsa:1547.5
2023-12-18,erbil,3,3,1537.33,1539.5,1537.0,1541.5,4.5,0.292,,dollar_price:1541.5|dollariraqi:1540|iqborsa:1537
2023-12-19,baghdad_generic,3,3,1543.67,1544.33,1544.0,1545.0,1.0,0.065,,dollar_price:1544|dollariraqi:1544|iqborsa:1545
2023-12-19,baghdad_kifah,1,1,1544.0,1544.0,1544.0,1544.0,0.0,0.0,,dollariraqi:1544
2023-12-19,basra,3,3,1542.67,1544.67,1540.0,1547.0,7.0,0.453,,dollar_price:1540|dollariraqi:1547|iqborsa:1547
2023-12-19,erbil,3,3,1539.0,1539.75,1539.5,1540.0,0.5,0.032,,dollar_price:1539.5|dollariraqi:1539.75|iqborsa:1540
2023-12-20,baghdad_generic,3,3,1540.83,1532.25,1530.0,1536.5,6.5,0.424,,dollar_price:1536.5|dollariraqi:1530.25|iqborsa:1530
2023-12-20,basra,3,3,1543.0,1540.0,1530.0,1545.0,15.0,0.974,,dollar_price:1545|dollariraqi:1530|iqborsa:1545
2023-12-20,erbil,3,3,1536.33,1531.17,1529.5,1532.0,2.5,0.163,,dollar_price:1532|dollariraqi:1529.5|iqborsa:1532
2023-12-21,baghdad_generic,3,3,1527.17,1525.0,1524.0,1526.0,2.0,0.131,,dollar_price:1525|dollariraqi:1526|iqborsa:1524
2023-12-21,baghdad_kifah,1,1,1523.0,1524.5,1524.5,1524.5,0.0,0.0,,dollariraqi:1524.5
2023-12-21,basra,1,1,1525.0,1523.0,1523.0,1523.0,0.0,0.0,,dollariraqi:1523
2023-12-21,erbil,2,2,1527.75,1528.0,1527.5,1528.5,1.0,0.065,,dollariraqi:1527.5|iqborsa:1528.5
2023-12-24,baghdad_generic,3,2,1512.0,1487.5,1486.0,1512.0,26.0,1.748,dollar_price,dollar_price:1512|dollariraqi:1486|iqborsa:1489
2023-12-24,basra,1,1,1510.0,1491.0,1491.0,1491.0,0.0,0.0,,dollariraqi:1491
2023-12-24,erbil,1,1,1511.5,1508.0,1508.0,1508.0,0.0,0.0,,dollariraqi:1508
2023-12-25,baghdad_generic,3,3,1488.0,1493.17,1493.0,1493.5,0.5,0.033,,dollar_price:1493|dollariraqi:1493|iqborsa:1493.5
2023-12-25,baghdad_kifah,1,1,1490.0,1490.0,1490.0,1490.0,0.0,0.0,,dollariraqi:1490
2023-12-25,basra,1,1,1491.0,1484.0,1484.0,1484.0,0.0,0.0,,dollariraqi:1484
2023-12-25,erbil,1,1,1494.0,1495.0,1495.0,1495.0,0.0,0.0,,dollariraqi:1495
2023-12-26,baghdad_generic,3,3,1509.67,1523.0,1520.0,1525.0,5.0,0.328,,dollar_price:1520|dollariraqi:1525|iqborsa:1524
2023-12-26,baghdad_kifah,1,1,1507.0,1531.0,1531.0,1531.0,0.0,0.0,,dollariraqi:1531
2023-12-26,baghdad_samawal,1,1,1537.0,1537.0,1537.0,1537.0,0.0,0.0,,dollariraqi:1537
2023-12-26,basra,1,1,1505.0,1526.0,1526.0,1526.0,0.0,0.0,,dollariraqi:1526
2023-12-26,erbil,3,3,1514.33,1522.67,1520.0,1528.0,8.0,0.525,,dollar_price:1520|dollariraqi:1528|iqborsa:1520
2023-12-27,baghdad_generic,3,3,1522.67,1517.0,1515.0,1521.0,6.0,0.396,,dollar_price:1521|dollariraqi:1515|iqborsa:1515
2023-12-27,baghdad_kifah,1,1,1522.0,1517.5,1517.5,1517.5,0.0,0.0,,dollariraqi:1517.5
2023-12-27,basra,1,1,1520.0,1516.5,1516.5,1516.5,0.0,0.0,,dollariraqi:1516.5
2023-12-27,erbil,1,1,1522.5,1518.5,1518.5,1518.5,0.0,0.0,,dollariraqi:1518.5
2023-12-28,baghdad_generic,3,3,1518.67,1523.83,1520.0,1527.0,7.0,0.459,,dollar_price:1527|dollariraqi:1520|iqborsa:1524.5
2023-12-28,baghdad_kifah,1,1,1521.0,1525.0,1525.0,1525.0,0.0,0.0,,dollariraqi:1525
2023-12-28,basra,1,1,1521.5,1521.5,1521.5,1521.5,0.0,0.0,,dollariraqi:1521.5
2023-12-28,erbil,3,3,1517.33,1520.0,1518.0,1524.0,6.0,0.395,,dollar_price:1518|dollariraqi:1524|iqborsa:1518
2023-12-31,baghdad_generic,3,3,1525.17,1523.97,1522.4,1525.0,2.6,0.171,,dollar_price:1525|dollariraqi:1522.4|iqborsa:1524.5
2023-12-31,baghdad_kifah,1,1,1525.5,1525.5,1525.5,1525.5,0.0,0.0,,dollariraqi:1525.5
2023-12-31,basra,1,1,1525.0,1523.0,1523.0,1523.0,0.0,0.0,,dollariraqi:1523
2023-12-31,erbil,3,3,1523.0,1523.0,1523.0,1523.0,0.0,0.0,,dollar_price:1523|dollariraqi:1523|iqborsa:1523
2024-01-01,baghdad_generic,3,3,1524.0,1523.83,1523.0,1524.5,1.5,0.098,,dollar_price:1524.5|dollariraqi:1523|iqborsa:1524
2024-01-02,baghdad_generic,3,3,1527.17,1526.67,1526.0,1527.0,1.0,0.066,,dollar_price:1527|dollariraqi:1527|iqborsa:1526
2024-01-02,baghdad_kifah,1,1,1524.5,1529.0,1529.0,1529.0,0.0,0.0,,dollariraqi:1529
2024-01-02,basra,3,3,1526.83,1526.83,1526.5,1527.0,0.5,0.033,,dollar_price:1527|dollariraqi:1526.5|iqborsa:1527
2024-01-02,erbil,2,2,1526.75,1525.75,1524.5,1527.0,2.5,0.164,,dollar_price:1527|iqborsa:1524.5
2024-01-03,baghdad_generic,3,3,1526.0,1525.83,1525.0,1527.5,2.5,0.164,,dollar_price:1525|dollariraqi:1527.5|iqborsa:1525
2024-01-03,baghdad_kifah,1,1,1526.0,1526.0,1526.0,1526.0,0.0,0.0,,dollariraqi:1526
2024-01-03,basra,1,1,1526.0,1527.0,1527.0,1527.0,0.0,0.0,,dollariraqi:1527
2024-01-03,erbil,3,3,1528.33,1526.0,1523.0,1529.5,6.5,0.426,,dollar_price:1529.5|dollariraqi:1525.5|iqborsa:1523
2024-01-04,baghdad_generic,3,3,1526.0,1532.33,1526.0,1536.0,10.0,0.653,,dollar_price:1526|dollariraqi:1536|iqborsa:1535
2024-01-04,baghdad_kifah,1,1,1531.5,1532.5,1532.5,1532.5,0.0,0.0,,dollariraqi:1532.5
2024-01-04,basra,3,3,1526.5,1530.17,1526.5,1537.5,11.0,0.719,,dollar_price:1526.5|dollariraqi:1537.5|iqborsa:1526.5
2024-01-04,erbil,3,3,1524.5,1530.67,1525.0,1533.5,8.5,0.555,,dollar_price:1525|dollariraqi:1533.5|iqborsa:1533.5
2024-01-07,baghdad_generic,3,3,1525.83,1529.67,1526.5,1531.5,5.0,0.327,,dollar_price:1526.5|dollariraqi:1531|iqborsa:1531.5
2024-01-07,basra,2,2,1528.0,1528.0,1528.0,1528.0,0.0,0.0,,dollar_price:1528|iqborsa:1528
2024-01-07,erbil,3,3,1525.0,1524.67,1524.0,1525.0,1.0,0.066,,dollar_price:1525|dollariraqi:1525|iqborsa:1524
2024-01-08,baghdad_generic,3,3,1531.5,1535.0,1532.5,1536.5,4.0,0.261,,dollar_price:1532.5|dollariraqi:1536|iqborsa:1536.5
2024-01-08,baghdad_kifah,1,1,1534.5,1537.0,1537.0,1537.0,0.0,0.0,,dollariraqi:1537
2024-01-08,basra,2,2,1530.5,1530.5,1530.5,1530.5,0.0,0.0,,dollar_price:1530.5|iqborsa:1530.5
2024-01-08,erbil,3,3,1529.33,1530.67,1528.5,1535.0,6.5,0.425,,dollar_price:1528.5|dollariraqi:1535|iqborsa:1528.5
2024-01-09,baghdad_generic,3,3,1538.5,1537.83,1535.0,1541.5,6.5,0.423,,dollar_price:1541.5|dollariraqi:1535|iqborsa:1537
2024-01-09,baghdad_kifah,1,1,1536.0,1539.0,1539.0,1539.0,0.0,0.0,,dollariraqi:1539
2024-01-09,basra,3,3,1537.0,1537.67,1537.0,1539.0,2.0,0.13,,dollar_price:1537|dollariraqi:1539|iqborsa:1537
2024-01-09,erbil,3,3,1535.0,1536.0,1535.0,1538.0,3.0,0.195,,dollar_price:1538|dollariraqi:1535|iqborsa:1535
2024-01-10,baghdad_generic,3,3,1542.67,1539.0,1536.5,1542.0,5.5,0.357,,dollar_price:1542|dollariraqi:1536.5|iqborsa:1538.5
2024-01-10,baghdad_kifah,1,1,1543.0,1543.0,1543.0,1543.0,0.0,0.0,,dollariraqi:1543
2024-01-10,basra,1,1,1543.0,1539.0,1539.0,1539.0,0.0,0.0,,dollariraqi:1539
2024-01-10,erbil,3,3,1540.33,1540.0,1539.0,1542.0,3.0,0.195,,dollar_price:1539|dollariraqi:1542|iqborsa:1539
2024-01-11,babil,1,1,1535.0,1535.0,1535.0,1535.0,0.0,0.0,,dollariraqi:1535
2024-01-11,baghdad_generic,3,3,1537.83,1531.83,1527.5,1538.5,11.0,0.718,,dollar_price:1538.5|dollariraqi:1527.5|iqborsa:1529.5
2024-01-11,baghdad_kifah,1,1,1539.0,1534.5,1534.5,1534.5,0.0,0.0,,dollariraqi:1534.5
2024-01-11,baghdad_samawal,1,1,1536.0,1536.0,1536.0,1536.0,0.0,0.0,,dollariraqi:1536
2024-01-11,basra,1,1,1536.0,1530.0,1530.0,1530.0,0.0,0.0,,dollariraqi:1530
2024-01-11,erbil,3,3,1537.33,1534.0,1531.0,1538.5,7.5,0.489,,dollar_price:1538.5|dollariraqi:1532.5|iqborsa:1531
2024-01-14,baghdad_generic,3,3,1530.67,1528.67,1522.5,1538.0,15.5,1.014,,dollar_price:1538|dollariraqi:1522.5|iqborsa:1525.5
2024-01-14,baghdad_kifah,1,1,1528.0,1525.5,1525.5,1525.5,0.0,0.0,,dollariraqi:1525.5
2024-01-14,basra,3,3,1531.0,1529.33,1526.0,1531.0,5.0,0.327,,dollar_price:1531|dollariraqi:1526|iqborsa:1531
2024-01-14,erbil,3,3,1530.33,1530.5,1524.0,1537.5,13.5,0.882,,dollar_price:1537.5|dollariraqi:1530|iqborsa:1524
2024-01-15,baghdad_generic,3,3,1524.0,1527.5,1525.0,1529.0,4.0,0.262,,dollar_price:1525|dollariraqi:1528.5|iqborsa:1529
2024-01-15,baghdad_kifah,1,1,1524.5,1525.5,1525.5,1525.5,0.0,0.0,,dollariraqi:1525.5
2024-01-15,basra,3,3,1527.33,1527.67,1527.0,1529.0,2.0,0.131,,dollar_price:1527|dollariraqi:1529|iqborsa:1527
2024-01-15,erbil,3,3,1523.0,1523.17,1521.5,1526.5,5.0,0.328,,dollar_price:1521.5|dollariraqi:1526.5|iqborsa:1521.5
2024-01-16,baghdad_generic,3,3,1530.5,1524.33,1518.0,1529.0,11.0,0.722,,dollar_price:1529|dollariraqi:1518|iqborsa:1526
2024-01-16,basra,3,3,1532.67,1530.33,1525.0,1533.0,8.0,0.523,,dollar_price:1533|dollariraqi:1525|iqborsa:1533
2024-01-16,erbil,3,3,1524.67,1523.67,1522.0,1527.0,5.0,0.328,,dollar_price:1522|dollariraqi:1527|iqborsa:1522
2024-01-17,baghdad_generic,3,3,1524.5,1518.67,1515.0,1524.0,9.0,0.593,,dollar_price:1524|dollariraqi:1515|iqborsa:1517
2024-01-17,baghdad_kifah,1,1,1524.0,1523.5,1523.5,1523.5,0.0,0.0,,dollariraqi:1523.5
2024-01-17,basra,1,1,1526.0,1518.0,1518.0,1518.0,0.0,0.0,,dollariraqi:1518
2024-01-17,erbil,3,3,1521.33,1521.83,1521.5,1522.5,1.0,0.066,,dollar_price:1521.5|dollariraqi:1522.5|iqborsa:1521.5
2024-01-18,baghdad_generic,3,3,1518.33,1521.17,1521.0,1521.5,0.5,0.033,,dollar_price:1521|dollariraqi:1521|iqborsa:1521.5
2024-01-18,basra,3,3,1523.33,1523.33,1522.5,1525.0,2.5,0.164,,dollar_price:1522.5|dollariraqi:1525|iqborsa:1522.5
2024-01-18,erbil,3,3,1516.17,1518.83,1518.0,1520.5,2.5,0.165,,dollar_price:1518|dollariraqi:1520.5|iqborsa:1518
2024-01-21,baghdad_generic,3,3,1520.83,1515.83,1511.5,1520.0,8.5,0.561,,dollar_price:1520|dollariraqi:1511.5|iqborsa:1516
2024-01-21,baghdad_kifah,1,1,1519.5,1519.5,1519.5,1519.5,0.0,0.0,,dollariraqi:1519.5
2024-01-21,basra,3,3,1524.67,1521.67,1515.0,1525.0,10.0,0.657,,dollar_price:1525|dollariraqi:1515|iqborsa:1525
2024-01-21,erbil,3,3,1517.5,1516.67,1515.0,1517.5,2.5,0.165,,dollar_price:1517.5|dollariraqi:1515|iqborsa:1517.5
2024-01-22,baghdad_generic,3,3,1513.5,1512.33,1510.0,1514.0,4.0,0.264,,dollar_price:1514|dollariraqi:1513|iqborsa:1510
2024-01-22,baghdad_kifah,1,1,1513.0,1510.0,1510.0,1510.0,0.0,0.0,,dollariraqi:1510
2024-01-22,basra,3,3,1517.5,1517.5,1517.5,1517.5,0.0,0.0,,dollar_price:1517.5|dollariraqi:1517.5|iqborsa:1517.5
2024-01-22,erbil,3,3,1512.33,1509.0,1507.0,1512.5,5.5,0.364,,dollar_price:1512.5|dollariraqi:1507.5|iqborsa:1507
2024-01-23,baghdad_generic,3,3,1510.67,1508.0,1507.0,1509.0,2.0,0.133,,dollar_price:1509|dollariraqi:1507|iqborsa:1508
2024-01-23,baghdad_kifah,1,1,1513.0,1513.0,1513.0,1513.0,0.0,0.0,,dollariraqi:1513
2024-01-23,basra,3,3,1513.33,1512.33,1509.0,1514.0,5.0,0.331,,dollar_price:1514|dollariraqi:1509|iqborsa:1514
2024-01-23,erbil,3,3,1510.17,1507.33,1506.0,1509.0,3.0,0.199,,dollar_price:1507|dollariraqi:1509|iqborsa:1506
2024-01-24,baghdad_generic,3,3,1509.83,1513.0,1512.0,1514.0,2.0,0.132,,dollar_price:1512|dollariraqi:1513|iqborsa:1514
2024-01-24,baghdad_kifah,1,1,1510.0,1510.0,1510.0,1510.0,0.0,0.0,,dollariraqi:1510
2024-01-24,basra,3,3,1514.0,1515.0,1514.0,1517.0,3.0,0.198,,dollar_price:1514|dollariraqi:1517|iqborsa:1514
2024-01-24,erbil,3,3,1507.67,1509.83,1508.0,1513.5,5.5,0.364,,dollar_price:1508|dollariraqi:1513.5|iqborsa:1508
2024-01-25,baghdad_generic,3,3,1515.17,1514.83,1514.0,1515.5,1.5,0.099,,dollar_price:1514|dollariraqi:1515|iqborsa:1515.5
2024-01-25,basra,3,3,1519.67,1519.67,1519.0,1520.0,1.0,0.066,,dollar_price:1520|dollariraqi:1519|iqborsa:1520
2024-01-25,erbil,3,3,1513.0,1513.0,1512.5,1514.0,1.5,0.099,,dollar_price:1512.5|dollariraqi:1514|iqborsa:1512.5
2024-01-28,baghdad_generic,3,3,1509.0,1510.17,1507.0,1512.5,5.5,0.364,,dollar_price:1507|dollariraqi:1512.5|iqborsa:1511
2024-01-28,baghdad_kifah,1,1,1509.0,1509.5,1509.5,1509.5,0.0,0.0,,dollariraqi:1509.5
2024-01-28,basra,2,2,1508.0,1513.0,1512.0,1514.0,2.0,0.132,,dollar_price:1512|dollariraqi:1514
2024-01-28,erbil,2,2,1508.75,1509.0,1508.0,1510.0,2.0,0.133,,dollar_price:1508|dollariraqi:1510
2024-01-29,babil,1,1,1515.0,1515.0,1515.0,1515.0,0.0,0.0,,dollariraqi:1515
2024-01-29,baghdad_generic,3,3,1513.5,1517.0,1513.0,1520.0,7.0,0.461,,dollar_price:1513|dollariraqi:1518|iqborsa:1520
2024-01-29,baghdad_kifah,1,1,1514.5,1516.0,1516.0,1516.0,0.0,0.0,,dollariraqi:1516
2024-01-29,basra,3,3,1516.0,1518.67,1516.0,1520.0,4.0,0.263,,dollar_price:1516|dollariraqi:1520|iqborsa:1520
2024-01-29,erbil,3,3,1512.17,1516.5,1511.5,1520.0,8.5,0.561,,dollar_price:1511.5|dollariraqi:1518|iqborsa:1520
2024-01-30,baghdad_generic,3,3,1519.67,1526.25,1518.75,1533.0,14.25,0.934,,dollar_price:1533|dollariraqi:1518.75|iqborsa:1527
2024-01-30,baghdad_kifah,1,1,1520.0,1527.0,1527.0,1527.0,0.0,0.0,,dollariraqi:1527
2024-01-30,basra,3,3,1523.0,1526.67,1524.0,1532.0,8.0,0.524,,dollar_price:1524|dollariraqi:1532|iqborsa:1524
2024-01-30,erbil,3,3,1523.33,1530.33,1529.0,1531.0,2.0,0.131,,dollar_price:1531|dollariraqi:1529|iqborsa:1531
2024-01-31,baghdad_generic,3,3,1526.5,1522.5,1519.0,1527.5,8.5,0.558,,dollar_price:1527.5|dollariraqi:1519|iqborsa:1521
2024-01-31,baghdad_kifah,1,1,1528.0,1527.0,1527.0,1527.0,0.0,0.0,,dollariraqi:1527
2024-01-31,basra,2,2,1530.5,1526.5,1521.0,1532.0,11.0,0.721,,dollariraqi:1521|iqborsa:1532
2024-01-31,erbil,3,3,1526.5,1521.0,1516.0,1526.0,10.0,0.657,,dollar_price:1526|dollariraqi:1516|iqborsa:1521
2024-02-01,babil,1,1,1524.0,1524.0,1524.0,1524.0,0.0,0.0,,dollariraqi:1524
2024-02-01,baghdad_generic,3,3,1522.0,1522.7,1519.6,1526.0,6.4,0.42,,dollar_price:1526|dollariraqi:1519.6|iqborsa:1522.5
2024-02-01,baghdad_kifah,1,1,1522.5,1522.0,1522.0,1522.0,0.0,0.0,,dollariraqi:1522
2024-02-01,basra,3,3,1526.33,1525.5,1522.5,1527.0,4.5,0.295,,dollar_price:1527|dollariraqi:1522.5|iqborsa:1527
2024-02-01,erbil,3,3,1518.0,1519.67,1519.0,1520.0,1.0,0.066,,dollar_price:1520|dollariraqi:1519|iqborsa:1520
2024-02-04,baghdad_generic,3,3,1520.0,1521.67,1519.0,1525.0,6.0,0.394,,dollar_price:1521|dollariraqi:1519|iqborsa:1525
2024-02-04,baghdad_kifah,1,1,1523.5,1523.5,1523.5,1523.5,0.0,0.0,,dollariraqi:1523.5
2024-02-04,basra,3,3,1524.33,1523.0,1522.0,1525.0,3.0,0.197,,dollar_price:1522|dollariraqi:1525|iqborsa:1522
2024-02-04,erbil,3,3,1518.17,1516.5,1516.0,1517.5,1.5,0.099,,dollar_price:1516|dollariraqi:1517.5|iqborsa:1516
2024-02-05,baghdad_generic,3,3,1524.33,1521.67,1519.0,1525.0,6.0,0.394,,dollar_price:1525|dollariraqi:1521|iqborsa:1519
2024-02-05,basra,3,3,1525.0,1523.67,1521.0,1525.0,4.0,0.263,,dollar_price:1525|dollariraqi:1521|iqborsa:1525
2024-02-05,erbil,3,3,1520.5,1519.5,1516.5,1521.0,4.5,0.296,,dollar_price:1521|dollariraqi:1516.5|iqborsa:1521
2024-02-06,baghdad_generic,3,3,1520.67,1520.83,1520.0,1521.5,1.5,0.099,,dollar_price:1521|dollariraqi:1520|iqborsa:1521.5
2024-02-06,erbil,2,2,1517.25,1517.75,1517.5,1518.0,0.5,0.033,,dollariraqi:1517.5|iqborsa:1518
2024-02-07,baghdad_generic,3,3,1522.83,1522.5,1522.0,1523.5,1.5,0.099,,dollar_price:1523.5|dollariraqi:1522|iqborsa:1522
2024-02-07,baghdad_kifah,1,1,1523.0,1522.0,1522.0,1522.0,0.0,0.0,,dollariraqi:1522
2024-02-07,basra,1,1,1524.5,1524.5,1524.5,1524.5,0.0,0.0,,dollariraqi:1524.5
2024-02-07,erbil,3,3,1519.17,1518.17,1517.5,1519.0,1.5,0.099,,dollar_price:1519|dollariraqi:1517.5|iqborsa:1518
2024-02-08,baghdad_generic,3,3,1522.33,1522.75,1521.75,1523.5,1.75,0.115,,dollar_price:1523.5|dollariraqi:1521.75|iqborsa:1523
2024-02-08,basra,1,1,1525.0,1524.5,1524.5,1524.5,0.0,0.0,,dollariraqi:1524.5
2024-02-08,erbil,3,3,1518.67,1519.0,1518.0,1519.5,1.5,0.099,,dollar_price:1518|dollariraqi:1519.5|iqborsa:1519.5
2024-02-11,baghdad_generic,3,3,1524.5,1521.58,1519.25,1523.5,4.25,0.279,,dollar_price:1522|dollariraqi:1519.25|iqborsa:1523.5
2024-02-11,baghdad_kifah,1,1,1526.5,1526.5,1526.5,1526.5,0.0,0.0,,dollariraqi:1526.5
2024-02-11,basra,3,3,1529.33,1526.83,1522.5,1529.0,6.5,0.426,,dollar_price:1529|dollariraqi:1522.5|iqborsa:1529
2024-02-11,erbil,3,3,1522.0,1520.0,1519.0,1522.0,3.0,0.197,,dollar_price:1519|dollariraqi:1522|iqborsa:1519
2024-02-12,baghdad_generic,2,2,1520.25,1521.75,1519.5,1524.0,4.5,0.296,,dollariraqi:1519.5|iqborsa:1524
2024-02-12,baghdad_kifah,1,1,1524.0,1523.0,1523.0,1523.0,0.0,0.0,,dollariraqi:1523
2024-02-12,basra,2,2,1523.5,1523.5,1523.5,1523.5,0.0,0.0,,dollariraqi:1523.5|iqborsa:1523.5
2024-02-12,erbil,2,2,1518.75,1519.5,1518.0,1521.0,3.0,0.197,,dollariraqi:1521|iqborsa:1518
2024-02-13,baghdad_generic,2,2,1523.25,1522.75,1522.5,1523.0,0.5,0.033,,dollar_price:1522.5|iqborsa:1523
2024-02-13,baghdad_kifah,1,1,1522.5,1523.0,1523.0,1523.0,0.0,0.0,,dollariraqi:1523
2024-02-13,basra,3,3,1524.67,1524.0,1524.0,1524.0,0.0,0.0,,dollar_price:1524|dollariraqi:1524|iqborsa:1524
2024-02-13,erbil,3,3,1519.75,1520.0,1520.0,1520.0,0.0,0.0,,dollar_price:1520|dollariraqi:1520|iqborsa:1520
2024-02-14,baghdad_generic,3,3,1523.0,1522.83,1522.5,1523.0,0.5,0.033,,dollar_price:1523|dollariraqi:1523|iqborsa:1522.5
2024-02-14,baghdad_kifah,1,1,1522.5,1523.0,1523.0,1523.0,0.0,0.0,,dollariraqi:1523
2024-02-14,basra,3,3,1524.83,1524.67,1524.0,1525.0,1.0,0.066,,dollar_price:1525|dollariraqi:1524|iqborsa:1525
2024-02-14,erbil,3,3,1520.67,1521.33,1521.0,1522.0,1.0,0.066,,dollar_price:1521|dollariraqi:1522|iqborsa:1521
2024-02-15,baghdad_generic,3,3,1523.67,1523.83,1521.5,1526.0,4.5,0.295,,dollar_price:1524|dollariraqi:1521.5|iqborsa:1526
2024-02-15,baghdad_kifah,1,1,1523.0,1524.0,1524.0,1524.0,0.0,0.0,,dollariraqi:1524
2024-02-15,basra,1,1,1524.5,1524.0,1524.0,1524.0,0.0,0.0,,dollariraqi:1524
2024-02-15,erbil,1,1,1520.0,1523.0,1523.0,1523.0,0.0,0.0,,dollariraqi:1523
2024-02-18,baghdad_generic,3,3,1523.83,1522.42,1520.25,1524.0,3.75,0.246,,dollar_price:1524|dollariraqi:1520.25|iqborsa:1523
2024-02-18,baghdad_kifah,1,1,1523.0,1522.5,1522.5,1522.5,0.0,0.0,,dollariraqi:1522.5
2024-02-18,basra,3,3,1525.0,1524.33,1523.0,1525.0,2.0,0.131,,dollar_price:1525|dollariraqi:1523|iqborsa:1525
2024-02-18,erbil,3,3,1522.17,1521.83,1521.5,1522.0,0.5,0.033,,dollar_price:1522|dollariraqi:1521.5|iqborsa:1522
2024-02-19,baghdad_generic,3,3,1523.17,1521.33,1519.0,1523.0,4.0,0.263,,dollar_price:1523|dollariraqi:1519|iqborsa:1522
2024-02-19,baghdad_karrada,1,1,1522.5,1522.5,1522.5,1522.5,0.0,0.0,,dollariraqi:1522.5
2024-02-19,baghdad_kifah,1,1,1523.0,1523.0,1523.0,1523.0,0.0,0.0,,dollariraqi:1523
2024-02-19,baghdad_shorja,1,1,1523.0,1523.0,1523.0,1523.0,0.0,0.0,,dollariraqi:1523
2024-02-19,basra,3,3,1525.0,1524.0,1522.0,1525.0,3.0,0.197,,dollar_price:1525|dollariraqi:1522|iqborsa:1525
2024-02-19,erbil,3,3,1520.5,1521.17,1521.0,1521.5,0.5,0.033,,dollar_price:1521|dollariraqi:1521.5|iqborsa:1521
2024-02-20,baghdad_generic,2,2,1521.25,1521.5,1521.0,1522.0,1.0,0.066,,dollar_price:1521|iqborsa:1522
2024-02-20,baghdad_harithiya,1,1,1520.0,1520.0,1520.0,1520.0,0.0,0.0,,dollariraqi:1520
2024-02-20,baghdad_karrada,1,1,1519.5,1519.5,1519.5,1519.5,0.0,0.0,,dollariraqi:1519.5
2024-02-20,baghdad_kifah,1,1,1521.0,1522.5,1522.5,1522.5,0.0,0.0,,dollariraqi:1522.5
2024-02-20,baghdad_shorja,1,1,1521.5,1521.5,1521.5,1521.5,0.0,0.0,,dollariraqi:1521.5
2024-02-20,basra,3,3,1524.0,1524.0,1524.0,1524.0,0.0,0.0,,dollar_price:1524|dollariraqi:1524|iqborsa:1524
2024-02-20,erbil,3,3,1518.75,1519.0,1518.5,1520.0,1.5,0.099,,dollar_price:1518.5|dollariraqi:1520|iqborsa:1518.5
2024-02-21,baghdad_generic,3,3,1522.83,1522.83,1522.5,1523.0,0.5,0.033,,dollar_price:1523|dollariraqi:1522.5|iqborsa:1523
2024-02-21,baghdad_kifah,1,1,1522.5,1523.0,1523.0,1523.0,0.0,0.0,,dollariraqi:1523
2024-02-21,basra,1,1,1524.0,1523.0,1523.0,1523.0,0.0,0.0,,dollariraqi:1523
2024-02-21,erbil,1,1,1521.5,1520.5,1520.5,1520.5,0.0,0.0,,dollariraqi:1520.5
2024-02-22,baghdad_generic,2,2,1521.25,1518.13,1516.75,1519.5,2.75,0.181,,dollariraqi:1516.75|iqborsa:1519.5
2024-02-22,baghdad_kifah,1,1,1522.0,1519.0,1519.0,1519.0,0.0,0.0,,dollariraqi:1519
2024-02-22,basra,1,1,1523.0,1519.5,1519.5,1519.5,0.0,0.0,,dollariraqi:1519.5
2024-02-22,erbil,2,2,1519.0,1517.63,1517.5,1517.75,0.25,0.016,,dollariraqi:1517.75|iqborsa:1517.5
2024-02-25,baghdad_generic,3,3,1514.33,1511.83,1508.5,1515.0,6.5,0.43,,dollar_price:1515|dollariraqi:1508.5|iqborsa:1512
2024-02-25,baghdad_harithiya,1,1,1509.5,1509.5,1509.5,1509.5,0.0,0.0,,dollariraqi:1509.5
2024-02-25,basra,3,3,1516.0,1514.0,1510.0,1516.0,6.0,0.396,,dollar_price:1516|dollariraqi:1510|iqborsa:1516
2024-02-25,erbil,3,3,1512.67,1510.17,1508.5,1513.5,5.0,0.331,,dollar_price:1513.5|dollariraqi:1508.5|iqborsa:1508.5
2024-02-26,baghdad_generic,2,2,1512.5,1514.0,1514.0,1514.0,0.0,0.0,,dollar_price:1514|iqborsa:1514
2024-02-26,baghdad_karrada,1,1,1509.5,1509.5,1509.5,1509.5,0.0,0.0,,dollariraqi:1509.5
2024-02-26,baghdad_kifah,1,1,1512.0,1513.5,1513.5,1513.5,0.0,0.0,,dollariraqi:1513.5
2024-02-26,basra,3,3,1514.5,1515.5,1514.5,1516.0,1.5,0.099,,dollar_price:1516|dollariraqi:1514.5|iqborsa:1516
2024-02-26,erbil,3,3,1510.5,1512.17,1511.5,1513.0,1.5,0.099,,dollar_price:1512|dollariraqi:1511.5|iqborsa:1513
2024-02-27,baghdad_generic,2,2,1515.0,1513.0,1511.0,1515.0,4.0,0.264,,dollar_price:1515|iqborsa:1511
2024-02-27,baghdad_harithiya,1,1,1513.5,1513.5,1513.5,1513.5,0.0,0.0,,dollariraqi:1513.5
2024-02-27,baghdad_karrada,1,1,1514.5,1514.0,1514.0,1514.0,0.0,0.0,,dollariraqi:1514
2024-02-27,baghdad_kifah,1,1,1514.5,1513.0,1513.0,1513.0,0.0,0.0,,dollariraqi:1513
2024-02-27,basra,3,3,1516.5,1516.5,1516.5,1516.5,0.0,0.0,,dollar_price:1516.5|dollariraqi:1516.5|iqborsa:1516.5
2024-02-27,erbil,3,3,1512.75,1512.33,1510.0,1513.5,3.5,0.231,,dollar_price:1513.5|dollariraqi:1510|iqborsa:1513.5
2024-02-28,babil,1,1,1510.0,1510.0,1510.0,1510.0,0.0,0.0,,dollariraqi:1510
2024-02-28,baghdad_generic,1,1,1510.0,1509.0,1509.0,1509.0,0.0,0.0,,iqborsa:1509
2024-02-28,baghdad_harithiya,1,1,1509.5,1509.5,1509.5,1509.5,0.0,0.0,,dollariraqi:1509.5
2024-02-28,baghdad_karrada,1,1,1509.5,1507.0,1507.0,1507.0,0.0,0.0,,dollariraqi:1507
2024-02-28,baghdad_kifah,1,1,1510.0,1508.5,1508.5,1508.5,0.0,0.0,,dollariraqi:1508.5
2024-02-28,baghdad_shorja,1,1,1508.0,1508.0,1508.0,1508.0,0.0,0.0,,dollariraqi:1508
2024-02-28,basra,2,2,1512.0,1511.5,1510.0,1513.0,3.0,0.198,,dollariraqi:1510|iqborsa:1513
2024-02-28,erbil,2,2,1506.5,1507.25,1507.0,1507.5,0.5,0.033,,dollariraqi:1507.5|iqborsa:1507
2024-02-29,baghdad_generic,2,2,1508.75,1509.5,1508.5,1510.5,2.0,0.132,,dollar_price:1508.5|iqborsa:1510.5
2024-02-29,baghdad_karrada,1,1,1508.5,1508.5,1508.5,1508.5,0.0,0.0,,dollariraqi:1508.5
2024-02-29,baghdad_kifah,1,1,1509.5,1509.0,1509.0,1509.0,0.0,0.0,,dollariraqi:1509
2024-02-29,basra,3,3,1511.0,1511.0,1511.0,1511.0,0.0,0.0,,dollar_price:1511|dollariraqi:1511|iqborsa:1511
2024-02-29,erbil,3,3,1507.33,1508.5,1508.5,1508.5,0.0,0.0,,dollar_price:1508.5|dollariraqi:1508.5|iqborsa:1508.5
2024-03-03,baghdad_generic,3,3,1503.0,1500.33,1496.0,1504.0,8.0,0.533,,dollar_price:1504|dollariraqi:1501|iqborsa:1496
2024-03-03,baghdad_karrada,1,1,1502.0,1502.0,1502.0,1502.0,0.0,0.0,,dollariraqi:1502
2024-03-03,baghdad_kifah,1,1,1502.5,1502.5,1502.5,1502.5,0.0,0.0,,dollariraqi:1502.5
2024-03-03,baghdad_samawal,1,1,1502.0,1502.0,1502.0,1502.0,0.0,0.0,,dollariraqi:1502
2024-03-03,basra,3,3,1507.0,1505.0,1504.0,1507.0,3.0,0.199,,dollar_price:1507|dollariraqi:1504|iqborsa:1504
2024-03-03,erbil,3,3,1503.5,1503.0,1501.0,1504.0,3.0,0.2,,dollar_price:1504|dollariraqi:1501|iqborsa:1504
2024-03-04,baghdad_generic,1,1,1495.0,1499.0,1499.0,1499.0,0.0,0.0,,iqborsa:1499
2024-03-04,baghdad_kifah,1,1,1495.0,1499.0,1499.0,1499.0,0.0,0.0,,dollariraqi:1499
2024-03-04,basra,2,2,1495.5,1500.5,1499.0,1502.0,3.0,0.2,,dollariraqi:1499|iqborsa:1502
2024-03-04,erbil,2,2,1494.0,1501.5,1500.0,1503.0,3.0,0.2,,dollariraqi:1500|iqborsa:1503
2024-03-05,baghdad_generic,2,2,1500.0,1501.5,1499.0,1504.0,5.0,0.333,,dollar_price:1499|iqborsa:1504
2024-03-05,baghdad_kifah,1,1,1501.0,1504.5,1504.5,1504.5,0.0,0.0,,dollariraqi:1504.5
2024-03-05,basra,2,2,1502.5,1503.75,1502.5,1505.0,2.5,0.166,,dollariraqi:1505|iqborsa:1502.5
2024-03-05,erbil,2,2,1501.5,1502.5,1502.0,1503.0,1.0,0.067,,dollariraqi:1502|iqborsa:1503
2024-03-06,baghdad_generic,3,3,1506.83,1502.17,1498.5,1506.0,7.5,0.499,,dollar_price:1506|dollariraqi:1498.5|iqborsa:1502
2024-03-06,baghdad_kifah,1,1,1509.0,1507.5,1507.5,1507.5,0.0,0.0,,dollariraqi:1507.5
2024-03-06,basra,3,3,1508.33,1506.67,1502.0,1509.0,7.0,0.465,,dollar_price:1509|dollariraqi:1502|iqborsa:1509
2024-03-06,erbil,3,3,1505.5,1503.5,1499.5,1505.5,6.0,0.399,,dollar_price:1505.5|dollariraqi:1505.5|iqborsa:1499.5
2024-03-07,baghdad_generic,2,2,1503.0,1501.5,1501.5,1501.5,0.0,0.0,,dollar_price:1501.5|iqborsa:1501.5
2024-03-07,baghdad_harithiya,1,1,1505.0,1502.0,1502.0,1502.0,0.0,0.0,,dollariraqi:1502
2024-03-07,baghdad_kifah,1,1,1504.0,1504.0,1504.0,1504.0,0.0,0.0,,dollariraqi:1504
2024-03-07,baghdad_shorja,1,1,1503.5,1503.5,1503.5,1503.5,0.0,0.0,,dollariraqi:1503.5
2024-03-07,basra,3,3,1506.33,1506.33,1505.0,1507.0,2.0,0.133,,dollar_price:1507|dollariraqi:1505|iqborsa:1507
2024-03-07,erbil,3,3,1502.17,1501.0,1500.0,1502.0,2.0,0.133,,dollar_price:1502|dollariraqi:1501|iqborsa:1500
2024-03-10,baghdad_generic,2,2,1499.5,1500.0,1500.0,1500.0,0.0,0.0,,dollar_price:1500|iqborsa:1500
2024-03-10,baghdad_harithiya,1,1,1501.0,1500.0,1500.0,1500.0,0.0,0.0,,dollariraqi:1500
2024-03-10,baghdad_kifah,1,1,1500.5,1501.0,1501.0,1501.0,0.0,0.0,,dollariraqi:1501
2024-03-10,basra,3,3,1501.83,1502.17,1502.0,1502.5,0.5,0.033,,dollar_price:1502|dollariraqi:1502.5|iqborsa:1502
2024-03-10,erbil,3,3,1500.33,1500.5,1500.0,1501.5,1.5,0.1,,dollar_price:1500|dollariraqi:1501.5|iqborsa:1500
2024-03-11,baghdad_generic,2,2,1504.25,1504.5,1504.5,1504.5,0.0,0.0,,dollar_price:1504.5|iqborsa:1504.5
2024-03-11,baghdad_harithiya,1,1,1503.5,1504.5,1504.5,1504.5,0.0,0.0,,dollariraqi:1504.5
2024-03-11,baghdad_kifah,1,1,1503.5,1505.0,1505.0,1505.0,0.0,0.0,,dollariraqi:1505
2024-03-11,basra,3,3,1503.17,1503.67,1503.0,1505.0,2.0,0.133,,dollar_price:1503|dollariraqi:1505|iqborsa:1503
2024-03-11,erbil,3,3,1504.5,1504.67,1504.0,1505.0,1.0,0.066,,dollar_price:1505|dollariraqi:1504|iqborsa:1505
2024-03-12,baghdad_generic,2,2,1503.5,1501.5,1500.0,1503.0,3.0,0.2,,dollar_price:1503|iqborsa:1500
2024-03-12,baghdad_harithiya,1,1,1501.5,1502.0,1502.0,1502.0,0.0,0.0,,dollariraqi:1502
2024-03-12,baghdad_kifah,1,1,1502.0,1502.5,1502.5,1502.5,0.0,0.0,,dollariraqi:1502.5
2024-03-12,basra,1,1,1502.5,1502.0,1502.0,1502.0,0.0,0.0,,dollariraqi:1502
2024-03-12,erbil,3,3,1503.67,1503.83,1502.5,1504.5,2.0,0.133,,dollar_price:1504.5|dollariraqi:1502.5|iqborsa:1504.5
2024-03-13,baghdad_generic,2,2,1501.25,1501.75,1501.5,1502.0,0.5,0.033,,dollar_price:1502|iqborsa:1501.5
2024-03-13,baghdad_harithiya,1,1,1500.5,1502.0,1502.0,1502.0,0.0,0.0,,dollariraqi:1502
2024-03-13,baghdad_kifah,1,1,1501.0,1501.5,1501.5,1501.5,0.0,0.0,,dollariraqi:1501.5
2024-03-13,basra,1,1,1501.0,1502.0,1502.0,1502.0,0.0,0.0,,dollariraqi:1502
2024-03-13,erbil,3,3,1501.0,1501.5,1501.0,1502.5,1.5,0.1,,dollar_price:1501|dollariraqi:1502.5|iqborsa:1501
2024-03-14,baghdad_generic,2,2,1503.25,1502.5,1502.5,1502.5,0.0,0.0,,dollar_price:1502.5|iqborsa:1502.5
2024-03-14,baghdad_harithiya,1,1,1502.5,1502.5,1502.5,1502.5,0.0,0.0,,dollariraqi:1502.5
2024-03-14,baghdad_kifah,1,1,1502.5,1502.5,1502.5,1502.5,0.0,0.0,,dollariraqi:1502.5
2024-03-14,basra,1,1,1503.0,1503.0,1503.0,1503.0,0.0,0.0,,dollariraqi:1503
2024-03-14,erbil,1,1,1503.0,1503.0,1503.0,1503.0,0.0,0.0,,dollariraqi:1503
2024-03-17,baghdad_generic,2,2,1498.5,1496.0,1496.0,1496.0,0.0,0.0,,dollar_price:1496|iqborsa:1496
2024-03-17,baghdad_harithiya,1,1,1498.5,1498.5,1498.5,1498.5,0.0,0.0,,dollariraqi:1498.5
2024-03-17,baghdad_kifah,1,1,1498.5,1498.5,1498.5,1498.5,0.0,0.0,,dollariraqi:1498.5
2024-03-17,basra,3,3,1501.0,1501.0,1501.0,1501.0,0.0,0.0,,dollar_price:1501|dollariraqi:1501|iqborsa:1501
2024-03-17,erbil,3,3,1499.83,1499.67,1499.0,1500.0,1.0,0.067,,dollar_price:1500|dollariraqi:1499|iqborsa:1500
2024-03-18,baghdad_generic,2,2,1494.75,1495.0,1495.0,1495.0,0.0,0.0,,dollariraqi:1495|iqborsa:1495
2024-03-18,baghdad_kifah,1,1,1494.5,1495.0,1495.0,1495.0,0.0,0.0,,dollariraqi:1495
2024-03-18,basra,2,2,1496.5,1496.25,1496.0,1496.5,0.5,0.033,,dollariraqi:1496.5|iqborsa:1496
2024-03-18,erbil,2,2,1496.0,1496.5,1496.5,1496.5,0.0,0.0,,dollariraqi:1496.5|iqborsa:1496.5
2024-03-19,baghdad_generic,2,2,1494.75,1497.5,1497.5,1497.5,0.0,0.0,,dollar_price:1497.5|iqborsa:1497.5
2024-03-19,baghdad_harithiya,1,1,1495.5,1496.0,1496.0,1496.0,0.0,0.0,,dollariraqi:1496
2024-03-19,baghdad_kifah,1,1,1495.5,1496.0,1496.0,1496.0,0.0,0.0,,dollariraqi:1496
2024-03-19,basra,3,3,1496.0,1496.0,1496.0,1496.0,0.0,0.0,,dollar_price:1496|dollariraqi:1496|iqborsa:1496
2024-03-19,erbil,3,3,1496.33,1496.17,1496.0,1496.5,0.5,0.033,,dollar_price:1496|dollariraqi:1496.5|iqborsa:1496
2024-03-20,baghdad_generic,2,2,1497.5,1497.0,1497.0,1497.0,0.0,0.0,,dollar_price:1497|iqborsa:1497
2024-03-20,baghdad_harithiya,1,1,1498.0,1497.0,1497.0,1497.0,0.0,0.0,,dollariraqi:1497
2024-03-20,baghdad_kifah,1,1,1498.0,1497.0,1497.0,1497.0,0.0,0.0,,dollariraqi:1497
2024-03-20,basra,3,3,1496.83,1497.0,1497.0,1497.0,0.0,0.0,,dollar_price:1497|dollariraqi:1497|iqborsa:1497
2024-03-20,erbil,3,3,1499.17,1498.33,1497.0,1499.0,2.0,0.133,,dollar_price:1499|dollariraqi:1497|iqborsa:1499
2024-03-21,baghdad_generic,2,2,1496.0,1494.25,1492.5,1496.0,3.5,0.234,,dollar_price:1496|iqborsa:1492.5
2024-03-21,baghdad_harithiya,1,1,1496.0,1495.0,1495.0,1495.0,0.0,0.0,,dollariraqi:1495
2024-03-21,baghdad_kifah,1,1,1496.0,1495.5,1495.5,1495.5,0.0,0.0,,dollariraqi:1495.5
2024-03-21,basra,3,3,1497.5,1497.17,1495.5,1498.0,2.5,0.167,,dollar_price:1498|dollariraqi:1495.5|iqborsa:1498
2024-03-21,erbil,2,2,1499.0,1499.0,1499.0,1499.0,0.0,0.0,,dollar_price:1499|iqborsa:1499
2024-03-24,baghdad_generic,2,2,1485.0,1474.5,1473.5,1475.5,2.0,0.136,,dollar_price:1475.5|iqborsa:1473.5
2024-03-24,baghdad_harithiya,1,1,1482.5,1483.5,1483.5,1483.5,0.0,0.0,,dollariraqi:1483.5
2024-03-24,baghdad_kifah,1,1,1482.5,1482.5,1482.5,1482.5,0.0,0.0,,dollariraqi:1482.5
2024-03-24,basra,3,3,1488.0,1483.67,1480.0,1486.0,6.0,0.404,,dollar_price:1480|dollariraqi:1485|iqborsa:1486
2024-03-24,erbil,3,3,1486.33,1478.5,1473.0,1483.0,10.0,0.676,,dollar_price:1479.5|dollariraqi:1483|iqborsa:1473
2024-03-25,baghdad_generic,2,2,1472.5,1473.75,1473.5,1474.0,0.5,0.034,,dollar_price:1474|iqborsa:1473.5
2024-03-25,baghdad_harithiya,1,1,1468.0,1468.0,1468.0,1468.0,0.0,0.0,,dollariraqi:1468
2024-03-25,baghdad_kifah,1,1,1469.0,1469.0,1469.0,1469.0,0.0,0.0,,dollariraqi:1469
2024-03-25,baghdad_shorja,1,1,1468.0,1468.0,1468.0,1468.0,0.0,0.0,,dollariraqi:1468
2024-03-25,basra,1,1,1485.0,1485.0,1485.0,1485.0,0.0,0.0,,dollar_price:1485
2024-03-25,erbil,2,2,1470.25,1469.5,1466.0,1473.0,7.0,0.476,,dollar_price:1473|dollariraqi:1466
2024-03-26,baghdad_generic,3,3,1477.33,1477.83,1477.5,1478.5,1.0,0.068,,dollar_price:1477.5|dollariraqi:1478.5|iqborsa:1477.5
2024-03-26,baghdad_harithiya,1,1,1478.0,1479.0,1479.0,1479.0,0.0,0.0,,dollariraqi:1479
2024-03-26,baghdad_kifah,1,1,1478.5,1478.0,1478.0,1478.0,0.0,0.0,,dollariraqi:1478
2024-03-26,basra,3,3,1477.67,1477.83,1477.0,1479.5,2.5,0.169,,dollar_price:1477|dollariraqi:1479.5|iqborsa:1477
2024-03-26,erbil,3,3,1476.17,1475.83,1475.5,1476.0,0.5,0.034,,dollar_price:1476|dollariraqi:1475.5|iqborsa:1476
2024-03-27,baghdad_generic,3,3,1480.0,1475.33,1473.0,1480.0,7.0,0.474,,dollar_price:1473|dollariraqi:1480|iqborsa:1473
2024-03-27,baghdad_harithiya,1,1,1480.5,1477.0,1477.0,1477.0,0.0,0.0,,dollariraqi:1477
2024-03-27,basra,3,3,1481.0,1481.0,1481.0,1481.0,0.0,0.0,,dollar_price:1481|dollariraqi:1481|iqborsa:1481
2024-03-27,erbil,3,3,1478.5,1474.83,1472.5,1478.0,5.5,0.373,,dollar_price:1478|dollariraqi:1474|iqborsa:1472.5
2024-03-28,baghdad_generic,2,2,1471.25,1469.5,1469.0,1470.0,1.0,0.068,,dollar_price:1469|iqborsa:1470
2024-03-28,baghdad_harithiya,1,1,1469.5,1471.0,1471.0,1471.0,0.0,0.0,,dollariraqi:1471
2024-03-28,baghdad_kifah,1,1,1472.0,1472.0,1472.0,1472.0,0.0,0.0,,dollariraqi:1472
2024-03-28,baghdad_samawal,1,1,1470.0,1470.0,1470.0,1470.0,0.0,0.0,,dollariraqi:1470
2024-03-28,basra,3,3,1474.0,1473.67,1472.0,1474.5,2.5,0.17,,dollar_price:1474.5|dollariraqi:1472|iqborsa:1474.5
2024-03-28,erbil,3,3,1467.33,1468.17,1467.0,1469.5,2.5,0.17,,dollar_price:1467|dollariraqi:1468|iqborsa:1469.5
2024-03-31,baghdad_generic,2,2,1469.5,1470.75,1469.5,1472.0,2.5,0.17,,dollar_price:1469.5|iqborsa:1472
2024-03-31,baghdad_harithiya,1,1,1470.5,1470.5,1470.5,1470.5,0.0,0.0,,dollariraqi:1470.5
2024-03-31,baghdad_kifah,1,1,1471.0,1471.0,1471.0,1471.0,0.0,0.0,,dollariraqi:1471
2024-03-31,basra,3,3,1471.0,1471.5,1471.0,1472.5,1.5,0.102,,dollar_price:1471|dollariraqi:1471|iqborsa:1472.5
2024-03-31,erbil,3,3,1467.17,1467.67,1466.5,1470.0,3.5,0.238,,dollar_price:1466.5|dollariraqi:1470|iqborsa:1466.5
2024-04-01,baghdad_generic,3,3,1471.0,1471.5,1471.0,1472.5,1.5,0.102,,dollar_price:1471|dollariraqi:1471|iqborsa:1472.5
2024-04-01,baghdad_harithiya,1,1,1472.0,1472.0,1472.0,1472.0,0.0,0.0,,dollariraqi:1472
2024-04-01,baghdad_kifah,1,1,1472.0,1471.5,1471.5,1471.5,0.0,0.0,,dollariraqi:1471.5
2024-04-01,basra,3,3,1471.5,1471.5,1471.5,1471.5,0.0,0.0,,dollar_price:1471.5|dollariraqi:1471.5|iqborsa:1471.5
2024-04-01,erbil,3,3,1469.0,1468.5,1468.5,1468.5,0.0,0.0,,dollar_price:1468.5|dollariraqi:1468.5|iqborsa:1468.5
2024-04-02,baghdad_generic,2,2,1473.25,1475.5,1473.5,1477.5,4.0,0.271,,dollar_price:1473.5|iqborsa:1477.5
2024-04-02,baghdad_harithiya,1,1,1472.5,1477.0,1477.0,1477.0,0.0,0.0,,dollariraqi:1477
2024-04-02,baghdad_kifah,1,1,1472.5,1474.0,1474.0,1474.0,0.0,0.0,,dollariraqi:1474
2024-04-02,basra,3,3,1472.33,1472.83,1472.5,1473.5,1.0,0.068,,dollar_price:1472.5|dollariraqi:1473.5|iqborsa:1472.5
2024-04-02,erbil,3,3,1470.08,1473.67,1471.5,1478.0,6.5,0.441,,dollar_price:1471.5|dollariraqi:1478|iqborsa:1471.5
2024-04-03,baghdad_generic,2,2,1474.0,1473.0,1473.0,1473.0,0.0,0.0,,dollar_price:1473|iqborsa:1473
2024-04-03,baghdad_harithiya,1,1,1474.0,1474.0,1474.0,1474.0,0.0,0.0,,dollariraqi:1474
2024-04-03,baghdad_kifah,1,1,1472.0,1474.0,1474.0,1474.0,0.0,0.0,,dollariraqi:1474
2024-04-03,basra,3,3,1474.33,1474.33,1473.0,1475.0,2.0,0.136,,dollar_price:1475|dollariraqi:1473|iqborsa:1475
2024-04-03,erbil,3,3,1473.5,1474.0,1472.0,1475.0,3.0,0.204,,dollar_price:1475|dollariraqi:1472|iqborsa:1475
2024-04-04,baghdad_generic,2,2,1473.0,1473.5,1473.0,1474.0,1.0,0.068,,dollar_price:1473|iqborsa:1474
2024-04-04,baghdad_harithiya,1,1,1473.0,1475.0,1475.0,1475.0,0.0,0.0,,dollariraqi:1475
2024-04-04,baghdad_kifah,1,1,1473.0,1473.0,1473.0,1473.0,0.0,0.0,,dollariraqi:1473
2024-04-04,basra,3,3,1473.5,1473.83,1473.5,1474.5,1.0,0.068,,dollar_price:1473.5|dollariraqi:1474.5|iqborsa:1473.5
2024-04-04,erbil,3,3,1470.17,1472.0,1470.0,1473.0,3.0,0.204,,dollar_price:1470|dollariraqi:1473|iqborsa:1473
2024-04-07,baghdad_generic,2,2,1474.75,1477.5,1475.0,1480.0,5.0,0.338,,dollar_price:1475|iqborsa:1480
2024-04-07,baghdad_harithiya,1,1,1474.5,1474.5,1474.5,1474.5,0.0,0.0,,dollariraqi:1474.5
2024-04-07,baghdad_kifah,1,1,1474.5,1476.0,1476.0,1476.0,0.0,0.0,,dollariraqi:1476
2024-04-07,basra,3,3,1476.17,1476.17,1476.0,1476.5,0.5,0.034,,dollar_price:1476|dollariraqi:1476.5|iqborsa:1476
2024-04-07,erbil,3,3,1473.67,1474.67,1474.0,1476.0,2.0,0.136,,dollar_price:1474|dollariraqi:1476|iqborsa:1474
2024-04-08,baghdad_generic,2,2,1479.5,1480.75,1479.0,1482.5,3.5,0.236,,dollar_price:1479|iqborsa:1482.5
2024-04-08,baghdad_harithiya,1,1,1480.5,1479.5,1479.5,1479.5,0.0,0.0,,dollariraqi:1479.5
2024-04-08,baghdad_kifah,1,1,1479.0,1480.0,1480.0,1480.0,0.0,0.0,,dollariraqi:1480
2024-04-08,basra,3,3,1481.33,1481.0,1480.0,1481.5,1.5,0.101,,dollar_price:1481.5|dollariraqi:1480|iqborsa:1481.5
2024-04-08,erbil,3,3,1479.67,1480.33,1480.0,1481.0,1.0,0.068,,dollar_price:1480|dollariraqi:1481|iqborsa:1480
2024-04-09,baghdad_generic,1,1,1480.0,1480.0,1480.0,1480.0,0.0,0.0,,dollar_price:1480
2024-04-09,basra,1,1,1483.0,1483.0,1483.0,1483.0,0.0,0.0,,dollar_price:1483
2024-04-09,erbil,2,2,1481.5,1481.5,1481.5,1481.5,0.0,0.0,,dollar_price:1481.5|iqborsa:1481.5
2024-04-11,baghdad_generic,1,1,1480.5,1480.5,1480.5,1480.5,0.0,0.0,,iqborsa:1480.5
2024-04-14,baghdad_generic,2,2,1487.0,1488.5,1488.0,1489.0,1.0,0.067,,dollar_price:1489|iqborsa:1488
2024-04-14,baghdad_harithiya,1,1,1483.5,1489.0,1489.0,1489.0,0.0,0.0,,dollariraqi:1489
2024-04-14,baghdad_kifah,1,1,1484.0,1488.0,1488.0,1488.0,0.0,0.0,,dollariraqi:1488
2024-04-14,baghdad_samawal,1,1,1486.0,1486.0,1486.0,1486.0,0.0,0.0,,dollariraqi:1486
2024-04-14,basra,1,1,1483.5,1487.5,1487.5,1487.5,0.0,0.0,,dollariraqi:1487.5
2024-04-14,erbil,3,3,1486.17,1488.17,1485.0,1490.5,5.5,0.37,,dollar_price:1489|dollariraqi:1490.5|iqborsa:1485
2024-04-14,samawah,1,1,1489.0,1489.0,1489.0,1489.0,0.0,0.0,,dollariraqi:1489
2024-04-15,baghdad_generic,2,2,1484.75,1481.75,1480.0,1483.5,3.5,0.236,,dollar_price:1483.5|iqborsa:1480
2024-04-15,baghdad_harithiya,1,1,1485.0,1483.5,1483.5,1483.5,0.0,0.0,,dollariraqi:1483.5
2024-04-15,baghdad_kifah,1,1,1487.0,1483.5,1483.5,1483.5,0.0,0.0,,dollariraqi:1483.5
2024-04-15,basra,3,3,1486.5,1486.0,1485.0,1488.0,3.0,0.202,,dollar_price:1485|dollariraqi:1485|iqborsa:1488
2024-04-15,erbil,3,3,1487.0,1485.5,1483.5,1487.5,4.0,0.269,,dollar_price:1485.5|dollariraqi:1483.5|iqborsa:1487.5
2024-04-16,baghdad_generic,2,2,1483.5,1484.75,1484.5,1485.0,0.5,0.034,,dollar_price:1485|iqborsa:1484.5
2024-04-16,baghdad_harithiya,1,1,1482.0,1485.0,1485.0,1485.0,0.0,0.0,,dollariraqi:1485
2024-04-16,baghdad_kifah,1,1,1482.0,1485.0,1485.0,1485.0,0.0,0.0,,dollariraqi:1485
2024-04-16,basra,1,1,1483.0,1484.0,1484.0,1484.0,0.0,0.0,,dollariraqi:1484
2024-04-16,erbil,3,3,1484.83,1487.33,1487.0,1487.5,0.5,0.034,,dollar_price:1487.5|dollariraqi:1487|iqborsa:1487.5
2024-04-17,baghdad_generic,3,3,1483.5,1482.83,1482.0,1484.0,2.0,0.135,,dollar_price:1484|dollariraqi:1482.5|iqborsa:1482
2024-04-17,baghdad_harithiya,1,1,1485.0,1484.5,1484.5,1484.5,0.0,0.0,,dollariraqi:1484.5
2024-04-17,baghdad_kifah,1,1,1484.5,1484.5,1484.5,1484.5,0.0,0.0,,dollariraqi:1484.5
2024-04-17,baghdad_shorja,1,1,1484.5,1484.5,1484.5,1484.5,0.0,0.0,,dollariraqi:1484.5
2024-04-17,basra,3,3,1485.0,1484.5,1483.5,1485.0,1.5,0.101,,dollar_price:1485|dollariraqi:1483.5|iqborsa:1485
2024-04-17,erbil,3,3,1486.33,1485.0,1483.0,1486.0,3.0,0.202,,dollar_price:1486|dollariraqi:1483|iqborsa:1486
2024-04-18,baghdad_generic,3,3,1480.33,1478.83,1477.5,1479.5,2.0,0.135,,dollar_price:1479.5|dollariraqi:1479.5|iqborsa:1477.5
2024-04-18,baghdad_harithiya,1,1,1481.0,1481.0,1481.0,1481.0,0.0,0.0,,dollariraqi:1481
2024-04-18,baghdad_kifah,1,1,1482.0,1480.5,1480.5,1480.5,0.0,0.0,,dollariraqi:1480.5
2024-04-18,basra,3,3,1481.17,1480.67,1480.0,1482.0,2.0,0.135,,dollar_price:1480|dollariraqi:1480|iqborsa:1482
2024-04-18,erbil,3,3,1480.5,1479.83,1479.0,1481.0,2.0,0.135,,dollar_price:1479|dollariraqi:1479.5|iqborsa:1481
2024-04-21,baghdad_generic,2,2,1472.5,1473.5,1473.0,1474.0,1.0,0.068,,dollar_price:1473|iqborsa:1474
2024-04-21,baghdad_harithiya,1,1,1473.0,1473.0,1473.0,1473.0,0.0,0.0,,dollariraqi:1473
2024-04-21,baghdad_kifah,1,1,1472.0,1474.0,1474.0,1474.0,0.0,0.0,,dollariraqi:1474
2024-04-21,basra,3,3,1472.83,1473.0,1472.5,1474.0,1.5,0.102,,dollar_price:1472.5|dollariraqi:1474|iqborsa:1472.5
2024-04-21,erbil,3,3,1472.83,1473.67,1473.0,1475.0,2.0,0.136,,dollar_price:1473|dollariraqi:1475|iqborsa:1473
2024-04-22,baghdad_generic,3,3,1474.0,1473.17,1472.0,1474.0,2.0,0.136,,dollar_price:1474|dollariraqi:1473.5|iqborsa:1472
2024-04-22,baghdad_harithiya,1,1,1474.0,1474.5,1474.5,1474.5,0.0,0.0,,dollariraqi:1474.5
2024-04-22,baghdad_kifah,1,1,1474.0,1474.0,1474.0,1474.0,0.0,0.0,,dollariraqi:1474
2024-04-22,basra,1,1,1473.0,1473.5,1473.5,1473.5,0.0,0.0,,dollariraqi:1473.5
2024-04-22,erbil,2,2,1473.0,1470.75,1469.5,1472.0,2.5,0.17,,dollariraqi:1472|iqborsa:1469.5
2024-04-23,baghdad_generic,2,2,1472.0,1469.75,1467.5,1472.0,4.5,0.306,,dollar_price:1472|iqborsa:1467.5
2024-04-23,baghdad_kifah,1,1,1471.0,1470.5,1470.5,1470.5,0.0,0.0,,dollariraqi:1470.5
2024-04-23,baghdad_samawal,1,1,1469.0,1469.0,1469.0,1469.0,0.0,0.0,,dollariraqi:1469
2024-04-23,basra,3,3,1472.33,1472.33,1472.0,1472.5,0.5,0.034,,dollar_price:1472.5|dollariraqi:1472|iqborsa:1472.5
2024-04-23,erbil,1,1,1470.5,1467.5,1467.5,1467.5,0.0,0.0,,dollariraqi:1467.5
2024-04-24,baghdad_generic,3,3,1466.17,1465.67,1464.5,1467.0,2.5,0.171,,dollar_price:1467|dollariraqi:1464.5|iqborsa:1465.5
2024-04-24,baghdad_harithiya,1,1,1468.0,1466.0,1466.0,1466.0,0.0,0.0,,dollariraqi:1466
2024-04-24,baghdad_karrada,1,1,1467.5,1467.5,1467.5,1467.5,0.0,0.0,,dollariraqi:1467.5
2024-04-24,baghdad_kifah,1,1,1468.0,1467.0,1467.0,1467.0,0.0,0.0,,dollariraqi:1467
2024-04-24,baghdad_shorja,1,1,1464.5,1464.5,1464.5,1464.5,0.0,0.0,,iqborsa:1464.5
2024-04-24,basra,2,2,1468.25,1468.0,1467.5,1468.5,1.0,0.068,,dollariraqi:1467.5|iqborsa:1468.5
2024-04-24,erbil,3,3,1468.25,1468.58,1467.75,1469.0,1.25,0.085,,dollar_price:1469|dollariraqi:1467.75|iqborsa:1469
2024-04-25,baghdad_generic,2,2,1464.0,1462.5,1462.0,1463.0,1.0,0.068,,dollar_price:1463|iqborsa:1462
2024-04-25,baghdad_harithiya,1,1,1464.5,1464.5,1464.5,1464.5,0.0,0.0,,dollariraqi:1464.5
2024-04-25,baghdad_kifah,1,1,1465.0,1464.0,1464.0,1464.0,0.0,0.0,,dollariraqi:1464
2024-04-25,baghdad_shorja,1,1,1464.0,1464.0,1464.0,1464.0,0.0,0.0,,dollariraqi:1464
2024-04-25,basra,3,3,1464.33,1464.33,1463.0,1465.0,2.0,0.137,,dollar_price:1463|dollariraqi:1465|iqborsa:1465
2024-04-25,erbil,3,3,1467.83,1464.33,1460.0,1466.5,6.5,0.444,,dollar_price:1466.5|dollariraqi:1466.5|iqborsa:1460
2024-04-28,baghdad_generic,2,2,1454.5,1450.5,1449.0,1452.0,3.0,0.207,,dollariraqi:1452|iqborsa:1449
2024-04-28,baghdad_harithiya,1,1,1454.0,1454.0,1454.0,1454.0,0.0,0.0,,dollariraqi:1454
2024-04-28,baghdad_kifah,1,1,1453.0,1452.5,1452.5,1452.5,0.0,0.0,,dollariraqi:1452.5
2024-04-28,baghdad_shorja,1,1,1455.0,1455.0,1455.0,1455.0,0.0,0.0,,dollariraqi:1455
2024-04-28,basra,1,1,1457.0,1455.5,1455.5,1455.5,0.0,0.0,,dollariraqi:1455.5
2024-04-28,erbil,1,1,1457.5,1452.5,1452.5,1452.5,0.0,0.0,,dollariraqi:1452.5
2024-04-29,baghdad_generic,3,3,1447.83,1450.17,1446.0,1453.5,7.5,0.517,,dollar_price:1451|dollariraqi:1446|iqborsa:1453.5
2024-04-29,baghdad_harithiya,1,1,1445.5,1452.5,1452.5,1452.5,0.0,0.0,,dollariraqi:1452.5
2024-04-29,baghdad_karrada,1,1,1445.5,1445.5,1445.5,1445.5,0.0,0.0,,dollariraqi:1445.5
2024-04-29,baghdad_kifah,1,1,1445.0,1454.5,1454.5,1454.5,0.0,0.0,,dollariraqi:1454.5
2024-04-29,baghdad_samawal,1,1,1445.0,1445.0,1445.0,1445.0,0.0,0.0,,dollariraqi:1445
2024-04-29,basra,1,1,1447.0,1447.0,1447.0,1447.0,0.0,0.0,,dollariraqi:1447
2024-04-29,erbil,1,1,1449.0,1454.0,1454.0,1454.0,0.0,0.0,,dollariraqi:1454
2024-04-30,baghdad_generic,2,2,1457.25,1460.25,1459.0,1461.5,2.5,0.171,,dollar_price:1459|iqborsa:1461.5
2024-04-30,baghdad_harithiya,1,1,1458.5,1461.0,1461.0,1461.0,0.0,0.0,,dollariraqi:1461
2024-04-30,baghdad_karrada,1,1,1462.5,1459.0,1459.0,1459.0,0.0,0.0,,dollariraqi:1459
2024-04-30,baghdad_kifah,1,1,1458.0,1461.0,1461.0,1461.0,0.0,0.0,,dollariraqi:1461
2024-04-30,baghdad_samawal,1,1,1462.0,1459.0,1459.0,1459.0,0.0,0.0,,dollariraqi:1459
2024-04-30,basra,1,1,1457.5,1459.0,1459.0,1459.0,0.0,0.0,,dollariraqi:1459
2024-04-30,erbil,1,1,1459.5,1459.5,1459.5,1459.5,0.0,0.0,,dollariraqi:1459.5
2024-05-01,baghdad_generic,3,3,1458.83,1456.83,1455.5,1457.5,2.0,0.137,,dollar_price:1457.5|dollariraqi:1457.5|iqborsa:1455.5
2024-05-01,baghdad_harithiya,1,1,1459.0,1459.0,1459.0,1459.0,0.0,0.0,,dollariraqi:1459
2024-05-01,baghdad_kifah,1,1,1458.5,1458.5,1458.5,1458.5,0.0,0.0,,dollariraqi:1458.5
2024-05-01,baghdad_samawal,1,1,1459.0,1459.0,1459.0,1459.0,0.0,0.0,,dollariraqi:1459
2024-05-01,basra,2,2,1459.0,1459.0,1459.0,1459.0,0.0,0.0,,dollar_price:1459|dollariraqi:1459
2024-05-01,erbil,2,2,1457.75,1457.0,1457.0,1457.0,0.0,0.0,,dollar_price:1457|dollariraqi:1457
2024-05-02,baghdad_generic,3,3,1457.33,1458.0,1457.5,1458.5,1.0,0.069,,dollar_price:1457.5|dollariraqi:1458.5|iqborsa:1458
2024-05-02,baghdad_harithiya,1,1,1457.5,1458.5,1458.5,1458.5,0.0,0.0,,dollariraqi:1458.5
2024-05-02,baghdad_kifah,1,1,1456.5,1458.0,1458.0,1458.0,0.0,0.0,,dollariraqi:1458
2024-05-02,basra,2,2,1458.25,1458.5,1458.0,1459.0,1.0,0.069,,dollar_price:1458|dollariraqi:1459
2024-05-02,erbil,3,3,1455.5,1456.33,1455.0,1457.0,2.0,0.137,,dollar_price:1457|dollariraqi:1457|iqborsa:1455
2024-05-05,baghdad_generic,2,2,1457.0,1454.25,1452.5,1456.0,3.5,0.241,,dollar_price:1456|iqborsa:1452.5
2024-05-05,baghdad_harithiya,1,1,1458.5,1454.5,1454.5,1454.5,0.0,0.0,,dollariraqi:1454.5
2024-05-05,baghdad_kifah,1,1,1458.0,1454.0,1454.0,1454.0,0.0,0.0,,dollariraqi:1454
2024-05-05,basra,2,2,1457.0,1457.0,1457.0,1457.0,0.0,0.0,,dollar_price:1457|dollariraqi:1457
2024-05-05,erbil,3,3,1455.83,1453.0,1450.0,1455.5,5.5,0.379,,dollar_price:1455.5|dollariraqi:1453.5|iqborsa:1450
2024-05-06,baghdad_generic,3,3,1453.83,1454.33,1454.0,1454.5,0.5,0.034,,dollar_price:1454|dollariraqi:1454.5|iqborsa:1454.5
2024-05-06,baghdad_harithiya,1,1,1454.0,1454.5,1454.5,1454.5,0.0,0.0,,dollariraqi:1454.5
2024-05-06,baghdad_kifah,1,1,1453.5,1454.0,1454.0,1454.0,0.0,0.0,,dollariraqi:1454
2024-05-06,baghdad_samawal,1,1,1456.0,1455.0,1455.0,1455.0,0.0,0.0,,dollariraqi:1455
2024-05-06,basra,3,3,1454.5,1454.67,1454.0,1455.5,1.5,0.103,,dollar_price:1455.5|dollariraqi:1454.5|iqborsa:1454
2024-05-06,erbil,3,3,1452.67,1452.5,1452.0,1453.0,1.0,0.069,,dollar_price:1452|dollariraqi:1452.5|iqborsa:1453
2024-05-07,baghdad_generic,2,2,1456.25,1455.5,1454.5,1456.5,2.0,0.137,,dollar_price:1456.5|iqborsa:1454.5
2024-05-07,baghdad_harithiya,1,1,1456.5,1454.5,1454.5,1454.5,0.0,0.0,,dollariraqi:1454.5
2024-05-07,baghdad_kifah,1,1,1456.0,1455.0,1455.0,1455.0,0.0,0.0,,dollariraqi:1455
2024-05-07,basra,2,2,1457.0,1457.5,1457.5,1457.5,0.0,0.0,,dollar_price:1457.5|dollariraqi:1457.5
2024-05-07,erbil,2,2,1455.0,1454.5,1454.0,1455.0,1.0,0.069,,dollar_price:1455|dollariraqi:1454
2024-05-08,baghdad_generic,3,3,1454.83,1455.67,1455.0,1457.0,2.0,0.137,,dollar_price:1455|dollariraqi:1455|iqborsa:1457
2024-05-08,baghdad_harithiya,1,1,1455.5,1457.0,1457.0,1457.0,0.0,0.0,,dollariraqi:1457
2024-05-08,baghdad_kifah,1,1,1455.0,1457.0,1457.0,1457.0,0.0,0.0,,dollariraqi:1457
2024-05-08,basra,2,2,1456.0,1456.0,1456.0,1456.0,0.0,0.0,,dollar_price:1456|dollariraqi:1456
2024-05-08,erbil,3,3,1454.67,1455.33,1454.5,1456.0,1.5,0.103,,dollar_price:1454.5|dollariraqi:1456|iqborsa:1455.5
2024-05-09,baghdad_generic,3,3,1459.17,1460.5,1459.0,1462.0,3.0,0.205,,dollar_price:1460.5|dollariraqi:1459|iqborsa:1462
2024-05-09,baghdad_harithiya,1,1,1461.0,1461.0,1461.0,1461.0,0.0,0.0,,dollariraqi:1461
2024-05-09,basra,2,2,1459.5,1460.0,1460.0,1460.0,0.0,0.0,,dollar_price:1460|dollariraqi:1460
2024-05-09,erbil,2,2,1459.0,1460.25,1460.0,1460.5,0.5,0.034,,dollar_price:1460|dollariraqi:1460.5
2024-05-12,baghdad_generic,2,2,1457.5,1457.25,1456.5,1458.0,1.5,0.103,,dollar_price:1458|iqborsa:1456.5
2024-05-12,baghdad_harithiya,1,1,1458.5,1458.5,1458.5,1458.5,0.0,0.0,,dollariraqi:1458.5
2024-05-12,baghdad_kifah,1,1,1457.0,1458.5,1458.5,1458.5,0.0,0.0,,dollariraqi:1458.5
2024-05-12,basra,2,2,1457.25,1457.25,1457.0,1457.5,0.5,0.034,,dollar_price:1457.5|dollariraqi:1457
2024-05-12,erbil,3,3,1455.5,1456.33,1455.0,1457.0,2.0,0.137,,dollar_price:1457|dollariraqi:1457|iqborsa:1455
2024-05-13,baghdad_generic,2,2,1457.25,1458.0,1458.0,1458.0,0.0,0.0,,dollar_price:1458|iqborsa:1458
2024-05-13,baghdad_harithiya,1,1,1456.5,1456.5,1456.5,1456.5,0.0,0.0,,dollariraqi:1456.5
2024-05-13,baghdad_kifah,1,1,1457.0,1458.0,1458.0,1458.0,0.0,0.0,,dollariraqi:1458
2024-05-13,baghdad_shorja,1,1,1458.5,1458.5,1458.5,1458.5,0.0,0.0,,dollariraqi:1458.5
2024-05-13,basra,3,3,1457.83,1457.83,1457.5,1458.0,0.5,0.034,,dollar_price:1457.5|dollariraqi:1458|iqborsa:1458
2024-05-13,erbil,3,3,1456.0,1456.5,1456.0,1457.0,1.0,0.069,,dollar_price:1456|dollariraqi:1456.5|iqborsa:1457
2024-05-14,baghdad_generic,2,2,1459.25,1459.0,1458.5,1459.5,1.0,0.069,,dollar_price:1459.5|iqborsa:1458.5
2024-05-14,baghdad_harithiya,1,1,1459.0,1458.5,1458.5,1458.5,0.0,0.0,,dollariraqi:1458.5
2024-05-14,baghdad_kifah,1,1,1459.0,1460.0,1460.0,1460.0,0.0,0.0,,dollariraqi:1460
2024-05-14,basra,1,1,1459.0,1458.5,1458.5,1458.5,0.0,0.0,,dollariraqi:1458.5
2024-05-14,erbil,1,1,1458.5,1456.5,1456.5,1456.5,0.0,0.0,,dollariraqi:1456.5
2024-05-15,baghdad_generic,2,2,1458.5,1458.5,1458.5,1458.5,0.0,0.0,,dollar_price:1458.5|iqborsa:1458.5
2024-05-15,baghdad_harithiya,1,1,1459.0,1459.0,1459.0,1459.0,0.0,0.0,,dollariraqi:1459
2024-05-15,baghdad_kifah,1,1,1459.5,1458.5,1458.5,1458.5,0.0,0.0,,dollariraqi:1458.5
2024-05-15,baghdad_samawal,1,1,1459.0,1458.0,1458.0,1458.0,0.0,0.0,,dollariraqi:1458
2024-05-15,basra,2,2,1459.0,1458.75,1458.5,1459.0,0.5,0.034,,dollar_price:1459|dollariraqi:1458.5
2024-05-15,erbil,2,2,1458.0,1457.5,1457.5,1457.5,0.0,0.0,,dollar_price:1457.5|dollariraqi:1457.5
2024-05-16,baghdad_generic,2,2,1460.0,1460.25,1459.5,1461.0,1.5,0.103,,dollar_price:1459.5|iqborsa:1461
2024-05-16,baghdad_harithiya,1,1,1461.0,1461.0,1461.0,1461.0,0.0,0.0,,dollariraqi:1461
2024-05-16,basra,2,2,1459.75,1459.75,1459.5,1460.0,0.5,0.034,,dollar_price:1459.5|dollariraqi:1460
2024-05-16,erbil,2,2,1458.5,1458.5,1458.0,1459.0,1.0,0.069,,dollar_price:1458|dollariraqi:1459
2024-05-19,baghdad_generic,2,2,1458.0,1457.75,1457.5,1458.0,0.5,0.034,,dollar_price:1458|iqborsa:1457.5
2024-05-19,baghdad_harithiya,1,1,1459.0,1459.0,1459.0,1459.0,0.0,0.0,,dollariraqi:1459
2024-05-19,baghdad_kifah,1,1,1457.5,1458.0,1458.0,1458.0,0.0,0.0,,dollariraqi:1458
2024-05-19,basra,2,2,1457.5,1457.75,1457.5,1458.0,0.5,0.034,,dollar_price:1457.5|dollariraqi:1458
2024-05-19,erbil,3,3,1455.67,1455.83,1455.0,1456.5,1.5,0.103,,dollar_price:1456|dollariraqi:1456.5|iqborsa:1455
2024-05-20,baghdad_generic,2,2,1457.0,1456.75,1456.5,1457.0,0.5,0.034,,dollar_price:1456.5|iqborsa:1457
2024-05-20,baghdad_harithiya,1,1,1457.5,1457.5,1457.5,1457.5,0.0,0.0,,dollariraqi:1457.5
2024-05-20,baghdad_kifah,1,1,1457.5,1457.5,1457.5,1457.5,0.0,0.0,,dollariraqi:1457.5
2024-05-20,basra,3,3,1456.83,1456.83,1456.5,1457.0,0.5,0.034,,dollar_price:1456.5|dollariraqi:1457|iqborsa:1457
2024-05-20,erbil,3,3,1454.67,1455.0,1454.5,1456.0,1.5,0.103,,dollar_price:1454.5|dollariraqi:1454.5|iqborsa:1456
2024-05-21,baghdad_generic,1,1,1457.5,1457.5,1457.5,1457.5,0.0,0.0,,iqborsa:1457.5
2024-05-21,baghdad_harithiya,1,1,1458.5,1458.5,1458.5,1458.5,0.0,0.0,,dollariraqi:1458.5
2024-05-21,baghdad_kifah,1,1,1457.0,1457.5,1457.5,1457.5,0.0,0.0,,dollariraqi:1457.5
2024-05-21,basra,1,1,1458.0,1458.0,1458.0,1458.0,0.0,0.0,,iqborsa:1458
2024-05-21,erbil,2,2,1455.5,1455.25,1455.0,1455.5,0.5,0.034,,dollariraqi:1455|iqborsa:1455.5
2024-05-22,baghdad_generic,3,3,1457.83,1457.33,1456.5,1458.0,1.5,0.103,,dollar_price:1457.5|dollariraqi:1458|iqborsa:1456.5
2024-05-22,baghdad_harithiya,1,1,1458.0,1458.0,1458.0,1458.0,0.0,0.0,,dollariraqi:1458
2024-05-22,baghdad_kifah,1,1,1458.0,1457.5,1457.5,1457.5,0.0,0.0,,dollariraqi:1457.5
2024-05-22,basra,3,3,1458.5,1459.0,1459.0,1459.0,0.0,0.0,,dollar_price:1459|dollariraqi:1459|iqborsa:1459
2024-05-22,erbil,3,3,1455.83,1455.5,1455.0,1456.0,1.0,0.069,,dollar_price:1455|dollariraqi:1455.5|iqborsa:1456
2024-05-23,baghdad_generic,1,1,1456.5,1456.0,1456.0,1456.0,0.0,0.0,,iqborsa:1456
2024-05-23,baghdad_harithiya,1,1,1457.5,1456.0,1456.0,1456.0,0.0,0.0,,dollariraqi:1456
2024-05-23,basra,1,1,1457.5,1457.5,1457.5,1457.5,0.0,0.0,,dollariraqi:1457.5
2024-05-23,erbil,2,2,1455.25,1454.75,1454.5,1455.0,0.5,0.034,,dollariraqi:1455|iqborsa:1454.5
2024-05-26,baghdad_generic,2,2,1455.5,1454.5,1454.5,1454.5,0.0,0.0,,dollar_price:1454.5|iqborsa:1454.5
2024-05-26,baghdad_harithiya,1,1,1455.5,1455.0,1455.0,1455.0,0.0,0.0,,dollariraqi:1455
2024-05-26,baghdad_kifah,1,1,1455.5,1454.5,1454.5,1454.5,0.0,0.0,,dollariraqi:1454.5
2024-05-26,basra,3,3,1455.67,1455.33,1455.0,1456.0,1.0,0.069,,dollar_price:1455|dollariraqi:1455|iqborsa:1456
2024-05-26,erbil,3,3,1454.0,1453.5,1452.5,1455.0,2.5,0.172,,dollar_price:1452.5|dollariraqi:1453|iqborsa:1455
2024-05-27,baghdad_generic,2,2,1450.0,1449.75,1449.5,1450.0,0.5,0.034,,dollar_price:1450|iqborsa:1449.5
2024-05-27,baghdad_harithiya,1,1,1450.0,1450.0,1450.0,1450.0,0.0,0.0,,dollariraqi:1450
2024-05-27,basra,2,2,1450.5,1450.5,1450.0,1451.0,1.0,0.069,,dollar_price:1451|dollariraqi:1450
2024-05-27,erbil,2,2,1448.25,1448.5,1448.0,1449.0,1.0,0.069,,dollar_price:1448|dollariraqi:1449
2024-05-28,baghdad_generic,2,2,1448.0,1448.75,1448.0,1449.5,1.5,0.104,,dollar_price:1448|iqborsa:1449.5
2024-05-28,baghdad_harithiya,1,1,1448.5,1449.5,1449.5,1449.5,0.0,0.0,,dollariraqi:1449.5
2024-05-28,baghdad_kifah,1,1,1448.0,1449.5,1449.5,1449.5,0.0,0.0,,dollariraqi:1449.5
2024-05-28,basra,3,3,1449.5,1449.33,1448.5,1450.0,1.5,0.103,,dollar_price:1448.5|dollariraqi:1449.5|iqborsa:1450
2024-05-28,erbil,3,3,1447.0,1447.0,1446.5,1447.5,1.0,0.069,,dollar_price:1447|dollariraqi:1446.5|iqborsa:1447.5
2024-05-29,baghdad_generic,2,2,1449.0,1449.25,1449.0,1449.5,0.5,0.035,,dollar_price:1449|iqborsa:1449.5
2024-05-29,baghdad_harithiya,1,1,1449.0,1449.0,1449.0,1449.0,0.0,0.0,,dollariraqi:1449
2024-05-29,baghdad_karrada,1,1,1448.75,1448.75,1448.75,1448.75,0.0,0.0,,dollariraqi:1448.75
2024-05-29,baghdad_kifah,1,1,1449.0,1451.0,1451.0,1451.0,0.0,0.0,,dollariraqi:1451
2024-05-29,baghdad_shorja,1,1,1449.0,1449.0,1449.0,1449.0,0.0,0.0,,dollariraqi:1449
2024-05-29,basra,3,3,1449.5,1451.0,1449.0,1452.0,3.0,0.207,,dollar_price:1449|dollariraqi:1452|iqborsa:1452
2024-05-29,erbil,3,3,1450.92,1450.92,1446.5,1458.75,12.25,0.844,,dollar_price:1447.5|dollariraqi:1446.5|iqborsa:1458.75
2024-05-30,baghdad_generic,2,2,1451.0,1451.5,1451.0,1452.0,1.0,0.069,,dollar_price:1451|iqborsa:1452
2024-05-30,baghdad_harithiya,1,1,1451.5,1452.5,1452.5,1452.5,0.0,0.0,,dollariraqi:1452.5
2024-05-30,baghdad_kifah,1,1,1452.0,1452.5,1452.5,1452.5,0.0,0.0,,dollariraqi:1452.5
2024-05-30,basra,2,2,1451.5,1451.5,1451.0,1452.0,1.0,0.069,,dollar_price:1451|dollariraqi:1452
2024-05-30,erbil,3,3,1449.5,1450.67,1449.5,1451.5,2.0,0.138,,dollar_price:1451.5|dollariraqi:1451|iqborsa:1449.5
2024-06-02,baghdad_generic,2,2,1450.5,1452.25,1450.5,1454.0,3.5,0.241,,dollar_price:1450.5|iqborsa:1454
2024-06-02,baghdad_harithiya,1,1,1450.0,1451.0,1451.0,1451.0,0.0,0.0,,dollariraqi:1451
2024-06-02,baghdad_kifah,1,1,1450.5,1451.5,1451.5,1451.5,0.0,0.0,,dollariraqi:1451.5
2024-06-02,basra,3,3,1450.33,1450.17,1450.0,1450.5,0.5,0.034,,dollar_price:1450|dollariraqi:1450|iqborsa:1450.5
2024-06-02,erbil,3,3,1449.0,1449.0,1449.0,1449.0,0.0,0.0,,dollar_price:1449|dollariraqi:1449|iqborsa:1449
2024-06-03,baghdad_generic,2,2,1455.75,1458.75,1458.0,1459.5,1.5,0.103,,dollar_price:1458|iqborsa:1459.5
2024-06-03,baghdad_harithiya,1,1,1453.5,1454.0,1454.0,1454.0,0.0,0.0,,dollariraqi:1454
2024-06-03,baghdad_karrada,1,1,1457.5,1457.5,1457.5,1457.5,0.0,0.0,,dollariraqi:1457.5
2024-06-03,baghdad_kifah,1,1,1458.0,1460.0,1460.0,1460.0,0.0,0.0,,dollariraqi:1460
2024-06-03,baghdad_samawal,1,1,1453.5,1453.5,1453.5,1453.5,0.0,0.0,,dollariraqi:1453.5
2024-06-03,basra,2,2,1454.75,1456.0,1456.0,1456.0,0.0,0.0,,dollar_price:1456|dollariraqi:1456
2024-06-03,erbil,2,2,1455.25,1456.0,1454.0,1458.0,4.0,0.275,,dollar_price:1458|dollariraqi:1454
2024-06-04,baghdad_generic,3,3,1458.33,1456.33,1454.0,1460.0,6.0,0.412,,dollar_price:1455|dollariraqi:1460|iqborsa:1454
2024-06-04,baghdad_kifah,1,1,1456.0,1455.0,1455.0,1455.0,0.0,0.0,,dollariraqi:1455
2024-06-04,basra,2,2,1456.75,1456.75,1456.5,1457.0,0.5,0.034,,dollar_price:1456.5|dollariraqi:1457
2024-06-04,erbil,3,3,1455.0,1452.92,1452.5,1453.5,1.0,0.069,,dollar_price:1453.5|dollariraqi:1452.75|iqborsa:1452.5
2024-06-05,baghdad_generic,2,2,1455.25,1456.75,1456.5,1457.0,0.5,0.034,,dollar_price:1456.5|iqborsa:1457
2024-06-05,baghdad_harithiya,1,1,1456.0,1457.0,1457.0,1457.0,0.0,0.0,,dollariraqi:1457
2024-06-05,baghdad_kifah,1,1,1456.0,1456.0,1456.0,1456.0,0.0,0.0,,dollariraqi:1456
2024-06-05,basra,1,1,1455.0,1455.0,1455.0,1455.0,0.0,0.0,,dollariraqi:1455
2024-06-05,erbil,1,1,1452.5,1455.5,1455.5,1455.5,0.0,0.0,,dollariraqi:1455.5
2024-06-06,baghdad_generic,3,3,1458.33,1459.5,1459.0,1460.0,1.0,0.069,,dollar_price:1460|dollariraqi:1459.5|iqborsa:1459
2024-06-06,baghdad_kifah,1,1,1459.0,1459.0,1459.0,1459.0,0.0,0.0,,dollariraqi:1459
2024-06-06,baghdad_shorja,1,1,1459.0,1459.0,1459.0,1459.0,0.0,0.0,,dollariraqi:1459
2024-06-06,basra,1,1,1460.0,1460.0,1460.0,1460.0,0.0,0.0,,dollariraqi:1460
2024-06-06,erbil,1,1,1458.5,1459.0,1459.0,1459.0,0.0,0.0,,dollariraqi:1459
2024-06-09,amarah,1,1,1468.5,1468.5,1468.5,1468.5,0.0,0.0,,dollariraqi:1468.5
2024-06-09,baghdad_generic,3,3,1465.0,1466.83,1465.5,1469.0,3.5,0.239,,dollar_price:1465.5|dollariraqi:1466|iqborsa:1469
2024-06-09,baghdad_harithiya,2,2,1466.0,1469.5,1469.0,1470.0,1.0,0.068,,dollariraqi:1470|iqborsa:1469
2024-06-09,baghdad_kifah,2,2,1464.63,1466.5,1466.5,1466.5,0.0,0.0,,dollariraqi:1466.5|iqborsa:1466.5
2024-06-09,baqubah,1,1,1468.0,1468.0,1468.0,1468.0,0.0,0.0,,dollariraqi:1468
2024-06-09,basra,2,2,1464.75,1461.25,1456.5,1466.0,9.5,0.65,,dollar_price:1466|dollariraqi:1456.5
2024-06-09,diwaniyah,1,1,1468.5,1468.5,1468.5,1468.5,0.0,0.0,,dollariraqi:1468.5
2024-06-09,erbil,2,2,1463.5,1465.5,1465.0,1466.0,1.0,0.068,,dollar_price:1465|dollariraqi:1466
2024-06-09,halabja,1,1,1467.5,1467.5,1467.5,1467.5,0.0,0.0,,dollariraqi:1467.5
2024-06-09,hillah,1,1,1468.0,1468.0,1468.0,1468.0,0.0,0.0,,dollariraqi:1468
2024-06-09,kut,1,1,1468.5,1468.5,1468.5,1468.5,0.0,0.0,,dollariraqi:1468.5
2024-06-09,nasiriyah,1,1,1468.5,1468.5,1468.5,1468.5,0.0,0.0,,dollariraqi:1468.5
2024-06-09,ramadi,1,1,1468.0,1468.0,1468.0,1468.0,0.0,0.0,,dollariraqi:1468
2024-06-09,samawah,1,1,1468.0,1468.0,1468.0,1468.0,0.0,0.0,,dollariraqi:1468
2024-06-09,tikrit,1,1,1468.0,1468.0,1468.0,1468.0,0.0,0.0,,dollariraqi:1468
2024-06-10,baghdad_generic,3,3,1468.67,1470.33,1469.0,1471.0,2.0,0.136,,dollar_price:1469|dollariraqi:1471|iqborsa:1471
2024-06-10,baghdad_harithiya,1,1,1467.5,1469.5,1469.5,1469.5,0.0,0.0,,dollariraqi:1469.5
2024-06-10,baghdad_karrada,1,1,1470.0,1470.0,1470.0,1470.0,0.0,0.0,,dollariraqi:1470
2024-06-10,erbil,1,1,1466.0,1469.5,1469.5,1469.5,0.0,0.0,,dollariraqi:1469.5
2024-06-11,baghdad_generic,2,2,1473.75,1474.25,1472.0,1476.5,4.5,0.305,,dollar_price:1476.5|iqborsa:1472
2024-06-11,baghdad_harithiya,1,1,1474.0,1474.0,1474.0,1474.0,0.0,0.0,,dollariraqi:1474
2024-06-11,baghdad_kifah,1,1,1472.0,1476.0,1476.0,1476.0,0.0,0.0,,dollariraqi:1476
2024-06-11,baghdad_samawal,1,1,1477.0,1475.0,1475.0,1475.0,0.0,0.0,,dollariraqi:1475
2024-06-11,basra,2,2,1474.25,1474.5,1474.5,1474.5,0.0,0.0,,dollar_price:1474.5|dollariraqi:1474.5
2024-06-11,erbil,2,2,1475.0,1475.5,1475.5,1475.5,0.0,0.0,,dollar_price:1475.5|dollariraqi:1475.5
2024-06-12,baghdad_generic,2,2,1470.0,1469.75,1469.0,1470.5,1.5,0.102,,dollar_price:1469|iqborsa:1470.5
2024-06-12,baghdad_harithiya,1,1,1471.0,1471.0,1471.0,1471.0,0.0,0.0,,dollariraqi:1471
2024-06-12,baghdad_kifah,1,1,1472.0,1470.5,1470.5,1470.5,0.0,0.0,,dollariraqi:1470.5
2024-06-12,erbil,1,1,1470.0,1470.5,1470.5,1470.5,0.0,0.0,,dollariraqi:1470.5
2024-06-13,baghdad_generic,2,2,1467.25,1465.75,1465.5,1466.0,0.5,0.034,,dollar_price:1466|iqborsa:1465.5
2024-06-13,baghdad_harithiya,1,1,1468.5,1466.0,1466.0,1466.0,0.0,0.0,,dollariraqi:1466
2024-06-13,baghdad_kifah,1,1,1468.5,1466.5,1466.5,1466.5,0.0,0.0,,dollariraqi:1466.5
2024-06-13,basra,1,1,1467.5,1467.5,1467.5,1467.5,0.0,0.0,,dollariraqi:1467.5
2024-06-13,erbil,1,1,1469.0,1469.0,1469.0,1469.0,0.0,0.0,,dollariraqi:1469
2024-06-18,baghdad_generic,1,1,1468.0,1468.0,1468.0,1468.0,0.0,0.0,,dollariraqi:1468
2024-06-18,basra,1,1,1472.0,1472.0,1472.0,1472.0,0.0,0.0,,dollariraqi:1472
2024-06-20,baghdad_generic,2,2,1470.0,1471.0,1471.0,1471.0,0.0,0.0,,dollariraqi:1471|iqborsa:1471
2024-06-20,erbil,2,2,1470.25,1468.5,1467.5,1469.5,2.0,0.136,,dollariraqi:1467.5|iqborsa:1469.5
2024-06-23,baghdad_generic,3,3,1468.33,1468.83,1468.0,1470.0,2.0,0.136,,dollar_price:1468|dollariraqi:1468.5|iqborsa:1470
2024-06-23,baghdad_harithiya,1,1,1468.0,1468.0,1468.0,1468.0,0.0,0.0,,dollariraqi:1468
2024-06-23,baghdad_kifah,1,1,1469.0,1469.0,1469.0,1469.0,0.0,0.0,,dollariraqi:1469
2024-06-23,basra,3,3,1467.17,1467.33,1467.0,1467.5,0.5,0.034,,dollar_price:1467|dollariraqi:1467.5|iqborsa:1467.5
2024-06-23,erbil,3,3,1468.75,1469.25,1468.75,1469.5,0.75,0.051,,dollar_price:1468.75|dollariraqi:1469.5|iqborsa:1469.5
2024-06-24,baghdad_generic,3,3,1474.33,1474.67,1473.5,1476.0,2.5,0.17,,dollar_price:1474.5|dollariraqi:1473.5|iqborsa:1476
2024-06-24,baghdad_harithiya,1,1,1475.0,1474.0,1474.0,1474.0,0.0,0.0,,dollariraqi:1474
2024-06-24,baghdad_kifah,1,1,1473.5,1474.25,1474.25,1474.25,0.0,0.0,,dollariraqi:1474.25
2024-06-24,basra,2,2,1473.5,1473.5,1473.0,1474.0,1.0,0.068,,dollar_price:1474|dollariraqi:1473
2024-06-24,erbil,2,2,1477.25,1480.25,1480.0,1480.5,0.5,0.034,,dollar_price:1480.5|dollariraqi:1480
2024-06-25,baghdad_generic,2,2,1475.25,1474.75,1474.5,1475.0,0.5,0.034,,dollar_price:1474.5|iqborsa:1475
2024-06-25,baghdad_harithiya,1,1,1475.0,1475.0,1475.0,1475.0,0.0,0.0,,dollariraqi:1475
2024-06-25,baghdad_kifah,1,1,1477.0,1476.0,1476.0,1476.0,0.0,0.0,,dollariraqi:1476
2024-06-25,baghdad_shorja,1,1,1476.0,1476.0,1476.0,1476.0,0.0,0.0,,dollariraqi:1476
2024-06-25,basra,2,2,1475.25,1474.5,1474.5,1474.5,0.0,0.0,,dollar_price:1474.5|dollariraqi:1474.5
2024-06-25,erbil,2,2,1476.75,1476.5,1476.0,1477.0,1.0,0.068,,dollar_price:1476|dollariraqi:1477
2024-06-26,baghdad_generic,2,2,1473.75,1471.75,1470.0,1473.5,3.5,0.238,,dollar_price:1473.5|iqborsa:1470
2024-06-26,baghdad_harithiya,1,1,1472.5,1474.0,1474.0,1474.0,0.0,0.0,,dollariraqi:1474
2024-06-26,baghdad_kifah,1,1,1474.0,1474.0,1474.0,1474.0,0.0,0.0,,dollariraqi:1474
2024-06-26,basra,1,1,1472.0,1472.0,1472.0,1472.0,0.0,0.0,,dollar_price:1472
2024-06-26,erbil,2,2,1473.75,1473.5,1471.5,1475.5,4.0,0.271,,dollar_price:1471.5|dollariraqi:1475.5
2024-06-27,baghdad_generic,3,3,1470.67,1471.17,1470.0,1472.5,2.5,0.17,,dollar_price:1471|dollariraqi:1470|iqborsa:1472.5
2024-06-27,baghdad_harithiya,1,1,1472.5,1472.5,1472.5,1472.5,0.0,0.0,,dollariraqi:1472.5
2024-06-27,baghdad_kifah,1,1,1472.0,1473.0,1473.0,1473.0,0.0,0.0,,dollariraqi:1473
2024-06-27,basra,3,3,1469.17,1469.5,1468.5,1471.0,2.5,0.17,,dollar_price:1469|dollariraqi:1471|iqborsa:1468.5
2024-06-27,erbil,2,2,1473.0,1473.25,1472.0,1474.5,2.5,0.17,,dollar_price:1472|dollariraqi:1474.5
2024-06-30,baghdad_generic,2,2,1473.0,1474.75,1473.5,1476.0,2.5,0.17,,dollar_price:1473.5|iqborsa:1476
2024-06-30,baghdad_harithiya,1,1,1474.0,1474.0,1474.0,1474.0,0.0,0.0,,dollariraqi:1474
2024-06-30,baghdad_kifah,1,1,1472.0,1475.5,1475.5,1475.5,0.0,0.0,,dollariraqi:1475.5
2024-06-30,basra,3,3,1471.67,1472.17,1471.5,1472.5,1.0,0.068,,dollar_price:1472.5|dollariraqi:1472.5|iqborsa:1471.5
2024-06-30,erbil,2,2,1474.25,1475.75,1475.5,1476.0,0.5,0.034,,dollar_price:1476|dollariraqi:1475.5
2024-07-01,baghdad_generic,3,3,1480.0,1478.83,1476.5,1480.0,3.5,0.237,,dollar_price:1480|dollariraqi:1480|iqborsa:1476.5
2024-07-01,baghdad_harithiya,1,1,1478.0,1480.0,1480.0,1480.0,0.0,0.0,,dollariraqi:1480
2024-07-01,baghdad_kifah,1,1,1476.0,1479.5,1479.5,1479.5,0.0,0.0,,dollariraqi:1479.5
2024-07-01,basra,2,2,1477.5,1477.5,1477.5,1477.5,0.0,0.0,,dollar_price:1477.5|dollariraqi:1477.5
2024-07-01,erbil,3,3,1480.5,1480.83,1478.5,1482.0,3.5,0.236,,dollar_price:1482|dollariraqi:1478.5|iqborsa:1482
2024-07-02,baghdad_generic,3,3,1480.17,1480.83,1480.0,1482.0,2.0,0.135,,dollar_price:1480|dollariraqi:1480.5|iqborsa:1482
2024-07-02,baghdad_shorja,1,1,1482.0,1482.0,1482.0,1482.0,0.0,0.0,,dollariraqi:1482
2024-07-02,basra,2,2,1478.0,1477.75,1477.5,1478.0,0.5,0.034,,dollar_price:1478|dollariraqi:1477.5
2024-07-02,erbil,2,2,1480.75,1482.25,1481.0,1483.5,2.5,0.169,,dollar_price:1481|dollariraqi:1483.5
2024-07-03,baghdad_generic,3,3,1487.17,1490.33,1487.0,1497.0,10.0,0.671,,dollar_price:1487|dollariraqi:1487|iqborsa:1497
2024-07-03,baghdad_harithiya,1,1,1486.5,1488.0,1488.0,1488.0,0.0,0.0,,dollariraqi:1488
2024-07-03,baghdad_kifah,1,1,1486.0,1489.0,1489.0,1489.0,0.0,0.0,,dollariraqi:1489
2024-07-03,basra,3,3,1488.17,1487.5,1484.0,1493.5,9.5,0.639,,dollar_price:1485|dollariraqi:1484|iqborsa:1493.5
2024-07-03,erbil,3,3,1488.83,1491.5,1488.5,1496.5,8.0,0.536,,dollar_price:1488.5|dollariraqi:1489.5|iqborsa:1496.5
2024-07-04,baghdad_generic,3,3,1493.33,1490.0,1487.0,1492.0,5.0,0.336,,dollar_price:1492|dollariraqi:1491|iqborsa:1487
2024-07-04,baghdad_harithiya,1,1,1493.0,1493.0,1493.0,1493.0,0.0,0.0,,dollariraqi:1493
2024-07-04,baghdad_kifah,1,1,1496.0,1492.0,1492.0,1492.0,0.0,0.0,,dollariraqi:1492
2024-07-04,basra,2,2,1492.5,1488.0,1486.0,1490.0,4.0,0.269,,dollar_price:1490|dollariraqi:1486
2024-07-04,erbil,2,2,1494.25,1491.0,1489.5,1492.5,3.0,0.201,,dollar_price:1492.5|dollariraqi:1489.5
2024-07-07,baghdad_generic,3,3,1488.83,1492.83,1489.0,1496.0,7.0,0.469,,dollar_price:1489|dollariraqi:1496|iqborsa:1493.5
2024-07-07,baghdad_harithiya,1,1,1489.0,1489.0,1489.0,1489.0,0.0,0.0,,dollariraqi:1489
2024-07-07,baghdad_kifah,1,1,1490.0,1494.0,1494.0,1494.0,0.0,0.0,,dollariraqi:1494
2024-07-07,basra,2,2,1487.75,1488.0,1487.0,1489.0,2.0,0.134,,dollar_price:1487|dollariraqi:1489
2024-07-07,erbil,2,2,1489.75,1490.0,1489.0,1491.0,2.0,0.134,,dollar_price:1489|dollariraqi:1491
2024-07-08,baghdad_generic,3,3,1501.83,1504.17,1499.5,1507.0,7.5,0.499,,dollar_price:1499.5|dollariraqi:1507|iqborsa:1506
2024-07-08,baghdad_harithiya,1,1,1501.0,1501.0,1501.0,1501.0,0.0,0.0,,dollariraqi:1501
2024-07-08,baghdad_kifah,1,1,1497.5,1506.0,1506.0,1506.0,0.0,0.0,,dollariraqi:1506
2024-07-08,basra,2,2,1497.75,1497.75,1497.5,1498.0,0.5,0.033,,dollar_price:1498|dollariraqi:1497.5
2024-07-08,erbil,2,2,1494.75,1501.75,1498.0,1505.5,7.5,0.499,,dollar_price:1498|dollariraqi:1505.5
2024-07-09,baghdad_generic,2,2,1506.0,1505.5,1503.0,1508.0,5.0,0.332,,dollar_price:1508|iqborsa:1503
2024-07-09,baghdad_harithiya,1,1,1508.5,1506.0,1506.0,1506.0,0.0,0.0,,dollariraqi:1506
2024-07-09,baghdad_kifah,1,1,1507.0,1509.0,1509.0,1509.0,0.0,0.0,,dollariraqi:1509
2024-07-09,basra,2,2,1508.5,1507.75,1507.5,1508.0,0.5,0.033,,dollar_price:1508|dollariraqi:1507.5
2024-07-09,erbil,3,3,1504.17,1501.33,1499.5,1504.5,5.0,0.333,,dollar_price:1500|dollariraqi:1504.5|iqborsa:1499.5
2024-07-10,baghdad_generic,3,3,1499.17,1495.33,1491.5,1500.0,8.5,0.568,,dollar_price:1500|dollariraqi:1494.5|iqborsa:1491.5
2024-07-10,baghdad_harithiya,1,1,1502.5,1495.0,1495.0,1495.0,0.0,0.0,,dollariraqi:1495
2024-07-10,baghdad_kifah,1,1,1502.0,1491.0,1491.0,1491.0,0.0,0.0,,dollariraqi:1491
2024-07-10,basra,3,3,1498.67,1495.67,1490.0,1500.0,10.0,0.669,,dollar_price:1497|dollariraqi:1490|iqborsa:1500
2024-07-10,erbil,3,3,1496.17,1493.33,1489.5,1498.0,8.5,0.569,,dollar_price:1498|dollariraqi:1492.5|iqborsa:1489.5
2024-07-11,baghdad_generic,2,2,1496.5,1497.75,1497.5,1498.0,0.5,0.033,,dollariraqi:1497.5|iqborsa:1498
2024-07-11,baghdad_harithiya,1,1,1495.0,1496.0,1496.0,1496.0,0.0,0.0,,dollariraqi:1496
2024-07-11,baghdad_kifah,1,1,1491.0,1499.0,1499.0,1499.0,0.0,0.0,,dollariraqi:1499
2024-07-11,basra,1,1,1489.0,1495.0,1495.0,1495.0,0.0,0.0,,dollariraqi:1495
2024-07-11,erbil,1,1,1492.0,1498.0,1498.0,1498.0,0.0,0.0,,dollariraqi:1498
2024-07-14,baghdad_generic,3,3,1494.17,1491.5,1489.5,1493.0,3.5,0.235,,dollar_price:1489.5|dollariraqi:1493|iqborsa:1492
2024-07-14,baghdad_harithiya,1,1,1489.0,1489.0,1489.0,1489.0,0.0,0.0,,dollariraqi:1489
2024-07-14,baghdad_kifah,1,1,1490.0,1490.0,1490.0,1490.0,0.0,0.0,,dollariraqi:1490
2024-07-14,baghdad_samawal,1,1,1495.0,1495.0,1495.0,1495.0,0.0,0.0,,iqborsa:1495
2024-07-14,baghdad_shorja,1,1,1488.0,1488.0,1488.0,1488.0,0.0,0.0,,dollariraqi:1488
2024-07-14,basra,2,2,1493.0,1493.0,1490.0,1496.0,6.0,0.402,,dollar_price:1490|dollariraqi:1496
2024-07-14,erbil,2,2,1494.75,1491.0,1491.0,1491.0,0.0,0.0,,dollar_price:1491|dollariraqi:1491
2024-07-15,baghdad_generic,2,2,1489.0,1488.75,1488.0,1489.5,1.5,0.101,,dollar_price:1488|iqborsa:1489.5
2024-07-15,baghdad_harithiya,1,1,1489.0,1488.5,1488.5,1488.5,0.0,0.0,,dollariraqi:1488.5
2024-07-15,baghdad_kifah,1,1,1491.5,1489.0,1489.0,1489.0,0.0,0.0,,dollariraqi:1489
2024-07-15,basra,2,2,1489.5,1489.0,1489.0,1489.0,0.0,0.0,,dollar_price:1489|dollariraqi:1489
2024-07-15,erbil,2,2,1492.0,1492.25,1492.0,1492.5,0.5,0.034,,dollar_price:1492|dollariraqi:1492.5
2024-07-16,baghdad_generic,2,2,1491.5,1492.0,1491.0,1493.0,2.0,0.134,,dollar_price:1493|iqborsa:1491
2024-07-16,baghdad_harithiya,1,1,1490.0,1492.0,1492.0,1492.0,0.0,0.0,,dollariraqi:1492
2024-07-16,baghdad_kifah,1,1,1489.0,1492.5,1492.5,1492.5,0.0,0.0,,dollariraqi:1492.5
2024-07-16,basra,2,2,1490.5,1491.0,1490.0,1492.0,2.0,0.134,,dollar_price:1492|dollariraqi:1490
2024-07-16,erbil,2,2,1493.25,1495.75,1495.5,1496.0,0.5,0.033,,dollar_price:1495.5|dollariraqi:1496
2024-07-17,baghdad_generic,1,1,1497.5,1495.0,1495.0,1495.0,0.0,0.0,,iqborsa:1495
2024-07-17,erbil,1,1,1495.0,1494.0,1494.0,1494.0,0.0,0.0,,dollariraqi:1494
2024-07-18,baghdad_generic,2,2,1490.75,1490.0,1490.0,1490.0,0.0,0.0,,dollar_price:1490|iqborsa:1490
2024-07-18,baghdad_harithiya,1,1,1490.0,1490.0,1490.0,1490.0,0.0,0.0,,dollariraqi:1490
2024-07-18,baghdad_karrada,1,1,1489.0,1489.0,1489.0,1489.0,0.0,0.0,,dollariraqi:1489
2024-07-18,baghdad_kifah,1,1,1490.0,1490.0,1490.0,1490.0,0.0,0.0,,dollariraqi:1490
2024-07-18,baghdad_shorja,1,1,1488.5,1488.5,1488.5,1488.5,0.0,0.0,,dollariraqi:1488.5
2024-07-18,basra,1,1,1491.0,1491.0,1491.0,1491.0,0.0,0.0,,dollariraqi:1491
2024-07-18,erbil,1,1,1494.0,1493.0,1493.0,1493.0,0.0,0.0,,dollariraqi:1493
2024-07-21,baghdad_generic,2,2,1489.75,1489.5,1489.0,1490.0,1.0,0.067,,dollar_price:1490|iqborsa:1489
2024-07-21,baghdad_harithiya,1,1,1490.5,1490.0,1490.0,1490.0,0.0,0.0,,dollariraqi:1490
2024-07-21,baghdad_kifah,1,1,1489.5,1489.0,1489.0,1489.0,0.0,0.0,,dollariraqi:1489
2024-07-21,basra,2,2,1489.5,1489.5,1489.0,1490.0,1.0,0.067,,dollar_price:1489|dollariraqi:1490
2024-07-21,erbil,2,2,1493.75,1495.0,1493.5,1496.5,3.0,0.201,,dollar_price:1493.5|dollariraqi:1496.5
2024-07-22,baghdad_generic,3,3,1493.67,1493.5,1493.0,1494.0,1.0,0.067,,dollar_price:1494|dollariraqi:1493|iqborsa:1493.5
2024-07-22,baghdad_harithiya,1,1,1494.0,1494.0,1494.0,1494.0,0.0,0.0,,dollariraqi:1494
2024-07-22,baghdad_kifah,1,1,1494.0,1493.5,1493.5,1493.5,0.0,0.0,,dollariraqi:1493.5
2024-07-22,basra,2,2,1491.5,1491.5,1491.5,1491.5,0.0,0.0,,dollar_price:1491.5|dollariraqi:1491.5
2024-07-22,erbil,2,2,1496.0,1495.75,1495.5,1496.0,0.5,0.033,,dollar_price:1496|dollariraqi:1495.5
2024-07-23,baghdad_generic,2,2,1493.75,1493.75,1493.5,1494.0,0.5,0.033,,dollar_price:1494|iqborsa:1493.5
2024-07-23,baghdad_harithiya,1,1,1493.5,1493.5,1493.5,1493.5,0.0,0.0,,dollariraqi:1493.5
2024-07-23,baghdad_kifah,1,1,1494.0,1493.0,1493.0,1493.0,0.0,0.0,,dollariraqi:1493
2024-07-23,basra,2,2,1493.0,1492.5,1492.5,1492.5,0.0,0.0,,dollar_price:1492.5|dollariraqi:1492.5
2024-07-23,erbil,2,2,1496.25,1496.25,1496.0,1496.5,0.5,0.033,,dollar_price:1496|dollariraqi:1496.5
2024-07-24,baghdad_generic,3,3,1497.0,1496.17,1495.5,1497.0,1.5,0.1,,dollar_price:1496|dollariraqi:1497|iqborsa:1495.5
2024-07-24,baghdad_harithiya,1,1,1497.0,1497.0,1497.0,1497.0,0.0,0.0,,dollariraqi:1497
2024-07-24,baghdad_kifah,1,1,1496.0,1496.5,1496.5,1496.5,0.0,0.0,,dollariraqi:1496.5
2024-07-24,basra,2,2,1496.0,1496.0,1496.0,1496.0,0.0,0.0,,dollar_price:1496|dollariraqi:1496
2024-07-24,erbil,2,2,1497.5,1497.75,1497.5,1498.0,0.5,0.033,,dollar_price:1497.5|dollariraqi:1498
2024-07-25,baghdad_generic,2,2,1494.25,1493.5,1492.5,1494.5,2.0,0.134,,dollar_price:1494.5|iqborsa:1492.5
2024-07-25,baghdad_harithiya,1,1,1493.5,1493.0,1493.0,1493.0,0.0,0.0,,dollariraqi:1493
2024-07-25,baghdad_kifah,1,1,1494.0,1494.0,1494.0,1494.0,0.0,0.0,,dollariraqi:1494
2024-07-25,basra,2,2,1493.25,1493.25,1492.5,1494.0,1.5,0.1,,dollar_price:1494|dollariraqi:1492.5
2024-07-25,erbil,2,2,1495.5,1496.25,1495.0,1497.5,2.5,0.167,,dollar_price:1497.5|dollariraqi:1495
2024-07-28,baghdad_generic,2,2,1493.0,1492.5,1492.5,1492.5,0.0,0.0,,dollar_price:1492.5|iqborsa:1492.5
2024-07-28,baghdad_harithiya,1,1,1492.75,1492.75,1492.75,1492.75,0.0,0.0,,dollariraqi:1492.75
2024-07-28,baghdad_kifah,1,1,1492.75,1492.75,1492.75,1492.75,0.0,0.0,,dollariraqi:1492.75
2024-07-28,basra,2,2,1491.5,1491.5,1491.5,1491.5,0.0,0.0,,dollar_price:1491.5|dollariraqi:1491.5
2024-07-28,erbil,2,2,1495.0,1495.0,1495.0,1495.0,0.0,0.0,,dollar_price:1495|dollariraqi:1495
2024-07-29,baghdad_generic,3,3,1492.0,1490.33,1489.5,1491.5,2.0,0.134,,dollar_price:1491.5|dollariraqi:1490|iqborsa:1489.5
2024-07-29,basra,2,2,1491.5,1490.5,1489.5,1491.5,2.0,0.134,,dollar_price:1491.5|dollariraqi:1489.5
2024-07-29,erbil,2,2,1493.5,1493.0,1492.5,1493.5,1.0,0.067,,dollar_price:1493.5|dollariraqi:1492.5
2024-07-30,baghdad_generic,3,3,1488.83,1488.33,1488.0,1489.0,1.0,0.067,,dollar_price:1489|dollariraqi:1488|iqborsa:1488
2024-07-30,basra,2,2,1486.5,1486.5,1486.5,1486.5,0.0,0.0,,dollar_price:1486.5|dollariraqi:1486.5
2024-07-30,erbil,2,2,1489.75,1490.25,1489.5,1491.0,1.5,0.101,,dollar_price:1491|dollariraqi:1489.5
2024-07-31,baghdad_generic,2,2,1491.13,1492.0,1491.0,1493.0,2.0,0.134,,dollar_price:1491|iqborsa:1493
2024-07-31,baghdad_harithiya,1,1,1491.5,1491.5,1491.5,1491.5,0.0,0.0,,dollariraqi:1491.5
2024-07-31,baghdad_kifah,1,1,1491.0,1492.5,1492.5,1492.5,0.0,0.0,,dollariraqi:1492.5
2024-07-31,basra,2,2,1490.5,1490.5,1490.0,1491.0,1.0,0.067,,dollar_price:1490|dollariraqi:1491
2024-07-31,erbil,2,2,1494.0,1494.0,1493.5,1494.5,1.0,0.067,,dollar_price:1494.5|dollariraqi:1493.5
2024-08-01,baghdad_generic,3,3,1494.0,1494.33,1494.0,1495.0,1.0,0.067,,dollar_price:1494|dollariraqi:1494|iqborsa:1495
2024-08-01,baghdad_harithiya,1,1,1493.5,1493.5,1493.5,1493.5,0.0,0.0,,dollariraqi:1493.5
2024-08-01,baghdad_kifah,1,1,1494.0,1495.0,1495.0,1495.0,0.0,0.0,,dollariraqi:1495
2024-08-01,basra,3,3,1492.67,1492.67,1492.5,1493.0,0.5,0.033,,dollar_price:1492.5|dollariraqi:1492.5|iqborsa:1493
2024-08-01,erbil,3,3,1495.83,1496.67,1496.5,1497.0,0.5,0.033,,dollar_price:1496.5|dollariraqi:1497|iqborsa:1496.5
2024-08-04,baghdad_generic,3,3,1498.0,1499.0,1498.0,1500.0,2.0,0.133,,dollar_price:1498|dollariraqi:1500|iqborsa:1499
2024-08-04,baghdad_harithiya,1,1,1496.5,1496.5,1496.5,1496.5,0.0,0.0,,dollariraqi:1496.5
2024-08-04,baghdad_karrada,1,1,1498.0,1498.0,1498.0,1498.0,0.0,0.0,,dollariraqi:1498
2024-08-04,baghdad_kifah,1,1,1496.5,1501.0,1501.0,1501.0,0.0,0.0,,dollariraqi:1501
2024-08-04,baghdad_samawal,1,1,1498.0,1498.0,1498.0,1498.0,0.0,0.0,,dollariraqi:1498
2024-08-04,basra,1,1,1495.0,1496.0,1496.0,1496.0,0.0,0.0,,dollariraqi:1496
2024-08-04,erbil,1,1,1498.0,1501.5,1501.5,1501.5,0.0,0.0,,dollariraqi:1501.5
2024-08-05,baghdad_generic,3,3,1500.33,1500.33,1499.0,1502.5,3.5,0.233,,dollar_price:1499.5|dollariraqi:1502.5|iqborsa:1499
2024-08-05,baghdad_harithiya,1,1,1498.5,1498.5,1498.5,1498.5,0.0,0.0,,dollariraqi:1498.5
2024-08-05,baghdad_kifah,1,1,1499.5,1498.0,1498.0,1498.0,0.0,0.0,,dollariraqi:1498
2024-08-05,basra,2,2,1498.75,1498.5,1498.5,1498.5,0.0,0.0,,dollar_price:1498.5|dollariraqi:1498.5
2024-08-05,erbil,2,2,1499.75,1499.0,1499.0,1499.0,0.0,0.0,,dollar_price:1499|dollariraqi:1499
2024-08-06,baghdad_generic,3,3,1498.33,1498.0,1497.0,1499.0,2.0,0.134,,dollar_price:1497|dollariraqi:1498|iqborsa:1499
2024-08-06,baghdad_harithiya,1,1,1497.0,1497.0,1497.0,1497.0,0.0,0.0,,dollariraqi:1497
2024-08-06,baghdad_kifah,1,1,1498.0,1497.5,1497.5,1497.5,0.0,0.0,,dollariraqi:1497.5
2024-08-06,basra,2,2,1497.0,1497.5,1497.0,1498.0,1.0,0.067,,dollar_price:1497|dollariraqi:1498
2024-08-06,erbil,2,2,1497.5,1497.75,1497.5,1498.0,0.5,0.033,,dollar_price:1497.5|dollariraqi:1498
2024-08-07,baghdad_generic,3,3,1499.67,1501.33,1500.0,1502.0,2.0,0.133,,dollar_price:1500|dollariraqi:1502|iqborsa:1502
2024-08-07,baghdad_harithiya,1,1,1500.0,1500.0,1500.0,1500.0,0.0,0.0,,dollariraqi:1500
2024-08-07,baghdad_kifah,1,1,1500.0,1500.0,1500.0,1500.0,0.0,0.0,,dollariraqi:1500
2024-08-07,basra,1,1,1498.0,1498.0,1498.0,1498.0,0.0,0.0,,dollariraqi:1498
2024-08-07,erbil,1,1,1498.5,1499.5,1499.5,1499.5,0.0,0.0,,dollariraqi:1499.5
2024-08-08,baghdad_generic,2,2,1500.0,1500.5,1500.5,1500.5,0.0,0.0,,dollar_price:1500.5|iqborsa:1500.5
2024-08-08,baghdad_harithiya,1,1,1499.5,1500.5,1500.5,1500.5,0.0,0.0,,dollariraqi:1500.5
2024-08-08,baghdad_karrada,1,1,1500.0,1500.0,1500.0,1500.0,0.0,0.0,,dollariraqi:1500
2024-08-08,baghdad_kifah,1,1,1500.0,1500.75,1500.75,1500.75,0.0,0.0,,dollariraqi:1500.75
2024-08-08,basra,1,1,1499.5,1499.5,1499.5,1499.5,0.0,0.0,,dollariraqi:1499.5
2024-08-08,erbil,1,1,1501.0,1502.0,1502.0,1502.0,0.0,0.0,,dollariraqi:1502
2024-08-11,baghdad_generic,3,3,1495.33,1495.0,1495.0,1495.0,0.0,0.0,,dollar_price:1495|dollariraqi:1495|iqborsa:1495
2024-08-11,baghdad_harithiya,1,1,1496.5,1497.0,1497.0,1497.0,0.0,0.0,,dollariraqi:1497
2024-08-11,baghdad_kifah,1,1,1496.25,1496.0,1496.0,1496.0,0.0,0.0,,dollariraqi:1496
2024-08-11,basra,2,2,1496.0,1496.0,1496.0,1496.0,0.0,0.0,,dollar_price:1496|dollariraqi:1496
2024-08-11,erbil,2,2,1497.0,1497.0,1496.0,1498.0,2.0,0.134,,dollar_price:1496|dollariraqi:1498
2024-08-12,baghdad_generic,2,2,1498.0,1499.0,1498.5,1499.5,1.0,0.067,,dollar_price:1498.5|iqborsa:1499.5
2024-08-12,baghdad_harithiya,1,1,1498.5,1498.5,1498.5,1498.5,0.0,0.0,,dollariraqi:1498.5
2024-08-12,baghdad_kifah,1,1,1498.25,1498.25,1498.25,1498.25,0.0,0.0,,dollariraqi:1498.25
2024-08-12,basra,2,2,1496.5,1496.5,1496.5,1496.5,0.0,0.0,,dollar_price:1496.5|dollariraqi:1496.5
2024-08-12,erbil,2,2,1499.25,1499.25,1499.0,1499.5,0.5,0.033,,dollar_price:1499|dollariraqi:1499.5
2024-08-13,baghdad_generic,2,2,1498.75,1499.0,1498.5,1499.5,1.0,0.067,,dollar_price:1498.5|iqborsa:1499.5
2024-08-13,baghdad_harithiya,1,1,1499.0,1500.0,1500.0,1500.0,0.0,0.0,,dollariraqi:1500
2024-08-13,baghdad_kifah,1,1,1499.0,1500.0,1500.0,1500.0,0.0,0.0,,dollariraqi:1500
2024-08-13,basra,2,2,1498.75,1498.75,1498.5,1499.0,0.5,0.033,,dollar_price:1498.5|dollariraqi:1499
2024-08-13,erbil,2,2,1500.5,1500.25,1500.0,1500.5,0.5,0.033,,dollar_price:1500|dollariraqi:1500.5
2024-08-14,baghdad_generic,3,3,1498.83,1499.17,1498.5,1500.0,1.5,0.1,,dollar_price:1498.5|dollariraqi:1500|iqborsa:1499
2024-08-14,baghdad_kifah,1,1,1498.0,1498.0,1498.0,1498.0,0.0,0.0,,dollariraqi:1498
2024-08-14,erbil,1,1,1499.0,1499.0,1499.0,1499.0,0.0,0.0,,dollariraqi:1499
2024-08-15,baghdad_generic,3,3,1497.33,1498.0,1498.0,1498.0,0.0,0.0,,dollar_price:1498|dollariraqi:1498|iqborsa:1498
2024-08-15,baghdad_harithiya,1,1,1498.0,1498.0,1498.0,1498.0,0.0,0.0,,dollariraqi:1498
2024-08-15,erbil,1,1,1496.5,1498.5,1498.5,1498.5,0.0,0.0,,dollariraqi:1498.5
2024-08-18,baghdad_generic,3,3,1493.08,1490.83,1490.0,1492.5,2.5,0.168,,dollar_price:1492.5|dollariraqi:1490|iqborsa:1490
2024-08-18,basra,2,2,1493.0,1491.5,1490.0,1493.0,3.0,0.201,,dollar_price:1493|dollariraqi:1490
2024-08-18,erbil,2,2,1494.75,1494.75,1494.5,1495.0,0.5,0.033,,dollar_price:1494.5|dollariraqi:1495
2024-08-19,baghdad_generic,2,2,1490.5,1491.5,1491.0,1492.0,1.0,0.067,,dollar_price:1491|iqborsa:1492
2024-08-19,baghdad_harithiya,1,1,1489.5,1492.5,1492.5,1492.5,0.0,0.0,,dollariraqi:1492.5
2024-08-19,baghdad_karrada,1,1,1489.5,1489.5,1489.5,1489.5,0.0,0.0,,dollariraqi:1489.5
2024-08-19,baghdad_kifah,1,1,1489.0,1490.5,1490.5,1490.5,0.0,0.0,,dollariraqi:1490.5
2024-08-19,erbil,1,1,1490.0,1492.5,1492.5,1492.5,0.0,0.0,,dollariraqi:1492.5
2024-08-20,baghdad_generic,3,3,1493.0,1493.17,1493.0,1493.5,0.5,0.033,,dollar_price:1493|dollariraqi:1493|iqborsa:1493.5
2024-08-20,baghdad_harithiya,1,1,1493.0,1493.5,1493.5,1493.5,0.0,0.0,,dollariraqi:1493.5
2024-08-20,baghdad_kifah,1,1,1493.5,1495.0,1495.0,1495.0,0.0,0.0,,dollariraqi:1495
2024-08-20,basra,1,1,1492.0,1492.0,1492.0,1492.0,0.0,0.0,,dollariraqi:1492
2024-08-20,erbil,1,1,1494.0,1495.0,1495.0,1495.0,0.0,0.0,,dollariraqi:1495
2024-08-21,baghdad_generic,2,2,1494.25,1494.5,1494.0,1495.0,1.0,0.067,,dollar_price:1494|iqborsa:1495
2024-08-21,baghdad_harithiya,1,1,1494.5,1495.0,1495.0,1495.0,0.0,0.0,,dollariraqi:1495
2024-08-21,baghdad_karrada,1,1,1494.5,1494.5,1494.5,1494.5,0.0,0.0,,dollariraqi:1494.5
2024-08-21,basra,1,1,1493.0,1493.0,1493.0,1493.0,0.0,0.0,,dollariraqi:1493
2024-08-21,erbil,1,1,1495.0,1495.0,1495.0,1495.0,0.0,0.0,,dollariraqi:1495
2024-08-22,baghdad_generic,1,1,1493.5,1493.5,1493.5,1493.5,0.0,0.0,,iqborsa:1493.5
2024-08-22,baghdad_harithiya,1,1,1494.0,1494.0,1494.0,1494.0,0.0,0.0,,dollariraqi:1494
2024-08-22,baghdad_karrada,1,1,1493.0,1493.0,1493.0,1493.0,0.0,0.0,,dollariraqi:1493
2024-08-22,baghdad_shorja,1,1,1494.0,1494.0,1494.0,1494.0,0.0,0.0,,dollariraqi:1494
2024-08-22,erbil,1,1,1494.0,1494.5,1494.5,1494.5,0.0,0.0,,dollariraqi:1494.5
2024-08-25,baghdad_generic,3,3,1494.83,1496.0,1493.0,1497.5,4.5,0.301,,dollar_price:1497.5|dollariraqi:1493|iqborsa:1497.5
2024-08-25,basra,1,1,1494.0,1494.0,1494.0,1494.0,0.0,0.0,,dollariraqi:1494
2024-08-25,erbil,1,1,1494.5,1495.0,1495.0,1495.0,0.0,0.0,,dollariraqi:1495
2024-08-26,baghdad_generic,2,2,1492.5,1491.5,1491.5,1491.5,0.0,0.0,,dollar_price:1491.5|iqborsa:1491.5
2024-08-26,baghdad_harithiya,1,1,1492.5,1492.5,1492.5,1492.5,0.0,0.0,,dollariraqi:1492.5
2024-08-26,baghdad_shorja,1,1,1492.0,1492.0,1492.0,1492.0,0.0,0.0,,dollariraqi:1492
2024-08-26,erbil,1,1,1492.0,1492.0,1492.0,1492.0,0.0,0.0,,dollariraqi:1492
2024-08-27,baghdad_generic,2,2,1444.0,1487.75,1487.5,1488.0,0.5,0.034,,dollariraqi:1488|iqborsa:1487.5
2024-08-27,baghdad_harithiya,1,1,1489.5,1489.5,1489.5,1489.5,0.0,0.0,,dollariraqi:1489.5
2024-08-27,baghdad_karrada,1,1,1489.0,1489.0,1489.0,1489.0,0.0,0.0,,dollariraqi:1489
2024-08-27,baghdad_kifah,1,1,1490.5,1489.0,1489.0,1489.0,0.0,0.0,,dollariraqi:1489
2024-08-27,erbil,1,1,1490.0,1488.5,1488.5,1488.5,0.0,0.0,,dollariraqi:1488.5
2024-08-28,baghdad_generic,2,2,1489.5,1491.75,1491.0,1492.5,1.5,0.101,,dollar_price:1491|iqborsa:1492.5
2024-08-28,baghdad_harithiya,1,1,1488.5,1492.0,1492.0,1492.0,0.0,0.0,,dollariraqi:1492
2024-08-28,baghdad_kifah,1,1,1491.0,1491.0,1491.0,1491.0,0.0,0.0,,dollariraqi:1491
2024-08-28,baghdad_samawal,1,1,1488.5,1488.5,1488.5,1488.5,0.0,0.0,,dollariraqi:1488.5
2024-08-28,erbil,1,1,1488.5,1491.0,1491.0,1491.0,0.0,0.0,,dollariraqi:1491
2024-08-29,baghdad_generic,3,3,1492.83,1493.17,1492.5,1493.5,1.0,0.067,,dollar_price:1492.5|dollariraqi:1493.5|iqborsa:1493.5
2024-08-29,baghdad_kifah,1,1,1493.5,1493.5,1493.5,1493.5,0.0,0.0,,dollariraqi:1493.5
2024-08-29,erbil,1,1,1494.0,1492.0,1492.0,1492.0,0.0,0.0,,dollariraqi:1492
2024-09-01,baghdad_generic,3,3,1491.17,1491.17,1491.0,1491.5,0.5,0.034,,dollar_price:1491|dollariraqi:1491|iqborsa:1491.5
2024-09-01,basra,1,1,1491.0,1491.0,1491.0,1491.0,0.0,0.0,,dollariraqi:1491
2024-09-01,erbil,1,1,1491.0,1490.5,1490.5,1490.5,0.0,0.0,,dollariraqi:1490.5
2024-09-02,baghdad_generic,2,2,1493.0,1495.0,1493.0,1497.0,4.0,0.268,,dollar_price:1493|iqborsa:1497
2024-09-02,baghdad_harithiya,1,1,1493.5,1493.5,1493.5,1493.5,0.0,0.0,,dollariraqi:1493.5
2024-09-02,baghdad_kifah,1,1,1493.0,1493.0,1493.0,1493.0,0.0,0.0,,dollariraqi:1493
2024-09-02,erbil,1,1,1492.5,1492.5,1492.5,1492.5,0.0,0.0,,dollariraqi:1492.5
2024-09-03,baghdad_generic,2,2,1494.5,1493.5,1493.0,1494.0,1.0,0.067,,dollar_price:1494|iqborsa:1493
2024-09-03,baghdad_harithiya,1,1,1495.0,1493.5,1493.5,1493.5,0.0,0.0,,dollariraqi:1493.5
2024-09-03,baghdad_kifah,1,1,1495.5,1494.0,1494.0,1494.0,0.0,0.0,,dollariraqi:1494
2024-09-03,basra,1,1,1494.0,1494.0,1494.0,1494.0,0.0,0.0,,dollariraqi:1494
2024-09-03,erbil,1,1,1496.0,1493.0,1493.0,1493.0,0.0,0.0,,dollariraqi:1493
2024-09-04,baghdad_generic,2,2,1493.75,1494.5,1494.5,1494.5,0.0,0.0,,dollar_price:1494.5|iqborsa:1494.5
2024-09-04,baghdad_harithiya,1,1,1493.5,1494.0,1494.0,1494.0,0.0,0.0,,dollariraqi:1494
2024-09-04,baghdad_kifah,1,1,1493.5,1494.5,1494.5,1494.5,0.0,0.0,,dollariraqi:1494.5
2024-09-04,basra,1,1,1493.0,1493.0,1493.0,1493.0,0.0,0.0,,dollariraqi:1493
2024-09-04,erbil,1,1,1493.5,1493.0,1493.0,1493.0,0.0,0.0,,dollariraqi:1493
2024-09-05,baghdad_generic,2,2,1494.0,1495.0,1494.0,1496.0,2.0,0.134,,dollar_price:1494|iqborsa:1496
2024-09-05,baghdad_harithiya,1,1,1494.0,1494.0,1494.0,1494.0,0.0,0.0,,dollariraqi:1494
2024-09-05,baghdad_kifah,1,1,1494.0,1494.0,1494.0,1494.0,0.0,0.0,,dollariraqi:1494
2024-09-05,basra,1,1,1493.0,1493.0,1493.0,1493.0,0.0,0.0,,dollariraqi:1493
2024-09-05,erbil,1,1,1493.5,1494.0,1494.0,1494.0,0.0,0.0,,dollariraqi:1494
2024-09-08,baghdad_generic,2,2,1495.5,1496.0,1496.0,1496.0,0.0,0.0,,dollar_price:1496|iqborsa:1496
2024-09-08,baghdad_harithiya,1,1,1495.0,1498.0,1498.0,1498.0,0.0,0.0,,dollariraqi:1498
2024-09-08,baghdad_kifah,1,1,1495.0,1497.0,1497.0,1497.0,0.0,0.0,,dollariraqi:1497
2024-09-08,basra,1,1,1495.0,1495.5,1495.5,1495.5,0.0,0.0,,dollariraqi:1495.5
2024-09-08,erbil,1,1,1496.0,1497.75,1497.75,1497.75,0.0,0.0,,dollariraqi:1497.75
2024-09-09,baghdad_generic,2,2,1499.0,1500.25,1500.0,1500.5,0.5,0.033,,dollar_price:1500|iqborsa:1500.5
2024-09-09,baghdad_harithiya,1,1,1499.0,1499.0,1499.0,1499.0,0.0,0.0,,dollariraqi:1499
2024-09-09,baghdad_kifah,1,1,1499.0,1499.0,1499.0,1499.0,0.0,0.0,,dollariraqi:1499
2024-09-09,basra,1,1,1497.0,1497.0,1497.0,1497.0,0.0,0.0,,dollariraqi:1497
2024-09-09,erbil,1,1,1499.0,1499.0,1499.0,1499.0,0.0,0.0,,dollariraqi:1499
2024-09-10,baghdad_generic,2,2,1499.25,1499.5,1499.5,1499.5,0.0,0.0,,dollar_price:1499.5|iqborsa:1499.5
2024-09-10,baghdad_harithiya,1,1,1500.0,1499.25,1499.25,1499.25,0.0,0.0,,dollariraqi:1499.25
2024-09-10,baghdad_kifah,1,1,1499.0,1499.5,1499.5,1499.5,0.0,0.0,,dollariraqi:1499.5
2024-09-10,basra,1,1,1497.0,1498.0,1498.0,1498.0,0.0,0.0,,dollariraqi:1498
2024-09-10,erbil,1,1,1499.0,1499.25,1499.25,1499.25,0.0,0.0,,dollariraqi:1499.25
2024-09-11,baghdad_generic,2,2,1497.25,1497.0,1496.5,1497.5,1.0,0.067,,dollar_price:1497.5|iqborsa:1496.5
2024-09-11,baghdad_harithiya,1,1,1498.5,1498.5,1498.5,1498.5,0.0,0.0,,dollariraqi:1498.5
2024-09-11,baghdad_kifah,1,1,1498.5,1498.5,1498.5,1498.5,0.0,0.0,,dollariraqi:1498.5
2024-09-11,basra,1,1,1497.0,1497.0,1497.0,1497.0,0.0,0.0,,dollariraqi:1497
2024-09-11,erbil,1,1,1498.5,1498.5,1498.5,1498.5,0.0,0.0,,dollariraqi:1498.5
2024-09-12,baghdad_generic,2,2,1497.25,1498.0,1498.0,1498.0,0.0,0.0,,dollar_price:1498|iqborsa:1498
2024-09-12,baghdad_harithiya,1,1,1496.5,1496.5,1496.5,1496.5,0.0,0.0,,dollariraqi:1496.5
2024-09-12,baghdad_kifah,1,1,1495.75,1496.0,1496.0,1496.0,0.0,0.0,,dollariraqi:1496
2024-09-12,basra,1,1,1495.5,1496.0,1496.0,1496.0,0.0,0.0,,dollariraqi:1496
2024-09-12,erbil,1,1,1497.0,1497.5,1497.5,1497.5,0.0,0.0,,dollariraqi:1497.5
2024-09-15,baghdad_generic,2,2,1499.0,1498.75,1498.5,1499.0,0.5,0.033,,dollar_price:1499|iqborsa:1498.5
2024-09-15,baghdad_harithiya,1,1,1499.5,1499.5,1499.5,1499.5,0.0,0.0,,dollariraqi:1499.5
2024-09-15,basra,1,1,1498.5,1498.5,1498.5,1498.5,0.0,0.0,,dollariraqi:1498.5
2024-09-15,erbil,1,1,1500.0,1500.0,1500.0,1500.0,0.0,0.0,,dollariraqi:1500
2024-09-16,baghdad_generic,2,2,1500.5,1500.75,1499.0,1502.5,3.5,0.233,,dollariraqi:1502.5|iqborsa:1499
2024-09-16,baghdad_harithiya,2,2,1499.5,1499.5,1499.5,1499.5,0.0,0.0,,dollar_price:1499.5|dollariraqi:1499.5
2024-09-16,baghdad_kifah,2,2,1498.75,1499.0,1499.0,1499.0,0.0,0.0,,dollar_price:1499|dollariraqi:1499
2024-09-16,basra,1,1,1498.5,1498.5,1498.5,1498.5,0.0,0.0,,dollar_price:1498.5
2024-09-16,erbil,2,2,1500.0,1500.0,1500.0,1500.0,0.0,0.0,,dollar_price:1500|dollariraqi:1500
2024-09-17,baghdad_generic,1,1,1499.5,1500.5,1500.5,1500.5,0.0,0.0,,iqborsa:1500.5
2024-09-17,baghdad_kifah,2,2,1500.5,1501.0,1501.0,1501.0,0.0,0.0,,dollar_price:1501|dollariraqi:1501
2024-09-17,erbil,2,2,1502.75,1503.0,1503.0,1503.0,0.0,0.0,,dollar_price:1503|dollariraqi:1503
2024-09-18,baghdad_generic,3,3,1499.17,1498.0,1496.0,1499.5,3.5,0.234,,dollar_price:1499.5|dollariraqi:1498.5|iqborsa:1496
2024-09-18,basra,2,2,1498.63,1498.63,1498.25,1499.0,0.75,0.05,,dollar_price:1499|dollariraqi:1498.25
2024-09-18,erbil,2,2,1500.63,1500.63,1500.0,1501.25,1.25,0.083,,dollar_price:1500|dollariraqi:1501.25
2024-09-19,baghdad_generic,2,2,1500.25,1500.25,1498.0,1502.5,4.5,0.3,,dollar_price:1502.5|iqborsa:1498
2024-09-19,baghdad_harithiya,1,1,1499.0,1499.0,1499.0,1499.0,0.0,0.0,,dollariraqi:1499
2024-09-19,baghdad_kifah,1,1,1499.5,1499.5,1499.5,1499.5,0.0,0.0,,dollariraqi:1499.5
2024-09-19,basra,1,1,1499.0,1499.0,1499.0,1499.0,0.0,0.0,,dollar_price:1499
2024-09-19,erbil,2,2,1500.75,1502.0,1501.0,1503.0,2.0,0.133,,dollar_price:1503|dollariraqi:1501
2024-09-22,baghdad_generic,2,2,1500.0,1499.75,1497.5,1502.0,4.5,0.3,,dollar_price:1502|iqborsa:1497.5
2024-09-22,baghdad_kifah,1,1,1497.5,1497.5,1497.5,1497.5,0.0,0.0,,dollariraqi:1497.5
2024-09-22,basra,1,1,1500.0,1500.0,1500.0,1500.0,0.0,0.0,,dollar_price:1500
2024-09-22,erbil,2,2,1499.38,1499.38,1498.25,1500.5,2.25,0.15,,dollar_price:1500.5|dollariraqi:1498.25
2024-09-23,baghdad_generic,3,3,1499.83,1499.83,1498.0,1502.5,4.5,0.3,,dollar_price:1502.5|dollariraqi:1498|iqborsa:1499
2024-09-23,baghdad_kifah,1,1,1499.0,1499.0,1499.0,1499.0,0.0,0.0,,dollariraqi:1499
2024-09-23,basra,1,1,1499.0,1499.0,1499.0,1499.0,0.0,0.0,,dollar_price:1499
2024-09-23,erbil,2,2,1500.75,1501.25,1500.0,1502.5,2.5,0.167,,dollar_price:1502.5|dollariraqi:1500
2024-09-24,baghdad_generic,3,3,1503.67,1503.67,1502.5,1505.0,2.5,0.166,,dollar_price:1502.5|dollariraqi:1505|iqborsa:1503.5
2024-09-24,baghdad_harithiya,1,1,1505.5,1505.5,1505.5,1505.5,0.0,0.0,,dollariraqi:1505.5
2024-09-24,baghdad_kifah,1,1,1504.0,1506.0,1506.0,1506.0,0.0,0.0,,dollariraqi:1506
2024-09-24,basra,2,2,1502.0,1502.0,1500.0,1504.0,4.0,0.266,,dollar_price:1500|dollariraqi:1504
2024-09-24,erbil,2,2,1503.75,1504.5,1503.5,1505.5,2.0,0.133,,dollar_price:1503.5|dollariraqi:1505.5
2024-09-25,baghdad_generic,2,2,1507.0,1509.25,1505.0,1513.5,8.5,0.563,,dollar_price:1505|iqborsa:1513.5
2024-09-25,baghdad_harithiya,1,1,1517.0,1516.0,1516.0,1516.0,0.0,0.0,,dollariraqi:1516
2024-09-25,baghdad_karrada,1,1,1515.5,1515.5,1515.5,1515.5,0.0,0.0,,dollariraqi:1515.5
2024-09-25,baghdad_kifah,1,1,1516.0,1516.0,1516.0,1516.0,0.0,0.0,,dollariraqi:1516
2024-09-25,basra,2,2,1506.0,1506.0,1500.0,1512.0,12.0,0.797,,dollar_price:1500|dollariraqi:1512
2024-09-25,erbil,3,3,1512.17,1513.0,1506.5,1516.5,10.0,0.661,,dollar_price:1506.5|dollariraqi:1516.5|iqborsa:1516
2024-09-26,baghdad_generic,2,2,1514.5,1513.75,1512.5,1515.0,2.5,0.165,,dollar_price:1515|iqborsa:1512.5
2024-09-26,baghdad_harithiya,1,1,1518.5,1514.0,1514.0,1514.0,0.0,0.0,,dollariraqi:1514
2024-09-26,baghdad_kifah,1,1,1518.0,1515.5,1515.5,1515.5,0.0,0.0,,dollariraqi:1515.5
2024-09-26,basra,2,2,1516.5,1514.25,1511.0,1517.5,6.5,0.429,,dollar_price:1517.5|dollariraqi:1511
2024-09-26,erbil,2,2,1518.75,1515.75,1513.0,1518.5,5.5,0.363,,dollar_price:1518.5|dollariraqi:1513
2024-09-29,baghdad_generic,2,2,1519.5,1519.5,1514.0,1525.0,11.0,0.724,,dollar_price:1525|iqborsa:1514
2024-09-29,baghdad_harithiya,1,1,1516.0,1516.0,1516.0,1516.0,0.0,0.0,,dollariraqi:1516
2024-09-29,baghdad_kifah,1,1,1515.5,1515.5,1515.5,1515.5,0.0,0.0,,dollariraqi:1515.5
2024-09-29,basra,2,2,1510.0,1510.0,1505.0,1515.0,10.0,0.662,,dollar_price:1505|dollariraqi:1515
2024-09-29,erbil,2,2,1516.75,1516.75,1516.5,1517.0,0.5,0.033,,dollar_price:1517|dollariraqi:1516.5
2024-09-30,baghdad_generic,2,2,1518.0,1517.5,1515.0,1520.0,5.0,0.329,,dollar_price:1520|iqborsa:1515
2024-09-30,baghdad_harithiya,1,1,1516.0,1516.0,1516.0,1516.0,0.0,0.0,,dollariraqi:1516
2024-09-30,baghdad_kifah,1,1,1516.0,1516.0,1516.0,1516.0,0.0,0.0,,dollariraqi:1516
2024-09-30,basra,2,2,1516.0,1516.0,1514.5,1517.5,3.0,0.198,,dollar_price:1517.5|dollariraqi:1514.5
2024-09-30,erbil,2,2,1516.0,1516.0,1514.5,1517.5,3.0,0.198,,dollar_price:1517.5|dollariraqi:1514.5
2024-10-01,baghdad_generic,2,2,1518.75,1519.0,1518.0,1520.0,2.0,0.132,,dollar_price:1520|iqborsa:1518
2024-10-01,baghdad_harithiya,1,1,1518.0,1518.0,1518.0,1518.0,0.0,0.0,,dollariraqi:1518
2024-10-01,baghdad_kifah,1,1,1518.0,1523.5,1523.5,1523.5,0.0,0.0,,dollariraqi:1523.5
2024-10-01,basra,2,2,1518.5,1518.5,1517.0,1520.0,3.0,0.198,,dollar_price:1520|dollariraqi:1517
2024-10-01,erbil,2,2,1520.5,1520.5,1518.5,1522.5,4.0,0.263,,dollar_price:1522.5|dollariraqi:1518.5
2024-10-02,baghdad_generic,3,3,1530.5,1533.83,1532.5,1535.0,2.5,0.163,,dollar_price:1532.5|dollariraqi:1534|iqborsa:1535
2024-10-02,baghdad_harithiya,1,1,1526.0,1530.0,1530.0,1530.0,0.0,0.0,,dollariraqi:1530
2024-10-02,baghdad_kifah,1,1,1525.0,1534.5,1534.5,1534.5,0.0,0.0,,dollariraqi:1534.5
2024-10-02,basra,2,2,1528.75,1530.75,1526.5,1535.0,8.5,0.555,,dollar_price:1535|dollariraqi:1526.5
2024-10-02,erbil,3,3,1533.17,1536.17,1532.0,1539.0,7.0,0.456,,dollar_price:1537.5|dollariraqi:1539|iqborsa:1532
2024-10-03,baghdad_generic,3,3,1532.5,1532.5,1527.5,1540.0,12.5,0.816,,dollar_price:1540|dollariraqi:1530|iqborsa:1527.5
2024-10-03,baghdad_harithiya,1,1,1533.0,1532.0,1532.0,1532.0,0.0,0.0,,dollariraqi:1532
2024-10-03,baghdad_kifah,1,1,1533.0,1531.0,1531.0,1531.0,0.0,0.0,,dollariraqi:1531
2024-10-03,basra,1,1,1540.0,1540.0,1540.0,1540.0,0.0,0.0,,dollar_price:1540
2024-10-03,erbil,2,2,1539.25,1537.5,1530.0,1545.0,15.0,0.976,,dollar_price:1545|dollariraqi:1530
2024-10-06,baghdad_generic,3,2,1541.75,1541.75,1541.0,1570.0,29.0,1.881,dollariraqi,dollar_price:1542.5|dollariraqi:1570|iqborsa:1541
2024-10-06,baghdad_harithiya,1,1,1542.0,1555.0,1555.0,1555.0,0.0,0.0,,dollariraqi:1555
2024-10-06,baghdad_kifah,1,1,1550.0,1558.5,1558.5,1558.5,0.0,0.0,,dollariraqi:1558.5
2024-10-06,basra,2,2,1546.5,1544.0,1540.0,1548.0,8.0,0.518,,dollar_price:1540|dollariraqi:1548
2024-10-06,erbil,2,2,1545.0,1552.0,1545.0,1559.0,14.0,0.902,,dollar_price:1545|dollariraqi:1559
2024-10-07,baghdad_generic,2,2,1550.75,1546.25,1535.0,1557.5,22.5,1.455,,dollar_price:1557.5|iqborsa:1535
2024-10-07,baghdad_harithiya,1,1,1547.0,1540.0,1540.0,1540.0,0.0,0.0,,dollariraqi:1540
2024-10-07,baghdad_karrada,1,1,1547.0,1543.0,1543.0,1543.0,0.0,0.0,,dollariraqi:1543
2024-10-07,baghdad_kifah,1,1,1547.0,1546.0,1546.0,1546.0,0.0,0.0,,dollariraqi:1546
2024-10-07,baghdad_samawal,1,1,1541.0,1541.0,1541.0,1541.0,0.0,0.0,,dollariraqi:1541
2024-10-07,basra,2,2,1545.25,1541.75,1536.0,1547.5,11.5,0.746,,dollar_price:1547.5|dollariraqi:1536
2024-10-07,erbil,3,2,1552.5,1534.25,1528.0,1559.5,31.5,2.053,dollar_price,dollar_price:1559.5|dollariraqi:1540.5|iqborsa:1528
2024-10-08,baghdad_generic,3,3,1536.33,1534.5,1524.5,1542.5,18.0,1.173,,dollar_price:1542.5|dollariraqi:1536.5|iqborsa:1524.5
2024-10-08,baghdad_harithiya,1,1,1533.0,1531.5,1531.5,1531.5,0.0,0.0,,dollariraqi:1531.5
2024-10-08,baghdad_kifah,1,1,1531.5,1531.0,1531.0,1531.0,0.0,0.0,,dollariraqi:1531
2024-10-08,basra,2,2,1533.5,1533.5,1529.5,1537.5,8.0,0.522,,dollar_price:1537.5|dollariraqi:1529.5
2024-10-08,erbil,2,2,1538.0,1538.5,1534.5,1542.5,8.0,0.52,,dollar_price:1542.5|dollariraqi:1534.5
2024-10-09,baghdad_generic,3,3,1528.83,1530.17,1528.0,1532.5,4.5,0.294,,dollar_price:1530|dollariraqi:1528|iqborsa:1532.5
2024-10-09,baghdad_kifah,1,1,1529.5,1534.0,1534.0,1534.0,0.0,0.0,,dollariraqi:1534
2024-10-09,basra,2,2,1527.75,1529.75,1528.5,1531.0,2.5,0.163,,dollar_price:1528.5|dollariraqi:1531
2024-10-09,erbil,2,2,1532.5,1534.25,1533.5,1535.0,1.5,0.098,,dollar_price:1535|dollariraqi:1533.5
2024-10-10,baghdad_generic,3,3,1537.67,1540.5,1538.0,1545.0,7.0,0.454,,dollar_price:1545|dollariraqi:1538.5|iqborsa:1538
2024-10-10,baghdad_kifah,1,1,1537.5,1538.0,1538.0,1538.0,0.0,0.0,,dollariraqi:1538
2024-10-10,basra,2,2,1534.5,1534.5,1534.0,1535.0,1.0,0.065,,dollar_price:1535|dollariraqi:1534
2024-10-10,erbil,2,2,1538.0,1539.0,1538.0,1540.0,2.0,0.13,,dollar_price:1538|dollariraqi:1540
2024-10-13,baghdad_generic,3,3,1534.17,1532.5,1525.0,1542.5,17.5,1.142,,dollar_price:1542.5|dollariraqi:1530|iqborsa:1525
2024-10-13,baghdad_harithiya,1,1,1526.0,1526.0,1526.0,1526.0,0.0,0.0,,dollariraqi:1526
2024-10-13,baghdad_kifah,1,1,1529.0,1526.0,1526.0,1526.0,0.0,0.0,,dollariraqi:1526
2024-10-13,baghdad_samawal,1,1,1527.0,1527.0,1527.0,1527.0,0.0,0.0,,dollariraqi:1527
2024-10-13,basra,1,1,1537.5,1537.5,1537.5,1537.5,0.0,0.0,,dollar_price:1537.5
2024-10-13,erbil,2,2,1534.5,1530.63,1525.75,1535.5,9.75,0.637,,dollar_price:1535.5|dollariraqi:1525.75
2024-10-14,baghdad_generic,2,2,1531.75,1532.5,1530.0,1535.0,5.0,0.326,,dollar_price:1535|iqborsa:1530
2024-10-14,baghdad_harithiya,1,1,1532.0,1532.0,1532.0,1532.0,0.0,0.0,,dollariraqi:1532
2024-10-14,baghdad_karrada,1,1,1530.5,1530.5,1530.5,1530.5,0.0,0.0,,dollariraqi:1530.5
2024-10-14,baghdad_kifah,1,1,1530.0,1530.0,1530.0,1530.0,0.0,0.0,,dollariraqi:1530
2024-10-14,basra,2,2,1529.0,1530.0,1530.0,1530.0,0.0,0.0,,dollar_price:1530|dollariraqi:1530
2024-10-14,erbil,2,2,1531.75,1532.75,1532.5,1533.0,0.5,0.033,,dollar_price:1532.5|dollariraqi:1533
2024-10-15,baghdad_generic,2,2,1530.0,1529.5,1529.0,1530.0,1.0,0.065,,dollar_price:1530|iqborsa:1529
2024-10-15,baghdad_karrada,1,1,1531.0,1531.0,1531.0,1531.0,0.0,0.0,,dollariraqi:1531
2024-10-15,baghdad_kifah,1,1,1530.0,1529.5,1529.5,1529.5,0.0,0.0,,dollariraqi:1529.5
2024-10-15,baghdad_samawal,1,1,1529.5,1530.0,1530.0,1530.0,0.0,0.0,,dollariraqi:1530
2024-10-15,basra,2,2,1533.25,1533.25,1529.0,1537.5,8.5,0.554,,dollar_price:1537.5|dollariraqi:1529
2024-10-15,erbil,2,2,1534.0,1533.38,1531.25,1535.5,4.25,0.277,,dollar_price:1535.5|dollariraqi:1531.25
2024-10-16,baghdad_generic,3,3,1530.33,1531.0,1528.0,1535.0,7.0,0.457,,dollar_price:1530|dollariraqi:1535|iqborsa:1528
2024-10-16,baghdad_harithiya,1,1,1528.0,1530.0,1530.0,1530.0,0.0,0.0,,dollariraqi:1530
2024-10-16,baghdad_kifah,1,1,1527.0,1529.0,1529.0,1529.0,0.0,0.0,,dollariraqi:1529
2024-10-16,basra,2,2,1528.0,1528.0,1526.0,1530.0,4.0,0.262,,dollar_price:1530|dollariraqi:1526
2024-10-16,erbil,2,2,1533.25,1534.25,1531.0,1537.5,6.5,0.424,,dollar_price:1537.5|dollariraqi:1531
2024-10-17,baghdad_generic,3,3,1532.0,1531.67,1529.0,1535.0,6.0,0.392,,dollar_price:1535|dollariraqi:1531|iqborsa:1529
2024-10-17,baghdad_kifah,1,1,1531.0,1531.0,1531.0,1531.0,0.0,0.0,,dollariraqi:1531
2024-10-17,basra,2,2,1530.75,1530.75,1529.0,1532.5,3.5,0.229,,dollar_price:1532.5|dollariraqi:1529
2024-10-17,erbil,2,2,1536.5,1536.25,1534.0,1538.5,4.5,0.293,,dollar_price:1538.5|dollariraqi:1534
2024-10-20,baghdad_generic,3,3,1528.67,1529.0,1526.0,1535.0,9.0,0.589,,dollar_price:1535|dollariraqi:1526|iqborsa:1526
2024-10-20,baghdad_harithiya,1,1,1525.5,1528.0,1528.0,1528.0,0.0,0.0,,dollariraqi:1528
2024-10-20,baghdad_kifah,1,1,1525.5,1527.5,1527.5,1527.5,0.0,0.0,,dollariraqi:1527.5
2024-10-20,basra,2,2,1527.0,1527.0,1526.5,1527.5,1.0,0.065,,dollar_price:1527.5|dollariraqi:1526.5
2024-10-20,erbil,2,2,1529.25,1528.5,1528.5,1528.5,0.0,0.0,,dollar_price:1528.5|dollariraqi:1528.5
2024-10-21,baghdad_generic,3,3,1533.17,1531.67,1525.0,1540.0,15.0,0.979,,dollar_price:1540|dollariraqi:1530|iqborsa:1525
2024-10-21,baghdad_harithiya,1,1,1530.0,1525.5,1525.5,1525.5,0.0,0.0,,dollariraqi:1525.5
2024-10-21,baghdad_karrada,1,1,1526.5,1526.5,1526.5,1526.5,0.0,0.0,,dollariraqi:1526.5
2024-10-21,baghdad_kifah,1,1,1529.5,1525.0,1525.0,1525.0,0.0,0.0,,dollariraqi:1525
2024-10-21,basra,2,2,1534.5,1534.5,1529.0,1540.0,11.0,0.717,,dollar_price:1540|dollariraqi:1529
2024-10-21,erbil,2,2,1533.0,1530.0,1526.5,1533.5,7.0,0.458,,dollar_price:1533.5|dollariraqi:1526.5
2024-10-22,baghdad_generic,2,2,1530.75,1530.25,1525.5,1535.0,9.5,0.621,,dollar_price:1535|iqborsa:1525.5
2024-10-22,baghdad_harithiya,1,1,1525.5,1525.5,1525.5,1525.5,0.0,0.0,,dollariraqi:1525.5
2024-10-22,baghdad_kifah,1,1,1526.0,1526.0,1526.0,1526.0,0.0,0.0,,dollariraqi:1526
2024-10-22,basra,1,1,1525.0,1525.0,1525.0,1525.0,0.0,0.0,,dollar_price:1525
2024-10-22,erbil,2,2,1532.25,1532.25,1527.0,1537.5,10.5,0.685,,dollar_price:1537.5|dollariraqi:1527
2024-10-23,baghdad_generic,3,3,1527.17,1526.67,1524.5,1530.0,5.5,0.36,,dollar_price:1530|dollariraqi:1524.5|iqborsa:1525.5
2024-10-23,baghdad_harithiya,1,1,1527.5,1526.0,1526.0,1526.0,0.0,0.0,,dollariraqi:1526
2024-10-23,baghdad_karrada,1,1,1527.0,1527.0,1527.0,1527.0,0.0,0.0,,dollariraqi:1527
2024-10-23,baghdad_kifah,1,1,1526.0,1526.0,1526.0,1526.0,0.0,0.0,,dollariraqi:1526
2024-10-23,basra,2,2,1529.75,1529.75,1527.0,1532.5,5.5,0.36,,dollar_price:1532.5|dollariraqi:1527
2024-10-23,erbil,2,2,1531.25,1528.5,1524.5,1532.5,8.0,0.523,,dollar_price:1532.5|dollariraqi:1524.5
2024-10-24,baghdad_generic,2,2,1526.5,1527.0,1521.5,1532.5,11.0,0.72,,dollar_price:1532.5|iqborsa:1521.5
2024-10-24,baghdad_harithiya,1,1,1521.5,1522.25,1522.25,1522.25,0.0,0.0,,dollariraqi:1522.25
2024-10-24,baghdad_kifah,1,1,1522.0,1523.5,1523.5,1523.5,0.0,0.0,,dollariraqi:1523.5
2024-10-24,basra,2,2,1526.75,1526.75,1521.0,1532.5,11.5,0.753,,dollar_price:1532.5|dollariraqi:1521
2024-10-24,erbil,2,2,1528.25,1529.0,1525.5,1532.5,7.0,0.458,,dollar_price:1532.5|dollariraqi:1525.5
2024-10-27,amarah,1,1,1510.5,1510.5,1510.5,1510.5,0.0,0.0,,dollariraqi:1510.5
2024-10-27,baghdad_generic,3,3,1507.17,1508.0,1507.0,1510.0,3.0,0.199,,dollar_price:1510|dollariraqi:1507|iqborsa:1507
2024-10-27,baghdad_harithiya,1,1,1505.0,1505.5,1505.5,1505.5,0.0,0.0,,dollariraqi:1505.5
2024-10-27,baghdad_karrada,1,1,1506.0,1506.0,1506.0,1506.0,0.0,0.0,,dollariraqi:1506
2024-10-27,baghdad_kifah,1,1,1505.5,1506.0,1506.0,1506.0,0.0,0.0,,dollariraqi:1506
2024-10-27,baqubah,1,1,1510.0,1510.0,1510.0,1510.0,0.0,0.0,,dollariraqi:1510
2024-10-27,basra,2,2,1514.0,1515.25,1508.0,1522.5,14.5,0.957,,dollar_price:1522.5|dollariraqi:1508
2024-10-27,diwaniyah,1,1,1510.0,1510.0,1510.0,1510.0,0.0,0.0,,dollariraqi:1510
2024-10-27,erbil,2,2,1515.0,1514.0,1508.0,1520.0,12.0,0.793,,dollar_price:1520|dollariraqi:1508
2024-10-27,halabja,1,1,1510.5,1510.5,1510.5,1510.5,0.0,0.0,,dollariraqi:1510.5
2024-10-27,hillah,1,1,1510.0,1510.0,1510.0,1510.0,0.0,0.0,,dollariraqi:1510
2024-10-27,kut,1,1,1510.0,1510.0,1510.0,1510.0,0.0,0.0,,dollariraqi:1510
2024-10-27,nasiriyah,1,1,1510.0,1510.0,1510.0,1510.0,0.0,0.0,,dollariraqi:1510
2024-10-27,ramadi,1,1,1510.0,1510.0,1510.0,1510.0,0.0,0.0,,dollariraqi:1510
2024-10-27,samawah,1,1,1510.5,1510.5,1510.5,1510.5,0.0,0.0,,dollariraqi:1510.5
2024-10-27,tikrit,1,1,1510.0,1510.0,1510.0,1510.0,0.0,0.0,,dollariraqi:1510
2024-10-28,amarah,1,1,1510.5,1510.5,1510.5,1510.5,0.0,0.0,,dollariraqi:1510.5
2024-10-28,baghdad_generic,3,3,1508.67,1508.83,1507.0,1510.0,3.0,0.199,,dollar_price:1510|dollariraqi:1507|iqborsa:1509.5
2024-10-28,baghdad_harithiya,1,1,1511.0,1509.75,1509.75,1509.75,0.0,0.0,,dollariraqi:1509.75
2024-10-28,baghdad_kifah,1,1,1512.0,1510.0,1510.0,1510.0,0.0,0.0,,dollariraqi:1510
2024-10-28,baqubah,1,1,1510.0,1510.0,1510.0,1510.0,0.0,0.0,,dollariraqi:1510
2024-10-28,basra,2,2,1510.0,1509.5,1509.0,1510.0,1.0,0.066,,dollar_price:1510|dollariraqi:1509
2024-10-28,diwaniyah,1,1,1510.0,1510.0,1510.0,1510.0,0.0,0.0,,dollariraqi:1510
2024-10-28,erbil,2,2,1513.25,1510.75,1509.0,1512.5,3.5,0.232,,dollar_price:1512.5|dollariraqi:1509
2024-10-28,halabja,1,1,1510.5,1510.5,1510.5,1510.5,0.0,0.0,,dollariraqi:1510.5
2024-10-28,hillah,1,1,1510.0,1510.0,1510.0,1510.0,0.0,0.0,,dollariraqi:1510
2024-10-28,kut,1,1,1510.0,1510.0,1510.0,1510.0,0.0,0.0,,dollariraqi:1510
2024-10-28,nasiriyah,1,1,1510.0,1510.0,1510.0,1510.0,0.0,0.0,,dollariraqi:1510
2024-10-28,ramadi,1,1,1510.0,1510.0,1510.0,1510.0,0.0,0.0,,dollariraqi:1510
2024-10-28,samawah,1,1,1510.5,1510.5,1510.5,1510.5,0.0,0.0,,dollariraqi:1510.5
2024-10-28,tikrit,1,1,1510.0,1510.0,1510.0,1510.0,0.0,0.0,,dollariraqi:1510
2024-10-29,amarah,1,1,1507.5,1507.5,1507.5,1507.5,0.0,0.0,,dollariraqi:1507.5
2024-10-29,baghdad_generic,3,3,1508.5,1508.33,1504.5,1515.0,10.5,0.696,,dollar_price:1515|dollariraqi:1505.5|iqborsa:1504.5
2024-10-29,baghdad_kifah,1,1,1506.0,1506.0,1506.0,1506.0,0.0,0.0,,dollariraqi:1506
2024-10-29,baqubah,1,1,1507.0,1507.0,1507.0,1507.0,0.0,0.0,,dollariraqi:1507
2024-10-29,basra,2,2,1506.75,1506.75,1506.0,1507.5,1.5,0.1,,dollar_price:1507.5|dollariraqi:1506
2024-10-29,diwaniyah,1,1,1507.0,1507.0,1507.0,1507.0,0.0,0.0,,dollariraqi:1507
2024-10-29,erbil,2,2,1511.0,1509.5,1506.0,1513.0,7.0,0.464,,dollar_price:1513|dollariraqi:1506
2024-10-29,halabja,1,1,1507.5,1507.5,1507.5,1507.5,0.0,0.0,,dollariraqi:1507.5
2024-10-29,hillah,1,1,1507.5,1507.5,1507.5,1507.5,0.0,0.0,,dollariraqi:1507.5
2024-10-29,kut,1,1,1507.0,1507.0,1507.0,1507.0,0.0,0.0,,dollariraqi:1507
2024-10-29,nasiriyah,1,1,1507.5,1507.5,1507.5,1507.5,0.0,0.0,,dollariraqi:1507.5
2024-10-29,ramadi,1,1,1507.5,1507.5,1507.5,1507.5,0.0,0.0,,dollariraqi:1507.5
2024-10-29,samawah,1,1,1507.5,1507.5,1507.5,1507.5,0.0,0.0,,dollariraqi:1507.5
2024-10-29,tikrit,1,1,1507.5,1507.5,1507.5,1507.5,0.0,0.0,,dollariraqi:1507.5
2024-10-30,amarah,1,1,1503.5,1503.5,1503.5,1503.5,0.0,0.0,,dollariraqi:1503.5
2024-10-30,baghdad_generic,3,3,1507.17,1507.17,1501.5,1517.5,16.0,1.062,,dollar_price:1517.5|dollariraqi:1501.5|iqborsa:1502.5
2024-10-30,baghdad_harithiya,1,1,1504.0,1504.0,1504.0,1504.0,0.0,0.0,,dollariraqi:1504
2024-10-30,baghdad_kifah,1,1,1504.0,1504.0,1504.0,1504.0,0.0,0.0,,dollariraqi:1504
2024-10-30,baqubah,1,1,1503.0,1503.0,1503.0,1503.0,0.0,0.0,,dollariraqi:1503
2024-10-30,basra,2,2,1504.0,1504.0,1502.0,1506.0,4.0,0.266,,dollar_price:1506|dollariraqi:1502
2024-10-30,diwaniyah,1,1,1503.0,1503.0,1503.0,1503.0,0.0,0.0,,dollariraqi:1503
2024-10-30,erbil,2,2,1508.75,1506.0,1502.0,1510.0,8.0,0.531,,dollar_price:1510|dollariraqi:1502
2024-10-30,halabja,1,1,1503.5,1503.5,1503.5,1503.5,0.0,0.0,,dollariraqi:1503.5
2024-10-30,hillah,1,1,1503.5,1503.5,1503.5,1503.5,0.0,0.0,,dollariraqi:1503.5
2024-10-30,kut,1,1,1503.0,1503.0,1503.0,1503.0,0.0,0.0,,dollariraqi:1503
2024-10-30,nasiriyah,1,1,1503.5,1503.5,1503.5,1503.5,0.0,0.0,,dollariraqi:1503.5
2024-10-30,ramadi,1,1,1503.5,1503.5,1503.5,1503.5,0.0,0.0,,dollariraqi:1503.5
2024-10-30,samawah,1,1,1503.5,1503.5,1503.5,1503.5,0.0,0.0,,dollariraqi:1503.5
2024-10-30,tikrit,1,1,1503.5,1503.5,1503.5,1503.5,0.0,0.0,,dollariraqi:1503.5
2024-10-31,amarah,1,1,1506.5,1506.5,1506.5,1506.5,0.0,0.0,,dollariraqi:1506.5
2024-10-31,baghdad_generic,3,3,1507.0,1507.83,1503.5,1512.5,9.0,0.597,,dollar_price:1512.5|dollariraqi:1503.5|iqborsa:1507.5
2024-10-31,baghdad_karrada,1,1,1502.5,1502.5,1502.5,1502.5,0.0,0.0,,dollariraqi:1502.5
2024-10-31,baghdad_kifah,1,1,1502.5,1502.5,1502.5,1502.5,0.0,0.0,,dollariraqi:1502.5
2024-10-31,baqubah,1,1,1506.0,1506.0,1506.0,1506.0,0.0,0.0,,dollariraqi:1506
2024-10-31,basra,2,2,1504.75,1506.25,1504.0,1508.5,4.5,0.299,,dollar_price:1508.5|dollariraqi:1504
2024-10-31,diwaniyah,1,1,1506.0,1506.0,1506.0,1506.0,0.0,0.0,,dollariraqi:1506
2024-10-31,erbil,2,2,1505.0,1505.0,1504.0,1506.0,2.0,0.133,,dollar_price:1506|dollariraqi:1504
2024-10-31,halabja,1,1,1506.5,1506.5,1506.5,1506.5,0.0,0.0,,dollariraqi:1506.5
2024-10-31,hillah,1,1,1506.5,1506.5,1506.5,1506.5,0.0,0.0,,dollariraqi:1506.5
2024-10-31,kut,1,1,1506.0,1506.0,1506.0,1506.0,0.0,0.0,,dollariraqi:1506
2024-10-31,nasiriyah,1,1,1506.5,1506.5,1506.5,1506.5,0.0,0.0,,dollariraqi:1506.5
2024-10-31,ramadi,1,1,1506.5,1506.5,1506.5,1506.5,0.0,0.0,,dollariraqi:1506.5
2024-10-31,samawah,1,1,1506.5,1506.5,1506.5,1506.5,0.0,0.0,,dollariraqi:1506.5
2024-10-31,tikrit,1,1,1506.5,1506.5,1506.5,1506.5,0.0,0.0,,dollariraqi:1506.5
2024-11-03,baghdad_generic,3,3,1511.67,1511.67,1507.5,1517.5,10.0,0.662,,dollar_price:1517.5|dollariraqi:1507.5|iqborsa:1510
2024-11-03,baghdad_harithiya,1,1,1507.5,1507.5,1507.5,1507.5,0.0,0.0,,dollariraqi:1507.5
2024-11-03,baghdad_kifah,1,1,1507.5,1509.0,1509.0,1509.0,0.0,0.0,,dollariraqi:1509
2024-11-03,basra,2,2,1506.0,1506.0,1505.0,1507.0,2.0,0.133,,dollar_price:1505|dollariraqi:1507
2024-11-03,erbil,2,2,1512.25,1512.5,1510.0,1515.0,5.0,0.331,,dollar_price:1515|dollariraqi:1510
2024-11-04,amarah,1,1,1511.5,1511.5,1511.5,1511.5,0.0,0.0,,dollariraqi:1511.5
2024-11-04,baghdad_generic,3,3,1514.67,1513.83,1509.0,1520.0,11.0,0.727,,dollar_price:1520|dollariraqi:1509|iqborsa:1512.5
2024-11-04,baghdad_harithiya,1,1,1510.5,1511.5,1511.5,1511.5,0.0,0.0,,dollariraqi:1511.5
2024-11-04,baghdad_karrada,1,1,1511.0,1511.0,1511.0,1511.0,0.0,0.0,,dollariraqi:1511
2024-11-04,baghdad_kifah,1,1,1510.0,1510.5,1510.5,1510.5,0.0,0.0,,dollariraqi:1510.5
2024-11-04,baqubah,1,1,1511.0,1511.0,1511.0,1511.0,0.0,0.0,,dollariraqi:1511
2024-11-04,basra,2,2,1511.75,1511.25,1510.0,1512.5,2.5,0.165,,dollar_price:1512.5|dollariraqi:1510
2024-11-04,diwaniyah,1,1,1511.0,1511.0,1511.0,1511.0,0.0,0.0,,dollariraqi:1511
2024-11-04,erbil,2,2,1514.0,1512.5,1510.0,1515.0,5.0,0.331,,dollar_price:1515|dollariraqi:1510
2024-11-04,halabja,1,1,1511.5,1511.5,1511.5,1511.5,0.0,0.0,,dollariraqi:1511.5
2024-11-04,hillah,1,1,1511.5,1511.5,1511.5,1511.5,0.0,0.0,,dollariraqi:1511.5
2024-11-04,kut,1,1,1511.0,1511.0,1511.0,1511.0,0.0,0.0,,dollariraqi:1511
2024-11-04,nasiriyah,1,1,1511.5,1511.5,1511.5,1511.5,0.0,0.0,,dollariraqi:1511.5
2024-11-04,ramadi,1,1,1511.5,1511.5,1511.5,1511.5,0.0,0.0,,dollariraqi:1511.5
2024-11-04,samawah,1,1,1511.5,1511.5,1511.5,1511.5,0.0,0.0,,dollariraqi:1511.5
2024-11-04,tikrit,1,1,1511.5,1511.5,1511.5,1511.5,0.0,0.0,,dollariraqi:1511.5
2024-11-05,amarah,1,1,1508.5,1508.5,1508.5,1508.5,0.0,0.0,,dollariraqi:1508.5
2024-11-05,baghdad_generic,3,3,1509.67,1509.67,1506.5,1512.5,6.0,0.397,,dollar_price:1512.5|dollariraqi:1506.5|iqborsa:1510
2024-11-05,baghdad_harithiya,1,1,1507.0,1506.0,1506.0,1506.0,0.0,0.0,,dollariraqi:1506
2024-11-05,baghdad_karrada,1,1,1507.0,1507.0,1507.0,1507.0,0.0,0.0,,dollariraqi:1507
2024-11-05,baghdad_kifah,1,1,1507.5,1507.0,1507.0,1507.0,0.0,0.0,,dollariraqi:1507
2024-11-05,baghdad_samawal,1,1,1506.75,1506.75,1506.75,1506.75,0.0,0.0,,dollariraqi:1506.75
2024-11-05,baqubah,1,1,1508.0,1508.0,1508.0,1508.0,0.0,0.0,,dollariraqi:1508
2024-11-05,basra,2,2,1509.75,1509.75,1507.0,1512.5,5.5,0.364,,dollar_price:1512.5|dollariraqi:1507
2024-11-05,diwaniyah,1,1,1509.0,1509.0,1509.0,1509.0,0.0,0.0,,dollariraqi:1509
2024-11-05,erbil,2,2,1511.5,1511.0,1507.0,1515.0,8.0,0.529,,dollar_price:1515|dollariraqi:1507
2024-11-05,halabja,1,1,1509.5,1509.5,1509.5,1509.5,0.0,0.0,,dollariraqi:1509.5
2024-11-05,hillah,1,1,1508.5,1508.5,1508.5,1508.5,0.0,0.0,,dollariraqi:1508.5
2024-11-05,kut,1,1,1509.0,1509.0,1509.0,1509.0,0.0,0.0,,dollariraqi:1509
2024-11-05,nasiriyah,1,1,1509.5,1509.5,1509.5,1509.5,0.0,0.0,,dollariraqi:1509.5
2024-11-05,ramadi,1,1,1508.5,1508.5,1508.5,1508.5,0.0,0.0,,dollariraqi:1508.5
2024-11-05,samawah,1,1,1509.5,1509.5,1509.5,1509.5,0.0,0.0,,dollariraqi:1509.5
2024-11-05,tikrit,1,1,1508.5,1508.5,1508.5,1508.5,0.0,0.0,,dollariraqi:1508.5
2024-11-06,amarah,1,1,1510.5,1510.5,1510.5,1510.5,0.0,0.0,,dollariraqi:1510.5
2024-11-06,baghdad_generic,3,3,1510.5,1509.0,1507.0,1512.5,5.5,0.364,,dollar_price:1512.5|dollariraqi:1507|iqborsa:1507.5
2024-11-06,baghdad_harithiya,1,1,1508.5,1508.5,1508.5,1508.5,0.0,0.0,,dollariraqi:1508.5
2024-11-06,baghdad_kifah,1,1,1508.5,1509.0,1509.0,1509.0,0.0,0.0,,dollariraqi:1509
2024-11-06,baghdad_samawal,1,1,1508.5,1508.5,1508.5,1508.5,0.0,0.0,,dollariraqi:1508.5
2024-11-06,baqubah,1,1,1510.0,1510.0,1510.0,1510.0,0.0,0.0,,dollariraqi:1510
2024-11-06,basra,2,2,1508.5,1508.5,1508.0,1509.0,1.0,0.066,,dollar_price:1509|dollariraqi:1508
2024-11-06,diwaniyah,1,1,1510.0,1510.0,1510.0,1510.0,0.0,0.0,,dollariraqi:1510
2024-11-06,erbil,2,2,1513.0,1511.5,1508.0,1515.0,7.0,0.463,,dollar_price:1515|dollariraqi:1508
2024-11-06,halabja,1,1,1510.5,1510.5,1510.5,1510.5,0.0,0.0,,dollariraqi:1510.5
2024-11-06,hillah,1,1,1510.0,1510.0,1510.0,1510.0,0.0,0.0,,dollariraqi:1510
2024-11-06,kut,1,1,1510.0,1510.0,1510.0,1510.0,0.0,0.0,,dollariraqi:1510
2024-11-06,nasiriyah,1,1,1510.0,1510.0,1510.0,1510.0,0.0,0.0,,dollariraqi:1510
2024-11-06,ramadi,1,1,1510.0,1510.0,1510.0,1510.0,0.0,0.0,,dollariraqi:1510
2024-11-06,samawah,1,1,1510.0,1510.0,1510.0,1510.0,0.0,0.0,,dollariraqi:1510
2024-11-06,tikrit,1,1,1510.0,1510.0,1510.0,1510.0,0.0,0.0,,dollariraqi:1510
2024-11-07,baghdad_generic,3,3,1510.67,1511.5,1507.0,1517.5,10.5,0.695,,dollar_price:1517.5|dollariraqi:1507|iqborsa:1510
2024-11-07,baghdad_harithiya,1,1,1506.5,1506.5,1506.5,1506.5,0.0,0.0,,dollariraqi:1506.5
2024-11-07,baghdad_kifah,1,1,1507.5,1507.0,1507.0,1507.0,0.0,0.0,,dollariraqi:1507
2024-11-07,basra,2,2,1508.25,1508.25,1506.5,1510.0,3.5,0.232,,dollar_price:1510|dollariraqi:1506.5
2024-11-07,erbil,2,2,1513.75,1514.0,1508.0,1520.0,12.0,0.793,,dollar_price:1520|dollariraqi:1508
2024-11-10,baghdad_generic,3,3,1508.33,1508.17,1504.5,1512.5,8.0,0.53,,dollar_price:1512.5|dollariraqi:1504.5|iqborsa:1507.5
2024-11-10,baghdad_harithiya,1,1,1505.5,1505.5,1505.5,1505.5,0.0,0.0,,dollariraqi:1505.5
2024-11-10,baghdad_kifah,1,1,1505.75,1505.75,1505.75,1505.75,0.0,0.0,,dollariraqi:1505.75
2024-11-10,basra,2,2,1507.75,1507.75,1505.5,1510.0,4.5,0.298,,dollar_price:1510|dollariraqi:1505.5
2024-11-10,erbil,2,2,1508.75,1508.0,1506.0,1510.0,4.0,0.265,,dollar_price:1510|dollariraqi:1506
2024-11-11,baghdad_generic,2,2,1508.75,1507.5,1505.0,1510.0,5.0,0.332,,dollar_price:1510|iqborsa:1505
2024-11-11,baghdad_karrada,1,1,1503.0,1503.0,1503.0,1503.0,0.0,0.0,,dollariraqi:1503
2024-11-11,baghdad_kifah,1,1,1502.5,1504.0,1504.0,1504.0,0.0,0.0,,dollariraqi:1504
2024-11-11,baghdad_shorja,1,1,1501.75,1503.0,1503.0,1503.0,0.0,0.0,,dollariraqi:1503
2024-11-11,basra,2,2,1506.5,1506.5,1503.0,1510.0,7.0,0.465,,dollar_price:1510|dollariraqi:1503
2024-11-11,erbil,2,2,1506.75,1506.75,1503.5,1510.0,6.5,0.431,,dollar_price:1510|dollariraqi:1503.5
2024-11-12,baghdad_generic,2,2,1505.0,1507.0,1506.5,1507.5,1.0,0.066,,dollar_price:1507.5|iqborsa:1506.5
2024-11-12,baghdad_kifah,1,1,1502.0,1502.0,1502.0,1502.0,0.0,0.0,,dollariraqi:1502
2024-11-12,baghdad_samawal,1,1,1501.0,1501.0,1501.0,1501.0,0.0,0.0,,dollariraqi:1501
2024-11-12,basra,2,2,1505.75,1505.75,1501.5,1510.0,8.5,0.565,,dollar_price:1510|dollariraqi:1501.5
2024-11-12,erbil,2,2,1503.25,1503.25,1501.5,1505.0,3.5,0.233,,dollar_price:1505|dollariraqi:1501.5
2024-11-13,baghdad_generic,2,2,1507.5,1510.0,1510.0,1510.0,0.0,0.0,,dollar_price:1510|iqborsa:1510
2024-11-13,baghdad_harithiya,1,1,1503.0,1504.5,1504.5,1504.5,0.0,0.0,,dollariraqi:1504.5
2024-11-13,baghdad_karrada,1,1,1503.5,1505.0,1505.0,1505.0,0.0,0.0,,dollariraqi:1505
2024-11-13,baghdad_kifah,1,1,1504.5,1504.5,1504.5,1504.5,0.0,0.0,,dollariraqi:1504.5
2024-11-13,basra,2,2,1504.0,1504.5,1504.0,1505.0,1.0,0.066,,dollar_price:1505|dollariraqi:1504
2024-11-13,erbil,2,2,1507.5,1507.75,1505.5,1510.0,4.5,0.298,,dollar_price:1510|dollariraqi:1505.5
2024-11-14,baghdad_generic,3,3,1510.33,1510.33,1507.0,1515.0,8.0,0.53,,dollar_price:1515|dollariraqi:1507|iqborsa:1509
2024-11-14,baghdad_harithiya,1,1,1507.5,1507.5,1507.5,1507.5,0.0,0.0,,dollariraqi:1507.5
2024-11-14,baghdad_kifah,1,1,1508.0,1508.0,1508.0,1508.0,0.0,0.0,,dollariraqi:1508
2024-11-14,basra,2,2,1508.5,1508.5,1507.0,1510.0,3.0,0.199,,dollar_price:1510|dollariraqi:1507
2024-11-14,erbil,2,2,1508.5,1508.5,1507.0,1510.0,3.0,0.199,,dollar_price:1510|dollariraqi:1507
2024-11-17,baghdad_generic,3,3,1507.67,1507.0,1501.5,1512.5,11.0,0.73,,dollar_price:1512.5|dollariraqi:1501.5|iqborsa:1507
2024-11-17,basra,2,2,1506.25,1506.5,1503.0,1510.0,7.0,0.465,,dollar_price:1510|dollariraqi:1503
2024-11-17,erbil,2,2,1504.75,1504.75,1502.5,1507.0,4.5,0.299,,dollar_price:1507|dollariraqi:1502.5
2024-11-18,baghdad_generic,3,3,1506.67,1506.25,1504.25,1507.5,3.25,0.216,,dollar_price:1507.5|dollariraqi:1504.25|iqborsa:1507
2024-11-18,baghdad_harithiya,1,1,1504.0,1504.0,1504.0,1504.0,0.0,0.0,,dollariraqi:1504
2024-11-18,baghdad_kifah,1,1,1503.5,1503.5,1503.5,1503.5,0.0,0.0,,dollariraqi:1503.5
2024-11-18,basra,2,2,1504.25,1505.25,1505.0,1505.5,0.5,0.033,,dollar_price:1505|dollariraqi:1505.5
2024-11-18,erbil,2,2,1506.0,1506.25,1504.5,1508.0,3.5,0.232,,dollar_price:1508|dollariraqi:1504.5
2024-11-19,baghdad_generic,3,3,1507.67,1507.67,1505.5,1510.0,4.5,0.298,,dollar_price:1510|dollariraqi:1505.5|iqborsa:1507.5
2024-11-19,baghdad_kifah,1,1,1506.5,1506.5,1506.5,1506.5,0.0,0.0,,dollariraqi:1506.5
2024-11-19,basra,2,2,1506.5,1506.5,1505.5,1507.5,2.0,0.133,,dollar_price:1507.5|dollariraqi:1505.5
2024-11-19,erbil,2,2,1507.5,1506.75,1504.5,1509.0,4.5,0.299,,dollar_price:1509|dollariraqi:1504.5
2024-11-24,baghdad_generic,2,2,1505.75,1505.75,1504.0,1507.5,3.5,0.232,,dollar_price:1507.5|iqborsa:1504
2024-11-24,baghdad_kifah,1,1,1503.0,1501.25,1501.25,1501.25,0.0,0.0,,dollariraqi:1501.25
2024-11-24,basra,2,2,1503.75,1503.75,1500.0,1507.5,7.5,0.499,,dollar_price:1507.5|dollariraqi:1500
2024-11-24,erbil,2,2,1506.75,1506.25,1502.5,1510.0,7.5,0.498,,dollar_price:1510|dollariraqi:1502.5
2024-11-25,baghdad_generic,2,2,1505.0,1505.25,1505.0,1505.5,0.5,0.033,,dollar_price:1505|iqborsa:1505.5
2024-11-25,baghdad_harithiya,1,1,1503.5,1503.5,1503.5,1503.5,0.0,0.0,,dollariraqi:1503.5
2024-11-25,baghdad_kifah,1,1,1503.5,1503.5,1503.5,1503.5,0.0,0.0,,dollariraqi:1503.5
2024-11-25,baghdad_shorja,1,1,1504.0,1504.0,1504.0,1504.0,0.0,0.0,,dollariraqi:1504
2024-11-25,basra,2,2,1502.75,1502.75,1502.5,1503.0,0.5,0.033,,dollar_price:1502.5|dollariraqi:1503
2024-11-25,erbil,2,2,1504.5,1504.5,1504.0,1505.0,1.0,0.066,,dollar_price:1505|dollariraqi:1504
2024-11-26,baghdad_generic,2,2,1506.0,1506.0,1502.0,1510.0,8.0,0.531,,dollar_price:1510|iqborsa:1502
2024-11-26,baghdad_harithiya,1,1,1503.0,1499.5,1499.5,1499.5,0.0,0.0,,dollariraqi:1499.5
2024-11-26,baghdad_kifah,1,1,1503.5,1498.5,1498.5,1498.5,0.0,0.0,,dollariraqi:1498.5
2024-11-26,baghdad_samawal,1,1,1499.0,1499.0,1499.0,1499.0,0.0,0.0,,dollariraqi:1499
2024-11-26,basra,2,2,1505.0,1503.5,1499.5,1507.5,8.0,0.532,,dollar_price:1507.5|dollariraqi:1499.5
2024-11-26,erbil,2,2,1506.75,1504.25,1498.5,1510.0,11.5,0.765,,dollar_price:1510|dollariraqi:1498.5
2024-11-27,baghdad_generic,2,2,1502.5,1502.5,1502.5,1502.5,0.0,0.0,,dollar_price:1502.5|iqborsa:1502.5
2024-11-27,baghdad_harithiya,1,1,1498.5,1498.5,1498.5,1498.5,0.0,0.0,,dollariraqi:1498.5
2024-11-27,baghdad_karrada,1,1,1499.0,1499.0,1499.0,1499.0,0.0,0.0,,dollariraqi:1499
2024-11-27,baghdad_kifah,1,1,1499.0,1498.5,1498.5,1498.5,0.0,0.0,,dollariraqi:1498.5
2024-11-27,basra,2,2,1500.75,1500.75,1499.0,1502.5,3.5,0.233,,dollar_price:1502.5|dollariraqi:1499
2024-11-27,erbil,2,2,1501.25,1501.0,1499.5,1502.5,3.0,0.2,,dollar_price:1502.5|dollariraqi:1499.5
2024-11-28,amarah,1,1,1501.0,1501.0,1501.0,1501.0,0.0,0.0,,dollariraqi:1501
2024-11-28,baghdad_generic,3,3,1500.83,1501.67,1500.0,1502.5,2.5,0.166,,dollar_price:1502.5|dollariraqi:1500|iqborsa:1502.5
2024-11-28,baghdad_harithiya,1,1,1501.0,1501.0,1501.0,1501.0,0.0,0.0,,dollariraqi:1501
2024-11-28,baghdad_karrada,1,1,1500.0,1500.0,1500.0,1500.0,0.0,0.0,,dollariraqi:1500
2024-11-28,baghdad_kifah,1,1,1501.0,1500.0,1500.0,1500.0,0.0,0.0,,dollariraqi:1500
2024-11-28,baqubah,1,1,1500.5,1500.5,1500.5,1500.5,0.0,0.0,,dollariraqi:1500.5
2024-11-28,basra,2,2,1504.25,1503.75,1500.0,1507.5,7.5,0.499,,dollar_price:1507.5|dollariraqi:1500
2024-11-28,diwaniyah,1,1,1500.5,1500.5,1500.5,1500.5,0.0,0.0,,dollariraqi:1500.5
2024-11-28,erbil,2,2,1503.5,1502.5,1500.0,1505.0,5.0,0.333,,dollar_price:1505|dollariraqi:1500
2024-11-28,halabja,1,1,1501.0,1501.0,1501.0,1501.0,0.0,0.0,,dollariraqi:1501
2024-11-28,hillah,1,1,1501.0,1501.0,1501.0,1501.0,0.0,0.0,,dollariraqi:1501
2024-11-28,kut,1,1,1500.5,1500.5,1500.5,1500.5,0.0,0.0,,dollariraqi:1500.5
2024-11-28,nasiriyah,1,1,1501.0,1501.0,1501.0,1501.0,0.0,0.0,,dollariraqi:1501
2024-11-28,ramadi,1,1,1501.0,1501.0,1501.0,1501.0,0.0,0.0,,dollariraqi:1501
2024-11-28,samawah,1,1,1501.0,1501.0,1501.0,1501.0,0.0,0.0,,dollariraqi:1501
2024-11-28,tikrit,1,1,1501.0,1501.0,1501.0,1501.0,0.0,0.0,,dollariraqi:1501
2024-12-01,baghdad_generic,2,2,1500.5,1501.0,1500.0,1502.0,2.0,0.133,,dollar_price:1500|iqborsa:1502
2024-12-01,baghdad_harithiya,1,1,1499.0,1499.0,1499.0,1499.0,0.0,0.0,,dollariraqi:1499
2024-12-01,baghdad_karrada,1,1,1498.5,1498.5,1498.5,1498.5,0.0,0.0,,dollariraqi:1498.5
2024-12-01,baghdad_kifah,1,1,1499.25,1499.25,1499.25,1499.25,0.0,0.0,,dollariraqi:1499.25
2024-12-01,basra,2,2,1500.0,1500.0,1495.0,1505.0,10.0,0.667,,dollar_price:1505|dollariraqi:1495
2024-12-01,erbil,2,2,1502.25,1502.25,1499.0,1505.5,6.5,0.433,,dollar_price:1505.5|dollariraqi:1499
2024-12-02,baghdad_generic,2,2,1505.0,1505.0,1502.5,1507.5,5.0,0.332,,dollar_price:1507.5|iqborsa:1502.5
2024-12-02,baghdad_karrada,1,1,1501.5,1501.5,1501.5,1501.5,0.0,0.0,,dollariraqi:1501.5
2024-12-02,baghdad_kifah,1,1,1502.0,1502.0,1502.0,1502.0,0.0,0.0,,dollariraqi:1502
2024-12-02,basra,2,2,1502.5,1502.5,1500.0,1505.0,5.0,0.333,,dollar_price:1505|dollariraqi:1500
2024-12-02,erbil,2,2,1503.75,1503.75,1502.0,1505.5,3.5,0.233,,dollar_price:1505.5|dollariraqi:1502
2024-12-03,baghdad_generic,3,3,1503.0,1503.5,1501.5,1505.0,3.5,0.233,,dollar_price:1505|dollariraqi:1501.5|iqborsa:1504
2024-12-03,baghdad_kifah,1,1,1500.5,1500.5,1500.5,1500.5,0.0,0.0,,dollariraqi:1500.5
2024-12-03,basra,2,2,1500.75,1501.25,1500.0,1502.5,2.5,0.167,,dollar_price:1502.5|dollariraqi:1500
2024-12-03,erbil,2,2,1500.75,1501.25,1501.0,1501.5,0.5,0.033,,dollar_price:1501|dollariraqi:1501.5
2024-12-04,baghdad_generic,2,2,1506.25,1506.25,1505.0,1507.5,2.5,0.166,,dollar_price:1507.5|iqborsa:1505
2024-12-04,baghdad_harithiya,1,1,1502.0,1502.0,1502.0,1502.0,0.0,0.0,,dollariraqi:1502
2024-12-04,baghdad_kifah,1,1,1502.5,1505.0,1505.0,1505.0,0.0,0.0,,dollariraqi:1505
2024-12-04,baghdad_samawal,1,1,1504.0,1504.0,1504.0,1504.0,0.0,0.0,,dollariraqi:1504
2024-12-04,basra,2,2,1503.0,1502.25,1501.0,1503.5,2.5,0.166,,dollar_price:1503.5|dollariraqi:1501
2024-12-04,erbil,2,2,1504.25,1504.5,1503.5,1505.5,2.0,0.133,,dollar_price:1505.5|dollariraqi:1503.5
2024-12-05,baghdad_generic,2,2,1505.75,1506.5,1505.5,1507.5,2.0,0.133,,dollar_price:1505.5|iqborsa:1507.5
2024-12-05,baghdad_harithiya,1,1,1504.25,1504.25,1504.25,1504.25,0.0,0.0,,dollariraqi:1504.25
2024-12-05,baghdad_karrada,1,1,1504.5,1504.5,1504.5,1504.5,0.0,0.0,,dollariraqi:1504.5
2024-12-05,baghdad_kifah,1,1,1504.5,1504.5,1504.5,1504.5,0.0,0.0,,dollariraqi:1504.5
2024-12-05,basra,2,2,1502.25,1502.25,1502.0,1502.5,0.5,0.033,,dollar_price:1502.5|dollariraqi:1502
2024-12-05,erbil,2,2,1503.38,1503.38,1503.25,1503.5,0.25,0.017,,dollar_price:1503.5|dollariraqi:1503.25
2024-12-08,amarah,1,1,1509.0,1509.0,1509.0,1509.0,0.0,0.0,,dollariraqi:1509
2024-12-08,baghdad_generic,3,3,1510.33,1510.33,1506.0,1515.0,9.0,0.596,,dollar_price:1515|dollariraqi:1506|iqborsa:1510
2024-12-08,baghdad_kifah,1,1,1511.5,1511.5,1511.5,1511.5,0.0,0.0,,dollariraqi:1511.5
2024-12-08,baghdad_shorja,1,1,1510.0,1510.0,1510.0,1510.0,0.0,0.0,,dollariraqi:1510
2024-12-08,baqubah,1,1,1508.5,1508.5,1508.5,1508.5,0.0,0.0,,dollariraqi:1508.5
2024-12-08,basra,2,2,1511.75,1511.0,1507.0,1515.0,8.0,0.529,,dollar_price:1515|dollariraqi:1507
2024-12-08,diwaniyah,1,1,1508.5,1508.5,1508.5,1508.5,0.0,0.0,,dollariraqi:1508.5
2024-12-08,erbil,2,2,1511.75,1511.0,1507.0,1515.0,8.0,0.529,,dollar_price:1515|dollariraqi:1507
2024-12-08,halabja,1,1,1509.0,1509.0,1509.0,1509.0,0.0,0.0,,dollariraqi:1509
2024-12-08,hillah,1,1,1508.0,1508.0,1508.0,1508.0,0.0,0.0,,dollariraqi:1508
2024-12-08,kut,1,1,1508.5,1508.5,1508.5,1508.5,0.0,0.0,,dollariraqi:1508.5
2024-12-08,nasiriyah,1,1,1508.0,1508.0,1508.0,1508.0,0.0,0.0,,dollariraqi:1508
2024-12-08,ramadi,1,1,1508.0,1508.0,1508.0,1508.0,0.0,0.0,,dollariraqi:1508
2024-12-08,samawah,1,1,1508.0,1508.0,1508.0,1508.0,0.0,0.0,,dollariraqi:1508
2024-12-08,tikrit,1,1,1509.0,1509.0,1509.0,1509.0,0.0,0.0,,dollariraqi:1509
2024-12-09,amarah,1,1,1505.0,1505.0,1505.0,1505.0,0.0,0.0,,dollariraqi:1505
2024-12-09,baghdad_generic,3,3,1508.83,1508.83,1504.0,1515.0,11.0,0.729,,dollar_price:1515|dollariraqi:1504|iqborsa:1507.5
2024-12-09,baghdad_harithiya,1,1,1506.5,1506.5,1506.5,1506.5,0.0,0.0,,dollariraqi:1506.5
2024-12-09,baghdad_kifah,1,1,1507.0,1507.0,1507.0,1507.0,0.0,0.0,,dollariraqi:1507
2024-12-09,baghdad_samawal,1,1,1507.0,1507.0,1507.0,1507.0,0.0,0.0,,dollariraqi:1507
2024-12-09,baqubah,1,1,1506.5,1506.5,1506.5,1506.5,0.0,0.0,,dollariraqi:1506.5
2024-12-09,basra,2,2,1507.5,1507.5,1505.0,1510.0,5.0,0.332,,dollar_price:1510|dollariraqi:1505
2024-12-09,diwaniyah,1,1,1505.5,1505.5,1505.5,1505.5,0.0,0.0,,dollariraqi:1505.5
2024-12-09,erbil,2,2,1509.25,1510.0,1505.0,1515.0,10.0,0.662,,dollar_price:1515|dollariraqi:1505
2024-12-09,halabja,1,1,1506.0,1506.0,1506.0,1506.0,0.0,0.0,,dollariraqi:1506
2024-12-09,hillah,1,1,1506.0,1506.0,1506.0,1506.0,0.0,0.0,,dollariraqi:1506
2024-12-09,kut,1,1,1505.5,1505.5,1505.5,1505.5,0.0,0.0,,dollariraqi:1505.5
2024-12-09,nasiriyah,1,1,1506.0,1506.0,1506.0,1506.0,0.0,0.0,,dollariraqi:1506
2024-12-09,ramadi,1,1,1506.0,1506.0,1506.0,1506.0,0.0,0.0,,dollariraqi:1506
2024-12-09,samawah,1,1,1506.0,1506.0,1506.0,1506.0,0.0,0.0,,dollariraqi:1506
2024-12-09,tikrit,1,1,1505.0,1505.0,1505.0,1505.0,0.0,0.0,,dollariraqi:1505
2024-12-10,baghdad_generic,3,3,1509.33,1506.0,1501.0,1510.0,9.0,0.598,,dollar_price:1507|dollariraqi:1501|iqborsa:1510
2024-12-10,baghdad_harithiya,1,1,1508.5,1508.5,1508.5,1508.5,0.0,0.0,,dollariraqi:1508.5
2024-12-10,baghdad_kifah,1,1,1508.5,1508.5,1508.5,1508.5,0.0,0.0,,dollariraqi:1508.5
2024-12-10,baghdad_samawal,1,1,1509.0,1509.0,1509.0,1509.0,0.0,0.0,,dollariraqi:1509
2024-12-10,basra,2,2,1507.5,1506.25,1505.0,1507.5,2.5,0.166,,dollar_price:1507.5|dollariraqi:1505
2024-12-10,erbil,2,2,1507.0,1507.5,1506.0,1509.0,3.0,0.199,,dollar_price:1509|dollariraqi:1506
2024-12-11,baghdad_generic,3,3,1507.0,1506.17,1503.5,1510.0,6.5,0.432,,dollar_price:1510|dollariraqi:1503.5|iqborsa:1505
2024-12-11,baghdad_kifah,1,1,1505.0,1505.0,1505.0,1505.0,0.0,0.0,,dollariraqi:1505
2024-12-11,basra,2,2,1503.25,1503.0,1501.0,1505.0,4.0,0.266,,dollar_price:1505|dollariraqi:1501
2024-12-11,erbil,2,2,1504.0,1502.75,1500.0,1505.5,5.5,0.366,,dollar_price:1505.5|dollariraqi:1500
2024-12-12,baghdad_generic,2,2,1507.5,1507.5,1505.0,1510.0,5.0,0.332,,dollar_price:1510|iqborsa:1505
2024-12-12,baghdad_harithiya,1,1,1504.0,1504.0,1504.0,1504.0,0.0,0.0,,dollariraqi:1504
2024-12-12,baghdad_karrada,1,1,1504.0,1504.0,1504.0,1504.0,0.0,0.0,,dollariraqi:1504
2024-12-12,baghdad_kifah,1,1,1504.5,1504.5,1504.5,1504.5,0.0,0.0,,dollariraqi:1504.5
2024-12-12,basra,1,1,1506.5,1506.5,1506.5,1506.5,0.0,0.0,,dollar_price:1506.5
2024-12-12,erbil,2,2,1502.75,1502.75,1502.0,1503.5,1.5,0.1,,dollar_price:1503.5|dollariraqi:1502
2024-12-15,baghdad_generic,3,3,1510.33,1510.67,1508.5,1512.5,4.0,0.265,,dollar_price:1512.5|dollariraqi:1508.5|iqborsa:1511
2024-12-15,baghdad_harithiya,1,1,1509.0,1509.0,1509.0,1509.0,0.0,0.0,,dollariraqi:1509
2024-12-15,baghdad_kifah,1,1,1507.0,1509.5,1509.5,1509.5,0.0,0.0,,dollariraqi:1509.5
2024-12-15,baghdad_samawal,1,1,1506.0,1506.0,1506.0,1506.0,0.0,0.0,,dollariraqi:1506
2024-12-15,baghdad_shorja,1,1,1508.5,1508.5,1508.5,1508.5,0.0,0.0,,dollariraqi:1508.5
2024-12-15,basra,2,2,1507.25,1507.5,1507.5,1507.5,0.0,0.0,,dollar_price:1507.5|dollariraqi:1507.5
2024-12-15,erbil,2,2,1503.75,1503.75,1500.0,1507.5,7.5,0.499,,dollar_price:1507.5|dollariraqi:1500
2024-12-16,baghdad_generic,2,2,1510.75,1512.25,1512.0,1512.5,0.5,0.033,,dollar_price:1512.5|iqborsa:1512
2024-12-16,baghdad_kifah,1,1,1509.0,1508.5,1508.5,1508.5,0.0,0.0,,dollariraqi:1508.5
2024-12-16,baghdad_samawal,1,1,1509.5,1509.5,1509.5,1509.5,0.0,0.0,,dollariraqi:1509.5
2024-12-16,basra,2,2,1506.0,1506.0,1505.0,1507.0,2.0,0.133,,dollar_price:1505|dollariraqi:1507
2024-12-16,erbil,2,2,1506.0,1506.25,1505.0,1507.5,2.5,0.166,,dollar_price:1507.5|dollariraqi:1505
2024-12-17,baghdad_generic,2,2,1512.0,1512.0,1512.0,1512.0,0.0,0.0,,dollar_price:1512|iqborsa:1512
2024-12-17,baghdad_harithiya,1,1,1512.0,1510.5,1510.5,1510.5,0.0,0.0,,dollariraqi:1510.5
2024-12-17,baghdad_karrada,1,1,1513.5,1513.5,1513.5,1513.5,0.0,0.0,,dollariraqi:1513.5
2024-12-17,baghdad_kifah,1,1,1509.5,1511.5,1511.5,1511.5,0.0,0.0,,dollariraqi:1511.5
2024-12-17,basra,2,2,1505.75,1505.75,1502.5,1509.0,6.5,0.432,,dollar_price:1502.5|dollariraqi:1509
2024-12-17,erbil,2,2,1506.5,1506.25,1505.0,1507.5,2.5,0.166,,dollar_price:1507.5|dollariraqi:1505
2024-12-18,baghdad_generic,3,3,1512.83,1511.83,1511.0,1512.5,1.5,0.099,,dollar_price:1512.5|dollariraqi:1512|iqborsa:1511
2024-12-18,baghdad_harithiya,1,1,1510.0,1509.5,1509.5,1509.5,0.0,0.0,,dollariraqi:1509.5
2024-12-18,baghdad_karrada,1,1,1509.5,1509.5,1509.5,1509.5,0.0,0.0,,dollariraqi:1509.5
2024-12-18,baghdad_kifah,1,1,1509.5,1509.5,1509.5,1509.5,0.0,0.0,,dollariraqi:1509.5
2024-12-18,basra,2,2,1508.0,1507.75,1505.0,1510.5,5.5,0.365,,dollar_price:1505|dollariraqi:1510.5
2024-12-18,erbil,2,2,1507.25,1506.25,1505.0,1507.5,2.5,0.166,,dollar_price:1507.5|dollariraqi:1505
2024-12-19,baghdad_generic,2,2,1511.5,1511.0,1510.0,1512.0,2.0,0.132,,dollar_price:1512|iqborsa:1510
2024-12-19,baghdad_kifah,1,1,1510.5,1510.5,1510.5,1510.5,0.0,0.0,,dollariraqi:1510.5
2024-12-19,baghdad_samawal,1,1,1510.5,1510.5,1510.5,1510.5,0.0,0.0,,dollariraqi:1510.5
2024-12-19,basra,2,2,1507.25,1507.25,1505.0,1509.5,4.5,0.299,,dollar_price:1505|dollariraqi:1509.5
2024-12-19,erbil,2,2,1507.0,1507.0,1506.5,1507.5,1.0,0.066,,dollar_price:1507.5|dollariraqi:1506.5
2024-12-22,baghdad_generic,1,1,1509.0,1509.0,1509.0,1509.0,0.0,0.0,,iqborsa:1509
2024-12-22,baghdad_harithiya,1,1,1506.5,1506.5,1506.5,1506.5,0.0,0.0,,dollariraqi:1506.5
2024-12-22,baghdad_kifah,1,1,1507.0,1507.0,1507.0,1507.0,0.0,0.0,,dollariraqi:1507
2024-12-22,basra,1,1,1508.0,1508.0,1508.0,1508.0,0.0,0.0,,dollariraqi:1508
2024-12-22,erbil,1,1,1504.0,1504.0,1504.0,1504.0,0.0,0.0,,dollariraqi:1504
2024-12-23,amarah,1,1,1511.0,1511.0,1511.0,1511.0,0.0,0.0,,dollariraqi:1511
2024-12-23,baghdad_generic,3,3,1511.67,1511.67,1510.0,1515.0,5.0,0.331,,dollar_price:1510|dollariraqi:1510|iqborsa:1515
2024-12-23,baghdad_harithiya,1,1,1511.5,1511.5,1511.5,1511.5,0.0,0.0,,dollariraqi:1511.5
2024-12-23,baghdad_karrada,1,1,1513.0,1513.0,1513.0,1513.0,0.0,0.0,,dollariraqi:1513
2024-12-23,baghdad_kifah,1,1,1512.5,1512.5,1512.5,1512.5,0.0,0.0,,dollariraqi:1512.5
2024-12-23,baqubah,1,1,1510.5,1510.5,1510.5,1510.5,0.0,0.0,,dollariraqi:1510.5
2024-12-23,basra,2,2,1509.75,1508.75,1507.5,1510.0,2.5,0.166,,dollar_price:1507.5|dollariraqi:1510
2024-12-23,diwaniyah,1,1,1510.5,1510.5,1510.5,1510.5,0.0,0.0,,dollariraqi:1510.5
2024-12-23,erbil,2,2,1508.75,1508.0,1507.5,1508.5,1.0,0.066,,dollar_price:1507.5|dollariraqi:1508.5
2024-12-23,halabja,1,1,1511.5,1511.5,1511.5,1511.5,0.0,0.0,,dollariraqi:1511.5
2024-12-23,hillah,1,1,1511.0,1511.0,1511.0,1511.0,0.0,0.0,,dollariraqi:1511
2024-12-23,kut,1,1,1510.5,1510.5,1510.5,1510.5,0.0,0.0,,dollariraqi:1510.5
2024-12-23,nasiriyah,1,1,1511.0,1511.0,1511.0,1511.0,0.0,0.0,,dollariraqi:1511
2024-12-23,ramadi,1,1,1510.0,1510.0,1510.0,1510.0,0.0,0.0,,dollariraqi:1510
2024-12-23,samawah,1,1,1511.0,1511.0,1511.0,1511.0,0.0,0.0,,dollariraqi:1511
2024-12-23,tikrit,1,1,1511.0,1511.0,1511.0,1511.0,0.0,0.0,,dollariraqi:1511
2024-12-24,baghdad_generic,3,3,1514.33,1514.33,1512.5,1515.5,3.0,0.198,,dollar_price:1512.5|dollariraqi:1515.5|iqborsa:1515
2024-12-24,baghdad_karrada,1,1,1515.0,1515.0,1515.0,1515.0,0.0,0.0,,dollariraqi:1515
2024-12-24,basra,2,2,1512.25,1512.25,1512.0,1512.5,0.5,0.033,,dollar_price:1512.5|dollariraqi:1512
2024-12-24,erbil,2,2,1513.63,1513.63,1512.5,1514.75,2.25,0.149,,dollar_price:1512.5|dollariraqi:1514.75
2024-12-25,baghdad_generic,2,2,1517.5,1516.25,1515.0,1517.5,2.5,0.165,,dollar_price:1515|iqborsa:1517.5
2024-12-25,baghdad_harithiya,1,1,1517.5,1517.5,1517.5,1517.5,0.0,0.0,,dollariraqi:1517.5
2024-12-25,baghdad_karrada,1,1,1518.0,1518.0,1518.0,1518.0,0.0,0.0,,dollariraqi:1518
2024-12-25,baghdad_kifah,1,1,1518.0,1518.0,1518.0,1518.0,0.0,0.0,,dollariraqi:1518
2024-12-25,basra,2,2,1515.0,1515.0,1515.0,1515.0,0.0,0.0,,dollar_price:1515|dollariraqi:1515
2024-12-25,erbil,2,2,1517.25,1517.25,1515.5,1519.0,3.5,0.231,,dollar_price:1515.5|dollariraqi:1519
2024-12-25,nasiriyah,1,1,1520.0,1520.0,1520.0,1520.0,0.0,0.0,,dollariraqi:1520
2024-12-26,baghdad_generic,2,2,1520.0,1520.75,1519.0,1522.5,3.5,0.23,,dollar_price:1522.5|iqborsa:1519
2024-12-26,baghdad_harithiya,1,1,1518.0,1518.0,1518.0,1518.0,0.0,0.0,,dollariraqi:1518
2024-12-26,baghdad_kifah,1,1,1518.0,1518.0,1518.0,1518.0,0.0,0.0,,dollariraqi:1518
2024-12-26,basra,2,2,1518.5,1518.5,1517.0,1520.0,3.0,0.198,,dollar_price:1520|dollariraqi:1517
2024-12-26,erbil,2,2,1521.0,1521.0,1517.0,1525.0,8.0,0.526,,dollar_price:1525|dollariraqi:1517
2024-12-26,nasiriyah,1,1,1518.0,1518.0,1518.0,1518.0,0.0,0.0,,dollariraqi:1518
2024-12-29,amarah,1,1,1516.0,1516.0,1516.0,1516.0,0.0,0.0,,dollariraqi:1516
2024-12-29,baghdad_generic,3,3,1517.5,1517.5,1515.0,1522.5,7.5,0.494,,dollar_price:1522.5|dollariraqi:1515|iqborsa:1515
2024-12-29,baghdad_harithiya,1,1,1513.0,1513.0,1513.0,1513.0,0.0,0.0,,dollariraqi:1513
2024-12-29,baghdad_karrada,1,1,1512.5,1512.5,1512.5,1512.5,0.0,0.0,,dollariraqi:1512.5
2024-12-29,baghdad_kifah,1,1,1513.0,1513.0,1513.0,1513.0,0.0,0.0,,dollariraqi:1513
2024-12-29,baqubah,1,1,1516.5,1516.5,1516.5,1516.5,0.0,0.0,,dollariraqi:1516.5
2024-12-29,basra,2,2,1516.5,1517.5,1515.0,1520.0,5.0,0.329,,dollar_price:1520|dollariraqi:1515
2024-12-29,diwaniyah,1,1,1516.5,1516.5,1516.5,1516.5,0.0,0.0,,dollariraqi:1516.5
2024-12-29,erbil,2,2,1519.25,1519.5,1514.0,1525.0,11.0,0.724,,dollar_price:1525|dollariraqi:1514
2024-12-29,halabja,1,1,1516.5,1516.5,1516.5,1516.5,0.0,0.0,,dollariraqi:1516.5
2024-12-29,hillah,1,1,1516.0,1516.0,1516.0,1516.0,0.0,0.0,,dollariraqi:1516
2024-12-29,kut,1,1,1516.5,1516.5,1516.5,1516.5,0.0,0.0,,dollariraqi:1516.5
2024-12-29,nasiriyah,1,1,1516.0,1516.0,1516.0,1516.0,0.0,0.0,,dollariraqi:1516
2024-12-29,ramadi,1,1,1516.0,1516.0,1516.0,1516.0,0.0,0.0,,dollariraqi:1516
2024-12-29,samawah,1,1,1516.0,1516.0,1516.0,1516.0,0.0,0.0,,dollariraqi:1516
2024-12-29,tikrit,1,1,1516.0,1516.0,1516.0,1516.0,0.0,0.0,,dollariraqi:1516
2024-12-30,baghdad_generic,2,2,1519.5,1519.5,1519.0,1520.0,1.0,0.066,,dollar_price:1520|iqborsa:1519
2024-12-30,baghdad_harithiya,1,1,1517.5,1517.5,1517.5,1517.5,0.0,0.0,,dollariraqi:1517.5
2024-12-30,baghdad_kifah,1,1,1517.5,1517.5,1517.5,1517.5,0.0,0.0,,dollariraqi:1517.5
2024-12-30,basra,2,2,1520.0,1520.0,1517.5,1522.5,5.0,0.329,,dollar_price:1522.5|dollariraqi:1517.5
2024-12-30,erbil,2,2,1518.5,1518.5,1517.0,1520.0,3.0,0.198,,dollar_price:1520|dollariraqi:1517
2024-12-31,amarah,1,1,1516.0,1516.0,1516.0,1516.0,0.0,0.0,,dollariraqi:1516
2024-12-31,baghdad_generic,3,3,1518.33,1518.33,1515.0,1520.0,5.0,0.329,,dollar_price:1520|dollariraqi:1515|iqborsa:1520
2024-12-31,baqubah,1,1,1516.5,1516.5,1516.5,1516.5,0.0,0.0,,dollariraqi:1516.5
2024-12-31,basra,2,2,1517.5,1517.5,1515.0,1520.0,5.0,0.329,,dollar_price:1520|dollariraqi:1515
2024-12-31,diwaniyah,1,1,1516.5,1516.5,1516.5,1516.5,0.0,0.0,,dollariraqi:1516.5
2024-12-31,erbil,2,2,1518.25,1518.25,1514.0,1522.5,8.5,0.56,,dollar_price:1522.5|dollariraqi:1514
2024-12-31,halabja,1,1,1516.5,1516.5,1516.5,1516.5,0.0,0.0,,dollariraqi:1516.5
2024-12-31,hillah,1,1,1516.0,1516.0,1516.0,1516.0,0.0,0.0,,dollariraqi:1516
2024-12-31,kut,1,1,1516.5,1516.5,1516.5,1516.5,0.0,0.0,,dollariraqi:1516.5
2024-12-31,nasiriyah,1,1,1516.0,1516.0,1516.0,1516.0,0.0,0.0,,dollariraqi:1516
2024-12-31,ramadi,1,1,1516.0,1516.0,1516.0,1516.0,0.0,0.0,,dollariraqi:1516
2024-12-31,samawah,1,1,1516.0,1516.0,1516.0,1516.0,0.0,0.0,,dollariraqi:1516
2024-12-31,tikrit,1,1,1516.0,1516.0,1516.0,1516.0,0.0,0.0,,dollariraqi:1516
2025-01-01,amarah,1,1,1516.0,1516.0,1516.0,1516.0,0.0,0.0,,dollariraqi:1516
2025-01-01,baghdad_generic,2,2,1516.25,1516.25,1515.0,1517.5,2.5,0.165,,dollariraqi:1515|iqborsa:1517.5
2025-01-01,baqubah,1,1,1516.5,1516.5,1516.5,1516.5,0.0,0.0,,dollariraqi:1516.5
2025-01-01,basra,1,1,1515.0,1515.0,1515.0,1515.0,0.0,0.0,,dollariraqi:1515
2025-01-01,diwaniyah,1,1,1516.5,1516.5,1516.5,1516.5,0.0,0.0,,dollariraqi:1516.5
2025-01-01,erbil,1,1,1514.0,1514.0,1514.0,1514.0,0.0,0.0,,dollariraqi:1514
2025-01-01,halabja,1,1,1516.5,1516.5,1516.5,1516.5,0.0,0.0,,dollariraqi:1516.5
2025-01-01,hillah,1,1,1516.0,1516.0,1516.0,1516.0,0.0,0.0,,dollariraqi:1516
2025-01-01,kut,1,1,1516.5,1516.5,1516.5,1516.5,0.0,0.0,,dollariraqi:1516.5
2025-01-01,nasiriyah,1,1,1516.0,1516.0,1516.0,1516.0,0.0,0.0,,dollariraqi:1516
2025-01-01,ramadi,1,1,1516.0,1516.0,1516.0,1516.0,0.0,0.0,,dollariraqi:1516
2025-01-01,samawah,1,1,1516.0,1516.0,1516.0,1516.0,0.0,0.0,,dollariraqi:1516
2025-01-01,tikrit,1,1,1516.0,1516.0,1516.0,1516.0,0.0,0.0,,dollariraqi:1516
2025-01-02,amarah,1,1,1516.0,1516.0,1516.0,1516.0,0.0,0.0,,dollariraqi:1516
2025-01-02,baghdad_generic,3,3,1519.5,1521.5,1517.0,1525.0,8.0,0.526,,dollar_price:1522.5|dollariraqi:1517|iqborsa:1525
2025-01-02,baqubah,1,1,1517.5,1517.5,1517.5,1517.5,0.0,0.0,,dollariraqi:1517.5
2025-01-02,basra,2,2,1518.5,1518.5,1517.0,1520.0,3.0,0.198,,dollar_price:1520|dollariraqi:1517
2025-01-02,diwaniyah,1,1,1517.5,1517.5,1517.5,1517.5,0.0,0.0,,dollariraqi:1517.5
2025-01-02,erbil,2,2,1518.0,1518.0,1516.0,1520.0,4.0,0.264,,dollar_price:1520|dollariraqi:1516
2025-01-02,halabja,1,1,1517.5,1517.5,1517.5,1517.5,0.0,0.0,,dollariraqi:1517.5
2025-01-02,hillah,1,1,1517.0,1517.0,1517.0,1517.0,0.0,0.0,,dollariraqi:1517
2025-01-02,kut,1,1,1517.5,1517.5,1517.5,1517.5,0.0,0.0,,dollariraqi:1517.5
2025-01-02,nasiriyah,1,1,1518.0,1518.0,1518.0,1518.0,0.0,0.0,,dollariraqi:1518
2025-01-02,ramadi,1,1,1518.0,1518.0,1518.0,1518.0,0.0,0.0,,dollariraqi:1518
2025-01-02,samawah,1,1,1518.0,1518.0,1518.0,1518.0,0.0,0.0,,dollariraqi:1518
2025-01-02,tikrit,1,1,1518.0,1518.0,1518.0,1518.0,0.0,0.0,,dollariraqi:1518
2025-01-05,amarah,1,1,1513.0,1513.0,1513.0,1513.0,0.0,0.0,,dollariraqi:1513
2025-01-05,baghdad_generic,3,3,1516.0,1516.0,1512.0,1520.0,8.0,0.528,,dollar_price:1520|dollariraqi:1512|iqborsa:1516
2025-01-05,baghdad_harithiya,1,1,1513.5,1513.5,1513.5,1513.5,0.0,0.0,,dollariraqi:1513.5
2025-01-05,baghdad_kifah,1,1,1513.0,1513.0,1513.0,1513.0,0.0,0.0,,dollariraqi:1513
2025-01-05,baqubah,1,1,1512.5,1512.5,1512.5,1512.5,0.0,0.0,,dollariraqi:1512.5
2025-01-05,basra,2,2,1516.5,1516.0,1512.0,1520.0,8.0,0.528,,dollar_price:1520|dollariraqi:1512
2025-01-05,diwaniyah,1,1,1512.5,1512.5,1512.5,1512.5,0.0,0.0,,dollariraqi:1512.5
2025-01-05,erbil,2,2,1513.75,1513.75,1510.0,1517.5,7.5,0.495,,dollar_price:1517.5|dollariraqi:1510
2025-01-05,halabja,1,1,1512.5,1512.5,1512.5,1512.5,0.0,0.0,,dollariraqi:1512.5
2025-01-05,hillah,1,1,1513.0,1513.0,1513.0,1513.0,0.0,0.0,,dollariraqi:1513
2025-01-05,kut,1,1,1513.5,1513.5,1513.5,1513.5,0.0,0.0,,dollariraqi:1513.5
2025-01-05,nasiriyah,1,1,1513.0,1513.0,1513.0,1513.0,0.0,0.0,,dollariraqi:1513
2025-01-05,ramadi,1,1,1513.0,1513.0,1513.0,1513.0,0.0,0.0,,dollariraqi:1513
2025-01-05,samawah,1,1,1513.0,1513.0,1513.0,1513.0,0.0,0.0,,dollariraqi:1513
2025-01-05,tikrit,1,1,1513.0,1513.0,1513.0,1513.0,0.0,0.0,,dollariraqi:1513
2025-01-06,baghdad_generic,3,3,1515.17,1515.17,1513.0,1517.5,4.5,0.297,,dollar_price:1517.5|dollariraqi:1513|iqborsa:1515
2025-01-06,baghdad_harithiya,1,1,1513.0,1513.0,1513.0,1513.0,0.0,0.0,,dollariraqi:1513
2025-01-06,baghdad_karrada,1,1,1513.0,1513.0,1513.0,1513.0,0.0,0.0,,dollariraqi:1513
2025-01-06,basra,2,2,1516.0,1516.0,1512.0,1520.0,8.0,0.528,,dollar_price:1520|dollariraqi:1512
2025-01-06,erbil,2,2,1513.5,1513.5,1511.0,1516.0,5.0,0.33,,dollar_price:1516|dollariraqi:1511
2025-01-07,amarah,1,1,1511.0,1511.0,1511.0,1511.0,0.0,0.0,,dollariraqi:1511
2025-01-07,baghdad_generic,3,3,1512.5,1512.0,1510.0,1515.0,5.0,0.331,,dollar_price:1515|dollariraqi:1510|iqborsa:1511
2025-01-07,baghdad_harithiya,1,1,1508.0,1508.0,1508.0,1508.0,0.0,0.0,,dollariraqi:1508
2025-01-07,baghdad_karrada,1,1,1507.5,1507.5,1507.5,1507.5,0.0,0.0,,dollariraqi:1507.5
2025-01-07,baghdad_kifah,1,1,1508.0,1508.0,1508.0,1508.0,0.0,0.0,,dollariraqi:1508
2025-01-07,baqubah,1,1,1511.5,1511.5,1511.5,1511.5,0.0,0.0,,dollariraqi:1511.5
2025-01-07,basra,2,2,1509.0,1510.0,1510.0,1510.0,0.0,0.0,,dollar_price:1510|dollariraqi:1510
2025-01-07,diwaniyah,1,1,1510.5,1510.5,1510.5,1510.5,0.0,0.0,,dollariraqi:1510.5
2025-01-07,erbil,2,2,1509.75,1509.5,1508.0,1511.0,3.0,0.199,,dollar_price:1511|dollariraqi:1508
2025-01-07,halabja,1,1,1510.5,1510.5,1510.5,1510.5,0.0,0.0,,dollariraqi:1510.5
2025-01-07,hillah,1,1,1511.0,1511.0,1511.0,1511.0,0.0,0.0,,dollariraqi:1511
2025-01-07,kut,1,1,1510.5,1510.5,1510.5,1510.5,0.0,0.0,,dollariraqi:1510.5
2025-01-07,nasiriyah,1,1,1511.0,1511.0,1511.0,1511.0,0.0,0.0,,dollariraqi:1511
2025-01-07,ramadi,1,1,1511.0,1511.0,1511.0,1511.0,0.0,0.0,,dollariraqi:1511
2025-01-07,samawah,1,1,1511.0,1511.0,1511.0,1511.0,0.0,0.0,,dollariraqi:1511
2025-01-07,tikrit,1,1,1511.0,1511.0,1511.0,1511.0,0.0,0.0,,dollariraqi:1511
2025-01-08,amarah,1,1,1512.0,1512.0,1512.0,1512.0,0.0,0.0,,dollariraqi:1512
2025-01-08,baghdad_generic,3,3,1510.33,1510.17,1507.5,1512.0,4.5,0.298,,dollar_price:1507.5|dollariraqi:1511|iqborsa:1512
2025-01-08,baghdad_harithiya,1,1,1509.5,1509.5,1509.5,1509.5,0.0,0.0,,dollariraqi:1509.5
2025-01-08,baghdad_kifah,1,1,1509.5,1509.5,1509.5,1509.5,0.0,0.0,,dollariraqi:1509.5
2025-01-08,baqubah,1,1,1512.5,1512.5,1512.5,1512.5,0.0,0.0,,dollariraqi:1512.5
2025-01-08,basra,2,2,1508.25,1509.25,1507.5,1511.0,3.5,0.232,,dollar_price:1507.5|dollariraqi:1511
2025-01-08,diwaniyah,1,1,1512.5,1512.5,1512.5,1512.5,0.0,0.0,,dollariraqi:1512.5
2025-01-08,erbil,2,2,1509.5,1509.0,1508.0,1510.0,2.0,0.133,,dollar_price:1508|dollariraqi:1510
2025-01-08,halabja,1,1,1511.5,1511.5,1511.5,1511.5,0.0,0.0,,dollariraqi:1511.5
2025-01-08,hillah,1,1,1512.0,1512.0,1512.0,1512.0,0.0,0.0,,dollariraqi:1512
2025-01-08,kut,1,1,1512.5,1512.5,1512.5,1512.5,0.0,0.0,,dollariraqi:1512.5
2025-01-08,nasiriyah,1,1,1512.0,1512.0,1512.0,1512.0,0.0,0.0,,dollariraqi:1512
2025-01-08,ramadi,1,1,1512.0,1512.0,1512.0,1512.0,0.0,0.0,,dollariraqi:1512
2025-01-08,samawah,1,1,1512.0,1512.0,1512.0,1512.0,0.0,0.0,,dollariraqi:1512
2025-01-08,tikrit,1,1,1512.0,1512.0,1512.0,1512.0,0.0,0.0,,dollariraqi:1512
2025-01-09,amarah,1,1,1512.0,1512.0,1512.0,1512.0,0.0,0.0,,dollariraqi:1512
2025-01-09,baghdad_generic,3,3,1511.83,1511.17,1510.0,1512.5,2.5,0.165,,dollar_price:1510|dollariraqi:1511|iqborsa:1512.5
2025-01-09,baqubah,1,1,1512.5,1512.5,1512.5,1512.5,0.0,0.0,,dollariraqi:1512.5
2025-01-09,basra,2,2,1510.5,1510.5,1510.0,1511.0,1.0,0.066,,dollar_price:1510|dollariraqi:1511
2025-01-09,diwaniyah,1,1,1512.5,1512.5,1512.5,1512.5,0.0,0.0,,dollariraqi:1512.5
2025-01-09,erbil,2,2,1514.0,1512.5,1510.0,1515.0,5.0,0.331,,dollar_price:1515|dollariraqi:1510
2025-01-09,halabja,1,1,1511.5,1511.5,1511.5,1511.5,0.0,0.0,,dollariraqi:1511.5
2025-01-09,hillah,1,1,1512.0,1512.0,1512.0,1512.0,0.0,0.0,,dollariraqi:1512
2025-01-09,kut,1,1,1512.5,1512.5,1512.5,1512.5,0.0,0.0,,dollariraqi:1512.5
2025-01-09,nasiriyah,1,1,1512.0,1512.0,1512.0,1512.0,0.0,0.0,,dollariraqi:1512
2025-01-09,ramadi,1,1,1512.0,1512.0,1512.0,1512.0,0.0,0.0,,dollariraqi:1512
2025-01-09,samawah,1,1,1512.0,1512.0,1512.0,1512.0,0.0,0.0,,dollariraqi:1512
2025-01-09,tikrit,1,1,1512.0,1512.0,1512.0,1512.0,0.0,0.0,,dollariraqi:1512
2025-01-12,amarah,1,1,1512.0,1512.0,1512.0,1512.0,0.0,0.0,,dollariraqi:1512
2025-01-12,baghdad_generic,3,3,1510.67,1513.0,1511.5,1515.0,3.5,0.231,,dollar_price:1512.5|dollariraqi:1511.5|iqborsa:1515
2025-01-12,baghdad_harithiya,1,1,1508.5,1510.5,1510.5,1510.5,0.0,0.0,,dollariraqi:1510.5
2025-01-12,baghdad_kifah,1,1,1508.5,1508.5,1508.5,1508.5,0.0,0.0,,dollariraqi:1508.5
2025-01-12,baqubah,1,1,1512.5,1512.5,1512.5,1512.5,0.0,0.0,,dollariraqi:1512.5
2025-01-12,basra,2,2,1512.5,1513.25,1511.5,1515.0,3.5,0.231,,dollar_price:1515|dollariraqi:1511.5
2025-01-12,diwaniyah,1,1,1512.5,1512.5,1512.5,1512.5,0.0,0.0,,dollariraqi:1512.5
2025-01-12,erbil,2,2,1511.0,1512.75,1512.5,1513.0,0.5,0.033,,dollar_price:1512.5|dollariraqi:1513
2025-01-12,hillah,1,1,1512.0,1512.0,1512.0,1512.0,0.0,0.0,,dollariraqi:1512
2025-01-12,kut,1,1,1512.5,1512.5,1512.5,1512.5,0.0,0.0,,dollariraqi:1512.5
2025-01-12,nasiriyah,1,1,1512.0,1512.0,1512.0,1512.0,0.0,0.0,,dollariraqi:1512
2025-01-12,ramadi,1,1,1512.0,1512.0,1512.0,1512.0,0.0,0.0,,dollariraqi:1512
2025-01-12,samawah,1,1,1512.0,1512.0,1512.0,1512.0,0.0,0.0,,dollariraqi:1512
2025-01-12,tikrit,1,1,1512.0,1512.0,1512.0,1512.0,0.0,0.0,,dollariraqi:1512
2025-01-13,babil,1,1,1510.0,1510.0,1510.0,1510.0,0.0,0.0,,dollariraqi:1510
2025-01-13,baghdad_generic,3,3,1511.0,1509.5,1507.5,1512.5,5.0,0.331,,dollar_price:1507.5|dollariraqi:1508.5|iqborsa:1512.5
2025-01-13,baghdad_harithiya,1,1,1512.0,1510.5,1510.5,1510.5,0.0,0.0,,dollariraqi:1510.5
2025-01-13,baghdad_karrada,1,1,1512.0,1512.0,1512.0,1512.0,0.0,0.0,,dollariraqi:1512
2025-01-13,baghdad_kifah,1,1,1512.0,1511.0,1511.0,1511.0,0.0,0.0,,dollariraqi:1511
2025-01-13,basra,2,2,1512.75,1511.5,1508.0,1515.0,7.0,0.463,,dollar_price:1515|dollariraqi:1508
2025-01-13,erbil,2,2,1514.0,1513.0,1511.0,1515.0,4.0,0.264,,dollar_price:1515|dollariraqi:1511
2025-01-13,nasiriyah,1,1,1513.5,1513.5,1513.5,1513.5,0.0,0.0,,dollariraqi:1513.5
2025-01-14,amarah,1,1,1511.0,1511.0,1511.0,1511.0,0.0,0.0,,dollariraqi:1511
2025-01-14,baghdad_generic,3,3,1510.5,1510.42,1509.25,1512.0,2.75,0.182,,dollar_price:1510|dollariraqi:1509.25|iqborsa:1512
2025-01-14,baghdad_harithiya,1,1,1510.0,1509.5,1509.5,1509.5,0.0,0.0,,dollariraqi:1509.5
2025-01-14,baghdad_karrada,1,1,1509.5,1509.5,1509.5,1509.5,0.0,0.0,,dollariraqi:1509.5
2025-01-14,baghdad_kifah,1,1,1510.5,1509.0,1509.0,1509.0,0.0,0.0,,dollariraqi:1509
2025-01-14,baqubah,1,1,1511.5,1511.5,1511.5,1511.5,0.0,0.0,,dollariraqi:1511.5
2025-01-14,basra,2,2,1512.0,1512.25,1509.5,1515.0,5.5,0.364,,dollar_price:1515|dollariraqi:1509.5
2025-01-14,diwaniyah,1,1,1510.5,1510.5,1510.5,1510.5,0.0,0.0,,dollariraqi:1510.5
2025-01-14,erbil,2,2,1512.5,1511.25,1509.0,1513.5,4.5,0.298,,dollar_price:1513.5|dollariraqi:1509
2025-01-14,halabja,1,1,1510.5,1510.5,1510.5,1510.5,0.0,0.0,,dollariraqi:1510.5
2025-01-14,hillah,1,1,1511.0,1511.0,1511.0,1511.0,0.0,0.0,,dollariraqi:1511
2025-01-14,kut,1,1,1510.5,1510.5,1510.5,1510.5,0.0,0.0,,dollariraqi:1510.5
2025-01-14,nasiriyah,1,1,1511.0,1511.0,1511.0,1511.0,0.0,0.0,,dollariraqi:1511
2025-01-14,ramadi,1,1,1511.0,1511.0,1511.0,1511.0,0.0,0.0,,dollariraqi:1511
2025-01-14,samawah,1,1,1511.0,1511.0,1511.0,1511.0,0.0,0.0,,dollariraqi:1511
2025-01-14,tikrit,1,1,1511.0,1511.0,1511.0,1511.0,0.0,0.0,,dollariraqi:1511
2025-01-15,amarah,1,1,1512.0,1512.0,1512.0,1512.0,0.0,0.0,,dollariraqi:1512
2025-01-15,baghdad_generic,3,3,1512.5,1512.83,1511.5,1515.0,3.5,0.231,,dollar_price:1515|dollariraqi:1511.5|iqborsa:1512
2025-01-15,baghdad_harithiya,1,1,1509.5,1509.5,1509.5,1509.5,0.0,0.0,,dollariraqi:1509.5
2025-01-15,baghdad_kifah,1,1,1509.5,1509.5,1509.5,1509.5,0.0,0.0,,dollariraqi:1509.5
2025-01-15,baqubah,1,1,1512.5,1512.5,1512.5,1512.5,0.0,0.0,,dollariraqi:1512.5
2025-01-15,basra,2,2,1512.5,1513.25,1511.5,1515.0,3.5,0.231,,dollar_price:1515|dollariraqi:1511.5
2025-01-15,diwaniyah,1,1,1512.5,1512.5,1512.5,1512.5,0.0,0.0,,dollariraqi:1512.5
2025-01-15,erbil,2,2,1512.75,1512.75,1510.5,1515.0,4.5,0.297,,dollar_price:1515|dollariraqi:1510.5
2025-01-15,halabja,1,1,1512.0,1512.0,1512.0,1512.0,0.0,0.0,,dollariraqi:1512
2025-01-15,hillah,1,1,1512.0,1512.0,1512.0,1512.0,0.0,0.0,,dollariraqi:1512
2025-01-15,kut,1,1,1512.5,1512.5,1512.5,1512.5,0.0,0.0,,dollariraqi:1512.5
2025-01-15,nasiriyah,1,1,1512.0,1512.0,1512.0,1512.0,0.0,0.0,,dollariraqi:1512
2025-01-15,ramadi,1,1,1512.0,1512.0,1512.0,1512.0,0.0,0.0,,dollariraqi:1512
2025-01-15,samawah,1,1,1512.0,1512.0,1512.0,1512.0,0.0,0.0,,dollariraqi:1512
2025-01-15,tikrit,1,1,1512.0,1512.0,1512.0,1512.0,0.0,0.0,,dollariraqi:1512
2025-01-16,amarah,1,1,1508.0,1508.0,1508.0,1508.0,0.0,0.0,,dollariraqi:1508
2025-01-16,baghdad_generic,3,3,1510.83,1509.5,1505.0,1512.5,7.5,0.497,,dollar_price:1512.5|dollariraqi:1505|iqborsa:1511
2025-01-16,baghdad_harithiya,1,1,1508.0,1507.0,1507.0,1507.0,0.0,0.0,,dollariraqi:1507
2025-01-16,baghdad_karrada,1,1,1509.0,1507.0,1507.0,1507.0,0.0,0.0,,dollariraqi:1507
2025-01-16,baghdad_kifah,1,1,1508.5,1507.0,1507.0,1507.0,0.0,0.0,,dollariraqi:1507
2025-01-16,baqubah,1,1,1507.5,1507.5,1507.5,1507.5,0.0,0.0,,dollariraqi:1507.5
2025-01-16,basra,2,2,1513.25,1511.25,1505.0,1517.5,12.5,0.827,,dollar_price:1517.5|dollariraqi:1505
2025-01-16,diwaniyah,1,1,1507.5,1507.5,1507.5,1507.5,0.0,0.0,,dollariraqi:1507.5
2025-01-16,erbil,2,2,1513.0,1510.0,1505.0,1515.0,10.0,0.662,,dollar_price:1515|dollariraqi:1505
2025-01-16,halabja,1,1,1508.5,1508.5,1508.5,1508.5,0.0,0.0,,dollariraqi:1508.5
2025-01-16,hillah,1,1,1508.0,1508.0,1508.0,1508.0,0.0,0.0,,dollariraqi:1508
2025-01-16,kut,1,1,1508.5,1508.5,1508.5,1508.5,0.0,0.0,,dollariraqi:1508.5
2025-01-16,nasiriyah,1,1,1508.0,1508.0,1508.0,1508.0,0.0,0.0,,dollariraqi:1508
2025-01-16,ramadi,1,1,1508.0,1508.0,1508.0,1508.0,0.0,0.0,,dollariraqi:1508
2025-01-16,samawah,1,1,1508.0,1508.0,1508.0,1508.0,0.0,0.0,,dollariraqi:1508
2025-01-16,tikrit,1,1,1508.0,1508.0,1508.0,1508.0,0.0,0.0,,dollariraqi:1508
2025-01-19,amarah,1,1,1507.5,1507.5,1507.5,1507.5,0.0,0.0,,dollariraqi:1507.5
2025-01-19,baghdad_generic,3,3,1508.67,1508.67,1506.0,1512.5,6.5,0.431,,dollar_price:1512.5|dollariraqi:1506|iqborsa:1507.5
2025-01-19,baghdad_harithiya,1,1,1506.5,1506.5,1506.5,1506.5,0.0,0.0,,dollariraqi:1506.5
2025-01-19,baghdad_karrada,1,1,1506.5,1506.5,1506.5,1506.5,0.0,0.0,,dollariraqi:1506.5
2025-01-19,baghdad_kifah,1,1,1506.5,1506.5,1506.5,1506.5,0.0,0.0,,dollariraqi:1506.5
2025-01-19,baqubah,1,1,1507.5,1507.5,1507.5,1507.5,0.0,0.0,,dollariraqi:1507.5
2025-01-19,basra,2,2,1506.75,1506.75,1506.0,1507.5,1.5,0.1,,dollar_price:1507.5|dollariraqi:1506
2025-01-19,diwaniyah,1,1,1507.5,1507.5,1507.5,1507.5,0.0,0.0,,dollariraqi:1507.5
2025-01-19,erbil,2,2,1508.5,1507.5,1505.0,1510.0,5.0,0.332,,dollar_price:1510|dollariraqi:1505
2025-01-19,halabja,1,1,1507.5,1507.5,1507.5,1507.5,0.0,0.0,,dollariraqi:1507.5
2025-01-19,hillah,1,1,1507.0,1507.0,1507.0,1507.0,0.0,0.0,,dollariraqi:1507
2025-01-19,kut,1,1,1507.5,1507.5,1507.5,1507.5,0.0,0.0,,dollariraqi:1507.5
2025-01-19,nasiriyah,1,1,1507.0,1507.0,1507.0,1507.0,0.0,0.0,,dollariraqi:1507
2025-01-19,ramadi,1,1,1507.0,1507.0,1507.0,1507.0,0.0,0.0,,dollariraqi:1507
2025-01-19,samawah,1,1,1507.0,1507.0,1507.0,1507.0,0.0,0.0,,dollariraqi:1507
2025-01-19,tikrit,1,1,1507.0,1507.0,1507.0,1507.0,0.0,0.0,,dollariraqi:1507
2025-01-20,amarah,1,1,1509.5,1509.5,1509.5,1509.5,0.0,0.0,,dollariraqi:1509.5
2025-01-20,baghdad_generic,3,3,1510.17,1509.83,1508.0,1512.5,4.5,0.298,,dollar_price:1512.5|dollariraqi:1508|iqborsa:1509
2025-01-20,baghdad_harithiya,1,1,1506.75,1508.0,1508.0,1508.0,0.0,0.0,,dollariraqi:1508
2025-01-20,baghdad_kifah,1,1,1506.5,1508.0,1508.0,1508.0,0.0,0.0,,dollariraqi:1508
2025-01-20,baqubah,1,1,1509.5,1509.5,1509.5,1509.5,0.0,0.0,,dollariraqi:1509.5
2025-01-20,basra,2,2,1509.5,1509.5,1509.0,1510.0,1.0,0.066,,dollar_price:1510|dollariraqi:1509
2025-01-20,diwaniyah,1,1,1509.5,1509.5,1509.5,1509.5,0.0,0.0,,dollariraqi:1509.5
2025-01-20,erbil,2,2,1508.25,1508.5,1507.5,1509.5,2.0,0.133,,dollar_price:1509.5|dollariraqi:1507.5
2025-01-20,halabja,1,1,1509.5,1509.5,1509.5,1509.5,0.0,0.0,,dollariraqi:1509.5
2025-01-20,hillah,1,1,1509.0,1509.0,1509.0,1509.0,0.0,0.0,,dollariraqi:1509
2025-01-20,kut,1,1,1509.5,1509.5,1509.5,1509.5,0.0,0.0,,dollariraqi:1509.5
2025-01-20,nasiriyah,1,1,1509.0,1509.0,1509.0,1509.0,0.0,0.0,,dollariraqi:1509
2025-01-20,ramadi,1,1,1509.0,1509.0,1509.0,1509.0,0.0,0.0,,dollariraqi:1509
2025-01-20,samawah,1,1,1509.0,1509.0,1509.0,1509.0,0.0,0.0,,dollariraqi:1509
2025-01-20,tikrit,1,1,1509.0,1509.0,1509.0,1509.0,0.0,0.0,,dollariraqi:1509
2025-01-21,baghdad_generic,2,2,1508.25,1510.75,1507.5,1514.0,6.5,0.43,,dollar_price:1507.5|iqborsa:1514
2025-01-21,baghdad_harithiya,1,1,1509.5,1509.5,1509.5,1509.5,0.0,0.0,,dollariraqi:1509.5
2025-01-21,baghdad_kifah,1,1,1509.5,1509.5,1509.5,1509.5,0.0,0.0,,dollariraqi:1509.5
2025-01-21,basra,2,2,1509.5,1509.5,1509.0,1510.0,1.0,0.066,,dollar_price:1510|dollariraqi:1509
2025-01-21,erbil,2,2,1509.25,1509.25,1509.0,1509.5,0.5,0.033,,dollar_price:1509.5|dollariraqi:1509
2025-01-22,amarah,1,1,1509.5,1509.5,1509.5,1509.5,0.0,0.0,,dollariraqi:1509.5
2025-01-22,baghdad_generic,3,3,1511.83,1511.0,1506.0,1515.0,9.0,0.596,,dollar_price:1515|dollariraqi:1506|iqborsa:1512
2025-01-22,baghdad_karrada,1,1,1509.0,1509.0,1509.0,1509.0,0.0,0.0,,dollariraqi:1509
2025-01-22,baghdad_kifah,1,1,1509.0,1509.5,1509.5,1509.5,0.0,0.0,,dollariraqi:1509.5
2025-01-22,baqubah,1,1,1509.5,1509.5,1509.5,1509.5,0.0,0.0,,dollariraqi:1509.5
2025-01-22,basra,2,2,1510.0,1508.75,1507.5,1510.0,2.5,0.166,,dollar_price:1510|dollariraqi:1507.5
2025-01-22,diwaniyah,1,1,1509.5,1509.5,1509.5,1509.5,0.0,0.0,,dollariraqi:1509.5
2025-01-22,erbil,2,2,1510.75,1510.0,1507.5,1512.5,5.0,0.331,,dollar_price:1512.5|dollariraqi:1507.5
2025-01-22,halabja,1,1,1509.5,1509.5,1509.5,1509.5,0.0,0.0,,dollariraqi:1509.5
2025-01-22,hillah,1,1,1509.0,1509.0,1509.0,1509.0,0.0,0.0,,dollariraqi:1509
2025-01-22,kut,1,1,1509.5,1509.5,1509.5,1509.5,0.0,0.0,,dollariraqi:1509.5
2025-01-22,nasiriyah,1,1,1509.0,1509.0,1509.0,1509.0,0.0,0.0,,dollariraqi:1509
2025-01-22,ramadi,1,1,1509.0,1509.0,1509.0,1509.0,0.0,0.0,,dollariraqi:1509
2025-01-22,samawah,1,1,1509.0,1509.0,1509.0,1509.0,0.0,0.0,,dollariraqi:1509
2025-01-22,tikrit,1,1,1509.0,1509.0,1509.0,1509.0,0.0,0.0,,dollariraqi:1509
2025-01-23,baghdad_generic,2,2,1508.75,1508.75,1507.5,1510.0,2.5,0.166,,dollar_price:1507.5|iqborsa:1510
2025-01-23,baghdad_kifah,1,1,1508.0,1508.5,1508.5,1508.5,0.0,0.0,,dollariraqi:1508.5
2025-01-23,basra,2,2,1509.5,1509.5,1509.0,1510.0,1.0,0.066,,dollar_price:1510|dollariraqi:1509
2025-01-23,erbil,2,2,1510.0,1510.25,1508.0,1512.5,4.5,0.298,,dollar_price:1512.5|dollariraqi:1508
2025-01-26,baghdad_generic,2,2,1513.25,1513.25,1509.0,1517.5,8.5,0.562,,dollar_price:1517.5|iqborsa:1509
2025-01-26,baghdad_harithiya,1,1,1507.0,1507.0,1507.0,1507.0,0.0,0.0,,dollariraqi:1507
2025-01-26,baghdad_kifah,1,1,1508.0,1508.0,1508.0,1508.0,0.0,0.0,,dollariraqi:1508
2025-01-26,basra,2,2,1509.5,1509.25,1508.5,1510.0,1.5,0.099,,dollar_price:1510|dollariraqi:1508.5
2025-01-26,erbil,2,2,1509.75,1509.75,1507.0,1512.5,5.5,0.364,,dollar_price:1512.5|dollariraqi:1507
2025-01-27,baghdad_generic,2,2,1509.0,1508.0,1507.0,1509.0,2.0,0.133,,dollar_price:1509|iqborsa:1507
2025-01-27,baghdad_harithiya,1,1,1502.75,1502.75,1502.75,1502.75,0.0,0.0,,dollariraqi:1502.75
2025-01-27,baghdad_kifah,1,1,1503.0,1503.0,1503.0,1503.0,0.0,0.0,,dollariraqi:1503
2025-01-27,basra,2,2,1511.75,1511.0,1507.0,1515.0,8.0,0.529,,dollar_price:1515|dollariraqi:1507
2025-01-27,erbil,2,2,1510.0,1508.0,1503.5,1512.5,9.0,0.597,,dollar_price:1512.5|dollariraqi:1503.5
2025-01-28,baghdad_generic,2,2,1508.0,1506.25,1502.5,1510.0,7.5,0.498,,dollar_price:1510|iqborsa:1502.5
2025-01-28,baghdad_harithiya,1,1,1500.5,1500.5,1500.5,1500.5,0.0,0.0,,dollariraqi:1500.5
2025-01-28,baghdad_karrada,1,1,1500.0,1500.0,1500.0,1500.0,0.0,0.0,,dollariraqi:1500
2025-01-28,baghdad_kifah,1,1,1500.0,1499.5,1499.5,1499.5,0.0,0.0,,dollariraqi:1499.5
2025-01-28,basra,2,2,1506.75,1504.75,1499.5,1510.0,10.5,0.698,,dollar_price:1510|dollariraqi:1499.5
2025-01-28,erbil,2,2,1504.25,1502.75,1498.5,1507.0,8.5,0.566,,dollar_price:1507|dollariraqi:1498.5
2025-01-29,baghdad_generic,2,2,1503.0,1503.75,1502.5,1505.0,2.5,0.166,,dollar_price:1502.5|iqborsa:1505
2025-01-29,baghdad_harithiya,1,1,1501.0,1501.0,1501.0,1501.0,0.0,0.0,,dollariraqi:1501
2025-01-29,baghdad_kifah,1,1,1502.0,1502.0,1502.0,1502.0,0.0,0.0,,dollariraqi:1502
2025-01-29,basra,2,2,1505.25,1505.75,1504.0,1507.5,3.5,0.232,,dollar_price:1507.5|dollariraqi:1504
2025-01-29,erbil,2,2,1503.25,1503.38,1503.25,1503.5,0.25,0.017,,dollar_price:1503.5|dollariraqi:1503.25
2025-01-30,baghdad_generic,3,3,1504.5,1505.17,1504.5,1506.0,1.5,0.1,,dollar_price:1505|dollariraqi:1504.5|iqborsa:1506
2025-01-30,baghdad_harithiya,1,1,1504.0,1504.0,1504.0,1504.0,0.0,0.0,,dollariraqi:1504
2025-01-30,baghdad_kifah,1,1,1505.0,1505.0,1505.0,1505.0,0.0,0.0,,dollariraqi:1505
2025-01-30,basra,2,2,1506.0,1506.75,1506.0,1507.5,1.5,0.1,,dollar_price:1507.5|dollariraqi:1506
2025-01-30,erbil,2,2,1506.0,1505.75,1504.0,1507.5,3.5,0.232,,dollar_price:1507.5|dollariraqi:1504
2025-02-02,baghdad_generic,2,2,1505.0,1505.0,1505.0,1505.0,0.0,0.0,,dollar_price:1505|iqborsa:1505
2025-02-02,baghdad_harithiya,1,1,1502.5,1503.0,1503.0,1503.0,0.0,0.0,,dollariraqi:1503
2025-02-02,baghdad_kifah,1,1,1502.5,1503.0,1503.0,1503.0,0.0,0.0,,dollariraqi:1503
2025-02-02,basra,2,2,1505.25,1505.5,1504.0,1507.0,3.0,0.199,,dollar_price:1507|dollariraqi:1504
2025-02-02,erbil,2,2,1503.5,1503.75,1503.5,1504.0,0.5,0.033,,dollar_price:1503.5|dollariraqi:1504
2025-02-03,baghdad_generic,3,3,1504.67,1504.67,1503.0,1506.0,3.0,0.199,,dollar_price:1505|dollariraqi:1503|iqborsa:1506
2025-02-03,baghdad_kifah,1,1,1503.5,1503.5,1503.5,1503.5,0.0,0.0,,dollariraqi:1503.5
2025-02-03,basra,2,2,1504.5,1504.25,1503.5,1505.0,1.5,0.1,,dollar_price:1505|dollariraqi:1503.5
2025-02-03,erbil,2,2,1505.5,1505.25,1503.0,1507.5,4.5,0.299,,dollar_price:1507.5|dollariraqi:1503
2025-02-04,amarah,1,1,1501.5,1501.5,1501.5,1501.5,0.0,0.0,,dollariraqi:1501.5
2025-02-04,baghdad_generic,3,3,1506.67,1506.67,1501.0,1515.0,14.0,0.929,,dollar_price:1515|dollariraqi:1501|iqborsa:1504
2025-02-04,baghdad_harithiya,1,1,1503.0,1503.0,1503.0,1503.0,0.0,0.0,,dollariraqi:1503
2025-02-04,baghdad_kifah,1,1,1502.5,1502.5,1502.5,1502.5,0.0,0.0,,dollariraqi:1502.5
2025-02-04,baqubah,1,1,1501.5,1501.5,1501.5,1501.5,0.0,0.0,,dollariraqi:1501.5
2025-02-04,basra,2,2,1504.0,1503.0,1501.0,1505.0,4.0,0.266,,dollar_price:1505|dollariraqi:1501
2025-02-04,diwaniyah,1,1,1501.5,1501.5,1501.5,1501.5,0.0,0.0,,dollariraqi:1501.5
2025-02-04,erbil,2,2,1504.75,1503.75,1500.0,1507.5,7.5,0.499,,dollar_price:1507.5|dollariraqi:1500
2025-02-04,halabja,1,1,1501.5,1501.5,1501.5,1501.5,0.0,0.0,,dollariraqi:1501.5
2025-02-04,hillah,1,1,1502.0,1502.0,1502.0,1502.0,0.0,0.0,,dollariraqi:1502
2025-02-04,kut,1,1,1501.5,1501.5,1501.5,1501.5,0.0,0.0,,dollariraqi:1501.5
2025-02-04,nasiriyah,1,1,1502.0,1502.0,1502.0,1502.0,0.0,0.0,,dollariraqi:1502
2025-02-04,ramadi,1,1,1502.0,1502.0,1502.0,1502.0,0.0,0.0,,dollariraqi:1502
2025-02-04,samawah,1,1,1502.0,1502.0,1502.0,1502.0,0.0,0.0,,dollariraqi:1502
2025-02-04,tikrit,1,1,1501.0,1501.0,1501.0,1501.0,0.0,0.0,,dollariraqi:1501
2025-02-05,baghdad_generic,2,2,1504.0,1505.0,1504.0,1506.0,2.0,0.133,,dollar_price:1504|iqborsa:1506
2025-02-05,baghdad_kifah,1,1,1502.5,1503.0,1503.0,1503.0,0.0,0.0,,dollariraqi:1503
2025-02-05,basra,2,2,1502.75,1503.5,1503.5,1503.5,0.0,0.0,,dollar_price:1503.5|dollariraqi:1503.5
2025-02-05,erbil,2,2,1501.1,1502.85,1501.2,1504.5,3.3,0.22,,dollar_price:1501.2|dollariraqi:1504.5
2025-02-06,amarah,1,1,1503.5,1503.5,1503.5,1503.5,0.0,0.0,,dollariraqi:1503.5
2025-02-06,baghdad_generic,3,3,1505.0,1505.0,1503.0,1507.0,4.0,0.266,,dollar_price:1505|dollariraqi:1503|iqborsa:1507
2025-02-06,baghdad_kifah,1,1,1504.5,1504.5,1504.5,1504.5,0.0,0.0,,dollariraqi:1504.5
2025-02-06,baqubah,1,1,1503.5,1503.5,1503.5,1503.5,0.0,0.0,,dollariraqi:1503.5
2025-02-06,basra,2,2,1504.5,1504.0,1503.0,1505.0,2.0,0.133,,dollar_price:1505|dollariraqi:1503
2025-02-06,diwaniyah,1,1,1503.5,1503.5,1503.5,1503.5,0.0,0.0,,dollariraqi:1503.5
2025-02-06,erbil,2,2,1505.75,1505.0,1502.5,1507.5,5.0,0.332,,dollar_price:1507.5|dollariraqi:1502.5
2025-02-06,hillah,1,1,1504.0,1504.0,1504.0,1504.0,0.0,0.0,,dollariraqi:1504
2025-02-06,kut,1,1,1503.5,1503.5,1503.5,1503.5,0.0,0.0,,dollariraqi:1503.5
2025-02-06,nasiriyah,1,1,1504.0,1504.0,1504.0,1504.0,0.0,0.0,,dollariraqi:1504
2025-02-06,ramadi,1,1,1504.0,1504.0,1504.0,1504.0,0.0,0.0,,dollariraqi:1504
2025-02-06,samawah,1,1,1504.0,1504.0,1504.0,1504.0,0.0,0.0,,dollariraqi:1504
2025-02-06,tikrit,1,1,1503.0,1503.0,1503.0,1503.0,0.0,0.0,,dollariraqi:1503
2025-02-09,baghdad_generic,3,3,1507.5,1507.5,1502.5,1515.0,12.5,0.829,,dollar_price:1515|dollariraqi:1502.5|iqborsa:1505
2025-02-09,baghdad_kifah,1,1,1503.5,1503.5,1503.5,1503.5,0.0,0.0,,dollariraqi:1503.5
2025-02-09,basra,2,2,1506.25,1505.63,1503.75,1507.5,3.75,0.249,,dollar_price:1507.5|dollariraqi:1503.75
2025-02-09,erbil,2,2,1505.0,1504.5,1501.5,1507.5,6.0,0.399,,dollar_price:1507.5|dollariraqi:1501.5
2025-02-10,amarah,1,1,1501.5,1501.5,1501.5,1501.5,0.0,0.0,,dollariraqi:1501.5
2025-02-10,baghdad_generic,3,3,1504.0,1503.33,1501.0,1505.0,4.0,0.266,,dollar_price:1505|dollariraqi:1501|iqborsa:1504
2025-02-10,baqubah,1,1,1501.5,1501.5,1501.5,1501.5,0.0,0.0,,dollariraqi:1501.5
2025-02-10,basra,2,2,1504.0,1503.0,1501.0,1505.0,4.0,0.266,,dollar_price:1505|dollariraqi:1501
2025-02-10,diwaniyah,1,1,1501.5,1501.5,1501.5,1501.5,0.0,0.0,,dollariraqi:1501.5
2025-02-10,erbil,2,2,1503.25,1502.75,1500.5,1505.0,4.5,0.299,,dollar_price:1505|dollariraqi:1500.5
2025-02-10,halabja,1,1,1501.5,1501.5,1501.5,1501.5,0.0,0.0,,dollariraqi:1501.5
2025-02-10,hillah,1,1,1502.0,1502.0,1502.0,1502.0,0.0,0.0,,dollariraqi:1502
2025-02-10,kut,1,1,1501.5,1501.5,1501.5,1501.5,0.0,0.0,,dollariraqi:1501.5
2025-02-10,nasiriyah,1,1,1502.0,1502.0,1502.0,1502.0,0.0,0.0,,dollariraqi:1502
2025-02-10,ramadi,1,1,1502.0,1502.0,1502.0,1502.0,0.0,0.0,,dollariraqi:1502
2025-02-10,samawah,1,1,1502.0,1502.0,1502.0,1502.0,0.0,0.0,,dollariraqi:1502
2025-02-10,tikrit,1,1,1502.0,1502.0,1502.0,1502.0,0.0,0.0,,dollariraqi:1502
2025-02-11,amarah,1,1,1502.5,1502.5,1502.5,1502.5,0.0,0.0,,dollariraqi:1502.5
2025-02-11,baghdad_generic,3,3,1507.67,1507.33,1502.0,1515.0,13.0,0.862,,dollar_price:1515|dollariraqi:1502|iqborsa:1505
2025-02-11,baqubah,1,1,1502.5,1502.5,1502.5,1502.5,0.0,0.0,,dollariraqi:1502.5
2025-02-11,basra,2,2,1504.25,1503.5,1502.0,1505.0,3.0,0.2,,dollar_price:1505|dollariraqi:1502
2025-02-11,diwaniyah,1,1,1502.5,1502.5,1502.5,1502.5,0.0,0.0,,dollariraqi:1502.5
2025-02-11,erbil,2,2,1504.75,1505.13,1502.75,1507.5,4.75,0.316,,dollar_price:1507.5|dollariraqi:1502.75
2025-02-11,hillah,1,1,1502.0,1502.0,1502.0,1502.0,0.0,0.0,,dollariraqi:1502
2025-02-11,kut,1,1,1502.5,1502.5,1502.5,1502.5,0.0,0.0,,dollariraqi:1502.5
2025-02-11,nasiriyah,1,1,1502.0,1502.0,1502.0,1502.0,0.0,0.0,,dollariraqi:1502
2025-02-11,ramadi,1,1,1502.0,1502.0,1502.0,1502.0,0.0,0.0,,dollariraqi:1502
2025-02-11,samawah,1,1,1502.0,1502.0,1502.0,1502.0,0.0,0.0,,dollariraqi:1502
2025-02-11,tikrit,1,1,1502.0,1502.0,1502.0,1502.0,0.0,0.0,,dollariraqi:1502
2025-02-12,amarah,1,1,1503.5,1503.5,1503.5,1503.5,0.0,0.0,,dollariraqi:1503.5
2025-02-12,baghdad_generic,3,3,1504.0,1503.67,1501.0,1505.0,4.0,0.266,,dollar_price:1505|dollariraqi:1501|iqborsa:1505
2025-02-12,baqubah,1,1,1503.5,1503.5,1503.5,1503.5,0.0,0.0,,dollariraqi:1503.5
2025-02-12,basra,2,2,1504.0,1503.5,1502.0,1505.0,3.0,0.2,,dollar_price:1505|dollariraqi:1502
2025-02-12,diwaniyah,1,1,1503.5,1503.5,1503.5,1503.5,0.0,0.0,,dollariraqi:1503.5
2025-02-12,erbil,2,2,1504.25,1504.0,1502.5,1505.5,3.0,0.199,,dollar_price:1505.5|dollariraqi:1502.5
2025-02-12,halabja,1,1,1503.5,1503.5,1503.5,1503.5,0.0,0.0,,dollariraqi:1503.5
2025-02-12,hillah,1,1,1504.0,1504.0,1504.0,1504.0,0.0,0.0,,dollariraqi:1504
2025-02-12,kut,1,1,1503.5,1503.5,1503.5,1503.5,0.0,0.0,,dollariraqi:1503.5
2025-02-12,nasiriyah,1,1,1504.0,1504.0,1504.0,1504.0,0.0,0.0,,dollariraqi:1504
2025-02-12,ramadi,1,1,1504.0,1504.0,1504.0,1504.0,0.0,0.0,,dollariraqi:1504
2025-02-12,samawah,1,1,1504.0,1504.0,1504.0,1504.0,0.0,0.0,,dollariraqi:1504
2025-02-12,tikrit,1,1,1503.0,1503.0,1503.0,1503.0,0.0,0.0,,dollariraqi:1503
2025-02-13,baghdad_generic,3,3,1503.33,1503.33,1502.5,1504.0,1.5,0.1,,dollar_price:1503.5|dollariraqi:1502.5|iqborsa:1504
2025-02-13,baghdad_harithiya,1,1,1502.0,1502.0,1502.0,1502.0,0.0,0.0,,dollariraqi:1502
2025-02-13,baghdad_kifah,1,1,1502.5,1502.5,1502.5,1502.5,0.0,0.0,,dollariraqi:1502.5
2025-02-13,basra,2,2,1503.75,1503.25,1501.5,1505.0,3.5,0.233,,dollar_price:1505|dollariraqi:1501.5
2025-02-13,erbil,2,2,1503.75,1503.75,1502.5,1505.0,2.5,0.166,,dollar_price:1505|dollariraqi:1502.5
2025-02-16,amarah,1,1,1502.5,1502.5,1502.5,1502.5,0.0,0.0,,dollariraqi:1502.5
2025-02-16,baghdad_generic,2,2,1503.5,1503.25,1501.5,1505.0,3.5,0.233,,dollar_price:1505|dollariraqi:1501.5
2025-02-16,baghdad_harithiya,1,1,1501.0,1501.0,1501.0,1501.0,0.0,0.0,,dollariraqi:1501
2025-02-16,baghdad_kifah,1,1,1500.5,1500.5,1500.5,1500.5,0.0,0.0,,dollariraqi:1500.5
2025-02-16,baqubah,1,1,1502.5,1502.5,1502.5,1502.5,0.0,0.0,,dollariraqi:1502.5
2025-02-16,basra,2,2,1503.5,1503.5,1502.0,1505.0,3.0,0.2,,dollar_price:1505|dollariraqi:1502
2025-02-16,diwaniyah,1,1,1502.5,1502.5,1502.5,1502.5,0.0,0.0,,dollariraqi:1502.5
2025-02-16,erbil,2,2,1503.5,1503.0,1501.0,1505.0,4.0,0.266,,dollar_price:1505|dollariraqi:1501
2025-02-16,halabja,1,1,1502.5,1502.5,1502.5,1502.5,0.0,0.0,,dollariraqi:1502.5
2025-02-16,hillah,1,1,1502.0,1502.0,1502.0,1502.0,0.0,0.0,,dollariraqi:1502
2025-02-16,kut,1,1,1502.5,1502.5,1502.5,1502.5,0.0,0.0,,dollariraqi:1502.5
2025-02-16,nasiriyah,1,1,1502.0,1502.0,1502.0,1502.0,0.0,0.0,,dollariraqi:1502
2025-02-16,ramadi,1,1,1502.0,1502.0,1502.0,1502.0,0.0,0.0,,dollariraqi:1502
2025-02-16,samawah,1,1,1502.0,1502.0,1502.0,1502.0,0.0,0.0,,dollariraqi:1502
2025-02-16,tikrit,1,1,1502.0,1502.0,1502.0,1502.0,0.0,0.0,,dollariraqi:1502
2025-02-17,amarah,1,1,1503.5,1503.5,1503.5,1503.5,0.0,0.0,,dollariraqi:1503.5
2025-02-17,baghdad_generic,3,3,1504.33,1504.33,1503.0,1505.0,2.0,0.133,,dollar_price:1505|dollariraqi:1503|iqborsa:1505
2025-02-17,baghdad_kifah,1,1,1503.0,1504.0,1504.0,1504.0,0.0,0.0,,dollariraqi:1504
2025-02-17,baqubah,1,1,1503.5,1503.5,1503.5,1503.5,0.0,0.0,,dollariraqi:1503.5
2025-02-17,basra,2,2,1503.5,1504.5,1504.0,1505.0,1.0,0.066,,dollar_price:1505|dollariraqi:1504
2025-02-17,diwaniyah,1,1,1503.5,1503.5,1503.5,1503.5,0.0,0.0,,dollariraqi:1503.5
2025-02-17,erbil,2,2,1504.5,1504.25,1503.5,1505.0,1.5,0.1,,dollar_price:1505|dollariraqi:1503.5
2025-02-17,halabja,1,1,1503.5,1503.5,1503.5,1503.5,0.0,0.0,,dollariraqi:1503.5
2025-02-17,hillah,1,1,1504.0,1504.0,1504.0,1504.0,0.0,0.0,,dollariraqi:1504
2025-02-17,kut,1,1,1503.5,1503.5,1503.5,1503.5,0.0,0.0,,dollariraqi:1503.5
2025-02-17,nasiriyah,1,1,1504.0,1504.0,1504.0,1504.0,0.0,0.0,,dollariraqi:1504
2025-02-17,ramadi,1,1,1504.0,1504.0,1504.0,1504.0,0.0,0.0,,dollariraqi:1504
2025-02-17,samawah,1,1,1504.0,1504.0,1504.0,1504.0,0.0,0.0,,dollariraqi:1504
2025-02-17,tikrit,1,1,1504.0,1504.0,1504.0,1504.0,0.0,0.0,,dollariraqi:1504
2025-02-18,amarah,1,1,1502.5,1502.5,1502.5,1502.5,0.0,0.0,,dollariraqi:1502.5
2025-02-18,baghdad_generic,3,3,1504.83,1504.83,1503.0,1507.5,4.5,0.299,,dollar_price:1507.5|dollariraqi:1503|iqborsa:1504
2025-02-18,baghdad_kifah,1,1,1503.25,1503.25,1503.25,1503.25,0.0,0.0,,dollariraqi:1503.25
2025-02-18,baqubah,1,1,1502.5,1502.5,1502.5,1502.5,0.0,0.0,,dollariraqi:1502.5
2025-02-18,basra,2,2,1506.25,1505.5,1503.5,1507.5,4.0,0.266,,dollar_price:1507.5|dollariraqi:1503.5
2025-02-18,diwaniyah,1,1,1502.5,1502.5,1502.5,1502.5,0.0,0.0,,dollariraqi:1502.5
2025-02-18,erbil,2,2,1505.25,1504.0,1501.0,1507.0,6.0,0.399,,dollar_price:1507|dollariraqi:1501
2025-02-18,halabja,1,1,1502.5,1502.5,1502.5,1502.5,0.0,0.0,,dollariraqi:1502.5
2025-02-18,hillah,1,1,1502.0,1502.0,1502.0,1502.0,0.0,0.0,,dollariraqi:1502
2025-02-18,kut,1,1,1502.5,1502.5,1502.5,1502.5,0.0,0.0,,dollariraqi:1502.5
2025-02-18,nasiriyah,1,1,1502.0,1502.0,1502.0,1502.0,0.0,0.0,,dollariraqi:1502
2025-02-18,ramadi,1,1,1502.0,1502.0,1502.0,1502.0,0.0,0.0,,dollariraqi:1502
2025-02-18,samawah,1,1,1502.0,1502.0,1502.0,1502.0,0.0,0.0,,dollariraqi:1502
2025-02-18,tikrit,1,1,1502.0,1502.0,1502.0,1502.0,0.0,0.0,,dollariraqi:1502
2025-02-19,amarah,1,1,1500.5,1500.5,1500.5,1500.5,0.0,0.0,,dollariraqi:1500.5
2025-02-19,baghdad_generic,3,3,1503.0,1503.0,1500.0,1505.0,5.0,0.333,,dollar_price:1505|dollariraqi:1500|iqborsa:1504
2025-02-19,baghdad_kifah,1,1,1502.5,1502.5,1502.5,1502.5,0.0,0.0,,dollariraqi:1502.5
2025-02-19,baqubah,1,1,1500.5,1500.5,1500.5,1500.5,0.0,0.0,,dollariraqi:1500.5
2025-02-19,basra,2,2,1504.0,1502.5,1500.0,1505.0,5.0,0.333,,dollar_price:1505|dollariraqi:1500
2025-02-19,diwaniyah,1,1,1500.5,1500.5,1500.5,1500.5,0.0,0.0,,dollariraqi:1500.5
2025-02-19,erbil,2,2,1503.25,1502.25,1499.0,1505.5,6.5,0.433,,dollar_price:1505.5|dollariraqi:1499
2025-02-19,halabja,1,1,1500.5,1500.5,1500.5,1500.5,0.0,0.0,,dollariraqi:1500.5
2025-02-19,hillah,1,1,1501.0,1501.0,1501.0,1501.0,0.0,0.0,,dollariraqi:1501
2025-02-19,kut,1,1,1500.5,1500.5,1500.5,1500.5,0.0,0.0,,dollariraqi:1500.5
2025-02-19,nasiriyah,1,1,1501.0,1501.0,1501.0,1501.0,0.0,0.0,,dollariraqi:1501
2025-02-19,ramadi,1,1,1501.0,1501.0,1501.0,1501.0,0.0,0.0,,dollariraqi:1501
2025-02-19,samawah,1,1,1500.5,1500.5,1500.5,1500.5,0.0,0.0,,dollariraqi:1500.5
2025-02-19,tikrit,1,1,1500.5,1500.5,1500.5,1500.5,0.0,0.0,,dollariraqi:1500.5
2025-02-20,amarah,1,1,1500.5,1500.5,1500.5,1500.5,0.0,0.0,,dollariraqi:1500.5
2025-02-20,baghdad_generic,3,3,1501.67,1501.67,1500.0,1502.5,2.5,0.166,,dollar_price:1502.5|dollariraqi:1500|iqborsa:1502.5
2025-02-20,baghdad_kifah,1,1,1500.0,1500.0,1500.0,1500.0,0.0,0.0,,dollariraqi:1500
2025-02-20,baqubah,1,1,1500.5,1500.5,1500.5,1500.5,0.0,0.0,,dollariraqi:1500.5
2025-02-20,basra,2,2,1501.0,1501.0,1500.0,1502.0,2.0,0.133,,dollar_price:1502|dollariraqi:1500
2025-02-20,diwaniyah,1,1,1500.5,1500.5,1500.5,1500.5,0.0,0.0,,dollariraqi:1500.5
2025-02-20,erbil,2,2,1500.75,1500.75,1499.0,1502.5,3.5,0.233,,dollar_price:1502.5|dollariraqi:1499
2025-02-20,halabja,1,1,1500.5,1500.5,1500.5,1500.5,0.0,0.0,,dollariraqi:1500.5
2025-02-20,hillah,1,1,1501.0,1501.0,1501.0,1501.0,0.0,0.0,,dollariraqi:1501
2025-02-20,kut,1,1,1500.5,1500.5,1500.5,1500.5,0.0,0.0,,dollariraqi:1500.5
2025-02-20,nasiriyah,1,1,1501.0,1501.0,1501.0,1501.0,0.0,0.0,,dollariraqi:1501
2025-02-20,ramadi,1,1,1501.0,1501.0,1501.0,1501.0,0.0,0.0,,dollariraqi:1501
2025-02-20,samawah,1,1,1500.5,1500.5,1500.5,1500.5,0.0,0.0,,dollariraqi:1500.5
2025-02-20,tikrit,1,1,1500.5,1500.5,1500.5,1500.5,0.0,0.0,,dollariraqi:1500.5
2025-02-23,baghdad_generic,2,2,1496.25,1494.5,1492.5,1496.5,4.0,0.268,,dollariraqi:1492.5|iqborsa:1496.5
2025-02-23,baghdad_harithiya,1,1,1497.5,1497.5,1497.5,1497.5,0.0,0.0,,dollariraqi:1497.5
2025-02-23,baghdad_karrada,1,1,1495.0,1495.0,1495.0,1495.0,0.0,0.0,,dollariraqi:1495
2025-02-23,baghdad_kifah,1,1,1497.25,1492.5,1492.5,1492.5,0.0,0.0,,dollariraqi:1492.5
2025-02-23,basra,1,1,1499.5,1495.5,1495.5,1495.5,0.0,0.0,,dollariraqi:1495.5
2025-02-23,erbil,1,1,1497.0,1493.5,1493.5,1493.5,0.0,0.0,,dollariraqi:1493.5
2025-02-24,amarah,1,1,1492.5,1492.5,1492.5,1492.5,0.0,0.0,,dollariraqi:1492.5
2025-02-24,baghdad_generic,3,3,1493.17,1490.67,1485.0,1495.0,10.0,0.671,,dollar_price:1495|dollariraqi:1485|iqborsa:1492
2025-02-24,baghdad_kifah,1,1,1490.0,1490.0,1490.0,1490.0,0.0,0.0,,dollariraqi:1490
2025-02-24,baqubah,1,1,1492.5,1492.5,1492.5,1492.5,0.0,0.0,,dollariraqi:1492.5
2025-02-24,basra,2,2,1495.5,1491.5,1485.5,1497.5,12.0,0.805,,dollar_price:1497.5|dollariraqi:1485.5
2025-02-24,diwaniyah,1,1,1492.5,1492.5,1492.5,1492.5,0.0,0.0,,dollariraqi:1492.5
2025-02-24,erbil,2,2,1494.5,1494.0,1490.5,1497.5,7.0,0.469,,dollar_price:1497.5|dollariraqi:1490.5
2025-02-24,halabja,1,1,1492.5,1492.5,1492.5,1492.5,0.0,0.0,,dollariraqi:1492.5
2025-02-24,hillah,1,1,1492.0,1492.0,1492.0,1492.0,0.0,0.0,,dollariraqi:1492
2025-02-24,kut,1,1,1492.5,1492.5,1492.5,1492.5,0.0,0.0,,dollariraqi:1492.5
2025-02-24,nasiriyah,1,1,1492.0,1492.0,1492.0,1492.0,0.0,0.0,,dollariraqi:1492
2025-02-24,ramadi,1,1,1492.0,1492.0,1492.0,1492.0,0.0,0.0,,dollariraqi:1492
2025-02-24,samawah,1,1,1492.5,1492.5,1492.5,1492.5,0.0,0.0,,dollariraqi:1492.5
2025-02-24,tikrit,1,1,1492.0,1492.0,1492.0,1492.0,0.0,0.0,,dollariraqi:1492
2025-02-25,baghdad_generic,2,2,1492.5,1492.5,1490.0,1495.0,5.0,0.335,,dollar_price:1495|iqborsa:1490
2025-02-25,baghdad_harithiya,1,1,1488.0,1488.0,1488.0,1488.0,0.0,0.0,,dollariraqi:1488
2025-02-25,baghdad_kifah,1,1,1487.0,1487.0,1487.0,1487.0,0.0,0.0,,dollariraqi:1487
2025-02-25,basra,2,2,1491.25,1491.25,1490.0,1492.5,2.5,0.168,,dollar_price:1492.5|dollariraqi:1490
2025-02-25,erbil,2,2,1492.25,1492.25,1489.5,1495.0,5.5,0.369,,dollar_price:1495|dollariraqi:1489.5
2025-02-26,amarah,1,1,1489.0,1489.0,1489.0,1489.0,0.0,0.0,,dollariraqi:1489
2025-02-26,baghdad_generic,3,3,1490.0,1490.17,1488.0,1492.5,4.5,0.302,,dollar_price:1490|dollariraqi:1488|iqborsa:1492.5
2025-02-26,baghdad_kifah,1,1,1491.0,1491.0,1491.0,1491.0,0.0,0.0,,dollariraqi:1491
2025-02-26,baqubah,1,1,1489.5,1489.5,1489.5,1489.5,0.0,0.0,,dollariraqi:1489.5
2025-02-26,basra,2,2,1492.0,1490.25,1488.0,1492.5,4.5,0.302,,dollar_price:1492.5|dollariraqi:1488
2025-02-26,diwaniyah,1,1,1489.0,1489.0,1489.0,1489.0,0.0,0.0,,dollariraqi:1489
2025-02-26,erbil,2,2,1490.5,1490.5,1488.5,1492.5,4.0,0.268,,dollar_price:1492.5|dollariraqi:1488.5
2025-02-26,halabja,1,1,1489.5,1489.5,1489.5,1489.5,0.0,0.0,,dollariraqi:1489.5
2025-02-26,hillah,1,1,1489.0,1489.0,1489.0,1489.0,0.0,0.0,,dollariraqi:1489
2025-02-26,kut,1,1,1489.5,1489.5,1489.5,1489.5,0.0,0.0,,dollariraqi:1489.5
2025-02-26,nasiriyah,1,1,1489.0,1489.0,1489.0,1489.0,0.0,0.0,,dollariraqi:1489
2025-02-26,ramadi,1,1,1489.0,1489.0,1489.0,1489.0,0.0,0.0,,dollariraqi:1489
2025-02-26,samawah,1,1,1489.0,1489.0,1489.0,1489.0,0.0,0.0,,dollariraqi:1489
2025-02-26,tikrit,1,1,1489.5,1489.5,1489.5,1489.5,0.0,0.0,,dollariraqi:1489.5
2025-02-27,amarah,1,1,1483.0,1483.0,1483.0,1483.0,0.0,0.0,,dollariraqi:1483
2025-02-27,baghdad_generic,3,3,1490.33,1488.83,1484.0,1495.0,11.0,0.739,,dollar_price:1495|dollariraqi:1484|iqborsa:1487.5
2025-02-27,baqubah,1,1,1483.5,1483.5,1483.5,1483.5,0.0,0.0,,dollariraqi:1483.5
2025-02-27,basra,2,2,1491.0,1486.63,1480.75,1492.5,11.75,0.79,,dollar_price:1492.5|dollariraqi:1480.75
2025-02-27,diwaniyah,1,1,1483.0,1483.0,1483.0,1483.0,0.0,0.0,,dollariraqi:1483
2025-02-27,erbil,2,2,1489.5,1488.25,1481.5,1495.0,13.5,0.907,,dollar_price:1495|dollariraqi:1481.5
2025-02-27,halabja,1,1,1483.5,1483.5,1483.5,1483.5,0.0,0.0,,dollariraqi:1483.5
2025-02-27,hillah,1,1,1483.0,1483.0,1483.0,1483.0,0.0,0.0,,dollariraqi:1483
2025-02-27,kut,1,1,1483.5,1483.5,1483.5,1483.5,0.0,0.0,,dollariraqi:1483.5
2025-02-27,nasiriyah,1,1,1483.0,1483.0,1483.0,1483.0,0.0,0.0,,dollariraqi:1483
2025-02-27,ramadi,1,1,1483.0,1483.0,1483.0,1483.0,0.0,0.0,,dollariraqi:1483
2025-02-27,samawah,1,1,1483.0,1483.0,1483.0,1483.0,0.0,0.0,,dollariraqi:1483
2025-02-27,tikrit,1,1,1483.5,1483.5,1483.5,1483.5,0.0,0.0,,dollariraqi:1483.5
2025-03-02,baghdad_generic,3,3,1472.67,1476.33,1473.0,1480.0,7.0,0.474,,dollar_price:1473|dollariraqi:1476|iqborsa:1480
2025-03-02,baghdad_harithiya,1,1,1471.0,1471.0,1471.0,1471.0,0.0,0.0,,dollariraqi:1471
2025-03-02,baghdad_samawal,1,1,1470.5,1470.5,1470.5,1470.5,0.0,0.0,,dollariraqi:1470.5
2025-03-02,baghdad_shorja,1,1,1469.0,1469.0,1469.0,1469.0,0.0,0.0,,dollariraqi:1469
2025-03-02,basra,2,2,1471.25,1474.75,1472.5,1477.0,4.5,0.305,,dollar_price:1472.5|dollariraqi:1477
2025-03-02,erbil,2,2,1470.0,1467.25,1461.5,1473.0,11.5,0.784,,dollar_price:1473|dollariraqi:1461.5
2025-03-03,amarah,1,1,1488.0,1488.0,1488.0,1488.0,0.0,0.0,,dollariraqi:1488
2025-03-03,baghdad_generic,3,3,1488.67,1488.17,1487.0,1490.0,3.0,0.202,,dollar_price:1487.5|dollariraqi:1487|iqborsa:1490
2025-03-03,baghdad_harithiya,1,1,1485.0,1485.0,1485.0,1485.0,0.0,0.0,,dollariraqi:1485
2025-03-03,baghdad_kifah,1,1,1485.5,1490.75,1490.75,1490.75,0.0,0.0,,dollariraqi:1490.75
2025-03-03,baqubah,1,1,1487.5,1487.5,1487.5,1487.5,0.0,0.0,,dollariraqi:1487.5
2025-03-03,basra,2,2,1484.5,1488.0,1485.0,1491.0,6.0,0.403,,dollar_price:1485|dollariraqi:1491
2025-03-03,diwaniyah,1,1,1488.0,1488.0,1488.0,1488.0,0.0,0.0,,dollariraqi:1488
2025-03-03,erbil,2,2,1481.75,1484.0,1480.0,1488.0,8.0,0.539,,dollar_price:1480|dollariraqi:1488
2025-03-03,halabja,1,1,1487.5,1487.5,1487.5,1487.5,0.0,0.0,,dollariraqi:1487.5
2025-03-03,hillah,1,1,1488.0,1488.0,1488.0,1488.0,0.0,0.0,,dollariraqi:1488
2025-03-03,kut,1,1,1487.5,1487.5,1487.5,1487.5,0.0,0.0,,dollariraqi:1487.5
2025-03-03,nasiriyah,1,1,1488.0,1488.0,1488.0,1488.0,0.0,0.0,,dollariraqi:1488
2025-03-03,ramadi,1,1,1487.0,1487.0,1487.0,1487.0,0.0,0.0,,dollariraqi:1487
2025-03-03,samawah,1,1,1487.5,1487.5,1487.5,1487.5,0.0,0.0,,dollariraqi:1487.5
2025-03-03,tikrit,1,1,1487.5,1487.5,1487.5,1487.5,0.0,0.0,,dollariraqi:1487.5
2025-03-04,baghdad_generic,2,2,1484.5,1484.5,1479.0,1490.0,11.0,0.741,,dollar_price:1490|dollariraqi:1479
2025-03-04,baghdad_harithiya,1,1,1482.0,1486.0,1486.0,1486.0,0.0,0.0,,dollariraqi:1486
2025-03-04,baghdad_kifah,1,1,1484.0,1487.0,1487.0,1487.0,0.0,0.0,,dollariraqi:1487
2025-03-04,basra,2,2,1487.0,1485.5,1481.0,1490.0,9.0,0.606,,dollar_price:1490|dollariraqi:1481
2025-03-04,erbil,2,2,1485.5,1487.0,1484.0,1490.0,6.0,0.403,,dollar_price:1490|dollariraqi:1484
2025-03-05,amarah,1,1,1482.0,1482.0,1482.0,1482.0,0.0,0.0,,dollariraqi:1482
2025-03-05,baghdad_generic,3,3,1484.5,1484.0,1481.0,1486.0,5.0,0.337,,dollar_price:1485|dollariraqi:1481|iqborsa:1486
2025-03-05,baghdad_harithiya,1,1,1482.5,1482.5,1482.5,1482.5,0.0,0.0,,dollariraqi:1482.5
2025-03-05,baghdad_kifah,1,1,1483.0,1483.0,1483.0,1483.0,0.0,0.0,,dollariraqi:1483
2025-03-05,baqubah,1,1,1482.5,1482.5,1482.5,1482.5,0.0,0.0,,dollariraqi:1482.5
2025-03-05,basra,2,2,1484.5,1483.0,1481.0,1485.0,4.0,0.27,,dollar_price:1485|dollariraqi:1481
2025-03-05,diwaniyah,1,1,1482.0,1482.0,1482.0,1482.0,0.0,0.0,,dollariraqi:1482
2025-03-05,erbil,2,2,1483.25,1482.75,1480.5,1485.0,4.5,0.303,,dollar_price:1485|dollariraqi:1480.5
2025-03-05,halabja,1,1,1481.5,1481.5,1481.5,1481.5,0.0,0.0,,dollariraqi:1481.5
2025-03-05,hillah,1,1,1483.0,1483.0,1483.0,1483.0,0.0,0.0,,dollariraqi:1483
2025-03-05,kut,1,1,1482.5,1482.5,1482.5,1482.5,0.0,0.0,,dollariraqi:1482.5
2025-03-05,nasiriyah,1,1,1482.0,1482.0,1482.0,1482.0,0.0,0.0,,dollariraqi:1482
2025-03-05,ramadi,1,1,1482.0,1482.0,1482.0,1482.0,0.0,0.0,,dollariraqi:1482
2025-03-05,samawah,1,1,1482.0,1482.0,1482.0,1482.0,0.0,0.0,,dollariraqi:1482
2025-03-05,tikrit,1,1,1482.5,1482.5,1482.5,1482.5,0.0,0.0,,dollariraqi:1482.5
2025-03-06,baghdad_generic,3,3,1485.83,1485.83,1482.5,1490.0,7.5,0.505,,dollar_price:1490|dollariraqi:1482.5|iqborsa:1485
2025-03-06,baghdad_harithiya,1,1,1483.0,1483.0,1483.0,1483.0,0.0,0.0,,dollariraqi:1483
2025-03-06,baghdad_kifah,1,1,1483.0,1483.5,1483.5,1483.5,0.0,0.0,,dollariraqi:1483.5
2025-03-06,basra,2,2,1486.25,1486.25,1485.0,1487.5,2.5,0.168,,dollar_price:1487.5|dollariraqi:1485
2025-03-06,erbil,2,2,1482.0,1481.75,1480.5,1483.0,2.5,0.169,,dollar_price:1483|dollariraqi:1480.5
2025-03-09,baghdad_generic,3,3,1484.83,1485.0,1485.0,1485.0,0.0,0.0,,dollar_price:1485|dollariraqi:1485|iqborsa:1485
2025-03-09,baghdad_harithiya,1,1,1486.0,1486.0,1486.0,1486.0,0.0,0.0,,dollariraqi:1486
2025-03-09,baghdad_kifah,1,1,1486.5,1486.5,1486.5,1486.5,0.0,0.0,,dollariraqi:1486.5
2025-03-09,basra,2,2,1485.0,1488.25,1486.5,1490.0,3.5,0.235,,dollar_price:1490|dollariraqi:1486.5
2025-03-09,erbil,2,2,1484.0,1484.75,1484.5,1485.0,0.5,0.034,,dollar_price:1485|dollariraqi:1484.5
2025-03-10,amarah,1,1,1482.0,1482.0,1482.0,1482.0,0.0,0.0,,dollariraqi:1482
2025-03-10,baghdad_generic,3,3,1486.33,1484.33,1480.5,1487.5,7.0,0.472,,dollar_price:1487.5|dollariraqi:1480.5|iqborsa:1485
2025-03-10,baqubah,1,1,1482.5,1482.5,1482.5,1482.5,0.0,0.0,,dollariraqi:1482.5
2025-03-10,basra,2,2,1487.0,1484.0,1480.5,1487.5,7.0,0.472,,dollar_price:1487.5|dollariraqi:1480.5
2025-03-10,diwaniyah,1,1,1482.0,1482.0,1482.0,1482.0,0.0,0.0,,dollariraqi:1482
2025-03-10,erbil,2,2,1484.38,1482.75,1480.0,1485.5,5.5,0.371,,dollar_price:1485.5|dollariraqi:1480
2025-03-10,halabja,1,1,1482.5,1482.5,1482.5,1482.5,0.0,0.0,,dollariraqi:1482.5
2025-03-10,hillah,1,1,1482.0,1482.0,1482.0,1482.0,0.0,0.0,,dollariraqi:1482
2025-03-10,kut,1,1,1482.5,1482.5,1482.5,1482.5,0.0,0.0,,dollariraqi:1482.5
2025-03-10,nasiriyah,1,1,1482.0,1482.0,1482.0,1482.0,0.0,0.0,,dollariraqi:1482
2025-03-10,ramadi,1,1,1482.0,1482.0,1482.0,1482.0,0.0,0.0,,dollariraqi:1482
2025-03-10,samawah,1,1,1482.0,1482.0,1482.0,1482.0,0.0,0.0,,dollariraqi:1482
2025-03-10,tikrit,1,1,1482.5,1482.5,1482.5,1482.5,0.0,0.0,,dollariraqi:1482.5
2025-03-11,amarah,1,1,1478.0,1478.0,1478.0,1478.0,0.0,0.0,,dollariraqi:1478
2025-03-11,baghdad_generic,3,3,1484.0,1481.83,1478.0,1485.0,7.0,0.472,,dollar_price:1485|dollariraqi:1478|iqborsa:1482.5
2025-03-11,baqubah,1,1,1478.5,1478.5,1478.5,1478.5,0.0,0.0,,dollariraqi:1478.5
2025-03-11,basra,2,2,1484.25,1481.75,1478.5,1485.0,6.5,0.439,,dollar_price:1485|dollariraqi:1478.5
2025-03-11,diwaniyah,1,1,1478.0,1478.0,1478.0,1478.0,0.0,0.0,,dollariraqi:1478
2025-03-11,erbil,2,2,1481.75,1480.0,1477.5,1482.5,5.0,0.338,,dollar_price:1482.5|dollariraqi:1477.5
2025-03-11,halabja,1,1,1478.5,1478.5,1478.5,1478.5,0.0,0.0,,dollariraqi:1478.5
2025-03-11,hillah,1,1,1478.0,1478.0,1478.0,1478.0,0.0,0.0,,dollariraqi:1478
2025-03-11,kut,1,1,1477.5,1477.5,1477.5,1477.5,0.0,0.0,,dollariraqi:1477.5
2025-03-11,nasiriyah,1,1,1478.0,1478.0,1478.0,1478.0,0.0,0.0,,dollariraqi:1478
2025-03-11,ramadi,1,1,1478.0,1478.0,1478.0,1478.0,0.0,0.0,,dollariraqi:1478
2025-03-11,samawah,1,1,1478.0,1478.0,1478.0,1478.0,0.0,0.0,,dollariraqi:1478
2025-03-11,tikrit,1,1,1477.5,1477.5,1477.5,1477.5,0.0,0.0,,dollariraqi:1477.5
2025-03-12,baghdad_generic,2,2,1481.0,1481.5,1481.0,1482.0,1.0,0.067,,dollar_price:1482|iqborsa:1481
2025-03-12,baghdad_harithiya,1,1,1478.5,1478.5,1478.5,1478.5,0.0,0.0,,dollariraqi:1478.5
2025-03-12,baghdad_kifah,1,1,1478.0,1478.0,1478.0,1478.0,0.0,0.0,,dollariraqi:1478
2025-03-12,basra,2,2,1482.5,1482.5,1480.0,1485.0,5.0,0.337,,dollar_price:1485|dollariraqi:1480
2025-03-12,erbil,2,2,1478.25,1478.25,1476.5,1480.0,3.5,0.237,,dollar_price:1480|dollariraqi:1476.5
2025-03-13,baghdad_generic,3,3,1482.17,1483.33,1482.5,1485.0,2.5,0.169,,dollar_price:1482.5|dollariraqi:1482.5|iqborsa:1485
2025-03-13,baghdad_harithiya,1,1,1479.5,1479.5,1479.5,1479.5,0.0,0.0,,dollariraqi:1479.5
2025-03-13,baghdad_kifah,1,1,1479.5,1479.5,1479.5,1479.5,0.0,0.0,,dollariraqi:1479.5
2025-03-13,basra,2,2,1484.0,1484.0,1483.0,1485.0,2.0,0.135,,dollar_price:1485|dollariraqi:1483
2025-03-13,erbil,2,2,1479.75,1481.5,1480.5,1482.5,2.0,0.135,,dollar_price:1482.5|dollariraqi:1480.5
2025-03-16,amarah,1,1,1479.0,1479.0,1479.0,1479.0,0.0,0.0,,dollariraqi:1479
2025-03-16,baghdad_generic,3,3,1480.83,1479.83,1476.0,1482.5,6.5,0.439,,dollar_price:1482.5|dollariraqi:1476|iqborsa:1481
2025-03-16,baghdad_harithiya,1,1,1478.5,1478.5,1478.5,1478.5,0.0,0.0,,dollariraqi:1478.5
2025-03-16,baghdad_kifah,1,1,1478.5,1478.5,1478.5,1478.5,0.0,0.0,,dollariraqi:1478.5
2025-03-16,baqubah,1,1,1479.5,1479.5,1479.5,1479.5,0.0,0.0,,dollariraqi:1479.5
2025-03-16,basra,2,2,1485.0,1483.75,1477.5,1490.0,12.5,0.842,,dollar_price:1490|dollariraqi:1477.5
2025-03-16,diwaniyah,1,1,1478.0,1478.0,1478.0,1478.0,0.0,0.0,,dollariraqi:1478
2025-03-16,erbil,2,2,1478.25,1478.75,1477.5,1480.0,2.5,0.169,,dollar_price:1480|dollariraqi:1477.5
2025-03-16,halabja,1,1,1479.5,1479.5,1479.5,1479.5,0.0,0.0,,dollariraqi:1479.5
2025-03-16,hillah,1,1,1478.5,1478.5,1478.5,1478.5,0.0,0.0,,dollariraqi:1478.5
2025-03-16,kut,1,1,1479.5,1479.5,1479.5,1479.5,0.0,0.0,,dollariraqi:1479.5
2025-03-16,nasiriyah,1,1,1479.0,1479.0,1479.0,1479.0,0.0,0.0,,dollariraqi:1479
2025-03-16,ramadi,1,1,1479.0,1479.0,1479.0,1479.0,0.0,0.0,,dollariraqi:1479
2025-03-16,samawah,1,1,1479.0,1479.0,1479.0,1479.0,0.0,0.0,,dollariraqi:1479
2025-03-16,tikrit,1,1,1478.5,1478.5,1478.5,1478.5,0.0,0.0,,dollariraqi:1478.5
2025-03-17,amarah,1,1,1473.0,1473.0,1473.0,1473.0,0.0,0.0,,dollariraqi:1473
2025-03-17,baghdad_generic,3,3,1479.5,1477.33,1474.0,1479.0,5.0,0.338,,dollar_price:1479|dollariraqi:1474|iqborsa:1479
2025-03-17,baqubah,1,1,1473.5,1473.5,1473.5,1473.5,0.0,0.0,,dollariraqi:1473.5
2025-03-17,basra,2,2,1479.75,1477.25,1475.5,1479.0,3.5,0.237,,dollar_price:1479|dollariraqi:1475.5
2025-03-17,diwaniyah,1,1,1473.0,1473.0,1473.0,1473.0,0.0,0.0,,dollariraqi:1473
2025-03-17,erbil,2,2,1477.5,1473.75,1468.0,1479.5,11.5,0.78,,dollar_price:1479.5|dollariraqi:1468
2025-03-17,halabja,1,1,1473.5,1473.5,1473.5,1473.5,0.0,0.0,,dollariraqi:1473.5
2025-03-17,hillah,1,1,1473.5,1473.5,1473.5,1473.5,0.0,0.0,,dollariraqi:1473.5
2025-03-17,kut,1,1,1472.5,1472.5,1472.5,1472.5,0.0,0.0,,dollariraqi:1472.5
2025-03-17,nasiriyah,1,1,1473.0,1473.0,1473.0,1473.0,0.0,0.0,,dollariraqi:1473
2025-03-17,ramadi,1,1,1473.0,1473.0,1473.0,1473.0,0.0,0.0,,dollariraqi:1473
2025-03-17,samawah,1,1,1473.0,1473.0,1473.0,1473.0,0.0,0.0,,dollariraqi:1473
2025-03-17,tikrit,1,1,1472.5,1472.5,1472.5,1472.5,0.0,0.0,,dollariraqi:1472.5
2025-03-18,amarah,1,1,1474.0,1474.0,1474.0,1474.0,0.0,0.0,,dollariraqi:1474
2025-03-18,baghdad_generic,3,3,1474.33,1473.5,1472.5,1475.0,2.5,0.17,,dollar_price:1475|dollariraqi:1473|iqborsa:1472.5
2025-03-18,baghdad_kifah,1,1,1473.5,1475.5,1475.5,1475.5,0.0,0.0,,dollariraqi:1475.5
2025-03-18,baqubah,1,1,1474.5,1474.5,1474.5,1474.5,0.0,0.0,,dollariraqi:1474.5
2025-03-18,basra,2,2,1477.5,1476.5,1473.0,1480.0,7.0,0.474,,dollar_price:1480|dollariraqi:1473
2025-03-18,diwaniyah,1,1,1474.0,1474.0,1474.0,1474.0,0.0,0.0,,dollariraqi:1474
2025-03-18,erbil,2,2,1472.25,1472.25,1472.0,1472.5,0.5,0.034,,dollar_price:1472.5|dollariraqi:1472
2025-03-18,halabja,1,1,1475.5,1475.5,1475.5,1475.5,0.0,0.0,,dollariraqi:1475.5
2025-03-18,hillah,1,1,1474.5,1474.5,1474.5,1474.5,0.0,0.0,,dollariraqi:1474.5
2025-03-18,kut,1,1,1474.5,1474.5,1474.5,1474.5,0.0,0.0,,dollariraqi:1474.5
2025-03-18,nasiriyah,1,1,1474.0,1474.0,1474.0,1474.0,0.0,0.0,,dollariraqi:1474
2025-03-18,ramadi,1,1,1474.0,1474.0,1474.0,1474.0,0.0,0.0,,dollariraqi:1474
2025-03-18,samawah,1,1,1474.0,1474.0,1474.0,1474.0,0.0,0.0,,dollariraqi:1474
2025-03-18,tikrit,1,1,1474.5,1474.5,1474.5,1474.5,0.0,0.0,,dollariraqi:1474.5
2025-03-19,baghdad_generic,3,3,1476.67,1476.0,1473.0,1480.0,7.0,0.474,,dollar_price:1480|dollariraqi:1473|iqborsa:1475
2025-03-19,baghdad_harithiya,1,1,1475.5,1474.5,1474.5,1474.5,0.0,0.0,,dollariraqi:1474.5
2025-03-19,baghdad_kifah,1,1,1475.5,1474.5,1474.5,1474.5,0.0,0.0,,dollariraqi:1474.5
2025-03-19,basra,2,2,1479.75,1476.25,1470.0,1482.5,12.5,0.847,,dollar_price:1482.5|dollariraqi:1470
2025-03-19,erbil,2,2,1472.5,1471.25,1470.0,1472.5,2.5,0.17,,dollar_price:1470|dollariraqi:1472.5
2025-03-20,amarah,1,1,1474.0,1474.0,1474.0,1474.0,0.0,0.0,,dollariraqi:1474
2025-03-20,baghdad_generic,3,3,1474.67,1474.33,1473.0,1475.0,2.0,0.136,,dollar_price:1475|dollariraqi:1473|iqborsa:1475
2025-03-20,baghdad_kifah,1,1,1472.0,1472.5,1472.5,1472.5,0.0,0.0,,dollariraqi:1472.5
2025-03-20,baghdad_shorja,1,1,1472.0,1472.0,1472.0,1472.0,0.0,0.0,,dollariraqi:1472
2025-03-20,baqubah,1,1,1474.5,1474.5,1474.5,1474.5,0.0,0.0,,dollariraqi:1474.5
2025-03-20,basra,2,2,1477.75,1477.75,1473.0,1482.5,9.5,0.643,,dollar_price:1482.5|dollariraqi:1473
2025-03-20,diwaniyah,1,1,1474.0,1474.0,1474.0,1474.0,0.0,0.0,,dollariraqi:1474
2025-03-20,erbil,2,2,1473.25,1473.25,1471.0,1475.5,4.5,0.305,,dollar_price:1475.5|dollariraqi:1471
2025-03-20,halabja,1,1,1475.5,1475.5,1475.5,1475.5,0.0,0.0,,dollariraqi:1475.5
2025-03-20,hillah,1,1,1474.5,1474.5,1474.5,1474.5,0.0,0.0,,dollariraqi:1474.5
2025-03-20,kut,1,1,1474.5,1474.5,1474.5,1474.5,0.0,0.0,,dollariraqi:1474.5
2025-03-20,nasiriyah,1,1,1474.0,1474.0,1474.0,1474.0,0.0,0.0,,dollariraqi:1474
2025-03-20,ramadi,1,1,1474.0,1474.0,1474.0,1474.0,0.0,0.0,,dollariraqi:1474
2025-03-20,samawah,1,1,1474.0,1474.0,1474.0,1474.0,0.0,0.0,,dollariraqi:1474
2025-03-20,tikrit,1,1,1474.5,1474.5,1474.5,1474.5,0.0,0.0,,dollariraqi:1474.5
2025-03-23,baghdad_generic,3,3,1474.17,1472.67,1469.0,1475.0,6.0,0.407,,dollar_price:1475|dollariraqi:1469|iqborsa:1474
2025-03-23,basra,2,2,1473.75,1472.0,1470.5,1473.5,3.0,0.204,,dollar_price:1473.5|dollariraqi:1470.5
2025-03-23,erbil,2,2,1473.38,1473.38,1471.25,1475.5,4.25,0.288,,dollar_price:1475.5|dollariraqi:1471.25
2025-03-24,amarah,1,1,1466.5,1466.5,1466.5,1466.5,0.0,0.0,,dollariraqi:1466.5
2025-03-24,baghdad_generic,3,3,1472.0,1471.67,1467.5,1475.0,7.5,0.51,,dollar_price:1475|dollariraqi:1467.5|iqborsa:1472.5
2025-03-24,baghdad_harithiya,1,1,1470.0,1470.0,1470.0,1470.0,0.0,0.0,,dollariraqi:1470
2025-03-24,baghdad_kifah,1,1,1470.5,1470.5,1470.5,1470.5,0.0,0.0,,dollariraqi:1470.5
2025-03-24,baqubah,1,1,1466.5,1466.5,1466.5,1466.5,0.0,0.0,,dollariraqi:1466.5
2025-03-24,basra,2,2,1475.25,1472.75,1465.5,1480.0,14.5,0.985,,dollar_price:1480|dollariraqi:1465.5
2025-03-24,diwaniyah,1,1,1466.5,1466.5,1466.5,1466.5,0.0,0.0,,dollariraqi:1466.5
2025-03-24,erbil,2,2,1469.38,1468.75,1465.0,1472.5,7.5,0.511,,dollar_price:1472.5|dollariraqi:1465
2025-03-24,halabja,1,1,1465.5,1465.5,1465.5,1465.5,0.0,0.0,,dollariraqi:1465.5
2025-03-24,hillah,1,1,1467.5,1467.5,1467.5,1467.5,0.0,0.0,,dollariraqi:1467.5
2025-03-24,kut,1,1,1467.5,1467.5,1467.5,1467.5,0.0,0.0,,dollariraqi:1467.5
2025-03-24,nasiriyah,1,1,1466.5,1466.5,1466.5,1466.5,0.0,0.0,,dollariraqi:1466.5
2025-03-24,ramadi,1,1,1466.5,1466.5,1466.5,1466.5,0.0,0.0,,dollariraqi:1466.5
2025-03-24,samawah,1,1,1466.5,1466.5,1466.5,1466.5,0.0,0.0,,dollariraqi:1466.5
2025-03-24,tikrit,1,1,1467.5,1467.5,1467.5,1467.5,0.0,0.0,,dollariraqi:1467.5
2025-03-25,baghdad_generic,3,3,1469.17,1470.33,1469.0,1472.0,3.0,0.204,,dollar_price:1470|dollariraqi:1469|iqborsa:1472
2025-03-25,basra,2,2,1473.25,1473.25,1469.0,1477.5,8.5,0.577,,dollar_price:1477.5|dollariraqi:1469
2025-03-25,erbil,2,2,1469.25,1469.75,1467.0,1472.5,5.5,0.374,,dollar_price:1472.5|dollariraqi:1467
2025-03-26,baghdad_generic,3,3,1471.5,1471.67,1471.0,1472.5,1.5,0.102,,dollar_price:1471|dollariraqi:1471.5|iqborsa:1472.5
2025-03-26,baghdad_kifah,1,1,1470.5,1472.5,1472.5,1472.5,0.0,0.0,,dollariraqi:1472.5
2025-03-26,basra,2,2,1470.75,1471.25,1470.0,1472.5,2.5,0.17,,dollar_price:1470|dollariraqi:1472.5
2025-03-26,erbil,2,2,1468.75,1469.5,1469.0,1470.0,1.0,0.068,,dollar_price:1470|dollariraqi:1469
2025-03-27,baghdad_generic,3,3,1472.67,1472.17,1469.0,1475.0,6.0,0.408,,dollar_price:1475|dollariraqi:1469|iqborsa:1472.5
2025-03-27,baghdad_harithiya,1,1,1471.25,1471.25,1471.25,1471.25,0.0,0.0,,dollariraqi:1471.25
2025-03-27,baghdad_kifah,1,1,1471.5,1471.5,1471.5,1471.5,0.0,0.0,,dollariraqi:1471.5
2025-03-27,basra,2,2,1475.5,1475.0,1470.0,1480.0,10.0,0.678,,dollar_price:1480|dollariraqi:1470
2025-03-27,erbil,2,2,1470.5,1470.5,1468.5,1472.5,4.0,0.272,,dollar_price:1472.5|dollariraqi:1468.5
2025-03-30,baghdad_generic,3,3,1477.67,1477.67,1477.5,1478.0,0.5,0.034,,dollar_price:1477.5|dollariraqi:1478|iqborsa:1477.5
2025-03-30,basra,2,2,1476.75,1476.75,1475.0,1478.5,3.5,0.237,,dollar_price:1475|dollariraqi:1478.5
2025-04-03,baghdad_generic,1,1,1477.5,1477.5,1477.5,1477.5,0.0,0.0,,iqborsa:1477.5
2025-04-06,baghdad_generic,2,2,1478.75,1478.75,1477.5,1480.0,2.5,0.169,,dollar_price:1480|iqborsa:1477.5
2025-04-06,baghdad_harithiya,1,1,1475.5,1475.5,1475.5,1475.5,0.0,0.0,,dollariraqi:1475.5
2025-04-06,baghdad_kifah,1,1,1473.0,1476.0,1476.0,1476.0,0.0,0.0,,dollariraqi:1476
2025-04-06,baghdad_samawal,1,1,1473.5,1473.5,1473.5,1473.5,0.0,0.0,,dollariraqi:1473.5
2025-04-06,basra,2,2,1478.5,1479.0,1475.5,1482.5,7.0,0.473,,dollar_price:1482.5|dollariraqi:1475.5
2025-04-06,erbil,2,2,1476.38,1478.5,1477.0,1480.0,3.0,0.203,,dollar_price:1480|dollariraqi:1477
2025-04-07,baghdad_generic,3,3,1481.67,1481.5,1480.0,1482.5,2.5,0.169,,dollar_price:1482.5|dollariraqi:1480|iqborsa:1482
2025-04-07,baghdad_harithiya,1,1,1480.0,1480.0,1480.0,1480.0,0.0,0.0,,dollariraqi:1480
2025-04-07,baghdad_kifah,1,1,1480.5,1480.5,1480.5,1480.5,0.0,0.0,,dollariraqi:1480.5
2025-04-07,basra,2,2,1480.5,1480.0,1480.0,1480.0,0.0,0.0,,dollar_price:1480|dollariraqi:1480
2025-04-07,erbil,2,2,1481.5,1480.75,1479.0,1482.5,3.5,0.236,,dollar_price:1482.5|dollariraqi:1479
2025-04-08,baghdad_generic,3,3,1481.0,1481.0,1478.0,1485.0,7.0,0.473,,dollar_price:1485|dollariraqi:1478|iqborsa:1480
2025-04-08,baghdad_harithiya,1,1,1480.0,1480.0,1480.0,1480.0,0.0,0.0,,dollariraqi:1480
2025-04-08,baghdad_kifah,1,1,1480.0,1480.0,1480.0,1480.0,0.0,0.0,,dollariraqi:1480
2025-04-08,basra,2,2,1480.75,1480.75,1479.0,1482.5,3.5,0.236,,dollar_price:1482.5|dollariraqi:1479
2025-04-08,erbil,2,2,1479.0,1478.75,1477.5,1480.0,2.5,0.169,,dollar_price:1480|dollariraqi:1477.5
2025-04-09,baghdad_generic,3,3,1478.5,1477.67,1476.5,1479.0,2.5,0.169,,dollar_price:1479|dollariraqi:1476.5|iqborsa:1477.5
2025-04-09,baghdad_harithiya,1,1,1476.0,1476.0,1476.0,1476.0,0.0,0.0,,dollariraqi:1476
2025-04-09,baghdad_kifah,1,1,1475.0,1475.0,1475.0,1475.0,0.0,0.0,,dollariraqi:1475
2025-04-09,basra,2,2,1476.25,1476.75,1476.5,1477.0,0.5,0.034,,dollar_price:1477|dollariraqi:1476.5
2025-04-09,erbil,2,2,1476.5,1477.5,1477.5,1477.5,0.0,0.0,,dollar_price:1477.5|dollariraqi:1477.5
2025-04-10,baghdad_generic,2,2,1481.25,1482.25,1482.0,1482.5,0.5,0.034,,dollar_price:1482.5|iqborsa:1482
2025-04-10,baghdad_harithiya,1,1,1479.0,1479.0,1479.0,1479.0,0.0,0.0,,dollariraqi:1479
2025-04-10,baghdad_kifah,1,1,1479.0,1481.0,1481.0,1481.0,0.0,0.0,,dollariraqi:1481
2025-04-10,basra,2,2,1478.75,1479.0,1478.0,1480.0,2.0,0.135,,dollar_price:1480|dollariraqi:1478
2025-04-10,erbil,2,2,1482.25,1482.0,1481.5,1482.5,1.0,0.067,,dollar_price:1482.5|dollariraqi:1481.5
2025-04-13,baghdad_generic,3,3,1478.83,1479.0,1475.0,1485.0,10.0,0.676,,dollar_price:1485|dollariraqi:1475|iqborsa:1477
2025-04-13,baghdad_kifah,1,1,1474.5,1474.5,1474.5,1474.5,0.0,0.0,,dollariraqi:1474.5
2025-04-13,basra,2,2,1476.25,1475.25,1473.0,1477.5,4.5,0.305,,dollar_price:1477.5|dollariraqi:1473
2025-04-13,erbil,2,2,1478.5,1478.25,1476.5,1480.0,3.5,0.237,,dollar_price:1480|dollariraqi:1476.5
2025-04-14,baghdad_generic,3,3,1476.33,1475.83,1472.5,1480.0,7.5,0.508,,dollar_price:1480|dollariraqi:1472.5|iqborsa:1475
2025-04-14,baghdad_harithiya,1,1,1473.5,1473.5,1473.5,1473.5,0.0,0.0,,dollariraqi:1473.5
2025-04-14,baghdad_kifah,1,1,1474.0,1474.0,1474.0,1474.0,0.0,0.0,,dollariraqi:1474
2025-04-14,baghdad_samawal,1,1,1474.5,1474.5,1474.5,1474.5,0.0,0.0,,dollariraqi:1474.5
2025-04-14,basra,2,2,1476.75,1476.75,1473.5,1480.0,6.5,0.44,,dollar_price:1480|dollariraqi:1473.5
2025-04-14,erbil,2,2,1477.0,1477.13,1476.25,1478.0,1.75,0.118,,dollar_price:1478|dollariraqi:1476.25
2025-04-15,baghdad_generic,3,3,1476.17,1475.0,1472.0,1480.0,8.0,0.542,,dollar_price:1480|dollariraqi:1473|iqborsa:1472
2025-04-15,baghdad_harithiya,1,1,1470.5,1470.5,1470.5,1470.5,0.0,0.0,,dollariraqi:1470.5
2025-04-15,basra,2,2,1474.25,1473.0,1471.0,1475.0,4.0,0.272,,dollar_price:1475|dollariraqi:1471
2025-04-15,erbil,2,2,1477.75,1476.5,1473.0,1480.0,7.0,0.474,,dollar_price:1480|dollariraqi:1473
2025-04-16,baghdad_generic,2,2,1475.5,1475.0,1470.0,1480.0,10.0,0.678,,dollar_price:1480|iqborsa:1470
2025-04-16,baghdad_harithiya,1,1,1470.0,1469.0,1469.0,1469.0,0.0,0.0,,dollariraqi:1469
2025-04-16,baghdad_kifah,1,1,1469.5,1468.5,1468.5,1468.5,0.0,0.0,,dollariraqi:1468.5
2025-04-16,baghdad_samawal,1,1,1468.0,1468.0,1468.0,1468.0,0.0,0.0,,dollariraqi:1468
2025-04-16,basra,2,2,1474.25,1473.5,1467.0,1480.0,13.0,0.882,,dollar_price:1480|dollariraqi:1467
2025-04-16,erbil,2,2,1473.5,1473.75,1472.5,1475.0,2.5,0.17,,dollar_price:1475|dollariraqi:1472.5
2025-04-17,baghdad_generic,2,2,1475.75,1476.0,1472.0,1480.0,8.0,0.542,,dollar_price:1480|iqborsa:1472
2025-04-17,baghdad_harithiya,1,1,1470.0,1470.0,1470.0,1470.0,0.0,0.0,,dollariraqi:1470
2025-04-17,baghdad_kifah,1,1,1469.5,1470.0,1470.0,1470.0,0.0,0.0,,dollariraqi:1470
2025-04-17,baghdad_samawal,1,1,1469.5,1469.5,1469.5,1469.5,0.0,0.0,,dollariraqi:1469.5
2025-04-17,basra,2,2,1470.0,1470.0,1467.5,1472.5,5.0,0.34,,dollar_price:1472.5|dollariraqi:1467.5
2025-04-17,erbil,2,2,1475.5,1475.25,1473.0,1477.5,4.5,0.305,,dollar_price:1477.5|dollariraqi:1473
2025-04-20,baghdad_generic,2,2,1472.0,1471.25,1466.0,1476.5,10.5,0.714,,dollar_price:1476.5|iqborsa:1466
2025-04-20,baghdad_harithiya,1,1,1465.0,1465.0,1465.0,1465.0,0.0,0.0,,dollariraqi:1465
2025-04-20,baghdad_kifah,1,1,1465.0,1465.0,1465.0,1465.0,0.0,0.0,,dollariraqi:1465
2025-04-20,baghdad_samawal,1,1,1465.0,1464.5,1464.5,1464.5,0.0,0.0,,dollariraqi:1464.5
2025-04-20,basra,2,2,1467.5,1467.5,1465.0,1470.0,5.0,0.341,,dollar_price:1470|dollariraqi:1465
2025-04-20,erbil,2,2,1471.75,1471.75,1468.5,1475.0,6.5,0.442,,dollar_price:1475|dollariraqi:1468.5
2025-04-21,baghdad_generic,2,2,1468.0,1465.0,1460.0,1470.0,10.0,0.683,,dollar_price:1470|iqborsa:1460
2025-04-21,baghdad_harithiya,1,1,1461.0,1461.0,1461.0,1461.0,0.0,0.0,,dollariraqi:1461
2025-04-21,baghdad_kifah,1,1,1461.0,1460.5,1460.5,1460.5,0.0,0.0,,dollariraqi:1460.5
2025-04-21,baghdad_samawal,1,1,1461.0,1460.0,1460.0,1460.0,0.0,0.0,,dollariraqi:1460
2025-04-21,basra,2,2,1464.5,1463.75,1460.0,1467.5,7.5,0.512,,dollar_price:1467.5|dollariraqi:1460
2025-04-21,erbil,2,2,1467.5,1467.5,1462.5,1472.5,10.0,0.681,,dollar_price:1472.5|dollariraqi:1462.5
2025-04-22,baghdad_generic,3,3,1460.5,1460.5,1457.0,1467.0,10.0,0.685,,dollar_price:1467|dollariraqi:1457|iqborsa:1457.5
2025-04-22,baghdad_harithiya,1,1,1458.0,1456.5,1456.5,1456.5,0.0,0.0,,dollariraqi:1456.5
2025-04-22,baghdad_kifah,1,1,1459.0,1457.5,1457.5,1457.5,0.0,0.0,,dollariraqi:1457.5
2025-04-22,baghdad_samawal,1,1,1459.0,1458.0,1458.0,1458.0,0.0,0.0,,dollariraqi:1458
2025-04-22,basra,2,2,1459.75,1460.0,1457.5,1462.5,5.0,0.342,,dollar_price:1462.5|dollariraqi:1457.5
2025-04-22,erbil,2,2,1464.0,1463.0,1460.5,1465.5,5.0,0.342,,dollar_price:1465.5|dollariraqi:1460.5
2025-04-23,baghdad_generic,3,3,1460.83,1460.0,1455.0,1467.5,12.5,0.856,,dollar_price:1467.5|dollariraqi:1457.5|iqborsa:1455
2025-04-23,baghdad_harithiya,1,1,1455.5,1455.5,1455.5,1455.5,0.0,0.0,,dollariraqi:1455.5
2025-04-23,basra,2,2,1458.75,1457.75,1455.5,1460.0,4.5,0.309,,dollar_price:1460|dollariraqi:1455.5
2025-04-23,erbil,2,2,1462.75,1462.25,1459.5,1465.0,5.5,0.376,,dollar_price:1465|dollariraqi:1459.5
2025-04-24,baghdad_generic,3,3,1451.67,1450.5,1445.5,1459.5,14.0,0.965,,dollar_price:1459.5|dollariraqi:1445.5|iqborsa:1446.5
2025-04-24,baghdad_harithiya,1,1,1449.5,1449.5,1449.5,1449.5,0.0,0.0,,dollariraqi:1449.5
2025-04-24,baghdad_kifah,1,1,1448.0,1448.0,1448.0,1448.0,0.0,0.0,,dollariraqi:1448
2025-04-24,baghdad_samawal,1,1,1449.5,1449.5,1449.5,1449.5,0.0,0.0,,dollariraqi:1449.5
2025-04-24,basra,2,2,1451.0,1453.25,1449.0,1457.5,8.5,0.585,,dollar_price:1457.5|dollariraqi:1449
2025-04-24,erbil,2,2,1454.0,1455.75,1452.5,1459.0,6.5,0.447,,dollar_price:1459|dollariraqi:1452.5
2025-04-27,baghdad_generic,2,2,1448.75,1453.5,1450.0,1457.0,7.0,0.482,,dollar_price:1450|iqborsa:1457
2025-04-27,baghdad_kifah,1,1,1446.0,1452.0,1452.0,1452.0,0.0,0.0,,dollariraqi:1452
2025-04-27,basra,2,2,1448.5,1450.75,1450.0,1451.5,1.5,0.103,,dollar_price:1450|dollariraqi:1451.5
2025-04-27,erbil,2,2,1449.0,1451.75,1450.0,1453.5,3.5,0.241,,dollar_price:1450|dollariraqi:1453.5
2025-04-28,baghdad_generic,2,2,1455.75,1452.5,1447.5,1457.5,10.0,0.688,,dollar_price:1457.5|iqborsa:1447.5
2025-04-28,baghdad_harithiya,1,1,1453.5,1453.5,1453.5,1453.5,0.0,0.0,,dollariraqi:1453.5
2025-04-28,baghdad_kifah,1,1,1452.5,1447.5,1447.5,1447.5,0.0,0.0,,dollariraqi:1447.5
2025-04-28,baghdad_samawal,1,1,1452.0,1452.0,1452.0,1452.0,0.0,0.0,,dollariraqi:1452
2025-04-28,basra,2,2,1455.25,1453.0,1448.5,1457.5,9.0,0.619,,dollar_price:1457.5|dollariraqi:1448.5
2025-04-28,erbil,2,2,1453.5,1451.0,1447.0,1455.0,8.0,0.551,,dollar_price:1455|dollariraqi:1447
2025-04-29,baghdad_generic,2,2,1448.75,1448.75,1447.5,1450.0,2.5,0.173,,dollar_price:1450|iqborsa:1447.5
2025-04-29,baghdad_harithiya,1,1,1447.0,1448.5,1448.5,1448.5,0.0,0.0,,dollariraqi:1448.5
2025-04-29,baghdad_kifah,1,1,1447.0,1448.0,1448.0,1448.0,0.0,0.0,,dollariraqi:1448
2025-04-29,baghdad_samawal,1,1,1447.0,1447.0,1447.0,1447.0,0.0,0.0,,dollariraqi:1447
2025-04-29,basra,2,2,1448.25,1448.75,1448.5,1449.0,0.5,0.035,,dollar_price:1448.5|dollariraqi:1449
2025-04-29,erbil,2,2,1448.5,1449.25,1448.5,1450.0,1.5,0.104,,dollar_price:1450|dollariraqi:1448.5
2025-04-30,baghdad_generic,2,2,1451.75,1451.25,1448.0,1454.5,6.5,0.448,,dollar_price:1454.5|iqborsa:1448
2025-04-30,baghdad_harithiya,1,1,1446.5,1446.5,1446.5,1446.5,0.0,0.0,,dollariraqi:1446.5
2025-04-30,baghdad_kifah,1,1,1446.5,1446.0,1446.0,1446.0,0.0,0.0,,dollariraqi:1446
2025-04-30,basra,2,2,1451.25,1449.75,1445.5,1454.0,8.5,0.586,,dollar_price:1454|dollariraqi:1445.5
2025-04-30,erbil,2,2,1451.0,1450.13,1445.25,1455.0,9.75,0.672,,dollar_price:1455|dollariraqi:1445.25
2025-05-01,baghdad_generic,2,2,1447.5,1450.5,1446.0,1455.0,9.0,0.62,,dollar_price:1455|iqborsa:1446
2025-05-01,baghdad_harithiya,1,1,1446.5,1446.5,1446.5,1446.5,0.0,0.0,,dollariraqi:1446.5
2025-05-01,baghdad_kifah,1,1,1446.5,1446.5,1446.5,1446.5,0.0,0.0,,dollariraqi:1446.5
2025-05-01,basra,2,2,1451.5,1451.5,1445.5,1457.5,12.0,0.827,,dollar_price:1457.5|dollariraqi:1445.5
2025-05-01,erbil,2,2,1449.75,1449.75,1446.5,1453.0,6.5,0.448,,dollar_price:1453|dollariraqi:1446.5
2025-05-04,baghdad_generic,2,2,1449.0,1448.0,1444.5,1451.5,7.0,0.483,,dollar_price:1451.5|iqborsa:1444.5
2025-05-04,baghdad_harithiya,1,1,1446.5,1446.5,1446.5,1446.5,0.0,0.0,,dollariraqi:1446.5
2025-05-04,baghdad_kifah,1,1,1446.0,1445.0,1445.0,1445.0,0.0,0.0,,dollariraqi:1445
2025-05-04,baghdad_samawal,1,1,1446.0,1446.0,1446.0,1446.0,0.0,0.0,,dollariraqi:1446
2025-05-04,basra,2,2,1449.25,1448.25,1444.5,1452.0,7.5,0.518,,dollar_price:1452|dollariraqi:1444.5
2025-05-04,erbil,2,2,1448.75,1448.0,1446.0,1450.0,4.0,0.276,,dollar_price:1450|dollariraqi:1446
2025-05-05,baghdad_generic,2,2,1446.25,1446.25,1440.0,1452.5,12.5,0.864,,dollar_price:1452.5|iqborsa:1440
2025-05-05,baghdad_harithiya,1,1,1439.5,1439.5,1439.5,1439.5,0.0,0.0,,dollariraqi:1439.5
2025-05-05,baghdad_kifah,1,1,1440.0,1440.0,1440.0,1440.0,0.0,0.0,,dollariraqi:1440
2025-05-05,basra,2,2,1445.0,1445.0,1440.0,1450.0,10.0,0.692,,dollar_price:1450|dollariraqi:1440
2025-05-05,erbil,2,2,1446.0,1446.0,1442.0,1450.0,8.0,0.553,,dollar_price:1450|dollariraqi:1442
2025-05-06,baghdad_generic,3,3,1440.67,1438.5,1435.5,1442.0,6.5,0.452,,dollar_price:1442|dollariraqi:1435.5|iqborsa:1438
2025-05-06,baghdad_kifah,1,1,1436.0,1436.0,1436.0,1436.0,0.0,0.0,,dollariraqi:1436
2025-05-06,basra,2,2,1443.75,1441.75,1436.0,1447.5,11.5,0.798,,dollar_price:1447.5|dollariraqi:1436
2025-05-06,erbil,2,2,1441.75,1441.75,1441.5,1442.0,0.5,0.035,,dollar_price:1441.5|dollariraqi:1442
2025-05-07,baghdad_generic,3,3,1435.0,1432.17,1423.5,1441.5,18.0,1.257,,dollar_price:1441.5|dollariraqi:1431.5|iqborsa:1423.5
2025-05-07,baghdad_harithiya,1,1,1424.0,1424.0,1424.0,1424.0,0.0,0.0,,dollariraqi:1424
2025-05-07,baghdad_kifah,1,1,1424.5,1424.5,1424.5,1424.5,0.0,0.0,,dollariraqi:1424.5
2025-05-07,baghdad_samawal,1,1,1426.0,1426.0,1426.0,1426.0,0.0,0.0,,dollariraqi:1426
2025-05-07,basra,2,2,1435.75,1432.5,1425.0,1440.0,15.0,1.047,,dollar_price:1440|dollariraqi:1425
2025-05-07,erbil,2,2,1433.75,1431.25,1422.5,1440.0,17.5,1.223,,dollar_price:1440|dollariraqi:1422.5
2025-05-08,baghdad_generic,2,2,1425.45,1427.95,1425.9,1430.0,4.1,0.287,,dollar_price:1425.9|iqborsa:1430
2025-05-08,baghdad_harithiya,1,1,1430.0,1430.0,1430.0,1430.0,0.0,0.0,,dollariraqi:1430
2025-05-08,baghdad_kifah,1,1,1418.0,1427.5,1427.5,1427.5,0.0,0.0,,dollariraqi:1427.5
2025-05-08,baghdad_samawal,1,1,1419.0,1430.0,1430.0,1430.0,0.0,0.0,,dollariraqi:1430
2025-05-08,basra,2,2,1421.5,1428.25,1427.0,1429.5,2.5,0.175,,dollar_price:1427|dollariraqi:1429.5
2025-05-08,erbil,2,2,1423.75,1429.0,1428.5,1429.5,1.0,0.07,,dollar_price:1428.5|dollariraqi:1429.5
2025-05-11,baghdad_generic,2,2,1424.0,1428.0,1426.5,1429.5,3.0,0.21,,dollar_price:1429.5|iqborsa:1426.5
2025-05-11,baghdad_kifah,1,1,1420.5,1420.5,1420.5,1420.5,0.0,0.0,,dollariraqi:1420.5
2025-05-11,basra,1,1,1425.0,1425.0,1425.0,1425.0,0.0,0.0,,dollar_price:1425
2025-05-11,erbil,2,2,1423.25,1423.25,1421.5,1425.0,3.5,0.246,,dollar_price:1425|dollariraqi:1421.5
2025-05-12,baghdad_generic,2,2,1431.0,1432.75,1430.5,1435.0,4.5,0.314,,dollar_price:1435|iqborsa:1430.5
2025-05-12,baghdad_harithiya,1,1,1430.5,1430.5,1430.5,1430.5,0.0,0.0,,dollariraqi:1430.5
2025-05-12,baghdad_kifah,1,1,1429.0,1430.0,1430.0,1430.0,0.0,0.0,,dollariraqi:1430
2025-05-12,baghdad_samawal,1,1,1432.0,1432.0,1432.0,1432.0,0.0,0.0,,dollariraqi:1432
2025-05-12,basra,2,2,1430.25,1433.0,1431.0,1435.0,4.0,0.279,,dollar_price:1435|dollariraqi:1431
2025-05-12,erbil,2,2,1428.5,1429.25,1428.5,1430.0,1.5,0.105,,dollar_price:1430|dollariraqi:1428.5
2025-05-13,baghdad_generic,2,2,1431.0,1429.0,1425.0,1433.0,8.0,0.56,,dollar_price:1433|iqborsa:1425
2025-05-13,baghdad_kifah,1,1,1426.5,1427.0,1427.0,1427.0,0.0,0.0,,dollariraqi:1427
2025-05-13,baghdad_samawal,1,1,1427.0,1427.0,1427.0,1427.0,0.0,0.0,,dollariraqi:1427
2025-05-13,basra,2,2,1429.0,1428.75,1427.5,1430.0,2.5,0.175,,dollar_price:1430|dollariraqi:1427.5
2025-05-13,erbil,2,2,1428.25,1428.5,1425.5,1431.5,6.0,0.42,,dollar_price:1431.5|dollariraqi:1425.5
2025-05-14,baghdad_generic,2,2,1427.75,1428.5,1425.5,1431.5,6.0,0.42,,dollar_price:1431.5|iqborsa:1425.5
2025-05-14,baghdad_harithiya,1,1,1425.0,1425.0,1425.0,1425.0,0.0,0.0,,dollariraqi:1425
2025-05-14,baghdad_kifah,1,1,1422.5,1425.0,1425.0,1425.0,0.0,0.0,,dollariraqi:1425
2025-05-14,basra,2,2,1427.0,1427.75,1425.5,1430.0,4.5,0.315,,dollar_price:1430|dollariraqi:1425.5
2025-05-14,erbil,2,2,1422.75,1422.88,1422.25,1423.5,1.25,0.088,,dollar_price:1423.5|dollariraqi:1422.25
2025-05-15,baghdad_generic,2,2,1430.25,1429.75,1424.5,1435.0,10.5,0.734,,dollar_price:1435|iqborsa:1424.5
2025-05-15,baghdad_harithiya,1,1,1424.5,1424.5,1424.5,1424.5,0.0,0.0,,dollariraqi:1424.5
2025-05-15,baghdad_karrada,1,1,1425.0,1425.0,1425.0,1425.0,0.0,0.0,,dollariraqi:1425
2025-05-15,baghdad_kifah,1,1,1426.0,1424.5,1424.5,1424.5,0.0,0.0,,dollariraqi:1424.5
2025-05-15,baghdad_samawal,1,1,1424.5,1424.5,1424.5,1424.5,0.0,0.0,,dollariraqi:1424.5
2025-05-15,basra,2,2,1426.75,1426.5,1425.5,1427.5,2.0,0.14,,dollar_price:1427.5|dollariraqi:1425.5
2025-05-15,erbil,2,2,1425.75,1425.0,1423.5,1426.5,3.0,0.211,,dollar_price:1426.5|dollariraqi:1423.5
2025-05-18,baghdad_generic,2,2,1426.5,1425.25,1423.0,1427.5,4.5,0.316,,dollar_price:1427.5|iqborsa:1423
2025-05-18,baghdad_harithiya,1,1,1425.0,1425.0,1425.0,1425.0,0.0,0.0,,dollariraqi:1425
2025-05-18,baghdad_kifah,1,1,1425.0,1423.0,1423.0,1423.0,0.0,0.0,,dollariraqi:1423
2025-05-18,baghdad_samawal,1,1,1425.0,1425.0,1425.0,1425.0,0.0,0.0,,dollariraqi:1425
2025-05-18,basra,2,2,1426.75,1425.25,1423.0,1427.5,4.5,0.316,,dollar_price:1427.5|dollariraqi:1423
2025-05-18,erbil,2,2,1426.0,1425.0,1423.5,1426.5,3.0,0.211,,dollar_price:1426.5|dollariraqi:1423.5
2025-05-19,baghdad_generic,2,2,1425.75,1426.0,1423.0,1429.0,6.0,0.421,,dollar_price:1429|iqborsa:1423
2025-05-19,baghdad_harithiya,1,1,1422.5,1422.5,1422.5,1422.5,0.0,0.0,,dollariraqi:1422.5
2025-05-19,baghdad_kifah,1,1,1421.5,1422.0,1422.0,1422.0,0.0,0.0,,dollariraqi:1422
2025-05-19,baghdad_samawal,1,1,1422.0,1422.5,1422.5,1422.5,0.0,0.0,,dollariraqi:1422.5
2025-05-19,basra,2,2,1425.0,1425.0,1422.5,1427.5,5.0,0.351,,dollar_price:1427.5|dollariraqi:1422.5
2025-05-19,erbil,2,2,1424.5,1424.63,1422.75,1426.5,3.75,0.263,,dollar_price:1426.5|dollariraqi:1422.75
2025-05-20,baghdad_generic,2,2,1427.0,1426.5,1423.0,1430.0,7.0,0.491,,dollar_price:1430|iqborsa:1423
2025-05-20,baghdad_kifah,1,1,1425.0,1425.0,1425.0,1425.0,0.0,0.0,,dollariraqi:1425
2025-05-20,basra,2,2,1427.5,1427.5,1425.0,1430.0,5.0,0.35,,dollar_price:1430|dollariraqi:1425
2025-05-20,erbil,2,2,1426.25,1426.25,1425.0,1427.5,2.5,0.175,,dollar_price:1427.5|dollariraqi:1425
2025-05-20,hillah,1,1,1425.5,1425.5,1425.5,1425.5,0.0,0.0,,dollariraqi:1425.5
2025-05-21,baghdad_generic,2,2,1427.5,1425.5,1421.0,1430.0,9.0,0.631,,dollar_price:1430|iqborsa:1421
2025-05-21,baghdad_harithiya,1,1,1423.5,1423.5,1423.5,1423.5,0.0,0.0,,dollariraqi:1423.5
2025-05-21,baghdad_kifah,1,1,1423.5,1423.5,1423.5,1423.5,0.0,0.0,,dollariraqi:1423.5
2025-05-21,baghdad_samawal,1,1,1424.0,1424.0,1424.0,1424.0,0.0,0.0,,dollariraqi:1424
2025-05-21,basra,2,2,1427.5,1427.5,1425.0,1430.0,5.0,0.35,,dollar_price:1430|dollariraqi:1425
2025-05-21,erbil,2,2,1426.75,1426.75,1424.5,1429.0,4.5,0.315,,dollar_price:1429|dollariraqi:1424.5
2025-05-22,baghdad_generic,2,2,1425.0,1424.25,1419.5,1429.0,9.5,0.667,,dollar_price:1429|iqborsa:1419.5
2025-05-22,baghdad_harithiya,1,1,1420.0,1420.0,1420.0,1420.0,0.0,0.0,,dollariraqi:1420
2025-05-22,baghdad_kifah,1,1,1420.0,1420.0,1420.0,1420.0,0.0,0.0,,dollariraqi:1420
2025-05-22,baghdad_samawal,1,1,1420.0,1420.0,1420.0,1420.0,0.0,0.0,,dollariraqi:1420
2025-05-22,basra,2,2,1424.75,1424.0,1420.5,1427.5,7.0,0.492,,dollar_price:1427.5|dollariraqi:1420.5
2025-05-22,erbil,2,2,1425.25,1424.5,1420.5,1428.5,8.0,0.562,,dollar_price:1428.5|dollariraqi:1420.5
2025-05-25,baghdad_generic,2,2,1419.5,1416.5,1413.0,1420.0,7.0,0.494,,dollar_price:1420|iqborsa:1413
2025-05-25,baghdad_harithiya,1,1,1420.0,1416.0,1416.0,1416.0,0.0,0.0,,dollariraqi:1416
2025-05-25,baghdad_kifah,1,1,1419.5,1416.0,1416.0,1416.0,0.0,0.0,,dollariraqi:1416
2025-05-25,baghdad_samawal,1,1,1419.0,1419.0,1419.0,1419.0,0.0,0.0,,dollariraqi:1419
2025-05-25,basra,2,2,1422.25,1420.5,1416.0,1425.0,9.0,0.634,,dollar_price:1425|dollariraqi:1416
2025-05-25,erbil,2,2,1419.0,1419.0,1418.0,1420.0,2.0,0.141,,dollar_price:1420|dollariraqi:1418
2025-05-26,baghdad_generic,2,2,1416.25,1413.75,1407.5,1420.0,12.5,0.884,,dollar_price:1420|iqborsa:1407.5
2025-05-26,baghdad_harithiya,1,1,1407.5,1407.5,1407.5,1407.5,0.0,0.0,,dollariraqi:1407.5
2025-05-26,baghdad_kifah,1,1,1410.0,1407.5,1407.5,1407.5,0.0,0.0,,dollariraqi:1407.5
2025-05-26,basra,2,2,1417.0,1415.0,1410.0,1420.0,10.0,0.707,,dollar_price:1420|dollariraqi:1410
2025-05-26,erbil,2,2,1416.0,1413.5,1407.0,1420.0,13.0,0.92,,dollar_price:1420|dollariraqi:1407
2025-05-27,baghdad_generic,3,3,1407.67,1410.0,1410.0,1410.0,0.0,0.0,,dollar_price:1410|dollariraqi:1410|iqborsa:1410
2025-05-27,baghdad_harithiya,1,1,1404.0,1404.0,1404.0,1404.0,0.0,0.0,,dollariraqi:1404
2025-05-27,baghdad_kifah,1,1,1405.0,1405.0,1405.0,1405.0,0.0,0.0,,dollariraqi:1405
2025-05-27,baghdad_samawal,1,1,1404.0,1404.0,1404.0,1404.0,0.0,0.0,,dollariraqi:1404
2025-05-27,basra,2,2,1405.75,1408.0,1405.0,1411.0,6.0,0.426,,dollar_price:1405|dollariraqi:1411
2025-05-27,erbil,2,2,1405.25,1406.75,1405.0,1408.5,3.5,0.249,,dollar_price:1405|dollariraqi:1408.5
2025-05-28,baghdad_generic,3,3,1412.5,1410.83,1405.0,1420.0,15.0,1.063,,dollar_price:1420|dollariraqi:1407.5|iqborsa:1405
2025-05-28,baghdad_harithiya,1,1,1409.0,1409.0,1409.0,1409.0,0.0,0.0,,dollariraqi:1409
2025-05-28,baghdad_kifah,1,1,1408.5,1408.5,1408.5,1408.5,0.0,0.0,,dollariraqi:1408.5
2025-05-28,baghdad_samawal,1,1,1408.5,1408.5,1408.5,1408.5,0.0,0.0,,dollariraqi:1408.5
2025-05-28,basra,2,2,1410.0,1408.75,1407.5,1410.0,2.5,0.177,,dollar_price:1410|dollariraqi:1407.5
2025-05-28,erbil,2,2,1411.25,1411.25,1407.5,1415.0,7.5,0.531,,dollar_price:1415|dollariraqi:1407.5
2025-05-29,baghdad_generic,3,3,1412.33,1414.67,1414.0,1415.0,1.0,0.071,,dollar_price:1415|dollariraqi:1415|iqborsa:1414
2025-05-29,baghdad_harithiya,1,1,1409.5,1409.5,1409.5,1409.5,0.0,0.0,,dollariraqi:1409.5
2025-05-29,baghdad_kifah,1,1,1409.5,1409.5,1409.5,1409.5,0.0,0.0,,dollariraqi:1409.5
2025-05-29,baghdad_samawal,1,1,1409.0,1409.0,1409.0,1409.0,0.0,0.0,,dollariraqi:1409
2025-05-29,basra,2,2,1410.5,1412.5,1410.0,1415.0,5.0,0.354,,dollar_price:1410|dollariraqi:1415
2025-05-29,erbil,2,2,1410.0,1412.0,1410.0,1414.0,4.0,0.283,,dollar_price:1410|dollariraqi:1414
2025-06-01,baghdad_generic,3,3,1411.83,1413.33,1409.5,1418.5,9.0,0.637,,dollar_price:1418.5|dollariraqi:1409.5|iqborsa:1412
2025-06-01,baghdad_harithiya,1,1,1414.0,1414.0,1414.0,1414.0,0.0,0.0,,dollariraqi:1414
2025-06-01,baghdad_kifah,1,1,1413.0,1413.0,1413.0,1413.0,0.0,0.0,,dollariraqi:1413
2025-06-01,basra,2,2,1414.5,1415.5,1413.5,1417.5,4.0,0.283,,dollar_price:1417.5|dollariraqi:1413.5
2025-06-01,erbil,2,2,1411.25,1412.5,1412.5,1412.5,0.0,0.0,,dollar_price:1412.5|dollariraqi:1412.5
2025-06-02,baghdad_generic,3,3,1418.5,1418.67,1416.5,1422.5,6.0,0.423,,dollar_price:1422.5|dollariraqi:1417|iqborsa:1416.5
2025-06-02,baghdad_harithiya,1,1,1415.0,1417.5,1417.5,1417.5,0.0,0.0,,dollariraqi:1417.5
2025-06-02,baghdad_kifah,1,1,1414.5,1417.5,1417.5,1417.5,0.0,0.0,,dollariraqi:1417.5
2025-06-02,baghdad_samawal,1,1,1414.5,1414.5,1414.5,1414.5,0.0,0.0,,dollariraqi:1414.5
2025-06-02,basra,2,2,1416.75,1416.75,1416.0,1417.5,1.5,0.106,,dollar_price:1417.5|dollariraqi:1416
2025-06-02,erbil,2,2,1415.0,1415.75,1415.0,1416.5,1.5,0.106,,dollar_price:1416.5|dollariraqi:1415
2025-06-03,baghdad_generic,3,3,1414.67,1413.5,1411.0,1418.5,7.5,0.531,,dollar_price:1418.5|dollariraqi:1411|iqborsa:1411
2025-06-03,baghdad_harithiya,1,1,1415.5,1415.5,1415.5,1415.5,0.0,0.0,,dollariraqi:1415.5
2025-06-03,baghdad_kifah,1,1,1415.0,1415.0,1415.0,1415.0,0.0,0.0,,dollariraqi:1415
2025-06-03,baghdad_samawal,1,1,1415.0,1415.0,1415.0,1415.0,0.0,0.0,,dollariraqi:1415
2025-06-03,basra,2,2,1417.0,1416.0,1413.0,1419.0,6.0,0.424,,dollar_price:1419|dollariraqi:1413
2025-06-03,erbil,2,2,1415.5,1414.25,1412.0,1416.5,4.5,0.318,,dollar_price:1416.5|dollariraqi:1412
2025-06-04,baghdad_generic,3,3,1413.67,1415.67,1414.0,1418.0,4.0,0.283,,dollar_price:1418|dollariraqi:1415|iqborsa:1414
2025-06-04,baghdad_harithiya,1,1,1412.0,1412.0,1412.0,1412.0,0.0,0.0,,dollariraqi:1412
2025-06-04,basra,2,2,1415.75,1417.25,1417.0,1417.5,0.5,0.035,,dollar_price:1417.5|dollariraqi:1417
2025-06-04,erbil,2,2,1413.75,1414.75,1412.0,1417.5,5.5,0.389,,dollar_price:1417.5|dollariraqi:1412
2025-06-05,baghdad_generic,3,3,1416.5,1416.67,1414.5,1419.5,5.0,0.353,,dollar_price:1419.5|dollariraqi:1416|iqborsa:1414.5
2025-06-05,basra,2,2,1417.0,1417.0,1416.5,1417.5,1.0,0.071,,dollar_price:1417.5|dollariraqi:1416.5
2025-06-05,erbil,2,2,1415.75,1415.75,1414.0,1417.5,3.5,0.247,,dollar_price:1417.5|dollariraqi:1414
2025-06-08,baghdad_generic,1,1,1417.5,1417.5,1417.5,1417.5,0.0,0.0,,iqborsa:1417.5
2025-06-09,baghdad_generic,2,2,1416.0,1416.0,1415.0,1417.0,2.0,0.141,,dollariraqi:1415|iqborsa:1417
2025-06-09,erbil,1,1,1412.5,1412.5,1412.5,1412.5,0.0,0.0,,dollariraqi:1412.5
2025-06-10,baghdad_generic,2,2,1414.75,1413.75,1412.5,1415.0,2.5,0.177,,dollariraqi:1415|iqborsa:1412.5
2025-06-10,basra,1,1,1416.0,1416.0,1416.0,1416.0,0.0,0.0,,dollariraqi:1416
2025-06-10,erbil,1,1,1412.5,1412.5,1412.5,1412.5,0.0,0.0,,dollariraqi:1412.5
2025-06-11,baghdad_generic,3,3,1415.33,1414.5,1411.0,1419.0,8.0,0.566,,dollar_price:1419|dollariraqi:1413.5|iqborsa:1411
2025-06-11,baghdad_karrada,1,1,1414.0,1414.0,1414.0,1414.0,0.0,0.0,,dollariraqi:1414
2025-06-11,baghdad_kifah,1,1,1414.0,1414.0,1414.0,1414.0,0.0,0.0,,dollariraqi:1414
2025-06-11,baghdad_samawal,1,1,1414.0,1414.0,1414.0,1414.0,0.0,0.0,,dollariraqi:1414
2025-06-11,basra,2,2,1417.25,1416.25,1413.0,1419.5,6.5,0.459,,dollar_price:1419.5|dollariraqi:1413
2025-06-11,erbil,2,2,1414.25,1414.25,1411.5,1417.0,5.5,0.389,,dollar_price:1417|dollariraqi:1411.5
2025-06-12,baghdad_generic,3,3,1417.25,1435.67,1431.0,1442.5,11.5,0.801,,dollar_price:1442.5|dollariraqi:1433.5|iqborsa:1431
2025-06-12,baghdad_harithiya,1,1,1432.0,1432.0,1432.0,1432.0,0.0,0.0,,dollariraqi:1432
2025-06-12,baghdad_kifah,1,1,1434.0,1434.0,1434.0,1434.0,0.0,0.0,,dollariraqi:1434
2025-06-12,basra,2,2,1435.5,1438.0,1433.0,1443.0,10.0,0.695,,dollar_price:1443|dollariraqi:1433
2025-06-12,erbil,1,1,1418.5,1437.0,1437.0,1437.0,0.0,0.0,,dollariraqi:1437
2025-06-15,baghdad_generic,3,3,1442.0,1438.33,1435.0,1440.0,5.0,0.348,,dollar_price:1440|dollariraqi:1440|iqborsa:1435
2025-06-15,baghdad_harithiya,1,1,1436.0,1436.0,1436.0,1436.0,0.0,0.0,,dollariraqi:1436
2025-06-15,baghdad_kifah,1,1,1436.0,1439.0,1439.0,1439.0,0.0,0.0,,dollariraqi:1439
2025-06-15,basra,2,2,1440.0,1440.0,1440.0,1440.0,0.0,0.0,,dollar_price:1440|dollariraqi:1440
2025-06-15,erbil,2,2,1439.75,1442.25,1441.5,1443.0,1.5,0.104,,dollar_price:1441.5|dollariraqi:1443
2025-06-16,baghdad_generic,3,3,1439.5,1436.83,1431.0,1442.5,11.5,0.8,,dollar_price:1442.5|dollariraqi:1437|iqborsa:1431
2025-06-16,baghdad_kifah,1,1,1433.0,1433.0,1433.0,1433.0,0.0,0.0,,dollariraqi:1433
2025-06-16,basra,2,2,1442.0,1439.5,1434.0,1445.0,11.0,0.764,,dollar_price:1445|dollariraqi:1434
2025-06-16,erbil,2,2,1442.5,1438.25,1433.0,1443.5,10.5,0.73,,dollar_price:1443.5|dollariraqi:1433
2025-06-17,baghdad_generic,2,2,1440.5,1440.5,1436.0,1445.0,9.0,0.625,,dollar_price:1445|dollariraqi:1436
2025-06-17,baghdad_kifah,1,1,1431.5,1434.0,1434.0,1434.0,0.0,0.0,,dollariraqi:1434
2025-06-17,basra,2,2,1433.25,1435.75,1435.0,1436.5,1.5,0.104,,dollar_price:1435|dollariraqi:1436.5
2025-06-17,erbil,2,2,1435.75,1439.0,1438.0,1440.0,2.0,0.139,,dollar_price:1440|dollariraqi:1438
2025-06-18,baghdad_generic,2,2,1441.5,1440.0,1440.0,1440.0,0.0,0.0,,dollar_price:1440|dollariraqi:1440
2025-06-18,baghdad_karrada,1,1,1436.5,1436.5,1436.5,1436.5,0.0,0.0,,dollariraqi:1436.5
2025-06-18,baghdad_kifah,1,1,1436.0,1438.5,1438.5,1438.5,0.0,0.0,,dollariraqi:1438.5
2025-06-18,basra,2,2,1439.0,1440.0,1440.0,1440.0,0.0,0.0,,dollar_price:1440|dollariraqi:1440
2025-06-18,erbil,2,2,1438.5,1439.25,1438.5,1440.0,1.5,0.104,,dollar_price:1440|dollariraqi:1438.5
2025-06-19,baghdad_generic,2,2,1438.5,1438.5,1438.5,1438.5,0.0,0.0,,dollar_price:1438.5|dollariraqi:1438.5
2025-06-19,baghdad_harithiya,1,1,1442.0,1442.5,1442.5,1442.5,0.0,0.0,,dollariraqi:1442.5
2025-06-19,baghdad_kifah,1,1,1440.0,1442.5,1442.5,1442.5,0.0,0.0,,dollariraqi:1442.5
2025-06-19,basra,2,2,1439.0,1440.5,1439.0,1442.0,3.0,0.208,,dollar_price:1439|dollariraqi:1442
2025-06-19,erbil,2,2,1440.0,1442.25,1441.0,1443.5,2.5,0.173,,dollar_price:1441|dollariraqi:1443.5
2025-06-22,baghdad_generic,2,2,1440.75,1441.0,1441.0,1441.0,0.0,0.0,,dollar_price:1441|dollariraqi:1441
2025-06-22,baghdad_kifah,1,1,1440.0,1440.0,1440.0,1440.0,0.0,0.0,,dollariraqi:1440
2025-06-22,basra,2,2,1440.0,1440.5,1440.0,1441.0,1.0,0.069,,dollar_price:1440|dollariraqi:1441
2025-06-22,erbil,2,2,1440.25,1439.75,1439.5,1440.0,0.5,0.035,,dollar_price:1440|dollariraqi:1439.5
2025-06-23,baghdad_generic,2,2,1439.0,1438.0,1435.0,1441.0,6.0,0.417,,dollar_price:1441|dollariraqi:1435
2025-06-23,baghdad_harithiya,1,1,1436.5,1436.5,1436.5,1436.5,0.0,0.0,,dollariraqi:1436.5
2025-06-23,baghdad_kifah,1,1,1436.5,1437.5,1437.5,1437.5,0.0,0.0,,dollariraqi:1437.5
2025-06-23,basra,2,2,1438.25,1439.75,1439.5,1440.0,0.5,0.035,,dollar_price:1440|dollariraqi:1439.5
2025-06-23,erbil,2,2,1438.25,1438.0,1434.5,1441.5,7.0,0.487,,dollar_price:1441.5|dollariraqi:1434.5
2025-06-24,baghdad_generic,2,2,1425.5,1425.5,1416.0,1435.0,19.0,1.333,,dollar_price:1435|dollariraqi:1416
2025-06-24,baghdad_kifah,1,1,1422.0,1418.5,1418.5,1418.5,0.0,0.0,,dollariraqi:1418.5
2025-06-24,basra,1,1,1422.5,1415.0,1415.0,1415.0,0.0,0.0,,dollariraqi:1415
2025-06-24,erbil,1,1,1422.0,1412.0,1412.0,1412.0,0.0,0.0,,dollariraqi:1412
2025-06-25,baghdad_generic,3,3,1414.83,1415.0,1412.5,1419.0,6.5,0.459,,dollar_price:1419|dollariraqi:1412.5|iqborsa:1413.5
2025-06-25,baghdad_harithiya,1,1,1416.0,1416.0,1416.0,1416.0,0.0,0.0,,dollariraqi:1416
2025-06-25,baghdad_kifah,1,1,1416.0,1416.0,1416.0,1416.0,0.0,0.0,,dollariraqi:1416
2025-06-25,basra,1,1,1416.0,1413.0,1413.0,1413.0,0.0,0.0,,dollariraqi:1413
2025-06-25,erbil,1,1,1413.5,1410.5,1410.5,1410.5,0.0,0.0,,dollariraqi:1410.5
2025-06-26,baghdad_generic,3,3,1414.83,1414.67,1412.5,1417.5,5.0,0.353,,dollar_price:1417.5|dollariraqi:1414|iqborsa:1412.5
2025-06-26,baghdad_harithiya,1,1,1414.5,1414.5,1414.5,1414.5,0.0,0.0,,dollariraqi:1414.5
2025-06-26,baghdad_karrada,1,1,1414.0,1414.0,1414.0,1414.0,0.0,0.0,,dollariraqi:1414
2025-06-26,basra,1,1,1413.5,1412.5,1412.5,1412.5,0.0,0.0,,dollariraqi:1412.5
2025-06-26,erbil,1,1,1412.0,1411.0,1411.0,1411.0,0.0,0.0,,dollariraqi:1411
2025-06-29,baghdad_generic,2,2,1414.75,1415.25,1413.0,1417.5,4.5,0.318,,dollar_price:1417.5|iqborsa:1413
2025-06-29,baghdad_harithiya,1,1,1412.5,1412.5,1412.5,1412.5,0.0,0.0,,dollariraqi:1412.5
2025-06-29,baghdad_kifah,1,1,1412.5,1413.0,1413.0,1413.0,0.0,0.0,,dollariraqi:1413
2025-06-29,basra,2,2,1412.75,1413.0,1412.5,1413.5,1.0,0.071,,dollar_price:1412.5|dollariraqi:1413.5
2025-06-29,erbil,2,2,1411.75,1412.25,1411.0,1413.5,2.5,0.177,,dollar_price:1413.5|dollariraqi:1411
2025-06-30,baghdad_generic,2,2,1416.25,1416.5,1415.5,1417.5,2.0,0.141,,dollar_price:1417.5|iqborsa:1415.5
2025-06-30,baghdad_harithiya,1,1,1416.0,1416.0,1416.0,1416.0,0.0,0.0,,dollariraqi:1416
2025-06-30,baghdad_kifah,1,1,1413.5,1415.5,1415.5,1415.5,0.0,0.0,,dollariraqi:1415.5
2025-06-30,basra,2,2,1415.75,1415.75,1414.0,1417.5,3.5,0.247,,dollar_price:1417.5|dollariraqi:1414
2025-06-30,erbil,2,2,1415.25,1416.25,1415.0,1417.5,2.5,0.177,,dollar_price:1417.5|dollariraqi:1415
2025-07-01,baghdad_generic,3,3,1414.67,1415.0,1413.0,1419.0,6.0,0.424,,dollar_price:1419|dollariraqi:1413|iqborsa:1413
2025-07-01,baghdad_harithiya,1,1,1412.0,1412.0,1412.0,1412.0,0.0,0.0,,dollariraqi:1412
2025-07-01,baghdad_kifah,1,1,1413.0,1413.0,1413.0,1413.0,0.0,0.0,,dollariraqi:1413
2025-07-01,basra,2,2,1414.0,1413.5,1412.0,1415.0,3.0,0.212,,dollar_price:1415|dollariraqi:1412
2025-07-01,erbil,2,2,1414.5,1414.25,1411.0,1417.5,6.5,0.46,,dollar_price:1417.5|dollariraqi:1411
2025-07-02,baghdad_generic,3,3,1415.0,1414.67,1412.5,1418.0,5.5,0.389,,dollar_price:1418|dollariraqi:1413.5|iqborsa:1412.5
2025-07-02,baghdad_kifah,1,1,1413.0,1411.5,1411.5,1411.5,0.0,0.0,,dollariraqi:1411.5
2025-07-02,basra,2,2,1414.0,1413.75,1412.5,1415.0,2.5,0.177,,dollar_price:1415|dollariraqi:1412.5
2025-07-02,erbil,2,2,1412.5,1410.75,1408.0,1413.5,5.5,0.39,,dollar_price:1413.5|dollariraqi:1408
2025-07-03,baghdad_generic,3,3,1413.0,1413.17,1412.0,1415.0,3.0,0.212,,dollar_price:1415|dollariraqi:1412.5|iqborsa:1412
2025-07-03,baghdad_harithiya,1,1,1411.5,1411.5,1411.5,1411.5,0.0,0.0,,dollariraqi:1411.5
2025-07-03,baghdad_kifah,1,1,1412.0,1412.0,1412.0,1412.0,0.0,0.0,,dollariraqi:1412
2025-07-03,basra,2,2,1410.0,1411.0,1410.0,1412.0,2.0,0.142,,dollar_price:1410|dollariraqi:1412
2025-07-03,erbil,2,2,1408.5,1409.75,1409.5,1410.0,0.5,0.035,,dollar_price:1410|dollariraqi:1409.5
2025-07-06,basra,1,1,1412.5,1412.0,1412.0,1412.0,0.0,0.0,,dollariraqi:1412
2025-07-06,erbil,1,1,1411.0,1410.5,1410.5,1410.5,0.0,0.0,,dollariraqi:1410.5
2025-07-07,babil,1,1,1413.0,1413.0,1413.0,1413.0,0.0,0.0,,dollariraqi:1413
2025-07-07,baghdad_generic,3,3,1414.83,1414.17,1411.5,1419.5,8.0,0.566,,dollar_price:1419.5|dollariraqi:1411.5|iqborsa:1411.5
2025-07-07,baghdad_kifah,1,1,1412.5,1412.0,1412.0,1412.0,0.0,0.0,,dollariraqi:1412
2025-07-07,basra,2,2,1413.75,1413.25,1411.5,1415.0,3.5,0.248,,dollar_price:1415|dollariraqi:1411.5
2025-07-07,erbil,2,2,1410.25,1410.38,1408.25,1412.5,4.25,0.301,,dollar_price:1412.5|dollariraqi:1408.25
2025-07-08,baghdad_generic,3,3,1411.0,1410.83,1410.0,1411.5,1.5,0.106,,dollar_price:1410|dollariraqi:1411|iqborsa:1411.5
2025-07-08,baghdad_kifah,1,1,1411.5,1411.0,1411.0,1411.0,0.0,0.0,,dollariraqi:1411
2025-07-08,basra,2,2,1411.75,1411.75,1410.5,1413.0,2.5,0.177,,dollar_price:1413|dollariraqi:1410.5
2025-07-08,erbil,2,2,1410.75,1411.25,1410.0,1412.5,2.5,0.177,,dollar_price:1412.5|dollariraqi:1410
2025-07-09,baghdad_generic,3,3,1414.83,1414.83,1412.0,1420.0,8.0,0.565,,dollar_price:1420|dollariraqi:1412.5|iqborsa:1412
2025-07-09,baghdad_harithiya,1,1,1412.0,1412.0,1412.0,1412.0,0.0,0.0,,dollariraqi:1412
2025-07-09,baghdad_kifah,1,1,1413.0,1413.0,1413.0,1413.0,0.0,0.0,,dollariraqi:1413
2025-07-09,basra,2,2,1412.5,1412.25,1412.0,1412.5,0.5,0.035,,dollar_price:1412.5|dollariraqi:1412
2025-07-09,erbil,2,2,1412.0,1412.0,1410.5,1413.5,3.0,0.212,,dollar_price:1413.5|dollariraqi:1410.5
2025-07-10,baghdad_generic,3,3,1414.67,1414.5,1412.0,1419.0,7.0,0.495,,dollar_price:1419|dollariraqi:1412.5|iqborsa:1412
2025-07-10,baghdad_harithiya,1,1,1412.0,1412.0,1412.0,1412.0,0.0,0.0,,dollariraqi:1412
2025-07-10,baghdad_kifah,1,1,1412.0,1412.0,1412.0,1412.0,0.0,0.0,,dollariraqi:1412
2025-07-10,basra,2,2,1415.5,1415.25,1412.0,1418.5,6.5,0.459,,dollar_price:1418.5|dollariraqi:1412
2025-07-10,erbil,2,2,1413.0,1413.25,1410.5,1416.0,5.5,0.389,,dollar_price:1416|dollariraqi:1410.5
2025-07-13,baghdad_generic,3,3,1413.17,1412.5,1410.5,1416.0,5.5,0.389,,dollar_price:1416|dollariraqi:1410.5|iqborsa:1411
2025-07-13,basra,2,2,1412.5,1411.25,1410.0,1412.5,2.5,0.177,,dollar_price:1412.5|dollariraqi:1410
2025-07-13,erbil,2,2,1409.0,1409.25,1408.5,1410.0,1.5,0.106,,dollar_price:1410|dollariraqi:1408.5
2025-07-14,baghdad_generic,3,3,1411.25,1411.42,1410.75,1412.5,1.75,0.124,,dollar_price:1412.5|dollariraqi:1410.75|iqborsa:1411
2025-07-14,baghdad_kifah,1,1,1410.5,1410.5,1410.5,1410.5,0.0,0.0,,dollariraqi:1410.5
2025-07-14,basra,2,2,1412.0,1412.0,1411.5,1412.5,1.0,0.071,,dollar_price:1412.5|dollariraqi:1411.5
2025-07-14,erbil,2,2,1409.25,1409.25,1408.5,1410.0,1.5,0.106,,dollar_price:1410|dollariraqi:1408.5
2025-07-15,baghdad_generic,3,3,1411.17,1410.42,1406.25,1417.5,11.25,0.798,,dollar_price:1417.5|dollariraqi:1406.25|iqborsa:1407.5
2025-07-15,baghdad_harithiya,1,1,1407.0,1407.0,1407.0,1407.0,0.0,0.0,,dollariraqi:1407
2025-07-15,baghdad_kifah,1,1,1406.5,1406.5,1406.5,1406.5,0.0,0.0,,dollariraqi:1406.5
2025-07-15,basra,2,2,1409.5,1408.25,1406.5,1410.0,3.5,0.249,,dollar_price:1410|dollariraqi:1406.5
2025-07-15,erbil,2,2,1408.0,1406.5,1403.0,1410.0,7.0,0.498,,dollar_price:1410|dollariraqi:1403
2025-07-15,hillah,1,1,1410.0,1410.0,1410.0,1410.0,0.0,0.0,,dollariraqi:1410
2025-07-16,baghdad_generic,3,3,1410.33,1409.67,1405.5,1417.5,12.0,0.851,,dollar_price:1417.5|dollariraqi:1406|iqborsa:1405.5
2025-07-16,baghdad_harithiya,1,1,1406.5,1406.0,1406.0,1406.0,0.0,0.0,,dollariraqi:1406
2025-07-16,baghdad_kifah,1,1,1407.0,1407.0,1407.0,1407.0,0.0,0.0,,dollariraqi:1407
2025-07-16,basra,2,2,1409.0,1407.5,1405.0,1410.0,5.0,0.355,,dollar_price:1410|dollariraqi:1405
2025-07-16,erbil,2,2,1407.5,1407.25,1404.5,1410.0,5.5,0.391,,dollar_price:1410|dollariraqi:1404.5
2025-07-17,baghdad_generic,3,3,1407.17,1407.17,1405.5,1410.0,4.5,0.32,,dollar_price:1410|dollariraqi:1406|iqborsa:1405.5
2025-07-17,baghdad_harithiya,1,1,1406.5,1407.5,1407.5,1407.5,0.0,0.0,,dollariraqi:1407.5
2025-07-17,baghdad_kifah,1,1,1406.5,1407.0,1407.0,1407.0,0.0,0.0,,dollariraqi:1407
2025-07-17,basra,2,2,1409.0,1409.25,1408.5,1410.0,1.5,0.106,,dollar_price:1410|dollariraqi:1408.5
2025-07-17,erbil,2,2,1407.0,1407.25,1404.5,1410.0,5.5,0.391,,dollar_price:1410|dollariraqi:1404.5
2025-07-20,baghdad_generic,3,3,1404.33,1403.0,1398.0,1410.0,12.0,0.855,,dollar_price:1410|dollariraqi:1398|iqborsa:1401
2025-07-20,baghdad_kifah,1,1,1403.5,1403.5,1403.5,1403.5,0.0,0.0,,dollariraqi:1403.5
2025-07-20,basra,2,2,1407.5,1404.5,1399.0,1410.0,11.0,0.783,,dollar_price:1410|dollariraqi:1399
2025-07-20,erbil,2,2,1400.88,1398.5,1395.5,1401.5,6.0,0.429,,dollar_price:1401.5|dollariraqi:1395.5
2025-07-20,hillah,1,1,1400.0,1400.0,1400.0,1400.0,0.0,0.0,,dollariraqi:1400
2025-07-21,baghdad_generic,3,3,1399.83,1397.83,1393.5,1405.0,11.5,0.823,,dollar_price:1405|dollariraqi:1393.5|iqborsa:1395
2025-07-21,baghdad_harithiya,1,1,1396.5,1396.5,1396.5,1396.5,0.0,0.0,,dollariraqi:1396.5
2025-07-21,baghdad_kifah,1,1,1396.5,1396.0,1396.0,1396.0,0.0,0.0,,dollariraqi:1396
2025-07-21,basra,2,2,1398.75,1398.25,1396.5,1400.0,3.5,0.25,,dollar_price:1400|dollariraqi:1396.5
2025-07-21,erbil,2,2,1398.5,1395.25,1390.5,1400.0,9.5,0.681,,dollar_price:1400|dollariraqi:1390.5
2025-07-22,baghdad_generic,3,3,1396.17,1396.17,1395.0,1397.5,2.5,0.179,,dollar_price:1397.5|dollariraqi:1395|iqborsa:1396
2025-07-22,baghdad_harithiya,1,1,1392.0,1392.0,1392.0,1392.0,0.0,0.0,,dollariraqi:1392
2025-07-22,baghdad_kifah,1,1,1393.0,1394.5,1394.5,1394.5,0.0,0.0,,dollariraqi:1394.5
2025-07-22,baghdad_shorja,1,1,1395.0,1395.0,1395.0,1395.0,0.0,0.0,,dollariraqi:1395
2025-07-22,basra,2,2,1392.75,1394.5,1392.5,1396.5,4.0,0.287,,dollar_price:1392.5|dollariraqi:1396.5
2025-07-22,erbil,2,2,1391.5,1391.75,1391.0,1392.5,1.5,0.108,,dollar_price:1392.5|dollariraqi:1391
2025-07-23,baghdad_generic,3,3,1396.83,1396.17,1392.5,1402.5,10.0,0.716,,dollar_price:1402.5|dollariraqi:1393.5|iqborsa:1392.5
2025-07-23,baghdad_harithiya,1,1,1394.0,1394.0,1394.0,1394.0,0.0,0.0,,dollariraqi:1394
2025-07-23,baghdad_kifah,1,1,1396.0,1394.0,1394.0,1394.0,0.0,0.0,,dollariraqi:1394
2025-07-23,basra,2,2,1398.75,1396.25,1392.5,1400.0,7.5,0.537,,dollar_price:1400|dollariraqi:1392.5
2025-07-23,erbil,2,2,1393.75,1393.25,1391.5,1395.0,3.5,0.251,,dollar_price:1395|dollariraqi:1391.5
2025-07-24,baghdad_generic,3,3,1397.5,1397.5,1395.0,1402.0,7.0,0.501,,dollar_price:1402|dollariraqi:1395|iqborsa:1395.5
2025-07-24,baghdad_kifah,1,1,1394.0,1394.0,1394.0,1394.0,0.0,0.0,,dollariraqi:1394
2025-07-24,basra,2,2,1398.25,1397.25,1394.5,1400.0,5.5,0.394,,dollar_price:1400|dollariraqi:1394.5
2025-07-24,erbil,2,2,1392.25,1392.5,1392.5,1392.5,0.0,0.0,,dollar_price:1392.5|dollariraqi:1392.5
2025-07-27,baghdad_generic,3,3,1392.83,1393.17,1392.0,1395.5,3.5,0.251,,dollar_price:1395.5|dollariraqi:1392|iqborsa:1392
2025-07-27,baghdad_harithiya,1,1,1391.5,1392.0,1392.0,1392.0,0.0,0.0,,dollariraqi:1392
2025-07-27,baghdad_kifah,1,1,1392.0,1392.0,1392.0,1392.0,0.0,0.0,,dollariraqi:1392
2025-07-27,basra,2,2,1395.5,1395.25,1393.0,1397.5,4.5,0.323,,dollar_price:1397.5|dollariraqi:1393
2025-07-27,erbil,2,2,1391.25,1391.75,1391.0,1392.5,1.5,0.108,,dollar_price:1392.5|dollariraqi:1391
2025-07-28,baghdad_generic,3,3,1393.0,1393.5,1392.5,1395.5,3.0,0.215,,dollar_price:1395.5|dollariraqi:1392.5|iqborsa:1392.5
2025-07-28,baghdad_kifah,1,1,1392.0,1392.0,1392.0,1392.0,0.0,0.0,,dollariraqi:1392
2025-07-28,basra,2,2,1395.5,1395.25,1393.0,1397.5,4.5,0.323,,dollar_price:1397.5|dollariraqi:1393
2025-07-28,erbil,2,2,1391.5,1391.25,1390.0,1392.5,2.5,0.18,,dollar_price:1392.5|dollariraqi:1390
2025-07-29,baghdad_generic,2,2,1393.75,1394.0,1393.0,1395.0,2.0,0.143,,dollar_price:1395|iqborsa:1393
2025-07-29,baghdad_harithiya,1,1,1393.5,1393.5,1393.5,1393.5,0.0,0.0,,dollariraqi:1393.5
2025-07-29,baghdad_kifah,1,1,1392.0,1393.0,1393.0,1393.0,0.0,0.0,,dollariraqi:1393
2025-07-29,baghdad_samawal,1,1,1393.5,1393.5,1393.5,1393.5,0.0,0.0,,dollariraqi:1393.5
2025-07-29,basra,2,2,1394.0,1394.25,1393.5,1395.0,1.5,0.108,,dollar_price:1395|dollariraqi:1393.5
2025-07-29,erbil,2,2,1391.0,1391.25,1390.0,1392.5,2.5,0.18,,dollar_price:1392.5|dollariraqi:1390
2025-07-30,baghdad_generic,3,3,1393.5,1396.17,1392.0,1398.5,6.5,0.466,,dollar_price:1392|dollariraqi:1398.5|iqborsa:1398
2025-07-30,baghdad_harithiya,1,1,1394.0,1394.0,1394.0,1394.0,0.0,0.0,,dollariraqi:1394
2025-07-30,baghdad_kifah,1,1,1393.5,1393.5,1393.5,1393.5,0.0,0.0,,dollariraqi:1393.5
2025-07-30,basra,2,2,1393.5,1394.5,1392.0,1397.0,5.0,0.359,,dollar_price:1392|dollariraqi:1397
2025-07-30,erbil,1,1,1390.5,1396.0,1396.0,1396.0,0.0,0.0,,dollariraqi:1396
2025-07-31,baghdad_generic,3,3,1402.0,1402.33,1401.0,1405.0,4.0,0.285,,dollar_price:1405|dollariraqi:1401|iqborsa:1401
2025-07-31,baghdad_harithiya,1,1,1399.0,1400.0,1400.0,1400.0,0.0,0.0,,dollariraqi:1400
2025-07-31,baghdad_kifah,1,1,1398.0,1398.0,1398.0,1398.0,0.0,0.0,,dollariraqi:1398
2025-07-31,baghdad_samawal,1,1,1401.0,1401.0,1401.0,1401.0,0.0,0.0,,dollariraqi:1401
2025-07-31,basra,2,2,1399.0,1400.5,1400.0,1401.0,1.0,0.071,,dollar_price:1400|dollariraqi:1401
2025-07-31,erbil,2,2,1397.75,1398.63,1397.25,1400.0,2.75,0.197,,dollar_price:1400|dollariraqi:1397.25
2025-08-03,baghdad_generic,2,2,1396.5,1396.75,1396.0,1397.5,1.5,0.107,,dollar_price:1397.5|iqborsa:1396
2025-08-03,baghdad_harithiya,1,1,1396.5,1396.5,1396.5,1396.5,0.0,0.0,,dollariraqi:1396.5
2025-08-03,baghdad_kifah,1,1,1395.5,1398.0,1398.0,1398.0,0.0,0.0,,dollariraqi:1398
2025-08-03,baghdad_samawal,1,1,1396.0,1396.0,1396.0,1396.0,0.0,0.0,,dollariraqi:1396
2025-08-03,basra,2,2,1395.5,1396.0,1395.0,1397.0,2.0,0.143,,dollar_price:1395|dollariraqi:1397
2025-08-03,erbil,2,2,1394.5,1394.5,1393.5,1395.5,2.0,0.143,,dollar_price:1395.5|dollariraqi:1393.5
2025-08-04,baghdad_generic,3,3,1399.33,1399.0,1398.0,1400.0,2.0,0.143,,dollar_price:1400|dollariraqi:1399|iqborsa:1398
2025-08-04,baghdad_harithiya,1,1,1398.5,1399.0,1399.0,1399.0,0.0,0.0,,dollariraqi:1399
2025-08-04,baghdad_kifah,1,1,1398.0,1398.0,1398.0,1398.0,0.0,0.0,,dollariraqi:1398
2025-08-04,baghdad_samawal,1,1,1398.0,1399.0,1399.0,1399.0,0.0,0.0,,dollariraqi:1399
2025-08-04,basra,2,2,1399.0,1399.25,1398.5,1400.0,1.5,0.107,,dollar_price:1400|dollariraqi:1398.5
2025-08-04,erbil,2,2,1397.25,1398.25,1397.5,1399.0,1.5,0.107,,dollar_price:1399|dollariraqi:1397.5
2025-08-05,baghdad_generic,3,3,1401.0,1400.5,1398.0,1403.5,5.5,0.393,,dollar_price:1403.5|dollariraqi:1400|iqborsa:1398
2025-08-05,baghdad_harithiya,1,1,1400.0,1400.0,1400.0,1400.0,0.0,0.0,,dollariraqi:1400
2025-08-05,baghdad_kifah,1,1,1399.0,1399.0,1399.0,1399.0,0.0,0.0,,dollariraqi:1399
2025-08-05,basra,2,2,1400.5,1400.25,1398.0,1402.5,4.5,0.321,,dollar_price:1402.5|dollariraqi:1398
2025-08-05,erbil,2,2,1401.0,1400.75,1399.0,1402.5,3.5,0.25,,dollar_price:1402.5|dollariraqi:1399
2025-08-06,baghdad_generic,2,2,1400.25,1401.0,1399.5,1402.5,3.0,0.214,,dollar_price:1402.5|iqborsa:1399.5
2025-08-06,baghdad_harithiya,1,1,1398.5,1399.5,1399.5,1399.5,0.0,0.0,,dollariraqi:1399.5
2025-08-06,baghdad_kifah,1,1,1397.75,1398.5,1398.5,1398.5,0.0,0.0,,dollariraqi:1398.5
2025-08-06,baghdad_samawal,1,1,1398.0,1398.0,1398.0,1398.0,0.0,0.0,,dollariraqi:1398
2025-08-06,basra,2,2,1398.75,1398.5,1397.0,1400.0,3.0,0.215,,dollar_price:1400|dollariraqi:1397
2025-08-06,erbil,2,2,1399.75,1400.5,1398.5,1402.5,4.0,0.286,,dollar_price:1402.5|dollariraqi:1398.5
2025-08-07,baghdad_generic,3,3,1400.33,1400.17,1399.0,1402.5,3.5,0.25,,dollar_price:1402.5|dollariraqi:1399|iqborsa:1399
2025-08-07,baghdad_kifah,1,1,1398.0,1398.5,1398.5,1398.5,0.0,0.0,,dollariraqi:1398.5
2025-08-07,baghdad_samawal,1,1,1398.5,1399.0,1399.0,1399.0,0.0,0.0,,dollariraqi:1399
2025-08-07,basra,2,2,1399.0,1398.25,1396.5,1400.0,3.5,0.25,,dollar_price:1400|dollariraqi:1396.5
2025-08-07,erbil,2,2,1400.5,1400.38,1398.25,1402.5,4.25,0.303,,dollar_price:1402.5|dollariraqi:1398.25
2025-08-10,baghdad_generic,3,3,1400.33,1401.33,1401.0,1402.0,1.0,0.071,,dollar_price:1402|dollariraqi:1401|iqborsa:1401
2025-08-10,baghdad_harithiya,1,1,1401.0,1401.0,1401.0,1401.0,0.0,0.0,,dollariraqi:1401
2025-08-10,baghdad_kifah,1,1,1398.5,1400.5,1400.5,1400.5,0.0,0.0,,dollariraqi:1400.5
2025-08-10,baghdad_samawal,1,1,1398.5,1400.0,1400.0,1400.0,0.0,0.0,,dollariraqi:1400
2025-08-10,basra,2,2,1400.5,1400.75,1399.0,1402.5,3.5,0.25,,dollar_price:1402.5|dollariraqi:1399
2025-08-10,erbil,2,2,1400.5,1402.0,1401.5,1402.5,1.0,0.071,,dollar_price:1402.5|dollariraqi:1401.5
2025-08-11,baghdad_generic,3,3,1403.67,1404.67,1404.0,1405.0,1.0,0.071,,dollar_price:1405|dollariraqi:1404|iqborsa:1405
2025-08-11,baghdad_harithiya,1,1,1401.5,1405.0,1405.0,1405.0,0.0,0.0,,dollariraqi:1405
2025-08-11,baghdad_kifah,1,1,1401.5,1403.5,1403.5,1403.5,0.0,0.0,,dollariraqi:1403.5
2025-08-11,basra,2,2,1403.0,1403.75,1402.5,1405.0,2.5,0.178,,dollar_price:1405|dollariraqi:1402.5
2025-08-11,erbil,2,2,1404.5,1405.75,1404.0,1407.5,3.5,0.249,,dollar_price:1407.5|dollariraqi:1404
2025-08-12,baghdad_generic,3,3,1406.0,1406.33,1405.5,1407.5,2.0,0.142,,dollar_price:1407.5|dollariraqi:1405.5|iqborsa:1406
2025-08-12,baghdad_harithiya,1,1,1407.0,1407.0,1407.0,1407.0,0.0,0.0,,dollariraqi:1407
2025-08-12,baghdad_kifah,1,1,1406.5,1406.5,1406.5,1406.5,0.0,0.0,,dollariraqi:1406.5
2025-08-12,basra,2,2,1406.5,1407.25,1407.0,1407.5,0.5,0.036,,dollar_price:1407.5|dollariraqi:1407
2025-08-12,erbil,2,2,1406.75,1406.5,1404.5,1408.5,4.0,0.284,,dollar_price:1408.5|dollariraqi:1404.5
2025-08-13,baghdad_generic,3,3,1405.33,1405.92,1404.25,1408.5,4.25,0.302,,dollar_price:1408.5|dollariraqi:1404.25|iqborsa:1405
2025-08-13,baghdad_harithiya,1,1,1404.5,1404.25,1404.25,1404.25,0.0,0.0,,dollariraqi:1404.25
2025-08-13,baghdad_kifah,1,1,1404.0,1404.0,1404.0,1404.0,0.0,0.0,,dollariraqi:1404
2025-08-13,basra,2,2,1404.5,1405.25,1405.0,1405.5,0.5,0.036,,dollar_price:1405|dollariraqi:1405.5
2025-08-13,erbil,2,2,1405.5,1406.5,1405.5,1407.5,2.0,0.142,,dollar_price:1407.5|dollariraqi:1405.5
2025-08-14,baghdad_generic,3,3,1406.5,1406.0,1404.5,1408.5,4.0,0.284,,dollar_price:1408.5|dollariraqi:1404.5|iqborsa:1405
2025-08-14,basra,2,2,1407.5,1406.0,1403.5,1408.5,5.0,0.356,,dollar_price:1408.5|dollariraqi:1403.5
2025-08-14,erbil,2,2,1406.75,1405.5,1403.5,1407.5,4.0,0.285,,dollar_price:1407.5|dollariraqi:1403.5
2025-08-17,baghdad_generic,3,3,1406.83,1407.83,1407.0,1409.0,2.0,0.142,,dollar_price:1409|dollariraqi:1407.5|iqborsa:1407
2025-08-17,baghdad_harithiya,1,1,1405.5,1407.0,1407.0,1407.0,0.0,0.0,,dollariraqi:1407
2025-08-17,baghdad_karrada,1,1,1406.0,1406.0,1406.0,1406.0,0.0,0.0,,dollariraqi:1406
2025-08-17,baghdad_kifah,1,1,1407.0,1407.0,1407.0,1407.0,0.0,0.0,,dollariraqi:1407
2025-08-17,basra,2,2,1407.25,1408.0,1407.5,1408.5,1.0,0.071,,dollar_price:1408.5|dollariraqi:1407.5
2025-08-17,erbil,2,2,1406.25,1407.25,1407.0,1407.5,0.5,0.036,,dollar_price:1407.5|dollariraqi:1407
2025-08-18,baghdad_generic,3,3,1414.83,1414.83,1413.0,1417.0,4.0,0.283,,dollar_price:1414.5|dollariraqi:1417|iqborsa:1413
2025-08-18,baghdad_harithiya,1,1,1417.5,1420.0,1420.0,1420.0,0.0,0.0,,dollariraqi:1420
2025-08-18,baghdad_kifah,1,1,1413.0,1418.5,1418.5,1418.5,0.0,0.0,,dollariraqi:1418.5
2025-08-18,baghdad_samawal,1,1,1418.0,1418.0,1418.0,1418.0,0.0,0.0,,dollariraqi:1418
2025-08-18,basra,2,2,1412.5,1416.5,1414.0,1419.0,5.0,0.353,,dollar_price:1414|dollariraqi:1419
2025-08-18,erbil,2,2,1412.5,1414.75,1414.5,1415.0,0.5,0.035,,dollar_price:1415|dollariraqi:1414.5
2025-08-19,baghdad_generic,3,3,1417.83,1421.33,1420.0,1422.5,2.5,0.176,,dollar_price:1422.5|dollariraqi:1420|iqborsa:1421.5
2025-08-19,baghdad_harithiya,1,1,1416.5,1423.5,1423.5,1423.5,0.0,0.0,,dollariraqi:1423.5
2025-08-19,baghdad_kifah,1,1,1417.0,1420.5,1420.5,1420.5,0.0,0.0,,dollariraqi:1420.5
2025-08-19,basra,2,2,1417.5,1420.0,1420.0,1420.0,0.0,0.0,,dollar_price:1420|dollariraqi:1420
2025-08-19,erbil,2,2,1416.25,1417.5,1416.5,1418.5,2.0,0.141,,dollar_price:1418.5|dollariraqi:1416.5
2025-08-20,baghdad_generic,3,3,1426.67,1432.17,1426.0,1438.0,12.0,0.838,,dollar_price:1426|dollariraqi:1432.5|iqborsa:1438
2025-08-20,baghdad_kifah,1,1,1425.0,1433.0,1433.0,1433.0,0.0,0.0,,dollariraqi:1433
2025-08-20,baghdad_samawal,1,1,1426.5,1432.0,1432.0,1432.0,0.0,0.0,,dollariraqi:1432
2025-08-20,basra,2,2,1425.0,1431.5,1426.0,1437.0,11.0,0.768,,dollar_price:1426|dollariraqi:1437
2025-08-20,erbil,2,2,1423.5,1427.5,1424.5,1430.5,6.0,0.42,,dollar_price:1424.5|dollariraqi:1430.5
2025-08-21,baghdad_generic,3,2,1437.33,1424.25,1424.0,1440.0,16.0,1.123,dollar_price,dollar_price:1440|dollariraqi:1424.5|iqborsa:1424
2025-08-21,baghdad_harithiya,1,1,1424.5,1424.5,1424.5,1424.5,0.0,0.0,,dollariraqi:1424.5
2025-08-21,baghdad_kifah,1,1,1435.0,1425.0,1425.0,1425.0,0.0,0.0,,dollariraqi:1425
2025-08-21,baghdad_samawal,1,1,1431.5,1431.5,1431.5,1431.5,0.0,0.0,,dollariraqi:1431.5
2025-08-21,basra,2,2,1438.5,1431.5,1424.0,1439.0,15.0,1.048,,dollar_price:1439|dollariraqi:1424
2025-08-21,erbil,2,2,1432.75,1428.75,1420.0,1437.5,17.5,1.225,,dollar_price:1437.5|dollariraqi:1420
2025-08-24,baghdad_generic,3,3,1418.33,1419.5,1419.0,1420.0,1.0,0.07,,dollar_price:1420|dollariraqi:1419|iqborsa:1419.5
2025-08-24,baghdad_harithiya,1,1,1416.5,1416.5,1416.5,1416.5,0.0,0.0,,dollariraqi:1416.5
2025-08-24,baghdad_kifah,1,1,1417.0,1419.0,1419.0,1419.0,0.0,0.0,,dollariraqi:1419
2025-08-24,basra,2,2,1418.5,1419.5,1419.0,1420.0,1.0,0.07,,dollar_price:1420|dollariraqi:1419
2025-08-24,erbil,2,2,1417.75,1419.0,1418.0,1420.0,2.0,0.141,,dollar_price:1420|dollariraqi:1418
2025-08-25,baghdad_generic,3,3,1424.83,1424.17,1421.0,1427.5,6.5,0.456,,dollar_price:1427.5|dollariraqi:1424|iqborsa:1421
2025-08-25,baghdad_harithiya,1,1,1421.0,1421.0,1421.0,1421.0,0.0,0.0,,dollariraqi:1421
2025-08-25,baghdad_kifah,1,1,1421.0,1421.0,1421.0,1421.0,0.0,0.0,,dollariraqi:1421
2025-08-25,basra,2,2,1425.0,1423.25,1421.5,1425.0,3.5,0.246,,dollar_price:1425|dollariraqi:1421.5
2025-08-25,erbil,2,2,1423.25,1422.25,1420.0,1424.5,4.5,0.316,,dollar_price:1424.5|dollariraqi:1420
2025-08-26,baghdad_generic,2,2,1424.5,1424.5,1421.0,1428.0,7.0,0.491,,dollar_price:1428|iqborsa:1421
2025-08-26,baghdad_harithiya,1,1,1419.0,1421.0,1421.0,1421.0,0.0,0.0,,dollariraqi:1421
2025-08-26,baghdad_kifah,1,1,1418.5,1421.5,1421.5,1421.5,0.0,0.0,,dollariraqi:1421.5
2025-08-26,basra,2,2,1424.25,1424.25,1421.0,1427.5,6.5,0.456,,dollar_price:1427.5|dollariraqi:1421
2025-08-26,erbil,2,2,1421.25,1422.0,1418.5,1425.5,7.0,0.492,,dollar_price:1425.5|dollariraqi:1418.5
2025-08-27,baghdad_generic,3,3,1425.17,1424.83,1423.0,1428.5,5.5,0.386,,dollar_price:1428.5|dollariraqi:1423|iqborsa:1423
2025-08-27,baghdad_harithiya,1,1,1424.0,1423.0,1423.0,1423.0,0.0,0.0,,dollariraqi:1423
2025-08-27,baghdad_karrada,1,1,1424.0,1424.0,1424.0,1424.0,0.0,0.0,,dollariraqi:1424
2025-08-27,baghdad_kifah,1,1,1424.0,1423.5,1423.5,1423.5,0.0,0.0,,dollariraqi:1423.5
2025-08-27,baghdad_samawal,1,1,1424.5,1424.5,1424.5,1424.5,0.0,0.0,,dollariraqi:1424.5
2025-08-27,basra,2,2,1423.75,1425.0,1424.0,1426.0,2.0,0.14,,dollar_price:1426|dollariraqi:1424
2025-08-27,erbil,2,2,1421.75,1421.25,1419.0,1423.5,4.5,0.317,,dollar_price:1423.5|dollariraqi:1419
2025-08-28,baghdad_generic,3,3,1423.17,1423.5,1422.0,1425.5,3.5,0.246,,dollar_price:1425.5|dollariraqi:1423|iqborsa:1422
2025-08-28,baghdad_harithiya,1,1,1421.0,1422.5,1422.5,1422.5,0.0,0.0,,dollariraqi:1422.5
2025-08-28,baghdad_kifah,1,1,1421.0,1422.0,1422.0,1422.0,0.0,0.0,,dollariraqi:1422
2025-08-28,baghdad_samawal,1,1,1421.0,1422.0,1422.0,1422.0,0.0,0.0,,dollariraqi:1422
2025-08-28,basra,2,2,1423.25,1423.75,1422.5,1425.0,2.5,0.176,,dollar_price:1425|dollariraqi:1422.5
2025-08-28,erbil,2,2,1420.75,1420.75,1418.0,1423.5,5.5,0.387,,dollar_price:1423.5|dollariraqi:1418
2025-08-31,baghdad_generic,2,2,1431.0,1430.5,1427.0,1434.0,7.0,0.489,,dollar_price:1434|iqborsa:1427
2025-08-31,baghdad_harithiya,1,1,1427.0,1427.0,1427.0,1427.0,0.0,0.0,,dollariraqi:1427
2025-08-31,baghdad_kifah,1,1,1430.0,1427.0,1427.0,1427.0,0.0,0.0,,dollariraqi:1427
2025-08-31,baghdad_samawal,1,1,1427.5,1427.5,1427.5,1427.5,0.0,0.0,,dollariraqi:1427.5
2025-08-31,basra,1,1,1430.0,1427.0,1427.0,1427.0,0.0,0.0,,dollariraqi:1427
2025-08-31,erbil,2,2,1430.25,1427.75,1423.0,1432.5,9.5,0.665,,dollar_price:1432.5|dollariraqi:1423
2025-09-01,baghdad_generic,3,3,1427.5,1426.83,1425.0,1430.0,5.0,0.35,,dollar_price:1430|dollariraqi:1425.5|iqborsa:1425
2025-09-01,baghdad_harithiya,1,1,1425.0,1425.0,1425.0,1425.0,0.0,0.0,,dollariraqi:1425
2025-09-01,baghdad_kifah,1,1,1425.5,1425.0,1425.0,1425.0,0.0,0.0,,dollariraqi:1425
2025-09-01,baghdad_samawal,1,1,1425.0,1424.0,1424.0,1424.0,0.0,0.0,,dollariraqi:1424
2025-09-01,basra,2,2,1426.75,1426.25,1425.0,1427.5,2.5,0.175,,dollar_price:1427.5|dollariraqi:1425
2025-09-01,erbil,2,2,1423.75,1424.0,1423.0,1425.0,2.0,0.14,,dollar_price:1425|dollariraqi:1423
2025-09-02,baghdad_generic,3,3,1428.0,1428.0,1427.0,1430.0,3.0,0.21,,dollar_price:1430|dollariraqi:1427|iqborsa:1427
2025-09-02,baghdad_harithiya,1,1,1426.0,1426.5,1426.5,1426.5,0.0,0.0,,dollariraqi:1426.5
2025-09-02,baghdad_kifah,1,1,1426.0,1427.0,1427.0,1427.0,0.0,0.0,,dollariraqi:1427
2025-09-02,baghdad_samawal,1,1,1426.0,1426.0,1426.0,1426.0,0.0,0.0,,dollariraqi:1426
2025-09-02,basra,2,2,1428.5,1428.75,1427.5,1430.0,2.5,0.175,,dollar_price:1430|dollariraqi:1427.5
2025-09-02,erbil,2,2,1424.5,1425.5,1425.5,1425.5,0.0,0.0,,dollar_price:1425.5|dollariraqi:1425.5
2025-09-03,baghdad_generic,3,3,1430.5,1431.0,1429.5,1432.5,3.0,0.21,,dollar_price:1432.5|dollariraqi:1431|iqborsa:1429.5
2025-09-03,baghdad_harithiya,1,1,1428.5,1429.0,1429.0,1429.0,0.0,0.0,,dollariraqi:1429
2025-09-03,baghdad_kifah,1,1,1428.5,1428.5,1428.5,1428.5,0.0,0.0,,dollariraqi:1428.5
2025-09-03,baghdad_samawal,1,1,1429.0,1429.0,1429.0,1429.0,0.0,0.0,,dollariraqi:1429
2025-09-03,basra,2,2,1430.75,1431.25,1430.0,1432.5,2.5,0.175,,dollar_price:1432.5|dollariraqi:1430
2025-09-03,erbil,2,2,1426.0,1427.25,1425.5,1429.0,3.5,0.245,,dollar_price:1425.5|dollariraqi:1429
2025-09-04,baghdad_generic,3,3,1433.0,1432.83,1430.5,1437.0,6.5,0.454,,dollar_price:1437|dollariraqi:1431|iqborsa:1430.5
2025-09-04,baghdad_harithiya,1,1,1431.0,1430.5,1430.5,1430.5,0.0,0.0,,dollariraqi:1430.5
2025-09-04,baghdad_kifah,1,1,1430.5,1431.0,1431.0,1431.0,0.0,0.0,,dollariraqi:1431
2025-09-04,baghdad_samawal,1,1,1430.5,1430.0,1430.0,1430.0,0.0,0.0,,dollariraqi:1430
2025-09-04,basra,2,2,1433.25,1432.75,1430.0,1435.5,5.5,0.384,,dollar_price:1435.5|dollariraqi:1430
2025-09-04,erbil,2,2,1430.5,1431.0,1428.5,1433.5,5.0,0.349,,dollar_price:1433.5|dollariraqi:1428.5
2025-09-07,baghdad_generic,3,3,1429.67,1430.5,1427.0,1435.0,8.0,0.559,,dollar_price:1435|dollariraqi:1427|iqborsa:1429.5
2025-09-07,baghdad_harithiya,1,1,1429.5,1429.5,1429.5,1429.5,0.0,0.0,,dollariraqi:1429.5
2025-09-07,baghdad_karrada,1,1,1428.75,1428.75,1428.75,1428.75,0.0,0.0,,dollariraqi:1428.75
2025-09-07,baghdad_kifah,1,1,1429.0,1429.0,1429.0,1429.0,0.0,0.0,,dollariraqi:1429
2025-09-07,basra,2,2,1430.0,1430.75,1429.5,1432.0,2.5,0.175,,dollar_price:1432|dollariraqi:1429.5
2025-09-07,erbil,2,2,1427.75,1428.5,1427.0,1430.0,3.0,0.21,,dollar_price:1430|dollariraqi:1427
2025-09-08,baghdad_generic,2,2,1432.25,1433.25,1431.5,1435.0,3.5,0.244,,dollar_price:1435|iqborsa:1431.5
2025-09-08,baghdad_harithiya,1,1,1431.5,1431.5,1431.5,1431.5,0.0,0.0,,dollariraqi:1431.5
2025-09-08,baghdad_karrada,1,1,1429.0,1429.0,1429.0,1429.0,0.0,0.0,,dollariraqi:1429
2025-09-08,baghdad_kifah,1,1,1429.0,1431.5,1431.5,1431.5,0.0,0.0,,dollariraqi:1431.5
2025-09-08,basra,2,2,1431.25,1432.25,1431.0,1433.5,2.5,0.175,,dollar_price:1433.5|dollariraqi:1431
2025-09-08,erbil,2,2,1429.5,1431.0,1430.0,1432.0,2.0,0.14,,dollar_price:1432|dollariraqi:1430
2025-09-09,baghdad_generic,3,3,1436.0,1438.5,1437.5,1440.0,2.5,0.174,,dollar_price:1437.5|dollariraqi:1438|iqborsa:1440
2025-09-09,baghdad_harithiya,1,1,1433.5,1436.0,1436.0,1436.0,0.0,0.0,,dollariraqi:1436
2025-09-09,baghdad_kifah,1,1,1433.0,1435.0,1435.0,1435.0,0.0,0.0,,dollariraqi:1435
2025-09-09,baghdad_samawal,1,1,1433.0,1435.0,1435.0,1435.0,0.0,0.0,,dollariraqi:1435
2025-09-09,basra,2,2,1435.25,1437.75,1437.5,1438.0,0.5,0.035,,dollar_price:1437.5|dollariraqi:1438
2025-09-09,erbil,2,2,1433.5,1436.0,1434.5,1437.5,3.0,0.209,,dollar_price:1434.5|dollariraqi:1437.5
2025-09-10,baghdad_generic,3,3,1436.83,1436.67,1435.0,1440.0,5.0,0.348,,dollar_price:1440|dollariraqi:1435|iqborsa:1435
2025-09-10,baghdad_kifah,1,1,1434.0,1434.0,1434.0,1434.0,0.0,0.0,,dollariraqi:1434
2025-09-10,basra,2,2,1438.0,1436.5,1433.0,1440.0,7.0,0.487,,dollar_price:1440|dollariraqi:1433
2025-09-10,erbil,2,2,1436.5,1435.75,1432.5,1439.0,6.5,0.453,,dollar_price:1439|dollariraqi:1432.5
2025-09-11,baghdad_generic,3,3,1433.67,1432.67,1431.0,1436.0,5.0,0.349,,dollar_price:1436|dollariraqi:1431|iqborsa:1431
2025-09-11,baghdad_harithiya,1,1,1432.0,1431.5,1431.5,1431.5,0.0,0.0,,dollariraqi:1431.5
2025-09-11,baghdad_kifah,1,1,1432.5,1431.5,1431.5,1431.5,0.0,0.0,,dollariraqi:1431.5
2025-09-11,baghdad_samawal,1,1,1432.0,1431.5,1431.5,1431.5,0.0,0.0,,dollariraqi:1431.5
2025-09-11,basra,2,2,1438.75,1438.25,1431.0,1445.5,14.5,1.008,,dollar_price:1445.5|dollariraqi:1431
2025-09-11,erbil,2,2,1432.25,1431.75,1429.5,1434.0,4.5,0.314,,dollar_price:1434|dollariraqi:1429.5
2025-09-14,baghdad_generic,3,3,1431.67,1432.92,1430.0,1437.5,7.5,0.523,,dollar_price:1437.5|dollariraqi:1431.25|iqborsa:1430
2025-09-14,baghdad_harithiya,1,1,1427.5,1429.0,1429.0,1429.0,0.0,0.0,,dollariraqi:1429
2025-09-14,baghdad_kifah,1,1,1428.0,1430.5,1430.5,1430.5,0.0,0.0,,dollariraqi:1430.5
2025-09-14,baghdad_samawal,1,1,1428.0,1429.0,1429.0,1429.0,0.0,0.0,,dollariraqi:1429
2025-09-14,basra,2,2,1431.75,1432.75,1429.5,1436.0,6.5,0.454,,dollar_price:1436|dollariraqi:1429.5
2025-09-14,erbil,2,2,1429.25,1429.75,1428.5,1431.0,2.5,0.175,,dollar_price:1431|dollariraqi:1428.5
2025-09-15,baghdad_generic,3,3,1431.17,1431.0,1429.0,1435.0,6.0,0.419,,dollar_price:1435|dollariraqi:1429|iqborsa:1429
2025-09-15,baghdad_harithiya,1,1,1430.0,1430.0,1430.0,1430.0,0.0,0.0,,dollariraqi:1430
2025-09-15,baghdad_karrada,1,1,1430.0,1430.0,1430.0,1430.0,0.0,0.0,,dollariraqi:1430
2025-09-15,baghdad_kifah,1,1,1429.5,1429.5,1429.5,1429.5,0.0,0.0,,dollariraqi:1429.5
2025-09-15,basra,2,2,1430.75,1430.75,1429.0,1432.5,3.5,0.245,,dollar_price:1432.5|dollariraqi:1429
2025-09-15,erbil,2,2,1430.25,1430.25,1428.5,1432.0,3.5,0.245,,dollar_price:1432|dollariraqi:1428.5
2025-09-16,baghdad_generic,3,3,1430.0,1430.0,1427.5,1435.0,7.5,0.524,,dollar_price:1435|dollariraqi:1427.5|iqborsa:1427.5
2025-09-16,basra,2,2,1430.75,1430.75,1428.0,1433.5,5.5,0.384,,dollar_price:1433.5|dollariraqi:1428
2025-09-16,erbil,2,2,1429.75,1428.75,1425.5,1432.0,6.5,0.455,,dollar_price:1432|dollariraqi:1425.5
2025-09-17,baghdad_generic,3,3,1430.0,1430.0,1427.0,1435.0,8.0,0.559,,dollar_price:1435|dollariraqi:1428|iqborsa:1427
2025-09-17,baghdad_harithiya,1,1,1427.5,1427.5,1427.5,1427.5,0.0,0.0,,dollariraqi:1427.5
2025-09-17,baghdad_karrada,1,1,1426.5,1426.5,1426.5,1426.5,0.0,0.0,,dollariraqi:1426.5
2025-09-17,baghdad_kifah,1,1,1427.0,1427.0,1427.0,1427.0,0.0,0.0,,dollariraqi:1427
2025-09-17,baghdad_samawal,1,1,1426.0,1427.0,1427.0,1427.0,0.0,0.0,,dollariraqi:1427
2025-09-17,basra,2,2,1430.5,1431.0,1427.5,1434.5,7.0,0.489,,dollar_price:1434.5|dollariraqi:1427.5
2025-09-17,erbil,2,2,1429.5,1430.75,1428.5,1433.0,4.5,0.315,,dollar_price:1433|dollariraqi:1428.5
2025-09-18,baghdad_generic,3,3,1431.17,1431.0,1427.0,1437.5,10.5,0.734,,dollar_price:1437.5|dollariraqi:1427|iqborsa:1428.5
2025-09-18,baghdad_kifah,1,1,1427.0,1427.0,1427.0,1427.0,0.0,0.0,,dollariraqi:1427
2025-09-18,basra,2,2,1431.0,1430.0,1426.0,1434.0,8.0,0.559,,dollar_price:1434|dollariraqi:1426
2025-09-18,erbil,2,2,1429.0,1426.75,1423.5,1430.0,6.5,0.456,,dollar_price:1430|dollariraqi:1423.5
2025-09-21,baghdad_generic,3,3,1423.58,1422.0,1418.0,1430.0,12.0,0.844,,dollar_price:1430|dollariraqi:1418|iqborsa:1418
2025-09-21,basra,2,2,1424.25,1422.75,1418.0,1427.5,9.5,0.668,,dollar_price:1427.5|dollariraqi:1418
2025-09-21,erbil,2,2,1419.0,1419.0,1415.5,1422.5,7.0,0.493,,dollar_price:1422.5|dollariraqi:1415.5
2025-09-22,baghdad_generic,3,3,1416.5,1415.0,1412.5,1420.0,7.5,0.53,,dollar_price:1420|dollariraqi:1412.5|iqborsa:1412.5
2025-09-22,baghdad_harithiya,1,1,1415.5,1415.5,1415.5,1415.5,0.0,0.0,,dollariraqi:1415.5
2025-09-22,baghdad_kifah,1,1,1415.0,1415.0,1415.0,1415.0,0.0,0.0,,dollariraqi:1415
2025-09-22,baghdad_samawal,1,1,1415.0,1415.0,1415.0,1415.0,0.0,0.0,,dollariraqi:1415
2025-09-22,basra,2,2,1417.5,1416.5,1413.0,1420.0,7.0,0.494,,dollar_price:1420|dollariraqi:1413
2025-09-22,erbil,2,2,1415.0,1413.0,1408.5,1417.5,9.0,0.637,,dollar_price:1417.5|dollariraqi:1408.5
2025-09-23,baghdad_generic,3,3,1414.67,1415.33,1414.5,1416.5,2.0,0.141,,dollar_price:1416.5|dollariraqi:1414.5|iqborsa:1415
2025-09-23,baghdad_harithiya,1,1,1411.0,1414.0,1414.0,1414.0,0.0,0.0,,dollariraqi:1414
2025-09-23,baghdad_kifah,1,1,1410.5,1414.0,1414.0,1414.0,0.0,0.0,,dollariraqi:1414
2025-09-23,baghdad_samawal,1,1,1410.5,1410.5,1410.5,1410.5,0.0,0.0,,dollariraqi:1410.5
2025-09-23,basra,2,2,1414.0,1415.5,1415.0,1416.0,1.0,0.071,,dollar_price:1415|dollariraqi:1416
2025-09-23,erbil,2,2,1410.75,1411.5,1410.5,1412.5,2.0,0.142,,dollar_price:1412.5|dollariraqi:1410.5
2025-09-24,baghdad_generic,3,3,1419.5,1421.33,1419.0,1425.0,6.0,0.422,,dollar_price:1425|dollariraqi:1420|iqborsa:1419
2025-09-24,basra,2,2,1415.75,1417.25,1415.0,1419.5,4.5,0.318,,dollar_price:1415|dollariraqi:1419.5
2025-09-24,erbil,2,2,1415.0,1416.0,1415.0,1417.0,2.0,0.141,,dollar_price:1415|dollariraqi:1417
2025-09-25,baghdad_generic,3,3,1418.83,1418.0,1416.5,1420.0,3.5,0.247,,dollar_price:1420|dollariraqi:1416.5|iqborsa:1417.5
2025-09-25,baghdad_harithiya,1,1,1420.0,1420.0,1420.0,1420.0,0.0,0.0,,dollariraqi:1420
2025-09-25,baghdad_karrada,1,1,1420.5,1420.5,1420.5,1420.5,0.0,0.0,,dollariraqi:1420.5
2025-09-25,baghdad_kifah,1,1,1420.0,1417.0,1417.0,1417.0,0.0,0.0,,dollariraqi:1417
2025-09-25,basra,2,2,1419.5,1417.75,1415.5,1420.0,4.5,0.317,,dollar_price:1420|dollariraqi:1415.5
2025-09-25,erbil,2,2,1418.25,1417.0,1414.0,1420.0,6.0,0.423,,dollar_price:1420|dollariraqi:1414
2025-09-28,baghdad_generic,3,3,1416.33,1415.67,1414.0,1419.0,5.0,0.353,,dollar_price:1419|dollariraqi:1414|iqborsa:1414
2025-09-28,baghdad_harithiya,1,1,1416.5,1416.5,1416.5,1416.5,0.0,0.0,,dollariraqi:1416.5
2025-09-28,baghdad_karrada,1,1,1416.0,1412.5,1412.5,1412.5,0.0,0.0,,dollariraqi:1412.5
2025-09-28,baghdad_kifah,1,1,1414.5,1413.0,1413.0,1413.0,0.0,0.0,,dollariraqi:1413
2025-09-28,basra,2,2,1417.75,1416.25,1414.0,1418.5,4.5,0.318,,dollar_price:1418.5|dollariraqi:1414
2025-09-28,erbil,2,2,1415.25,1413.25,1409.0,1417.5,8.5,0.601,,dollar_price:1417.5|dollariraqi:1409
2025-09-29,baghdad_generic,3,3,1415.17,1417.0,1416.0,1418.0,2.0,0.141,,dollar_price:1418|dollariraqi:1416|iqborsa:1417
2025-09-29,baghdad_harithiya,1,1,1416.5,1416.5,1416.5,1416.5,0.0,0.0,,dollariraqi:1416.5
2025-09-29,baghdad_kifah,1,1,1415.25,1416.5,1416.5,1416.5,0.0,0.0,,dollariraqi:1416.5
2025-09-29,basra,2,2,1416.25,1416.75,1416.0,1417.5,1.5,0.106,,dollar_price:1417.5|dollariraqi:1416
2025-09-29,erbil,2,2,1414.0,1415.25,1414.0,1416.5,2.5,0.177,,dollar_price:1416.5|dollariraqi:1414
2025-09-30,baghdad_generic,3,3,1417.5,1416.5,1415.0,1419.0,4.0,0.282,,dollar_price:1419|dollariraqi:1415|iqborsa:1415.5
2025-09-30,baghdad_harithiya,1,1,1415.0,1415.0,1415.0,1415.0,0.0,0.0,,dollariraqi:1415
2025-09-30,baghdad_kifah,1,1,1414.25,1414.25,1414.25,1414.25,0.0,0.0,,dollariraqi:1414.25
2025-09-30,basra,2,2,1418.0,1417.0,1415.0,1419.0,4.0,0.282,,dollar_price:1419|dollariraqi:1415
2025-09-30,erbil,2,2,1416.25,1414.75,1412.0,1417.5,5.5,0.389,,dollar_price:1417.5|dollariraqi:1412
2025-10-01,baghdad_generic,3,3,1415.83,1415.17,1412.5,1420.0,7.5,0.53,,dollar_price:1420|dollariraqi:1412.5|iqborsa:1413
2025-10-01,baghdad_harithiya,1,1,1412.5,1412.5,1412.5,1412.5,0.0,0.0,,dollariraqi:1412.5
2025-10-01,baghdad_kifah,1,1,1412.5,1412.5,1412.5,1412.5,0.0,0.0,,dollariraqi:1412.5
2025-10-01,baghdad_samawal,1,1,1412.5,1412.5,1412.5,1412.5,0.0,0.0,,dollariraqi:1412.5
2025-10-01,basra,2,2,1415.75,1415.5,1412.5,1418.5,6.0,0.424,,dollar_price:1418.5|dollariraqi:1412.5
2025-10-01,erbil,2,2,1411.0,1411.0,1408.5,1413.5,5.0,0.354,,dollar_price:1413.5|dollariraqi:1408.5
2025-10-02,baghdad_generic,2,2,1413.25,1415.5,1415.5,1415.5,0.0,0.0,,dollariraqi:1415.5|iqborsa:1415.5
2025-10-02,basra,1,1,1413.5,1415.0,1415.0,1415.0,0.0,0.0,,dollariraqi:1415
2025-10-02,erbil,1,1,1411.5,1412.5,1412.5,1412.5,0.0,0.0,,dollariraqi:1412.5
2025-10-05,baghdad_generic,3,3,1417.83,1417.17,1415.0,1420.0,5.0,0.353,,dollar_price:1420|dollariraqi:1416.5|iqborsa:1415
2025-10-05,baghdad_kifah,1,1,1416.0,1416.0,1416.0,1416.0,0.0,0.0,,dollariraqi:1416
2025-10-05,basra,2,2,1416.75,1416.75,1415.0,1418.5,3.5,0.247,,dollar_price:1418.5|dollariraqi:1415
2025-10-05,erbil,2,2,1414.75,1414.25,1413.0,1415.5,2.5,0.177,,dollar_price:1415.5|dollariraqi:1413
2025-10-06,baghdad_generic,2,2,1417.5,1417.25,1414.5,1420.0,5.5,0.388,,dollar_price:1420|iqborsa:1414.5
2025-10-06,baghdad_kifah,1,1,1415.5,1415.0,1415.0,1415.0,0.0,0.0,,dollariraqi:1415
2025-10-06,basra,2,2,1417.5,1417.0,1414.0,1420.0,6.0,0.423,,dollar_price:1420|dollariraqi:1414
2025-10-06,erbil,2,2,1414.75,1414.0,1411.5,1416.5,5.0,0.354,,dollar_price:1416.5|dollariraqi:1411.5
2025-10-07,baghdad_generic,2,2,1417.0,1416.5,1414.5,1418.5,4.0,0.282,,dollar_price:1418.5|iqborsa:1414.5
2025-10-07,baghdad_harithiya,1,1,1415.5,1415.0,1415.0,1415.0,0.0,0.0,,dollariraqi:1415
2025-10-07,baghdad_kifah,1,1,1415.0,1415.75,1415.75,1415.75,0.0,0.0,,dollariraqi:1415.75
2025-10-07,baghdad_samawal,1,1,1415.0,1415.0,1415.0,1415.0,0.0,0.0,,dollariraqi:1415
2025-10-07,basra,2,2,1416.0,1415.75,1414.0,1417.5,3.5,0.247,,dollar_price:1417.5|dollariraqi:1414
2025-10-07,erbil,2,2,1413.5,1413.75,1412.0,1415.5,3.5,0.248,,dollar_price:1415.5|dollariraqi:1412
2025-10-08,baghdad_generic,3,3,1417.33,1418.33,1417.5,1420.0,2.5,0.176,,dollar_price:1420|dollariraqi:1417.5|iqborsa:1417.5
2025-10-08,baghdad_harithiya,1,1,1418.0,1418.0,1418.0,1418.0,0.0,0.0,,dollariraqi:1418
2025-10-08,basra,2,2,1417.5,1418.0,1416.5,1419.5,3.0,0.212,,dollar_price:1419.5|dollariraqi:1416.5
2025-10-08,erbil,2,2,1416.25,1416.5,1415.5,1417.5,2.0,0.141,,dollar_price:1417.5|dollariraqi:1415.5
2025-10-09,baghdad_generic,3,3,1417.5,1417.5,1416.0,1420.0,4.0,0.282,,dollar_price:1420|dollariraqi:1416|iqborsa:1416.5
2025-10-09,baghdad_harithiya,1,1,1417.0,1417.0,1417.0,1417.0,0.0,0.0,,dollariraqi:1417
2025-10-09,baghdad_kifah,1,1,1417.0,1417.0,1417.0,1417.0,0.0,0.0,,dollariraqi:1417
2025-10-09,baghdad_samawal,1,1,1416.5,1416.5,1416.5,1416.5,0.0,0.0,,dollariraqi:1416.5
2025-10-09,basra,2,2,1417.5,1417.75,1416.0,1419.5,3.5,0.247,,dollar_price:1419.5|dollariraqi:1416
2025-10-09,erbil,2,2,1415.75,1415.25,1413.0,1417.5,4.5,0.318,,dollar_price:1417.5|dollariraqi:1413
2025-10-12,baghdad_generic,2,2,1421.0,1421.0,1417.0,1425.0,8.0,0.563,,dollar_price:1425|dollariraqi:1417
2025-10-12,baghdad_harithiya,1,1,1416.0,1417.0,1417.0,1417.0,0.0,0.0,,dollariraqi:1417
2025-10-12,baghdad_kifah,1,1,1415.5,1417.0,1417.0,1417.0,0.0,0.0,,dollariraqi:1417
2025-10-12,basra,2,2,1419.0,1419.25,1416.5,1422.0,5.5,0.388,,dollar_price:1422|dollariraqi:1416.5
2025-10-12,erbil,2,2,1416.25,1416.75,1415.0,1418.5,3.5,0.247,,dollar_price:1418.5|dollariraqi:1415
2025-10-13,baghdad_generic,2,2,1419.0,1419.0,1417.0,1421.0,4.0,0.282,,dollar_price:1421|dollariraqi:1417
2025-10-13,baghdad_harithiya,1,1,1417.25,1417.5,1417.5,1417.5,0.0,0.0,,dollariraqi:1417.5
2025-10-13,baghdad_karrada,1,1,1417.5,1417.5,1417.5,1417.5,0.0,0.0,,dollariraqi:1417.5
2025-10-13,baghdad_kifah,1,1,1417.5,1417.5,1417.5,1417.5,0.0,0.0,,dollariraqi:1417.5
2025-10-13,basra,2,2,1418.75,1418.0,1416.0,1420.0,4.0,0.282,,dollar_price:1420|dollariraqi:1416
2025-10-13,erbil,2,2,1417.25,1416.25,1414.5,1418.0,3.5,0.247,,dollar_price:1418|dollariraqi:1414.5
2025-10-14,baghdad_generic,1,1,1416.5,1417.0,1417.0,1417.0,0.0,0.0,,dollariraqi:1417
2025-10-14,baghdad_harithiya,1,1,1417.0,1417.0,1417.0,1417.0,0.0,0.0,,dollariraqi:1417
2025-10-14,baghdad_kifah,1,1,1417.0,1417.0,1417.0,1417.0,0.0,0.0,,dollariraqi:1417
2025-10-14,basra,1,1,1416.5,1417.0,1417.0,1417.0,0.0,0.0,,dollariraqi:1417
2025-10-14,erbil,1,1,1414.5,1415.5,1415.5,1415.5,0.0,0.0,,dollariraqi:1415.5
2025-10-15,baghdad_generic,2,2,1420.75,1420.75,1416.5,1425.0,8.5,0.598,,dollar_price:1425|dollariraqi:1416.5
2025-10-15,baghdad_harithiya,1,1,1417.0,1417.0,1417.0,1417.0,0.0,0.0,,dollariraqi:1417
2025-10-15,baghdad_kifah,1,1,1417.0,1417.0,1417.0,1417.0,0.0,0.0,,dollariraqi:1417
2025-10-15,basra,2,2,1418.5,1418.25,1416.5,1420.0,3.5,0.247,,dollar_price:1420|dollariraqi:1416.5
2025-10-15,erbil,2,2,1416.75,1416.25,1414.0,1418.5,4.5,0.318,,dollar_price:1418.5|dollariraqi:1414
2025-10-16,baghdad_generic,2,2,1420.25,1420.25,1415.5,1425.0,9.5,0.669,,dollar_price:1425|dollariraqi:1415.5
2025-10-16,baghdad_harithiya,1,1,1415.5,1415.5,1415.5,1415.5,0.0,0.0,,dollariraqi:1415.5
2025-10-16,baghdad_kifah,1,1,1415.5,1415.5,1415.5,1415.5,0.0,0.0,,dollariraqi:1415.5
2025-10-16,basra,2,2,1417.75,1418.0,1415.0,1421.0,6.0,0.423,,dollar_price:1421|dollariraqi:1415
2025-10-16,erbil,2,2,1416.38,1416.25,1414.0,1418.5,4.5,0.318,,dollar_price:1418.5|dollariraqi:1414
2025-10-19,baghdad_generic,2,2,1418.25,1418.75,1417.5,1420.0,2.5,0.176,,dollar_price:1420|dollariraqi:1417.5
2025-10-19,basra,2,2,1418.0,1418.5,1417.0,1420.0,3.0,0.211,,dollar_price:1420|dollariraqi:1417
2025-10-19,erbil,2,2,1416.38,1417.25,1416.0,1418.5,2.5,0.176,,dollar_price:1418.5|dollariraqi:1416
2025-10-20,baghdad_generic,2,2,1421.25,1421.25,1417.5,1425.0,7.5,0.528,,dollar_price:1425|dollariraqi:1417.5
2025-10-20,basra,2,2,1418.75,1418.75,1417.5,1420.0,2.5,0.176,,dollar_price:1420|dollariraqi:1417.5
2025-10-20,erbil,2,2,1416.5,1416.5,1415.5,1417.5,2.0,0.141,,dollar_price:1417.5|dollariraqi:1415.5
2025-10-21,baghdad_generic,2,2,1415.5,1415.5,1415.5,1415.5,0.0,0.0,,dollar_price:1415.5|dollariraqi:1415.5
2025-10-21,basra,1,1,1415.0,1415.0,1415.0,1415.0,0.0,0.0,,dollariraqi:1415
2025-10-21,erbil,1,1,1414.0,1414.0,1414.0,1414.0,0.0,0.0,,dollariraqi:1414
2025-10-22,baghdad_generic,2,2,1420.0,1420.0,1415.0,1425.0,10.0,0.704,,dollar_price:1425|dollariraqi:1415
2025-10-22,baghdad_harithiya,1,1,1414.25,1414.25,1414.25,1414.25,0.0,0.0,,dollariraqi:1414.25
2025-10-22,baghdad_karrada,1,1,1413.5,1413.5,1413.5,1413.5,0.0,0.0,,dollariraqi:1413.5
2025-10-22,baghdad_kifah,1,1,1414.75,1414.0,1414.0,1414.0,0.0,0.0,,dollariraqi:1414
2025-10-22,baghdad_samawal,1,1,1414.75,1414.75,1414.75,1414.75,0.0,0.0,,dollariraqi:1414.75
2025-10-22,basra,2,2,1418.25,1417.25,1414.5,1420.0,5.5,0.388,,dollar_price:1420|dollariraqi:1414.5
2025-10-22,erbil,2,2,1415.25,1415.5,1412.5,1418.5,6.0,0.424,,dollar_price:1418.5|dollariraqi:1412.5
2025-10-23,baghdad_generic,2,2,1419.5,1419.88,1414.75,1425.0,10.25,0.722,,dollar_price:1425|dollariraqi:1414.75
2025-10-23,basra,2,2,1416.75,1417.0,1414.5,1419.5,5.0,0.353,,dollar_price:1419.5|dollariraqi:1414.5
2025-10-23,erbil,2,2,1414.5,1414.75,1412.0,1417.5,5.5,0.389,,dollar_price:1417.5|dollariraqi:1412
2025-10-26,baghdad_generic,2,2,1418.5,1418.5,1412.0,1425.0,13.0,0.916,,dollar_price:1425|dollariraqi:1412
2025-10-26,baghdad_kifah,1,1,1409.5,1409.5,1409.5,1409.5,0.0,0.0,,dollariraqi:1409.5
2025-10-26,basra,2,2,1416.25,1414.25,1408.5,1420.0,11.5,0.813,,dollar_price:1420|dollariraqi:1408.5
2025-10-26,erbil,2,2,1412.25,1411.25,1407.0,1415.5,8.5,0.602,,dollar_price:1415.5|dollariraqi:1407
2025-10-27,baghdad_generic,1,1,1415.0,1415.0,1415.0,1415.0,0.0,0.0,,dollar_price:1415
2025-10-27,baghdad_harithiya,1,1,1409.5,1409.5,1409.5,1409.5,0.0,0.0,,dollariraqi:1409.5
2025-10-27,baghdad_kifah,1,1,1410.0,1410.0,1410.0,1410.0,0.0,0.0,,dollariraqi:1410
2025-10-27,basra,2,2,1412.25,1412.25,1412.0,1412.5,0.5,0.035,,dollar_price:1412.5|dollariraqi:1412
2025-10-27,erbil,2,2,1408.25,1408.25,1406.5,1410.0,3.5,0.249,,dollar_price:1410|dollariraqi:1406.5
2025-10-28,baghdad_generic,3,3,1413.83,1414.0,1410.5,1420.0,9.5,0.672,,dollar_price:1420|dollariraqi:1411.5|iqborsa:1410.5
2025-10-28,baghdad_harithiya,1,1,1411.0,1411.0,1411.0,1411.0,0.0,0.0,,dollariraqi:1411
2025-10-28,baghdad_kifah,1,1,1411.5,1411.5,1411.5,1411.5,0.0,0.0,,dollariraqi:1411.5
2025-10-28,basra,2,2,1414.75,1414.25,1412.0,1416.5,4.5,0.318,,dollar_price:1416.5|dollariraqi:1412
2025-10-28,erbil,2,2,1410.0,1409.38,1407.75,1411.0,3.25,0.231,,dollar_price:1411|dollariraqi:1407.75
2025-10-29,baghdad_generic,2,2,1410.5,1409.75,1409.5,1410.0,0.5,0.035,,dollariraqi:1410|iqborsa:1409.5
2025-10-29,baghdad_kifah,1,1,1409.5,1409.5,1409.5,1409.5,0.0,0.0,,dollariraqi:1409.5
2025-10-29,basra,2,2,1413.0,1412.5,1410.0,1415.0,5.0,0.354,,dollar_price:1415|dollariraqi:1410
2025-10-29,erbil,2,2,1409.0,1407.25,1404.5,1410.0,5.5,0.391,,dollar_price:1410|dollariraqi:1404.5
2025-10-30,baghdad_generic,3,3,1412.83,1412.83,1409.5,1419.0,9.5,0.672,,dollar_price:1419|dollariraqi:1410|iqborsa:1409.5
2025-10-30,baghdad_harithiya,1,1,1409.5,1409.5,1409.5,1409.5,0.0,0.0,,dollariraqi:1409.5
2025-10-30,baghdad_kifah,1,1,1409.5,1409.5,1409.5,1409.5,0.0,0.0,,dollariraqi:1409.5
2025-10-30,basra,2,2,1412.25,1412.5,1410.5,1414.5,4.0,0.283,,dollar_price:1414.5|dollariraqi:1410.5
2025-10-30,erbil,2,2,1408.5,1408.5,1407.0,1410.0,3.0,0.213,,dollar_price:1410|dollariraqi:1407
2025-11-02,baghdad_generic,3,3,1410.5,1411.33,1409.0,1415.0,6.0,0.425,,dollar_price:1415|dollariraqi:1410|iqborsa:1409
2025-11-02,baghdad_kifah,1,1,1408.5,1408.5,1408.5,1408.5,0.0,0.0,,dollariraqi:1408.5
2025-11-02,basra,2,2,1411.25,1411.25,1410.0,1412.5,2.5,0.177,,dollar_price:1412.5|dollariraqi:1410
2025-11-02,erbil,2,2,1407.25,1407.5,1407.0,1408.0,1.0,0.071,,dollar_price:1408|dollariraqi:1407
2025-11-03,baghdad_generic,3,3,1413.17,1412.67,1409.5,1417.5,8.0,0.566,,dollar_price:1417.5|dollariraqi:1411|iqborsa:1409.5
2025-11-03,basra,2,2,1413.25,1413.25,1411.5,1415.0,3.5,0.248,,dollar_price:1415|dollariraqi:1411.5
2025-11-03,erbil,2,2,1408.25,1408.5,1408.0,1409.0,1.0,0.071,,dollar_price:1408|dollariraqi:1409
2025-11-04,baghdad_generic,2,2,1413.25,1413.25,1411.0,1415.5,4.5,0.318,,dollar_price:1415.5|dollariraqi:1411
2025-11-04,baghdad_harithiya,1,1,1411.5,1411.5,1411.5,1411.5,0.0,0.0,,dollariraqi:1411.5
2025-11-04,baghdad_kifah,1,1,1411.5,1411.5,1411.5,1411.5,0.0,0.0,,dollariraqi:1411.5
2025-11-04,baghdad_samawal,1,1,1411.0,1411.0,1411.0,1411.0,0.0,0.0,,dollariraqi:1411
2025-11-04,basra,2,2,1413.0,1413.0,1411.0,1415.0,4.0,0.283,,dollar_price:1415|dollariraqi:1411
2025-11-04,erbil,2,2,1411.5,1411.5,1408.0,1415.0,7.0,0.496,,dollar_price:1415|dollariraqi:1408
2025-11-05,baghdad_generic,2,2,1415.25,1415.75,1413.0,1418.5,5.5,0.388,,dollar_price:1418.5|dollariraqi:1413
2025-11-05,baghdad_harithiya,1,1,1413.0,1413.0,1413.0,1413.0,0.0,0.0,,dollariraqi:1413
2025-11-05,baghdad_kifah,1,1,1413.0,1413.0,1413.0,1413.0,0.0,0.0,,dollariraqi:1413
2025-11-05,baghdad_samawal,1,1,1412.75,1412.75,1412.75,1412.75,0.0,0.0,,dollariraqi:1412.75
2025-11-05,basra,2,2,1413.5,1414.25,1413.0,1415.5,2.5,0.177,,dollar_price:1415.5|dollariraqi:1413
2025-11-05,erbil,2,2,1412.25,1412.25,1409.5,1415.0,5.5,0.389,,dollar_price:1415|dollariraqi:1409.5
2025-11-06,baghdad_generic,3,3,1414.83,1414.83,1410.5,1418.5,8.0,0.565,,dollar_price:1418.5|dollariraqi:1415.5|iqborsa:1410.5
2025-11-06,baghdad_harithiya,1,1,1412.75,1415.0,1415.0,1415.0,0.0,0.0,,dollariraqi:1415
2025-11-06,baghdad_kifah,1,1,1412.75,1415.0,1415.0,1415.0,0.0,0.0,,dollariraqi:1415
2025-11-06,baghdad_samawal,1,1,1412.75,1415.0,1415.0,1415.0,0.0,0.0,,dollariraqi:1415
2025-11-06,basra,2,2,1415.0,1415.5,1413.5,1417.5,4.0,0.283,,dollar_price:1417.5|dollariraqi:1413.5
2025-11-06,erbil,2,2,1410.0,1411.75,1411.0,1412.5,1.5,0.106,,dollar_price:1411|dollariraqi:1412.5
2025-11-09,baghdad_generic,1,1,1415.5,1415.5,1415.5,1415.5,0.0,0.0,,dollariraqi:1415.5
2025-11-09,baghdad_kifah,1,1,1415.5,1415.5,1415.5,1415.5,0.0,0.0,,dollariraqi:1415.5
2025-11-09,basra,1,1,1415.0,1415.5,1415.5,1415.5,0.0,0.0,,dollariraqi:1415.5
2025-11-09,erbil,1,1,1412.5,1413.0,1413.0,1413.0,0.0,0.0,,dollariraqi:1413
2025-11-10,baghdad_generic,2,2,1421.63,1421.63,1416.25,1427.0,10.75,0.756,,dollar_price:1427|dollariraqi:1416.25
2025-11-10,baghdad_harithiya,1,1,1416.25,1416.25,1416.25,1416.25,0.0,0.0,,dollariraqi:1416.25
2025-11-10,baghdad_kifah,1,1,1416.0,1416.0,1416.0,1416.0,0.0,0.0,,dollariraqi:1416
2025-11-10,basra,2,2,1417.75,1418.0,1415.5,1420.5,5.0,0.353,,dollar_price:1420.5|dollariraqi:1415.5
2025-11-10,erbil,2,2,1415.0,1414.75,1413.5,1416.0,2.5,0.177,,dollar_price:1416|dollariraqi:1413.5
2025-11-11,baghdad_generic,1,1,1415.0,1415.0,1415.0,1415.0,0.0,0.0,,iqborsa:1415
2025-11-12,baghdad_generic,2,2,1419.75,1420.0,1415.0,1425.0,10.0,0.704,,dollar_price:1425|iqborsa:1415
2025-11-12,baghdad_harithiya,1,1,1415.5,1415.5,1415.5,1415.5,0.0,0.0,,dollariraqi:1415.5
2025-11-12,baghdad_kifah,1,1,1416.0,1416.0,1416.0,1416.0,0.0,0.0,,dollariraqi:1416
2025-11-12,baghdad_samawal,1,1,1415.5,1415.5,1415.5,1415.5,0.0,0.0,,dollariraqi:1415.5
2025-11-12,basra,2,2,1417.75,1417.75,1415.0,1420.5,5.5,0.388,,dollar_price:1420.5|dollariraqi:1415
2025-11-12,erbil,2,2,1413.75,1413.75,1412.5,1415.0,2.5,0.177,,dollar_price:1415|dollariraqi:1412.5
2025-11-13,baghdad_generic,3,3,1416.33,1416.33,1412.5,1422.5,10.0,0.706,,dollar_price:1422.5|dollariraqi:1414|iqborsa:1412.5
2025-11-13,baghdad_harithiya,1,1,1414.0,1414.0,1414.0,1414.0,0.0,0.0,,dollariraqi:1414
2025-11-13,baghdad_kifah,1,1,1412.5,1412.5,1412.5,1412.5,0.0,0.0,,dollariraqi:1412.5
2025-11-13,basra,2,2,1417.75,1417.75,1413.5,1422.0,8.5,0.6,,dollar_price:1422|dollariraqi:1413.5
2025-11-13,erbil,2,2,1410.38,1412.0,1411.5,1412.5,1.0,0.071,,dollar_price:1412.5|dollariraqi:1411.5
2025-11-16,baghdad_generic,3,3,1416.5,1416.33,1412.5,1422.5,10.0,0.706,,dollar_price:1422.5|dollariraqi:1414|iqborsa:1412.5
2025-11-16,baghdad_harithiya,1,1,1414.0,1414.5,1414.5,1414.5,0.0,0.0,,dollariraqi:1414.5
2025-11-16,baghdad_karrada,1,1,1413.5,1413.5,1413.5,1413.5,0.0,0.0,,dollariraqi:1413.5
2025-11-16,baghdad_kifah,1,1,1413.75,1414.0,1414.0,1414.0,0.0,0.0,,dollariraqi:1414
2025-11-16,basra,2,2,1418.5,1418.75,1416.0,1421.5,5.5,0.388,,dollar_price:1421.5|dollariraqi:1416
2025-11-16,erbil,2,2,1414.0,1414.63,1411.75,1417.5,5.75,0.406,,dollar_price:1417.5|dollariraqi:1411.75
2025-11-17,baghdad_generic,3,3,1416.5,1416.17,1411.5,1425.0,13.5,0.953,,dollar_price:1425|dollariraqi:1412|iqborsa:1411.5
2025-11-17,baghdad_harithiya,1,1,1414.0,1414.0,1414.0,1414.0,0.0,0.0,,dollariraqi:1414
2025-11-17,baghdad_kifah,1,1,1414.0,1414.0,1414.0,1414.0,0.0,0.0,,dollariraqi:1414
2025-11-17,basra,2,2,1417.75,1416.25,1413.0,1419.5,6.5,0.459,,dollar_price:1419.5|dollariraqi:1413
2025-11-17,erbil,2,2,1412.25,1411.75,1410.0,1413.5,3.5,0.248,,dollar_price:1413.5|dollariraqi:1410
2025-11-18,baghdad_generic,2,2,1412.25,1412.75,1412.5,1413.0,0.5,0.035,,dollar_price:1412.5|iqborsa:1413
2025-11-18,baghdad_harithiya,1,1,1413.0,1413.0,1413.0,1413.0,0.0,0.0,,dollariraqi:1413
2025-11-18,baghdad_kifah,1,1,1412.5,1412.5,1412.5,1412.5,0.0,0.0,,dollariraqi:1412.5
2025-11-18,basra,2,2,1412.75,1412.75,1412.0,1413.5,1.5,0.106,,dollar_price:1412|dollariraqi:1413.5
2025-11-18,erbil,2,2,1411.75,1411.75,1411.0,1412.5,1.5,0.106,,dollar_price:1412.5|dollariraqi:1411
2025-11-19,baghdad_generic,2,2,1412.5,1413.0,1412.5,1413.5,1.0,0.071,,dollar_price:1413.5|iqborsa:1412.5
2025-11-19,baghdad_harithiya,1,1,1412.5,1412.5,1412.5,1412.5,0.0,0.0,,dollariraqi:1412.5
2025-11-19,baghdad_kifah,1,1,1412.0,1412.0,1412.0,1412.0,0.0,0.0,,dollariraqi:1412
2025-11-19,baghdad_shorja,1,1,1412.0,1412.0,1412.0,1412.0,0.0,0.0,,dollariraqi:1412
2025-11-19,basra,2,2,1413.25,1413.25,1413.0,1413.5,0.5,0.035,,dollar_price:1413|dollariraqi:1413.5
2025-11-19,erbil,2,2,1412.0,1412.0,1411.5,1412.5,1.0,0.071,,dollar_price:1412.5|dollariraqi:1411.5
2025-11-20,baghdad_generic,1,1,1413.5,1413.5,1413.5,1413.5,0.0,0.0,,dollariraqi:1413.5
2025-11-20,baghdad_harithiya,1,1,1413.0,1413.0,1413.0,1413.0,0.0,0.0,,dollariraqi:1413
2025-11-20,baghdad_kifah,1,1,1414.0,1414.0,1414.0,1414.0,0.0,0.0,,dollariraqi:1414
2025-11-20,baghdad_samawal,1,1,1413.5,1413.5,1413.5,1413.5,0.0,0.0,,dollariraqi:1413.5
2025-11-20,baghdad_shorja,1,1,1412.0,1412.0,1412.0,1412.0,0.0,0.0,,dollariraqi:1412
2025-11-20,basra,1,1,1414.5,1414.0,1414.0,1414.0,0.0,0.0,,dollariraqi:1414
2025-11-20,erbil,1,1,1410.5,1410.5,1410.5,1410.5,0.0,0.0,,dollariraqi:1410.5
2025-11-23,baghdad_generic,2,2,1415.75,1415.75,1411.5,1420.0,8.5,0.6,,dollar_price:1411.5|iqborsa:1420
2025-11-23,baghdad_kifah,1,1,1412.5,1418.0,1418.0,1418.0,0.0,0.0,,dollariraqi:1418
2025-11-23,basra,2,2,1412.25,1413.75,1411.5,1416.0,4.5,0.318,,dollar_price:1411.5|dollariraqi:1416
2025-11-23,erbil,2,2,1408.5,1410.25,1408.5,1412.0,3.5,0.248,,dollar_price:1408.5|dollariraqi:1412
2025-11-24,baghdad_generic,3,3,1431.17,1433.0,1427.5,1439.5,12.0,0.837,,dollar_price:1439.5|dollariraqi:1432|iqborsa:1427.5
2025-11-24,baghdad_harithiya,1,1,1433.0,1433.0,1433.0,1433.0,0.0,0.0,,dollariraqi:1433
2025-11-24,basra,2,2,1435.5,1435.5,1432.0,1439.0,7.0,0.488,,dollar_price:1439|dollariraqi:1432
2025-11-24,erbil,2,2,1430.0,1430.0,1424.5,1435.5,11.0,0.769,,dollar_price:1435.5|dollariraqi:1424.5
2025-11-25,baghdad_generic,3,3,1427.33,1426.5,1422.5,1433.5,11.0,0.771,,dollar_price:1433.5|dollariraqi:1423.5|iqborsa:1422.5
2025-11-25,baghdad_harithiya,1,1,1424.0,1424.0,1424.0,1424.0,0.0,0.0,,dollariraqi:1424
2025-11-25,baghdad_kifah,1,1,1422.0,1422.0,1422.0,1422.0,0.0,0.0,,dollariraqi:1422
2025-11-25,basra,2,2,1429.5,1428.5,1423.0,1434.0,11.0,0.77,,dollar_price:1434|dollariraqi:1423
2025-11-25,erbil,2,2,1422.0,1420.75,1416.0,1425.5,9.5,0.669,,dollar_price:1425.5|dollariraqi:1416
2025-11-26,baghdad_generic,3,3,1425.17,1422.83,1418.5,1430.0,11.5,0.808,,dollar_price:1430|dollariraqi:1420|iqborsa:1418.5
2025-11-26,basra,2,2,1428.0,1426.0,1422.0,1430.0,8.0,0.561,,dollar_price:1430|dollariraqi:1422
2025-11-26,erbil,2,2,1417.5,1416.25,1411.5,1421.0,9.5,0.671,,dollar_price:1421|dollariraqi:1411.5
2025-11-27,baghdad_generic,2,2,1422.0,1422.0,1419.0,1425.0,6.0,0.422,,dollariraqi:1425|iqborsa:1419
2025-11-27,baghdad_harithiya,1,1,1423.5,1423.5,1423.5,1423.5,0.0,0.0,,dollariraqi:1423.5
2025-11-27,baghdad_kifah,1,1,1423.0,1423.0,1423.0,1423.0,0.0,0.0,,dollariraqi:1423
2025-11-27,baghdad_samawal,1,1,1423.0,1423.0,1423.0,1423.0,0.0,0.0,,dollariraqi:1423
2025-11-27,basra,1,1,1424.0,1426.0,1426.0,1426.0,0.0,0.0,,dollariraqi:1426
2025-11-27,erbil,1,1,1415.5,1418.0,1418.0,1418.0,0.0,0.0,,dollariraqi:1418
2025-11-30,baghdad_generic,3,3,1426.83,1428.33,1426.0,1432.5,6.5,0.455,,dollar_price:1432.5|dollariraqi:1426.5|iqborsa:1426
2025-11-30,baghdad_harithiya,1,1,1425.0,1425.0,1425.0,1425.0,0.0,0.0,,dollariraqi:1425
2025-11-30,baghdad_kifah,1,1,1425.0,1425.0,1425.0,1425.0,0.0,0.0,,dollariraqi:1425
2025-11-30,baghdad_samawal,1,1,1424.5,1424.5,1424.5,1424.5,0.0,0.0,,dollariraqi:1424.5
2025-11-30,basra,2,2,1428.25,1428.75,1427.5,1430.0,2.5,0.175,,dollar_price:1430|dollariraqi:1427.5
2025-11-30,erbil,2,2,1417.5,1418.63,1418.5,1418.75,0.25,0.018,,dollar_price:1418.5|dollariraqi:1418.75
2025-12-01,baghdad_generic,3,3,1429.83,1431.67,1430.0,1435.0,5.0,0.349,,dollar_price:1435|dollariraqi:1430|iqborsa:1430
2025-12-01,baghdad_kifah,1,1,1428.5,1428.5,1428.5,1428.5,0.0,0.0,,dollariraqi:1428.5
2025-12-01,basra,2,2,1432.0,1431.75,1428.5,1435.0,6.5,0.454,,dollar_price:1435|dollariraqi:1428.5
2025-12-01,erbil,2,2,1423.25,1423.0,1422.0,1424.0,2.0,0.141,,dollar_price:1424|dollariraqi:1422
2025-12-02,baghdad_generic,3,3,1432.67,1432.83,1427.5,1440.0,12.5,0.872,,dollar_price:1440|dollariraqi:1427.5|iqborsa:1431
2025-12-02,basra,2,2,1434.0,1434.5,1430.0,1439.0,9.0,0.627,,dollar_price:1439|dollariraqi:1430
2025-12-02,erbil,2,2,1422.75,1421.88,1416.25,1427.5,11.25,0.791,,dollar_price:1427.5|dollariraqi:1416.25
2025-12-03,baghdad_kifah,1,1,1425.0,1425.0,1425.0,1425.0,0.0,0.0,,dollariraqi:1425
2025-12-03,basra,1,1,1428.5,1428.5,1428.5,1428.5,0.0,0.0,,dollariraqi:1428.5
2025-12-03,erbil,1,1,1414.5,1414.5,1414.5,1414.5,0.0,0.0,,dollariraqi:1414.5
2025-12-04,baghdad_kifah,1,1,1426.0,1426.5,1426.5,1426.5,0.0,0.0,,dollariraqi:1426.5
2025-12-04,basra,1,1,1429.0,1429.5,1429.5,1429.5,0.0,0.0,,dollariraqi:1429.5
2025-12-04,erbil,1,1,1416.5,1416.5,1416.5,1416.5,0.0,0.0,,dollariraqi:1416.5
2025-12-07,baghdad_generic,2,2,1431.25,1430.25,1425.5,1435.0,9.5,0.664,,dollar_price:1435|iqborsa:1425.5
2025-12-07,baghdad_harithiya,1,1,1427.5,1427.5,1427.5,1427.5,0.0,0.0,,dollariraqi:1427.5
2025-12-07,baghdad_kifah,1,1,1427.5,1427.5,1427.5,1427.5,0.0,0.0,,dollariraqi:1427.5
2025-12-07,basra,2,2,1431.25,1431.25,1430.0,1432.5,2.5,0.175,,dollar_price:1432.5|dollariraqi:1430
2025-12-07,erbil,2,2,1418.75,1418.75,1416.5,1421.0,4.5,0.317,,dollar_price:1421|dollariraqi:1416.5
2025-12-08,baghdad_generic,2,2,1428.75,1430.25,1430.0,1430.5,0.5,0.035,,dollar_price:1430.5|iqborsa:1430
2025-12-08,baghdad_harithiya,1,1,1428.5,1429.5,1429.5,1429.5,0.0,0.0,,dollariraqi:1429.5
2025-12-08,baghdad_kifah,1,1,1429.0,1429.0,1429.0,1429.0,0.0,0.0,,dollariraqi:1429
2025-12-08,basra,2,2,1430.0,1430.25,1430.0,1430.5,0.5,0.035,,dollar_price:1430|dollariraqi:1430.5
2025-12-08,erbil,2,2,1421.25,1421.0,1418.0,1424.0,6.0,0.422,,dollar_price:1424|dollariraqi:1418
2025-12-09,baghdad_generic,2,2,1432.25,1432.5,1430.0,1435.0,5.0,0.349,,dollar_price:1435|iqborsa:1430
2025-12-09,baghdad_harithiya,1,1,1428.75,1428.75,1428.75,1428.75,0.0,0.0,,dollariraqi:1428.75
2025-12-09,baghdad_karrada,1,1,1429.0,1429.0,1429.0,1429.0,0.0,0.0,,dollariraqi:1429
2025-12-09,baghdad_kifah,1,1,1428.75,1429.75,1429.75,1429.75,0.0,0.0,,dollariraqi:1429.75
2025-12-09,basra,2,2,1433.0,1432.75,1430.5,1435.0,4.5,0.314,,dollar_price:1435|dollariraqi:1430.5
2025-12-09,erbil,2,2,1421.0,1421.5,1418.0,1425.0,7.0,0.492,,dollar_price:1425|dollariraqi:1418
2025-12-10,baghdad_generic,1,1,1431.0,1430.0,1430.0,1430.0,0.0,0.0,,iqborsa:1430
2025-12-10,baghdad_harithiya,1,1,1431.0,1432.0,1432.0,1432.0,0.0,0.0,,dollariraqi:1432
2025-12-10,baghdad_kifah,1,1,1430.5,1432.0,1432.0,1432.0,0.0,0.0,,dollariraqi:1432
2025-12-10,baghdad_samawal,1,1,1431.0,1431.0,1431.0,1431.0,0.0,0.0,,dollariraqi:1431
2025-12-10,basra,1,1,1431.0,1432.0,1432.0,1432.0,0.0,0.0,,dollariraqi:1432
2025-12-10,erbil,1,1,1419.0,1421.5,1421.5,1421.5,0.0,0.0,,dollariraqi:1421.5
2025-12-11,baghdad_generic,1,1,1429.5,1432.0,1432.0,1432.0,0.0,0.0,,iqborsa:1432
2025-12-11,baghdad_harithiya,1,1,1431.0,1432.0,1432.0,1432.0,0.0,0.0,,dollariraqi:1432
2025-12-11,baghdad_kifah,1,1,1430.5,1432.0,1432.0,1432.0,0.0,0.0,,dollariraqi:1432
2025-12-11,basra,2,2,1429.5,1430.0,1427.5,1432.5,5.0,0.35,,dollar_price:1427.5|dollariraqi:1432.5
2025-12-11,erbil,1,1,1419.0,1421.5,1421.5,1421.5,0.0,0.0,,dollariraqi:1421.5
2025-12-14,baghdad_generic,2,2,1433.5,1433.5,1433.5,1433.5,0.0,0.0,,dollar_price:1433.5|dollariraqi:1433.5
2025-12-14,baghdad_harithiya,1,1,1433.5,1433.5,1433.5,1433.5,0.0,0.0,,dollariraqi:1433.5
2025-12-14,baghdad_kifah,1,1,1433.5,1433.5,1433.5,1433.5,0.0,0.0,,dollariraqi:1433.5
2025-12-14,basra,1,1,1434.0,1434.0,1434.0,1434.0,0.0,0.0,,dollariraqi:1434
2025-12-14,erbil,1,1,1420.5,1419.5,1419.5,1419.5,0.0,0.0,,dollariraqi:1419.5
2025-12-15,baghdad_generic,3,3,1430.83,1430.83,1430.0,1431.5,1.5,0.105,,dollar_price:1431.5|dollariraqi:1431|iqborsa:1430
2025-12-15,baghdad_harithiya,1,1,1433.0,1430.5,1430.5,1430.5,0.0,0.0,,dollariraqi:1430.5
2025-12-15,baghdad_kifah,1,1,1433.0,1431.0,1431.0,1431.0,0.0,0.0,,dollariraqi:1431
2025-12-15,basra,1,1,1433.0,1433.5,1433.5,1433.5,0.0,0.0,,dollariraqi:1433.5
2025-12-15,erbil,1,1,1418.5,1414.0,1414.0,1414.0,0.0,0.0,,dollariraqi:1414
2025-12-16,baghdad_generic,2,2,1429.5,1428.0,1427.0,1429.0,2.0,0.14,,dollar_price:1429|iqborsa:1427
2025-12-16,baghdad_harithiya,1,1,1431.0,1426.0,1426.0,1426.0,0.0,0.0,,dollariraqi:1426
2025-12-16,baghdad_kifah,1,1,1430.5,1427.0,1427.0,1427.0,0.0,0.0,,dollariraqi:1427
2025-12-16,baghdad_samawal,1,1,1431.0,1431.0,1431.0,1431.0,0.0,0.0,,dollariraqi:1431
2025-12-16,basra,1,1,1432.0,1428.0,1428.0,1428.0,0.0,0.0,,dollariraqi:1428
2025-12-16,erbil,1,1,1418.5,1416.5,1416.5,1416.5,0.0,0.0,,dollariraqi:1416.5
2025-12-17,baghdad_generic,3,3,1425.0,1425.0,1424.0,1426.0,2.0,0.14,,dollar_price:1424|dollariraqi:1426|iqborsa:1425
2025-12-17,baghdad_harithiya,1,1,1425.25,1425.25,1425.25,1425.25,0.0,0.0,,dollariraqi:1425.25
2025-12-17,baghdad_kifah,1,1,1424.0,1424.0,1424.0,1424.0,0.0,0.0,,dollariraqi:1424
2025-12-17,basra,1,1,1425.5,1427.5,1427.5,1427.5,0.0,0.0,,dollariraqi:1427.5
2025-12-17,erbil,1,1,1413.0,1417.0,1417.0,1417.0,0.0,0.0,,dollariraqi:1417
2025-12-18,baghdad_generic,2,2,1427.0,1427.0,1426.5,1427.5,1.0,0.07,,dollar_price:1427.5|iqborsa:1426.5
2025-12-18,baghdad_harithiya,1,1,1425.75,1429.5,1429.5,1429.5,0.0,0.0,,dollariraqi:1429.5
2025-12-18,baghdad_kifah,1,1,1426.0,1429.5,1429.5,1429.5,0.0,0.0,,dollariraqi:1429.5
2025-12-18,basra,1,1,1429.0,1431.0,1431.0,1431.0,0.0,0.0,,dollariraqi:1431
2025-12-18,erbil,1,1,1417.0,1418.0,1418.0,1418.0,0.0,0.0,,dollariraqi:1418
2025-12-21,baghdad_generic,3,3,1428.5,1428.5,1428.0,1429.5,1.5,0.105,,dollar_price:1428|dollariraqi:1428|iqborsa:1429.5
2025-12-21,baghdad_harithiya,1,1,1428.0,1428.0,1428.0,1428.0,0.0,0.0,,dollariraqi:1428
2025-12-21,baghdad_kifah,1,1,1428.0,1428.0,1428.0,1428.0,0.0,0.0,,dollariraqi:1428
2025-12-21,baghdad_samawal,1,1,1428.5,1428.5,1428.5,1428.5,0.0,0.0,,dollariraqi:1428.5
2025-12-21,basra,1,1,1430.5,1430.0,1430.0,1430.0,0.0,0.0,,dollariraqi:1430
2025-12-21,erbil,1,1,1419.0,1418.0,1418.0,1418.0,0.0,0.0,,dollariraqi:1418
2025-12-22,baghdad_generic,3,3,1428.67,1430.33,1428.5,1432.5,4.0,0.28,,dollar_price:1428.5|dollariraqi:1430|iqborsa:1432.5
2025-12-22,baghdad_harithiya,1,1,1431.0,1433.0,1433.0,1433.0,0.0,0.0,,dollariraqi:1433
2025-12-22,baghdad_kifah,1,1,1431.0,1432.0,1432.0,1432.0,0.0,0.0,,dollariraqi:1432
2025-12-22,basra,1,1,1431.0,1433.0,1433.0,1433.0,0.0,0.0,,dollariraqi:1433
2025-12-22,erbil,1,1,1421.0,1421.5,1421.5,1421.5,0.0,0.0,,dollariraqi:1421.5
2025-12-23,baghdad_generic,2,2,1431.5,1431.25,1431.0,1431.5,0.5,0.035,,dollar_price:1431|dollariraqi:1431.5
2025-12-23,basra,1,1,1432.5,1431.5,1431.5,1431.5,0.0,0.0,,dollariraqi:1431.5
2025-12-23,erbil,1,1,1422.0,1420.0,1420.0,1420.0,0.0,0.0,,dollariraqi:1420
2025-12-24,baghdad_generic,3,3,1431.0,1431.5,1430.0,1433.0,3.0,0.21,,dollar_price:1431.5|dollariraqi:1433|iqborsa:1430
2025-12-24,basra,1,1,1431.5,1434.0,1434.0,1434.0,0.0,0.0,,dollariraqi:1434
2025-12-24,erbil,1,1,1420.5,1423.5,1423.5,1423.5,0.0,0.0,,dollariraqi:1423.5
2025-12-25,baghdad_generic,2,2,1434.25,1435.25,1434.0,1436.5,2.5,0.174,,dollar_price:1434|dollariraqi:1436.5
2025-12-25,basra,1,1,1436.0,1436.5,1436.5,1436.5,0.0,0.0,,dollariraqi:1436.5
2025-12-25,erbil,1,1,1425.0,1424.5,1424.5,1424.5,0.0,0.0,,dollariraqi:1424.5
2025-12-28,baghdad_generic,3,3,1436.0,1437.33,1436.0,1439.0,3.0,0.209,,dollar_price:1436|dollariraqi:1439|iqborsa:1437
2025-12-28,baghdad_harithiya,1,1,1433.0,1433.0,1433.0,1433.0,0.0,0.0,,dollariraqi:1433
2025-12-28,baghdad_kifah,1,1,1432.5,1432.5,1432.5,1432.5,0.0,0.0,,dollariraqi:1432.5
2025-12-28,basra,1,1,1433.0,1439.0,1439.0,1439.0,0.0,0.0,,dollariraqi:1439
2025-12-28,erbil,1,1,1426.5,1435.0,1435.0,1435.0,0.0,0.0,,dollariraqi:1435
2025-12-29,baghdad_generic,3,3,1441.67,1441.17,1440.0,1442.5,2.5,0.173,,dollar_price:1440|dollariraqi:1442.5|iqborsa:1441
2025-12-29,baghdad_harithiya,1,1,1441.0,1444.5,1444.5,1444.5,0.0,0.0,,dollariraqi:1444.5
2025-12-29,baghdad_karrada,1,1,1445.0,1445.0,1445.0,1445.0,0.0,0.0,,dollariraqi:1445
2025-12-29,baghdad_kifah,1,1,1441.0,1444.0,1444.0,1444.0,0.0,0.0,,dollariraqi:1444
2025-12-29,baghdad_samawal,1,1,1440.0,1440.0,1440.0,1440.0,0.0,0.0,,dollariraqi:1440
2025-12-29,basra,1,1,1440.0,1443.0,1443.0,1443.0,0.0,0.0,,dollariraqi:1443
2025-12-29,erbil,1,1,1437.0,1435.0,1435.0,1435.0,0.0,0.0,,dollariraqi:1435
2025-12-30,baghdad_generic,3,3,1441.33,1441.33,1439.0,1444.0,5.0,0.347,,dollar_price:1441|dollariraqi:1444|iqborsa:1439
2025-12-30,baghdad_harithiya,1,1,1439.0,1438.5,1438.5,1438.5,0.0,0.0,,dollariraqi:1438.5
2025-12-30,baghdad_kifah,1,1,1439.0,1439.0,1439.0,1439.0,0.0,0.0,,dollariraqi:1439
2025-12-30,basra,1,1,1444.0,1440.0,1440.0,1440.0,0.0,0.0,,dollariraqi:1440
2025-12-30,erbil,1,1,1436.5,1430.0,1430.0,1430.0,0.0,0.0,,dollariraqi:1430
2025-12-31,baghdad_generic,1,1,1443.5,1443.5,1443.5,1443.5,0.0,0.0,,dollar_price:1443.5
2025-12-31,baghdad_harithiya,1,1,1446.0,1446.0,1446.0,1446.0,0.0,0.0,,dollariraqi:1446
2025-12-31,baghdad_kifah,1,1,1447.0,1446.5,1446.5,1446.5,0.0,0.0,,dollariraqi:1446.5
2025-12-31,basra,1,1,1444.0,1442.0,1442.0,1442.0,0.0,0.0,,dollariraqi:1442
2025-12-31,erbil,1,1,1435.0,1434.5,1434.5,1434.5,0.0,0.0,,dollariraqi:1434.5
2026-01-01,baghdad_kifah,1,1,1445.0,1445.0,1445.0,1445.0,0.0,0.0,,dollariraqi:1445
2026-01-01,basra,1,1,1443.5,1443.5,1443.5,1443.5,0.0,0.0,,dollariraqi:1443.5
2026-01-01,erbil,1,1,1433.5,1433.5,1433.5,1433.5,0.0,0.0,,dollariraqi:1433.5
2026-01-04,baghdad_generic,3,3,1455.33,1462.33,1452.0,1470.0,18.0,1.231,,dollar_price:1452|dollariraqi:1465|iqborsa:1470
2026-01-04,baghdad_harithiya,1,1,1451.0,1458.5,1458.5,1458.5,0.0,0.0,,dollariraqi:1458.5
2026-01-04,baghdad_kifah,1,1,1450.5,1465.0,1465.0,1465.0,0.0,0.0,,dollariraqi:1465
2026-01-04,baghdad_samawal,1,1,1458.0,1466.0,1466.0,1466.0,0.0,0.0,,dollariraqi:1466
2026-01-04,basra,1,1,1450.0,1451.5,1451.5,1451.5,0.0,0.0,,dollariraqi:1451.5
2026-01-04,erbil,1,1,1438.25,1452.0,1452.0,1452.0,0.0,0.0,,dollariraqi:1452
2026-01-05,baghdad_generic,3,2,1475.0,1481.75,1465.0,1482.5,17.5,1.181,dollar_price,dollar_price:1465|dollariraqi:1481|iqborsa:1482.5
2026-01-05,baghdad_kifah,1,1,1470.0,1477.25,1477.25,1477.25,0.0,0.0,,dollariraqi:1477.25
2026-01-05,basra,1,1,1481.0,1481.0,1481.0,1481.0,0.0,0.0,,dollariraqi:1481
2026-01-05,erbil,1,1,1458.0,1470.0,1470.0,1470.0,0.0,0.0,,dollariraqi:1470
2026-01-06,baghdad_generic,2,2,1479.75,1473.0,1469.0,1477.0,8.0,0.543,,dollar_price:1477|iqborsa:1469
2026-01-06,baghdad_harithiya,1,1,1485.0,1469.75,1469.75,1469.75,0.0,0.0,,dollariraqi:1469.75
2026-01-06,baghdad_kifah,1,1,1484.0,1465.0,1465.0,1465.0,0.0,0.0,,dollariraqi:1465
2026-01-06,basra,1,1,1479.0,1460.0,1460.0,1460.0,0.0,0.0,,dollariraqi:1460
2026-01-06,erbil,1,1,1473.5,1452.25,1452.25,1452.25,0.0,0.0,,dollariraqi:1452.25
2026-01-07,baghdad_generic,3,3,1467.17,1473.33,1468.5,1476.5,8.0,0.543,,dollar_price:1468.5|dollariraqi:1475|iqborsa:1476.5
2026-01-07,basra,1,1,1468.5,1473.5,1473.5,1473.5,0.0,0.0,,dollariraqi:1473.5
2026-01-07,erbil,1,1,1461.0,1464.5,1464.5,1464.5,0.0,0.0,,dollariraqi:1464.5
2026-01-08,baghdad_generic,3,3,1471.67,1468.0,1467.0,1470.0,3.0,0.204,,dollar_price:1470|dollariraqi:1467|iqborsa:1467
2026-01-08,baghdad_harithiya,1,1,1478.5,1473.5,1473.5,1473.5,0.0,0.0,,dollariraqi:1473.5
2026-01-08,baghdad_kifah,1,1,1478.0,1473.0,1473.0,1473.0,0.0,0.0,,dollariraqi:1473
2026-01-08,baghdad_samawal,1,1,1473.5,1473.5,1473.5,1473.5,0.0,0.0,,dollariraqi:1473.5
2026-01-08,basra,1,1,1477.0,1463.5,1463.5,1463.5,0.0,0.0,,dollariraqi:1463.5
2026-01-08,erbil,1,1,1469.5,1457.5,1457.5,1457.5,0.0,0.0,,dollariraqi:1457.5
2026-01-11,baghdad_generic,3,3,1459.67,1464.33,1463.0,1465.5,2.5,0.171,,dollar_price:1463|dollariraqi:1464.5|iqborsa:1465.5
2026-01-11,baghdad_harithiya,1,1,1466.0,1466.0,1466.0,1466.0,0.0,0.0,,dollariraqi:1466
2026-01-11,baghdad_kifah,1,1,1465.5,1465.5,1465.5,1465.5,0.0,0.0,,dollariraqi:1465.5
2026-01-11,basra,2,2,1458.0,1462.5,1461.0,1464.0,3.0,0.205,,dollar_price:1461|dollariraqi:1464
2026-01-11,erbil,2,2,1453.5,1457.75,1456.0,1459.5,3.5,0.24,,dollar_price:1456|dollariraqi:1459.5
2026-01-12,baghdad_generic,3,3,1467.67,1465.17,1462.5,1467.5,5.0,0.341,,dollar_price:1467.5|dollariraqi:1465.5|iqborsa:1462.5
2026-01-12,baghdad_harithiya,1,1,1469.0,1469.0,1469.0,1469.0,0.0,0.0,,dollariraqi:1469
2026-01-12,baghdad_kifah,1,1,1469.0,1469.0,1469.0,1469.0,0.0,0.0,,dollariraqi:1469
2026-01-12,baghdad_shorja,1,1,1469.0,1469.0,1469.0,1469.0,0.0,0.0,,dollariraqi:1469
2026-01-12,basra,1,1,1469.0,1463.0,1463.0,1463.0,0.0,0.0,,dollariraqi:1463
2026-01-12,erbil,1,1,1465.5,1461.0,1461.0,1461.0,0.0,0.0,,dollariraqi:1461
2026-01-13,baghdad_generic,3,3,1466.33,1468.67,1464.0,1471.0,7.0,0.477,,dollar_price:1464|dollariraqi:1471|iqborsa:1471
2026-01-13,baghdad_harithiya,1,1,1470.0,1471.0,1471.0,1471.0,0.0,0.0,,dollariraqi:1471
2026-01-13,baghdad_karrada,1,1,1469.0,1469.0,1469.0,1469.0,0.0,0.0,,dollariraqi:1469
2026-01-13,baghdad_kifah,1,1,1465.0,1472.0,1472.0,1472.0,0.0,0.0,,dollariraqi:1472
2026-01-13,baghdad_shorja,1,1,1472.0,1472.0,1472.0,1472.0,0.0,0.0,,dollariraqi:1472
2026-01-13,basra,1,1,1465.0,1470.0,1470.0,1470.0,0.0,0.0,,dollariraqi:1470
2026-01-13,erbil,1,1,1461.5,1469.5,1469.5,1469.5,0.0,0.0,,dollariraqi:1469.5
2026-01-14,baghdad_generic,2,2,1478.5,1480.75,1480.5,1481.0,0.5,0.034,,dollariraqi:1481|iqborsa:1480.5
2026-01-14,basra,1,1,1478.5,1479.0,1479.0,1479.0,0.0,0.0,,dollariraqi:1479
2026-01-14,erbil,1,1,1483.0,1482.5,1482.5,1482.5,0.0,0.0,,dollariraqi:1482.5
2026-01-15,baghdad_generic,2,2,1476.25,1472.5,1470.0,1475.0,5.0,0.34,,dollariraqi:1475|iqborsa:1470
2026-01-15,baghdad_kifah,1,1,1481.0,1481.0,1481.0,1481.0,0.0,0.0,,dollariraqi:1481
2026-01-15,basra,1,1,1479.0,1476.0,1476.0,1476.0,0.0,0.0,,dollariraqi:1476
2026-01-15,erbil,1,1,1481.5,1474.0,1474.0,1474.0,0.0,0.0,,dollariraqi:1474
2026-01-18,baghdad_generic,3,3,1472.67,1473.17,1471.5,1475.0,3.5,0.238,,dollar_price:1475|dollariraqi:1473|iqborsa:1471.5
2026-01-18,baghdad_harithiya,1,1,1471.5,1472.5,1472.5,1472.5,0.0,0.0,,dollariraqi:1472.5
2026-01-18,baghdad_kifah,1,1,1472.0,1473.0,1473.0,1473.0,0.0,0.0,,dollariraqi:1473
2026-01-18,basra,2,2,1472.0,1473.25,1472.5,1474.0,1.5,0.102,,dollar_price:1474|dollariraqi:1472.5
2026-01-18,erbil,1,1,1471.5,1476.0,1476.0,1476.0,0.0,0.0,,dollariraqi:1476
2026-01-19,babil,1,1,1475.0,1475.0,1475.0,1475.0,0.0,0.0,,dollariraqi:1475
2026-01-19,baghdad_generic,3,3,1473.33,1473.67,1472.5,1475.0,2.5,0.17,,dollar_price:1473.5|dollariraqi:1475|iqborsa:1472.5
2026-01-19,baghdad_kifah,1,1,1474.5,1474.5,1474.5,1474.5,0.0,0.0,,dollariraqi:1474.5
2026-01-19,basra,2,2,1473.5,1473.75,1472.5,1475.0,2.5,0.17,,dollar_price:1472.5|dollariraqi:1475
2026-01-19,erbil,1,1,1475.0,1478.0,1478.0,1478.0,0.0,0.0,,dollariraqi:1478
2026-01-20,baghdad_generic,1,1,1474.5,1482.5,1482.5,1482.5,0.0,0.0,,iqborsa:1482.5
2026-01-20,baghdad_karrada,1,1,1481.0,1481.0,1481.0,1481.0,0.0,0.0,,dollariraqi:1481
2026-01-20,baghdad_kifah,1,1,1477.0,1483.5,1483.5,1483.5,0.0,0.0,,dollariraqi:1483.5
2026-01-20,baghdad_shorja,1,1,1481.0,1481.0,1481.0,1481.0,0.0,0.0,,dollariraqi:1481
2026-01-20,basra,1,1,1476.0,1482.0,1482.0,1482.0,0.0,0.0,,dollariraqi:1482
2026-01-20,erbil,1,1,1477.0,1484.0,1484.0,1484.0,0.0,0.0,,dollariraqi:1484
2026-01-21,babil,1,1,1482.0,1482.0,1482.0,1482.0,0.0,0.0,,dollariraqi:1482
2026-01-21,baghdad_generic,3,3,1480.17,1480.5,1478.5,1482.0,3.5,0.236,,dollar_price:1478.5|dollariraqi:1482|iqborsa:1481
2026-01-21,baghdad_harithiya,1,1,1481.0,1481.0,1481.0,1481.0,0.0,0.0,,dollariraqi:1481
2026-01-21,baghdad_karrada,1,1,1480.5,1480.5,1480.5,1480.5,0.0,0.0,,dollariraqi:1480.5
2026-01-21,baghdad_kifah,1,1,1481.0,1482.0,1482.0,1482.0,0.0,0.0,,dollariraqi:1482
2026-01-21,basra,2,2,1478.25,1478.75,1477.5,1480.0,2.5,0.169,,dollar_price:1477.5|dollariraqi:1480
2026-01-21,erbil,1,1,1481.5,1480.5,1480.5,1480.5,0.0,0.0,,dollariraqi:1480.5
2026-01-22,baghdad_generic,3,3,1478.83,1479.17,1478.0,1480.0,2.0,0.135,,dollar_price:1479.5|dollariraqi:1478|iqborsa:1480
2026-01-22,baghdad_harithiya,1,1,1480.5,1480.5,1480.5,1480.5,0.0,0.0,,dollariraqi:1480.5
2026-01-22,baghdad_kifah,1,1,1480.5,1480.5,1480.5,1480.5,0.0,0.0,,dollariraqi:1480.5
2026-01-22,basra,1,1,1479.5,1477.0,1477.0,1477.0,0.0,0.0,,dollariraqi:1477
2026-01-22,erbil,1,1,1479.0,1479.5,1479.5,1479.5,0.0,0.0,,dollariraqi:1479.5
2026-01-25,babil,1,1,1491.0,1491.0,1491.0,1491.0,0.0,0.0,,dollariraqi:1491
2026-01-25,baghdad_generic,3,3,1486.17,1488.83,1487.0,1492.0,5.0,0.336,,dollar_price:1487|dollariraqi:1492|iqborsa:1487.5
2026-01-25,baghdad_harithiya,1,1,1490.0,1490.0,1490.0,1490.0,0.0,0.0,,dollariraqi:1490
2026-01-25,baghdad_kifah,1,1,1481.5,1490.0,1490.0,1490.0,0.0,0.0,,dollariraqi:1490
2026-01-25,baghdad_samawal,1,1,1481.0,1481.0,1481.0,1481.0,0.0,0.0,,dollariraqi:1481
2026-01-25,basra,1,1,1481.0,1488.0,1488.0,1488.0,0.0,0.0,,dollariraqi:1488
2026-01-25,erbil,1,1,1482.0,1495.0,1495.0,1495.0,0.0,0.0,,dollariraqi:1495
2026-01-26,babil,1,1,1503.0,1503.0,1503.0,1503.0,0.0,0.0,,dollariraqi:1503
2026-01-26,baghdad_generic,3,2,1491.5,1500.25,1493.0,1524.0,31.0,2.066,dollariraqi,dollar_price:1493|dollariraqi:1524|iqborsa:1507.5
2026-01-26,baghdad_harithiya,1,1,1505.0,1521.0,1521.0,1521.0,0.0,0.0,,dollariraqi:1521
2026-01-26,baghdad_kifah,1,1,1504.0,1522.0,1522.0,1522.0,0.0,0.0,,dollariraqi:1522
2026-01-26,basra,1,1,1503.0,1515.0,1515.0,1515.0,0.0,0.0,,dollariraqi:1515
2026-01-26,erbil,2,2,1514.0,1527.0,1517.0,1537.0,20.0,1.31,,dollariraqi:1537|iqborsa:1517
2026-01-27,baghdad_generic,2,2,1532.25,1526.75,1522.5,1531.0,8.5,0.557,,dollariraqi:1531|iqborsa:1522.5
2026-01-27,baghdad_harithiya,1,1,1534.5,1534.5,1534.5,1534.5,0.0,0.0,,dollariraqi:1534.5
2026-01-27,baghdad_karrada,1,1,1534.0,1534.0,1534.0,1534.0,0.0,0.0,,dollariraqi:1534
2026-01-27,baghdad_kifah,1,1,1530.0,1534.0,1534.0,1534.0,0.0,0.0,,dollariraqi:1534
2026-01-27,baghdad_samawal,1,1,1534.0,1534.0,1534.0,1534.0,0.0,0.0,,dollariraqi:1534
2026-01-27,baghdad_shorja,1,1,1533.0,1533.0,1533.0,1533.0,0.0,0.0,,dollariraqi:1533
2026-01-27,basra,1,1,1520.0,1530.0,1530.0,1530.0,0.0,0.0,,dollariraqi:1530
2026-01-27,erbil,2,2,1541.5,1545.0,1540.0,1550.0,10.0,0.647,,dollariraqi:1540|iqborsa:1550
2026-01-28,baghdad_generic,2,2,1525.5,1511.0,1493.0,1529.0,36.0,2.383,,dollar_price:1529|iqborsa:1493
2026-01-28,baghdad_harithiya,1,1,1522.5,1522.5,1522.5,1522.5,0.0,0.0,,dollariraqi:1522.5
2026-01-28,baghdad_karrada,1,1,1523.0,1516.0,1516.0,1516.0,0.0,0.0,,dollariraqi:1516
2026-01-28,baghdad_kifah,1,1,1524.0,1496.0,1496.0,1496.0,0.0,0.0,,dollariraqi:1496
2026-01-28,baghdad_samawal,1,1,1525.0,1525.0,1525.0,1525.0,0.0,0.0,,dollariraqi:1525
2026-01-28,basra,3,2,1523.17,1525.5,1490.0,1528.0,38.0,2.491,dollariraqi,dollar_price:1523|dollariraqi:1490|iqborsa:1528
2026-01-28,erbil,2,2,1539.25,1518.75,1499.0,1538.5,39.5,2.601,,dollariraqi:1499|iqborsa:1538.5
2026-01-29,babil,1,1,1502.0,1502.0,1502.0,1502.0,0.0,0.0,,dollariraqi:1502
2026-01-29,baghdad_generic,2,2,1498.0,1498.5,1497.0,1500.0,3.0,0.2,,dollar_price:1497|iqborsa:1500
2026-01-29,baghdad_harithiya,1,1,1501.0,1503.0,1503.0,1503.0,0.0,0.0,,dollariraqi:1503
2026-01-29,baghdad_kifah,1,1,1500.0,1502.0,1502.0,1502.0,0.0,0.0,,dollariraqi:1502
2026-01-29,baghdad_samawal,1,1,1495.5,1495.5,1495.5,1495.5,0.0,0.0,,dollariraqi:1495.5
2026-01-29,baghdad_shorja,1,1,1500.0,1500.0,1500.0,1500.0,0.0,0.0,,dollariraqi:1500
2026-01-29,basra,1,1,1493.5,1500.0,1500.0,1500.0,0.0,0.0,,dollariraqi:1500
2026-01-29,erbil,1,1,1501.5,1507.5,1507.5,1507.5,0.0,0.0,,dollariraqi:1507.5
2026-02-01,baghdad_generic,3,3,1482.17,1485.5,1479.0,1489.0,10.0,0.673,,dollar_price:1479|dollariraqi:1489|iqborsa:1488.5
2026-02-01,baghdad_harithiya,1,1,1483.5,1483.5,1483.5,1483.5,0.0,0.0,,dollariraqi:1483.5
2026-02-01,baghdad_karrada,1,1,1483.0,1491.5,1491.5,1491.5,0.0,0.0,,dollariraqi:1491.5
2026-02-01,baghdad_kifah,1,1,1483.5,1491.5,1491.5,1491.5,0.0,0.0,,dollariraqi:1491.5
2026-02-01,basra,1,1,1487.0,1482.0,1482.0,1482.0,0.0,0.0,,dollariraqi:1482
2026-02-01,erbil,1,1,1491.0,1492.0,1492.0,1492.0,0.0,0.0,,dollariraqi:1492
2026-02-02,baghdad_generic,3,3,1490.83,1490.0,1489.0,1491.0,2.0,0.134,,dollar_price:1489|dollariraqi:1491|iqborsa:1490
2026-02-02,baghdad_kifah,1,1,1490.0,1490.0,1490.0,1490.0,0.0,0.0,,dollariraqi:1490
2026-02-02,basra,1,1,1489.0,1487.5,1487.5,1487.5,0.0,0.0,,dollariraqi:1487.5
2026-02-02,erbil,1,1,1488.0,1488.5,1488.5,1488.5,0.0,0.0,,dollariraqi:1488.5
2026-02-03,baghdad_generic,3,3,1494.0,1495.67,1491.0,1498.5,7.5,0.501,,dollar_price:1491|dollariraqi:1498.5|iqborsa:1497.5
2026-02-03,baghdad_harithiya,1,1,1495.0,1495.0,1495.0,1495.0,0.0,0.0,,dollariraqi:1495
2026-02-03,baghdad_kifah,1,1,1495.0,1495.0,1495.0,1495.0,0.0,0.0,,dollariraqi:1495
2026-02-03,basra,1,1,1492.0,1498.0,1498.0,1498.0,0.0,0.0,,dollariraqi:1498
2026-02-03,erbil,1,1,1493.0,1498.5,1498.5,1498.5,0.0,0.0,,dollariraqi:1498.5
2026-02-04,baghdad_generic,3,3,1498.33,1496.67,1495.0,1498.0,3.0,0.2,,dollar_price:1497|dollariraqi:1498|iqborsa:1495
2026-02-04,baghdad_harithiya,1,1,1503.0,1503.0,1503.0,1503.0,0.0,0.0,,dollariraqi:1503
2026-02-04,baghdad_kifah,1,1,1502.5,1502.5,1502.5,1502.5,0.0,0.0,,dollariraqi:1502.5
2026-02-04,basra,2,2,1498.0,1496.5,1496.0,1497.0,1.0,0.067,,dollar_price:1496|dollariraqi:1497
2026-02-04,erbil,1,1,1505.0,1495.5,1495.5,1495.5,0.0,0.0,,dollariraqi:1495.5
2026-02-05,baghdad_generic,2,2,1498.5,1499.75,1499.5,1500.0,0.5,0.033,,dollar_price:1499.5|iqborsa:1500
2026-02-05,baghdad_harithiya,1,1,1500.0,1500.0,1500.0,1500.0,0.0,0.0,,iqborsa:1500
2026-02-05,baghdad_kifah,1,1,1499.5,1502.0,1502.0,1502.0,0.0,0.0,,dollariraqi:1502
2026-02-05,baghdad_samawal,1,1,1499.5,1499.5,1499.5,1499.5,0.0,0.0,,dollariraqi:1499.5
2026-02-05,basra,2,2,1497.5,1498.0,1496.0,1500.0,4.0,0.267,,dollar_price:1496|dollariraqi:1500
2026-02-05,erbil,1,1,1497.5,1501.0,1501.0,1501.0,0.0,0.0,,dollariraqi:1501
2026-02-05,nasiriyah,1,1,1500.5,1501.0,1501.0,1501.0,0.0,0.0,,dollariraqi:1501
2026-02-08,baghdad_generic,3,3,1498.67,1498.67,1498.5,1499.0,0.5,0.033,,dollar_price:1498.5|dollariraqi:1499|iqborsa:1498.5
2026-02-08,baghdad_harithiya,1,1,1499.5,1500.0,1500.0,1500.0,0.0,0.0,,dollariraqi:1500
2026-02-08,baghdad_karrada,1,1,1500.0,1500.0,1500.0,1500.0,0.0,0.0,,dollariraqi:1500
2026-02-08,baghdad_kifah,1,1,1498.5,1498.5,1498.5,1498.5,0.0,0.0,,dollariraqi:1498.5
2026-02-08,basra,2,2,1497.25,1498.25,1497.5,1499.0,1.5,0.1,,dollar_price:1497.5|dollariraqi:1499
2026-02-08,erbil,1,1,1496.5,1498.0,1498.0,1498.0,0.0,0.0,,dollariraqi:1498
2026-02-08,nasiriyah,1,1,1497.5,1498.0,1498.0,1498.0,0.0,0.0,,dollariraqi:1498
2026-02-09,baghdad_generic,2,2,1498.05,1499.75,1499.5,1500.0,0.5,0.033,,dollar_price:1499.5|iqborsa:1500
2026-02-09,baghdad_harithiya,1,1,1500.0,1500.0,1500.0,1500.0,0.0,0.0,,dollariraqi:1500
2026-02-09,baghdad_karrada,1,1,1500.0,1500.0,1500.0,1500.0,0.0,0.0,,dollariraqi:1500
2026-02-09,baghdad_kifah,1,1,1500.5,1500.5,1500.5,1500.5,0.0,0.0,,dollariraqi:1500.5
2026-02-09,baghdad_samawal,1,1,1499.5,1499.5,1499.5,1499.5,0.0,0.0,,dollariraqi:1499.5
2026-02-09,basra,2,2,1498.5,1498.75,1498.5,1499.0,0.5,0.033,,dollar_price:1498.5|dollariraqi:1499
2026-02-09,erbil,1,1,1500.0,1499.0,1499.0,1499.0,0.0,0.0,,dollariraqi:1499
2026-02-09,nasiriyah,1,1,1499.5,1499.5,1499.5,1499.5,0.0,0.0,,dollariraqi:1499.5
2026-02-10,amarah,1,1,1505.0,1502.5,1502.5,1502.5,0.0,0.0,,dollariraqi:1502.5
2026-02-10,baghdad_generic,3,3,1501.5,1501.5,1500.0,1502.5,2.5,0.167,,dollar_price:1502|dollariraqi:1502.5|iqborsa:1500
2026-02-10,baghdad_harithiya,1,1,1505.0,1505.0,1505.0,1505.0,0.0,0.0,,dollariraqi:1505
2026-02-10,baghdad_kifah,1,1,1504.0,1505.0,1505.0,1505.0,0.0,0.0,,dollariraqi:1505
2026-02-10,baghdad_samawal,1,1,1504.0,1505.0,1505.0,1505.0,0.0,0.0,,dollariraqi:1505
2026-02-10,baghdad_shorja,1,1,1505.0,1505.0,1505.0,1505.0,0.0,0.0,,dollariraqi:1505
2026-02-10,basra,1,1,1501.5,1501.0,1501.0,1501.0,0.0,0.0,,dollariraqi:1501
2026-02-10,erbil,1,1,1503.5,1501.5,1501.5,1501.5,0.0,0.0,,dollariraqi:1501.5
2026-02-10,nasiriyah,1,1,1502.5,1502.5,1502.5,1502.5,0.0,0.0,,dollariraqi:1502.5
2026-02-11,amarah,1,1,1503.0,1503.0,1503.0,1503.0,0.0,0.0,,dollariraqi:1503
2026-02-11,baghdad_generic,3,3,1507.67,1508.33,1501.0,1514.0,13.0,0.862,,dollar_price:1501|dollariraqi:1514|iqborsa:1510
2026-02-11,basra,1,1,1513.0,1513.0,1513.0,1513.0,0.0,0.0,,dollariraqi:1513
2026-02-11,erbil,1,1,1509.0,1509.0,1509.0,1509.0,0.0,0.0,,dollariraqi:1509
2026-02-12,amarah,1,1,1515.0,1513.0,1513.0,1513.0,0.0,0.0,,dollariraqi:1513
2026-02-12,baghdad_generic,3,3,1513.33,1513.33,1512.5,1514.0,1.5,0.099,,dollar_price:1514|dollariraqi:1513.5|iqborsa:1512.5
2026-02-12,baghdad_karrada,1,1,1517.0,1517.0,1517.0,1517.0,0.0,0.0,,dollariraqi:1517
2026-02-12,baghdad_kifah,1,1,1517.0,1514.0,1514.0,1514.0,0.0,0.0,,dollariraqi:1514
2026-02-12,basra,2,2,1512.75,1511.5,1511.0,1512.0,1.0,0.066,,dollar_price:1512|dollariraqi:1511
2026-02-12,erbil,1,1,1514.0,1510.0,1510.0,1510.0,0.0,0.0,,dollariraqi:1510
2026-02-15,baghdad_generic,3,3,1509.17,1510.33,1509.0,1511.0,2.0,0.132,,dollar_price:1509|dollariraqi:1511|iqborsa:1511
2026-02-15,baghdad_harithiya,1,1,1509.5,1509.5,1509.5,1509.5,0.0,0.0,,dollariraqi:1509.5
2026-02-15,baghdad_karrada,1,1,1506.0,1506.0,1506.0,1506.0,0.0,0.0,,dollariraqi:1506
2026-02-15,baghdad_kifah,1,1,1507.0,1509.0,1509.0,1509.0,0.0,0.0,,dollariraqi:1509
2026-02-15,baghdad_samawal,1,1,1508.5,1508.5,1508.5,1508.5,0.0,0.0,,dollariraqi:1508.5
2026-02-15,basra,1,1,1505.0,1507.5,1507.5,1507.5,0.0,0.0,,dollariraqi:1507.5
2026-02-15,erbil,1,1,1506.5,1508.5,1508.5,1508.5,0.0,0.0,,dollariraqi:1508.5
2026-02-15,nasiriyah,1,1,1507.5,1507.5,1507.5,1507.5,0.0,0.0,,dollariraqi:1507.5
2026-02-16,baghdad_generic,3,3,1514.0,1514.67,1514.0,1516.0,2.0,0.132,,dollar_price:1514|dollariraqi:1516|iqborsa:1514
2026-02-16,baghdad_harithiya,1,1,1513.5,1513.5,1513.5,1513.5,0.0,0.0,,dollariraqi:1513.5
2026-02-16,baghdad_kifah,1,1,1513.0,1513.0,1513.0,1513.0,0.0,0.0,,dollariraqi:1513
2026-02-16,baghdad_samawal,1,1,1513.0,1513.0,1513.0,1513.0,0.0,0.0,,dollariraqi:1513
2026-02-16,basra,1,1,1511.5,1513.5,1513.5,1513.5,0.0,0.0,,dollariraqi:1513.5
2026-02-16,erbil,1,1,1511.5,1515.0,1515.0,1515.0,0.0,0.0,,dollariraqi:1515
2026-02-17,baghdad_generic,2,2,1515.75,1514.5,1513.5,1515.5,2.0,0.132,,dollar_price:1515.5|iqborsa:1513.5
2026-02-17,baghdad_kifah,1,1,1514.5,1517.5,1517.5,1517.5,0.0,0.0,,dollariraqi:1517.5
2026-02-17,basra,1,1,1512.5,1515.0,1515.0,1515.0,0.0,0.0,,dollariraqi:1515
2026-02-17,erbil,1,1,1514.5,1517.5,1517.5,1517.5,0.0,0.0,,dollariraqi:1517.5
2026-02-18,baghdad_generic,3,3,1518.5,1520.17,1518.0,1522.5,4.5,0.296,,dollar_price:1518|dollariraqi:1522.5|iqborsa:1520
2026-02-18,baghdad_harithiya,2,2,1520.25,1520.25,1518.0,1522.5,4.5,0.296,,dollariraqi:1522.5|iqborsa:1518
2026-02-18,baghdad_karrada,1,1,1519.0,1519.0,1519.0,1519.0,0.0,0.0,,dollariraqi:1519
2026-02-18,baghdad_kifah,1,1,1518.5,1522.5,1522.5,1522.5,0.0,0.0,,dollariraqi:1522.5
2026-02-18,baghdad_samawal,1,1,1523.0,1523.0,1523.0,1523.0,0.0,0.0,,dollariraqi:1523
2026-02-18,basra,2,2,1516.25,1518.0,1516.0,1520.0,4.0,0.264,,dollar_price:1516|dollariraqi:1520
2026-02-18,erbil,1,1,1519.0,1522.0,1522.0,1522.0,0.0,0.0,,dollariraqi:1522
2026-02-19,baghdad_generic,3,3,1526.5,1528.17,1527.0,1530.0,3.0,0.196,,dollar_price:1527|dollariraqi:1530|iqborsa:1527.5
2026-02-19,baghdad_harithiya,1,1,1527.5,1527.5,1527.5,1527.5,0.0,0.0,,dollariraqi:1527.5
2026-02-19,baghdad_kifah,1,1,1527.0,1527.0,1527.0,1527.0,0.0,0.0,,dollariraqi:1527
2026-02-19,baghdad_samawal,1,1,1527.5,1527.5,1527.5,1527.5,0.0,0.0,,dollariraqi:1527.5
2026-02-19,basra,2,2,1525.25,1526.0,1524.5,1527.5,3.0,0.197,,dollar_price:1524.5|dollariraqi:1527.5
2026-02-19,erbil,1,1,1527.5,1529.0,1529.0,1529.0,0.0,0.0,,dollariraqi:1529
2026-02-22,baghdad_generic,3,3,1526.42,1526.58,1526.25,1527.0,0.75,0.049,,dollar_price:1527|dollariraqi:1526.25|iqborsa:1526.5
2026-02-22,baghdad_harithiya,1,1,1527.5,1527.5,1527.5,1527.5,0.0,0.0,,dollariraqi:1527.5
2026-02-22,baghdad_kifah,1,1,1527.5,1527.5,1527.5,1527.5,0.0,0.0,,dollariraqi:1527.5
2026-02-22,baghdad_samawal,1,1,1527.5,1527.5,1527.5,1527.5,0.0,0.0,,dollariraqi:1527.5
2026-02-22,baghdad_shorja,1,1,1527.5,1527.5,1527.5,1527.5,0.0,0.0,,dollariraqi:1527.5
2026-02-22,basra,2,2,1524.75,1524.25,1524.0,1524.5,0.5,0.033,,dollar_price:1524|dollariraqi:1524.5
2026-02-22,erbil,1,1,1526.5,1525.0,1525.0,1525.0,0.0,0.0,,dollariraqi:1525
2026-02-23,baghdad_generic,2,2,1525.75,1528.25,1526.5,1530.0,3.5,0.229,,dollar_price:1526.5|iqborsa:1530
2026-02-23,baghdad_harithiya,1,1,1527.0,1531.5,1531.5,1531.5,0.0,0.0,,dollariraqi:1531.5
2026-02-23,baghdad_karrada,1,1,1527.0,1527.0,1527.0,1527.0,0.0,0.0,,dollariraqi:1527
2026-02-23,baghdad_kifah,1,1,1527.0,1532.0,1532.0,1532.0,0.0,0.0,,dollariraqi:1532
2026-02-23,baghdad_samawal,1,1,1527.5,1527.5,1527.5,1527.5,0.0,0.0,,dollariraqi:1527.5
2026-02-23,basra,2,2,1524.5,1526.25,1524.5,1528.0,3.5,0.229,,dollar_price:1524.5|dollariraqi:1528
2026-02-23,erbil,1,1,1523.5,1527.75,1527.75,1527.75,0.0,0.0,,dollariraqi:1527.75
2026-02-24,baghdad_generic,3,3,1534.17,1535.0,1533.0,1536.5,3.5,0.228,,dollar_price:1533|dollariraqi:1536.5|iqborsa:1535.5
2026-02-24,baghdad_karrada,1,1,1535.5,1535.5,1535.5,1535.5,0.0,0.0,,dollariraqi:1535.5
2026-02-24,baghdad_kifah,1,1,1536.0,1536.0,1536.0,1536.0,0.0,0.0,,dollariraqi:1536
2026-02-24,baghdad_samawal,1,1,1537.0,1537.0,1537.0,1537.0,0.0,0.0,,dollariraqi:1537
2026-02-24,basra,1,1,1534.0,1534.5,1534.5,1534.5,0.0,0.0,,dollariraqi:1534.5
2026-02-24,erbil,1,1,1532.5,1531.0,1531.0,1531.0,0.0,0.0,,dollariraqi:1531
2026-02-25,baghdad_generic,3,3,1540.0,1537.67,1535.0,1540.0,5.0,0.325,,dollar_price:1538|dollariraqi:1535|iqborsa:1540
2026-02-25,basra,1,1,1537.5,1531.0,1531.0,1531.0,0.0,0.0,,dollariraqi:1531
2026-02-25,erbil,1,1,1534.0,1533.0,1533.0,1533.0,0.0,0.0,,dollariraqi:1533
2026-02-26,baghdad_generic,3,3,1536.5,1533.83,1532.5,1536.0,3.5,0.228,,dollar_price:1536|dollariraqi:1533|iqborsa:1532.5
2026-02-26,basra,2,2,1533.0,1531.5,1530.0,1533.0,3.0,0.196,,dollar_price:1533|dollariraqi:1530
2026-02-26,erbil,1,1,1528.0,1527.5,1527.5,1527.5,0.0,0.0,,dollariraqi:1527.5
2026-03-01,baghdad_generic,1,1,1545.0,1545.0,1545.0,1545.0,0.0,0.0,,dollar_price:1545
2026-03-01,baghdad_harithiya,1,1,1546.5,1546.5,1546.5,1546.5,0.0,0.0,,dollariraqi:1546.5
2026-03-01,baghdad_karrada,1,1,1545.0,1545.0,1545.0,1545.0,0.0,0.0,,dollariraqi:1545
2026-03-01,baghdad_kifah,2,2,1565.75,1552.25,1547.0,1557.5,10.5,0.676,,dollariraqi:1547|iqborsa:1557.5
2026-03-01,baghdad_samawal,1,1,1574.0,1574.0,1574.0,1574.0,0.0,0.0,,dollariraqi:1574
2026-03-01,basra,1,1,1572.5,1544.0,1544.0,1544.0,0.0,0.0,,dollariraqi:1544
2026-03-01,erbil,1,1,1568.5,1541.5,1541.5,1541.5,0.0,0.0,,dollariraqi:1541.5
2026-03-02,baghdad_generic,2,2,1547.5,1548.5,1547.0,1550.0,3.0,0.194,,dollar_price:1547|dollariraqi:1550
2026-03-02,baghdad_harithiya,1,1,1550.0,1550.0,1550.0,1550.0,0.0,0.0,,iqborsa:1550
2026-03-02,baghdad_kifah,2,2,1550.0,1550.0,1550.0,1550.0,0.0,0.0,,dollariraqi:1550|iqborsa:1550
2026-03-02,basra,1,1,1546.0,1549.0,1549.0,1549.0,0.0,0.0,,dollariraqi:1549
2026-03-02,erbil,1,1,1542.0,1546.5,1546.5,1546.5,0.0,0.0,,dollariraqi:1546.5
2026-03-03,baghdad_generic,3,3,1552.17,1552.17,1551.0,1553.5,2.5,0.161,,dollar_price:1551|dollariraqi:1553.5|iqborsa:1552
2026-03-03,baghdad_harithiya,1,1,1552.0,1552.0,1552.0,1552.0,0.0,0.0,,dollariraqi:1552
2026-03-03,baghdad_karrada,1,1,1552.0,1552.0,1552.0,1552.0,0.0,0.0,,dollariraqi:1552
2026-03-03,baghdad_kifah,1,1,1553.0,1553.0,1553.0,1553.0,0.0,0.0,,dollariraqi:1553
2026-03-03,baghdad_samawal,1,1,1552.0,1552.0,1552.0,1552.0,0.0,0.0,,dollariraqi:1552
2026-03-03,basra,2,2,1549.75,1550.25,1549.5,1551.0,1.5,0.097,,dollar_price:1549.5|dollariraqi:1551
2026-03-03,erbil,2,2,1548.0,1548.0,1547.0,1549.0,2.0,0.129,,dollar_price:1547|dollariraqi:1549
2026-03-04,baghdad_generic,3,3,1562.83,1564.17,1560.0,1566.5,6.5,0.416,,dollar_price:1560|dollariraqi:1566|iqborsa:1566.5
2026-03-04,baghdad_harithiya,1,1,1563.5,1563.5,1563.5,1563.5,0.0,0.0,,dollariraqi:1563.5
2026-03-04,baghdad_kifah,1,1,1559.0,1564.0,1564.0,1564.0,0.0,0.0,,dollariraqi:1564
2026-03-04,baghdad_samawal,1,1,1563.0,1565.0,1565.0,1565.0,0.0,0.0,,dollariraqi:1565
2026-03-04,basra,1,1,1562.0,1560.0,1560.0,1560.0,0.0,0.0,,dollariraqi:1560
2026-03-04,erbil,1,1,1552.5,1560.5,1560.5,1560.5,0.0,0.0,,dollariraqi:1560.5
2026-03-05,baghdad_generic,2,2,1564.0,1564.0,1563.0,1565.0,2.0,0.128,,dollar_price:1563|iqborsa:1565
2026-03-05,baghdad_harithiya,2,2,1564.0,1564.25,1562.5,1566.0,3.5,0.224,,dollariraqi:1566|iqborsa:1562.5
2026-03-05,baghdad_kifah,1,1,1565.0,1565.5,1565.5,1565.5,0.0,0.0,,dollariraqi:1565.5
2026-03-05,baghdad_samawal,1,1,1565.0,1566.5,1566.5,1566.5,0.0,0.0,,dollariraqi:1566.5
2026-03-05,basra,1,1,1564.0,1565.0,1565.0,1565.0,0.0,0.0,,dollariraqi:1565
2026-03-05,erbil,1,1,1559.5,1560.5,1560.5,1560.5,0.0,0.0,,dollariraqi:1560.5
2026-03-08,baghdad_generic,2,2,1554.5,1556.75,1554.5,1559.0,4.5,0.289,,dollar_price:1554.5|iqborsa:1559
2026-03-08,baghdad_harithiya,1,1,1558.0,1558.0,1558.0,1558.0,0.0,0.0,,dollariraqi:1558
2026-03-08,baghdad_kifah,1,1,1558.25,1560.0,1560.0,1560.0,0.0,0.0,,dollariraqi:1560
2026-03-08,basra,1,1,1556.0,1558.0,1558.0,1558.0,0.0,0.0,,dollariraqi:1558
2026-03-08,erbil,1,1,1554.0,1554.5,1554.5,1554.5,0.0,0.0,,dollariraqi:1554.5
2026-03-09,baghdad_generic,3,3,1558.17,1555.17,1552.5,1558.0,5.5,0.354,,dollar_price:1558|dollariraqi:1555|iqborsa:1552.5
2026-03-09,basra,1,1,1557.5,1554.0,1554.0,1554.0,0.0,0.0,,dollariraqi:1554
2026-03-09,erbil,1,1,1552.5,1551.0,1551.0,1551.0,0.0,0.0,,dollariraqi:1551
2026-03-10,baghdad_generic,3,3,1543.67,1540.5,1537.0,1547.0,10.0,0.649,,dollar_price:1547|dollariraqi:1537|iqborsa:1537.5
2026-03-10,baghdad_harithiya,1,1,1543.0,1543.0,1543.0,1543.0,0.0,0.0,,dollariraqi:1543
2026-03-10,baghdad_karrada,1,1,1543.0,1543.0,1543.0,1543.0,0.0,0.0,,dollariraqi:1543
2026-03-10,baghdad_kifah,1,1,1543.0,1543.0,1543.0,1543.0,0.0,0.0,,dollariraqi:1543
2026-03-10,baghdad_samawal,1,1,1545.0,1545.0,1545.0,1545.0,0.0,0.0,,dollariraqi:1545
2026-03-10,basra,2,2,1540.75,1539.5,1535.0,1544.0,9.0,0.585,,dollar_price:1544|dollariraqi:1535
2026-03-10,erbil,2,2,1538.5,1536.0,1533.0,1539.0,6.0,0.391,,dollariraqi:1533|iqborsa:1539
2026-03-11,baghdad_generic,2,2,1538.0,1540.75,1538.0,1543.5,5.5,0.357,,dollar_price:1538|iqborsa:1543.5
2026-03-11,baghdad_harithiya,1,1,1542.5,1542.5,1542.5,1542.5,0.0,0.0,,dollariraqi:1542.5
2026-03-11,baghdad_karrada,1,1,1541.5,1541.5,1541.5,1541.5,0.0,0.0,,dollariraqi:1541.5
2026-03-11,baghdad_kifah,1,1,1542.5,1545.5,1545.5,1545.5,0.0,0.0,,dollariraqi:1545.5
2026-03-11,baghdad_samawal,1,1,1542.0,1542.0,1542.0,1542.0,0.0,0.0,,dollariraqi:1542
2026-03-11,baghdad_shorja,1,1,1545.0,1545.0,1545.0,1545.0,0.0,0.0,,dollariraqi:1545
2026-03-11,basra,1,1,1541.0,1544.0,1544.0,1544.0,0.0,0.0,,dollariraqi:1544
2026-03-11,erbil,1,1,1538.0,1543.0,1543.0,1543.0,0.0,0.0,,dollariraqi:1543
2026-03-12,baghdad_generic,2,2,1541.0,1539.75,1538.5,1541.0,2.5,0.162,,dollar_price:1541|iqborsa:1538.5
2026-03-12,baghdad_harithiya,1,1,1541.5,1541.5,1541.5,1541.5,0.0,0.0,,dollariraqi:1541.5
2026-03-12,baghdad_karrada,1,1,1541.0,1541.0,1541.0,1541.0,0.0,0.0,,dollariraqi:1541
2026-03-12,baghdad_kifah,1,1,1541.0,1538.5,1538.5,1538.5,0.0,0.0,,dollariraqi:1538.5
2026-03-12,basra,2,2,1538.0,1536.5,1535.0,1538.0,3.0,0.195,,dollar_price:1538|dollariraqi:1535
2026-03-12,erbil,2,2,1537.25,1537.0,1536.5,1537.5,1.0,0.065,,dollariraqi:1537.5|iqborsa:1536.5
2026-03-15,baghdad_generic,3,3,1544.17,1546.5,1542.5,1549.5,7.0,0.453,,dollar_price:1542.5|dollariraqi:1547.5|iqborsa:1549.5
2026-03-15,baghdad_harithiya,1,1,1545.0,1545.0,1545.0,1545.0,0.0,0.0,,dollariraqi:1545
2026-03-15,baghdad_karrada,1,1,1545.0,1545.0,1545.0,1545.0,0.0,0.0,,dollariraqi:1545
2026-03-15,baghdad_kifah,1,1,1545.0,1545.0,1545.0,1545.0,0.0,0.0,,dollariraqi:1545
2026-03-15,baghdad_samawal,1,1,1545.5,1545.5,1545.5,1545.5,0.0,0.0,,dollariraqi:1545.5
2026-03-15,basra,2,2,1542.5,1543.5,1541.0,1546.0,5.0,0.324,,dollar_price:1541|dollariraqi:1546
2026-03-15,erbil,1,1,1545.0,1548.0,1548.0,1548.0,0.0,0.0,,dollariraqi:1548
2026-03-16,baghdad_generic,3,3,1547.0,1545.83,1545.0,1547.0,2.0,0.129,,dollar_price:1547|dollariraqi:1545.5|iqborsa:1545
2026-03-16,baghdad_harithiya,1,1,1546.0,1546.0,1546.0,1546.0,0.0,0.0,,dollariraqi:1546
2026-03-16,baghdad_karrada,1,1,1546.5,1546.5,1546.5,1546.5,0.0,0.0,,dollariraqi:1546.5
2026-03-16,baghdad_kifah,1,1,1546.5,1546.5,1546.5,1546.5,0.0,0.0,,dollariraqi:1546.5
2026-03-16,basra,1,1,1544.5,1543.5,1543.5,1543.5,0.0,0.0,,dollariraqi:1543.5
2026-03-16,erbil,1,1,1543.5,1542.0,1542.0,1542.0,0.0,0.0,,dollariraqi:1542
2026-03-17,baghdad_generic,2,2,1545.0,1545.75,1545.0,1546.5,1.5,0.097,,dollar_price:1546.5|iqborsa:1545
2026-03-17,baghdad_harithiya,2,2,1555.5,1554.25,1552.5,1556.0,3.5,0.225,,dollariraqi:1556|iqborsa:1552.5
2026-03-17,baghdad_karrada,1,1,1556.0,1556.0,1556.0,1556.0,0.0,0.0,,dollariraqi:1556
2026-03-17,baghdad_kifah,1,1,1555.0,1555.0,1555.0,1555.0,0.0,0.0,,dollariraqi:1555
2026-03-17,basra,1,1,1553.0,1553.0,1553.0,1553.0,0.0,0.0,,dollariraqi:1553
2026-03-17,erbil,1,1,1551.5,1551.5,1551.5,1551.5,0.0,0.0,,dollariraqi:1551.5
2026-03-18,baghdad_generic,2,2,1551.25,1550.0,1550.0,1550.0,0.0,0.0,,dollar_price:1550|dollariraqi:1550
2026-03-18,baghdad_harithiya,2,2,1552.25,1550.75,1549.5,1552.0,2.5,0.161,,dollariraqi:1552|iqborsa:1549.5
2026-03-18,baghdad_karrada,1,1,1551.5,1551.5,1551.5,1551.5,0.0,0.0,,dollariraqi:1551.5
2026-03-18,baghdad_kifah,1,1,1551.5,1551.5,1551.5,1551.5,0.0,0.0,,dollariraqi:1551.5
2026-03-18,baghdad_samawal,1,1,1552.0,1552.0,1552.0,1552.0,0.0,0.0,,dollariraqi:1552
2026-03-18,basra,2,2,1549.25,1548.0,1547.5,1548.5,1.0,0.065,,dollar_price:1548.5|dollariraqi:1547.5
2026-03-18,erbil,2,2,1547.0,1546.5,1545.5,1547.5,2.0,0.129,,dollariraqi:1545.5|iqborsa:1547.5
2026-03-19,baghdad_generic,1,1,1551.0,1551.0,1551.0,1551.0,0.0,0.0,,dollar_price:1551
2026-03-19,baghdad_harithiya,2,2,1550.75,1551.0,1550.5,1551.5,1.0,0.064,,dollariraqi:1550.5|iqborsa:1551.5
2026-03-19,baghdad_kifah,1,1,1550.0,1550.0,1550.0,1550.0,0.0,0.0,,dollariraqi:1550
2026-03-19,baghdad_samawal,1,1,1550.0,1550.0,1550.0,1550.0,0.0,0.0,,dollariraqi:1550
2026-03-19,basra,1,1,1548.5,1548.5,1548.5,1548.5,0.0,0.0,,dollariraqi:1548.5
2026-03-19,erbil,1,1,1547.0,1547.0,1547.0,1547.0,0.0,0.0,,dollariraqi:1547
2026-03-22,baghdad_generic,1,1,1550.0,1545.0,1545.0,1545.0,0.0,0.0,,iqborsa:1545
2026-03-22,erbil,1,1,1550.0,1550.0,1550.0,1550.0,0.0,0.0,,dollar_price:1550
2026-03-23,baghdad_generic,2,2,1546.25,1543.75,1540.0,1547.5,7.5,0.486,,dollar_price:1547.5|iqborsa:1540
2026-03-23,baghdad_harithiya,1,1,1543.5,1543.5,1543.5,1543.5,0.0,0.0,,dollariraqi:1543.5
2026-03-23,baghdad_karrada,1,1,1542.0,1542.0,1542.0,1542.0,0.0,0.0,,dollariraqi:1542
2026-03-23,basra,1,1,1542.5,1542.5,1542.5,1542.5,0.0,0.0,,dollariraqi:1542.5
2026-03-23,erbil,2,2,1540.5,1540.5,1540.0,1541.0,1.0,0.065,,dollariraqi:1541|iqborsa:1540
2026-03-24,baghdad_generic,3,3,1544.17,1544.33,1543.0,1545.5,2.5,0.162,,dollar_price:1543|dollariraqi:1544.5|iqborsa:1545.5
2026-03-24,baghdad_harithiya,1,1,1544.5,1544.5,1544.5,1544.5,0.0,0.0,,dollariraqi:1544.5
2026-03-24,baghdad_kifah,1,1,1543.0,1543.0,1543.0,1543.0,0.0,0.0,,dollariraqi:1543
2026-03-24,baghdad_samawal,1,1,1542.0,1542.0,1542.0,1542.0,0.0,0.0,,dollariraqi:1542
2026-03-24,baghdad_shorja,1,1,1543.0,1543.0,1543.0,1543.0,0.0,0.0,,dollariraqi:1543
2026-03-24,basra,2,2,1540.0,1541.5,1540.0,1543.0,3.0,0.195,,dollar_price:1540|dollariraqi:1543
2026-03-24,erbil,2,2,1540.0,1540.75,1540.0,1541.5,1.5,0.097,,dollar_price:1540|dollariraqi:1541.5
2026-03-25,baghdad_generic,3,3,1544.83,1545.17,1544.5,1546.0,1.5,0.097,,dollar_price:1545|dollariraqi:1546|iqborsa:1544.5
2026-03-25,baghdad_harithiya,1,1,1544.5,1544.5,1544.5,1544.5,0.0,0.0,,dollariraqi:1544.5
2026-03-25,baghdad_karrada,1,1,1544.0,1544.0,1544.0,1544.0,0.0,0.0,,dollariraqi:1544
2026-03-25,baghdad_kifah,1,1,1545.0,1545.0,1545.0,1545.0,0.0,0.0,,dollariraqi:1545
2026-03-25,baghdad_samawal,1,1,1544.5,1544.5,1544.5,1544.5,0.0,0.0,,dollariraqi:1544.5
2026-03-25,basra,2,2,1543.0,1543.5,1543.0,1544.0,1.0,0.065,,dollar_price:1543|dollariraqi:1544
2026-03-25,erbil,3,3,1542.33,1543.67,1542.5,1545.5,3.0,0.194,,dollar_price:1543|dollariraqi:1545.5|iqborsa:1542.5
2026-03-26,baghdad_generic,3,3,1544.83,1544.17,1542.0,1545.5,3.5,0.227,,dollar_price:1545.5|dollariraqi:1545|iqborsa:1542
2026-03-26,baghdad_kifah,1,1,1545.5,1545.5,1545.5,1545.5,0.0,0.0,,dollariraqi:1545.5
2026-03-26,basra,2,2,1543.5,1543.25,1543.0,1543.5,0.5,0.032,,dollar_price:1543.5|dollariraqi:1543
2026-03-26,erbil,3,3,1544.33,1544.33,1543.0,1545.0,2.0,0.13,,dollar_price:1545|dollariraqi:1545|iqborsa:1543
2026-03-29,baghdad_generic,3,3,1546.83,1547.33,1545.0,1549.0,4.0,0.259,,dollar_price:1545|dollariraqi:1549|iqborsa:1548
2026-03-29,baghdad_kifah,1,1,1545.0,1545.0,1545.0,1545.0,0.0,0.0,,dollariraqi:1545
2026-03-29,basra,2,2,1543.0,1545.0,1543.0,1547.0,4.0,0.259,,dollar_price:1543|dollariraqi:1547
2026-03-29,erbil,3,3,1545.0,1546.0,1543.0,1549.0,6.0,0.388,,dollar_price:1546|dollariraqi:1549|iqborsa:1543
2026-03-30,baghdad_generic,2,2,1551.75,1551.75,1551.0,1552.5,1.5,0.097,,dollar_price:1551|iqborsa:1552.5
2026-03-30,baghdad_karrada,1,1,1550.0,1550.0,1550.0,1550.0,0.0,0.0,,dollariraqi:1550
2026-03-30,baghdad_kifah,1,1,1551.0,1551.0,1551.0,1551.0,0.0,0.0,,dollariraqi:1551
2026-03-30,baghdad_samawal,1,1,1550.0,1550.0,1550.0,1550.0,0.0,0.0,,dollariraqi:1550
2026-03-30,basra,2,2,1547.5,1547.5,1547.5,1547.5,0.0,0.0,,dollar_price:1547.5|dollariraqi:1547.5
2026-03-30,erbil,3,3,1550.67,1550.67,1550.5,1551.0,0.5,0.032,,dollar_price:1550.5|dollariraqi:1550.5|iqborsa:1551
2026-03-31,baghdad_generic,3,3,1551.5,1549.67,1547.5,1552.5,5.0,0.323,,dollar_price:1552.5|dollariraqi:1549|iqborsa:1547.5
2026-03-31,baghdad_harithiya,1,1,1553.0,1553.0,1553.0,1553.0,0.0,0.0,,dollariraqi:1553
2026-03-31,baghdad_kifah,1,1,1553.0,1553.0,1553.0,1553.0,0.0,0.0,,dollariraqi:1553
2026-03-31,baghdad_samawal,1,1,1553.0,1553.0,1553.0,1553.0,0.0,0.0,,dollariraqi:1553
2026-03-31,basra,2,2,1550.0,1549.0,1548.0,1550.0,2.0,0.129,,dollar_price:1550|dollariraqi:1548
2026-03-31,erbil,2,2,1553.0,1550.5,1549.5,1551.5,2.0,0.129,,dollariraqi:1549.5|iqborsa:1551.5
2026-04-01,baghdad_generic,3,3,1546.17,1544.33,1542.5,1546.0,3.5,0.227,,dollar_price:1546|dollariraqi:1544.5|iqborsa:1542.5
2026-04-01,basra,1,1,1544.5,1544.5,1544.5,1544.5,0.0,0.0,,dollariraqi:1544.5
2026-04-01,erbil,1,1,1544.5,1544.5,1544.5,1544.5,0.0,0.0,,dollariraqi:1544.5
2026-04-02,baghdad_generic,3,3,1545.0,1545.33,1545.0,1545.5,0.5,0.032,,dollar_price:1545|dollariraqi:1545.5|iqborsa:1545.5
2026-04-02,basra,2,2,1543.0,1543.75,1543.0,1544.5,1.5,0.097,,dollar_price:1543|dollariraqi:1544.5
2026-04-02,erbil,3,3,1550.0,1550.0,1547.0,1556.0,9.0,0.581,,dollar_price:1547|dollariraqi:1547|iqborsa:1556
2026-04-05,baghdad_generic,2,2,1546.75,1546.25,1544.5,1548.0,3.5,0.226,,dollar_price:1548|iqborsa:1544.5
2026-04-05,baghdad_kifah,1,1,1548.0,1548.0,1548.0,1548.0,0.0,0.0,,dollariraqi:1548
2026-04-05,basra,2,2,1546.0,1546.0,1546.0,1546.0,0.0,0.0,,dollar_price:1546|dollariraqi:1546
2026-04-05,erbil,2,2,1548.5,1548.5,1548.5,1548.5,0.0,0.0,,dollar_price:1548.5|dollariraqi:1548.5
2026-04-06,baghdad_generic,2,2,1546.38,1546.38,1545.25,1547.5,2.25,0.146,,dollar_price:1545.25|iqborsa:1547.5
2026-04-06,baghdad_kifah,1,1,1545.25,1546.0,1546.0,1546.0,0.0,0.0,,dollariraqi:1546
2026-04-06,basra,2,2,1544.0,1544.0,1544.0,1544.0,0.0,0.0,,dollar_price:1544|dollariraqi:1544
2026-04-06,erbil,2,2,1546.5,1546.5,1546.5,1546.5,0.0,0.0,,dollar_price:1546.5|dollariraqi:1546.5
2026-04-07,baghdad_generic,3,3,1548.17,1549.33,1547.0,1551.0,4.0,0.258,,dollar_price:1547|dollariraqi:1551|iqborsa:1550
2026-04-07,baghdad_kifah,1,1,1547.0,1547.0,1547.0,1547.0,0.0,0.0,,dollariraqi:1547
2026-04-07,basra,2,2,1545.0,1546.75,1545.0,1548.5,3.5,0.226,,dollar_price:1545|dollariraqi:1548.5
2026-04-07,erbil,2,2,1547.5,1550.0,1547.5,1552.5,5.0,0.323,,dollar_price:1547.5|dollariraqi:1552.5
2026-04-08,baghdad_generic,2,2,1526.5,1526.5,1526.0,1527.0,1.0,0.066,,dollar_price:1527|iqborsa:1526
2026-04-08,baghdad_harithiya,1,1,1526.0,1526.0,1526.0,1526.0,0.0,0.0,,dollariraqi:1526
2026-04-08,baghdad_kifah,1,1,1527.0,1527.0,1527.0,1527.0,0.0,0.0,,dollariraqi:1527
2026-04-08,basra,2,2,1522.0,1522.0,1522.0,1522.0,0.0,0.0,,dollar_price:1522|dollariraqi:1522
2026-04-08,erbil,2,2,1531.0,1531.0,1531.0,1531.0,0.0,0.0,,dollar_price:1531|dollariraqi:1531
2026-04-09,baghdad_generic,2,2,1531.25,1531.0,1530.0,1532.0,2.0,0.131,,dollar_price:1530|iqborsa:1532
2026-04-09,baghdad_kifah,1,1,1530.0,1532.0,1532.0,1532.0,0.0,0.0,,dollariraqi:1532
2026-04-09,basra,2,2,1528.0,1529.0,1528.0,1530.0,2.0,0.131,,dollar_price:1528|dollariraqi:1530
2026-04-09,erbil,2,2,1532.5,1532.5,1532.5,1532.5,0.0,0.0,,dollar_price:1532.5|dollariraqi:1532.5
2026-04-12,baghdad_generic,2,2,1539.5,1542.0,1539.0,1545.0,6.0,0.389,,dollar_price:1539|iqborsa:1545
2026-04-12,baghdad_samawal,1,1,1539.0,1539.0,1539.0,1539.0,0.0,0.0,,dollariraqi:1539
2026-04-12,basra,2,2,1536.0,1536.0,1535.0,1537.0,2.0,0.13,,dollar_price:1537|dollariraqi:1535
2026-04-12,erbil,2,2,1538.5,1538.5,1538.5,1538.5,0.0,0.0,,dollar_price:1538.5|dollariraqi:1538.5
2026-04-13,baghdad_generic,3,3,1540.33,1539.5,1537.5,1541.5,4.0,0.26,,dollar_price:1539.5|dollariraqi:1541.5|iqborsa:1537.5
2026-04-13,basra,2,2,1540.0,1540.0,1540.0,1540.0,0.0,0.0,,dollar_price:1540|dollariraqi:1540
2026-04-13,erbil,2,2,1541.0,1541.0,1541.0,1541.0,0.0,0.0,,dollar_price:1541|dollariraqi:1541
2026-04-14,baghdad_generic,3,3,1535.0,1533.83,1532.5,1535.0,2.5,0.163,,dollar_price:1535|dollariraqi:1534|iqborsa:1532.5
2026-04-14,basra,2,2,1535.0,1535.25,1535.0,1535.5,0.5,0.033,,dollar_price:1535|dollariraqi:1535.5
2026-04-14,erbil,2,2,1536.5,1536.0,1535.5,1536.5,1.0,0.065,,dollar_price:1536.5|dollariraqi:1535.5
2026-04-15,baghdad_generic,3,3,1535.0,1535.33,1533.5,1536.5,3.0,0.195,,dollar_price:1536.5|dollariraqi:1536|iqborsa:1533.5
2026-04-15,basra,2,2,1535.5,1535.25,1535.0,1535.5,0.5,0.033,,dollar_price:1535.5|dollariraqi:1535
2026-04-15,erbil,2,2,1536.0,1536.25,1536.0,1536.5,0.5,0.033,,dollar_price:1536|dollariraqi:1536.5
2026-04-16,baghdad_generic,2,2,1533.0,1533.0,1532.5,1533.5,1.0,0.065,,dollar_price:1533.5|iqborsa:1532.5
2026-04-19,baghdad_generic,3,3,1530.5,1530.17,1529.5,1531.0,1.5,0.098,,dollar_price:1530|dollariraqi:1531|iqborsa:1529.5
2026-04-19,basra,1,1,1530.0,1530.0,1530.0,1530.0,0.0,0.0,,dollariraqi:1530
2026-04-19,erbil,1,1,1532.5,1532.5,1532.5,1532.5,0.0,0.0,,dollariraqi:1532.5
2026-04-20,baghdad_generic,2,2,1531.0,1540.75,1539.0,1542.5,3.5,0.227,,dollariraqi:1539|iqborsa:1542.5
2026-04-20,basra,1,1,1530.0,1538.0,1538.0,1538.0,0.0,0.0,,dollariraqi:1538
2026-04-20,erbil,1,1,1531.5,1543.5,1543.5,1543.5,0.0,0.0,,dollariraqi:1543.5
2026-04-21,baghdad_generic,3,3,1545.33,1546.17,1545.0,1547.5,2.5,0.162,,dollar_price:1546|dollariraqi:1545|iqborsa:1547.5
2026-04-21,basra,1,1,1544.0,1544.0,1544.0,1544.0,0.0,0.0,,dollariraqi:1544
2026-04-21,erbil,1,1,1544.5,1544.5,1544.5,1544.5,0.0,0.0,,dollariraqi:1544.5
2026-04-22,baghdad_generic,3,3,1550.0,1550.83,1550.0,1552.5,2.5,0.161,,dollar_price:1550|dollariraqi:1550|iqborsa:1552.5
2026-04-22,basra,2,2,1549.0,1549.0,1549.0,1549.0,0.0,0.0,,dollar_price:1549|dollariraqi:1549
2026-04-22,erbil,1,1,1548.0,1548.5,1548.5,1548.5,0.0,0.0,,dollariraqi:1548.5
2026-04-23,baghdad_generic,3,3,1556.5,1552.83,1550.0,1556.0,6.0,0.386,,dollar_price:1556|dollariraqi:1552.5|iqborsa:1550
2026-04-23,basra,2,2,1555.0,1553.0,1551.0,1555.0,4.0,0.258,,dollar_price:1555|dollariraqi:1551
2026-04-23,erbil,2,2,1555.0,1552.5,1550.0,1555.0,5.0,0.322,,dollar_price:1555|dollariraqi:1550
2026-04-26,baghdad_generic,3,3,1554.17,1551.0,1547.5,1555.0,7.5,0.484,,dollar_price:1555|dollariraqi:1550.5|iqborsa:1547.5
2026-04-26,basra,2,2,1552.5,1550.25,1548.0,1552.5,4.5,0.29,,dollar_price:1552.5|dollariraqi:1548
2026-04-26,erbil,2,2,1552.0,1549.5,1547.0,1552.0,5.0,0.323,,dollar_price:1552|dollariraqi:1547
2026-04-27,baghdad_generic,3,3,1548.5,1548.5,1547.5,1549.0,1.5,0.097,,dollar_price:1549|dollariraqi:1549|iqborsa:1547.5
2026-04-27,basra,2,2,1548.0,1548.0,1548.0,1548.0,0.0,0.0,,dollar_price:1548|dollariraqi:1548
2026-04-27,erbil,2,2,1547.75,1547.75,1546.5,1549.0,2.5,0.162,,dollar_price:1549|dollariraqi:1546.5
2026-04-28,baghdad_generic,3,3,1543.5,1542.83,1539.5,1544.5,5.0,0.324,,dollar_price:1544.5|dollariraqi:1544.5|iqborsa:1539.5
2026-04-28,basra,2,2,1543.0,1543.0,1543.0,1543.0,0.0,0.0,,dollar_price:1543|dollariraqi:1543
2026-04-28,erbil,2,2,1541.0,1541.0,1541.0,1541.0,0.0,0.0,,dollar_price:1541|dollariraqi:1541
2026-04-29,baghdad_generic,3,3,1533.67,1535.0,1533.0,1536.5,3.5,0.228,,dollar_price:1533|dollariraqi:1535.5|iqborsa:1536.5
2026-04-29,basra,2,2,1532.0,1533.25,1532.0,1534.5,2.5,0.163,,dollar_price:1532|dollariraqi:1534.5
2026-04-29,erbil,2,2,1533.0,1534.25,1533.0,1535.5,2.5,0.163,,dollar_price:1533|dollariraqi:1535.5
2026-04-30,baghdad_generic,3,3,1538.5,1539.33,1538.0,1540.0,2.0,0.13,,dollar_price:1540|dollariraqi:1538|iqborsa:1540
2026-04-30,basra,1,1,1538.5,1538.5,1538.5,1538.5,0.0,0.0,,dollariraqi:1538.5
2026-04-30,erbil,1,1,1537.5,1537.5,1537.5,1537.5,0.0,0.0,,dollariraqi:1537.5
2026-05-03,baghdad_generic,3,3,1528.17,1525.33,1522.5,1529.5,7.0,0.459,,dollar_price:1529.5|dollariraqi:1524|iqborsa:1522.5
2026-05-03,basra,2,2,1529.5,1526.75,1524.0,1529.5,5.5,0.36,,dollar_price:1529.5|dollariraqi:1524
2026-05-03,erbil,2,2,1528.5,1526.25,1524.0,1528.5,4.5,0.295,,dollar_price:1528.5|dollariraqi:1524
2026-05-04,baghdad_generic,3,3,1524.33,1527.5,1525.0,1532.5,7.5,0.491,,dollar_price:1525|dollariraqi:1525|iqborsa:1532.5
2026-05-04,basra,2,2,1525.0,1525.0,1525.0,1525.0,0.0,0.0,,dollar_price:1525|dollariraqi:1525
2026-05-04,erbil,2,2,1525.5,1525.5,1525.5,1525.5,0.0,0.0,,dollar_price:1525.5|dollariraqi:1525.5
2026-05-05,baghdad_generic,3,3,1531.33,1533.33,1531.0,1535.0,4.0,0.261,,dollar_price:1531|dollariraqi:1535|iqborsa:1534
2026-05-05,basra,2,2,1531.0,1532.75,1531.0,1534.5,3.5,0.228,,dollar_price:1531|dollariraqi:1534.5
2026-05-05,erbil,2,2,1530.5,1531.5,1530.5,1532.5,2.0,0.131,,dollar_price:1530.5|dollariraqi:1532.5
2026-05-06,baghdad_generic,3,3,1529.17,1529.17,1528.0,1530.0,2.0,0.131,,dollar_price:1528|dollariraqi:1529.5|iqborsa:1530
2026-05-06,basra,2,2,1528.25,1528.75,1528.0,1529.5,1.5,0.098,,dollar_price:1528|dollariraqi:1529.5
2026-05-06,erbil,1,1,1526.5,1528.0,1528.0,1528.0,0.0,0.0,,dollariraqi:1528
2026-05-07,baghdad_generic,3,3,1529.5,1530.83,1529.5,1532.0,2.5,0.163,,dollar_price:1529.5|dollariraqi:1531|iqborsa:1532
2026-05-07,basra,2,2,1529.5,1530.25,1529.5,1531.0,1.5,0.098,,dollar_price:1529.5|dollariraqi:1531
2026-05-07,erbil,2,2,1527.5,1528.0,1527.5,1528.5,1.0,0.065,,dollar_price:1527.5|dollariraqi:1528.5
2026-05-10,baghdad_generic,3,3,1539.67,1539.33,1539.0,1540.0,1.0,0.065,,dollar_price:1540|dollariraqi:1539|iqborsa:1539
2026-05-10,baghdad_kifah,1,1,1541.0,1541.0,1541.0,1541.0,0.0,0.0,,dollariraqi:1541
2026-05-10,basra,1,1,1539.5,1539.5,1539.5,1539.5,0.0,0.0,,dollariraqi:1539.5
2026-05-10,erbil,1,1,1534.5,1534.0,1534.0,1534.0,0.0,0.0,,dollariraqi:1534
2026-05-11,baghdad_generic,3,3,1542.0,1541.5,1540.0,1542.5,2.5,0.162,,dollar_price:1542|dollariraqi:1542.5|iqborsa:1540
2026-05-11,basra,1,1,1542.5,1542.5,1542.5,1542.5,0.0,0.0,,dollariraqi:1542.5
2026-05-11,erbil,1,1,1536.5,1536.5,1536.5,1536.5,0.0,0.0,,dollariraqi:1536.5
2026-05-12,baghdad_generic,3,3,1542.5,1541.17,1537.5,1543.0,5.5,0.357,,dollar_price:1543|dollariraqi:1543|iqborsa:1537.5
2026-05-12,basra,2,2,1543.0,1543.0,1543.0,1543.0,0.0,0.0,,dollar_price:1543|dollariraqi:1543
2026-05-12,erbil,2,2,1539.0,1539.0,1539.0,1539.0,0.0,0.0,,dollar_price:1539|dollariraqi:1539
2026-05-13,baghdad_generic,3,3,1537.67,1538.17,1537.5,1538.5,1.0,0.065,,dollar_price:1537.5|dollariraqi:1538.5|iqborsa:1538.5
2026-05-13,basra,2,2,1537.5,1538.0,1537.5,1538.5,1.0,0.065,,dollar_price:1537.5|dollariraqi:1538.5
2026-05-13,erbil,2,2,1535.5,1535.5,1535.5,1535.5,0.0,0.0,,dollar_price:1535.5|dollariraqi:1535.5
2026-05-14,baghdad_generic,3,3,1538.0,1538.33,1537.5,1539.0,1.5,0.098,,dollar_price:1537.5|dollariraqi:1538.5|iqborsa:1539
2026-05-14,basra,2,2,1538.5,1538.5,1538.5,1538.5,0.0,0.0,,dollar_price:1538.5|dollariraqi:1538.5
2026-05-14,erbil,2,2,1535.0,1535.0,1535.0,1535.0,0.0,0.0,,dollar_price:1535|dollariraqi:1535
2026-05-17,baghdad_generic,3,3,1539.0,1539.67,1538.5,1540.5,2.0,0.13,,dollar_price:1538.5|dollariraqi:1540.5|iqborsa:1540
2026-05-17,basra,1,1,1541.0,1540.5,1540.5,1540.5,0.0,0.0,,dollariraqi:1540.5
2026-05-17,erbil,1,1,1537.5,1537.0,1537.0,1537.0,0.0,0.0,,dollariraqi:1537
2026-05-18,baghdad_generic,3,3,1541.33,1540.67,1540.0,1542.0,2.0,0.13,,dollar_price:1542|dollariraqi:1540|iqborsa:1540
2026-05-18,basra,2,2,1542.0,1541.0,1540.0,1542.0,2.0,0.13,,dollar_price:1542|dollariraqi:1540
2026-05-18,erbil,2,2,1539.0,1538.25,1537.5,1539.0,1.5,0.098,,dollar_price:1539|dollariraqi:1537.5
2026-05-19,baghdad_generic,3,3,1537.17,1536.83,1536.5,1537.5,1.0,0.065,,dollar_price:1537.5|dollariraqi:1536.5|iqborsa:1536.5
2026-05-19,basra,1,1,1536.5,1536.5,1536.5,1536.5,0.0,0.0,,dollariraqi:1536.5
2026-05-19,erbil,1,1,1534.75,1534.75,1534.75,1534.75,0.0,0.0,,dollariraqi:1534.75
2026-05-20,baghdad_generic,3,3,1535.67,1536.33,1536.0,1536.5,0.5,0.033,,dollar_price:1536|dollariraqi:1536.5|iqborsa:1536.5
2026-05-20,basra,2,2,1535.75,1536.0,1535.5,1536.5,1.0,0.065,,dollar_price:1535.5|dollariraqi:1536.5
2026-05-20,erbil,2,2,1534.75,1534.88,1534.75,1535.0,0.25,0.016,,dollar_price:1534.75|dollariraqi:1535
2026-05-21,baghdad_generic,3,3,1535.67,1536.5,1536.0,1537.0,1.0,0.065,,dollar_price:1537|dollariraqi:1536|iqborsa:1536.5
2026-05-21,basra,2,2,1536.0,1536.0,1536.0,1536.0,0.0,0.0,,dollar_price:1536|dollariraqi:1536
2026-05-21,erbil,1,1,1534.75,1534.75,1534.75,1534.75,0.0,0.0,,dollariraqi:1534.75
2026-05-24,baghdad_generic,3,3,1529.5,1530.83,1530.5,1531.0,0.5,0.033,,dollar_price:1530.5|dollariraqi:1531|iqborsa:1531
2026-05-24,basra,2,2,1530.5,1531.25,1530.5,1532.0,1.5,0.098,,dollar_price:1530.5|dollariraqi:1532
2026-05-24,erbil,2,2,1528.5,1528.25,1528.0,1528.5,0.5,0.033,,dollar_price:1528.5|dollariraqi:1528
2026-05-25,baghdad_generic,3,3,1532.0,1532.5,1531.5,1533.0,1.5,0.098,,dollar_price:1533|dollariraqi:1533|iqborsa:1531.5
2026-05-25,basra,2,2,1533.0,1533.0,1533.0,1533.0,0.0,0.0,,dollar_price:1533|dollariraqi:1533
2026-05-25,erbil,2,2,1529.5,1529.5,1529.5,1529.5,0.0,0.0,,dollar_price:1529.5|dollariraqi:1529.5
2026-05-26,baghdad_generic,3,3,1533.83,1534.67,1534.5,1535.0,0.5,0.033,,dollar_price:1534.5|dollariraqi:1534.5|iqborsa:1535
2026-05-26,basra,1,1,1534.5,1534.5,1534.5,1534.5,0.0,0.0,,dollariraqi:1534.5
2026-05-26,erbil,1,1,1530.5,1530.5,1530.5,1530.5,0.0,0.0,,dollariraqi:1530.5
2026-05-27,baghdad_generic,1,1,1532.5,1532.5,1532.5,1532.5,0.0,0.0,,iqborsa:1532.5
2026-05-28,baghdad_generic,1,1,1532.0,1532.0,1532.0,1532.0,0.0,0.0,,iqborsa:1532
2026-05-31,baghdad_generic,3,3,1533.33,1533.83,1533.5,1534.5,1.0,0.065,,dollar_price:1533.5|dollariraqi:1533.5|iqborsa:1534.5
2026-05-31,basra,2,2,1533.5,1533.5,1533.5,1533.5,0.0,0.0,,dollar_price:1533.5|dollariraqi:1533.5
2026-05-31,erbil,2,2,1530.0,1530.0,1530.0,1530.0,0.0,0.0,,dollar_price:1530|dollariraqi:1530
2026-06-01,baghdad_generic,3,3,1535.0,1536.67,1535.0,1537.5,2.5,0.163,,dollar_price:1535|dollariraqi:1537.5|iqborsa:1537.5
2026-06-01,basra,1,1,1535.5,1538.0,1538.0,1538.0,0.0,0.0,,dollariraqi:1538
2026-06-01,erbil,1,1,1534.0,1536.5,1536.5,1536.5,0.0,0.0,,dollariraqi:1536.5
2026-06-02,baghdad_generic,3,3,1537.17,1537.33,1536.0,1538.5,2.5,0.163,,dollar_price:1537.5|dollariraqi:1538.5|iqborsa:1536
2026-06-02,basra,2,2,1537.5,1538.25,1537.5,1539.0,1.5,0.098,,dollar_price:1537.5|dollariraqi:1539
2026-06-02,erbil,2,2,1535.5,1536.13,1535.5,1536.75,1.25,0.081,,dollar_price:1535.5|dollariraqi:1536.75
2026-06-03,baghdad_generic,3,3,1540.0,1538.67,1537.5,1540.0,2.5,0.162,,dollar_price:1540|dollariraqi:1538.5|iqborsa:1537.5
2026-06-03,basra,2,2,1540.0,1539.25,1538.5,1540.0,1.5,0.097,,dollar_price:1540|dollariraqi:1538.5
2026-06-03,erbil,2,2,1538.0,1537.5,1537.0,1538.0,1.0,0.065,,dollar_price:1538|dollariraqi:1537
2026-06-04,baghdad_generic,3,3,1537.17,1537.5,1536.0,1538.5,2.5,0.163,,dollar_price:1538|dollariraqi:1538.5|iqborsa:1536
2026-06-04,basra,1,1,1538.5,1538.5,1538.5,1538.5,0.0,0.0,,dollariraqi:1538.5
2026-06-04,erbil,1,1,1538.0,1537.5,1537.5,1537.5,0.0,0.0,,dollariraqi:1537.5
2026-06-07,baghdad_generic,3,3,1540.33,1543.33,1541.5,1545.0,3.5,0.227,,dollar_price:1541.5|dollariraqi:1543.5|iqborsa:1545
2026-06-07,basra,2,2,1541.5,1542.5,1541.5,1543.5,2.0,0.13,,dollar_price:1541.5|dollariraqi:1543.5
2026-06-07,erbil,2,2,1541.75,1543.38,1541.75,1545.0,3.25,0.211,,dollar_price:1541.75|dollariraqi:1545
2026-06-08,baghdad_generic,2,2,1546.0,1541.0,1540.0,1542.0,2.0,0.13,,dollariraqi:1542|iqborsa:1540
2026-06-08,basra,1,1,1542.0,1542.0,1542.0,1542.0,0.0,0.0,,dollariraqi:1542
2026-06-08,erbil,1,1,1541.5,1541.5,1541.5,1541.5,0.0,0.0,,dollariraqi:1541.5
2026-06-09,baghdad_generic,3,3,1539.75,1540.83,1539.5,1541.5,2.0,0.13,,dollar_price:1539.5|dollariraqi:1541.5|iqborsa:1541.5
2026-06-09,basra,1,1,1541.0,1542.0,1542.0,1542.0,0.0,0.0,,dollariraqi:1542
2026-06-09,erbil,1,1,1539.5,1540.75,1540.75,1540.75,0.0,0.0,,dollariraqi:1540.75
2026-06-10,baghdad_generic,3,3,1542.83,1546.83,1543.0,1550.0,7.0,0.453,,dollar_price:1543|dollariraqi:1547.5|iqborsa:1550
2026-06-10,basra,2,2,1543.0,1545.25,1543.0,1547.5,4.5,0.291,,dollar_price:1543|dollariraqi:1547.5
2026-06-10,erbil,2,2,1542.5,1544.75,1542.5,1547.0,4.5,0.291,,dollar_price:1542.5|dollariraqi:1547
2026-06-11,baghdad_generic,3,3,1550.83,1555.0,1550.0,1557.5,7.5,0.482,,dollar_price:1550|dollariraqi:1557.5|iqborsa:1557.5
2026-06-11,basra,2,2,1550.0,1553.75,1550.0,1557.5,7.5,0.483,,dollar_price:1550|dollariraqi:1557.5
2026-06-11,erbil,2,2,1548.75,1551.13,1548.75,1553.5,4.75,0.306,,dollar_price:1548.75|dollariraqi:1553.5
2026-06-14,baghdad_generic,2,2,1548.75,1549.5,1549.0,1550.0,1.0,0.065,,dollariraqi:1550|iqborsa:1549
2026-06-14,basra,1,1,1549.0,1550.5,1550.5,1550.5,0.0,0.0,,dollariraqi:1550.5
2026-06-14,erbil,1,1,1546.5,1547.5,1547.5,1547.5,0.0,0.0,,dollariraqi:1547.5
2026-06-15,baghdad_generic,2,2,1543.75,1546.0,1542.0,1550.0,8.0,0.517,,dollar_price:1542|dollariraqi:1550
2026-06-15,basra,2,2,1545.5,1547.75,1545.5,1550.0,4.5,0.291,,dollar_price:1545.5|dollariraqi:1550
2026-06-15,erbil,2,2,1542.5,1544.5,1542.5,1546.5,4.0,0.259,,dollar_price:1542.5|dollariraqi:1546.5
2026-06-16,baghdad_generic,2,2,1561.0,1559.0,1557.0,1561.0,4.0,0.257,,dollar_price:1561|dollariraqi:1557
2026-06-16,basra,2,2,1561.0,1559.0,1557.0,1561.0,4.0,0.257,,dollar_price:1561|dollariraqi:1557
2026-06-16,erbil,2,2,1557.5,1555.25,1553.0,1557.5,4.5,0.289,,dollar_price:1557.5|dollariraqi:1553
2026-06-17,baghdad_generic,3,3,1560.0,1557.5,1552.5,1560.0,7.5,0.482,,dollar_price:1560|dollariraqi:1560|iqborsa:1552.5
2026-06-17,baghdad_kifah,1,1,1562.0,1562.0,1562.0,1562.0,0.0,0.0,,dollariraqi:1562
2026-06-17,basra,2,2,1560.0,1561.25,1560.0,1562.5,2.5,0.16,,dollar_price:1560|dollariraqi:1562.5
2026-06-17,erbil,2,2,1555.0,1556.25,1555.0,1557.5,2.5,0.161,,dollar_price:1555|dollariraqi:1557.5
2026-06-18,baghdad_generic,3,3,1551.83,1552.33,1549.0,1555.0,6.0,0.387,,dollar_price:1553|dollariraqi:1549|iqborsa:1555
2026-06-18,basra,2,2,1553.0,1551.0,1549.0,1553.0,4.0,0.258,,dollar_price:1553|dollariraqi:1549
2026-06-18,erbil,2,2,1550.0,1549.5,1549.0,1550.0,1.0,0.065,,dollar_price:1550|dollariraqi:1549
2026-06-21,baghdad_generic,3,3,1558.5,1563.83,1559.5,1567.5,8.0,0.512,,dollar_price:1559.5|dollariraqi:1564.5|iqborsa:1567.5
2026-06-21,basra,2,2,1559.5,1562.0,1559.5,1564.5,5.0,0.32,,dollar_price:1559.5|dollariraqi:1564.5
2026-06-21,erbil,2,2,1556.5,1558.75,1556.5,1561.0,4.5,0.289,,dollar_price:1556.5|dollariraqi:1561
2026-06-22,baghdad_generic,3,3,1580.17,1584.33,1580.5,1590.0,9.5,0.6,,dollar_price:1590|dollariraqi:1580.5|iqborsa:1582.5
2026-06-22,baghdad_kifah,1,1,1590.0,1589.0,1589.0,1589.0,0.0,0.0,,dollariraqi:1589
2026-06-22,basra,2,2,1585.25,1585.25,1580.5,1590.0,9.5,0.599,,dollar_price:1590|dollariraqi:1580.5
2026-06-22,erbil,2,2,1583.25,1589.0,1588.0,1590.0,2.0,0.126,,dollar_price:1588|dollariraqi:1590
2026-06-23,baghdad_generic,3,3,1577.17,1572.5,1570.0,1577.0,7.0,0.445,,dollar_price:1577|dollariraqi:1570|iqborsa:1570.5
2026-06-23,basra,2,2,1577.5,1573.75,1570.0,1577.5,7.5,0.477,,dollar_price:1577.5|dollariraqi:1570
2026-06-23,erbil,2,2,1574.0,1570.0,1566.0,1574.0,8.0,0.51,,dollar_price:1574|dollariraqi:1566
2026-06-24,baghdad_generic,3,3,1569.5,1568.33,1567.0,1569.5,2.5,0.159,,dollar_price:1568.5|dollariraqi:1569.5|iqborsa:1567
2026-06-24,basra,1,1,1571.5,1569.5,1569.5,1569.5,0.0,0.0,,dollariraqi:1569.5
2026-06-24,erbil,1,1,1567.0,1566.0,1566.0,1566.0,0.0,0.0,,dollariraqi:1566
2026-06-25,baghdad_generic,3,3,1569.17,1569.17,1567.5,1570.0,2.5,0.159,,dollar_price:1570|dollariraqi:1570|iqborsa:1567.5
2026-06-25,basra,2,2,1570.0,1570.25,1570.0,1570.5,0.5,0.032,,dollar_price:1570|dollariraqi:1570.5
2026-06-25,erbil,2,2,1567.0,1567.75,1567.0,1568.5,1.5,0.096,,dollar_price:1567|dollariraqi:1568.5
2026-06-28,baghdad_generic,3,3,1556.67,1550.33,1546.0,1557.0,11.0,0.71,,dollar_price:1557|dollariraqi:1548|iqborsa:1546
2026-06-28,basra,1,1,1555.5,1548.0,1548.0,1548.0,0.0,0.0,,dollariraqi:1548
2026-06-28,erbil,2,2,1553.25,1551.25,1548.5,1554.0,5.5,0.355,,dollar_price:1554|dollariraqi:1548.5
2026-06-29,baghdad_generic,3,3,1544.0,1548.5,1542.0,1552.5,10.5,0.678,,dollar_price:1542|dollariraqi:1551|iqborsa:1552.5
2026-06-29,basra,2,2,1544.0,1547.0,1543.0,1551.0,8.0,0.517,,dollar_price:1543|dollariraqi:1551
2026-06-29,erbil,2,2,1541.5,1545.5,1541.5,1549.5,8.0,0.518,,dollar_price:1541.5|dollariraqi:1549.5
2026-06-30,baghdad_generic,3,3,1552.17,1550.33,1549.0,1552.0,3.0,0.194,,dollar_price:1552|dollariraqi:1550|iqborsa:1549
2026-06-30,basra,1,1,1552.0,1550.0,1550.0,1550.0,0.0,0.0,,dollariraqi:1550
2026-06-30,erbil,1,1,1548.5,1546.5,1546.5,1546.5,0.0,0.0,,dollariraqi:1546.5
2026-07-01,baghdad_generic,3,3,1550.17,1550.0,1549.5,1550.5,1.0,0.065,,dollar_price:1550.5|dollariraqi:1550|iqborsa:1549.5
2026-07-01,basra,2,2,1550.75,1550.0,1550.0,1550.0,0.0,0.0,,dollar_price:1550|dollariraqi:1550
2026-07-01,erbil,1,1,1549.0,1549.75,1549.75,1549.75,0.0,0.0,,dollariraqi:1549.75
2026-07-02,baghdad_generic,3,3,1544.0,1542.5,1542.0,1543.0,1.0,0.065,,dollar_price:1542|dollariraqi:1543|iqborsa:1542.5
2026-07-02,basra,2,2,1542.75,1543.0,1543.0,1543.0,0.0,0.0,,dollar_price:1543|dollariraqi:1543
2026-07-02,erbil,2,2,1540.75,1540.75,1540.5,1541.0,0.5,0.032,,dollar_price:1540.5|dollariraqi:1541
2026-07-05,baghdad_generic,3,3,1535.83,1534.83,1534.0,1535.5,1.5,0.098,,dollar_price:1535.5|dollariraqi:1534|iqborsa:1535
2026-07-05,basra,2,2,1534.75,1535.25,1534.0,1536.5,2.5,0.163,,dollar_price:1536.5|dollariraqi:1534
2026-07-05,erbil,2,2,1534.25,1535.0,1534.5,1535.5,1.0,0.065,,dollar_price:1535.5|dollariraqi:1534.5
2026-07-06,baghdad_generic,3,3,1531.5,1527.67,1526.5,1530.0,3.5,0.229,,dollar_price:1530|dollariraqi:1526.5|iqborsa:1526.5
2026-07-06,basra,2,2,1531.75,1530.0,1526.5,1533.5,7.0,0.458,,dollar_price:1533.5|dollariraqi:1526.5
2026-07-06,erbil,2,2,1532.75,1530.25,1525.5,1535.0,9.5,0.621,,dollar_price:1535|dollariraqi:1525.5
2026-07-07,baghdad_generic,3,3,1530.83,1531.5,1530.0,1533.0,3.0,0.196,,dollar_price:1533|dollariraqi:1531.5|iqborsa:1530
2026-07-07,basra,2,2,1530.5,1531.5,1531.5,1531.5,0.0,0.0,,dollar_price:1531.5|dollariraqi:1531.5
2026-07-07,erbil,2,2,1530.75,1531.5,1531.0,1532.0,1.0,0.065,,dollar_price:1532|dollariraqi:1531
2026-07-08,baghdad_generic,3,3,1536.83,1539.67,1535.5,1545.0,9.5,0.617,,dollar_price:1535.5|dollariraqi:1538.5|iqborsa:1545
2026-07-08,basra,1,1,1538.5,1538.5,1538.5,1538.5,0.0,0.0,,dollariraqi:1538.5
2026-07-08,erbil,1,1,1538.0,1538.0,1538.0,1538.0,0.0,0.0,,dollariraqi:1538
2026-07-09,baghdad_generic,3,3,1542.67,1541.5,1541.0,1542.0,1.0,0.065,,dollar_price:1541|dollariraqi:1542|iqborsa:1541.5
2026-07-09,basra,2,2,1542.0,1542.0,1542.0,1542.0,0.0,0.0,,dollar_price:1542|dollariraqi:1542
2026-07-09,erbil,2,2,1539.0,1539.0,1538.5,1539.5,1.0,0.065,,dollar_price:1538.5|dollariraqi:1539.5
2026-07-12,baghdad_generic,3,3,1534.17,1534.83,1534.5,1535.5,1.0,0.065,,dollar_price:1534.5|dollariraqi:1535.5|iqborsa:1534.5
2026-07-12,basra,2,2,1534.25,1534.25,1533.0,1535.5,2.5,0.163,,dollar_price:1533|dollariraqi:1535.5
2026-07-12,erbil,1,1,1533.5,1533.5,1533.5,1533.5,0.0,0.0,,dollariraqi:1533.5
2026-07-13,baghdad_generic,3,3,1535.5,1534.67,1534.5,1535.0,0.5,0.033,,dollar_price:1535|dollariraqi:1534.5|iqborsa:1534.5
2026-07-13,basra,1,1,1535.0,1534.5,1534.5,1534.5,0.0,0.0,,dollariraqi:1534.5
2026-07-13,erbil,2,2,1533.75,1534.0,1533.5,1534.5,1.0,0.065,,dollar_price:1534.5|dollariraqi:1533.5
2026-07-14,baghdad_generic,3,3,1536.0,1536.83,1536.5,1537.5,1.0,0.065,,dollar_price:1536.5|dollariraqi:1537.5|iqborsa:1536.5
2026-07-14,basra,2,2,1536.5,1537.0,1536.5,1537.5,1.0,0.065,,dollar_price:1536.5|dollariraqi:1537.5
2026-07-14,erbil,2,2,1535.0,1535.75,1535.5,1536.0,0.5,0.033,,dollar_price:1535.5|dollariraqi:1536
2026-07-15,baghdad_generic,3,3,1533.33,1529.67,1528.0,1531.5,3.5,0.229,,dollar_price:1531.5|dollariraqi:1529.5|iqborsa:1528
2026-07-15,basra,2,2,1532.0,1530.75,1529.5,1532.0,2.5,0.163,,dollar_price:1532|dollariraqi:1529.5
2026-07-15,erbil,2,2,1531.25,1531.0,1530.0,1532.0,2.0,0.131,,dollar_price:1532|dollariraqi:1530
2026-07-16,baghdad_generic,3,3,1529.67,1530.0,1529.0,1531.5,2.5,0.163,,dollar_price:1529|dollariraqi:1531.5|iqborsa:1529.5
2026-07-16,basra,1,1,1531.0,1531.5,1531.5,1531.5,0.0,0.0,,dollariraqi:1531.5
2026-07-16,erbil,1,1,1531.0,1531.5,1531.5,1531.5,0.0,0.0,,dollariraqi:1531.5
2026-07-19,baghdad_generic,3,3,1524.33,1521.0,1512.5,1526.0,13.5,0.888,,dollar_price:1526|dollariraqi:1524.5|iqborsa:1512.5
2026-07-19,basra,1,1,1524.5,1524.5,1524.5,1524.5,0.0,0.0,,dollariraqi:1524.5
2026-07-19,erbil,1,1,1527.0,1527.0,1527.0,1527.0,0.0,0.0,,dollariraqi:1527
2026-07-20,baghdad_generic,3,3,1503.83,1505.83,1505.0,1506.5,1.5,0.1,,dollar_price:1506|dollariraqi:1506.5|iqborsa:1505
2026-07-20,basra,2,2,1501.75,1504.75,1503.0,1506.5,3.5,0.233,,dollar_price:1503|dollariraqi:1506.5
2026-07-20,erbil,2,2,1508.75,1512.25,1511.5,1513.0,1.5,0.099,,dollar_price:1511.5|dollariraqi:1513
2026-07-21,baghdad_generic,3,3,1495.5,1497.17,1492.0,1502.0,10.0,0.668,,dollar_price:1492|dollariraqi:1502|iqborsa:1497.5
2026-07-21,basra,2,2,1495.5,1495.5,1489.0,1502.0,13.0,0.869,,dollar_price:1489|dollariraqi:1502
2026-07-21,erbil,2,2,1502.5,1502.5,1497.5,1507.5,10.0,0.666,,dollar_price:1497.5|dollariraqi:1507.5
2026-07-22,baghdad_generic,3,3,1505.33,1505.67,1503.5,1507.5,4.0,0.266,,dollar_price:1506|dollariraqi:1507.5|iqborsa:1503.5
2026-07-22,basra,2,2,1506.75,1506.75,1506.0,1507.5,1.5,0.1,,dollar_price:1506|dollariraqi:1507.5
2026-07-22,erbil,1,1,1510.0,1510.0,1510.0,1510.0,0.0,0.0,,dollariraqi:1510
2026-07-23,baghdad_generic,3,3,1505.5,1505.33,1505.0,1505.5,0.5,0.033,,dollar_price:1505.5|dollariraqi:1505.5|iqborsa:1505
2026-07-23,basra,2,2,1505.25,1505.25,1505.0,1505.5,0.5,0.033,,dollar_price:1505|dollariraqi:1505.5
2026-07-23,erbil,1,1,1508.5,1508.5,1508.5,1508.5,0.0,0.0,,dollariraqi:1508.5
2026-07-26,baghdad_generic,3,3,1499.33,1499.5,1499.0,1500.0,1.0,0.067,,dollar_price:1499|dollariraqi:1500|iqborsa:1499.5
2026-07-26,basra,2,2,1498.75,1499.25,1498.5,1500.0,1.5,0.1,,dollar_price:1498.5|dollariraqi:1500
2026-07-26,erbil,1,1,1501.0,1501.0,1501.0,1501.0,0.0,0.0,,dollariraqi:1501
2026-07-27,baghdad_generic,3,3,1500.5,1500.17,1499.0,1502.0,3.0,0.2,,dollar_price:1499.5|dollariraqi:1502|iqborsa:1499
2026-07-27,basra,2,2,1500.25,1500.25,1498.5,1502.0,3.5,0.233,,dollar_price:1498.5|dollariraqi:1502
2026-07-27,erbil,1,1,1503.5,1503.5,1503.5,1503.5,0.0,0.0,,dollariraqi:1503.5
2026-07-28,baghdad_generic,3,3,1498.67,1499.0,1498.5,1499.5,1.0,0.067,,dollar_price:1498.5|dollariraqi:1499|iqborsa:1499.5
2026-07-28,basra,2,2,1498.75,1498.75,1498.5,1499.0,0.5,0.033,,dollar_price:1498.5|dollariraqi:1499
2026-07-28,erbil,2,2,1499.0,1499.0,1498.5,1499.5,1.0,0.067,,dollar_price:1498.5|dollariraqi:1499.5
2026-07-29,baghdad_generic,3,3,1502.0,1504.83,1504.0,1506.0,2.0,0.133,,dollar_price:1504.5|dollariraqi:1506|iqborsa:1504
2026-07-29,basra,2,2,1502.0,1505.0,1504.0,1506.0,2.0,0.133,,dollar_price:1504|dollariraqi:1506
2026-07-29,erbil,2,2,1503.5,1505.5,1505.5,1505.5,0.0,0.0,,dollar_price:1505.5|dollariraqi:1505.5
2026-07-30,baghdad_generic,3,3,1506.0,1506.83,1505.0,1508.0,3.0,0.199,,dollar_price:1505|dollariraqi:1508|iqborsa:1507.5
2026-07-30,basra,2,2,1506.25,1506.75,1505.5,1508.0,2.5,0.166,,dollar_price:1505.5|dollariraqi:1508
2026-07-30,erbil,2,2,1506.0,1506.75,1505.0,1508.5,3.5,0.232,,dollar_price:1505|dollariraqi:1508.5
2026-08-02,baghdad_generic,3,3,1517.83,1518.83,1515.0,1521.5,6.5,0.428,,dollar_price:1515|dollariraqi:1521.5|iqborsa:1520
2026-08-02,basra,2,2,1516.75,1519.5,1517.5,1521.5,4.0,0.263,,dollar_price:1517.5|dollariraqi:1521.5
2026-08-02,erbil,2,2,1517.25,1520.0,1516.5,1523.5,7.0,0.461,,dollar_price:1516.5|dollariraqi:1523.5
2026-08-03,baghdad_generic,3,3,1519.83,1523.5,1518.0,1527.0,9.0,0.591,,dollar_price:1518|dollariraqi:1525.5|iqborsa:1527
2026-08-03,basra,1,1,1521.5,1525.5,1525.5,1525.5,0.0,0.0,,dollariraqi:1525.5
2026-08-03,erbil,1,1,1526.5,1529.5,1529.5,1529.5,0.0,0.0,,dollariraqi:1529.5
2026-08-04,baghdad_generic,3,3,1525.0,1521.83,1517.5,1524.0,6.5,0.427,,dollar_price:1524|dollariraqi:1524|iqborsa:1517.5
2026-08-04,basra,2,2,1524.0,1524.0,1524.0,1524.0,0.0,0.0,,dollar_price:1524|dollariraqi:1524
2026-08-04,erbil,2,2,1526.0,1526.0,1526.0,1526.0,0.0,0.0,,dollar_price:1526|dollariraqi:1526
2026-08-05,baghdad_generic,3,3,1520.0,1521.0,1520.0,1522.5,2.5,0.164,,dollar_price:1520|dollariraqi:1522.5|iqborsa:1520.5
2026-08-05,basra,1,1,1522.5,1522.5,1522.5,1522.5,0.0,0.0,,dollariraqi:1522.5
2026-08-05,erbil,1,1,1524.5,1524.5,1524.5,1524.5,0.0,0.0,,dollariraqi:1524.5
2026-08-06,baghdad_generic,3,3,1522.0,1522.67,1521.5,1523.5,2.0,0.131,,dollar_price:1523|dollariraqi:1523.5|iqborsa:1521.5
2026-08-06,basra,2,2,1523.0,1523.25,1523.0,1523.5,0.5,0.033,,dollar_price:1523|dollariraqi:1523.5
2026-08-06,erbil,2,2,1525.5,1525.75,1525.5,1526.0,0.5,0.033,,dollar_price:1525.5|dollariraqi:1526
2026-08-09,baghdad_generic,3,3,1522.5,1522.83,1522.5,1523.0,0.5,0.033,,dollar_price:1523|dollariraqi:1523|iqborsa:1522.5
2026-08-09,basra,2,2,1522.25,1522.25,1521.5,1523.0,1.5,0.099,,dollar_price:1521.5|dollariraqi:1523
2026-08-09,erbil,1,1,1523.5,1523.5,1523.5,1523.5,0.0,0.0,,dollariraqi:1523.5
2026-08-10,baghdad_generic,3,3,1526.0,1527.83,1525.0,1529.5,4.5,0.295,,dollar_price:1525|dollariraqi:1529.5|iqborsa:1529
2026-08-10,basra,1,1,1529.5,1529.5,1529.5,1529.5,0.0,0.0,,dollariraqi:1529.5
2026-08-10,erbil,1,1,1528.5,1528.5,1528.5,1528.5,0.0,0.0,,dollariraqi:1528.5
2026-08-11,baghdad_generic,3,3,1535.17,1534.67,1532.5,1537.0,4.5,0.293,,dollar_price:1537|dollariraqi:1534.5|iqborsa:1532.5
2026-08-11,basra,2,2,1536.5,1535.75,1534.5,1537.0,2.5,0.163,,dollar_price:1537|dollariraqi:1534.5
2026-08-11,erbil,2,2,1537.0,1536.0,1534.5,1537.5,3.0,0.195,,dollar_price:1537.5|dollariraqi:1534.5
2026-08-12,baghdad_generic,2,2,1531.25,1528.5,1527.5,1529.5,2.0,0.131,,dollariraqi:1529.5|iqborsa:1527.5
2026-08-12,basra,1,1,1529.5,1529.5,1529.5,1529.5,0.0,0.0,,dollariraqi:1529.5
2026-08-12,erbil,1,1,1528.5,1528.5,1528.5,1528.5,0.0,0.0,,dollariraqi:1528.5
2026-08-13,baghdad_generic,3,3,1527.83,1528.5,1526.5,1530.0,3.5,0.229,,dollar_price:1526.5|dollariraqi:1529|iqborsa:1530
2026-08-13,basra,1,1,1529.0,1529.0,1529.0,1529.0,0.0,0.0,,dollariraqi:1529
2026-08-13,erbil,1,1,1529.5,1529.5,1529.5,1529.5,0.0,0.0,,dollariraqi:1529.5
2026-08-16,baghdad_generic,3,3,1530.83,1537.17,1532.0,1542.0,10.0,0.651,,dollar_price:1532|dollariraqi:1542|iqborsa:1537.5
2026-08-16,basra,2,2,1532.0,1537.0,1532.0,1542.0,10.0,0.651,,dollar_price:1532|dollariraqi:1542
2026-08-16,erbil,2,2,1533.0,1536.75,1533.0,1540.5,7.5,0.488,,dollar_price:1533|dollariraqi:1540.5
2026-08-17,baghdad_generic,3,3,1547.5,1543.67,1541.5,1547.5,6.0,0.389,,dollar_price:1547.5|dollariraqi:1542|iqborsa:1541.5
2026-08-17,basra,2,2,1547.5,1544.75,1542.0,1547.5,5.5,0.356,,dollar_price:1547.5|dollariraqi:1542
2026-08-17,erbil,2,2,1544.5,1542.25,1540.0,1544.5,4.5,0.292,,dollar_price:1544.5|dollariraqi:1540
2026-08-18,baghdad_generic,3,3,1540.83,1543.0,1541.5,1544.5,3.0,0.194,,dollar_price:1541.5|dollariraqi:1543|iqborsa:1544.5
2026-08-18,basra,2,2,1542.0,1542.75,1542.0,1543.5,1.5,0.097,,dollar_price:1542|dollariraqi:1543.5
2026-08-18,erbil,2,2,1539.5,1540.5,1539.5,1541.5,2.0,0.13,,dollar_price:1539.5|dollariraqi:1541.5
2026-08-19,baghdad_generic,3,3,1543.17,1542.83,1542.5,1543.0,0.5,0.032,,dollar_price:1543|dollariraqi:1543|iqborsa:1542.5
2026-08-19,basra,1,1,1544.0,1544.0,1544.0,1544.0,0.0,0.0,,dollariraqi:1544
2026-08-19,erbil,1,1,1541.5,1541.5,1541.5,1541.5,0.0,0.0,,dollariraqi:1541.5
2026-08-20,baghdad_generic,2,2,1542.25,1542.5,1542.5,1542.5,0.0,0.0,,dollar_price:1542.5|iqborsa:1542.5
2026-08-20,basra,1,1,1542.0,1542.0,1542.0,1542.0,0.0,0.0,,dollar_price:1542
2026-08-23,baghdad_generic,3,3,1540.0,1540.33,1539.0,1542.0,3.0,0.195,,dollar_price:1540|dollariraqi:1542|iqborsa:1539
2026-08-23,basra,2,2,1541.0,1541.0,1541.0,1541.0,0.0,0.0,,dollar_price:1541|dollariraqi:1541
2026-08-23,erbil,2,2,1537.0,1537.88,1537.0,1538.75,1.75,0.114,,dollar_price:1537|dollariraqi:1538.75
2026-08-24,baghdad_generic,3,3,1543.67,1543.5,1542.5,1544.5,2.0,0.13,,dollar_price:1543.5|dollariraqi:1544.5|iqborsa:1542.5
2026-08-24,basra,1,1,1545.5,1545.5,1545.5,1545.5,0.0,0.0,,dollariraqi:1545.5
2026-08-24,erbil,1,1,1544.5,1544.5,1544.5,1544.5,0.0,0.0,,dollariraqi:1544.5
2026-08-25,baghdad_generic,3,3,1543.17,1543.0,1542.5,1544.0,1.5,0.097,,dollar_price:1542.5|dollariraqi:1544|iqborsa:1542.5
2026-08-25,basra,1,1,1544.0,1544.0,1544.0,1544.0,0.0,0.0,,dollariraqi:1544
2026-08-25,erbil,1,1,1543.0,1545.0,1545.0,1545.0,0.0,0.0,,dollariraqi:1545
2026-08-26,baghdad_generic,3,3,1540.0,1537.67,1535.5,1540.0,4.5,0.293,,dollar_price:1540|dollariraqi:1537.5|iqborsa:1535.5
2026-08-26,basra,2,2,1540.75,1539.5,1538.0,1541.0,3.0,0.195,,dollar_price:1541|dollariraqi:1538
2026-08-26,erbil,2,2,1538.75,1538.25,1537.0,1539.5,2.5,0.163,,dollar_price:1539.5|dollariraqi:1537
2026-08-27,baghdad_generic,3,3,1537.33,1538.17,1538.0,1538.5,0.5,0.033,,dollar_price:1538|dollariraqi:1538|iqborsa:1538.5
2026-08-27,basra,2,2,1538.5,1538.5,1538.5,1538.5,0.0,0.0,,dollar_price:1538.5|dollariraqi:1538.5
2026-08-27,erbil,2,2,1537.5,1537.5,1537.5,1537.5,0.0,0.0,,dollar_price:1537.5|dollariraqi:1537.5
2026-08-30,baghdad_generic,3,3,1539.0,1538.5,1537.5,1539.0,1.5,0.097,,dollar_price:1539|dollariraqi:1539|iqborsa:1537.5
2026-08-30,basra,1,1,1540.0,1540.0,1540.0,1540.0,0.0,0.0,,dollariraqi:1540
2026-08-30,erbil,1,1,1538.0,1538.0,1538.0,1538.0,0.0,0.0,,dollariraqi:1538
2026-08-31,baghdad_generic,3,3,1540.17,1540.33,1540.0,1540.5,0.5,0.032,,dollar_price:1540.5|dollariraqi:1540.5|iqborsa:1540
2026-08-31,basra,2,2,1541.0,1541.0,1541.0,1541.0,0.0,0.0,,dollar_price:1541|dollariraqi:1541
2026-08-31,erbil,2,2,1539.0,1539.0,1539.0,1539.0,0.0,0.0,,dollar_price:1539|dollariraqi:1539
2026-09-01,baghdad_generic,3,3,1541.33,1542.17,1541.5,1543.0,1.5,0.097,,dollar_price:1542|dollariraqi:1543|iqborsa:1541.5
2026-09-01,basra,2,2,1542.5,1543.25,1542.5,1544.0,1.5,0.097,,dollar_price:1542.5|dollariraqi:1544
2026-09-01,erbil,2,2,1541.0,1541.5,1541.0,1542.0,1.0,0.065,,dollar_price:1541|dollariraqi:1542
2026-09-02,baghdad_generic,3,3,1544.67,1546.33,1544.5,1548.0,3.5,0.226,,dollar_price:1544.5|dollariraqi:1548|iqborsa:1546.5
2026-09-02,basra,2,2,1545.5,1547.0,1545.5,1548.5,3.0,0.194,,dollar_price:1545.5|dollariraqi:1548.5
2026-09-02,erbil,2,2,1543.0,1544.75,1543.0,1546.5,3.5,0.227,,dollar_price:1543|dollariraqi:1546.5
2026-09-03,baghdad_generic,3,3,1547.0,1547.0,1546.5,1547.5,1.0,0.065,,dollar_price:1547|dollariraqi:1547.5|iqborsa:1546.5
2026-09-03,basra,1,1,1548.0,1548.0,1548.0,1548.0,0.0,0.0,,dollariraqi:1548
2026-09-03,erbil,1,1,1546.0,1546.0,1546.0,1546.0,0.0,0.0,,dollariraqi:1546
2026-09-06,baghdad_generic,3,3,1552.5,1557.83,1557.5,1558.0,0.5,0.032,,dollar_price:1558|dollariraqi:1558|iqborsa:1557.5
2026-09-06,basra,2,2,1554.0,1557.5,1556.0,1559.0,3.0,0.193,,dollar_price:1556|dollariraqi:1559
2026-09-06,erbil,2,2,1552.5,1555.0,1555.0,1555.0,0.0,0.0,,dollar_price:1555|dollariraqi:1555
2026-09-07,baghdad_generic,3,3,1556.17,1555.33,1554.0,1556.5,2.5,0.161,,dollar_price:1555.5|dollariraqi:1556.5|iqborsa:1554
2026-09-07,basra,2,2,1555.0,1555.25,1553.5,1557.0,3.5,0.225,,dollar_price:1553.5|dollariraqi:1557
2026-09-07,erbil,2,2,1553.25,1553.5,1553.5,1553.5,0.0,0.0,,dollar_price:1553.5|dollariraqi:1553.5
2026-09-08,baghdad_generic,1,1,1554.5,1562.5,1562.5,1562.5,0.0,0.0,,iqborsa:1562.5
2026-09-09,baghdad_generic,2,2,1563.5,1561.0,1560.0,1562.0,2.0,0.128,,dollariraqi:1562|iqborsa:1560
2026-09-09,basra,1,1,1562.0,1562.0,1562.0,1562.0,0.0,0.0,,dollariraqi:1562
2026-09-09,erbil,1,1,1558.0,1558.0,1558.0,1558.0,0.0,0.0,,dollariraqi:1558
2026-09-10,baghdad_generic,1,1,1560.0,1560.0,1560.0,1560.0,0.0,0.0,,iqborsa:1560
2026-09-13,baghdad_generic,2,2,1565.75,1563.75,1562.5,1565.0,2.5,0.16,,dollariraqi:1565|iqborsa:1562.5
2026-09-13,basra,1,1,1567.0,1565.0,1565.0,1565.0,0.0,0.0,,dollariraqi:1565
2026-09-13,erbil,1,1,1564.0,1562.0,1562.0,1562.0,0.0,0.0,,dollariraqi:1562
2026-09-14,baghdad_generic,2,2,1565.5,1565.5,1565.0,1566.0,1.0,0.064,,dollariraqi:1566|iqborsa:1565
2026-09-14,basra,1,1,1567.0,1567.0,1567.0,1567.0,0.0,0.0,,dollariraqi:1567
2026-09-14,erbil,1,1,1563.5,1563.5,1563.5,1563.5,0.0,0.0,,dollariraqi:1563.5
2026-09-15,baghdad_generic,1,1,1567.0,1569.5,1569.5,1569.5,0.0,0.0,,iqborsa:1569.5
2026-09-16,baghdad_generic,1,1,1575.0,1585.0,1585.0,1585.0,0.0,0.0,,iqborsa:1585
2026-09-17,baghdad_generic,1,1,1591.0,1591.0,1591.0,1591.0,0.0,0.0,,iqborsa:1591
2026-09-20,baghdad_generic,2,2,1587.25,1582.0,1574.5,1589.5,15.0,0.948,,dollar_price:1589.5|iqborsa:1574.5
2026-09-20,baghdad_kifah,1,1,1589.5,1589.5,1589.5,1589.5,0.0,0.0,,dollariraqi:1589.5
2026-09-20,baghdad_samawal,1,1,1589.0,1589.0,1589.0,1589.0,0.0,0.0,,dollariraqi:1589
2026-09-20,basra,2,2,1588.5,1588.5,1588.5,1588.5,0.0,0.0,,dollar_price:1588.5|dollariraqi:1588.5
2026-09-20,erbil,2,2,1587.5,1587.5,1587.5,1587.5,0.0,0.0,,dollar_price:1587.5|dollariraqi:1587.5
2026-09-21,baghdad_generic,1,1,1573.0,1580.0,1580.0,1580.0,0.0,0.0,,iqborsa:1580
2026-09-22,baghdad_generic,1,1,1573.0,1572.5,1572.5,1572.5,0.0,0.0,,iqborsa:1572.5
2026-09-23,baghdad_generic,1,1,1567.5,1566.5,1566.5,1566.5,0.0,0.0,,iqborsa:1566.5
2026-09-24,baghdad_generic,1,1,1567.5,1572.0,1572.0,1572.0,0.0,0.0,,iqborsa:1572
2026-09-27,baghdad_generic,1,1,1552.5,1555.0,1555.0,1555.0,0.0,0.0,,iqborsa:1555
2026-09-28,baghdad_generic,1,1,1558.5,1569.0,1569.0,1569.0,0.0,0.0,,iqborsa:1569
2026-09-28,tikrit,1,1,1568.5,1568.5,1568.5,1568.5,0.0,0.0,,dollariraqi:1568.5
2026-09-29,baghdad_generic,1,1,1567.5,1574.0,1574.0,1574.0,0.0,0.0,,iqborsa:1574
2026-09-30,baghdad_generic,2,2,1572.5,1570.75,1569.0,1572.5,3.5,0.223,,dollar_price:1572.5|iqborsa:1569
2026-09-30,tikrit,1,1,1570.0,1570.0,1570.0,1570.0,0.0,0.0,,dollariraqi:1570
2026-10-01,baghdad_generic,1,1,1568.5,1573.0,1573.0,1573.0,0.0,0.0,,iqborsa:1573
2026-10-01,baghdad_harithiya,1,1,1570.5,1570.5,1570.5,1570.5,0.0,0.0,,dollariraqi:1570.5
2026-10-01,baghdad_kifah,1,1,1571.0,1571.0,1571.0,1571.0,0.0,0.0,,dollariraqi:1571
2026-10-01,baghdad_samawal,1,1,1572.0,1572.0,1572.0,1572.0,0.0,0.0,,dollariraqi:1572
2026-10-01,basra,1,1,1569.5,1569.5,1569.5,1569.5,0.0,0.0,,dollariraqi:1569.5
2026-10-01,erbil,1,1,1572.5,1572.5,1572.5,1572.5,0.0,0.0,,dollariraqi:1572.5
2026-10-01,tikrit,1,1,1568.5,1569.5,1569.5,1569.5,0.0,0.0,,dollariraqi:1569.5
2026-10-04,baghdad_generic,1,1,1579.0,1585.0,1585.0,1585.0,0.0,0.0,,iqborsa:1585
2026-10-04,basra,1,1,1581.0,1581.25,1581.25,1581.25,0.0,0.0,,dollariraqi:1581.25
2026-10-04,erbil,1,1,1581.0,1581.0,1581.0,1581.0,0.0,0.0,,dollariraqi:1581
2026-10-04,tikrit,1,1,1578.5,1578.5,1578.5,1578.5,0.0,0.0,,dollariraqi:1578.5
2026-10-05,baghdad_generic,1,1,1591.0,1589.5,1589.5,1589.5,0.0,0.0,,iqborsa:1589.5
2026-10-05,tikrit,1,1,1592.0,1592.0,1592.0,1592.0,0.0,0.0,,dollariraqi:1592
