date,amarah_consensus,babil_consensus,baghdad_generic_consensus,baghdad_harithiya_consensus,baghdad_karrada_consensus,baghdad_kifah_consensus,baghdad_samawal_consensus,baghdad_shorja_consensus,baqubah_consensus,basra_consensus,diwaniyah_consensus,erbil_consensus,halabja_consensus,hillah_consensus,kut_consensus,nasiriyah_consensus,ramadi_consensus,rutba_consensus,samarra_consensus,samawah_consensus,tikrit_consensus,zakho_consensus,baghdad_consensus,baghdad_market,n_channels_max,n_markets_quoted,max_spread_pct,flagged_cities
2017-05-18,,,,,,,,,,,,1257.5,,,,,,,,,,,,,1,1,0.0,
2017-05-28,,,,,,,,,,1252.5,,,,,,,,,,,,,,,1,1,0.0,
2017-06-28,,,,,,,,,,1254.0,,,,,,,,,,,,,,,1,1,0.0,
2017-06-29,,,,,,,,,,1254.0,,,,,,,,,,,,,,,1,1,0.0,
2017-07-02,,,,,,,,,,1255.0,,,,,,,,,,,,,,,1,1,0.0,
2017-07-03,,,,,,,,,,1257.5,,,,,,,,,,,,,,,1,1,0.0,
2017-07-05,,,1265.5,,,,,,,,,,,,,,,,,,,,1265.5,baghdad_generic,1,1,0.0,
2017-07-06,,,,,,,,,,1266.5,,,,,,,,,,,,,,,1,1,0.0,
2017-07-11,,,,,,,,,,1261.0,,,,,,,,,,,,,,,1,1,0.0,
2017-07-12,,,1262.5,,,,,,,,,,,,,,,,,,,,1262.5,baghdad_generic,1,1,0.0,
2017-07-16,,,1266.5,,,,,,,,,,,,,,,,,,,,1266.5,baghdad_generic,1,1,0.0,
2017-07-17,,,,,,,,,,1266.5,,,,,,,,,,,,,,,1,1,0.0,
2017-07-18,,,,,,,,,,1266.5,,,,,,,,,,,,,,,1,1,0.0,
2017-07-19,,,,,,,,,,1268.0,,,,,,,,,,,,,,,1,1,0.0,
2017-07-20,,,,,,,,,,1264.0,,,,,,,,,,,,,,,1,1,0.0,
2017-07-23,,,,,,,,,,1263.0,,,,,,,,,,,,,,,1,1,0.0,
2017-07-24,,,,,,,,,,1261.0,,,,,,,,,,,,,,,1,1,0.0,
2017-07-25,,,,,,,,,,1261.0,,,,,,,,,,,,,,,1,1,0.0,
2017-07-27,,,,,,,,,,1258.0,,,,,,,,,,,,,,,1,1,0.0,
2017-07-31,,,,,,,,,,1264.0,,,,,,,,,,,,,,,1,1,0.0,
2017-08-07,,,,,,,,,,1260.5,,,,,,,,,,,,,,,1,1,0.0,
2017-08-08,,,,,,,,,,1261.0,,,,,,,,,,,,,,,1,1,0.0,
2017-08-09,,,,,,,,,,1261.5,,,,,,,,,,,,,,,1,1,0.0,
2017-08-20,,,,,,,,,,1261.5,,,,,,,,,,,,,,,1,1,0.0,
2017-09-07,,,1263.0,,,,,,,1262.0,,,,,,,,,,,,,1263.0,baghdad_generic,1,2,0.0,
2017-09-10,,,1263.0,,,,,,,1262.0,,,,,,,,,,,,,1263.0,baghdad_generic,1,2,0.0,
2017-09-11,,,1272.0,,,1272.0,,,,,,,,,,,,,,,,,1272.0,baghdad_kifah,1,1,0.0,
2017-09-13,,,,,,1261.0,,,,,,,,,,,,,,,,,1261.0,baghdad_kifah,1,1,0.0,
2017-09-14,,,,,,1260.0,,,,,,,,,,,,,,,,,1260.0,baghdad_kifah,1,1,0.0,
2017-09-17,,,,,,1260.0,,,,,,,,,,,,,,,,,1260.0,baghdad_kifah,1,1,0.0,
2017-09-18,,,,,,1258.0,,,,,,,,,,,,,,,,,1258.0,baghdad_kifah,1,1,0.0,
2017-09-19,,,,,,1257.5,,,,,,,,,,,,,,,,,1257.5,baghdad_kifah,1,1,0.0,
2017-09-20,,,,,,1257.0,,,,,,,,,,,,,,,,,1257.0,baghdad_kifah,1,1,0.0,
2017-09-21,,,,,,1258.5,,,,,,,,,,,,,,,,,1258.5,baghdad_kifah,1,1,0.0,
2017-09-24,,,,,,1260.0,,,,,,,,,,,,,,,,,1260.0,baghdad_kifah,1,1,0.0,
2017-09-25,,,,,,1261.0,,,,,,,,,,,,,,,,,1261.0,baghdad_kifah,1,1,0.0,
2017-09-26,,,,,,1254.5,,,,,,,,,,,,,,,,,1254.5,baghdad_kifah,1,1,0.0,
2017-09-27,,,,,,1252.0,,,,,,,,,,,,,,,,,1252.0,baghdad_kifah,1,1,0.0,
2017-10-02,,,,,,1256.0,,,,,,,,,,,,,,,,,1256.0,baghdad_kifah,1,1,0.0,
2017-10-03,,,,,,1256.0,,,,,,,,,,,,,,,,,1256.0,baghdad_kifah,1,1,0.0,
2017-10-04,,,,,,1257.5,,,,,,,,,,,,,,,,,1257.5,baghdad_kifah,1,1,0.0,
2017-10-05,,,,,,1258.5,,,,,,,,,,,,,,,,,1258.5,baghdad_kifah,1,1,0.0,
2017-10-08,,,,,,1259.0,,,,,,,,,,,,,,,,,1259.0,baghdad_kifah,1,1,0.0,
2017-10-09,,,,,,1260.0,,,,,,,,,,,,,,,,,1260.0,baghdad_kifah,1,1,0.0,
2017-10-10,,,,,,1262.0,,,,,,,,,,,,,,,,,1262.0,baghdad_kifah,1,1,0.0,
2017-10-11,,,,,,1260.0,,,,,,,,,,,,,,,,,1260.0,baghdad_kifah,1,1,0.0,
2017-10-12,,,,,,1260.5,,,,,,,,,,,,,,,,,1260.5,baghdad_kifah,1,1,0.0,
2017-10-15,,,,,,1261.0,,,,,,,,,,,,,,,,,1261.0,baghdad_kifah,1,1,0.0,
2017-10-16,,,,,,1260.0,,,,,,,,,,,,,,,,,1260.0,baghdad_kifah,1,1,0.0,
2017-10-17,,,,,,1261.0,,,,,,,,,,,,,,,,,1261.0,baghdad_kifah,1,1,0.0,
2017-10-18,,,,,,1259.5,,,,,,,,,,,,,,,,,1259.5,baghdad_kifah,1,1,0.0,
2017-10-19,,,,,,1258.5,,,,,,,,,,,,,,,,,1258.5,baghdad_kifah,1,1,0.0,
2017-10-25,,,,,,1261.5,,,,,,,,,,,,,,,,,1261.5,baghdad_kifah,1,1,0.0,
2017-10-26,,,,,,1259.5,,,,,,,,,,,,,,,,,1259.5,baghdad_kifah,1,1,0.0,
2017-10-30,,,,,,1259.5,,,,,,,,,,,,,,,,,1259.5,baghdad_kifah,1,1,0.0,
2017-10-31,,,,,,1259.5,,,,,,,,,,,,,,,,,1259.5,baghdad_kifah,1,1,0.0,
2017-11-02,,,,,,1259.5,,,,,,,,,,,,,,,,,1259.5,baghdad_kifah,1,1,0.0,
2017-11-06,,,,,,1256.5,,,,,,,,,,,,,,,,,1256.5,baghdad_kifah,1,1,0.0,
2017-11-14,,,,,,1252.5,,,,,,,,,,,,,,,,,1252.5,baghdad_kifah,1,1,0.0,
2017-11-15,,,,,,1253.0,,,,,,,,,,,,,,,,,1253.0,baghdad_kifah,1,1,0.0,
2017-11-16,,,,,,1254.0,,,,,,,,,,,,,,,,,1254.0,baghdad_kifah,1,1,0.0,
2017-11-19,,,,,,1254.5,,,,,,,,,,,,,,,,,1254.5,baghdad_kifah,1,1,0.0,
2017-11-21,,,,,,1252.0,,,,,,,,,,,,,,,,,1252.0,baghdad_kifah,1,1,0.0,
2017-11-28,,,,,,1245.5,,,,,,,,,,,,,,,,,1245.5,baghdad_kifah,1,1,0.0,
2017-12-03,,,,,,1249.0,,,,,,,,,,,,,,,,,1249.0,baghdad_kifah,1,1,0.0,
2017-12-04,,,,,,1247.5,,,,,,,,,,,,,,,,,1247.5,baghdad_kifah,1,1,0.0,
2017-12-05,,,,,,1250.0,,,,,,,,,,,,,,,,,1250.0,baghdad_kifah,1,1,0.0,
2017-12-06,,,,,,1253.5,,,,,,,,,,,,,,,,,1253.5,baghdad_kifah,1,1,0.0,
2017-12-10,,,,,,1254.0,,,,,,,,,,,,,,,,,1254.0,baghdad_kifah,1,1,0.0,
2017-12-11,,,,,,1252.5,,,,,,,,,,,,,,,,,1252.5,baghdad_kifah,1,1,0.0,
2017-12-12,,,,,,1255.0,,,,,,,,,,,,,,,,,1255.0,baghdad_kifah,1,1,0.0,
2017-12-13,,,,,,1253.5,,,,,,,,,,,,,,,,,1253.5,baghdad_kifah,1,1,0.0,
2017-12-14,,,,,,1252.0,,,,,,,,,,,,,,,,,1252.0,baghdad_kifah,1,1,0.0,
2017-12-18,,,,,,1253.0,,,,,,,,,,,,,,,,,1253.0,baghdad_kifah,1,1,0.0,
2017-12-19,,,,,,1252.5,,,,,,,,,,,,,,,,,1252.5,baghdad_kifah,1,1,0.0,
2017-12-20,,,,,,1251.0,,,,,,,,,,,,,,,,,1251.0,baghdad_kifah,1,1,0.0,
2017-12-21,,,,,,1251.0,,,,,,,,,,,,,,,,,1251.0,baghdad_kifah,1,1,0.0,
2017-12-24,,,,,,1252.0,,,,,,,,,,,,,,,,,1252.0,baghdad_kifah,1,1,0.0,
2017-12-25,,,,,,1252.0,,,,,,,,,,,,,,,,,1252.0,baghdad_kifah,1,1,0.0,
2017-12-26,,,,,,1248.0,,,,,,,,,,,,,,,,,1248.0,baghdad_kifah,1,1,0.0,
2017-12-28,,,,,,1249.5,,,,,,,,,,,,,,,,,1249.5,baghdad_kifah,1,1,0.0,
2017-12-31,,,,,,1253.5,,,,,,,,,,,,,,,,,1253.5,baghdad_kifah,1,1,0.0,
2018-01-02,,,,,,1253.0,,,,,,,,,,,,,,,,,1253.0,baghdad_kifah,1,1,0.0,
2018-01-04,,,,,,1251.0,,,,,,,,,,,,,,,,,1251.0,baghdad_kifah,1,1,0.0,
2018-01-07,,,,,,1252.5,,,,,,,,,,,,,,,,,1252.5,baghdad_kifah,1,1,0.0,
2018-01-08,,,,,,1253.0,,,,,,,,,,,,,,,,,1253.0,baghdad_kifah,1,1,0.0,
2018-01-09,,,,,,1253.0,,,,,,,,,,,,,,,,,1253.0,baghdad_kifah,1,1,0.0,
2018-01-10,,,,,,1253.5,,,,,,,,,,,,,,,,,1253.5,baghdad_kifah,1,1,0.0,
2018-01-11,,,,,,1252.5,,,,,,,,,,,,,,,,,1252.5,baghdad_kifah,1,1,0.0,
2018-01-14,,,,,,1252.0,,,,,,,,,,,,,,,,,1252.0,baghdad_kifah,1,1,0.0,
2018-01-15,,,,,,1250.0,,,,,,,,,,,,,,,,,1250.0,baghdad_kifah,1,1,0.0,
2018-01-16,,,,,,1249.5,,,,,,,,,,,,,,,,,1249.5,baghdad_kifah,1,1,0.0,
2018-01-18,,,,,,1249.5,,,,,,,,,,,,,,,,,1249.5,baghdad_kifah,1,1,0.0,
2018-01-21,,,,,,1248.5,,,,,,,,,,,,,,,,,1248.5,baghdad_kifah,1,1,0.0,
2018-01-22,,,,,,1247.5,,,,,,,,,,,,,,,,,1247.5,baghdad_kifah,1,1,0.0,
2018-01-24,,,,,,1239.0,,,,,,,,,,,,,,,,,1239.0,baghdad_kifah,1,1,0.0,
2018-01-25,,,,,,1239.5,,,,,,,,,,,,,,,,,1239.5,baghdad_kifah,1,1,0.0,
2018-01-30,,,,,,1237.5,,,,,,,,,,,,,,,,,1237.5,baghdad_kifah,1,1,0.0,
2018-01-31,,,,,,1234.5,,,,,,,,,,,,,,,,,1234.5,baghdad_kifah,1,1,0.0,
2018-02-04,,,,,,1237.5,,,,,,,,,,,,,,,,,1237.5,baghdad_kifah,1,1,0.0,
2018-02-05,,,,,,1237.0,,,,,,,,,,,,,,,,,1237.0,baghdad_kifah,1,1,0.0,
2018-02-06,,,,,,1235.5,,,,,,,,,,,,,,,,,1235.5,baghdad_kifah,1,1,0.0,
2018-02-07,,,,,,1237.5,,,,,,,,,,,,,,,,,1237.5,baghdad_kifah,1,1,0.0,
2018-02-11,,,,,,1235.5,,,,,,,,,,,,,,,,,1235.5,baghdad_kifah,1,1,0.0,
2018-02-12,,,,,,1237.0,,,,,,,,,,,,,,,,,1237.0,baghdad_kifah,1,1,0.0,
2018-02-13,,,,,,1235.0,,,,,,,,,,,,,,,,,1235.0,baghdad_kifah,1,1,0.0,
2018-02-14,,,,,,1232.0,,,,,,,,,,,,,,,,,1232.0,baghdad_kifah,1,1,0.0,
2018-02-18,,,,,,1225.5,,,,,,,,,,,,,,,,,1225.5,baghdad_kifah,1,1,0.0,
2018-02-19,,,,,,1225.0,,,,,,,,,,,,,,,,,1225.0,baghdad_kifah,1,1,0.0,
2018-02-20,,,,,,1220.0,,,,,,,,,,,,,,,,,1220.0,baghdad_kifah,1,1,0.0,
2018-02-21,,,,,,1220.0,,,,,,,,,,,,,,,,,1220.0,baghdad_kifah,1,1,0.0,
2018-02-26,,,,1219.5,,,,,,1221.0,,1220.25,,,,,,,,,,,1219.5,baghdad_harithiya,1,3,0.0,
2018-02-28,,,,,,1219.5,,,,1222.0,,1220.5,,,,,,,,,,,1219.5,baghdad_kifah,1,3,0.0,
2018-03-11,1223.0,1223.0,,1222.0,,1221.5,,,,1223.5,,1221.25,,,,,,,,,,,1221.5,baghdad_kifah,1,3,0.0,
2018-03-12,1223.0,,,,,1221.5,,,,1224.0,,1222.25,,,,,,,,,,,1221.5,baghdad_kifah,1,3,0.0,
2018-03-13,,,,1217.0,,1216.0,,,,1219.0,,1218.75,,,,,,,,,,,1216.0,baghdad_kifah,1,3,0.0,
2018-03-18,,,,1213.0,,1212.5,1212.0,,,1214.5,,1218.25,,,,,,,,,,,1212.5,baghdad_kifah,1,3,0.0,
2018-03-19,,,1212.0,,,,,,,1213.5,,1218.25,,,,,,,,,,,1212.0,baghdad_generic,1,3,0.0,
2018-03-20,,,1212.5,,,,,,,1213.5,,1219.75,,,,,,,,,,,1212.5,baghdad_generic,1,3,0.0,
2018-03-21,,,,,,1213.5,,,,1214.0,,,,,,,,,,,,,1213.5,baghdad_kifah,1,2,0.0,
2018-03-25,,,,,,1210.0,,,,1212.0,,1214.75,,,,,,,,,,,1210.0,baghdad_kifah,1,3,0.0,
2018-03-26,,,1202.5,,,1206.0,,,,1209.0,,1212.5,,,,,,,,,,,1206.0,baghdad_kifah,1,3,0.0,
2018-04-01,1206.5,,,1205.5,,1205.0,,,,1206.0,,1208.0,,,,,,,,,,,1205.0,baghdad_kifah,1,3,0.0,
2018-04-02,,,,,,1202.5,,,,1204.5,,1206.0,,,,,,,,,,,1202.5,baghdad_kifah,1,3,0.0,
2018-04-03,,,1203.0,,,,,,,1205.0,,1205.25,,,,,,,,,,,1203.0,baghdad_generic,1,3,0.0,
2018-04-09,,,,,,1204.0,,,,1205.5,,1207.5,,,,,,,,,,,1204.0,baghdad_kifah,1,3,0.0,
2018-04-10,,,1203.5,,,,,,,1205.5,,1206.25,,,,,,,,,,,1203.5,baghdad_generic,1,3,0.0,
2018-04-11,,,,1204.5,,1204.0,,,,,,1213.0,,,,,,,,,,,1204.0,baghdad_kifah,1,2,0.0,
2018-04-12,,,1205.0,,,,,,,1207.0,,1211.0,,,,,,,,,,,1205.0,baghdad_generic,1,3,0.0,
2018-04-15,,,,1205.5,,1205.0,,,,1206.5,,1210.75,,,,,,,,,,,1205.0,baghdad_kifah,1,3,0.0,
2018-04-16,1207.5,1206.5,1203.5,,,1204.5,,,,1206.5,,1209.5,,,,1206.5,,1206.0,,1206.0,,,1204.5,baghdad_kifah,1,3,0.0,
2018-04-17,,1206.0,,1204.5,,1204.0,,,,1205.5,,1208.25,,,,,,,,,,,1204.0,baghdad_kifah,1,3,0.0,
2018-04-18,,,1200.0,,,,,,,1202.5,,1206.0,,,,,,,,,,,1200.0,baghdad_generic,1,3,0.0,
2018-04-19,1202.0,,,,,1200.5,,,,1202.5,,1205.75,,,,1202.0,1201.5,1205.0,1203.0,1202.5,,,1200.5,baghdad_kifah,1,3,0.0,
2018-04-23,,,,,,1196.5,,,,1197.5,,,,,,,,,,,,,1196.5,baghdad_kifah,1,2,0.0,
2018-04-24,,,,,,1196.5,,,,1197.5,,1200.25,,,,,,,,,,,1196.5,baghdad_kifah,1,3,0.0,
2018-04-25,,1197.5,,,,1196.0,,,,1197.5,,1199.5,,,,,,,,,,,1196.0,baghdad_kifah,1,3,0.0,
2018-04-29,,,,,,1195.0,,,,1196.0,,1197.25,,,,,,,,,,,1195.0,baghdad_kifah,1,3,0.0,
2018-05-01,,,,1197.5,,1197.0,,,,1198.0,,1201.0,,,,,,,,,,,1197.0,baghdad_kifah,1,3,0.0,
2018-05-02,,,1199.0,,,,,,,1200.0,,1201.75,,,,,,,,,,,1199.0,baghdad_generic,1,3,0.0,
2018-05-06,,,,,,1205.0,,,,1206.0,,1207.0,,,,,,,,,,,1205.0,baghdad_kifah,1,3,0.0,
2018-05-07,1208.0,,,,,1204.0,,,,1206.5,,1207.0,,,,,,,,,,,1204.0,baghdad_kifah,1,3,0.0,
2018-05-08,,,,1201.0,,1201.0,,,,1203.0,,1205.5,,,,,,,,,,,1201.0,baghdad_kifah,1,3,0.0,
2018-05-09,,1204.0,,,,1203.0,,,,1204.0,,1207.5,,,,,,1205.0,,,,,1203.0,baghdad_kifah,1,3,0.0,
2018-05-14,1203.5,,,,,1200.5,,,,1203.0,,1204.25,,,,,,,,,,,1200.5,baghdad_kifah,1,3,0.0,
2018-05-15,,,1200.0,,,,,,,1202.0,,1204.75,,,,,,,,,,,1200.0,baghdad_generic,1,3,0.0,
2018-05-16,,,,,,1200.5,,,,1202.0,,1207.0,,,,,,,,,,,1200.5,baghdad_kifah,1,3,0.0,
2018-05-17,,,,1199.5,,1199.0,,,,1201.5,,1205.75,,,,,,,1202.0,,,,1199.0,baghdad_kifah,1,3,0.0,
2018-05-20,,,,,,1199.0,,,,1202.0,,1204.75,,,,,,,,,,,1199.0,baghdad_kifah,1,3,0.0,
2018-05-21,,1198.5,,,,1197.0,,,,1200.0,,1203.25,,,,,1198.5,,,,,,1197.0,baghdad_kifah,1,3,0.0,
2018-05-22,,1196.5,,,,1195.5,,,,1198.5,,1202.0,,,,,,,,,,,1195.5,baghdad_kifah,1,3,0.0,
2018-05-23,,,1196.0,,,,,,,1198.5,,1201.0,,,,,1197.5,,1198.5,,,,1196.0,baghdad_generic,1,3,0.0,
2018-05-24,,,,,,1196.0,,,,1198.5,,1200.75,,,,,,,1198.0,,,,1196.0,baghdad_kifah,1,3,0.0,
2018-05-27,,,1197.5,,,,,,,1200.0,,1202.0,,,,,,,,,,,1197.5,baghdad_generic,1,3,0.0,
2018-05-28,,,,,,1198.0,,,,1199.0,,1202.5,,,,,,,1201.0,,,,1198.0,baghdad_kifah,1,3,0.0,
2018-05-29,1198.0,,,,,1197.0,,,,1198.5,,1200.5,,,,,1198.0,1205.0,,,,,1197.0,baghdad_kifah,1,3,0.0,
2018-05-30,,,,,,1197.0,,,,1198.5,,1200.5,,,,,,,,,,,1197.0,baghdad_kifah,1,3,0.0,
2018-05-31,,,,,,1197.25,,,,1198.5,,1199.75,,,,,1199.0,,,,,,1197.25,baghdad_kifah,1,3,0.0,
2018-06-03,,,,,,1197.75,,,,1198.5,,1197.75,,,,,1200.0,,1201.0,,,,1197.75,baghdad_kifah,1,3,0.0,
2018-06-04,1198.5,,,1198.0,,1197.5,,,,1198.5,,1198.0,,,,1199.0,1199.0,1202.5,,1200.0,,,1197.5,baghdad_kifah,1,3,0.0,
2018-06-05,1198.0,,,,,1196.5,,,,1197.5,,1197.0,,,,1198.5,,,,,,,1196.5,baghdad_kifah,1,3,0.0,
2018-06-06,,,,1196.5,,1196.0,,,,1197.0,,1197.0,,,,,,1200.0,,1199.0,,,1196.0,baghdad_kifah,1,3,0.0,
2018-06-07,1197.5,,,,,1197.0,,,,1197.0,,1197.5,,,,,1198.0,1200.0,1200.0,,,,1197.0,baghdad_kifah,1,3,0.0,
2018-06-10,1199.0,,,1199.0,,1198.5,,,,1199.0,,1202.5,,,,,1200.0,,,,,,1198.5,baghdad_kifah,1,3,0.0,
2018-06-11,,1202.0,1201.0,1201.0,,1201.0,1200.0,,,1201.5,,1206.0,,,1202.5,1202.0,,1205.0,,1202.5,,,1201.0,baghdad_kifah,1,3,0.0,
2018-06-12,,,,,,1200.5,,,,1200.5,,1206.0,,,,,,,,,,,1200.5,baghdad_kifah,1,3,0.0,
2018-06-13,1201.5,,,1199.5,,1199.25,,,,1201.0,,1204.75,,,,,,,,,,,1199.25,baghdad_kifah,1,3,0.0,
2018-06-14,1201.0,,,,,1199.0,,,,1200.5,,1204.75,,,,,,1202.5,,1202.0,,,1199.0,baghdad_kifah,1,3,0.0,
2018-06-19,,,,,,1200.0,,,,,,1204.25,,,,,,,,,,,1200.0,baghdad_kifah,1,2,0.0,
2018-06-20,,,,,,1200.0,,,,1201.5,,1205.0,,,,1202.0,,,,1202.0,,,1200.0,baghdad_kifah,1,3,0.0,
2018-06-21,,,,,,1198.0,,,,1201.0,,1204.25,,,,,,,,,,,1198.0,baghdad_kifah,1,3,0.0,
2018-06-24,1203.0,,,,,1202.0,,,,1202.5,,1205.5,,,,,,,1206.5,1204.0,,,1202.0,baghdad_kifah,1,3,0.0,
2018-06-25,,,,,,1204.0,,,,1205.5,,,,,,,1205.0,1207.5,,,,,1204.0,baghdad_kifah,1,2,0.0,
2018-06-26,,,,1202.5,,1202.0,,,,1203.5,,1205.0,,,,1205.0,1205.0,1205.0,,1205.0,,,1202.0,baghdad_kifah,1,3,0.0,
2018-06-27,,,1200.0,,,,,,,1202.0,,1203.25,,,,,,,1203.0,,,,1200.0,baghdad_generic,1,3,0.0,
2018-06-28,,,,,,1198.25,,,,1201.0,,1200.5,,,,,,,,,,,1198.25,baghdad_kifah,1,3,0.0,
2018-07-01,1200.0,,,,,1198.5,,,,1200.0,,1200.75,,,,,1200.0,1202.5,,,,,1198.5,baghdad_kifah,1,3,0.0,
2018-07-02,1200.0,,,,,1198.5,,,,1200.0,,1200.75,,,,,1200.0,1202.5,,,,,1198.5,baghdad_kifah,1,3,0.0,
2018-07-03,1202.0,1201.5,,1200.5,,1200.0,,,,1202.0,,1201.75,,,,,1202.0,,,,,,1200.0,baghdad_kifah,1,3,0.0,
2018-07-04,,,,1200.0,,1199.5,,,,1201.5,,1200.25,,,,,,,,,,,1199.5,baghdad_kifah,1,3,0.0,
2018-07-05,,,,1201.5,,1201.0,,,,1202.5,,1202.5,,,,,,,,,,,1201.0,baghdad_kifah,1,3,0.0,
2018-07-08,,,,,,1202.0,,,,1204.0,,1203.25,,,,,,,,,,,1202.0,baghdad_kifah,1,3,0.0,
2018-07-09,,,,,,1203.25,,,,1205.0,,1205.75,,,,,,,,,,,1203.25,baghdad_kifah,1,3,0.0,
2018-07-10,,,,1201.5,,1201.5,,,,1202.5,,1204.25,,,,,,,1205.0,,,,1201.5,baghdad_kifah,1,3,0.0,
2018-07-11,1203.0,,,,,1202.0,,,,1203.5,,1205.25,,,,,,,,,,,1202.0,baghdad_kifah,1,3,0.0,
2018-07-12,,,,,,1202.5,,,,1204.0,,,,,,,,,,,,,1202.5,baghdad_kifah,1,2,0.0,
2018-07-16,,,,,,1205.0,,,,1207.0,,1207.5,,,,1210.0,,,,,,,1205.0,baghdad_kifah,1,3,0.0,
2018-07-19,,,,,,1200.5,,,,1203.0,,1203.5,,,,,,,,,,,1200.5,baghdad_kifah,1,3,0.0,
2018-07-22,,,,,,1199.5,,,,1201.0,,1201.25,,,,,,,,,,,1199.5,baghdad_kifah,1,3,0.0,
2018-07-23,,,,1199.0,,1198.5,,,,1201.0,,1202.0,,,,,,,,,,,1198.5,baghdad_kifah,1,3,0.0,
2018-07-24,,,,,,1198.5,,,,1201.0,,1201.75,,,,,,,,,,,1198.5,baghdad_kifah,1,3,0.0,
2018-07-25,,,,1199.5,,1199.5,,,,1201.5,,1203.0,,,,,,,1202.0,,,,1199.5,baghdad_kifah,1,3,0.0,
2018-07-26,1202.0,1201.5,1200.0,,,,,,,1202.5,,1203.0,,,,1202.5,,,1203.0,1202.5,,,1200.0,baghdad_generic,1,3,0.0,
2018-07-29,,,,,,1199.0,,,,1201.0,,1202.0,,,,1201.0,,,,,,,1199.0,baghdad_kifah,1,3,0.0,
2018-07-30,,,,,,1199.0,,,,1200.5,,1201.5,,,,,,,,,,,1199.0,baghdad_kifah,1,3,0.0,
2018-07-31,,,,1199.0,,1198.5,,,,1200.5,,1200.5,,,,,,1202.5,,,,,1198.5,baghdad_kifah,1,3,0.0,
2018-08-01,,,1198.0,,,,,,,1200.0,,1200.75,,,,,,,,,,,1198.0,baghdad_generic,1,3,0.0,
2018-08-02,,1201.5,,1200.0,,1199.5,,,,1201.0,,1201.75,,,,,1201.0,,,,,,1199.5,baghdad_kifah,1,3,0.0,
2018-08-05,,,1195.0,1202.0,,1201.0,,,,1202.5,,1203.0,,,,,,1205.0,,,,,1201.0,baghdad_kifah,1,3,0.0,
2018-08-07,,,,,,1201.0,,,,1202.5,,1203.25,,,,,,,,,,,1201.0,baghdad_kifah,1,3,0.0,
2018-08-08,,,,1202.0,,1201.5,,,,1203.0,,1205.0,,,,,,,,,,,1201.5,baghdad_kifah,1,3,0.0,
2018-08-09,,,,,,1204.0,,,,1205.0,,1206.5,,,,,,,,,,,1204.0,baghdad_kifah,1,3,0.0,
2018-08-12,,,,1208.0,,1207.0,,,,1211.5,,1209.75,,,,,,,,,,,1207.0,baghdad_kifah,1,3,0.0,
2018-08-13,,,,1208.5,,1208.0,,,,1211.0,,1210.0,,,,,1209.0,,,,,,1208.0,baghdad_kifah,1,3,0.0,
2018-08-14,,,,,,1208.0,,,,1211.5,,,,,,,,,,,,,1208.0,baghdad_kifah,1,2,0.0,
2018-08-16,,,1202.5,,,1208.25,,,,1211.5,,1212.25,,,,,,,,,,,1208.25,baghdad_kifah,1,3,0.0,
2018-08-19,,,1205.0,,,1212.0,,,,1213.5,,1216.0,,,,1215.0,,,,,,,1212.0,baghdad_kifah,1,3,0.0,
2018-08-20,1215.0,,,1214.5,,1214.0,,,,1215.0,,1215.75,,,,,,1220.0,,,,,1214.0,baghdad_kifah,1,3,0.0,
2018-08-23,1215.0,,,1214.5,,1214.0,,,,1215.0,,1215.75,,,,,,1220.0,,,,,1214.0,baghdad_kifah,1,3,0.0,
2018-08-26,,,,1213.5,,1213.0,,,,1215.5,,1215.25,,,,,,,,,,,1213.0,baghdad_kifah,1,3,0.0,
2018-08-27,1213.5,,,,,1210.0,,,,1213.0,,1213.25,,,,,,1212.5,,,,,1210.0,baghdad_kifah,1,3,0.0,
2018-08-28,,,1206.0,,,,,,,1208.0,,1210.0,,,,,1207.5,,,,,,1206.0,baghdad_generic,1,3,0.0,
2018-08-29,,,,,,1207.0,,,,1209.0,,1210.0,,,,,,1207.5,1209.0,,,,1207.0,baghdad_kifah,1,3,0.0,
2018-08-30,,,,1206.5,,1206.0,,,,1208.0,,1209.75,,,,,,,,,,,1206.0,baghdad_kifah,1,3,0.0,
2018-09-02,1206.5,,,1205.5,,1204.5,,,,1206.0,,,,,,,,,,,,,1204.5,baghdad_kifah,1,2,0.0,
2018-09-03,1207.0,,,,,1205.5,,,,1207.0,,1208.0,,,,,,,1207.5,,,,1205.5,baghdad_kifah,1,3,0.0,
2018-09-04,,,1206.5,,,,,,,,,1209.0,,,,,,,,,,,1206.5,baghdad_generic,1,2,0.0,
2018-09-06,,,,,,1208.5,,,,1211.0,,1209.75,,,,,,,,,,,1208.5,baghdad_kifah,1,3,0.0,
2018-09-10,1215.0,,,,,1213.0,,,,1215.0,,1215.0,,,,1215.0,1214.5,1215.0,1216.5,1215.0,,,1213.0,baghdad_kifah,1,3,0.0,
2018-09-11,,,1205.0,,,1209.0,,,,1211.0,,1212.0,,,,,,,,,,,1209.0,baghdad_kifah,1,3,0.0,
2018-09-12,,,,,,1208.5,,,,1210.5,,1211.0,,,,,,,1211.0,,,,1208.5,baghdad_kifah,1,3,0.0,
2018-09-13,,,,,,1210.0,,,,1211.0,,1213.75,,,,,,,1212.0,1212.0,,,1210.0,baghdad_kifah,1,3,0.0,
2018-09-17,,,,,,1208.5,,,,1210.0,,1211.0,,,,1211.0,,1210.0,,,,,1208.5,baghdad_kifah,1,3,0.0,
2018-09-18,,,1206.0,,,,,,,1207.0,,1210.75,,,,,,,,,,,1206.0,baghdad_generic,1,3,0.0,
2018-09-24,,,1204.0,,,,,,,1206.0,,1206.75,,,,,,1207.5,,,,,1204.0,baghdad_generic,1,3,0.0,
2018-09-25,,,,,,1203.0,,,,1204.5,,1206.0,,,,,,1205.0,1205.5,,,,1203.0,baghdad_kifah,1,3,0.0,
2018-09-26,1205.0,,,,,1203.5,,,,1205.0,,1207.25,,,,,,,,,,,1203.5,baghdad_kifah,1,3,0.0,
2018-09-30,1205.0,,1204.0,,,,,,,1205.0,,,,,,,,,,,,,1204.0,baghdad_generic,1,2,0.0,
2018-10-07,1208.5,,,,,1207.5,,,,1208.5,,1207.5,,,,,,,,,,,1207.5,baghdad_kifah,1,3,0.0,
2018-10-08,,,,,,1207.25,,,,1208.5,,1207.75,,,,,,1208.0,,,,,1207.25,baghdad_kifah,1,3,0.0,
2018-10-09,,,,,,1207.0,,,,1208.0,,1207.75,,,,,,,,1208.5,,,1207.0,baghdad_kifah,1,3,0.0,
2018-10-10,,,,,,1207.5,,,,1208.5,,1209.0,,,,,,,,1209.5,,,1207.5,baghdad_kifah,1,3,0.0,
2018-10-11,1209.0,,,,,1207.0,,,,1209.0,,1208.5,,,,,,1208.0,1209.0,1209.0,,,1207.0,baghdad_kifah,1,3,0.0,
2018-10-16,,,,,,1205.25,,,,1206.5,,1206.25,,,,,,,,,,,1205.25,baghdad_kifah,1,3,0.0,
2018-10-18,1207.0,,,,,1206.0,,,,1207.5,,1208.0,,,,,,1207.5,,,,,1206.0,baghdad_kifah,1,3,0.0,
2018-10-21,,,,,,1204.5,,,,1206.5,,1206.0,,,,,,,1207.0,,,,1204.5,baghdad_kifah,1,3,0.0,
2018-10-23,,,1203.0,,,,,,,1204.0,,1204.25,,,,,,,,1204.0,,,1203.0,baghdad_generic,1,3,0.0,
2018-10-24,1205.0,,,,,1204.0,,,,1205.0,,1205.5,,,,,,1205.0,1206.0,,,,1204.0,baghdad_kifah,1,3,0.0,
2018-10-29,,,,,,1203.5,,,,,,1204.75,,,,,,1205.0,1206.0,,,,1203.5,baghdad_kifah,1,2,0.0,
2018-11-01,,,,,,1206.25,,,,1208.0,,1206.0,,,,,,,,1208.0,,,1206.25,baghdad_kifah,1,3,0.0,
2018-11-04,,,,,,1206.5,,,,1207.0,,1206.0,,,,,,,,,,,1206.5,baghdad_kifah,1,3,0.0,
2018-11-05,,,,,,1205.0,,,,1206.0,,1206.0,,,,,,,,1207.5,,,1205.0,baghdad_kifah,1,3,0.0,
2018-11-06,1206.5,,,,,1205.0,,,,1206.0,,1205.5,,,,,,,,,,,1205.0,baghdad_kifah,1,3,0.0,
2018-11-08,,,,,,1203.75,,,,1205.0,,1204.75,,,,,,,,,,,1203.75,baghdad_kifah,1,3,0.0,
2018-11-11,1206.0,,,,,1204.5,,,,1205.5,,1206.0,,,,,,,,1206.0,,,1204.5,baghdad_kifah,1,3,0.0,
2018-11-12,,,,,,1204.5,,,,1205.5,,1206.25,,,,,,,,1206.0,,,1204.5,baghdad_kifah,1,3,0.0,
2018-11-14,1204.5,,1203.0,,,,,,,1205.0,,1205.5,,,,,,,,,,,1203.0,baghdad_generic,1,3,0.0,
2018-11-15,,,,,,1202.0,,,,1204.0,,1205.5,,,,,,,,,,,1202.0,baghdad_kifah,1,3,0.0,
2018-11-18,,,,,,1202.25,,,,1204.5,,1205.5,,,,,,,,,,,1202.25,baghdad_kifah,1,3,0.0,
2018-11-19,,,1202.0,,,,,,,1204.5,,1205.0,,,,,1203.0,,,,,,1202.0,baghdad_generic,1,3,0.0,
2018-11-21,,,,,,1202.25,,,,1204.0,,1205.25,,,,,,,,1204.0,,,1202.25,baghdad_kifah,1,3,0.0,
2018-11-22,,,,,,1199.5,,,,1202.0,,1202.5,,,,,,,,,,,1199.5,baghdad_kifah,1,3,0.0,
2018-11-25,,,1198.0,,,,,,,1200.0,,1201.25,,,,,,,,,,,1198.0,baghdad_generic,1,3,0.0,
2018-11-26,1200.0,,,,,1197.0,,,,1198.5,,1200.75,,,,,,,,,,,1197.0,baghdad_kifah,1,3,0.0,
2018-11-27,1197.5,,,,,1196.0,,,,,,1198.25,,,,,,,,,,,1196.0,baghdad_kifah,1,2,0.0,
2018-11-29,,,,,,1195.25,,,,1197.0,,1197.75,,,,,,,,,,,1195.25,baghdad_kifah,1,3,0.0,
2018-12-02,1200.0,1200.0,1198.5,,,,,,,1200.0,,,,,,,1200.0,,,,,,1198.5,baghdad_generic,1,2,0.0,
2018-12-03,,,,,,1198.0,,,,1199.5,,1199.5,,,,,,,,,,,1198.0,baghdad_kifah,1,3,0.0,
2018-12-04,,,,,,1197.5,,,,1199.0,,1199.5,,,,,,,,,,,1197.5,baghdad_kifah,1,3,0.0,
2018-12-05,,,,,,1197.5,,,,1198.5,,1201.0,,,,,,,,,,,1197.5,baghdad_kifah,1,3,0.0,
2018-12-10,1202.0,,1200.0,,,,,,,1202.0,,1204.75,,,,,,,1203.5,1202.5,,,1200.0,baghdad_generic,1,3,0.0,
2018-12-11,,,,,,1199.0,,,,1200.0,,1201.5,,,,,1200.0,,1202.5,1201.0,,,1199.0,baghdad_kifah,1,3,0.0,
2018-12-12,,,,,,1198.25,,,,1200.0,,1201.75,,,,,,,,,,,1198.25,baghdad_kifah,1,3,0.0,
2018-12-13,,,,,,1198.25,,,,1199.5,,1201.25,,,,,1200.0,,,,,,1198.25,baghdad_kifah,1,3,0.0,
2018-12-16,1200.0,,,,,,,,,1200.0,,1201.75,,,,,,,,1200.0,,,,,1,2,0.0,
2018-12-17,1199.5,,,,,1197.5,,,,1199.0,,1201.5,,,,,1199.0,,,1199.5,,,1197.5,baghdad_kifah,1,3,0.0,
2018-12-19,,,,,,1196.0,,,,1197.0,,1198.0,,,1198.0,,,,,,,,1196.0,baghdad_kifah,1,3,0.0,
2018-12-20,,,,,,1196.5,,,,1197.5,,1198.75,,,,,,,,,,,1196.5,baghdad_kifah,1,3,0.0,
2018-12-23,1197.5,,,,,1196.0,,,,1197.5,,1199.5,,,,,,,,,,,1196.0,baghdad_kifah,1,3,0.0,
2018-12-24,,,,,,1197.25,,,,1198.5,,1201.75,,,,,,,,,,,1197.25,baghdad_kifah,1,3,0.0,
2018-12-25,,,,,,1197.25,,,,1198.5,,1200.5,,,,,,,,,,,1197.25,baghdad_kifah,1,3,0.0,
2018-12-26,1198.0,,,,,1196.75,,,,1197.5,,1198.0,,,,,,,,,,,1196.75,baghdad_kifah,1,3,0.0,
2018-12-27,,,1197.5,,,,,,,1198.0,,1199.0,,,,,,,,,,,1197.5,baghdad_generic,1,3,0.0,
2018-12-30,1200.0,,,,,1199.5,,,,1200.0,,1201.75,,,,,1200.0,,1202.0,1201.0,,,1199.5,baghdad_kifah,1,3,0.0,
2018-12-31,1201.5,,,,,1200.5,,,,1201.0,,1202.5,,,,,,,,1202.5,,,1200.5,baghdad_kifah,1,3,0.0,
2019-01-01,,,1200.0,,,,,,,1200.5,,,,,,,,,,,,,1200.0,baghdad_generic,1,2,0.0,
2019-01-02,1201.0,1201.0,,,,1199.5,,,,1200.5,,1200.75,,,,,,,,,,,1199.5,baghdad_kifah,1,3,0.0,
2019-01-03,1201.0,1201.0,,,,1199.5,,,,1200.5,,1200.75,,,,,,,,,,,1199.5,baghdad_kifah,1,3,0.0,
2019-01-06,,,1199.0,,,,,,,1200.0,,1200.75,,,,,,,,,,,1199.0,baghdad_generic,1,3,0.0,
2019-01-07,1201.0,,,,,1200.0,,,,1201.0,,1200.75,,,,,,,,,,,1200.0,baghdad_kifah,1,3,0.0,
2019-01-08,1200.5,,,,,1199.0,,,,1200.0,,1201.0,,,,1201.0,,1202.5,1201.5,1201.0,,,1199.0,baghdad_kifah,1,3,0.0,
2019-01-09,1200.5,,,,,1198.5,,,,1200.0,,1200.5,,,,,,1201.5,,1201.0,,,1198.5,baghdad_kifah,1,3,0.0,
2019-01-10,1201.0,,,,,1199.0,,,,1200.0,,1199.5,,,,,,,,,,,1199.0,baghdad_kifah,1,3,0.0,
2019-01-13,1200.5,,,,,1198.0,,,,1200.0,,1199.75,,,,,,1201.0,,1200.5,,,1198.0,baghdad_kifah,1,3,0.0,
2019-01-14,1199.0,,,,,1197.5,,,,1199.5,,1199.5,,,,,,,,,,,1197.5,baghdad_kifah,1,3,0.0,
2019-01-15,1198.5,,,,,1197.0,,,,1198.0,,1199.5,,,,,,1201.0,,1198.5,,,1197.0,baghdad_kifah,1,3,0.0,
2019-01-16,1198.0,1197.5,,,,1196.5,,,,1197.5,,1199.0,,,,,,1200.0,1198.5,,,,1196.5,baghdad_kifah,1,3,0.0,
2019-01-17,,,,,,1197.25,,,,1198.5,,1200.0,,,,,,,,1199.0,,,1197.25,baghdad_kifah,1,3,0.0,
2019-01-20,,,,,,1197.0,,,,1198.5,,1199.75,,,,,,,,,,,1197.0,baghdad_kifah,1,3,0.0,
2019-01-21,,,1196.0,,,,,,,1197.5,,1198.25,,,,,,,,,,,1196.0,baghdad_generic,1,3,0.0,
2019-01-22,1197.5,,,,,1196.25,,,,1197.5,,1198.5,,,,,1197.5,1199.0,,,,,1196.25,baghdad_kifah,1,3,0.0,
2019-01-23,1197.0,,,,,1195.75,,,,1197.5,,1198.0,,,,,,1198.0,,,,,1195.75,baghdad_kifah,1,3,0.0,
2019-01-24,1197.0,,,,,1195.75,,,,1196.5,,1197.25,,,,,,,,,,,1195.75,baghdad_kifah,1,3,0.0,
2019-01-27,1197.0,,1190.0,,,1195.25,,,,1196.5,,1196.75,,,,,,1198.0,,,,,1195.25,baghdad_kifah,1,3,0.0,
2019-01-28,1197.0,,,,,1195.75,,,,1196.5,,1197.25,,,,,,,,1197.5,,,1195.75,baghdad_kifah,1,3,0.0,
2019-01-29,,,1190.0,,,1195.0,,,,1196.0,,1195.75,,,,,,1198.0,,,,,1195.0,baghdad_kifah,1,3,0.0,
2019-01-30,,,,,,1195.25,,,,1196.0,,1195.75,,,,,,,,,,,1195.25,baghdad_kifah,1,3,0.0,
2019-01-31,1197.5,,,,,1196.0,,,,1197.0,,1196.0,,,,,,,,,,,1196.0,baghdad_kifah,1,3,0.0,
2019-02-03,1197.5,,,,,1197.0,,,,1197.0,,1197.25,,,,,,,1199.0,,,,1197.0,baghdad_kifah,1,3,0.0,
2019-02-04,1198.5,,1190.0,,,,,,,1198.0,,1197.5,,,,,,1199.0,1200.0,1199.0,,,1190.0,baghdad_generic,1,3,0.0,
2019-02-05,1198.5,,,,,1197.0,,,,1197.5,,1197.5,,,,,,1198.5,,,,,1197.0,baghdad_kifah,1,3,0.0,
2019-02-06,1199.0,1199.0,,,,1198.0,,,,1198.5,,1197.75,,,,,,1200.0,1201.0,,,,1198.0,baghdad_kifah,1,3,0.0,
2019-02-10,,,,,,1200.5,,,,1201.0,,1200.25,,,,,,,,,,,1200.5,baghdad_kifah,1,3,0.0,
2019-02-11,1201.5,,,,,1199.5,,,,1200.5,,1200.0,,,,,,,,,,,1199.5,baghdad_kifah,1,3,0.0,
2019-02-12,,,,,,1198.5,,,,1199.5,,1199.0,,,,,,,,,,,1198.5,baghdad_kifah,1,3,0.0,
2019-02-14,,,,,,1198.0,,,,1198.5,,1199.0,,,,,,,,,,,1198.0,baghdad_kifah,1,3,0.0,
2019-02-17,1199.0,,,,,1198.0,,,,1199.0,,1199.0,,,,,,1200.0,,1200.0,,,1198.0,baghdad_kifah,1,3,0.0,
2019-02-18,,,,,,,,,,1199.0,,,,,,,,,,1200.0,,,,,1,1,0.0,
2019-02-19,1199.0,1202.5,,,,,,,,1199.0,,1199.0,,,,,1199.0,1200.0,,1199.5,,,,,1,2,0.0,
2019-02-20,1199.0,1199.0,,,,,,,,1199.0,,1199.0,,,,,1199.0,1200.0,,1200.0,,,,,1,2,0.0,
2019-02-21,,,,,,1199.0,,,,,,1200.0,,,,,,,,,,,1199.0,baghdad_kifah,1,2,0.0,
2019-02-24,1200.0,1199.5,,,,1199.25,,,,1201.0,,1201.5,,,,,1200.0,1202.5,,,,,1199.25,baghdad_kifah,1,3,0.0,
2019-02-25,1200.0,,,,,1199.0,,,,1200.5,,1201.0,,,,,,1202.5,,,,,1199.0,baghdad_kifah,1,3,0.0,
2019-02-26,1199.5,1198.25,,,,1198.0,,,,1199.0,,1199.5,,,,,,,,,,,1198.0,baghdad_kifah,1,3,0.0,
2019-02-27,1199.0,,,,,1197.5,,,,1199.0,,1199.5,,,,,,,,,,,1197.5,baghdad_kifah,1,3,0.0,
2019-02-28,1198.5,,,,,1197.0,,,,1199.0,,1198.75,,,,,,,,,,,1197.0,baghdad_kifah,1,3,0.0,
2019-03-03,1198.5,,,,,1197.0,,,,1199.0,,1198.75,,,,,,,,,,,1197.0,baghdad_kifah,1,3,0.0,
2019-03-05,1200.5,,,,,1199.0,,,,1200.0,,1200.5,,,,,,,,,,,1199.0,baghdad_kifah,1,3,0.0,
2019-03-06,1201.0,,,,,1200.0,,,,1201.0,,1200.25,,,,,,1202.5,,,,,1200.0,baghdad_kifah,1,3,0.0,
2019-03-07,1202.0,,,,,1200.5,,,,1202.0,,1200.25,,,,,,1202.5,,1202.0,,,1200.5,baghdad_kifah,1,3,0.0,
2019-03-10,1202.0,,1200.0,,,,,,,1201.0,,1200.0,,,,,,1202.5,,,,,1200.0,baghdad_generic,1,3,0.0,
2019-03-11,1201.5,,1200.0,,,,,,,1201.5,,1201.0,,,,,,1202.5,,,,,1200.0,baghdad_generic,1,3,0.0,
2019-03-12,,,,,,1198.5,,,,1199.0,,1199.25,,,,,,1202.0,,,,,1198.5,baghdad_kifah,1,3,0.0,
2019-03-13,,,1200.0,,,,,,,1200.5,,1200.5,,,,,,,,,,,1200.0,baghdad_generic,1,3,0.0,
2019-03-14,,,1200.0,,,,,,,1200.5,,1200.5,,,,,,,,,,,1200.0,baghdad_generic,1,3,0.0,
2019-03-17,1201.0,1199.5,,,,1198.5,,,,1200.0,,1201.5,,,,,,1202.0,,,,,1198.5,baghdad_kifah,1,3,0.0,
2019-03-18,,,1200.0,,,,,,,,,1204.75,,,,,,,,,,,1200.0,baghdad_generic,1,2,0.0,
2019-03-19,1202.0,,1200.0,,,,,,,1201.0,,1205.0,,,,1202.0,,1201.0,,,,,1200.0,baghdad_generic,1,3,0.0,
2019-03-20,1200.5,,,,,1199.75,,,,1201.0,,1201.75,,,,1201.0,,1201.0,,1201.0,,,1199.75,baghdad_kifah,1,3,0.0,
2019-03-21,1200.5,,,,,1199.75,,,,1201.0,,1201.75,,,,1201.0,,1201.0,,1201.0,,,1199.75,baghdad_kifah,1,3,0.0,
2019-03-24,,,1199.5,,,,,,,1200.0,,,,,,,,,,,,,1199.5,baghdad_generic,1,2,0.0,
2019-03-25,1201.0,,,,,1199.75,,,,1200.0,,1201.25,,,,,,,,,,,1199.75,baghdad_kifah,1,3,0.0,
2019-03-26,1202.5,,,,,1199.0,,,,1202.5,,1199.5,,,,,,,,,,,1199.0,baghdad_kifah,1,3,0.0,
2019-03-27,1199.5,1199.25,1198.0,,,,,,,1199.0,,1201.25,,,,,1200.0,1201.0,,,,,1198.0,baghdad_generic,1,3,0.0,
2019-03-28,1201.0,1200.0,,,,1199.0,,,,1200.0,,1200.25,,,,,,,,,,,1199.0,baghdad_kifah,1,3,0.0,
2019-03-31,,,1199.0,,,,,,,1200.0,,1200.5,,,,,,1201.0,,,,,1199.0,baghdad_generic,1,3,0.0,
2019-04-01,,,1195.0,,,,,,,1199.5,,1200.0,,,,,,1202.0,,,,,1195.0,baghdad_generic,1,3,0.0,
2019-04-02,,,1195.0,,,,,,,1199.0,,1200.0,,,,,,1201.0,,,,,1195.0,baghdad_generic,1,3,0.0,
2019-04-03,1200.0,,1199.0,,,,,,,1199.5,,1200.0,,,,,,,,,,,1199.0,baghdad_generic,1,3,0.0,
2019-04-04,1200.5,,,,,,,,,1199.5,,1199.75,,,,,,,,,,,,,1,2,0.0,
2019-04-07,1201.5,,1195.0,,,,,,,1200.0,,1200.0,,,,,,1201.0,1202.5,,,,1195.0,baghdad_generic,1,3,0.0,
2019-04-08,1201.5,,1200.25,,,,,,,1201.0,,1201.0,,,,,,,,,,,1200.25,baghdad_generic,1,3,0.0,
2019-04-09,1201.5,,1200.0,,,,,,,1201.0,,1201.25,,,,,,1201.0,,1202.0,,,1200.0,baghdad_generic,1,3,0.0,
2019-04-11,1202.0,,1200.5,,,,,,,1201.5,,1201.25,,,,,,1202.5,,,,,1200.5,baghdad_generic,1,3,0.0,
2019-04-14,1202.0,,1200.0,,,,,,,1201.5,,1201.25,,,,,,1202.0,,,,,1200.0,baghdad_generic,1,3,0.0,
2019-04-15,1202.5,,,,,,,,,1202.0,,1201.75,,,,,,1202.0,,,,,,,1,2,0.0,
2019-04-16,1201.5,,,,,,,,,1201.5,,1201.75,,,,,,,,,,,,,1,2,0.0,
2019-04-17,1201.5,,1199.5,,,,,,,1201.5,,1203.0,,,,,,,,,,,1199.5,baghdad_generic,1,3,0.0,
2019-04-18,1201.0,,,,,,,,,1201.0,,1202.75,,,,,1201.0,1201.0,1201.5,,,,,,1,2,0.0,
2019-04-21,1201.0,,,,,,,,,1201.0,,1202.75,,,,,,1201.5,,,,,,,1,2,0.0,
2019-04-22,1201.0,,,,,,,,,1201.0,,1201.5,,,,,,1201.5,,,,,,,1,2,0.0,
2019-04-23,1201.0,,1200.0,,,,,,,1201.0,,1201.75,,,,,1201.0,,,,,,1200.0,baghdad_generic,1,3,0.0,
2019-04-24,1201.0,,1199.5,,,,,,,1201.0,,1201.5,,,,,,1201.0,,,,,1199.5,baghdad_generic,1,3,0.0,
2019-04-25,1200.5,,1199.25,,,,,,,1200.5,,1200.75,,,,,,1201.5,,,,,1199.25,baghdad_generic,1,3,0.0,
2019-04-28,1200.5,,1199.0,,,,,,,1200.0,,1200.5,,,,,1200.0,1201.5,,,,,1199.0,baghdad_generic,1,3,0.0,
2019-04-29,1200.5,1200.0,1195.0,,,,,,,1200.0,,1201.0,,,,,,1201.5,,,,,1195.0,baghdad_generic,1,3,0.0,
2019-04-30,,,1198.75,,,,,,,1200.0,,1200.75,,,,,,1201.5,,,,,1198.75,baghdad_generic,1,3,0.0,
2019-05-01,1200.5,,1199.25,,,,,,,1200.0,,1200.75,,,,,1200.0,1201.0,1201.5,,,,1199.25,baghdad_generic,1,3,0.0,
2019-05-02,1200.5,,1199.0,,,,,,,1200.0,,1200.5,,,,,,1201.0,,,,,1199.0,baghdad_generic,1,3,0.0,
2019-05-05,1202.5,,1200.5,,,,,,,1201.0,,1200.0,,,,,,1201.5,,,,,1200.5,baghdad_generic,1,3,0.0,
2019-05-06,1202.5,,1201.0,,,,,,,1202.0,,1200.25,,,,,1202.5,1203.0,,1203.0,,,1201.0,baghdad_generic,1,3,0.0,
2019-05-07,1201.0,,,,,1199.25,,,,1202.5,,1200.0,,,,,1202.5,1202.0,,,,,1199.25,baghdad_kifah,1,3,0.0,
2019-05-08,1201.0,,,,,1199.25,,,,1201.0,,1197.5,,,,,1201.0,1201.0,,,,,1199.25,baghdad_kifah,1,3,0.0,
2019-05-09,1201.0,1200.25,1200.0,,,,,,,1201.0,,1199.5,,,,1201.0,,1201.0,1202.0,1201.0,,,1200.0,baghdad_generic,1,3,0.0,
2019-05-12,1202.0,,1200.5,,,,,,,,,1200.75,,,,,,,,,,,1200.5,baghdad_generic,1,2,0.0,
2019-05-13,,,1199.75,,,,,,,1201.5,,1200.5,,,,1201.5,,,,,,,1199.75,baghdad_generic,1,3,0.0,
2019-05-14,1201.5,,1199.5,,,,,,,1201.0,,1200.0,,,,,,,1201.5,1201.5,,,1199.5,baghdad_generic,1,3,0.0,
2019-05-15,,1200.0,1195.0,,,1199.5,,,,1201.0,,1200.75,,,,,,1201.5,,,,,1199.5,baghdad_kifah,1,3,0.0,
2019-05-16,1201.0,1200.0,1195.0,,,1199.5,,,,1201.0,,1201.25,,,,,,1201.0,,,,,1199.5,baghdad_kifah,1,3,0.0,
2019-05-19,,,1195.0,,,1199.5,,,,1201.0,,1202.25,,,,,,,,1201.5,,,1199.5,baghdad_kifah,1,3,0.0,
2019-05-20,1201.0,,1195.0,,,1199.5,,,,1201.0,,1201.5,,,,,,,,1201.5,,,1199.5,baghdad_kifah,1,3,0.0,
2019-05-21,1200.5,,1198.75,,,,,,,1200.5,,1201.0,,,,,1200.0,,1201.0,,,,1198.75,baghdad_generic,1,3,0.0,
2019-05-22,1200.5,,1195.0,,,1198.25,,,,1200.5,,1200.5,,,,,,1201.0,,,,,1198.25,baghdad_kifah,1,3,0.0,
2019-05-23,1200.5,,1192.5,,,1197.75,,,,1200.0,,1198.5,,,,1200.0,,1201.0,,,,,1197.75,baghdad_kifah,1,3,0.0,
2019-05-26,1200.0,1199.5,1192.5,,,1199.0,,,,1200.0,,1199.25,,,,,,1201.0,,,,,1199.0,baghdad_kifah,1,3,0.0,
2019-05-28,1200.5,,1192.5,,,1198.25,,,,1200.0,,1196.75,,,,,,1201.0,,1200.0,,,1198.25,baghdad_kifah,1,3,0.0,
2019-05-29,1200.0,,1192.5,,,1197.5,,,,1200.0,,1195.25,,,,,,1201.0,,1200.0,,,1197.5,baghdad_kifah,1,3,0.0,
2019-05-30,1200.0,,1192.5,,,1198.0,,,,1200.0,,1197.5,,,,,,1201.0,,1200.0,,,1198.0,baghdad_kifah,1,3,0.0,
2019-06-02,1200.5,,1195.0,,,1199.75,,,,1200.0,,1202.0,,,,,,1201.0,,,,,1199.75,baghdad_kifah,1,3,0.0,
2019-06-03,1202.0,,1195.0,,,1201.5,,,,1202.0,,,,,,,,,,1203.0,,,1201.5,baghdad_kifah,1,2,0.0,
2019-06-09,,,,,,,,,,1202.0,,1201.5,,,,,,,,,,,,,1,2,0.0,
2019-06-10,1203.0,,,,,,,,,1202.5,,1201.5,,,,1203.0,1202.5,,,1202.5,,,,,1,2,0.0,
2019-06-11,1203.5,,,,,1202.0,,,,1203.0,,1202.5,,,,1203.5,1202.5,1202.5,,1203.5,,,1202.0,baghdad_kifah,1,3,0.0,
2019-06-12,1203.0,,,,,1201.5,,,,1202.5,,1201.5,,,,,,,,,,,1201.5,baghdad_kifah,1,3,0.0,
2019-06-13,1202.0,,,,,1201.0,,,,1201.5,,1202.0,,,,1202.5,,1202.5,,1202.5,,,1201.0,baghdad_kifah,1,3,0.0,
2019-06-16,1202.5,,1201.5,,,,,,,1203.0,,1203.0,,,,,,1202.0,,1202.5,,,1201.5,baghdad_generic,1,3,0.0,
2019-06-17,,,1200.5,,,,,,,1202.0,,1201.0,,,,,,1202.5,,,,,1200.5,baghdad_generic,1,3,0.0,
2019-06-18,,,1201.0,,,,,,,1201.5,,1201.5,,,,,,,,,,,1201.0,baghdad_generic,1,3,0.0,
2019-06-19,1202.5,,1201.5,,,,,,,1202.5,,1202.25,,,,,,1202.0,,,,,1201.5,baghdad_generic,1,3,0.0,
2019-06-23,1202.5,,1201.5,,,,,,,1202.0,,1202.5,,,,,,1202.5,,1202.5,,,1201.5,baghdad_generic,1,3,0.0,
2019-06-24,1202.5,,1201.0,,,,,,,1202.0,,1201.25,,,,,,1202.5,,1202.5,,,1201.0,baghdad_generic,1,3,0.0,
2019-06-25,1202.0,,1200.5,,,,,,,1201.5,,1200.75,,,,,,1202.5,,1202.5,,,1200.5,baghdad_generic,1,3,0.0,
2019-06-26,1202.0,,1200.75,,,,,,,1201.5,,1201.75,,,,,,1202.5,,,,,1200.75,baghdad_generic,1,3,0.0,
2019-06-27,1202.0,,1201.0,,,,,,,1202.0,,1202.25,,,,,1202.5,,,,1203.5,,1201.0,baghdad_generic,1,3,0.0,
2019-06-30,1202.0,,1201.5,,,,,,,1202.0,,1202.25,,,,,1202.0,,,1202.5,,,1201.5,baghdad_generic,1,3,0.0,
2019-07-01,1202.5,,1201.5,,,,,,,1202.5,,1202.5,,,,,,,,,,,1201.5,baghdad_generic,1,3,0.0,
2019-07-02,1202.5,,1195.0,,,1201.25,,,,1202.0,,1202.5,,,,,,1201.5,,,,,1201.25,baghdad_kifah,1,3,0.0,
2019-07-03,1202.5,,1195.0,,,1201.75,,,,1202.5,,1203.0,,,,,,,,,,,1201.75,baghdad_kifah,1,3,0.0,
2019-07-04,1203.0,,1195.0,,,1202.0,,,,1202.5,,1203.25,,,,,,,,,,,1202.0,baghdad_kifah,1,3,0.0,
2019-07-07,1204.5,,1200.0,,,1204.0,,,,1204.0,,1204.75,,,,1205.0,,,,1206.0,,,1204.0,baghdad_kifah,1,3,0.0,
2019-07-08,,,,,,1203.25,,,,1203.5,,1204.25,,,,,,,,,,,1203.25,baghdad_kifah,1,3,0.0,
2019-07-09,1204.5,,,,,1204.0,,,,1204.0,,1204.5,,,,1205.5,,1205.0,1206.0,1205.5,,,1204.0,baghdad_kifah,1,3,0.0,
2019-07-10,,,1203.5,,,,,,,1204.5,,1205.0,,,,,,,,,,,1203.5,baghdad_generic,1,3,0.0,
2019-07-11,1205.0,,,,,1203.75,,,,1204.5,,1205.0,,,,1205.0,,1205.0,1206.0,,,,1203.75,baghdad_kifah,1,3,0.0,
2019-07-14,1206.0,,1200.0,,,1204.25,,,,1205.0,,1205.5,,,,,,1205.0,,1206.0,,,1204.25,baghdad_kifah,1,3,0.0,
2019-07-15,1205.5,,1200.0,,,1203.5,,,,1204.0,,1204.75,,,,,,1205.0,,,,,1203.5,baghdad_kifah,1,3,0.0,
2019-07-16,1204.5,,1197.5,,,1202.5,,,,1204.0,,1204.5,,,,,,1205.0,,,,,1202.5,baghdad_kifah,1,3,0.0,
2019-07-17,1202.5,,1201.0,,,,,,,1202.0,,1202.0,,,,,,1203.0,,,,,1201.0,baghdad_generic,1,3,0.0,
2019-07-18,1202.5,,1195.0,,,1201.0,,,,1202.0,,1202.25,,,,1202.5,,1203.0,,,,,1201.0,baghdad_kifah,1,3,0.0,
2019-07-21,1202.5,,1197.5,,,1201.0,,,,1202.0,,1202.5,,,,,,,,,,,1201.0,baghdad_kifah,1,3,0.0,
2019-07-22,1203.5,,1197.5,1202.0,,1201.5,,,,1202.5,,1203.25,,,,,,1202.5,,,,,1201.5,baghdad_kifah,1,3,0.0,
2019-07-23,1204.0,,1197.5,,,1202.5,,,,1203.0,,1203.5,,,,,,,,,,,1202.5,baghdad_kifah,1,3,0.0,
2019-07-24,1204.0,,1197.5,,,1202.5,,,,1203.5,,1203.0,,,,,,,,1204.0,,,1202.5,baghdad_kifah,1,3,0.0,
2019-07-28,1203.0,,,,,1201.5,,,,1202.0,,1201.75,,,,1203.0,,1202.5,,,,,1201.5,baghdad_kifah,1,3,0.0,
2019-07-29,,,,,,1201.75,,,,1203.0,,1202.0,,,,,,,,,,,1201.75,baghdad_kifah,1,3,0.0,
2019-07-30,,,1200.5,,,,,,,1202.0,,1201.5,,,,,,,,,,,1200.5,baghdad_generic,1,3,0.0,
2019-07-31,1202.0,,,,,1200.0,,,,1202.0,,1201.5,,,,,,,,,,,1200.0,baghdad_kifah,1,3,0.0,
2019-08-01,,,,,,1200.0,,,,1201.5,,1201.0,,,,,,1201.0,,,,,1200.0,baghdad_kifah,1,3,0.0,
2019-08-04,1202.5,,,,,1201.5,,,,1202.5,,1202.5,,,,,,,,,,,1201.5,baghdad_kifah,1,3,0.0,
2019-08-05,,,,,,1201.75,,,,1202.5,,1202.5,,,,,,,,,,,1201.75,baghdad_kifah,1,3,0.0,
2019-08-06,1202.5,,,,,1201.25,,,,1202.5,,1202.25,,,,1203.5,,,,,,,1201.25,baghdad_kifah,1,3,0.0,
2019-08-07,,,,,,1201.75,,,,1202.5,,,,,,,,,,,,,1201.75,baghdad_kifah,1,2,0.0,
2019-08-08,,,,,,1203.5,,,,1205.0,,1204.0,,,,,,,,,,,1203.5,baghdad_kifah,1,3,0.0,
2019-08-18,,,,,,1202.75,,,,1203.5,,1204.0,,,,,,,,,,,1202.75,baghdad_kifah,1,3,0.0,
2019-08-19,,,,,,1205.0,,,,1206.0,,1205.5,,,,,,,,,,,1205.0,baghdad_kifah,1,3,0.0,
2019-08-20,,1206.0,,,,1204.0,,,,1205.5,,1205.25,,,,1207.5,,1205.0,,,,,1204.0,baghdad_kifah,1,3,0.0,
2019-08-21,1205.0,1204.5,,,,1203.5,,,,1204.5,,1204.5,,,,,,1205.0,,,,,1203.5,baghdad_kifah,1,3,0.0,
2019-08-22,1205.5,1204.5,,,,1204.0,,,,1205.5,,1206.0,,,,,,,,,,,1204.0,baghdad_kifah,1,3,0.0,
2019-08-25,1205.0,1204.0,,,,1203.25,,,,1205.0,,1205.0,,,,,,,,,,,1203.25,baghdad_kifah,1,3,0.0,
2019-08-26,1206.0,,,,,1204.0,,,,1206.5,,1206.0,,,,,,,,,,,1204.0,baghdad_kifah,1,3,0.0,
2019-08-27,,,,,,1203.5,,,,1204.5,,1204.75,,,,,,,,,,,1203.5,baghdad_kifah,1,3,0.0,
2019-08-28,,1202.0,,,,1201.0,,,,1203.5,,1202.5,,,,,,,,,,,1201.0,baghdad_kifah,1,3,0.0,
2019-08-29,1203.5,,,,,1202.5,,,,1204.0,,1203.0,,,,,,,,,,,1202.5,baghdad_kifah,1,3,0.0,
2019-09-01,,,,,,1203.0,,,,1203.5,,1204.0,,,,,,,,,,,1203.0,baghdad_kifah,1,3,0.0,
2019-09-02,,,,,,1203.5,,,,1204.0,,1204.25,,,,,,,,,,,1203.5,baghdad_kifah,1,3,0.0,
2019-09-03,,,,,,1203.0,,,,1203.5,,1203.75,,,,,,,,,,,1203.0,baghdad_kifah,1,3,0.0,
2019-09-08,,1205.5,,,,1203.75,,,,1204.0,,1204.75,,,,1205.0,,,,1205.5,,,1203.75,baghdad_kifah,1,3,0.0,
2019-09-09,,,,,,1203.75,,,,1204.5,,1204.75,,,,,,,,,,,1203.75,baghdad_kifah,1,3,0.0,
2019-09-11,,1204.0,,,,1203.0,,,,1204.0,,1204.5,,,,,,1203.0,1205.0,,,,1203.0,baghdad_kifah,1,3,0.0,
2019-09-12,,1203.25,,,,1202.5,,,,1203.5,,1203.5,,,,,,1202.0,1205.0,,,,1202.5,baghdad_kifah,1,3,0.0,
2019-09-15,,1204.5,,,,1204.0,,,,1204.5,,1204.75,,,,,,,,,,,1204.0,baghdad_kifah,1,3,0.0,
2019-09-16,,1203.5,,,,1203.0,,,,1204.5,,1203.75,,,,,,,1205.5,,,,1203.0,baghdad_kifah,1,3,0.0,
2019-09-17,,,,,,1203.0,,,,1204.0,,1204.0,,,,,,,1205.5,,,,1203.0,baghdad_kifah,1,3,0.0,
2019-09-18,,1204.0,,,,1203.0,,,,1204.0,,1204.25,,,,,,,,,,,1203.0,baghdad_kifah,1,3,0.0,
2019-09-19,,,,,,1202.75,,,,1204.0,,1204.5,,,,,,,1205.5,,,,1202.75,baghdad_kifah,1,3,0.0,
2019-09-22,,,,,,1202.75,,,,1204.0,,1203.75,,,,,,,,,,,1202.75,baghdad_kifah,1,3,0.0,
2019-09-23,,1203.75,,,,1202.75,,,,1204.0,,1203.25,,,,,,,,,,,1202.75,baghdad_kifah,1,3,0.0,
2019-09-24,,,,,,1202.25,,,,1203.5,,1203.25,,,,,,,,,,,1202.25,baghdad_kifah,1,3,0.0,
2019-09-25,,1202.75,,,,1202.0,,,,1203.0,,1203.5,,,,,,,,,,,1202.0,baghdad_kifah,1,3,0.0,
2019-09-26,,,,,,1202.5,,,,1203.0,,1203.5,,,,,,,,,,,1202.5,baghdad_kifah,1,3,0.0,
2019-09-30,,1205.0,,,,1204.5,,,,1204.0,,1204.0,,,,,,,,,,,1204.5,baghdad_kifah,1,3,0.0,
2019-10-01,,,,,,1203.0,,,,1203.0,,1203.25,,,,,,,,,,,1203.0,baghdad_kifah,1,3,0.0,
2019-10-09,,,,,,1203.5,,,,1205.0,,1203.5,,,,,,,,,,,1203.5,baghdad_kifah,1,3,0.0,
2019-10-10,,,,,,1203.5,,,,1204.5,,1203.5,,,,,,,,,,,1203.5,baghdad_kifah,1,3,0.0,
2019-10-13,1205.0,,,,,1203.0,,,,1204.0,,1203.75,,,,,,,,,,,1203.0,baghdad_kifah,1,3,0.0,
2019-10-14,,,,,,1202.75,,,,1203.5,,1203.5,,,,,,,,,,,1202.75,baghdad_kifah,1,3,0.0,
2019-10-15,,,,,,1202.5,,,,1204.0,,1203.75,,,,,,,,,,,1202.5,baghdad_kifah,1,3,0.0,
2019-10-20,1205.0,,,,,1203.0,,,,1204.5,,1203.75,,,,,,1203.5,,,,,1203.0,baghdad_kifah,1,3,0.0,
2019-10-21,,,,,,1202.75,,,,1204.0,,1203.25,,,,,,,,,,,1202.75,baghdad_kifah,1,3,0.0,
2019-10-23,,,,,,1206.0,,,,1207.5,,1204.75,,,,,,,,,,,1206.0,baghdad_kifah,1,3,0.0,
2019-10-24,1208.5,,,,,1207.5,,,,1208.5,,1206.5,,,,,,1210.0,,1210.0,,,1207.5,baghdad_kifah,1,3,0.0,
2019-10-28,,,,1204.0,,1203.5,,,,1205.5,,1203.25,,,,,,,,,,,1203.5,baghdad_kifah,1,3,0.0,
2019-10-30,,,,,,1206.5,,,,1208.0,,1204.5,,,,,,,,,,,1206.5,baghdad_kifah,1,3,0.0,
2019-10-31,1211.5,,,1209.0,,1208.5,,,,1211.0,,1206.5,,,,,,,,,,,1208.5,baghdad_kifah,1,3,0.0,
2019-11-03,,,,,,1211.5,,,,1212.0,,,,,,,,,,,,,1211.5,baghdad_kifah,1,2,0.0,
2019-11-04,,,,,,1211.5,,,,1213.5,,1211.25,,,,,,,,,,,1211.5,baghdad_kifah,1,3,0.0,
2019-11-10,1210.0,,1207.5,,,,,,,1209.0,,1208.0,,,,,,1212.0,,,,,1207.5,baghdad_generic,1,3,0.0,
2019-11-11,,,,,,1205.0,,,,1208.5,,1206.5,,,,,,,,,,,1205.0,baghdad_kifah,1,3,0.0,
2019-11-12,,,,,,1206.5,,,,1211.0,,1207.25,,,,,,,,,,,1206.5,baghdad_kifah,1,3,0.0,
2019-11-13,,,,,,1206.75,,,,1208.5,,1207.0,,,,,,,,,,,1206.75,baghdad_kifah,1,3,0.0,
2019-11-14,,,,,,1206.5,,,,1210.0,,1206.5,,,,,,,,,,,1206.5,baghdad_kifah,1,3,0.0,
2019-11-18,,,,,,1207.5,,,,1210.0,,1208.0,,,,,,,,,,,1207.5,baghdad_kifah,1,3,0.0,
2019-11-19,,,,,,1206.0,,,,1210.0,,1207.0,,,,,,,,,,,1206.0,baghdad_kifah,1,3,0.0,
2019-11-21,,,,,,1206.0,,,,1208.5,,1206.5,,,,,,,,,,,1206.0,baghdad_kifah,1,3,0.0,
2019-11-24,,,,,,1205.5,,,,1208.0,,1204.75,,,,,,,,,,,1205.5,baghdad_kifah,1,3,0.0,
2019-11-25,,,,,,1206.0,,,,1208.0,,1206.0,,,,,,,,,,,1206.0,baghdad_kifah,1,3,0.0,
2019-11-26,,,,,,1205.75,,,,1208.5,,1206.75,,,,,,,,,,,1205.75,baghdad_kifah,1,3,0.0,
2019-11-27,,,,,,1205.75,,,,1208.0,,1206.25,,,,,,1207.0,,,,,1205.75,baghdad_kifah,1,3,0.0,
2019-11-28,,,,,,1204.5,,,,1206.5,,1204.25,,,,,,,,,,,1204.5,baghdad_kifah,1,3,0.0,
2019-12-01,,,,,,1207.5,,,,1209.0,,1209.5,,,,,,,,,,,1207.5,baghdad_kifah,1,3,0.0,
2019-12-02,,,,,,1207.0,,,,1208.5,,1208.0,,,,,,,,,,,1207.0,baghdad_kifah,1,3,0.0,
2019-12-03,1200.0,,,,,1207.5,,,,1208.0,,1207.25,,,,,,1207.5,,,,,1207.5,baghdad_kifah,1,3,0.0,
2019-12-04,,1208.0,,,,1207.0,,,,1208.0,,1206.75,,,,,,,,,,,1207.0,baghdad_kifah,1,3,0.0,
2019-12-05,,,,,,1208.0,,,,1208.5,,1208.0,,,,,,,,,,,1208.0,baghdad_kifah,1,3,0.0,
2019-12-08,,,,,,1208.5,,,,1210.5,,1209.0,,,,,,,,,,,1208.5,baghdad_kifah,1,3,0.0,
2019-12-09,1209.5,,,,,1208.5,,,,1210.5,,1208.5,,,,,,,,,,,1208.5,baghdad_kifah,1,3,0.0,
2019-12-10,,,,,,1208.0,,,,1210.5,,1208.75,,,,,,,,,,,1208.0,baghdad_kifah,1,3,0.0,
2019-12-11,,,,,,1207.5,,,,1210.0,,1207.75,,,,,,,,,,,1207.5,baghdad_kifah,1,3,0.0,
2019-12-12,,,,,,1208.5,,,,1211.0,,1208.5,,,,,,,,,,,1208.5,baghdad_kifah,1,3,0.0,
2019-12-15,,,,,,1208.5,,,,1211.0,,1209.75,,,,,,,,,,,1208.5,baghdad_kifah,1,3,0.0,
2019-12-16,,,,,,1208.0,,,,1211.0,,1209.5,,,,1210.0,,,,,,,1208.0,baghdad_kifah,1,3,0.0,
2019-12-17,,,,,,1207.5,,,,1210.5,,1209.75,,,,1210.0,,,,,,,1207.5,baghdad_kifah,1,3,0.0,
2019-12-18,,,,,,1207.5,,,,1209.5,,1210.5,,,,,,,,,,,1207.5,baghdad_kifah,1,3,0.0,
2019-12-19,,,,,,1207.25,,,,1210.0,,1210.5,,,,,,,,,,,1207.25,baghdad_kifah,1,3,0.0,
2019-12-22,,,,,,1208.0,,,,1210.0,,1209.5,,,,,,,,,,,1208.0,baghdad_kifah,1,3,0.0,
2019-12-23,1210.0,,,,,1207.75,,,,1211.0,,1209.0,,,,,,,,,,,1207.75,baghdad_kifah,1,3,0.0,
2019-12-24,,,,,,1208.0,,,,1210.0,,1210.5,,,,,,,,,,,1208.0,baghdad_kifah,1,3,0.0,
2019-12-25,,,,,,1208.0,,,,1210.0,,1210.25,,,,,,,,,,,1208.0,baghdad_kifah,1,3,0.0,
2019-12-26,,,,,,1208.25,,,,1210.0,,1210.25,,,,,,,,,,,1208.25,baghdad_kifah,1,3,0.0,
2019-12-29,,,,,,1209.5,,,,1211.0,,1212.0,,,,,,,,,,,1209.5,baghdad_kifah,1,3,0.0,
2019-12-31,,,,,,1209.0,,,,1211.0,,1211.5,,,,,,,,,,,1209.0,baghdad_kifah,1,3,0.0,
2020-01-02,,,,,,1210.0,,,,1212.0,,1211.75,,,,,,,,,,,1210.0,baghdad_kifah,1,3,0.0,
2020-01-05,,,,,,1214.0,,,,1217.5,,1216.5,,,,,,,,,,,1214.0,baghdad_kifah,1,3,0.0,
2020-01-06,,,,,,1224.0,,,,1227.0,,1224.5,,,,,,,,,,,1224.0,baghdad_kifah,1,3,0.0,
2020-01-07,,,,,,1224.0,,,,1227.0,,1224.5,,,,,,,,,,,1224.0,baghdad_kifah,1,3,0.0,
2020-01-08,,,,,,1234.0,,,,1237.5,,1236.25,,,,,,,,,,,1234.0,baghdad_kifah,1,3,0.0,
2020-01-12,,,,,,1214.0,,,,1216.5,,1214.0,,,,,,,,,,,1214.0,baghdad_kifah,1,3,0.0,
2020-01-13,,,,,,1217.0,,,,1221.0,,1217.25,,,,,,1220.0,,,,,1217.0,baghdad_kifah,1,3,0.0,
2020-01-14,,,,,,1216.0,,,,1219.0,,1216.75,,,,,,1220.0,,,,,1216.0,baghdad_kifah,1,3,0.0,
2020-01-15,,,,,,1215.0,,,,1219.0,,1216.0,,,,,,1217.0,,,,,1215.0,baghdad_kifah,1,3,0.0,
2020-01-16,,,,,,1219.0,,,,1222.0,,1218.25,,,,,,1220.0,,,,,1219.0,baghdad_kifah,1,3,0.0,
2020-01-19,,1218.5,,,,1218.0,,,,1220.0,,1218.5,,,,,,,1219.5,,,,1218.0,baghdad_kifah,1,3,0.0,
2020-01-20,,1217.5,,,,1216.0,,,,1220.0,,1217.75,,,,,,,,,,,1216.0,baghdad_kifah,1,3,0.0,
2020-01-21,,,,,,1215.0,,,,1218.5,,1216.25,,,,,,,,,,,1215.0,baghdad_kifah,1,3,0.0,
2020-01-22,,,,,,1216.5,,,,1219.0,,1217.0,,,,,,,,,,,1216.5,baghdad_kifah,1,3,0.0,
2020-01-23,,,,,,1215.0,,,,1218.0,,1215.25,,,,,,,,,,,1215.0,baghdad_kifah,1,3,0.0,
2020-01-26,,1213.0,,,,1211.5,,,,1213.5,,1213.0,,,,,,,,,,,1211.5,baghdad_kifah,1,3,0.0,
2020-01-27,,,,,,1210.0,,,,1212.5,,1211.5,,,,,,,,,,,1210.0,baghdad_kifah,1,3,0.0,
2020-01-28,1213.0,,,,,1211.0,,,,1213.5,,1211.0,,,,,1212.5,1212.5,1213.0,1212.5,,,1211.0,baghdad_kifah,1,3,0.0,
2020-01-30,,,,,,,,,,1213.0,,1211.25,,,,,,,,,,,,,1,2,0.0,
2020-02-02,1212.5,,,,,1209.5,,,,1212.0,,1209.5,,,,,1212.5,,,,,,1209.5,baghdad_kifah,1,3,0.0,
2020-02-03,,,,,,1211.0,,,,1213.0,,1209.25,,,,,,,,,,,1211.0,baghdad_kifah,1,3,0.0,
2020-02-04,,,,,,1209.5,,,,1211.5,,1208.5,,,,,,,,,,,1209.5,baghdad_kifah,1,3,0.0,
2020-02-05,,,,,,1208.0,,,,1210.0,,1206.5,,,,,1210.0,,1210.0,,,,1208.0,baghdad_kifah,1,3,0.0,
2020-02-06,,,,,,1208.0,,,,1211.0,,1208.0,,,,,,,,,,,1208.0,baghdad_kifah,1,3,0.0,
2020-02-09,1211.0,,,,,1208.0,,,,1211.0,,1208.0,,,,,,1210.0,1211.0,,,,1208.0,baghdad_kifah,1,3,0.0,
2020-02-10,,,,,,1208.25,,,,1211.0,,1207.75,,,,,,,,,,,1208.25,baghdad_kifah,1,3,0.0,
2020-02-11,,,,,,1207.5,,,,1211.0,,1206.5,,,,,,,,,,,1207.5,baghdad_kifah,1,3,0.0,
2020-02-12,,,,,,1206.0,,,,1209.0,,1205.5,,,,,,,,,,,1206.0,baghdad_kifah,1,3,0.0,
2020-02-13,,,,,,1204.0,,,,1207.0,,1204.25,,,,,,,,,,,1204.0,baghdad_kifah,1,3,0.0,
2020-02-16,,,,,,1205.0,,,,1207.0,,1206.0,,,,,,,,,,,1205.0,baghdad_kifah,1,3,0.0,
2020-02-17,1207.5,,,,,1205.0,,,,1207.5,,1205.75,,,,,,,,,,,1205.0,baghdad_kifah,1,3,0.0,
2020-02-18,,,,,,1205.0,,,,1206.5,,1205.5,,,,,,,,,,,1205.0,baghdad_kifah,1,3,0.0,
2020-02-19,,,,,,1204.5,,,,1206.5,,1205.25,,,,,,,,,,,1204.5,baghdad_kifah,1,3,0.0,
2020-02-20,,,,,,1204.25,,,,1207.0,,1204.5,,,,,,1205.0,1206.5,,,,1204.25,baghdad_kifah,1,3,0.0,
2020-02-23,1206.0,,,,,1204.25,,,,1206.5,,1205.25,,,,,,,,,,,1204.25,baghdad_kifah,1,3,0.0,
2020-02-24,,,,,,1203.5,,,,1205.5,,1203.5,,,,,,,,,,,1203.5,baghdad_kifah,1,3,0.0,
2020-02-25,,,,,,1203.5,,,,1205.0,,1203.5,,,,,,,,,,,1203.5,baghdad_kifah,1,3,0.0,
2020-02-26,,,,,,1201.0,,,,1203.5,,1201.75,,,,,,,,,,,1201.0,baghdad_kifah,1,3,0.0,
2020-02-27,,,,,,1201.75,,,,1203.5,,1201.25,,,,,,,,,,,1201.75,baghdad_kifah,1,3,0.0,
2020-03-01,1205.5,,,,,1203.0,,,,1204.5,,1203.25,,,,,,,,,,,1203.0,baghdad_kifah,1,3,0.0,
2020-03-02,,,,,,1203.5,,,,1205.0,,1203.25,,,,,,,,,,,1203.5,baghdad_kifah,1,3,0.0,
2020-03-03,,,,,,1204.5,,,,1206.0,,1203.5,,,,,,,,,,,1204.5,baghdad_kifah,1,3,0.0,
2020-03-04,,,,,,1204.75,,,,1205.5,,1204.5,,,,,,,,,,,1204.75,baghdad_kifah,1,3,0.0,
2020-03-05,,,,,,1206.0,,,,1208.0,,1207.0,,,,,,,,,,,1206.0,baghdad_kifah,1,3,0.0,
2020-03-08,,,,,,1208.5,,,,1209.0,,1210.0,,,,,,,,,,,1208.5,baghdad_kifah,1,3,0.0,
2020-03-09,,,,,,1213.0,,,,1216.0,,1216.5,,,,,,,,,,,1213.0,baghdad_kifah,1,3,0.0,
2020-03-10,1214.5,,,,,1212.0,,,,1215.0,,1214.5,,,,1214.0,,,,,,,1212.0,baghdad_kifah,1,3,0.0,
2020-03-11,1216.0,,,,,1212.5,,,,1216.0,,1212.75,,,,,,,,,,,1212.5,baghdad_kifah,1,3,0.0,
2020-03-12,1216.5,,,,,1213.5,,,,1217.5,,1216.25,,,,,,,,,,,1213.5,baghdad_kifah,1,3,0.0,
2020-03-15,,,,,,1214.0,,,,1217.5,,,,,,,,,,,,,1214.0,baghdad_kifah,1,2,0.0,
2020-03-16,,,,,,1215.0,,,,1219.0,,,,,,,,,,,,,1215.0,baghdad_kifah,1,2,0.0,
2020-03-17,,,,,,1215.0,,,,,,,,,,,,1215.0,,,,,1215.0,baghdad_kifah,1,1,0.0,
2020-04-19,,,1220.0,,,,,,,1222.5,,,,,,,,,,,,,1220.0,baghdad_generic,1,2,0.0,
2020-04-22,,,,,,1231.0,,,,1233.5,,,,,,,,1235.0,,1235.0,,,1231.0,baghdad_kifah,1,2,0.0,
2020-04-26,,,,,,1231.0,,,,1233.5,,1231.5,,,,,,,,,,,1231.0,baghdad_kifah,1,3,0.0,
2020-04-29,,,,,,1242.0,,,,1241.0,,1240.0,,,,1245.0,1245.0,,,1245.0,,,1242.0,baghdad_kifah,1,3,0.0,
2020-04-30,1238.0,,,,,1236.5,,,,1237.0,,1237.5,,,,,,,,,,,1236.5,baghdad_kifah,1,3,0.0,
2020-05-04,,,,,,1238.0,,,,1241.0,,1238.5,,,,,,,,,,,1238.0,baghdad_kifah,1,3,0.0,
2020-05-05,1242.5,,,,,1243.0,,,,1243.0,,1241.5,,,,,1245.0,,,,,,1243.0,baghdad_kifah,1,3,0.0,
2020-05-07,1240.0,,,,,1238.5,,,,1239.0,,1237.0,,,,1239.5,,,,,,,1238.5,baghdad_kifah,1,3,0.0,
2020-05-10,,,,,,1238.0,,,,1238.5,,1236.5,,,,,,,,,,,1238.0,baghdad_kifah,1,3,0.0,
2020-05-11,1240.0,,,,,1239.0,,,,1240.0,,1236.75,,,,,,,,,,,1239.0,baghdad_kifah,1,3,0.0,
2020-05-12,1240.0,,,,,1238.0,,,,1240.0,,1237.5,,,,,,1240.0,1241.0,1241.0,,,1238.0,baghdad_kifah,1,3,0.0,
2020-05-13,,,,,,1232.5,,,,1234.0,,1233.0,,,,,,,,,,,1232.5,baghdad_kifah,1,3,0.0,
2020-05-17,,,,,,1226.5,,,,1228.5,,1222.5,,,,,,,,,,,1226.5,baghdad_kifah,1,3,0.0,
2020-05-18,,,,,,1220.0,,,,1224.0,,1222.0,,,,,,,,,,,1220.0,baghdad_kifah,1,3,0.0,
2020-05-19,,,,,,1225.0,,,,1226.5,,1221.5,,,,,,,,,,,1225.0,baghdad_kifah,1,3,0.0,
2020-05-20,,,,,,1229.0,,,,1231.0,,1226.0,,,,,,,,1230.0,,,1229.0,baghdad_kifah,1,3,0.0,
2020-05-21,,,,,,1230.0,,,,1232.5,,1227.0,,,,,,,,,,,1230.0,baghdad_kifah,1,3,0.0,
2020-05-31,,,1239.0,,,,,,,1238.5,,1234.0,,,,,,,,,,,1239.0,baghdad_generic,1,3,0.0,
2020-06-01,,,,,,1240.0,,,,1241.0,,1240.0,,,,,,,,,,,1240.0,baghdad_kifah,1,3,0.0,
2020-06-02,,,,,,1240.0,,,,1241.0,,1240.0,,,,,,,,,,,1240.0,baghdad_kifah,1,3,0.0,
2020-06-03,,,,,,1238.0,,,,1239.0,,,,,,,,,,,,,1238.0,baghdad_kifah,1,2,0.0,
2020-06-04,,,,,,1233.5,,,,1234.5,,1233.5,,,,,,,,,,,1233.5,baghdad_kifah,1,3,0.0,
2020-06-07,,,,,,1240.0,,,,1240.0,,1239.0,,,,,,,,,,,1240.0,baghdad_kifah,1,3,0.0,
2020-06-08,,,,,,1243.0,,,,1243.0,,1242.5,,,,,,,,,,,1243.0,baghdad_kifah,1,3,0.0,
2020-06-09,,,,,,1242.0,,,,1241.5,,1238.0,,,,,,,,,,,1242.0,baghdad_kifah,1,3,0.0,
2020-06-11,,,,,,1241.0,,,,1241.5,,1240.0,,,,,,,,,,,1241.0,baghdad_kifah,1,3,0.0,
2020-06-14,,,,,,1238.0,,,,1238.0,,1237.5,,,,,,,,,,,1238.0,baghdad_kifah,1,3,0.0,
2020-06-15,,,,,,1236.0,,,,1237.5,,1235.0,,,,,,,,,,,1236.0,baghdad_kifah,1,3,0.0,
2020-06-16,1239.0,,,,,1237.5,,,,1238.5,,1237.25,,,,,1240.0,,,,,,1237.5,baghdad_kifah,1,3,0.0,
2020-06-17,,,,,,1244.0,,,,1242.5,,1243.0,,,,,,,,,,,1244.0,baghdad_kifah,1,3,0.0,
2020-06-18,,,,,,1241.0,,,,1241.5,,1241.0,,,,,,,,,,,1241.0,baghdad_kifah,1,3,0.0,
2020-06-21,,,,,,1239.5,,,,1240.0,,1240.0,,,,,,,,,,,1239.5,baghdad_kifah,1,3,0.0,
2020-06-22,,,,,,1244.5,,,,1245.0,,1245.0,,,,,,,,,,,1244.5,baghdad_kifah,1,3,0.0,
2020-06-23,,,,,,1243.0,,,,,,1245.0,,,,,1245.0,,,,,,1243.0,baghdad_kifah,1,2,0.0,
2020-06-25,,,,,,1237.5,,,,,,1242.75,,,,,,,,,,,1237.5,baghdad_kifah,1,2,0.0,
2020-06-28,,,,,,1228.0,,,,1230.0,,1232.5,,,,,,,,,,,1228.0,baghdad_kifah,1,3,0.0,
2020-06-29,,,1229.0,,,,,,,1230.0,,1239.0,,,,,,,,,,,1229.0,baghdad_generic,1,3,0.0,
2020-06-30,,,,,,1224.5,,,,1227.0,,,,,,,,,,,,,1224.5,baghdad_kifah,1,2,0.0,
2020-07-02,,,,,,1225.0,,,,1230.0,,,,,,,,,,,,,1225.0,baghdad_kifah,1,2,0.0,
2020-07-05,,,,,,1230.0,,,,1230.0,,1231.0,,,,,,,,,,,1230.0,baghdad_kifah,1,3,0.0,
2020-07-06,1230.0,,,,,1227.0,,,,1229.5,,1229.0,,,,,,,,,,,1227.0,baghdad_kifah,1,3,0.0,
2020-07-07,1228.0,1225.5,,,,1224.0,,,,1226.5,,1227.5,,,,,,,1226.5,,,,1224.0,baghdad_kifah,1,3,0.0,
2020-07-08,,,,,,1228.0,,,,1230.0,,1229.5,,,,,,,,,,,1228.0,baghdad_kifah,1,3,0.0,
2020-07-09,,,,,,1228.5,,,,1229.0,,1231.25,,,,,,,,,,,1228.5,baghdad_kifah,1,3,0.0,
2020-07-12,,,,,,1228.5,,,,1229.0,,1231.5,,,,,,,,,,,1228.5,baghdad_kifah,1,3,0.0,
2020-07-13,,,,,,1229.5,,,,1229.5,,1231.25,,,,,,,,,,,1229.5,baghdad_kifah,1,3,0.0,
2020-07-14,1231.0,,,,,1229.5,,,,1231.0,,1233.0,,,,,,,,,,,1229.5,baghdad_kifah,1,3,0.0,
2020-07-15,,,,,,1233.5,,,,1234.0,,1236.0,,,,,,,,,,,1233.5,baghdad_kifah,1,3,0.0,
2020-07-16,,,,,,1233.5,,,,1234.0,,1236.0,,,,,,,,,,,1233.5,baghdad_kifah,1,3,0.0,
2020-07-19,,,,,,1239.0,,,,1238.0,,1239.0,,,,,,,1241.5,1240.0,,,1239.0,baghdad_kifah,1,3,0.0,
2020-07-20,,,,,,1241.0,,,,1239.0,,1241.0,,,,,,1245.0,,,,,1241.0,baghdad_kifah,1,3,0.0,
2020-07-21,,,,,,1239.0,,,,1239.0,,1240.0,,,,,,,,,,,1239.0,baghdad_kifah,1,3,0.0,
2020-07-22,,,,,,1241.0,,,,1240.0,,1241.75,,,,,,,,,,,1241.0,baghdad_kifah,1,3,0.0,
2020-07-23,,,,,,1237.5,,,,1238.0,,1239.5,,,,,,,,,,,1237.5,baghdad_kifah,1,3,0.0,
2020-07-26,,,,,,1237.0,,,,1237.5,,1239.5,,,,,,,,,,,1237.0,baghdad_kifah,1,3,0.0,
2020-07-27,,,,,,1237.5,,,,1237.5,,1239.5,,,,,,,,,,,1237.5,baghdad_kifah,1,3,0.0,
2020-07-28,,,,,,1237.0,,,,1238.0,,1239.5,,,,,,,,,,,1237.0,baghdad_kifah,1,3,0.0,
2020-07-29,,,,,,1238.5,,,,1239.0,,1240.25,,,,,,,,,,,1238.5,baghdad_kifah,1,3,0.0,
2020-07-30,,,,,,,,,,1237.0,,1238.0,,,,,,,,,,,,,1,2,0.0,
2020-08-09,1239.5,,,,,1238.0,,,,1238.0,,1237.0,,,,,1240.0,,,,,,1238.0,baghdad_kifah,1,3,0.0,
2020-08-10,,,,,,1236.5,,,,1237.5,,1235.0,,,,,,,,,,,1236.5,baghdad_kifah,1,3,0.0,
2020-08-11,,,,,,1235.5,,,,1236.0,,1235.25,,,,,,,,,,,1235.5,baghdad_kifah,1,3,0.0,
2020-08-12,,,,,,1236.5,,,,1236.5,,1237.0,,,,,,,,,,,1236.5,baghdad_kifah,1,3,0.0,
2020-08-13,1236.5,,,,,1233.5,,,,1235.5,,1234.5,,,,,,,,,,,1233.5,baghdad_kifah,1,3,0.0,
2020-08-16,1235.0,,,,,1231.5,,,,1233.0,,1231.5,,,,,,1235.0,1234.0,,,,1231.5,baghdad_kifah,1,3,0.0,
2020-08-17,,,,,,1226.0,,,,1227.5,,1229.5,,,,,,,,,,,1226.0,baghdad_kifah,1,3,0.0,
2020-08-18,,,,,,1226.5,,,,1228.5,,1231.0,,,,,,,1229.0,,,,1226.5,baghdad_kifah,1,3,0.0,
2020-08-19,,,,,,1228.0,,,,1229.0,,1232.0,,,,,,1232.5,,,,,1228.0,baghdad_kifah,1,3,0.0,
2020-08-23,,,,,,1228.5,,,,1229.5,,1232.0,,,,,,,,,,,1228.5,baghdad_kifah,1,3,0.0,
2020-08-24,,,,,,1228.5,,,,1230.0,1229.0,1232.75,,,,,,,1231.5,1232.5,,,1228.5,baghdad_kifah,1,3,0.0,
2020-08-26,,,,,,1229.0,,,,1229.5,,1231.5,,,,,,,,,,,1229.0,baghdad_kifah,1,3,0.0,
2020-08-27,,,,,,1228.5,,,,,,1230.75,,,,,,,,,,,1228.5,baghdad_kifah,1,2,0.0,
2020-08-31,,,,,,1228.0,,,,1229.5,,1231.5,,,,,,,,,,,1228.0,baghdad_kifah,1,3,0.0,
2020-09-01,,,,,,1228.0,,,,1229.5,,1231.5,,,,,,,,,,,1228.0,baghdad_kifah,1,3,0.0,
2020-09-02,,,,,,1229.0,,,,1229.0,,1231.5,,,,,1230.0,,,,,,1229.0,baghdad_kifah,1,3,0.0,
2020-09-03,,,,,,1229.0,,,,1229.5,,1231.0,,,,,,,,,1231.0,,1229.0,baghdad_kifah,1,3,0.0,
2020-09-06,,,,,,1230.0,,,,1231.0,,1231.5,,,,,1231.5,,,,1233.0,,1230.0,baghdad_kifah,1,3,0.0,
2020-09-07,,,,,,1232.0,,,,1232.5,,1233.0,,,,,,,,,1234.0,,1232.0,baghdad_kifah,1,3,0.0,
2020-09-08,,,,,,1230.0,,,,1231.0,,1232.0,,,,,,,,,,,1230.0,baghdad_kifah,1,3,0.0,
2020-09-09,1233.0,,,,,1230.0,,,,1231.0,,1231.75,,,,,1232.5,,,,1232.0,,1230.0,baghdad_kifah,1,3,0.0,
2020-09-10,,,,,,1231.0,,,,1231.5,,1232.5,,,,,,,,,1233.0,,1231.0,baghdad_kifah,1,3,0.0,
2020-09-13,1233.5,,,,,1231.5,,,,1232.5,,1232.5,,,,,,,,1233.5,1233.5,,1231.5,baghdad_kifah,1,3,0.0,
2020-09-14,,,,,,1232.5,,,,1233.5,,1233.0,,,,,1235.0,,,,,,1232.5,baghdad_kifah,1,3,0.0,
2020-09-15,,,,,,1233.5,,,,1234.5,,1233.5,,,,,,,,,,,1233.5,baghdad_kifah,1,3,0.0,
2020-09-16,,,,,,1230.5,,,,1230.5,,1230.75,,,,,,,,,,,1230.5,baghdad_kifah,1,3,0.0,
2020-09-17,,,,,,1230.5,,,,1231.5,,1231.0,,,,,1232.5,,,,,,1230.5,baghdad_kifah,1,3,0.0,
2020-09-20,,,,,,1229.5,,,,1231.0,,1230.75,,,,,,,,,,,1229.5,baghdad_kifah,1,3,0.0,
2020-09-21,,,,,,1229.0,,,,1231.0,,1229.25,,,,,,,,,,,1229.0,baghdad_kifah,1,3,0.0,
2020-09-22,,,,,,1230.0,,,,1231.0,,1230.25,,,,,,,,,,,1230.0,baghdad_kifah,1,3,0.0,
2020-09-23,1232.0,,,,,1230.0,,,,1231.0,,1230.5,,,,,,,,,,,1230.0,baghdad_kifah,1,3,0.0,
2020-09-24,1232.0,,,,,1229.0,,,,1230.5,,1230.25,,,,,1231.0,,,,,,1229.0,baghdad_kifah,1,3,0.0,
2020-09-27,,,,,,1228.5,,,,1230.0,,1229.75,,,,,,,,,,,1228.5,baghdad_kifah,1,3,0.0,
2020-09-28,,,,,,1228.5,,,,1229.5,,1230.25,,,,,,,,1231.0,1231.0,,1228.5,baghdad_kifah,1,3,0.0,
2020-09-29,1234.5,,,,,1233.5,,,,1234.0,,1233.25,,,,,,,,,,,1233.5,baghdad_kifah,1,3,0.0,
2020-09-30,,,,,,1235.0,,,,1236.0,,1236.5,,,,,,,,,1237.5,,1235.0,baghdad_kifah,1,3,0.0,
2020-10-04,1239.0,,,,,1237.0,,,,1237.5,,1236.5,,,,,,,,,,,1237.0,baghdad_kifah,1,3,0.0,
2020-10-05,,,,,,1232.5,,,,1235.0,,1234.25,,,,,1235.0,,,,,,1232.5,baghdad_kifah,1,3,0.0,
2020-10-06,,,,,,1237.0,,,,1237.5,,1238.25,,,,,1240.0,,,,1239.0,,1237.0,baghdad_kifah,1,3,0.0,
2020-10-07,,,,,,,,,,1238.5,,1237.5,,,,,1240.0,,,,1240.0,,,,1,2,0.0,
2020-10-08,,,,1237.0,,,,,,,,1237.5,,,,,,,,,,,1237.0,baghdad_harithiya,1,2,0.0,
2020-10-11,,,,,,1238.5,,,,1240.0,,1239.25,,,,,,,,,1240.0,,1238.5,baghdad_kifah,1,3,0.0,
2020-10-12,,,,,,1238.0,,,,1240.0,,1238.0,,,,,,,,,,,1238.0,baghdad_kifah,1,3,0.0,
2020-10-13,,,,,,1238.5,,,,1239.5,,1239.25,,,,,,,,,1240.0,,1238.5,baghdad_kifah,1,3,0.0,
2020-10-14,,,,,,1241.0,,,,1242.0,,1241.25,,,,,,,,,1240.0,,1241.0,baghdad_kifah,1,3,0.0,
2020-10-15,,,,,,1244.5,,,,1245.0,,1244.0,,,,,,,,,,,1244.5,baghdad_kifah,1,3,0.0,
2020-10-18,,,,,,1262.0,,,,1261.0,,,,,,,,,,,,,1262.0,baghdad_kifah,1,2,0.0,
2020-10-19,,,,,,1246.0,,,,1246.0,,1246.0,,,,,,,,,,,1246.0,baghdad_kifah,1,3,0.0,
2020-10-20,,,,,,1239.0,,,,1241.0,,1241.0,,,,,,,,,,,1239.0,baghdad_kifah,1,3,0.0,
2020-10-21,,,,,,1248.0,,,,1248.0,,1249.0,,,,,,,,,,,1248.0,baghdad_kifah,1,3,0.0,
2020-10-22,1255.0,,,,,1253.0,,,,1255.0,,1253.5,,,,,,,,,,,1253.0,baghdad_kifah,1,3,0.0,
2020-10-25,1253.0,,,,,1249.0,,,,1250.0,,1251.5,,,,1252.0,,,,,1251.0,,1249.0,baghdad_kifah,1,3,0.0,
2020-10-26,1252.5,,,,,1248.5,,,,1249.5,,1251.25,,,,,,,,,1251.0,,1248.5,baghdad_kifah,1,3,0.0,
2020-10-27,,,,,,1248.5,,,,1249.5,,1251.5,,,,,,,,,,,1248.5,baghdad_kifah,1,3,0.0,
2020-10-28,,,,,,1251.0,,,,1251.0,,1255.0,,,,,,,,,,,1251.0,baghdad_kifah,1,3,0.0,
2020-10-29,,,,,,1250.0,,,,1251.5,,,,,,,,,,,,,1250.0,baghdad_kifah,1,2,0.0,
2020-11-01,,,,,,1251.0,,,,1251.5,,1254.0,,,,,,,,,,,1251.0,baghdad_kifah,1,3,0.0,
2020-11-02,,,,,,1252.0,,,,1252.0,,1255.5,,,,,,,,,,,1252.0,baghdad_kifah,1,3,0.0,
2020-11-03,1253.0,,,,,1251.0,,,,1252.0,,1254.25,,,,,,,,,1253.0,,1251.0,baghdad_kifah,1,3,0.0,
2020-11-04,,,,,,1248.5,,,,1251.0,,1251.75,,,,,,,,,,,1248.5,baghdad_kifah,1,3,0.0,
2020-11-05,,,,,,1251.0,,,,1252.0,,1254.0,,,,,,,,,,,1251.0,baghdad_kifah,1,3,0.0,
2020-11-08,,,,,,1250.0,,,,1250.0,,1251.5,,,,,1252.0,,,,,,1250.0,baghdad_kifah,1,3,0.0,
2020-11-09,1252.5,,,,,1249.0,,,,1250.0,,1251.5,,,,,,,,,1251.5,,1249.0,baghdad_kifah,1,3,0.0,
2020-11-11,,,,,,1249.5,,,,1250.5,,1251.25,,,,,,,,,,,1249.5,baghdad_kifah,1,3,0.0,
2020-11-12,,,,,,1249.5,,,,1251.0,,1251.25,,,,,,,,,1252.0,,1249.5,baghdad_kifah,1,3,0.0,
2020-11-15,,,,,,1250.0,,,,1251.0,,1251.5,,,,,,,,,,,1250.0,baghdad_kifah,1,3,0.0,
2020-11-16,,,,,,1248.5,,,,1250.0,,1247.0,,,,,,,,,,,1248.5,baghdad_kifah,1,3,0.0,
2020-11-17,,,,,,1249.0,,,,1251.0,,1249.0,,,,,,,,,1251.0,,1249.0,baghdad_kifah,1,3,0.0,
2020-11-18,,,,,,1249.5,,,,1251.0,,1249.25,,,,,,,,,,,1249.5,baghdad_kifah,1,3,0.0,
2020-11-19,,,,,,1248.75,,,,1250.5,,1247.5,,,,,,,,,1251.0,,1248.75,baghdad_kifah,1,3,0.0,
2020-11-22,,,,,,1249.0,,,,1251.0,,1248.5,,,,,,,,,1251.0,,1249.0,baghdad_kifah,1,3,0.0,
2020-11-23,,,,,,1250.0,,,,1253.0,,1249.5,,,,,,,,,1252.0,,1250.0,baghdad_kifah,1,3,0.0,
2020-11-24,,,,,,1251.0,,,,1252.5,,1250.0,,,,,,,,,,,1251.0,baghdad_kifah,1,3,0.0,
2020-11-25,,,,,,1250.75,,,,1252.5,,1250.0,,,,,1252.5,,,,1253.0,,1250.75,baghdad_kifah,1,3,0.0,
2020-11-26,,,,,,1252.0,,,,1253.5,,1252.0,,,,,1252.5,,,,,,1252.0,baghdad_kifah,1,3,0.0,
2020-11-29,,,,,,1253.75,,,,1256.0,,1251.5,,,,,,,,,,,1253.75,baghdad_kifah,1,3,0.0,
2020-11-30,,,,,,1251.5,,,,1254.0,,1251.0,,,,,,,,,,,1251.5,baghdad_kifah,1,3,0.0,
2020-12-01,1258.0,1256.5,,1255.5,,1255.0,,,,1257.0,,1254.88,,,1257.5,,1257.5,,,1258.0,1257.5,,1255.0,baghdad_kifah,2,3,0.02,
2020-12-02,1258.0,,,,,1255.5,,,,1257.5,,1255.0,,,,1257.0,,,,,,,1255.5,baghdad_kifah,1,3,0.0,
2020-12-03,1255.5,1254.5,,1253.5,,1253.0,,,,1254.0,,1252.0,,,1255.5,,1257.0,,,1257.0,,,1253.0,baghdad_kifah,1,3,0.0,
2020-12-06,1258.0,1257.25,,1256.5,,1256.0,,,,1257.0,,1254.13,,,1257.0,,1257.5,,,1258.0,1257.5,,1256.0,baghdad_kifah,2,3,0.02,
2020-12-07,1260.0,1259.5,,1258.5,,1258.0,,,,1259.0,,1257.0,,,1260.0,,1260.0,,,1260.5,1259.5,,1258.0,baghdad_kifah,2,3,0.0,
2020-12-08,1273.5,1273.0,,1271.5,,1271.0,,,,1270.0,,1268.25,,,1273.5,,1273.0,,,1273.5,1273.0,,1271.0,baghdad_kifah,2,3,0.118,
2020-12-09,,,,,,1264.0,,,,1266.0,,1262.0,,,,,,,,,,,1264.0,baghdad_kifah,2,3,0.0,
2020-12-10,,,,,,1268.75,,,,1269.0,,1267.5,,,,,,,,,,,1268.75,baghdad_kifah,2,3,0.039,
2020-12-13,,,1278.0,,,1270.5,,,,1272.75,,1270.75,,,,,,,,,,,1270.5,baghdad_kifah,2,3,0.512,
2020-12-14,1284.0,1284.0,1295.0,1293.5,,1286.5,,,,1282.0,,1287.0,,,,,,,,1284.5,,,1286.5,baghdad_kifah,2,3,1.243,
2020-12-15,1279.5,1278.5,,1278.5,,1282.0,,,,1277.5,,1282.0,,,,,,,,1279.5,,,1282.0,baghdad_kifah,2,3,0.624,
2020-12-16,,,1294.0,,,1295.5,,,,1293.5,,1293.25,,,,,,,,,,,1295.5,baghdad_kifah,2,3,0.271,
2020-12-17,,,1325.0,,,1312.0,,,,1307.25,,1307.5,,,,,,,,,,,1312.0,baghdad_kifah,2,3,1.982,
2020-12-20,,,1450.0,,,1451.0,,,,1437.5,,1440.0,,,,,,,,,,,1451.0,baghdad_kifah,1,3,0.0,
2020-12-21,,,1377.5,,,1406.0,,,,1397.5,,1415.0,,,,,,,,,,,1406.0,baghdad_kifah,2,3,3.22,
2020-12-22,,,1410.0,,,1412.5,,,,1392.5,,1400.0,,,,,,,,,,,1412.5,baghdad_kifah,2,3,1.062,
2020-12-23,,,1425.0,,,1410.5,,,,1392.75,,1398.75,,,,,,,,,,,1410.5,baghdad_kifah,2,3,0.78,
2020-12-24,,,1430.0,,,1421.0,,,,1417.5,,1426.25,,,,,,,,,,,1421.0,baghdad_kifah,2,3,0.876,
2020-12-27,,,,,,1420.5,,,,1417.5,,1417.75,,,,1420.0,,,,,1424.0,,1420.5,baghdad_kifah,2,3,0.07,
2020-12-28,,,1430.0,,,1424.75,,,,1422.0,,1421.5,,,,1420.0,,,,,,,1424.75,baghdad_kifah,2,3,0.807,
2020-12-29,,,1420.0,,,1433.0,,,,1430.0,,1431.0,,,,,,,,,,,1433.0,baghdad_kifah,2,3,0.419,
2020-12-30,,,1420.0,1445.5,,1442.25,,,,1436.0,,1436.0,,,,1436.0,,,,,,,1442.25,baghdad_kifah,2,3,0.659,
2020-12-31,,,1445.0,,,1446.0,,,,1443.0,,1444.75,,,,,,,,,,,1446.0,baghdad_kifah,2,3,0.416,
2021-01-03,,,,,,1439.25,,,,1436.0,,1438.0,,,,,,,,,,,1439.25,baghdad_kifah,2,3,0.104,
2021-01-04,,,1438.0,,,1437.25,,,,1435.25,,1437.75,,,,,,,,,,,1437.25,baghdad_kifah,2,3,0.174,
2021-01-05,,,1437.5,,,1438.75,,,,1437.0,,1438.25,,,,1437.5,,,,,,,1438.75,baghdad_kifah,2,3,0.035,
2021-01-06,,,1427.5,,,1439.0,,,,1434.0,,1435.0,,,,,,,,,,,1439.0,baghdad_kifah,1,3,0.0,
2021-01-07,,,1430.0,,,1439.5,,,,1437.5,,1439.5,,,,,,,,,,,1439.5,baghdad_kifah,2,3,0.208,
2021-01-10,,,1434.0,,,1429.5,,,,1429.5,,1432.5,,,,,,,,,,,1429.5,baghdad_kifah,2,3,0.21,
2021-01-11,1431.0,,1430.0,,,1432.0,,,,1429.0,,1431.0,,,,,1440.0,1440.0,,,,,1432.0,baghdad_kifah,2,3,0.0,
2021-01-12,,,1425.0,,,1436.0,,,,1433.0,,1434.5,,,,1436.0,,,,,,,1436.0,baghdad_kifah,2,3,0.139,
2021-01-13,1438.0,,,,,1437.75,,,,1436.0,,1436.5,,,,1437.0,,,,,,,1437.75,baghdad_kifah,2,3,0.035,
2021-01-14,1437.0,,1437.5,,,1437.25,,,,1436.25,,1435.75,,,,,,,,1439.0,,,1437.25,baghdad_kifah,2,3,0.104,
2021-01-17,,,1446.0,,,1450.0,,,,1447.0,,1445.0,,,,,,,,,1448.0,,1450.0,baghdad_kifah,1,3,0.0,
2021-01-18,1449.0,,1457.0,,,1453.0,,,,1452.5,,1448.0,,,,1450.0,,,,,,,1453.0,baghdad_kifah,2,3,0.482,
2021-01-19,,,1457.5,,,1457.0,,,,1456.5,,1456.0,,,,,,,,,,,1457.0,baghdad_kifah,2,3,0.069,
2021-01-20,,,1450.0,,,1457.75,,,,1457.0,,1457.5,,,,,,,,,,,1457.75,baghdad_kifah,2,3,0.034,
2021-01-21,,,1450.0,,,1455.5,,,,1455.0,,1455.0,,,,,,,,,,,1455.5,baghdad_kifah,2,3,0.0,
2021-01-24,,,,,,1456.0,,,,1455.75,,1455.5,,,,,,,,1458.0,,,1456.0,baghdad_kifah,2,3,0.069,
2021-01-25,,1456.25,1450.0,,,1455.25,,,,1455.0,,1456.38,,,,,,,,,,,1455.25,baghdad_kifah,2,3,0.034,
2021-01-26,,,1450.0,,,1455.5,,,,1455.0,,1455.75,,,,,,,,,1458.5,,1455.5,baghdad_kifah,1,3,0.0,
2021-01-27,1455.0,,1450.0,,,1453.75,,,,1452.5,,1456.0,,,,,,,,1456.0,,,1453.75,baghdad_kifah,2,3,0.034,
2021-01-28,,,1447.5,,,1451.75,,,,1452.0,,1455.5,,,,,,,,,,,1451.75,baghdad_kifah,2,3,0.241,
2021-01-31,,,,,,1449.5,,,,1446.0,,1450.0,,,,,,,,,,,1449.5,baghdad_kifah,2,3,0.276,
2021-02-01,,,,,,1451.5,,,,1452.5,,1455.0,,,,,,,,,,,1451.5,baghdad_kifah,1,3,0.0,
2021-02-02,,,,,,1451.75,,,,1451.0,,1454.25,,,,,,,,,1454.0,,1451.75,baghdad_kifah,2,3,0.034,
2021-02-03,,,,,,1452.25,,,,1450.5,,1454.0,,,,,,,,,,,1452.25,baghdad_kifah,2,3,0.034,
2021-02-04,,,,,,1453.5,,,,1452.0,,1454.75,,,,,,,,,,,1453.5,baghdad_kifah,2,3,0.069,
2021-02-07,,,,,,1458.25,,,,1458.5,,1457.25,,,,,,,,,,,1458.25,baghdad_kifah,2,3,0.034,
2021-02-08,,,,,,1458.0,,,,1460.25,1458.5,1458.75,,,,,,,,,,,1458.0,baghdad_kifah,2,3,0.308,
2021-02-09,,,,,,1460.5,,,,1463.25,,1461.25,,,,,,,,,,,1460.5,baghdad_kifah,2,3,0.239,
2021-02-10,,,,,,1459.0,,,,1459.25,,1460.25,,,,,,,,1461.0,,,1459.0,baghdad_kifah,2,3,0.103,
2021-02-11,1459.0,,,,,1459.13,,,,1458.0,,1460.0,,,,,,,,,,,1459.13,baghdad_kifah,2,3,0.017,
2021-02-14,,,,1459.25,,1459.0,,,,1458.75,,1460.13,,,,,,,,,,,1459.0,baghdad_kifah,2,3,0.034,
2021-02-15,1459.5,,,,,1459.0,,,,1459.0,,1460.0,,,,,,,,,,,1459.0,baghdad_kifah,2,3,0.0,
2021-02-16,,,1455.0,1461.25,,1461.25,,,,1461.5,,1462.63,,,,,,,,,,,1461.25,baghdad_kifah,2,3,0.085,
2021-02-17,1462.75,,1455.0,,,1460.75,,,,1463.25,,1463.25,,,,,,,,,,,1460.75,baghdad_kifah,2,3,0.239,
2021-02-18,,,,1461.25,,1460.75,,,,1462.5,,1462.5,,,,,,,,,,,1460.75,baghdad_kifah,1,3,0.0,
2021-02-21,,,1457.5,,,,,,,1458.5,,1461.5,,,,,,,,,,,1457.5,baghdad_generic,2,3,0.343,
2021-02-22,1460.0,,,1459.0,,1458.25,,,,1458.5,,1460.0,,,,,,,,,1462.0,,1458.25,baghdad_kifah,2,3,0.103,
2021-02-23,,,1455.0,1455.75,,1456.5,,,,1456.5,,1457.25,,,,,,,,,,,1456.5,baghdad_kifah,2,3,0.103,
2021-02-24,,,,,,1454.0,,,,,,,,,,,,,,,,,1454.0,baghdad_kifah,1,1,0.0,
2021-02-25,,1454.0,,1451.75,,1452.75,,,,1453.5,1454.0,1454.63,,,,,,,,,,,1452.75,baghdad_kifah,2,3,0.103,
2021-03-01,,,,1451.75,,1452.25,,,,1451.5,,1452.75,,,,,,,,,,,1452.25,baghdad_kifah,2,3,0.103,
2021-03-02,1453.0,,,1454.5,,1454.0,,,,1454.25,,1455.5,,,,,,,,,1456.0,,1454.0,baghdad_kifah,2,3,0.103,
2021-03-03,,,,1455.25,,1455.0,,,,1454.25,,1455.75,,,,,,,,,,,1455.0,baghdad_kifah,2,3,0.069,
2021-03-04,,,,1453.0,,1452.88,,,,1452.25,,1453.25,,,,,,,,,,,1452.88,baghdad_kifah,2,3,0.034,
2021-03-07,,,,1453.0,,1454.0,,,,1452.0,,1455.25,,,,,,,,,,,1454.0,baghdad_kifah,1,3,0.0,
2021-03-08,1454.0,,,,,1454.0,,,,1453.25,,1455.88,,,,1455.0,,,,,1456.5,,1454.0,baghdad_kifah,2,3,0.034,
2021-03-09,,,,1453.75,,1453.75,,,,1452.25,,1455.88,,,,,,,,,,,1453.75,baghdad_kifah,2,3,0.034,
2021-03-10,,,1454.5,1454.5,,1454.5,,,,1453.0,,1456.38,,,,,,,,,,,1454.5,baghdad_kifah,2,3,0.069,
2021-03-11,,,1455.0,1454.75,,1454.75,,,,1454.0,,1457.38,,,,,,,,,,,1454.75,baghdad_kifah,2,3,0.017,
2021-03-14,,,1455.0,1456.0,,1455.0,,,,1454.5,,1455.38,,,,,,,,,,,1455.0,baghdad_kifah,2,3,0.069,
2021-03-15,,,1455.5,,,,,,,1453.75,,1454.75,,,,,,,,,,,1455.5,baghdad_generic,2,3,0.069,
2021-03-16,,,,,,1458.0,,,,1456.5,,1456.25,,,,,,,,,,,1458.0,baghdad_kifah,2,3,0.137,
2021-03-17,,,,,,1458.5,,,,1458.25,,1457.0,,,,,,,,,,,1458.5,baghdad_kifah,2,3,0.069,
2021-03-18,,,,,,1458.25,,,,1461.0,,1457.0,,,,,,,,,,,1458.25,baghdad_kifah,2,3,0.0,
2021-03-21,,,,1459.25,,1458.63,,,,1458.0,,1457.25,,,,1455.5,,,,,,,1458.63,baghdad_kifah,2,3,0.137,
2021-03-22,,,1451.0,1454.5,,1455.75,,,,1453.5,,1457.25,,,,,,,,,,,1455.75,baghdad_kifah,2,3,0.206,
2021-03-23,,,1438.0,,,1451.5,,,,1448.5,,,,,,,,,,,,,1451.5,baghdad_kifah,2,2,0.0,
2021-03-24,,,,,,1438.0,,,,1425.0,,1439.0,,,,,,,,,,,1438.0,baghdad_kifah,2,3,0.695,
2021-03-25,,,,1444.5,,1444.5,,,,1442.5,,1448.0,,,,,,,,,,,1444.5,baghdad_kifah,2,3,0.069,
2021-03-28,,,,1445.0,,1445.75,,,,1443.5,,1446.13,,,,1445.0,,,,1446.0,,,1445.75,baghdad_kifah,2,3,0.086,
2021-03-29,,,,,,1448.75,,,,1446.0,,1447.0,,,,,,,,,,,1448.75,baghdad_kifah,2,3,0.173,
2021-03-30,,,,,,1452.75,,,,1450.0,,1451.88,,,,,,,,,,,1452.75,baghdad_kifah,2,3,0.241,
2021-03-31,,,1460.0,,,1457.75,,,,1455.0,,1457.5,,,,,,,,,1459.0,,1457.75,baghdad_kifah,2,3,0.103,
2021-04-01,,,,1469.0,,1466.5,,,,1466.5,,1466.25,,,,,,,,,,,1466.5,baghdad_kifah,2,3,0.375,
2021-04-04,,,,,,1468.75,,,,1471.0,,1469.25,,,,,,,,,,,1468.75,baghdad_kifah,2,3,0.034,
2021-04-05,,,,,,1468.0,,,,1470.0,,1469.0,,,,,,,,,,,1468.0,baghdad_kifah,2,3,0.0,
2021-04-06,,,,,,1469.25,,,,1470.0,,1470.0,,,,,,,,,,,1469.25,baghdad_kifah,2,3,0.034,
2021-04-07,,,,,,1471.75,,,,1472.0,,1472.75,,,,,,,,,,,1471.75,baghdad_kifah,2,3,0.102,
2021-04-08,,,,,,1471.5,,,,1473.0,,1473.0,,,,,,,,,,,1471.5,baghdad_kifah,2,3,0.068,
2021-04-11,1474.0,,,,,1472.0,,,,1473.5,,1472.75,,,,,1472.5,,,1474.0,,,1472.0,baghdad_kifah,2,3,0.0,
2021-04-12,,,,,,1474.75,,,,1475.0,,1475.5,,,,,1475.0,,,1475.0,,,1474.75,baghdad_kifah,2,3,0.17,
2021-04-13,,,1490.0,,,1479.0,,,,1480.0,,1480.0,,,,,,,,,,,1479.0,baghdad_kifah,2,3,0.135,
2021-04-14,,,,,,1484.5,,,,1490.5,,1490.0,,,,,,,,,,,1484.5,baghdad_kifah,2,3,0.741,
2021-04-15,,,,,,1479.0,,,,1479.0,,1480.0,,,,,,,,,,,1479.0,baghdad_kifah,1,3,0.0,
2021-04-18,1482.5,,,,,1480.25,,,,1481.75,,1482.25,,,,,,,,,1482.0,,1480.25,baghdad_kifah,2,3,0.101,
2021-04-19,,,,1481.5,,1482.0,,,,1484.0,,1482.5,,,,,,,,,,,1482.0,baghdad_kifah,1,3,0.0,
2021-04-20,,,,1479.0,,1479.25,,,,1481.25,,1480.63,,,,,,,,,,,1479.25,baghdad_kifah,2,3,0.101,
2021-04-21,,,,1480.5,,1480.5,,,,1482.0,,1481.5,,,,,,,,,,,1480.5,baghdad_kifah,1,3,0.0,
2021-04-22,,,,,,1478.0,,,,1480.0,,1480.0,,,,,,,,,,,1478.0,baghdad_kifah,1,3,0.0,
2021-04-25,,,,,,1478.5,,,,1480.0,,1477.5,,,,,,,,,,,1478.5,baghdad_kifah,2,3,0.068,
2021-04-26,,,,,,1480.0,,,,1481.5,,1482.0,,,,,,,,,,,1480.0,baghdad_kifah,1,3,0.0,
2021-04-27,,,,,,1477.88,,,,1480.0,,1478.0,,,,,,,,,,,1477.88,baghdad_kifah,2,3,0.017,
2021-04-28,,,,,,1477.75,,,,1479.0,,1479.25,,,,,,,,,,,1477.75,baghdad_kifah,2,3,0.034,
2021-04-29,,,,1479.5,,1478.63,,,,1479.5,,1480.38,,,,,,,,,,,1478.63,baghdad_kifah,2,3,0.085,
2021-05-02,,,,,,1479.5,,,,1480.0,,1482.0,,,,,,,,,,,1479.5,baghdad_kifah,2,3,0.0,
2021-05-03,,,,,,1481.0,,,,1481.5,,1482.0,,,,,,,,,,,1481.0,baghdad_kifah,1,3,0.0,
2021-05-04,,,,,,1480.5,,,,1480.0,,1481.0,,,,,,,,,,,1480.5,baghdad_kifah,1,3,0.0,
2021-05-05,,,,,,1481.25,,,,1481.0,,1482.5,,,,,,,,,,,1481.25,baghdad_kifah,2,3,0.034,
2021-05-06,,,,,,1483.75,,,,,,,,,,,,,,,,,1483.75,baghdad_kifah,2,1,0.034,
2021-05-09,,,,,,1483.5,,,,,,,,,,,,,,,,,1483.5,baghdad_kifah,2,1,0.0,
2021-05-10,1484.0,,,,,1482.0,,,,1482.5,,1486.0,,,,,,,,,,,1482.0,baghdad_kifah,2,3,0.0,
2021-05-11,,,,,,1483.0,,,,1483.0,,1486.0,,,,,,,,,,,1483.0,baghdad_kifah,2,3,0.0,
2021-05-17,,1486.0,,,,1485.0,,,,1486.0,,1485.5,,,,,,,,,,,1485.0,baghdad_kifah,1,3,0.0,
2021-05-18,,,,,,1486.0,,,,1486.0,,1486.0,,,,,,,,,,,1486.0,baghdad_kifah,2,3,0.0,
2021-05-19,,,,,,1486.75,,,,1488.0,,1488.0,,,,,,,,,,,1486.75,baghdad_kifah,2,3,0.034,
2021-05-20,,,,,,1487.0,,,,1488.5,,1489.25,,,,,,,,,,,1487.0,baghdad_kifah,2,3,0.0,
2021-05-24,,,,,,1488.5,,,,1489.5,,1489.25,,,,,,,,,,,1488.5,baghdad_kifah,2,3,0.0,
2021-05-25,,,,,,1489.75,,,,1490.0,,1490.5,,,,,,,,,,,1489.75,baghdad_kifah,2,3,0.168,
2021-05-26,,,,,,1491.5,,,,1492.5,,1490.75,,,,,,,,,,,1491.5,baghdad_kifah,2,3,0.0,
2021-05-27,,,,,,1494.0,,,,1496.0,,1493.5,,,,,,,,,,,1494.0,baghdad_kifah,2,3,0.134,
2021-05-30,,,,,,1492.0,,,,1493.75,,1491.5,,,,1493.5,,,,,,,1492.0,baghdad_kifah,2,3,0.167,
2021-05-31,,,,,,1492.75,,,,1494.0,,1492.13,,,,,,,,,,,1492.75,baghdad_kifah,2,3,0.033,
2021-06-01,,,,,,1494.5,,,,1496.0,,1496.0,,,,,,,,,,,1494.5,baghdad_kifah,2,3,0.0,
2021-06-02,,,,,,1495.0,,,,1497.75,,1495.5,,,,,,,,,,,1495.0,baghdad_kifah,2,3,0.3,
2021-06-03,,,,,,1491.5,,,,1493.0,,1493.25,,,,,,,,,,,1491.5,baghdad_kifah,1,3,0.0,
2021-06-06,,,1499.0,,,1496.0,,,,1495.5,,1498.0,,,,,,,,,,,1496.0,baghdad_kifah,1,3,0.0,
2021-06-07,,,,,,1499.0,,,,1498.5,,1500.0,,,,,,,,,,,1499.0,baghdad_kifah,2,3,0.0,
2021-06-08,,,1495.0,,,,,,,,,,,,,,,,,,,,1495.0,baghdad_generic,1,1,0.0,
2021-06-09,,,,,,1501.0,,,,,,,,,,,,,,,,,1501.0,baghdad_kifah,2,1,0.133,
2021-06-10,,,1503.5,,,1503.0,,,,1503.0,,1505.5,,,,,,,,,,,1503.0,baghdad_kifah,2,3,0.0,
2021-06-13,1502.5,,,,,1501.0,,,,1502.0,,1502.25,,,,,,,,,,,1501.0,baghdad_kifah,2,3,0.0,
2021-06-14,,,,,,1499.5,,,,1503.0,,1503.25,,,,,,,,,,,1499.5,baghdad_kifah,2,3,0.333,
2021-06-15,,,,,,1494.25,,,,1496.5,,1496.5,,,,,,,,,,,1494.25,baghdad_kifah,2,3,0.167,
2021-06-16,,,1483.0,,,1489.5,,,,1492.5,,1493.0,,,,,,,,,,,1489.5,baghdad_kifah,2,3,0.336,
2021-06-17,,,,,,1485.5,,,,1489.0,,1488.0,,,,,,,,,,,1485.5,baghdad_kifah,2,3,0.067,
2021-06-20,,,1483.5,1484.5,,1484.0,,,,1485.5,,1485.5,,,,,,,,,,,1484.0,baghdad_kifah,1,3,0.0,
2021-06-21,1486.5,,,,,1482.0,,,,1486.0,,1485.5,,,,,,,,,,,1482.0,baghdad_kifah,2,3,0.27,
2021-06-22,,,,,,1476.5,,,,1481.0,,1479.5,,,,,,,,,,,1476.5,baghdad_kifah,2,3,0.203,
2021-06-23,,,,,,1475.5,,,,1477.0,,1477.5,,,,,,,,,,,1475.5,baghdad_kifah,2,3,0.0,
2021-06-24,,,,,,1473.0,,,,1475.0,,1476.5,,,,,,,,,,,1473.0,baghdad_kifah,2,3,0.0,
2021-06-27,,,,,,1473.25,,,,1475.0,,1475.25,,,,,1475.0,,1476.0,1475.0,1476.0,,1473.25,baghdad_kifah,2,3,0.034,
2021-06-28,,,1465.0,,,1470.25,,,,,,,,,,,,,,,,,1470.25,baghdad_kifah,2,1,0.102,
2021-06-29,1471.0,,,,,1468.5,,,,1470.0,,1471.0,,,,1469.5,,,,,,,1468.5,baghdad_kifah,2,3,0.0,
2021-06-30,,,,,,1469.75,,,,1471.0,,1473.5,,,,,,,,,,,1469.75,baghdad_kifah,2,3,0.034,
2021-07-01,,,1470.5,1470.5,,1471.5,,,,1472.5,,1475.0,,,,,,,,,,,1471.5,baghdad_kifah,2,3,0.136,
2021-07-05,,,,,,1471.75,,,,1472.5,,1472.5,,,,,,,,,,,1471.75,baghdad_kifah,2,3,0.034,
2021-07-06,,,,,,1471.0,,,,1471.5,,1471.25,,,,,,,,,,,1471.0,baghdad_kifah,2,3,0.0,
2021-07-07,,1472.0,1465.0,,,1470.5,,,,1472.5,,1472.5,,,,,,1475.0,1473.0,,,,1470.5,baghdad_kifah,2,3,0.068,
2021-07-08,,,1473.5,,,1472.0,,,,1472.5,,1475.5,,,,,,,,,,,1472.0,baghdad_kifah,2,3,0.0,
2021-07-11,,,1470.0,,,1476.75,,,,1477.5,,1477.75,,,,,,,,,,,1476.75,baghdad_kifah,2,3,0.034,
2021-07-12,,,1475.0,,,1480.0,,,,1481.5,,1482.5,,,,,,,,,,,1480.0,baghdad_kifah,2,3,0.0,
2021-07-13,,,1472.5,,,1478.25,,,,1480.0,,1478.5,,,,,,,,1480.0,,,1478.25,baghdad_kifah,2,3,0.135,
2021-07-14,,,1472.5,,,1478.5,,,,1481.0,,1477.0,,,,,,,,,,,1478.5,baghdad_kifah,2,3,0.0,
2021-07-15,,,1472.5,,,1478.0,,,,1480.0,,1475.0,,,,,,,,,,,1478.0,baghdad_kifah,2,3,0.0,
2021-07-18,,,1477.5,,,1482.5,,,,1483.0,,1481.5,,,,,,,,,,,1482.5,baghdad_kifah,2,3,0.0,
2021-07-19,,,1477.5,,,1482.5,,,,1482.5,,1481.0,,,,,,,,,,,1482.5,baghdad_kifah,2,3,0.0,
2021-07-25,1483.0,,1472.5,,,1478.0,,,,1482.0,,1480.5,,,,,,,,,,,1478.0,baghdad_kifah,2,3,0.406,
2021-07-26,,,1470.0,,,1474.5,,,,,,,,,,,,,,,,,1474.5,baghdad_kifah,2,1,0.0,
2021-07-27,,,1472.5,,,1477.5,,,,,,,,,,,,,,,,,1477.5,baghdad_kifah,2,1,0.0,
2021-07-28,,,1472.5,,,1477.25,,,,,,,,,,,,,,,,,1477.25,baghdad_kifah,2,1,0.0,
2021-08-01,,,1472.5,,,1477.0,,,,1478.5,,1479.0,,,,,,,,,,,1477.0,baghdad_kifah,2,3,0.0,
2021-08-02,,,1473.75,,,1478.75,,,,1480.0,,1481.0,,,,,,,,,,,1478.75,baghdad_kifah,2,3,0.17,
2021-08-03,,,1472.5,,,1478.5,,,,1479.75,,1481.0,,,,,,,,,,,1478.5,baghdad_kifah,2,3,0.034,
2021-08-04,,,1472.5,,,1478.0,,,,1479.0,,1480.5,,,,,,,,,,,1478.0,baghdad_kifah,2,3,0.0,
2021-08-05,,,1472.5,,,1478.0,,,,1478.0,,1480.25,,,,,,,,,,,1478.0,baghdad_kifah,2,3,0.0,
2021-08-08,,,1475.0,,,1479.5,,,,1480.0,,1481.0,,,,,,,,1480.0,,,1479.5,baghdad_kifah,2,3,0.0,
2021-08-09,1481.0,,1475.0,,,1479.5,,,,1481.0,,1480.75,,,,,,,,,,,1479.5,baghdad_kifah,2,3,0.0,
2021-08-10,,,1472.5,,,1478.5,,,,1480.0,,1478.5,,,,,,,,,,,1478.5,baghdad_kifah,2,3,0.0,
2021-08-11,1480.0,,1472.5,,,1478.5,,,,1479.5,,1479.0,,,,,,,,,,,1478.5,baghdad_kifah,2,3,0.0,
2021-08-12,,,1475.0,,,1479.5,,,,1481.0,,1481.0,,,,,,,,,,,1479.5,baghdad_kifah,1,3,0.0,
2021-08-15,,,1475.0,,,1479.38,,,,1481.0,,1480.63,,,,,,,,,,,1479.38,baghdad_kifah,2,3,0.017,
2021-08-16,,,1475.0,,,1479.5,,,,,,,,,,,,,,,,,1479.5,baghdad_kifah,1,1,0.0,
2021-08-17,,,1472.5,,,1477.5,,,,1479.5,,1479.38,,,,,,,,,,,1477.5,baghdad_kifah,2,3,0.017,
2021-08-18,,,1472.5,,,1478.0,,,,1480.0,,1479.75,,,,,,,,,,,1478.0,baghdad_kifah,2,3,0.0,
2021-08-22,,,1472.5,,,1478.5,,,,1479.0,,1479.75,,,,,,,,,,,1478.5,baghdad_kifah,1,3,0.0,
2021-08-23,,,1470.0,,,1476.5,,,,1478.5,,1478.25,,,,,,,,,,,1476.5,baghdad_kifah,2,3,0.0,
2021-08-24,,,1470.0,,,1474.5,,,,1476.5,,1477.25,,,,,,,,,,,1474.5,baghdad_kifah,2,3,0.0,
2021-08-25,,,1470.0,,,1474.0,,,,1476.0,,1476.0,,,,,,,,,,,1474.0,baghdad_kifah,2,3,0.0,
2021-08-26,,,1467.5,,,1472.0,,,,1474.0,,1473.75,,,,,,,,,,,1472.0,baghdad_kifah,2,3,0.0,
2021-08-29,,,1470.0,,,1474.25,,,,1475.0,,1476.5,,,,,,,,,,,1474.25,baghdad_kifah,2,3,0.0,
2021-08-30,,,1470.0,,,1474.0,,,,1475.5,,1475.5,,,,,,,,,,,1474.0,baghdad_kifah,2,3,0.0,
2021-08-31,,,1467.5,,,1473.0,,,,1474.0,,1473.75,,,,,,,,,,,1473.0,baghdad_kifah,2,3,0.0,
2021-09-01,,,1467.5,,,1472.0,,,,1473.5,,1473.5,,,,,,,,,,,1472.0,baghdad_kifah,2,3,0.0,
2021-09-02,,,1467.5,,,1473.0,,,,1474.0,,1474.5,,,,,,,,,,,1473.0,baghdad_kifah,2,3,0.0,
2021-09-05,,,1470.0,,,1473.75,,,,1473.5,,,,,,,,,,,,,1473.75,baghdad_kifah,2,2,0.034,
2021-09-06,,,1470.0,,,1473.5,,,,1474.0,,1474.75,,,,,,,,,,,1473.5,baghdad_kifah,2,3,0.0,
2021-09-07,1477.0,,1470.0,,,1476.0,,,,1476.0,,1478.0,,,,,,,,,,,1476.0,baghdad_kifah,1,3,0.0,
2021-09-08,,,1470.0,,,1474.0,,,,1474.5,,1475.5,,,,,,,,,,,1474.0,baghdad_kifah,2,3,0.0,
2021-09-09,,,1470.0,,,1474.0,,,,1475.0,,1475.75,,,,,,,,,,,1474.0,baghdad_kifah,2,3,0.0,
2021-09-12,,,1470.0,,,1475.0,,,,1475.0,,1476.5,,,,,,,,,,,1475.0,baghdad_kifah,2,3,0.0,
2021-09-13,,,1470.0,,,1475.5,,,,1475.5,,1476.5,,,,,,,,,,,1475.5,baghdad_kifah,2,3,0.0,
2021-09-14,,,1470.0,,,1473.88,,,,1474.5,,1475.63,,,,,,,,,,,1473.88,baghdad_kifah,2,3,0.017,
2021-09-15,,,1470.0,,,1473.5,,,,1475.0,,1475.5,,,,,,,,,,,1473.5,baghdad_kifah,2,3,0.0,
2021-09-16,,,1470.0,,,1474.5,,,,1475.5,,1475.5,,,,,,,,,,,1474.5,baghdad_kifah,2,3,0.0,
2021-09-19,,,1470.0,,,1474.0,,,,1475.0,,1475.0,,,,,1475.0,,,,,,1474.0,baghdad_kifah,2,3,0.0,
2021-09-20,,,1467.5,,,1472.5,,,,1474.0,,1474.0,,,,,,,,,,,1472.5,baghdad_kifah,2,3,0.0,
2021-09-21,,,1465.0,,,1471.75,,,,1472.5,,1472.75,,,,,,,,,,,1471.75,baghdad_kifah,2,3,0.0,
2021-09-22,,,1467.5,,,1471.5,,,,1471.5,,1472.0,,,,,,,,,,,1471.5,baghdad_kifah,2,3,0.0,
2021-09-23,,,1467.5,,,1472.5,,,,1473.0,,1473.75,,,,,,,,,,,1472.5,baghdad_kifah,2,3,0.0,
2021-09-26,,,1472.5,,,,,,,,,1474.25,,,,,,,,,,,1472.5,baghdad_generic,2,2,0.0,
2021-09-27,,,1472.0,,,,,,,,,1472.5,,,,,,,,,,,1472.0,baghdad_generic,1,2,0.0,
2021-09-28,,,1467.5,1472.25,,1472.0,,,,1472.5,,1472.5,,,,,,,,,,,1472.0,baghdad_kifah,1,3,0.0,
2021-09-29,,,1467.5,,,1472.5,,,,,,,,,,,,,,,,,1472.5,baghdad_kifah,1,1,0.0,
2021-09-30,,,1465.0,,,1471.0,,,,,,,,,,,,,,,,,1471.0,baghdad_kifah,1,1,0.0,
2021-10-03,,,1472.5,,,1477.5,,,,,,,,,,,,,,,,,1477.5,baghdad_kifah,2,1,0.0,
2021-10-04,,,1476.0,,,,,,,1476.0,,1478.0,,,,,,,,,,,1476.0,baghdad_generic,2,3,0.0,
2021-10-05,,,1482.0,,,,,,,1482.5,,1482.5,,,,,,,,,,,1482.0,baghdad_generic,1,3,0.0,
2021-10-06,,,1482.5,,,,,,,1482.0,,1482.5,,,,,,,,,,,1482.5,baghdad_generic,2,3,0.0,
2021-10-07,,,1482.0,,,,,,,1481.5,,1482.5,,,,,,,,,,,1482.0,baghdad_generic,2,3,0.067,
2021-10-10,,,1477.5,,,1483.0,,,,,,,,,,,,,,,,,1483.0,baghdad_kifah,1,1,0.0,
2021-10-11,,,1477.5,,,1482.0,,,,1482.5,,1484.5,,,,,,,,,,,1482.0,baghdad_kifah,2,3,0.0,
2021-10-12,,,1470.0,,,1476.5,,,,1477.0,,1481.5,,,,,,,,,,,1476.5,baghdad_kifah,1,3,0.0,
2021-10-13,,,1475.0,,,1480.0,,,,1480.0,,1481.5,,,,,,,,,,,1480.0,baghdad_kifah,2,3,0.0,
2021-10-14,,,1478.75,,,1483.75,,,,1482.5,,1485.0,,,,,,,,,,,1483.75,baghdad_kifah,2,3,0.169,
2021-10-17,,,1477.5,,,1483.5,,,,1483.5,,1484.75,,,,,,,,,,,1483.5,baghdad_kifah,2,3,0.0,
2021-10-18,,,1477.5,1483.75,,1483.63,,,,1483.5,,1485.5,,,,,,,,,,,1483.63,baghdad_kifah,2,3,0.051,
2021-10-19,,,1475.0,1481.5,,1480.0,,,,1482.0,,1483.0,,,,,,,,,,,1480.0,baghdad_kifah,2,3,0.135,
2021-10-20,,,1472.5,,,1478.5,,,,1480.0,,1480.75,,,,,,,,,,,1478.5,baghdad_kifah,2,3,0.0,
2021-10-21,,,1472.5,1478.5,,1478.0,,,,1479.0,,1479.75,,,,,,,,,,,1478.0,baghdad_kifah,2,3,0.0,
2021-10-24,,,1475.0,1479.0,,1478.88,,,,1479.0,,1480.0,,,,,,,,,,,1478.88,baghdad_kifah,2,3,0.017,
2021-10-25,,,1472.5,,,1478.0,,,,1478.5,,1478.5,,,,,,,,,,,1478.0,baghdad_kifah,1,3,0.0,
2021-10-26,,,1472.5,,,1477.5,,,,,,,,,,,,,,,,,1477.5,baghdad_kifah,2,1,0.0,
2021-10-27,,,1472.5,,,1476.5,,,,1477.0,,1475.0,,,,,,,,,,,1476.5,baghdad_kifah,2,3,0.0,
2021-10-28,,,1472.5,,,1477.5,,,,1477.5,,1478.5,,,,,,,,,,,1477.5,baghdad_kifah,2,3,0.0,
2021-10-31,,,1472.5,,,1478.0,,,,1478.5,,1480.0,,,,,,,,,,,1478.0,baghdad_kifah,2,3,0.0,
2021-11-01,,,1472.5,1478.5,,1478.5,,,,1479.0,,1480.0,,,,,,,,,,,1478.5,baghdad_kifah,2,3,0.0,
2021-11-02,,,1475.0,1479.5,,1479.5,,,,1480.0,,1482.0,,,,,,,,,,,1479.5,baghdad_kifah,2,3,0.034,
2021-11-03,,,,,,1480.0,,,,,,,,,,,,,,,,,1480.0,baghdad_kifah,2,1,0.0,
2021-11-04,,,,,,1479.5,,,,,,,,,,,,,,,,,1479.5,baghdad_kifah,2,1,0.0,
2021-11-07,,,1477.5,,,1482.5,,,,1483.0,,1485.0,,,,,,,,,,,1482.5,baghdad_kifah,2,3,0.0,
2021-11-08,,,,,,1482.5,,,,,,,,,,,,,,,,,1482.5,baghdad_kifah,2,1,0.0,
2021-11-09,,,1475.0,,,1481.25,,,,1481.0,,1483.0,,,,,,,,,,,1481.25,baghdad_kifah,2,3,0.0,
2021-11-10,,,1477.5,,,1482.0,,,,1481.5,,1483.5,,,,,,,,,,,1482.0,baghdad_kifah,2,3,0.0,
2021-11-11,,,1477.5,,,1483.0,,,,1482.0,,1485.5,,,,,,,,,,,1483.0,baghdad_kifah,2,3,0.0,
2021-11-14,,,1477.5,,,1482.0,,,,1482.0,,1484.5,,,,,,,,,,,1482.0,baghdad_kifah,1,3,0.0,
2021-11-15,,,1475.0,,,1481.0,,,,1482.0,,1482.75,,,,,,,,,,,1481.0,baghdad_kifah,2,3,0.034,
2021-11-16,,,1475.0,,,1481.0,,,,1482.0,,1482.75,,,,,,,,,,,1481.0,baghdad_kifah,1,3,0.0,
2021-11-17,,,1475.0,,,1480.5,,,,1481.5,,1481.25,,,,,,,,,,,1480.5,baghdad_kifah,2,3,0.0,
2021-11-18,,,,,,1479.75,,,,1485.0,,1480.75,,,,,,,,,,,1479.75,baghdad_kifah,2,3,0.034,
2021-11-21,,,1475.0,1479.5,,1479.5,,,,1480.5,,1480.25,,,,,,,,,,,1479.5,baghdad_kifah,2,3,0.0,
2021-11-22,,,,,,1479.5,,,,,,,,,,,,,,,,,1479.5,baghdad_kifah,2,1,0.0,
2021-11-23,,,1475.0,,,1479.0,,,,1479.5,,1479.75,,,,,,,,,,,1479.0,baghdad_kifah,1,3,0.0,
2021-11-24,,,1475.0,,,1479.5,,,,1480.0,,1481.5,,,,,,,,,,,1479.5,baghdad_kifah,2,3,0.0,
2021-11-25,,,1475.0,,,1478.5,,,,1479.5,,1480.5,,,,,,,,,,,1478.5,baghdad_kifah,1,3,0.0,
2021-11-28,,,1475.0,1478.75,,1478.75,,,,1479.0,,1480.5,,,,,,,,,,,1478.75,baghdad_kifah,2,3,0.0,
2021-11-29,,,1475.0,,,1478.75,,,,1479.0,,1480.25,,,,,,,,,,,1478.75,baghdad_kifah,2,3,0.0,
2021-11-30,,,1472.5,,,1478.38,,,,1478.0,,1479.5,,,,,,,,,,,1478.38,baghdad_kifah,2,3,0.085,
2021-12-01,,,,,,1479.5,,,,1479.0,,1479.75,,,,,,,,,,,1479.5,baghdad_kifah,2,3,0.0,
2021-12-02,,,,,,1479.0,,,,1478.5,,1480.5,,,,,,,,,,,1479.0,baghdad_kifah,2,3,0.0,
2021-12-05,,,,,,1480.5,,,,1480.0,,1482.0,,,,,,,,,,,1480.5,baghdad_kifah,2,3,0.0,
2021-12-06,,,,,,1480.0,,,,1480.0,,1479.5,,,,,,,,,,,1480.0,baghdad_kifah,2,3,0.0,
2021-12-07,,,,,,1480.5,,,,1480.0,,1481.5,,,,,,,,,,,1480.5,baghdad_kifah,2,3,0.0,
2021-12-08,,,,,,1481.0,,,,1480.5,,1482.5,,,,,,,,,,,1481.0,baghdad_kifah,2,3,0.034,
2021-12-09,,,1475.0,,,1481.0,,,,1481.5,,1482.5,,,,,,,,,,,1481.0,baghdad_kifah,2,3,0.0,
2021-12-13,,,1477.5,,,1482.0,,,,1482.5,,1482.0,,,,,,,,,,,1482.0,baghdad_kifah,2,3,0.0,
2021-12-14,,,1477.5,,,1482.0,,,,1482.0,,1481.5,,,,,,,,,,,1482.0,baghdad_kifah,1,3,0.0,
2021-12-15,,,,,,1479.63,,,,,,,,,,,,,,,,,1479.63,baghdad_kifah,2,1,0.152,
2021-12-16,,,,,,1479.0,,,,,,,,,,,,,,,,,1479.0,baghdad_kifah,2,1,0.0,
2021-12-19,,,1475.0,,,1479.0,,,,1480.0,,1479.75,,,,,,,,,,,1479.0,baghdad_kifah,2,3,0.0,
2021-12-20,,,1475.0,,,1478.5,,,,1480.0,,1479.25,,,,,,,,,,,1478.5,baghdad_kifah,2,3,0.0,
2021-12-21,,,1475.0,,,1477.5,,,,1478.5,,1478.5,,,,,,,,,,,1477.5,baghdad_kifah,2,3,0.339,
2021-12-22,,,1470.0,,,1474.5,,,,1476.5,,1476.75,,,,,,,,,,,1474.5,baghdad_kifah,2,3,0.0,
2021-12-23,,,1472.5,,,1477.5,,,,1478.5,,1479.0,,,,,,,,,,,1477.5,baghdad_kifah,2,3,0.0,
2021-12-26,,,1475.0,,,1479.5,,,,1480.5,,1481.25,,,,,,,,,,,1479.5,baghdad_kifah,2,3,0.0,
2021-12-27,,,1475.0,,,1478.5,,,,1479.5,,1477.25,,,,,,,,,,,1478.5,baghdad_kifah,2,3,0.0,
2021-12-28,,,1475.0,,,1478.5,,,,1480.0,,1479.25,,,,,,,,,,,1478.5,baghdad_kifah,2,3,0.0,
2021-12-29,,,1472.5,,,1477.5,,,,1479.0,,1479.0,,,,,,,,,,,1477.5,baghdad_kifah,2,3,0.0,
2021-12-30,,,1475.0,,,1478.5,,,,1479.0,,1479.75,,,,,,,,,,,1478.5,baghdad_kifah,2,3,0.034,
2022-01-02,,,1475.0,,,1479.0,,,,1479.5,,1479.5,,,,,,,,,,,1479.0,baghdad_kifah,2,3,0.0,
2022-01-03,,,1475.0,,,1478.75,,,,1479.5,,1477.75,,,,,,,,,,,1478.75,baghdad_kifah,2,3,0.0,
2022-01-04,,,1475.0,,,1478.5,,,,1479.0,,1477.88,,,,,,,,,,,1478.5,baghdad_kifah,2,3,0.017,
2022-01-05,,,1475.0,,,1478.5,,,,1479.0,,1479.0,,,,,,,,,,,1478.5,baghdad_kifah,1,3,0.0,
2022-01-06,,,1475.0,,,1478.5,,,,1479.0,,1479.5,,,,,,,,,,,1478.5,baghdad_kifah,1,3,0.0,
2022-01-09,,,1475.0,,,1479.0,,,,1479.75,,1479.75,,,,,,,,,,,1479.0,baghdad_kifah,2,3,0.034,
2022-01-10,,,1475.0,,,1481.0,,,,1480.5,,1481.75,,,,,,,,,,,1481.0,baghdad_kifah,2,3,0.0,
2022-01-11,,,1475.0,,,1480.5,,,,1480.5,,1481.5,,,,,,,,,,,1480.5,baghdad_kifah,2,3,0.0,
2022-01-12,,,1475.0,,,1481.0,,,,1481.0,,1481.75,,,,,,,,,,,1481.0,baghdad_kifah,2,3,0.0,
2022-01-13,,,1475.0,,,1481.0,,,,1481.5,,1481.25,,,,,,,,,,,1481.0,baghdad_kifah,2,3,0.0,
2022-01-16,,,1475.0,,,1481.5,,,,1482.0,,1482.25,,,,,,,,,,,1481.5,baghdad_kifah,2,3,0.0,
2022-01-17,,,,,,1481.0,,,,,,,,,,,,,,,,,1481.0,baghdad_kifah,2,1,0.0,
2022-01-18,,,1475.0,,,1481.5,,,,1482.0,,1482.5,,,,,,,,,,,1481.5,baghdad_kifah,2,3,0.0,
2022-01-19,,,1477.5,,,1482.25,,,,1482.5,,1483.25,,,,,,,,,,,1482.25,baghdad_kifah,2,3,0.0,
2022-01-20,,,1475.0,,,1481.0,,,,1482.0,,1482.5,,,,,,,,,,,1481.0,baghdad_kifah,2,3,0.0,
2022-01-23,,,1475.0,,,1479.5,,,,1480.5,,1480.5,,,,,,,,,,,1479.5,baghdad_kifah,1,3,0.0,
2022-01-24,,,1475.0,,,1479.5,,,,1480.5,,1479.0,,,,,,,,,,,1479.5,baghdad_kifah,1,3,0.0,
2022-01-25,,,1475.0,,,1480.0,,,,1481.0,,1479.75,,,,,,,,,,,1480.0,baghdad_kifah,2,3,0.0,
2022-01-26,,,1475.0,,,1478.5,,,,1480.0,,1479.25,,,,,,,,,,,1478.5,baghdad_kifah,2,3,0.0,
2022-01-27,,,1475.0,,,1479.0,,,,1480.0,,1480.25,,,,,,,,,,,1479.0,baghdad_kifah,2,3,0.0,
2022-01-30,,,1475.0,,,1479.5,,,,1480.0,,1480.25,,,,,,,,,,,1479.5,baghdad_kifah,2,3,0.0,
2022-01-31,,,1475.0,,,1479.5,,,,1480.0,,1479.25,,,,,,,,,,,1479.5,baghdad_kifah,2,3,0.0,
2022-02-01,,,1475.0,,,1478.25,,,,1479.0,,1479.25,,,,,,,,,,,1478.25,baghdad_kifah,2,3,0.068,
2022-02-02,,,1475.0,,,1478.25,,,,1478.5,,1479.0,,,,,,,,,,,1478.25,baghdad_kifah,2,3,0.0,
2022-02-03,,,1475.0,,,1477.5,,,,1478.0,,1478.25,,,,,,,,,,,1477.5,baghdad_kifah,2,3,0.0,
2022-02-06,,,1475.0,,,1479.0,,,,1479.0,,1479.38,,,,,,,,,,,1479.0,baghdad_kifah,2,3,0.017,
2022-02-07,,,1475.0,,,1478.75,,,,1479.0,,1480.5,,,,,,,,,,,1478.75,baghdad_kifah,2,3,0.0,
2022-02-08,,,1475.0,,,1479.0,,,,1479.0,,1480.75,,,,,,,,,,,1479.0,baghdad_kifah,2,3,0.0,
2022-02-09,,,1475.0,,,1478.75,,,,1479.0,,1480.5,,,,,,,,,,,1478.75,baghdad_kifah,2,3,0.0,
2022-02-10,,,1475.0,,,1479.25,,,,1479.5,,1480.0,,,,,,,,,,,1479.25,baghdad_kifah,2,3,0.0,
2022-02-13,,,1475.0,,,1481.0,,,,1481.0,,,,,,,,,,,,,1481.0,baghdad_kifah,2,2,0.0,
2022-02-14,,,1475.0,,,1480.88,,,,1481.5,,1481.5,,,,,,,,1482.0,,,1480.88,baghdad_kifah,2,3,0.017,
2022-02-15,,,1475.0,,,1479.75,,,,1480.5,,1480.75,,,,,,,,,,,1479.75,baghdad_kifah,1,3,0.0,
2022-02-16,,,1475.0,,,1479.0,,,,1480.0,,1480.5,,,,,,,,,,,1479.0,baghdad_kifah,2,3,0.0,
2022-02-17,,,,,,1479.25,,,,,,,,,,,,,,,,,1479.25,baghdad_kifah,1,1,0.0,
2022-02-20,1455.0,1455.0,1445.0,,,1435.0,,,,1452.0,,,,,,,,,,1455.0,,,1435.0,baghdad_kifah,1,2,0.0,
2022-02-21,,,,,,1466.5,,,,,,,,,,,,,,,,,1466.5,baghdad_kifah,2,1,0.068,
2022-02-22,,,1460.0,,,1466.0,,,,1465.0,,1468.25,,,,,,,,1465.0,,,1466.0,baghdad_kifah,2,3,0.034,
2022-02-23,,,,,,1461.5,,,,,,,,,,,,,,,,,1461.5,baghdad_kifah,2,1,0.0,
2022-02-24,,,,,,1463.0,,,,,,,,,,,,,,,,,1463.0,baghdad_kifah,2,1,0.137,
2022-02-28,,,,,,1464.0,,,,,,,,,,,,,,,,,1464.0,baghdad_kifah,2,1,0.0,
2022-03-01,,,1465.0,,,1472.5,,,,1473.5,,1472.5,,,,,,,,,,,1472.5,baghdad_kifah,2,3,0.0,
2022-03-02,,,,,,1471.75,,,,,,,,,,,,,,,,,1471.75,baghdad_kifah,2,1,0.034,
2022-03-03,,,,,,1470.5,,,,,,,,,,,,,,,,,1470.5,baghdad_kifah,2,1,0.0,
2022-03-06,,,,,,1472.0,,,,,,,,,,,,,,,,,1472.0,baghdad_kifah,2,1,0.0,
2022-03-07,,,1465.0,,,1472.0,,,,1473.0,,1472.5,,,,,,,,,,,1472.0,baghdad_kifah,2,3,0.0,
2022-03-08,,,,,,1474.0,,,,,,,,,,,,,,,,,1474.0,baghdad_kifah,2,1,0.0,
2022-03-09,,,,,,1472.5,,,,,,,,,,,,,,,,,1472.5,baghdad_kifah,2,1,0.0,
2022-03-10,,,,,,1471.0,,,,,,,,,,,,,,,,,1471.0,baghdad_kifah,2,1,0.0,
2022-03-13,,,,,,1472.0,,,,,,,,,,,,,,,,,1472.0,baghdad_kifah,2,1,0.0,
2022-03-14,,,,,,1473.75,,,,,,,,,,,,,,,,,1473.75,baghdad_kifah,1,1,0.0,
2022-03-15,,,1467.5,,,1473.5,,,,1474.0,,1472.75,,,,,,,,,,,1473.5,baghdad_kifah,2,3,0.0,
2022-03-16,,,,,,1472.0,,,,,,,,,,,,,,,,,1472.0,baghdad_kifah,2,1,0.0,
2022-03-17,,,1467.5,,,1473.0,,,,1474.0,,1472.0,,,,,,,,,,,1473.0,baghdad_kifah,2,3,0.0,
2022-03-20,,,1467.5,,,1472.25,,,,1473.5,,1474.25,,,,,,,1474.0,,,,1472.25,baghdad_kifah,2,3,0.0,
2022-03-21,,,,,,1472.5,,,,,,,,,,,,,,,,,1472.5,baghdad_kifah,2,1,0.0,
2022-03-22,,,1467.5,,,1472.0,,,,1473.0,,,,,,,1473.0,1473.0,,,,,1472.0,baghdad_kifah,2,2,0.0,
2022-03-23,,,1467.5,,,1472.38,,,,1475.0,,,,,,,,,,1474.0,,,1472.38,baghdad_kifah,2,2,0.017,
2022-03-24,,,1467.5,,,1472.0,,,,1473.5,,,,,,,,,,1474.0,,,1472.0,baghdad_kifah,2,2,0.0,
2022-03-27,,,1467.5,,,1472.5,,,,1474.0,,1472.25,,,,,,,,,,,1472.5,baghdad_kifah,2,3,0.0,
2022-03-28,,,1465.0,,,1471.13,,,,1473.0,,1470.88,,,,,,,,,,,1471.13,baghdad_kifah,2,3,0.017,
2022-03-29,,,1465.0,,,1471.5,,,,1473.0,,1471.75,,,,,,,,,,,1471.5,baghdad_kifah,2,3,0.0,
2022-03-30,,,1465.0,,,1471.0,,,,1472.0,,1471.63,,,,,,,,,,,1471.0,baghdad_kifah,2,3,0.068,
2022-03-31,,,1465.0,,,1471.0,,,,1472.5,,1471.5,,,,,,,,,,,1471.0,baghdad_kifah,2,3,0.0,
2022-04-03,,,,,,1472.0,,,,,,,,,,,,,,,,,1472.0,baghdad_kifah,2,1,0.0,
2022-04-04,,,1467.5,,,1473.0,,,,1473.0,,1472.5,,,,,,,,,,,1473.0,baghdad_kifah,2,3,0.0,
2022-04-05,,,,,,1476.0,,,,1477.0,,1476.25,,,,,,,,,,,1476.0,baghdad_kifah,2,3,0.0,
2022-04-06,,,1470.0,,,1474.0,,,,1475.0,,1474.5,,,,,,,,,,,1474.0,baghdad_kifah,2,3,0.0,
2022-04-07,,,,,,1475.75,,,,1476.5,,1475.75,,,,,,,,,,,1475.75,baghdad_kifah,1,3,0.0,
2022-04-10,,,1470.0,,,1476.63,,,,1477.75,,1476.38,,,,,,,,,,,1476.63,baghdad_kifah,2,3,0.034,
2022-04-11,,,,,,1478.5,,,,1479.0,,1478.25,,,,,,,,,,,1478.5,baghdad_kifah,2,3,0.0,
2022-04-12,,,1472.5,,,1477.5,,,,1478.5,,1477.25,,,,,,,,,,,1477.5,baghdad_kifah,2,3,0.0,
2022-04-13,,,1472.5,,,1477.88,,,,1479.0,,1478.25,,,,,,,,,,,1477.88,baghdad_kifah,2,3,0.017,
2022-04-14,,,1472.5,,,1477.88,,,,1479.5,,1477.25,,,,,,,,,,,1477.88,baghdad_kifah,2,3,0.017,
2022-04-17,,,,,,1478.0,,,,,,,,,,,,,,,,,1478.0,baghdad_kifah,2,1,0.0,
2022-04-18,,,1472.5,,,1477.38,,,,1479.0,,1477.5,,,,,,,,,,,1477.38,baghdad_kifah,2,3,0.017,
2022-04-19,,,1470.0,,,1476.38,,,,1478.0,,1475.75,,,,,,,,,,,1476.38,baghdad_kifah,2,3,0.017,
2022-04-20,,,1470.0,,,1474.5,,,,1476.0,,1474.0,,,,,,,,,,,1474.5,baghdad_kifah,1,3,0.0,
2022-04-21,,,,,,1474.5,,,,,,,,,,,,,,,,,1474.5,baghdad_kifah,2,1,0.0,
2022-04-24,,,,,,1474.5,,,,1480.0,,1473.5,,,,,,,,,,,1474.5,baghdad_kifah,1,3,0.0,
2022-04-25,,,,,,1474.5,,,,1480.0,,1473.75,,,,,,,,,,,1474.5,baghdad_kifah,2,3,0.0,
2022-04-26,,,,,,1473.75,,,,1477.5,,1473.25,,,,,,,,,,,1473.75,baghdad_kifah,2,3,0.034,
2022-04-27,,,1470.0,,,1475.0,,,,1476.0,,1475.5,,,,,,,,,,,1475.0,baghdad_kifah,2,3,0.0,
2022-04-28,,,1470.0,,,1475.63,,,,1476.75,,1476.0,,,,,,,,,,,1475.63,baghdad_kifah,2,3,0.034,
2022-05-01,,,,,,1478.5,,,,,,,,,,,,,,,,,1478.5,baghdad_kifah,2,1,0.0,
2022-05-08,,,,,,1477.5,,,,,,,,,,,,,,,,,1477.5,baghdad_kifah,1,1,0.0,
2022-05-09,,,,,,1479.5,,,,1482.5,,1479.25,,,,,,,,,,,1479.5,baghdad_kifah,2,3,0.0,
2022-05-10,,,1475.0,,,1479.5,,,,1480.0,,1479.5,,,,,,,,,,,1479.5,baghdad_kifah,2,3,0.0,
2022-05-11,,,1475.0,,,1480.25,,,,1481.5,,1481.0,,,,,,,,,,,1480.25,baghdad_kifah,2,3,0.034,
2022-05-12,,,,,,1480.0,,,,1481.5,,1481.25,,,,,,,,,,,1480.0,baghdad_kifah,2,3,0.0,
2022-05-15,,1483.25,1477.5,,,1482.0,,,,1483.0,,1483.5,,,,1483.5,,,,,,,1482.0,baghdad_kifah,2,3,0.135,
2022-05-16,,,1475.0,,,1480.25,,,,1481.5,,1481.5,,,,,,,,,,,1480.25,baghdad_kifah,2,3,0.034,
2022-05-17,,,,,,1480.0,,,,1485.0,,1482.25,,,,,,,,,,,1480.0,baghdad_kifah,2,3,0.0,
2022-05-18,,,1477.5,,,1482.0,,,,1482.5,,1483.0,,,,,,,,,,,1482.0,baghdad_kifah,2,3,0.0,
2022-05-19,,,,,,1482.25,,,,,,,,,,,,,,,,,1482.25,baghdad_kifah,2,1,0.0,
2022-05-22,,,1477.5,,,1481.5,,,,1482.5,,1482.5,,,,,,,,,,,1481.5,baghdad_kifah,2,3,0.0,
2022-05-23,,,1476.25,,,1481.13,,,,1481.75,,1480.88,,,,,,,,,,,1481.13,baghdad_kifah,2,3,0.169,
2022-05-24,,,1476.25,,,1480.75,,,,1481.5,,1480.25,,,,,,,,,,,1480.75,baghdad_kifah,2,3,0.169,
2022-05-25,,,1475.0,,,1481.25,,,,1482.0,,1481.0,,,,,,,,,,,1481.25,baghdad_kifah,2,3,0.0,
2022-05-26,,,,,,1482.0,,,,1482.5,,1482.5,,,,,,,,,,,1482.0,baghdad_kifah,2,3,0.0,
2022-05-29,,,1477.5,,,1482.0,,,,1482.5,,1482.25,,,,,,,,,,,1482.0,baghdad_kifah,2,3,0.0,
2022-05-30,,,1480.0,,,1484.0,,,,1484.0,,,,,,,1485.0,,1485.5,,1485.5,,1484.0,baghdad_kifah,2,2,0.0,
2022-05-31,,,,,,1482.88,,,,1484.5,,1484.5,,,,,,,,,,,1482.88,baghdad_kifah,2,3,0.152,
2022-06-01,,,,,,1481.5,,,,1482.0,,1481.25,,,,,,,,,,,1481.5,baghdad_kifah,2,3,0.0,
2022-06-02,,,,,,1482.0,,,,1482.5,,1481.75,,,,,,,,,,,1482.0,baghdad_kifah,2,3,0.0,
2022-06-05,,,1477.5,,,1483.25,,,,1483.5,,1483.5,,,,,1485.0,,,,,,1483.25,baghdad_kifah,2,3,0.0,
2022-06-06,,,1477.5,,,1483.25,,,,1483.5,,1482.75,,,,,,,,,,,1483.25,baghdad_kifah,2,3,0.0,
2022-06-07,,,1477.5,,,1483.75,,,,1484.0,,1483.25,,,,,,,,,,,1483.75,baghdad_kifah,2,3,0.0,
2022-06-08,,,1480.0,,,1484.0,,,,1484.5,,1482.75,,,,,,,,,,,1484.0,baghdad_kifah,2,3,0.0,
2022-06-09,,,1477.5,,,1482.5,,,,1483.5,,1482.0,,,,,1483.5,,,,,,1482.5,baghdad_kifah,2,3,0.0,
2022-06-12,,,,,,1483.5,,,,1487.5,,1482.25,,,,,,,,,,,1483.5,baghdad_kifah,2,3,0.0,
2022-06-13,,,1480.0,,,1486.0,,,,1486.0,,1485.25,,,,,,,,,,,1486.0,baghdad_kifah,2,3,0.0,
2022-06-14,,1485.0,1480.0,,,1484.5,,,,1485.5,,1484.5,,1485.0,,,1485.5,,,,,,1484.5,baghdad_kifah,2,3,0.0,
2022-06-15,,,1477.5,,,1483.63,,,,1484.0,,1483.5,,,,,,,1485.0,,,,1483.63,baghdad_kifah,2,3,0.118,
2022-06-16,,,1480.0,,,1484.5,,,,1486.0,,1485.75,,,,,,,,,,,1484.5,baghdad_kifah,2,3,0.0,
2022-06-19,,,1480.0,,,1484.5,,,,1485.5,,,,,,,,,,,,,1484.5,baghdad_kifah,2,2,0.0,
2022-06-20,,,1480.0,,,1485.5,,,,1486.0,,1486.25,,,,,,,,,,,1485.5,baghdad_kifah,2,3,0.0,
2022-06-21,,1484.0,1477.5,,,1483.5,,,,1485.0,,1484.25,,,,,1485.0,,,,,,1483.5,baghdad_kifah,2,3,0.0,
2022-06-22,,,1477.5,,,1483.25,,,,1484.5,,1484.63,,,,,,,,,,,1483.25,baghdad_kifah,2,3,0.017,
2022-06-23,,,1477.5,,,1483.5,,,,1485.0,,1485.0,,,,,,,,,,,1483.5,baghdad_kifah,2,3,0.0,
2022-06-26,,,1477.5,,,1482.88,,,,1484.0,,1484.5,,,,,,,,,,,1482.88,baghdad_kifah,2,3,0.067,
2022-06-27,,,1475.0,,,1480.38,,,,1481.75,,1481.0,,,,,,,,,,,1480.38,baghdad_kifah,2,3,0.034,
2022-06-28,,,1475.0,,,1481.0,,,,1482.5,,1482.25,,,,,,,,,,,1481.0,baghdad_kifah,2,3,0.0,
2022-06-29,,,1475.0,,,1480.0,,,,1481.0,,1481.75,,,,,,,,,,,1480.0,baghdad_kifah,2,3,0.0,
2022-06-30,,,1475.0,,,1480.88,,,,1481.5,,1482.5,,,,,,,,,,,1480.88,baghdad_kifah,2,3,0.051,
2022-07-03,,,1477.5,,,1483.0,,,,1483.5,,1484.13,,,,,1484.0,,,,,,1483.0,baghdad_kifah,2,3,0.017,
2022-07-04,,,1477.5,,,1483.0,,,,1484.0,,1482.25,,,,,,,,,,,1483.0,baghdad_kifah,2,3,0.0,
2022-07-05,,,1477.5,,,1483.5,,,,1484.0,,1483.0,,,,,,,,,,,1483.5,baghdad_kifah,2,3,0.0,
2022-07-06,,,1477.5,,,1483.5,,,,1484.0,,1483.25,,,,,,,,,,,1483.5,baghdad_kifah,2,3,0.0,
2022-07-07,,,1477.5,,,1484.38,,,,1485.0,,1484.0,,,,,,,,1485.0,,,1484.38,baghdad_kifah,2,3,0.051,
2022-07-17,,,1480.0,,,1484.5,,,,1485.5,,1485.0,,,,,1486.0,,,,,,1484.5,baghdad_kifah,2,3,0.0,
2022-07-18,,,1480.0,,,1484.5,,,,1485.5,,1484.75,,,,,1485.5,,,,,,1484.5,baghdad_kifah,1,3,0.0,
2022-07-19,,,1480.0,,,1485.0,,,,1486.0,,1485.75,,,,,,,,,,,1485.0,baghdad_kifah,2,3,0.0,
2022-07-20,,,1480.0,,,1484.5,,,,1485.5,,1486.0,,,,,,,,,,,1484.5,baghdad_kifah,2,3,0.0,
2022-07-21,,,1480.0,,,1484.75,,,,1485.5,,1486.5,,,,,,,,,,,1484.75,baghdad_kifah,2,3,0.0,
2022-07-24,,,1480.0,,,1485.0,,,,1485.5,,1486.5,,,,,,,,,,,1485.0,baghdad_kifah,2,3,0.0,
2022-07-25,,,1480.0,,,1485.5,,,,1486.0,,1487.0,,,,,,,,,,,1485.5,baghdad_kifah,2,3,0.0,
2022-07-26,,,1480.0,,,1485.5,,,,1486.5,,1486.75,,,,,,,,,,,1485.5,baghdad_kifah,2,3,0.0,
2022-07-27,,,1480.0,,,1484.38,,,,1485.5,,1485.75,,,,,,,,,,,1484.38,baghdad_kifah,2,3,0.017,
2022-07-28,,,1480.0,,,1485.0,,,,1485.5,,1484.75,,,,,,,,,,,1485.0,baghdad_kifah,2,3,0.0,
2022-07-31,,,1482.5,,,1486.25,,,,1487.0,,1486.5,,,,,,,,,,,1486.25,baghdad_kifah,2,3,0.034,
2022-08-01,,,1482.5,,,1486.5,,,,1487.0,,1485.75,,,,,,,,,,,1486.5,baghdad_kifah,2,3,0.0,
2022-08-02,,,1482.5,,,1487.0,,,,1487.5,,1487.5,,,,,,,,,,,1487.0,baghdad_kifah,2,3,0.0,
2022-08-03,,,1480.0,,,1485.25,,,,1485.75,,1486.25,,,,,,,,,,,1485.25,baghdad_kifah,2,3,0.034,
2022-08-04,,,1480.0,,,1486.5,,,,1487.0,,1488.0,,,,,,,,,,,1486.5,baghdad_kifah,2,3,0.0,
2022-08-07,,,1480.0,,,1485.5,,,,1486.0,,1486.75,,,,,,,,,,,1485.5,baghdad_kifah,2,3,0.067,
2022-08-08,,,1486.0,,,,,,,1488.25,,1488.38,,,,,,,,,,,1486.0,baghdad_generic,2,3,0.235,
2022-08-10,,,1485.38,,,,,,,1488.0,,1487.63,,,,,,,,,,,1485.38,baghdad_generic,2,3,0.319,
2022-08-11,,,1484.5,,,,,,,1486.0,,1485.25,,,,,,,,,,,1484.5,baghdad_generic,2,3,0.0,
2022-08-14,,,,,,1485.25,,,,1486.0,,1484.5,,,,,,,,,,,1485.25,baghdad_kifah,2,3,0.034,
2022-08-15,,,,,,1485.5,,,,1487.0,,1485.25,,,,,,,,,,,1485.5,baghdad_kifah,2,3,0.0,
2022-08-16,,,1481.25,,,1484.0,,,,1486.5,,1484.0,,,,,,,,,,,1484.0,baghdad_kifah,2,3,0.067,
2022-08-17,,,,,,1481.25,,,,1483.0,,1480.5,,,,,,,,,,,1481.25,baghdad_kifah,2,3,0.034,
2022-08-18,,,,,,1480.75,,,,1482.0,,1480.0,,,,,,,,,,,1480.75,baghdad_kifah,2,3,0.034,
2022-08-21,,,,,,1481.38,,,,1482.5,,1482.0,,,,,,,,,,,1481.38,baghdad_kifah,2,3,0.017,
2022-08-22,,,,,,1479.5,,,,1482.0,,1481.5,,,,,,,,,,,1479.5,baghdad_kifah,2,3,0.135,
2022-08-23,,,,,,1480.25,,,,1480.5,,1479.75,,,,,,,,,,,1480.25,baghdad_kifah,2,3,0.169,
2022-08-24,,,,,,1479.75,,,,1481.5,,1481.75,,,,,,,,,,,1479.75,baghdad_kifah,2,3,0.034,
2022-08-25,,,,,,1479.75,,,,1481.0,,1481.0,,,,,1481.0,,,,,,1479.75,baghdad_kifah,2,3,0.034,
2022-08-28,,,,,,1479.5,,,,1481.0,,1480.75,,,,,,,,,,,1479.5,baghdad_kifah,2,3,0.034,
2022-08-29,,,,,,1478.75,,,,1480.0,,1479.75,,,,,1480.0,,,,,,1478.75,baghdad_kifah,2,3,0.034,
2022-08-30,,,1479.5,,,,,,,,,1481.75,,,,,,,,,,,1479.5,baghdad_generic,1,2,0.0,
2022-08-31,,,,,,1479.25,,,,1480.0,,1480.5,,,,,,,,,,,1479.25,baghdad_kifah,2,3,0.068,
2022-09-01,,,,,,1479.5,,,,1481.0,,1480.75,,,,,,,,,,,1479.5,baghdad_kifah,2,3,0.0,
2022-09-04,,,,,,1480.75,,,,1481.0,,1481.0,,,,,,,,,,,1480.75,baghdad_kifah,2,3,0.0,
2022-09-05,,,,,,1480.0,,,,1481.0,,1481.25,,,,,,,,,,,1480.0,baghdad_kifah,2,3,0.0,
2022-09-06,,,,,,1479.5,,,,1480.5,,1481.25,,,,,,,,,,,1479.5,baghdad_kifah,2,3,0.0,
2022-09-07,,,,,,1478.5,,,,1480.0,,1481.0,,,,,,,,,,,1478.5,baghdad_kifah,2,3,0.0,
2022-09-08,,,,,,1479.0,,,,1480.0,,1481.5,,,,,,,,,,,1479.0,baghdad_kifah,2,3,0.0,
2022-09-11,,,,,,1478.88,,,,1480.0,,1481.0,,,,,,,,,,,1478.88,baghdad_kifah,2,3,0.034,
2022-09-12,,,,,,1479.38,,,,1480.0,,1480.75,,,,,,,,,,,1479.38,baghdad_kifah,2,3,0.017,
2022-09-13,,,,,,1479.5,,,,,,1480.0,,,,,,,,,,,1479.5,baghdad_kifah,2,2,0.0,
2022-09-14,,,1478.5,,,,,,,,,1479.25,,,,,,,,,,,1478.5,baghdad_generic,1,2,0.0,
2022-09-15,,,1477.5,,,,,,,,,,,,,,,,,,,,1477.5,baghdad_generic,2,1,0.0,
2022-09-18,,,1478.75,,,,,,,1480.0,,1479.75,,,,,,,,,,,1478.75,baghdad_generic,1,3,0.0,
2022-09-19,,,,,,1478.5,,,,1480.0,,1478.5,,,,,,,,,,,1478.5,baghdad_kifah,2,3,0.0,
2022-09-20,,,,,,1476.25,,,,1478.5,,1477.38,,,,,,,,,,,1476.25,baghdad_kifah,2,3,0.034,
2022-09-21,,,,,,1476.5,,,,1478.0,,1476.0,,,,,1477.5,,,,,,1476.5,baghdad_kifah,2,3,0.0,
2022-09-22,,,,,,1476.38,,,,1477.75,,1477.0,,,,,,,,,,,1476.38,baghdad_kifah,2,3,0.034,
2022-09-25,,,,,,1477.0,,,,1478.0,,1478.25,,,,,,,,,,,1477.0,baghdad_kifah,2,3,0.0,
2022-09-26,,,,,,1477.0,,,,1478.0,,1476.5,,,,,,,,,,,1477.0,baghdad_kifah,2,3,0.0,
2022-09-27,,,,,,1475.5,,,,1477.5,,1477.0,,,,,,,,,,,1475.5,baghdad_kifah,2,3,0.136,
2022-09-28,,,,,,1474.5,,,,1476.5,,1475.75,,,,,,,,,,,1474.5,baghdad_kifah,2,3,0.0,
2022-09-29,,,,,,1474.25,,,,1477.0,,1475.25,,,,,,,,,,,1474.25,baghdad_kifah,2,3,0.102,
2022-10-02,,,,,,1475.0,,,,1476.0,,1475.25,,,,,,,,,,,1475.0,baghdad_kifah,2,3,0.0,
2022-10-03,,,,,,1476.5,,,,1477.0,,1478.0,,,,,,,,,,,1476.5,baghdad_kifah,2,3,0.0,
2022-10-04,,,,,,1476.75,,,,1477.0,,1479.0,,,,,,,,,,,1476.75,baghdad_kifah,2,3,0.0,
2022-10-05,,,,,,1477.5,,,,1478.0,,1479.5,,,,,,,,,,,1477.5,baghdad_kifah,2,3,0.0,
2022-10-06,,,,,,1479.0,,,,1480.0,,1480.0,,,,,,,,,,,1479.0,baghdad_kifah,2,3,0.0,
2022-10-09,1484.5,,,,,1482.0,,,,1482.5,,1483.38,,,,,1483.0,1482.0,,1483.5,,,1482.0,baghdad_kifah,2,3,0.067,
2022-10-10,,,,,,1481.25,,,,1482.0,,1483.0,,,,,,,,,,,1481.25,baghdad_kifah,2,3,0.0,
2022-10-11,,,,,,1479.38,,,,1481.0,,1481.75,,,,,,,,,,,1479.38,baghdad_kifah,2,3,0.084,
2022-10-12,,,,,,1478.5,,,,1480.0,,1481.0,,,,,,,,,,,1478.5,baghdad_kifah,2,3,0.0,
2022-10-13,,,,,,1478.75,,,,1480.0,,1482.13,,,,,,,,,,,1478.75,baghdad_kifah,2,3,0.017,
2022-10-16,,,,,,1475.0,,,,1476.0,,1478.0,,,,,,,,,,,1475.0,baghdad_kifah,1,3,0.0,
2022-10-17,,,,,,1477.25,,,,1477.5,,1480.0,,,,,,,,,,,1477.25,baghdad_kifah,1,3,0.0,
2022-10-18,,,,,,1475.38,,,,1475.5,,1479.0,,,,,,,,,,,1475.38,baghdad_kifah,2,3,0.017,
2022-10-19,,,,,,1468.5,,,,1470.0,,1474.0,,,,,,,,,,,1468.5,baghdad_kifah,2,3,0.204,
2022-10-20,,,,,,1469.25,,,,1468.0,,1474.0,,,,,,,,,,,1469.25,baghdad_kifah,2,3,0.034,
2022-10-23,,,,,,1467.0,,,,1466.0,,1471.5,,,,,,,,,,,1467.0,baghdad_kifah,1,3,0.0,
2022-10-24,,,,,,1459.0,,,,1462.5,,1468.25,,,,,,,,,,,1459.0,baghdad_kifah,2,3,0.685,
2022-10-25,,,,,,1459.0,,,,1460.0,,1467.5,,,,,,,,,,,1459.0,baghdad_kifah,2,3,0.0,
2022-10-26,,,1460.0,,,1459.0,,,,1456.5,,1464.0,,,,,,,,,,,1459.0,baghdad_kifah,2,3,0.0,
2022-10-27,,,,,,1464.0,,,,1461.0,,1466.0,,,,,,,,,,,1464.0,baghdad_kifah,2,3,0.273,
2022-10-30,,,,,,1463.5,,,,1462.5,,1464.0,,,,,,,,,,,1463.5,baghdad_kifah,2,3,0.137,
2022-10-31,,,,,,1459.75,,,,1460.0,,1457.5,,,,,,,,,,,1459.75,baghdad_kifah,2,3,0.069,
2022-11-01,,,,,,1463.0,,,,1463.0,,1459.5,,,,,,,,,,,1463.0,baghdad_kifah,2,3,0.069,
2022-11-02,,,,,,1464.5,,,,1465.0,,1459.5,,,,,,,,,,,1464.5,baghdad_kifah,2,3,0.137,
2022-11-03,,,,,,1464.5,,,,1464.5,,1464.0,,,,,,,,,,,1464.5,baghdad_kifah,2,3,0.068,
2022-11-06,,,,,,1470.0,,,,1471.0,,,,,,,,,,,,,1470.0,baghdad_kifah,2,2,0.0,
2022-11-07,,,,,,1469.5,,,,1470.0,,,,,,,,,,,,,1469.5,baghdad_kifah,2,2,0.068,
2022-11-08,,,,,,1468.88,,,,1468.75,,,,,,,,,,,,,1468.88,baghdad_kifah,2,2,0.051,
2022-11-09,,,,,,1470.0,,,,1470.0,,,,,,,,,,,,,1470.0,baghdad_kifah,2,2,0.0,
2022-11-10,,,,,,1472.0,,,,1470.75,,,,,,,,,,,,,1472.0,baghdad_kifah,2,2,0.136,
2022-11-13,,,,,,1477.5,,,,1477.5,,1478.5,,,,,,,,,,,1477.5,baghdad_kifah,2,3,0.0,
2022-11-14,,,,,,1482.0,,,,1481.25,,1482.0,,,,,,,,,,,1482.0,baghdad_kifah,2,3,0.067,
2022-11-15,,,,,,1484.25,,,,1483.0,,1484.75,,,,,,,,,,,1484.25,baghdad_kifah,2,3,0.101,
2022-11-16,,,,,,1485.5,,,,1485.0,,1485.75,,,,,,,,,,,1485.5,baghdad_kifah,2,3,0.034,
2022-11-17,,,,,,1483.75,,,,1483.75,,1483.13,,,,,,,,,,,1483.75,baghdad_kifah,2,3,0.034,
2022-11-20,,,,,,1483.75,,,,1484.0,,1484.38,,,,,,,,,,,1483.75,baghdad_kifah,2,3,0.101,
2022-11-21,,,,,,1486.0,,,,1485.0,,1487.0,,,,,,,,,,,1486.0,baghdad_kifah,2,3,0.0,
2022-11-22,,,1485.0,,,1488.13,,,,1489.0,,1490.0,,,,,,,,,,,1488.13,baghdad_kifah,2,3,0.118,
2022-11-23,,,1490.0,,,1486.0,,,,1487.0,,1487.0,,,,,,,,,,,1486.0,baghdad_kifah,2,3,0.0,
2022-11-24,,,,,,1489.75,,,,1492.0,,1492.0,,,,,,,,,,,1489.75,baghdad_kifah,2,3,0.168,
2022-11-27,,,,,,1491.5,,,,1490.0,,1488.5,,,,,1490.0,,,,,,1491.5,baghdad_kifah,2,3,0.335,
2022-11-28,,,,,,1494.5,,,,1493.25,,1493.88,,,,,,,,,,,1494.5,baghdad_kifah,2,3,0.134,
2022-11-29,,,,,,1494.5,,,,1495.0,,1493.38,,,,,,,,,,,1494.5,baghdad_kifah,2,3,0.067,
2022-11-30,,,,,,1495.0,,,,1494.5,,1494.88,,,,,,,,,,,1495.0,baghdad_kifah,2,3,0.084,
2022-12-01,,,,,,1495.75,,,,1495.5,,1497.0,,,,,,,,,,,1495.75,baghdad_kifah,2,3,0.033,
2022-12-04,,,1487.5,,,1496.75,,,,1496.0,,1496.0,,,,,,,,,,,1496.75,baghdad_kifah,2,3,0.033,
2022-12-05,,,1495.0,,,1494.75,,,,1494.0,,1494.5,,,,,,,,,,,1494.75,baghdad_kifah,2,3,0.033,
2022-12-06,,,,,,1495.75,,,,1494.5,,1496.25,,,,,,,,,,,1495.75,baghdad_kifah,2,3,0.033,
2022-12-07,,,,,,1503.75,,,,1501.5,,1502.0,,,,,,,,,,,1503.75,baghdad_kifah,2,3,0.233,
2022-12-08,,,,,,1505.25,,,,1502.0,,1504.0,,,,,,,,,,,1505.25,baghdad_kifah,2,3,0.1,
2022-12-11,,,1501.5,,,1501.75,,,,1500.0,,1501.0,,,,,,,,,,,1501.75,baghdad_kifah,2,3,0.033,
2022-12-12,,,,,,1502.25,,,,1501.0,,1500.0,,,,,,,,,,,1502.25,baghdad_kifah,2,3,0.033,
2022-12-13,,,,,,1507.5,,,,1504.0,,1507.5,,,,,,,,,,,1507.5,baghdad_kifah,2,3,0.597,
2022-12-14,,,,,,1519.0,,,,1514.0,,1517.5,,,,,,,,,,,1519.0,baghdad_kifah,1,3,0.0,
2022-12-15,,,,,,1522.0,,,,1520.75,,1520.25,,,,,,,,,,,1522.0,baghdad_kifah,2,3,0.296,
2022-12-18,,,,,,1513.0,,,,1517.5,,1512.0,,,,,,,,,,,1513.0,baghdad_kifah,2,3,0.0,
2022-12-19,,,,,,1517.75,,,,1521.25,,1517.5,,,,,,,,,,,1517.75,baghdad_kifah,2,3,0.164,
2022-12-20,,,,,,1513.5,,,,1516.25,,1513.5,,,,,,,,,,,1513.5,baghdad_kifah,2,3,0.165,
2022-12-21,,,,,,1515.0,,,,1517.5,,1513.5,,,,,,,,,,,1515.0,baghdad_kifah,2,3,0.198,
2022-12-22,,,1528.0,,,1522.5,,,,1522.5,,1517.0,,,,,,,,,,,1522.5,baghdad_kifah,2,3,0.591,
2022-12-25,,,1540.0,,,1544.0,,,,1535.0,,1537.5,,,,,,,,,,,1544.0,baghdad_kifah,2,3,0.0,
2022-12-26,,,,1578.0,,1560.0,,,,1547.0,,1546.25,,,,,,,,,,,1560.0,baghdad_kifah,2,3,2.051,
2022-12-27,,,1553.0,,,1576.5,,,,1580.0,,1585.0,,,,,,,,,,,1576.5,baghdad_kifah,2,3,0.633,
2022-12-28,,,1524.0,,,1548.0,,,,1571.0,,1570.0,,,,,,,,,,,1548.0,baghdad_kifah,2,3,2.326,
2022-12-29,,,,,,1525.5,,,,1525.0,,1515.0,,,,,,,,,,,1525.5,baghdad_kifah,2,3,0.721,
2023-01-01,,,1525.0,,,1531.0,,,,,,1535.0,,,,,,,,,,,1531.0,baghdad_kifah,1,2,0.0,
2023-01-02,,,,,,1529.25,,,,1532.5,,1529.0,,,,,,,,,,,1529.25,baghdad_kifah,2,3,0.033,
2023-01-03,,,,,,1539.0,,,,1531.0,,1528.5,,,,,,,,,,,1539.0,baghdad_kifah,2,3,1.04,
2023-01-04,,,1560.0,,,1564.5,,,,1561.75,,1558.25,,,,,,,,,,,1564.5,baghdad_kifah,2,3,0.447,
2023-01-05,,,,,,1561.0,,,,1567.5,,1562.5,,,,,,,,,,,1561.0,baghdad_kifah,2,3,0.0,
2023-01-08,,,,,,1562.5,,,,1565.0,,1558.5,,,,,,,,,,,1562.5,baghdad_kifah,2,3,0.32,
2023-01-09,,,,,,1582.0,,,,1577.5,,1570.0,,,,,,,,,,,1582.0,baghdad_kifah,2,3,1.011,
2023-01-10,,,1599.0,,,1600.5,,,,1600.0,,1593.0,,,,,,,,,,,1600.5,baghdad_kifah,2,3,0.687,
2023-01-11,,,1576.5,,,1585.5,,,,1600.0,,1595.0,,,,,,,,,,,1585.5,baghdad_kifah,2,3,1.577,
2023-01-12,,,1578.0,1578.0,,1576.0,,,,1577.5,,1577.25,,,,,1582.0,,,,,,1576.0,baghdad_kifah,2,3,0.602,
2023-01-15,,,,1573.0,,1576.0,,,,1576.0,,1574.25,,,,,1575.0,,,,,,1576.0,baghdad_kifah,2,3,0.508,
2023-01-16,,,1600.0,1592.0,,1583.5,,,,1582.25,,1584.25,,,,,1595.0,,,,,,1583.5,baghdad_kifah,2,3,1.483,
2023-01-17,,,1605.0,1603.5,,1604.0,,,,1601.0,,1607.0,,,,,1605.0,,,,,,1604.0,baghdad_kifah,2,3,0.125,
2023-01-18,,,,1624.0,,1613.5,,,,1610.5,,1615.0,,,,,1627.0,,,,,,1613.5,baghdad_kifah,2,3,1.115,
2023-01-19,,,,1650.0,,1638.5,,,,1635.0,,1635.5,,,,,1655.0,,,,,,1638.5,baghdad_kifah,2,3,2.258,
2023-01-22,,,1641.0,1652.0,,,,,,1635.0,,1653.0,,,,,,,,,,,1641.0,baghdad_generic,2,3,0.605,
2023-01-23,,,1583.0,,,,,,,,,,,,,,,,,,,,1583.0,baghdad_generic,1,1,0.0,
2023-01-24,,,1590.0,,,,,,,1612.0,,1612.5,,,,,,,,,,,1590.0,baghdad_generic,1,3,0.0,
2023-01-25,,,,,,1609.0,,,,1605.0,,1620.0,,,,,,,,,,,1609.0,baghdad_kifah,1,3,0.0,
2023-01-29,,,1655.0,,,,,,,1653.0,,1662.5,,1663.0,,1662.0,1661.0,,,1662.0,,,1655.0,baghdad_generic,1,3,0.0,
2023-01-30,,,,,,1665.0,,,,1665.0,,1675.0,,,,,,,,,,,1665.0,baghdad_kifah,1,3,0.0,
2023-01-31,,,1685.0,,,,,,,1680.0,,1681.0,,,,,,,,,,,1685.0,baghdad_generic,1,3,0.0,
2023-02-01,,,1686.0,,,,,,,1686.0,,1685.5,,,,,,,,,,,1686.0,baghdad_generic,1,3,0.0,
2023-02-02,,,1705.0,,,,,,,1704.0,,1706.0,,,,,,,,,,,1705.0,baghdad_generic,1,3,0.0,
2023-02-06,,,1609.0,,,,,,,1610.0,,1637.0,,,,,,,,,,,1609.0,baghdad_generic,1,3,0.0,
2023-02-07,,,1557.0,,,,,,,1590.0,,1585.0,,,,,,,,,,,1557.0,baghdad_generic,1,3,0.0,
2023-02-08,,1490.0,1466.25,,,,,,,1470.0,,1510.0,,,,,,,,,,,1466.25,baghdad_generic,2,3,1.535,
2023-02-09,,,1479.0,,,,,,,1475.0,,1507.5,,,,,,,,,,,1479.0,baghdad_generic,2,3,0.135,
2023-02-12,,,1480.0,,,,,,,,,,,,,,,,,,,,1480.0,baghdad_generic,1,1,0.0,
2023-02-13,,,,,,1490.0,,,,1480.0,,1500.0,,,,,,,,,,,1490.0,baghdad_kifah,1,3,0.0,
2023-02-14,,,,,,1505.0,,,,1507.5,,1522.5,,,,,,,,,,,1505.0,baghdad_kifah,1,3,0.0,
2023-02-15,,,,,,1532.5,,,,1542.5,,1552.5,,,,,,,,,,,1532.5,baghdad_kifah,1,3,0.0,
2023-02-16,,,1540.0,,,,,,,1545.0,,,,,,,,,,,,,1540.0,baghdad_generic,1,2,0.0,
2023-02-20,1538.0,,1533.5,,,,,,1538.0,1534.5,1538.0,1538.75,,1538.0,1538.0,1538.0,1538.0,,,1538.0,1538.0,,1533.5,baghdad_generic,2,3,0.196,
2023-02-21,,,,,,1537.0,,,,,,1538.5,,,,,,,,,,,1537.0,baghdad_kifah,1,2,0.0,
2023-02-23,,,,,,1530.0,,,,,,1529.0,,,,,,,,,,,1530.0,baghdad_kifah,1,2,0.0,
2023-02-26,,,,1525.0,,1523.5,,,,1526.75,,1529.75,,,,,,,,,,,1523.5,baghdad_kifah,2,3,0.294,
2023-02-27,,,,1540.0,,1537.0,,,,1539.5,,1548.0,,,,,,,,,,,1537.0,baghdad_kifah,2,3,0.39,
2023-02-28,,,,1540.0,,1540.0,,,,1542.25,,1550.5,,,,,,,,,,,1540.0,baghdad_kifah,2,3,0.064,
2023-03-01,,,1555.0,,,1555.0,,,,1555.0,,1570.0,,,,,,,,,,,1555.0,baghdad_kifah,1,3,0.0,
2023-03-02,,,1564.0,1553.0,,1558.5,,,,1559.0,,1566.75,,,,,,,,,,,1558.5,baghdad_kifah,2,3,0.862,
2023-03-05,,,,1567.0,,1561.5,,,,1557.75,,1566.0,,,,,,,,,,,1561.5,baghdad_kifah,2,3,0.833,
2023-03-06,,,,,,1570.0,,,,1568.0,,1574.0,,,,,,,,,,,1570.0,baghdad_kifah,1,3,0.0,
2023-03-07,,,,1578.0,,1578.5,,,,1577.0,,1580.5,,,,,,,,,,,1578.5,baghdad_kifah,2,3,0.19,
2023-03-08,,,,1578.0,,1578.0,,,,1576.0,,1579.5,,,,,,,,,,,1578.0,baghdad_kifah,1,3,0.0,
2023-03-09,,,,,,1572.5,,,,1573.0,,1576.5,,,,,,,,,,,1572.5,baghdad_kifah,1,3,0.0,
2023-03-12,,,,1570.0,,1570.75,,,,1572.25,,1575.25,,,,,,,,,,,1570.75,baghdad_kifah,2,3,0.095,
2023-03-13,,,,1566.0,,1552.5,,,,1556.0,,1555.0,,,,,,,,,,,1552.5,baghdad_kifah,2,3,1.61,
2023-03-14,,,,1532.0,,1550.25,,,,1554.75,,1551.75,,,,,,,,,,,1550.25,baghdad_kifah,2,3,0.289,
2023-03-15,,,1569.5,,,1580.0,,,,,,1580.0,,,,,,,,,,,1580.0,baghdad_kifah,1,2,0.0,
2023-03-16,,,1565.0,,,1565.0,,,,1567.0,,1565.0,,,,,,,,,,,1565.0,baghdad_kifah,1,3,0.0,
2023-03-19,,,1562.5,,,1563.0,,,,1566.5,,1563.0,,,,,,,,,,,1563.0,baghdad_kifah,1,3,0.0,
2023-03-20,,,,,,1563.0,,,,1563.0,,1562.0,,,,,,,,,,,1563.0,baghdad_kifah,1,3,0.0,
2023-03-21,,,,,,1563.0,,,,1564.0,,1563.0,,,,,,,,,,,1563.0,baghdad_kifah,1,3,0.0,
2023-03-22,,,1561.0,,,1560.0,,,,1561.25,,1561.5,,,,,,,,,,,1560.0,baghdad_kifah,2,3,0.192,
2023-03-23,,,,,,1560.0,,,,1560.0,,1560.0,,,,,,,,,,,1560.0,baghdad_kifah,1,3,0.0,
2023-03-26,,,,,,1542.0,,,,1544.0,,1543.5,,,,,,,,,,,1542.0,baghdad_kifah,1,3,0.0,
2023-03-27,,,1550.0,,,1550.0,,,,1555.0,,1557.5,,,,,,,,,,,1550.0,baghdad_kifah,1,3,0.0,
2023-03-28,,,1541.0,,,1547.5,,,,1547.0,,1547.0,,,,,,,,,,,1547.5,baghdad_kifah,2,3,0.259,
2023-03-29,,,1529.0,,,1542.0,,,,1542.5,,1540.75,,,,,,,,,,,1542.0,baghdad_kifah,2,3,0.746,
2023-03-30,,,1523.0,,,1517.0,,,1524.5,1521.25,1525.5,1522.5,,1524.5,1525.0,1521.5,1524.5,,,1524.5,1524.0,,1517.0,baghdad_kifah,2,3,0.362,
2023-04-02,,,1490.0,,,1487.5,,,,1489.0,,1492.0,,,,,,,,,,,1487.5,baghdad_kifah,2,3,0.336,
2023-04-03,,,1492.5,,,1490.0,,,,1491.5,,1497.0,,,,,,,,,,,1490.0,baghdad_kifah,2,3,0.201,
2023-04-04,,,1502.0,,,1504.0,,,,1504.5,,1505.25,,,,,,,,,,,1504.0,baghdad_kifah,2,3,0.365,
2023-04-05,1500.5,,1500.0,,,1499.0,,,1500.5,1500.5,1500.5,1501.0,,1500.0,1500.0,1500.5,1499.5,,,1500.5,1501.5,,1499.0,baghdad_kifah,2,3,0.266,
2023-04-06,,,1490.0,,,1498.0,,,,1497.5,,1493.5,,,,,,,,,,,1498.0,baghdad_kifah,2,3,0.2,
2023-04-09,,,1453.0,,,1470.0,,,,1470.5,,1453.0,,,,,,,,,,,1470.0,baghdad_kifah,2,3,1.308,
2023-04-10,,,1442.0,,,1447.0,,,,1449.0,,1432.5,,,,,,,,,,,1447.0,baghdad_kifah,2,3,0.349,
2023-04-11,,,1449.0,,,1448.0,,,,1450.0,,1444.0,,,,,,,,,,,1448.0,baghdad_kifah,2,3,0.554,
2023-04-12,,,1449.0,,,1457.0,,,,1455.0,,1446.25,,,,,,,,,,,1457.0,baghdad_kifah,2,3,0.519,
2023-04-13,,,1445.0,,,1447.0,,,,1450.5,,1437.5,,,,,,,,,,,1447.0,baghdad_kifah,2,3,0.07,
2023-04-16,,,1435.0,,,1439.5,,,,1439.5,,1436.25,,,,,,,,,,,1439.5,baghdad_kifah,2,3,0.313,
2023-04-17,,,1442.5,,,1440.0,,,,1445.0,,1444.5,,,,,,,,,,,1440.0,baghdad_kifah,2,3,0.208,
2023-04-18,,,1442.5,,,1442.0,,,,1445.5,,1445.0,,,,,,,,,,,1442.0,baghdad_kifah,2,3,0.138,
2023-04-19,,,1434.0,,,1438.0,,,,1440.0,,1435.5,,,,,,,,,,,1438.0,baghdad_kifah,2,3,0.07,
2023-04-20,,,1432.0,,,1433.0,,,,1435.5,,1433.0,,,,,,,,,,,1433.0,baghdad_kifah,2,3,0.209,
2023-04-23,,,1430.0,,,,,,,,,,,,,,,,,,,,1430.0,baghdad_generic,1,1,0.0,
2023-04-24,,,1428.0,,,,,,,1430.0,,1431.0,,,,,,,,,,,1428.0,baghdad_generic,2,3,0.0,
2023-04-25,,,1403.0,,,,,,,1408.0,,1410.0,,,,,,,,,,,1403.0,baghdad_generic,2,3,0.57,
2023-04-26,,,1412.0,,,1407.5,,,,1407.5,,1412.0,,,,,,,,,,,1407.5,baghdad_kifah,1,3,0.0,
2023-04-27,,,1416.5,,,1416.5,,,,1416.0,,1419.0,,,,,,,,,,,1416.5,baghdad_kifah,2,3,0.0,
2023-04-30,,,1416.0,,,1416.0,,,,1415.0,,1421.5,,,,,,,,,,,1416.0,baghdad_kifah,2,3,0.211,
2023-05-01,,,1419.0,,,1425.0,,,,1423.0,,1426.0,,,,,,,,,,,1425.0,baghdad_kifah,2,3,0.561,
2023-05-02,,,1429.0,,,1423.0,,,,1424.75,,1429.0,,,,,,,,,,,1423.0,baghdad_kifah,2,3,0.42,
2023-05-03,,,1436.0,,,1437.0,,,,1435.0,,1439.25,,,,,,,,,,,1437.0,baghdad_kifah,2,3,0.035,
2023-05-04,,,1441.0,,,1452.0,,,,,,,,,,,,,,,,,1452.0,baghdad_kifah,1,1,0.0,
2023-05-07,,,1443.5,,,1442.5,,,,1443.5,,1446.5,,,,,,,,,,,1442.5,baghdad_kifah,2,3,0.069,
2023-05-08,,,1447.0,,,1448.0,,,,1449.0,,,,,,,,,,,,,1448.0,baghdad_kifah,1,2,0.0,
2023-05-09,,,1448.0,1448.0,,1448.5,,,,1450.0,,1452.75,,,,,,,,,,,1448.5,baghdad_kifah,2,3,0.138,
2023-05-10,,,1464.0,,,1456.5,,,,1458.75,,1467.5,,,,,,,,,,,1456.5,baghdad_kifah,2,3,1.022,
2023-05-11,,,1457.5,,,1469.0,,,,1462.75,,1469.5,,,,,,,,,,,1469.0,baghdad_kifah,2,3,0.855,
2023-05-14,,,1460.0,,,1461.0,,,,1461.25,,1468.25,,,,,,,,,,,1461.0,baghdad_kifah,2,3,0.102,
2023-05-15,,,1463.0,1465.0,,1464.5,,,,1463.75,,1471.25,,,,,,,,,,,1464.5,baghdad_kifah,2,3,0.171,
2023-05-16,,,,1452.0,,1455.5,,,,1458.0,,1460.25,,,,,,,,,,,1455.5,baghdad_kifah,2,3,0.481,
2023-05-17,,,1439.0,,,,,,,1439.0,,1442.5,,,,,,,,,,,1439.0,baghdad_generic,1,3,0.0,
2023-05-18,,,1443.0,,,,,,,1440.5,,1448.0,,,,,,,,,,,1443.0,baghdad_generic,1,3,0.0,
2023-05-21,,,1465.5,,,1456.0,,,,1446.5,,1469.5,,,,,,,,,,,1456.0,baghdad_kifah,1,3,0.0,
2023-05-22,,,1452.0,,,1461.0,,,,1461.0,,1464.0,,,,,,,,,,,1461.0,baghdad_kifah,2,3,0.683,
2023-05-23,,,1457.0,,,1458.0,,,,1456.0,,1464.75,,,,,,,,,,,1458.0,baghdad_kifah,2,3,0.171,
2023-05-24,,,1460.0,1457.0,,1458.0,,,,1458.5,,1466.25,,,,,,,,,,,1458.0,baghdad_kifah,2,3,0.171,
2023-05-25,,,1461.0,,,1460.0,,,,1458.5,,1465.0,,,,,,,,,,,1460.0,baghdad_kifah,2,3,0.069,
2023-05-28,,,1463.5,,,,,,,1462.75,,1468.0,,,,,,,,,,,1463.5,baghdad_generic,2,3,0.103,
2023-05-29,,,1468.0,,,,,,,1466.0,,1472.5,,,,,,,,,,,1468.0,baghdad_generic,2,3,0.136,
2023-05-30,,,1465.0,,,,,,,1464.5,,1469.5,,,,,,,,,,,1465.0,baghdad_generic,2,3,0.204,
2023-05-31,,,1464.0,1463.0,,1464.0,1464.0,,,1464.0,,1467.25,,,,,,,,,,,1464.0,baghdad_kifah,2,3,0.137,
2023-06-01,,,1466.5,,,,,,,1465.5,,1472.5,,,,,,,,,,,1466.5,baghdad_generic,1,3,0.0,
2023-06-04,,,1473.5,,,,,,,1472.5,,1480.5,,,,,,,,,,,1473.5,baghdad_generic,2,3,0.608,
2023-06-05,,,1481.0,1480.0,,1480.0,,,,1480.0,,1482.5,,,,,,,,,,,1480.0,baghdad_kifah,2,3,0.202,
2023-06-06,,,1475.5,1476.0,,1475.5,,,,1474.0,,1477.0,,,,,,,,,,,1475.5,baghdad_kifah,2,3,0.135,
2023-06-07,,,1478.0,1479.5,,1480.0,,,,1478.25,,1479.5,,,,,,,,,,,1480.0,baghdad_kifah,2,3,0.101,
2023-06-08,,,1467.5,1470.0,,1473.0,,,,1469.0,,1470.5,,,,,,,,,,,1473.0,baghdad_kifah,2,3,0.068,
2023-06-11,,,1460.5,1461.5,,1460.0,,,,1460.0,,1461.5,,,,,,,,,,,1460.0,baghdad_kifah,2,3,0.205,
2023-06-12,,,1467.5,1466.5,,1466.5,,,,1471.0,,1473.25,,,,,,,,,,,1466.5,baghdad_kifah,2,3,0.544,
2023-06-13,,,1466.5,,,1465.0,,,,1466.5,,1468.5,,,,,,,,,,,1465.0,baghdad_kifah,2,3,0.068,
2023-06-14,,,1470.0,,,1468.25,,,,1469.5,,1472.0,,,,,,,,,,,1468.25,baghdad_kifah,2,3,0.136,
2023-06-15,,,1469.0,,,,,,,1468.5,,1470.0,,,,,,,,,,,1469.0,baghdad_generic,2,3,0.204,
2023-06-18,,,1465.75,,,,,,,1467.0,,1468.0,,,,,,,,,,,1465.75,baghdad_generic,2,3,0.102,
2023-06-19,,,1462.5,,,,,,,1464.5,,1464.5,,,,,,,,,,,1462.5,baghdad_generic,3,3,0.205,
2023-06-20,,,1459.5,,,,,,,1459.33,,1459.83,,,,,,,,,,,1459.5,baghdad_generic,3,3,0.411,
2023-06-21,,,1466.25,,,,,,,,,1465.5,,,,,,,,,,,1466.25,baghdad_generic,2,2,0.239,
2023-06-22,,,1467.5,1468.25,,1468.5,,,,1468.0,,1469.83,,,,,,,,,,,1468.5,baghdad_kifah,3,3,0.238,
2023-06-25,,,1473.0,,,,,,,1473.0,,1474.0,,,,,,,,,,,1473.0,baghdad_generic,3,3,0.339,
2023-06-26,,,1474.0,,,,,,,1475.75,,1476.5,,,,,,,,,,,1474.0,baghdad_generic,3,3,0.237,
2023-06-27,,,1473.75,,,,,,,1475.0,,1475.25,,,,,,,,,,,1473.75,baghdad_generic,2,3,0.102,
2023-07-02,,,1474.0,,,,,,,1473.5,,1473.5,,,,,,,,,,,1474.0,baghdad_generic,2,3,0.0,
2023-07-03,,,1474.5,,,,,,,1473.5,,1478.5,,,,,,,,,,,1474.5,baghdad_generic,2,3,0.068,
2023-07-04,,,1480.17,,,,,,,1478.83,,1481.0,,,,,,,,,,,1480.17,baghdad_generic,3,3,0.203,
2023-07-05,,,1481.17,,,,,,,1481.5,,1481.5,,,,,,,,,,,1481.17,baghdad_generic,3,3,0.27,
2023-07-06,,,1476.75,1474.0,,1479.0,,,,1479.17,,1477.17,,,,,,,,,,,1479.0,baghdad_kifah,3,3,0.237,
2023-07-09,,,1476.5,,,1476.5,,,,1475.33,,1476.0,,,,,,,,,,,1476.5,baghdad_kifah,3,3,0.169,
2023-07-10,,,1479.5,,,,,,,1477.75,,1479.25,,,,,,,,,,,1479.5,baghdad_generic,2,3,0.101,
2023-07-11,,,1479.75,,,1480.0,,,,1479.33,,1482.58,,,,,,,,,,,1480.0,baghdad_kifah,3,3,0.084,
2023-07-12,,,1479.0,,,1478.0,,,,1478.0,,1481.67,,,,,,,,,,,1478.0,baghdad_kifah,3,3,0.135,
2023-07-13,,,1480.0,1479.0,,1479.0,,,,1479.33,,1482.67,,,,,,,,,,,1479.0,baghdad_kifah,3,3,0.169,
2023-07-16,,,1482.0,,,1480.0,,,,1481.25,,1484.75,,,,,,,,,,,1480.0,baghdad_kifah,2,3,0.034,
2023-07-17,,,1483.75,,,1483.0,,,,1483.25,,1487.67,,,,,,,,,,,1483.0,baghdad_kifah,3,3,0.101,
2023-07-18,,,1482.0,,,1481.5,,,,1482.0,,1485.0,,,,,,,,,,,1481.5,baghdad_kifah,3,3,0.101,
2023-07-19,,,1489.0,,,1483.0,,,,1483.0,,1490.5,,,,,,,,,,,1483.0,baghdad_kifah,2,3,0.604,
2023-07-20,,,1511.0,,,1510.0,,,,1510.33,,1511.5,,,,,,,,,,,1510.0,baghdad_kifah,3,3,0.198,
2023-07-23,,,1532.5,,,1532.0,,,,1530.67,,1536.33,,,,,,,,,,,1532.0,baghdad_kifah,3,3,1.241,
2023-07-24,,,1535.75,,,1532.5,,,,1534.25,,1535.0,,,,,,,,,,,1532.5,baghdad_kifah,3,3,0.163,
2023-07-25,,,1537.0,,,1536.0,,,,1535.75,,1536.83,,,,,,,,,,,1536.0,baghdad_kifah,3,3,0.618,
2023-07-26,,,1556.75,,,1560.0,,,,1552.33,,1561.33,,,,,,,,,,,1560.0,baghdad_kifah,3,3,1.031,
2023-07-27,,,1541.5,,,1563.0,,,,1554.0,,1538.0,,,,,,,,,,,1563.0,baghdad_kifah,3,3,1.756,erbil
2023-07-30,1508.5,,1503.5,,,1516.0,,,1508.0,1509.0,1508.0,1506.5,,1508.0,1508.5,1508.5,1508.5,,,1508.5,1508.5,,1516.0,baghdad_kifah,3,3,0.431,
2023-07-31,,,1507.25,,,1509.0,,,,1500.83,,1503.67,,,,,,,,,,,1509.0,baghdad_kifah,3,3,0.233,
2023-08-01,,,1517.0,,,1514.0,,,,1508.5,,1514.0,,,,,,,,,,,1514.0,baghdad_kifah,2,3,0.925,
2023-08-02,1511.5,,1507.0,,,1519.0,,,1511.0,1511.67,1511.0,1516.0,,1511.0,1511.5,1510.5,1511.5,,,1510.5,1511.5,,1519.0,baghdad_kifah,3,3,0.726,
2023-08-03,,,1502.75,,,1503.0,,,,1503.5,,1506.17,,,,,,,,,,,1503.0,baghdad_kifah,3,3,0.166,
2023-08-06,,,,,,,,,,,,1510.0,,,,,,,,,,,,,1,1,0.0,
2023-08-07,,,1510.0,,,1507.0,,,,1507.0,,1511.33,,,,,,,,,,,1507.0,baghdad_kifah,3,3,0.331,
2023-08-08,,,1520.0,,,1518.0,,,,1520.0,,1522.0,,,,,,,,,,,1518.0,baghdad_kifah,3,3,0.394,
2023-08-09,,,1525.0,,,1528.0,,,,1523.5,,1527.17,,,,,,,,,,,1528.0,baghdad_kifah,3,3,0.654,
2023-08-10,,,1524.0,,,1523.0,,,,1521.5,,1523.83,,,,,,,,,,,1523.0,baghdad_kifah,3,3,0.459,
2023-08-13,,,,,,1525.75,,,,1526.5,,1529.33,,,,1528.0,,,,,,,1525.75,baghdad_kifah,3,3,0.196,
2023-08-14,,,1529.75,,,1534.0,,,,1531.5,,1533.33,,,,,,,,,,,1534.0,baghdad_kifah,3,3,0.587,
2023-08-15,,,1530.0,,,1528.5,,,,1528.0,,1531.0,,,,,,,,,,,1528.5,baghdad_kifah,3,3,0.131,
2023-08-16,,,1530.0,,,,,,,1535.5,,1531.5,,,,,,,,,,,1530.0,baghdad_generic,2,3,0.456,
2023-08-17,,,1536.5,,,,,,,1537.17,,1538.0,,,,,,,,,,,1536.5,baghdad_generic,3,3,0.39,
2023-08-20,,,1533.67,,,1540.0,,,,1532.5,,1537.5,,,,,,,,,,,1540.0,baghdad_kifah,3,3,1.044,
2023-08-21,,,1532.0,,,1533.0,,,,1530.5,,1535.67,,,,,,,,,,,1533.0,baghdad_kifah,3,3,0.359,
2023-08-22,,,1520.17,,,1530.0,,,,1528.0,,1532.5,,,,,,,,,,,1530.0,baghdad_kifah,3,3,0.855,
2023-08-23,,,1515.33,,,,,,,1515.67,,1524.83,,,,,,,,,,,1515.33,baghdad_generic,3,3,0.396,
2023-08-24,,,1529.83,,,,,,,1530.0,,1536.17,,,,,,,,,,,1529.83,baghdad_generic,3,3,0.229,
2023-08-27,,,1531.5,,,,,,,1532.0,,1537.83,,,,,,,,,,,1531.5,baghdad_generic,3,3,0.163,
2023-08-28,,,1536.33,,,,,,,1534.67,,1541.5,,,,,,,,,,,1536.33,baghdad_generic,3,3,0.292,
2023-08-29,1538.0,,1534.0,,,,,,1538.0,1535.0,1537.0,1541.0,,1537.5,1538.0,1537.5,1537.0,,,1537.5,1537.5,,1534.0,baghdad_generic,3,3,0.584,
2023-08-30,,,1530.0,,,,,,,1526.0,,1536.5,,,,,,,,,,,1530.0,baghdad_generic,2,3,0.195,
2023-08-31,,,1532.0,,,,,,,1528.0,,1542.0,,,,,,,,,,,1532.0,baghdad_generic,3,3,0.713,
2023-09-03,,,1532.33,,,,,,,1530.0,,1540.33,,,,,,,,,,,1532.33,baghdad_generic,3,3,0.131,
2023-09-04,,,1534.0,,,,,,,1530.0,,1541.0,,,,,,,,,,,1534.0,baghdad_generic,2,3,0.13,
2023-09-05,,,1534.5,,,,,,,1531.75,,1543.67,,,,,,,,,,,1534.5,baghdad_generic,3,3,0.196,
2023-09-06,,,1537.83,,,,,,,1534.0,,1544.33,,,,,,,,,,,1537.83,baghdad_generic,3,3,0.13,
2023-09-07,,,1537.0,,,,,,,1536.5,,1546.25,,,,,,,,,,,1537.0,baghdad_generic,2,3,0.26,
2023-09-10,,,1539.5,,,1540.0,,,,1537.5,,1547.5,,,,,,,,,,,1540.0,baghdad_kifah,2,3,0.065,
2023-09-11,,,1552.17,,,,,,,1548.67,,1560.83,,,,,,,,,,,1552.17,baghdad_generic,3,3,0.769,
2023-09-12,1558.5,,1553.75,,,,,,1558.5,1550.25,1558.5,1560.25,,1558.0,1558.0,1558.0,1558.0,,,1558.0,1559.0,,1553.75,baghdad_generic,2,3,0.161,
2023-09-13,,,1556.0,,,,,,,1552.75,,1560.17,,,,,,,,,,,1556.0,baghdad_generic,3,3,0.481,
2023-09-14,,,1558.25,,,,,,,1555.25,,1560.75,,,,,,,,,,,1558.25,baghdad_generic,2,3,0.225,
2023-09-17,,,1569.0,,,,,,,1559.0,,1567.33,,,,,,,,,,,1569.0,baghdad_generic,3,3,0.577,
2023-09-18,,,1581.17,,,1585.0,,,,1579.33,,1574.17,,,,1575.0,,,,,,,1585.0,baghdad_kifah,3,3,0.474,
2023-09-19,,,1560.17,,,1566.0,,,,1577.75,,1566.33,,1572.0,,1569.0,,,,,,,1566.0,baghdad_kifah,3,3,1.521,basra
2023-09-20,,,1565.33,,,,,,,1563.0,,1561.67,,,,,,,,,,,1565.33,baghdad_generic,3,3,0.352,
2023-09-21,,,1556.5,,,,1550.0,,,1554.67,,1552.67,,,,,,,,,,,1556.5,baghdad_generic,3,3,0.998,
2023-09-24,,,1542.0,,,1533.5,,,,1536.5,,1536.5,,,,,,,,,,,1533.5,baghdad_kifah,2,3,1.106,
2023-09-25,,,1546.25,1543.0,,1550.0,,,,1547.75,,1538.75,,,,,,,,,,,1550.0,baghdad_kifah,2,3,0.162,
2023-09-26,,,1549.67,,,1544.0,,,,1548.0,,1553.0,,,,,,,,,,,1544.0,baghdad_kifah,3,3,0.968,
2023-09-27,,1556.5,1555.0,1556.5,,1554.0,,,,1560.25,,1550.67,,,,,,,,,,,1554.0,baghdad_kifah,3,3,0.193,
2023-09-28,,,1556.0,1557.0,,1559.0,,,,1559.83,,1554.0,,,,,,,,,,,1559.0,baghdad_kifah,3,3,0.129,
2023-10-01,,,1558.5,1559.0,,1561.0,,,,1559.0,,1558.83,,,,,,,,,,,1561.0,baghdad_kifah,3,3,0.385,
2023-10-02,,,1564.83,1565.0,,,,,,1564.5,,1567.0,,,,,,,,,,,1564.83,baghdad_generic,3,3,0.32,
2023-10-03,,,1568.0,1567.0,,1567.0,,,,1568.0,,1568.0,,,,,,,,,,,1567.0,baghdad_kifah,3,3,0.128,
2023-10-04,,,1567.67,,1567.0,1568.0,,,,1568.25,,1566.33,,,,,,,,,,,1568.0,baghdad_kifah,3,3,0.383,
2023-10-05,,,1573.25,1566.0,,,,,,1568.75,,1570.5,,,,,,,,,,,1573.25,baghdad_generic,2,3,0.287,
2023-10-08,,,1589.83,1588.0,,1589.0,,,,1587.0,,1587.5,,,,,,,,1589.0,,,1589.0,baghdad_kifah,3,3,0.378,
2023-10-09,,,1614.75,1597.0,,,,,,1620.5,,1625.0,,,,,,,,,,,1614.75,baghdad_generic,2,3,0.062,
2023-10-10,,,1620.33,1627.5,,,,,,1607.0,,1605.5,,,,,,,,,,,1620.33,baghdad_generic,3,3,1.493,basra|erbil
2023-10-11,,,1608.17,1601.0,,1622.0,,,,1612.0,,1610.0,,,,,,,,,,,1622.0,baghdad_kifah,3,3,0.404,
2023-10-12,,,1605.33,1604.0,1603.0,1604.0,,1602.0,,1601.5,,1602.83,,,,,,,,1608.0,,,1604.0,baghdad_kifah,3,3,0.53,
2023-10-15,,,1580.0,1580.0,1588.5,1591.0,,,,1578.5,,1588.33,,,,,,,,,,,1591.0,baghdad_kifah,3,3,0.634,
2023-10-16,,,1582.5,,,1576.5,,,,1580.67,,1582.0,,,,,,,,,,,1576.5,baghdad_kifah,3,3,0.601,
2023-10-17,,,1595.33,,1591.0,1587.5,,,,1588.33,,1592.83,,,,,,,,,,,1587.5,baghdad_kifah,3,3,0.595,
2023-10-18,,,1597.33,,,1598.0,,,,1597.67,,1597.67,,,,,,,,,,,1598.0,baghdad_kifah,3,3,0.219,
2023-10-19,,,1597.33,,,1596.0,,,,1598.0,,1596.67,,,,,,,,,,,1596.0,baghdad_kifah,3,3,0.626,
2023-10-22,,,1599.83,,,1600.0,,,,1598.17,,1596.17,,,,,,,,,,,1600.0,baghdad_kifah,3,3,0.469,
2023-10-23,1607.0,1605.0,1609.0,,,1607.5,,,1607.0,1609.33,1607.0,1606.5,,1608.33,1608.0,1606.67,1607.0,,,1606.67,1607.5,,1607.5,baghdad_kifah,3,3,0.435,
2023-10-24,,,1615.33,,,1616.5,,1611.0,,1613.5,,1612.83,,,,,,,,,,,1616.5,baghdad_kifah,3,3,0.619,
2023-10-25,,,1614.5,,,1619.5,,,,1618.0,,1609.0,,,,,,,,,,,1619.5,baghdad_kifah,3,3,0.746,
2023-10-26,,,1611.0,,,1608.5,,,,1614.0,,1609.5,,,,,,,,,,,1608.5,baghdad_kifah,2,3,0.124,
2023-10-29,,,1616.33,,1615.0,1615.0,,,,1615.67,,1613.17,,1617.0,,,,,,,,,1615.0,baghdad_kifah,3,3,0.093,
2023-10-30,,,1618.17,,,1615.0,,,,1616.25,,1614.0,,,,,,,,,,,1615.0,baghdad_kifah,3,3,0.185,
2023-10-31,,,1619.5,,,1620.0,,,,1619.5,,1617.33,,,,,,,,,,,1620.0,baghdad_kifah,3,3,0.185,
2023-11-01,,,1621.17,,,1620.0,,,,1622.5,,1619.25,,,,,,,,,,,1620.0,baghdad_kifah,3,3,0.093,
2023-11-02,,,1622.33,,,1625.5,,,,1619.5,,1624.33,,,,,,,,,,,1625.5,baghdad_kifah,3,3,0.74,
2023-11-05,,1632.0,1638.0,,,1634.0,,,,1636.33,,1633.33,,1644.0,,,,,,,,,1634.0,baghdad_kifah,3,3,0.794,
2023-11-06,,,1660.83,,,1645.0,,1643.0,,1660.0,,1662.0,,,,,,,,,,,1645.0,baghdad_kifah,3,3,0.391,
2023-11-07,,,1634.75,,1635.0,,,1641.0,,1646.0,,1633.25,,,,,,,,,,,1634.75,baghdad_generic,3,3,1.776,baghdad_generic|erbil
2023-11-08,,,1647.33,,,1637.0,,,,1640.5,,1643.0,,,,,,,,,,,1637.0,baghdad_kifah,3,3,0.091,
2023-11-09,,,1649.17,,,,,,,1652.5,,1646.33,,,,,,,,,,,1649.17,baghdad_generic,3,3,0.304,
2023-11-12,,,1609.75,,,,,,,1628.67,,1620.17,,,,,,,,,,,1609.75,baghdad_generic,3,3,1.522,baghdad_generic
2023-11-13,,,1596.33,,,,,,,,,1598.0,,,,,,,,,,,1596.33,baghdad_generic,3,2,0.375,
2023-11-14,,,1551.25,,,,,,,1553.0,,1562.5,,,,,,,,,,,1551.25,baghdad_generic,3,3,1.708,baghdad_generic
2023-11-15,,,1582.33,1569.0,,,,,,1577.0,,1589.0,,,,,,,,,,,1582.33,baghdad_generic,3,3,0.632,
2023-11-16,,,1589.5,,,1595.0,,,,1587.5,,1587.67,,,,,,,,,,,1595.0,baghdad_kifah,3,3,0.535,
2023-11-19,,,1577.33,,,,,,,1582.0,,1581.5,,,,,,,,,,,1577.33,baghdad_generic,3,3,0.507,
2023-11-20,,,1579.5,1582.5,,1572.0,1573.0,,,1575.5,,1579.83,,,,,,,,,,,1572.0,baghdad_kifah,3,3,0.538,
2023-11-21,,,1583.33,,,1583.0,,,,1585.0,,1584.0,,,,,,,,,,,1583.0,baghdad_kifah,3,3,0.032,
2023-11-22,,,1593.83,,,1590.0,,,,1590.0,,1587.33,,,,,,,,,,,1590.0,baghdad_kifah,3,3,0.439,
2023-11-23,,,1589.33,,,1587.0,,,,1593.0,,1589.83,,,,,,,,,,,1587.0,baghdad_kifah,3,3,0.566,
2023-11-26,,,1578.0,1579.0,,1583.0,,,,1583.0,,1578.17,,,,,,,,,,,1583.0,baghdad_kifah,3,3,0.887,
2023-11-27,,,1575.33,,,1581.0,,,,1584.0,,1581.67,,,,,,,,,,,1581.0,baghdad_kifah,3,3,0.603,
2023-11-28,,,1574.5,,,1574.5,,,,1581.0,,1576.5,,,,,,,,,,,1574.5,baghdad_kifah,3,3,0.0,
2023-11-29,,,1568.5,1566.0,,1567.5,,,,1576.0,,1574.0,,,,,,,,,,,1567.5,baghdad_kifah,3,3,0.761,
2023-11-30,,,1562.67,,,1560.0,,,,1560.0,,1557.17,,1572.0,,,,,,,,,1560.0,baghdad_kifah,3,3,0.417,
2023-12-03,,,1570.67,,,1567.5,,,,1569.0,,1567.0,,,,,,,,,,,1567.5,baghdad_kifah,3,3,0.255,
2023-12-04,,,1576.17,,,1576.5,,,,1575.67,,1574.33,,,,,,,,,,,1576.5,baghdad_kifah,3,3,0.286,
2023-12-05,,,1570.17,,,1573.5,,,,1571.67,,1570.5,,,,,,,,,,,1573.5,baghdad_kifah,3,3,0.382,
2023-12-06,,,1571.5,,,1574.0,,,,1570.17,,1567.17,,,,,,,,,,,1574.0,baghdad_kifah,3,3,0.223,
2023-12-07,,,1574.83,,,1575.0,,,,1571.75,,1569.33,,,,,,,,,,,1575.0,baghdad_kifah,3,3,0.159,
2023-12-10,,,1571.67,,,1571.5,,,,1573.5,,1568.5,,,,,,,,,,,1571.5,baghdad_kifah,3,3,0.159,
2023-12-11,,,1572.83,,,,1573.5,,,1573.5,,1570.0,,,,,,,,,,,1572.83,baghdad_generic,3,3,0.382,
2023-12-12,,,1568.67,,,1573.0,,,,1573.33,,1568.17,,,,,,,,,,,1573.0,baghdad_kifah,3,3,0.413,
2023-12-13,,,1560.17,,,1563.0,,,,1563.33,,1560.33,,,,,,,,,,,1563.0,baghdad_kifah,3,3,0.256,
2023-12-14,,1562.0,1559.0,,,1557.5,,,,1565.0,,1558.0,,,,,,,,,,,1557.5,baghdad_kifah,3,3,0.225,
2023-12-17,,,1543.5,,,1561.5,,,,1551.67,,1544.67,,,,,,,,,,,1561.5,baghdad_kifah,3,3,1.069,
2023-12-18,,,1539.5,,,,,,,1545.0,,1539.5,,,,,,,,,,,1539.5,baghdad_generic,3,3,0.52,
2023-12-19,,,1544.33,,,1544.0,,,,1544.67,,1539.75,,,,,,,,,,,1544.0,baghdad_kifah,3,3,0.453,
2023-12-20,,,1532.25,,,,,,,1540.0,,1531.17,,,,,,,,,,,1532.25,baghdad_generic,3,3,0.974,
2023-12-21,,,1525.0,,,1524.5,,,,1523.0,,1528.0,,,,,,,,,,,1524.5,baghdad_kifah,3,3,0.131,
2023-12-24,,,1487.5,,,,,,,1491.0,,1508.0,,,,,,,,,,,1487.5,baghdad_generic,3,3,1.748,baghdad_generic
2023-12-25,,,1493.17,,,1490.0,,,,1484.0,,1495.0,,,,,,,,,,,1490.0,baghdad_kifah,3,3,0.033,
2023-12-26,,,1523.0,,,1531.0,1537.0,,,1526.0,,1522.67,,,,,,,,,,,1531.0,baghdad_kifah,3,3,0.525,
2023-12-27,,,1517.0,,,1517.5,,,,1516.5,,1518.5,,,,,,,,,,,1517.5,baghdad_kifah,3,3,0.396,
2023-12-28,,,1523.83,,,1525.0,,,,1521.5,,1520.0,,,,,,,,,,,1525.0,baghdad_kifah,3,3,0.459,
2023-12-31,,,1523.97,,,1525.5,,,,1523.0,,1523.0,,,,,,,,,,,1525.5,baghdad_kifah,3,3,0.171,
2024-01-01,,,1523.83,,,,,,,,,,,,,,,,,,,,1523.83,baghdad_generic,3,1,0.098,
2024-01-02,,,1526.67,,,1529.0,,,,1526.83,,1525.75,,,,,,,,,,,1529.0,baghdad_kifah,3,3,0.164,
2024-01-03,,,1525.83,,,1526.0,,,,1527.0,,1526.0,,,,,,,,,,,1526.0,baghdad_kifah,3,3,0.426,
2024-01-04,,,1532.33,,,1532.5,,,,1530.17,,1530.67,,,,,,,,,,,1532.5,baghdad_kifah,3,3,0.719,
2024-01-07,,,1529.67,,,,,,,1528.0,,1524.67,,,,,,,,,,,1529.67,baghdad_generic,3,3,0.327,
2024-01-08,,,1535.0,,,1537.0,,,,1530.5,,1530.67,,,,,,,,,,,1537.0,baghdad_kifah,3,3,0.425,
2024-01-09,,,1537.83,,,1539.0,,,,1537.67,,1536.0,,,,,,,,,,,1539.0,baghdad_kifah,3,3,0.423,
2024-01-10,,,1539.0,,,1543.0,,,,1539.0,,1540.0,,,,,,,,,,,1543.0,baghdad_kifah,3,3,0.357,
2024-01-11,,1535.0,1531.83,,,1534.5,1536.0,,,1530.0,,1534.0,,,,,,,,,,,1534.5,baghdad_kifah,3,3,0.718,
2024-01-14,,,1528.67,,,1525.5,,,,1529.33,,1530.5,,,,,,,,,,,1525.5,baghdad_kifah,3,3,1.014,
2024-01-15,,,1527.5,,,1525.5,,,,1527.67,,1523.17,,,,,,,,,,,1525.5,baghdad_kifah,3,3,0.328,
2024-01-16,,,1524.33,,,,,,,1530.33,,1523.67,,,,,,,,,,,1524.33,baghdad_generic,3,3,0.722,
2024-01-17,,,1518.67,,,1523.5,,,,1518.0,,1521.83,,,,,,,,,,,1523.5,baghdad_kifah,3,3,0.593,
2024-01-18,,,1521.17,,,,,,,1523.33,,1518.83,,,,,,,,,,,1521.17,baghdad_generic,3,3,0.165,
2024-01-21,,,1515.83,,,1519.5,,,,1521.67,,1516.67,,,,,,,,,,,1519.5,baghdad_kifah,3,3,0.657,
2024-01-22,,,1512.33,,,1510.0,,,,1517.5,,1509.0,,,,,,,,,,,1510.0,baghdad_kifah,3,3,0.364,
2024-01-23,,,1508.0,,,1513.0,,,,1512.33,,1507.33,,,,,,,,,,,1513.0,baghdad_kifah,3,3,0.331,
2024-01-24,,,1513.0,,,1510.0,,,,1515.0,,1509.83,,,,,,,,,,,1510.0,baghdad_kifah,3,3,0.364,
2024-01-25,,,1514.83,,,,,,,1519.67,,1513.0,,,,,,,,,,,1514.83,baghdad_generic,3,3,0.099,
2024-01-28,,,1510.17,,,1509.5,,,,1513.0,,1509.0,,,,,,,,,,,1509.5,baghdad_kifah,3,3,0.364,
2024-01-29,,1515.0,1517.0,,,1516.0,,,,1518.67,,1516.5,,,,,,,,,,,1516.0,baghdad_kifah,3,3,0.561,
2024-01-30,,,1526.25,,,1527.0,,,,1526.67,,1530.33,,,,,,,,,,,1527.0,baghdad_kifah,3,3,0.934,
2024-01-31,,,1522.5,,,1527.0,,,,1526.5,,1521.0,,,,,,,,,,,1527.0,baghdad_kifah,3,3,0.721,
2024-02-01,,1524.0,1522.7,,,1522.0,,,,1525.5,,1519.67,,,,,,,,,,,1522.0,baghdad_kifah,3,3,0.42,
2024-02-04,,,1521.67,,,1523.5,,,,1523.0,,1516.5,,,,,,,,,,,1523.5,baghdad_kifah,3,3,0.394,
2024-02-05,,,1521.67,,,,,,,1523.67,,1519.5,,,,,,,,,,,1521.67,baghdad_generic,3,3,0.394,
2024-02-06,,,1520.83,,,,,,,,,1517.75,,,,,,,,,,,1520.83,baghdad_generic,3,2,0.099,
2024-02-07,,,1522.5,,,1522.0,,,,1524.5,,1518.17,,,,,,,,,,,1522.0,baghdad_kifah,3,3,0.099,
2024-02-08,,,1522.75,,,,,,,1524.5,,1519.0,,,,,,,,,,,1522.75,baghdad_generic,3,3,0.115,
2024-02-11,,,1521.58,,,1526.5,,,,1526.83,,1520.0,,,,,,,,,,,1526.5,baghdad_kifah,3,3,0.426,
2024-02-12,,,1521.75,,,1523.0,,,,1523.5,,1519.5,,,,,,,,,,,1523.0,baghdad_kifah,2,3,0.296,
2024-02-13,,,1522.75,,,1523.0,,,,1524.0,,1520.0,,,,,,,,,,,1523.0,baghdad_kifah,3,3,0.033,
2024-02-14,,,1522.83,,,1523.0,,,,1524.67,,1521.33,,,,,,,,,,,1523.0,baghdad_kifah,3,3,0.066,
2024-02-15,,,1523.83,,,1524.0,,,,1524.0,,1523.0,,,,,,,,,,,1524.0,baghdad_kifah,3,3,0.295,
2024-02-18,,,1522.42,,,1522.5,,,,1524.33,,1521.83,,,,,,,,,,,1522.5,baghdad_kifah,3,3,0.246,
2024-02-19,,,1521.33,,1522.5,1523.0,,1523.0,,1524.0,,1521.17,,,,,,,,,,,1523.0,baghdad_kifah,3,3,0.263,
2024-02-20,,,1521.5,1520.0,1519.5,1522.5,,1521.5,,1524.0,,1519.0,,,,,,,,,,,1522.5,baghdad_kifah,3,3,0.099,
2024-02-21,,,1522.83,,,1523.0,,,,1523.0,,1520.5,,,,,,,,,,,1523.0,baghdad_kifah,3,3,0.033,
2024-02-22,,,1518.13,,,1519.0,,,,1519.5,,1517.63,,,,,,,,,,,1519.0,baghdad_kifah,2,3,0.181,
2024-02-25,,,1511.83,1509.5,,,,,,1514.0,,1510.17,,,,,,,,,,,1511.83,baghdad_generic,3,3,0.43,
2024-02-26,,,1514.0,,1509.5,1513.5,,,,1515.5,,1512.17,,,,,,,,,,,1513.5,baghdad_kifah,3,3,0.099,
2024-02-27,,,1513.0,1513.5,1514.0,1513.0,,,,1516.5,,1512.33,,,,,,,,,,,1513.0,baghdad_kifah,3,3,0.264,
2024-02-28,,1510.0,1509.0,1509.5,1507.0,1508.5,,1508.0,,1511.5,,1507.25,,,,,,,,,,,1508.5,baghdad_kifah,2,3,0.198,
2024-02-29,,,1509.5,,1508.5,1509.0,,,,1511.0,,1508.5,,,,,,,,,,,1509.0,baghdad_kifah,3,3,0.132,
2024-03-03,,,1500.33,,1502.0,1502.5,1502.0,,,1505.0,,1503.0,,,,,,,,,,,1502.5,baghdad_kifah,3,3,0.533,
2024-03-04,,,1499.0,,,1499.0,,,,1500.5,,1501.5,,,,,,,,,,,1499.0,baghdad_kifah,2,3,0.2,
2024-03-05,,,1501.5,,,1504.5,,,,1503.75,,1502.5,,,,,,,,,,,1504.5,baghdad_kifah,2,3,0.333,
2024-03-06,,,1502.17,,,1507.5,,,,1506.67,,1503.5,,,,,,,,,,,1507.5,baghdad_kifah,3,3,0.499,
2024-03-07,,,1501.5,1502.0,,1504.0,,1503.5,,1506.33,,1501.0,,,,,,,,,,,1504.0,baghdad_kifah,3,3,0.133,
2024-03-10,,,1500.0,1500.0,,1501.0,,,,1502.17,,1500.5,,,,,,,,,,,1501.0,baghdad_kifah,3,3,0.1,
2024-03-11,,,1504.5,1504.5,,1505.0,,,,1503.67,,1504.67,,,,,,,,,,,1505.0,baghdad_kifah,3,3,0.133,
2024-03-12,,,1501.5,1502.0,,1502.5,,,,1502.0,,1503.83,,,,,,,,,,,1502.5,baghdad_kifah,3,3,0.2,
2024-03-13,,,1501.75,1502.0,,1501.5,,,,1502.0,,1501.5,,,,,,,,,,,1501.5,baghdad_kifah,3,3,0.1,
2024-03-14,,,1502.5,1502.5,,1502.5,,,,1503.0,,1503.0,,,,,,,,,,,1502.5,baghdad_kifah,2,3,0.0,
2024-03-17,,,1496.0,1498.5,,1498.5,,,,1501.0,,1499.67,,,,,,,,,,,1498.5,baghdad_kifah,3,3,0.067,
2024-03-18,,,1495.0,,,1495.0,,,,1496.25,,1496.5,,,,,,,,,,,1495.0,baghdad_kifah,2,3,0.033,
2024-03-19,,,1497.5,1496.0,,1496.0,,,,1496.0,,1496.17,,,,,,,,,,,1496.0,baghdad_kifah,3,3,0.033,
2024-03-20,,,1497.0,1497.0,,1497.0,,,,1497.0,,1498.33,,,,,,,,,,,1497.0,baghdad_kifah,3,3,0.133,
2024-03-21,,,1494.25,1495.0,,1495.5,,,,1497.17,,1499.0,,,,,,,,,,,1495.5,baghdad_kifah,3,3,0.234,
2024-03-24,,,1474.5,1483.5,,1482.5,,,,1483.67,,1478.5,,,,,,,,,,,1482.5,baghdad_kifah,3,3,0.676,
2024-03-25,,,1473.75,1468.0,,1469.0,,1468.0,,1485.0,,1469.5,,,,,,,,,,,1469.0,baghdad_kifah,2,3,0.476,
2024-03-26,,,1477.83,1479.0,,1478.0,,,,1477.83,,1475.83,,,,,,,,,,,1478.0,baghdad_kifah,3,3,0.169,
2024-03-27,,,1475.33,1477.0,,,,,,1481.0,,1474.83,,,,,,,,,,,1475.33,baghdad_generic,3,3,0.474,
2024-03-28,,,1469.5,1471.0,,1472.0,1470.0,,,1473.67,,1468.17,,,,,,,,,,,1472.0,baghdad_kifah,3,3,0.17,
2024-03-31,,,1470.75,1470.5,,1471.0,,,,1471.5,,1467.67,,,,,,,,,,,1471.0,baghdad_kifah,3,3,0.238,
2024-04-01,,,1471.5,1472.0,,1471.5,,,,1471.5,,1468.5,,,,,,,,,,,1471.5,baghdad_kifah,3,3,0.102,
2024-04-02,,,1475.5,1477.0,,1474.0,,,,1472.83,,1473.67,,,,,,,,,,,1474.0,baghdad_kifah,3,3,0.441,
2024-04-03,,,1473.0,1474.0,,1474.0,,,,1474.33,,1474.0,,,,,,,,,,,1474.0,baghdad_kifah,3,3,0.204,
2024-04-04,,,1473.5,1475.0,,1473.0,,,,1473.83,,1472.0,,,,,,,,,,,1473.0,baghdad_kifah,3,3,0.204,
2024-04-07,,,1477.5,1474.5,,1476.0,,,,1476.17,,1474.67,,,,,,,,,,,1476.0,baghdad_kifah,3,3,0.338,
2024-04-08,,,1480.75,1479.5,,1480.0,,,,1481.0,,1480.33,,,,,,,,,,,1480.0,baghdad_kifah,3,3,0.236,
2024-04-09,,,1480.0,,,,,,,1483.0,,1481.5,,,,,,,,,,,1480.0,baghdad_generic,2,3,0.0,
2024-04-11,,,1480.5,,,,,,,,,,,,,,,,,,,,1480.5,baghdad_generic,1,1,0.0,
2024-04-14,,,1488.5,1489.0,,1488.0,1486.0,,,1487.5,,1488.17,,,,,,,,1489.0,,,1488.0,baghdad_kifah,3,3,0.37,
2024-04-15,,,1481.75,1483.5,,1483.5,,,,1486.0,,1485.5,,,,,,,,,,,1483.5,baghdad_kifah,3,3,0.269,
2024-04-16,,,1484.75,1485.0,,1485.0,,,,1484.0,,1487.33,,,,,,,,,,,1485.0,baghdad_kifah,3,3,0.034,
2024-04-17,,,1482.83,1484.5,,1484.5,,1484.5,,1484.5,,1485.0,,,,,,,,,,,1484.5,baghdad_kifah,3,3,0.202,
2024-04-18,,,1478.83,1481.0,,1480.5,,,,1480.67,,1479.83,,,,,,,,,,,1480.5,baghdad_kifah,3,3,0.135,
2024-04-21,,,1473.5,1473.0,,1474.0,,,,1473.0,,1473.67,,,,,,,,,,,1474.0,baghdad_kifah,3,3,0.136,
2024-04-22,,,1473.17,1474.5,,1474.0,,,,1473.5,,1470.75,,,,,,,,,,,1474.0,baghdad_kifah,3,3,0.17,
2024-04-23,,,1469.75,,,1470.5,1469.0,,,1472.33,,1467.5,,,,,,,,,,,1470.5,baghdad_kifah,3,3,0.306,
2024-04-24,,,1465.67,1466.0,1467.5,1467.0,,1464.5,,1468.0,,1468.58,,,,,,,,,,,1467.0,baghdad_kifah,3,3,0.171,
2024-04-25,,,1462.5,1464.5,,1464.0,,1464.0,,1464.33,,1464.33,,,,,,,,,,,1464.0,baghdad_kifah,3,3,0.444,
2024-04-28,,,1450.5,1454.0,,1452.5,,1455.0,,1455.5,,1452.5,,,,,,,,,,,1452.5,baghdad_kifah,2,3,0.207,
2024-04-29,,,1450.17,1452.5,1445.5,1454.5,1445.0,,,1447.0,,1454.0,,,,,,,,,,,1454.5,baghdad_kifah,3,3,0.517,
2024-04-30,,,1460.25,1461.0,1459.0,1461.0,1459.0,,,1459.0,,1459.5,,,,,,,,,,,1461.0,baghdad_kifah,2,3,0.171,
2024-05-01,,,1456.83,1459.0,,1458.5,1459.0,,,1459.0,,1457.0,,,,,,,,,,,1458.5,baghdad_kifah,3,3,0.137,
2024-05-02,,,1458.0,1458.5,,1458.0,,,,1458.5,,1456.33,,,,,,,,,,,1458.0,baghdad_kifah,3,3,0.137,
2024-05-05,,,1454.25,1454.5,,1454.0,,,,1457.0,,1453.0,,,,,,,,,,,1454.0,baghdad_kifah,3,3,0.379,
2024-05-06,,,1454.33,1454.5,,1454.0,1455.0,,,1454.67,,1452.5,,,,,,,,,,,1454.0,baghdad_kifah,3,3,0.103,
2024-05-07,,,1455.5,1454.5,,1455.0,,,,1457.5,,1454.5,,,,,,,,,,,1455.0,baghdad_kifah,2,3,0.137,
2024-05-08,,,1455.67,1457.0,,1457.0,,,,1456.0,,1455.33,,,,,,,,,,,1457.0,baghdad_kifah,3,3,0.137,
2024-05-09,,,1460.5,1461.0,,,,,,1460.0,,1460.25,,,,,,,,,,,1460.5,baghdad_generic,3,3,0.205,
2024-05-12,,,1457.25,1458.5,,1458.5,,,,1457.25,,1456.33,,,,,,,,,,,1458.5,baghdad_kifah,3,3,0.137,
2024-05-13,,,1458.0,1456.5,,1458.0,,1458.5,,1457.83,,1456.5,,,,,,,,,,,1458.0,baghdad_kifah,3,3,0.069,
2024-05-14,,,1459.0,1458.5,,1460.0,,,,1458.5,,1456.5,,,,,,,,,,,1460.0,baghdad_kifah,2,3,0.069,
2024-05-15,,,1458.5,1459.0,,1458.5,1458.0,,,1458.75,,1457.5,,,,,,,,,,,1458.5,baghdad_kifah,2,3,0.034,
2024-05-16,,,1460.25,1461.0,,,,,,1459.75,,1458.5,,,,,,,,,,,1460.25,baghdad_generic,2,3,0.103,
2024-05-19,,,1457.75,1459.0,,1458.0,,,,1457.75,,1455.83,,,,,,,,,,,1458.0,baghdad_kifah,3,3,0.103,
2024-05-20,,,1456.75,1457.5,,1457.5,,,,1456.83,,1455.0,,,,,,,,,,,1457.5,baghdad_kifah,3,3,0.103,
2024-05-21,,,1457.5,1458.5,,1457.5,,,,1458.0,,1455.25,,,,,,,,,,,1457.5,baghdad_kifah,2,3,0.034,
2024-05-22,,,1457.33,1458.0,,1457.5,,,,1459.0,,1455.5,,,,,,,,,,,1457.5,baghdad_kifah,3,3,0.103,
2024-05-23,,,1456.0,1456.0,,,,,,1457.5,,1454.75,,,,,,,,,,,1456.0,baghdad_generic,2,3,0.034,
2024-05-26,,,1454.5,1455.0,,1454.5,,,,1455.33,,1453.5,,,,,,,,,,,1454.5,baghdad_kifah,3,3,0.172,
2024-05-27,,,1449.75,1450.0,,,,,,1450.5,,1448.5,,,,,,,,,,,1449.75,baghdad_generic,2,3,0.069,
2024-05-28,,,1448.75,1449.5,,1449.5,,,,1449.33,,1447.0,,,,,,,,,,,1449.5,baghdad_kifah,3,3,0.104,
2024-05-29,,,1449.25,1449.0,1448.75,1451.0,,1449.0,,1451.0,,1450.92,,,,,,,,,,,1451.0,baghdad_kifah,3,3,0.844,
2024-05-30,,,1451.5,1452.5,,1452.5,,,,1451.5,,1450.67,,,,,,,,,,,1452.5,baghdad_kifah,3,3,0.138,
2024-06-02,,,1452.25,1451.0,,1451.5,,,,1450.17,,1449.0,,,,,,,,,,,1451.5,baghdad_kifah,3,3,0.241,
2024-06-03,,,1458.75,1454.0,1457.5,1460.0,1453.5,,,1456.0,,1456.0,,,,,,,,,,,1460.0,baghdad_kifah,2,3,0.275,
2024-06-04,,,1456.33,,,1455.0,,,,1456.75,,1452.92,,,,,,,,,,,1455.0,baghdad_kifah,3,3,0.412,
2024-06-05,,,1456.75,1457.0,,1456.0,,,,1455.0,,1455.5,,,,,,,,,,,1456.0,baghdad_kifah,2,3,0.034,
2024-06-06,,,1459.5,,,1459.0,,1459.0,,1460.0,,1459.0,,,,,,,,,,,1459.0,baghdad_kifah,3,3,0.069,
2024-06-09,1468.5,,1466.83,1469.5,,1466.5,,,1468.0,1461.25,1468.5,1465.5,1467.5,1468.0,1468.5,1468.5,1468.0,,,1468.0,1468.0,,1466.5,baghdad_kifah,3,3,0.65,
2024-06-10,,,1470.33,1469.5,1470.0,,,,,,,1469.5,,,,,,,,,,,1470.33,baghdad_generic,3,2,0.136,
2024-06-11,,,1474.25,1474.0,,1476.0,1475.0,,,1474.5,,1475.5,,,,,,,,,,,1476.0,baghdad_kifah,2,3,0.305,
2024-06-12,,,1469.75,1471.0,,1470.5,,,,,,1470.5,,,,,,,,,,,1470.5,baghdad_kifah,2,2,0.102,
2024-06-13,,,1465.75,1466.0,,1466.5,,,,1467.5,,1469.0,,,,,,,,,,,1466.5,baghdad_kifah,2,3,0.034,
2024-06-18,,,1468.0,,,,,,,1472.0,,,,,,,,,,,,,1468.0,baghdad_generic,1,2,0.0,
2024-06-20,,,1471.0,,,,,,,,,1468.5,,,,,,,,,,,1471.0,baghdad_generic,2,2,0.136,
2024-06-23,,,1468.83,1468.0,,1469.0,,,,1467.33,,1469.25,,,,,,,,,,,1469.0,baghdad_kifah,3,3,0.136,
2024-06-24,,,1474.67,1474.0,,1474.25,,,,1473.5,,1480.25,,,,,,,,,,,1474.25,baghdad_kifah,3,3,0.17,
2024-06-25,,,1474.75,1475.0,,1476.0,,1476.0,,1474.5,,1476.5,,,,,,,,,,,1476.0,baghdad_kifah,2,3,0.068,
2024-06-26,,,1471.75,1474.0,,1474.0,,,,1472.0,,1473.5,,,,,,,,,,,1474.0,baghdad_kifah,2,3,0.271,
2024-06-27,,,1471.17,1472.5,,1473.0,,,,1469.5,,1473.25,,,,,,,,,,,1473.0,baghdad_kifah,3,3,0.17,
2024-06-30,,,1474.75,1474.0,,1475.5,,,,1472.17,,1475.75,,,,,,,,,,,1475.5,baghdad_kifah,3,3,0.17,
2024-07-01,,,1478.83,1480.0,,1479.5,,,,1477.5,,1480.83,,,,,,,,,,,1479.5,baghdad_kifah,3,3,0.237,
2024-07-02,,,1480.83,,,,,1482.0,,1477.75,,1482.25,,,,,,,,,,,1480.83,baghdad_generic,3,3,0.169,
2024-07-03,,,1490.33,1488.0,,1489.0,,,,1487.5,,1491.5,,,,,,,,,,,1489.0,baghdad_kifah,3,3,0.671,
2024-07-04,,,1490.0,1493.0,,1492.0,,,,1488.0,,1491.0,,,,,,,,,,,1492.0,baghdad_kifah,3,3,0.336,
2024-07-07,,,1492.83,1489.0,,1494.0,,,,1488.0,,1490.0,,,,,,,,,,,1494.0,baghdad_kifah,3,3,0.469,
2024-07-08,,,1504.17,1501.0,,1506.0,,,,1497.75,,1501.75,,,,,,,,,,,1506.0,baghdad_kifah,3,3,0.499,
2024-07-09,,,1505.5,1506.0,,1509.0,,,,1507.75,,1501.33,,,,,,,,,,,1509.0,baghdad_kifah,3,3,0.333,
2024-07-10,,,1495.33,1495.0,,1491.0,,,,1495.67,,1493.33,,,,,,,,,,,1491.0,baghdad_kifah,3,3,0.669,
2024-07-11,,,1497.75,1496.0,,1499.0,,,,1495.0,,1498.0,,,,,,,,,,,1499.0,baghdad_kifah,2,3,0.033,
2024-07-14,,,1491.5,1489.0,,1490.0,1495.0,1488.0,,1493.0,,1491.0,,,,,,,,,,,1490.0,baghdad_kifah,3,3,0.402,
2024-07-15,,,1488.75,1488.5,,1489.0,,,,1489.0,,1492.25,,,,,,,,,,,1489.0,baghdad_kifah,2,3,0.101,
2024-07-16,,,1492.0,1492.0,,1492.5,,,,1491.0,,1495.75,,,,,,,,,,,1492.5,baghdad_kifah,2,3,0.134,
2024-07-17,,,1495.0,,,,,,,,,1494.0,,,,,,,,,,,1495.0,baghdad_generic,1,2,0.0,
2024-07-18,,,1490.0,1490.0,1489.0,1490.0,,1488.5,,1491.0,,1493.0,,,,,,,,,,,1490.0,baghdad_kifah,2,3,0.0,
2024-07-21,,,1489.5,1490.0,,1489.0,,,,1489.5,,1495.0,,,,,,,,,,,1489.0,baghdad_kifah,2,3,0.201,
2024-07-22,,,1493.5,1494.0,,1493.5,,,,1491.5,,1495.75,,,,,,,,,,,1493.5,baghdad_kifah,3,3,0.067,
2024-07-23,,,1493.75,1493.5,,1493.0,,,,1492.5,,1496.25,,,,,,,,,,,1493.0,baghdad_kifah,2,3,0.033,
2024-07-24,,,1496.17,1497.0,,1496.5,,,,1496.0,,1497.75,,,,,,,,,,,1496.5,baghdad_kifah,3,3,0.1,
2024-07-25,,,1493.5,1493.0,,1494.0,,,,1493.25,,1496.25,,,,,,,,,,,1494.0,baghdad_kifah,2,3,0.167,
2024-07-28,,,1492.5,1492.75,,1492.75,,,,1491.5,,1495.0,,,,,,,,,,,1492.75,baghdad_kifah,2,3,0.0,
2024-07-29,,,1490.33,,,,,,,1490.5,,1493.0,,,,,,,,,,,1490.33,baghdad_generic,3,3,0.134,
2024-07-30,,,1488.33,,,,,,,1486.5,,1490.25,,,,,,,,,,,1488.33,baghdad_generic,3,3,0.101,
2024-07-31,,,1492.0,1491.5,,1492.5,,,,1490.5,,1494.0,,,,,,,,,,,1492.5,baghdad_kifah,2,3,0.134,
2024-08-01,,,1494.33,1493.5,,1495.0,,,,1492.67,,1496.67,,,,,,,,,,,1495.0,baghdad_kifah,3,3,0.067,
2024-08-04,,,1499.0,1496.5,1498.0,1501.0,1498.0,,,1496.0,,1501.5,,,,,,,,,,,1501.0,baghdad_kifah,3,3,0.133,
2024-08-05,,,1500.33,1498.5,,1498.0,,,,1498.5,,1499.0,,,,,,,,,,,1498.0,baghdad_kifah,3,3,0.233,
2024-08-06,,,1498.0,1497.0,,1497.5,,,,1497.5,,1497.75,,,,,,,,,,,1497.5,baghdad_kifah,3,3,0.134,
2024-08-07,,,1501.33,1500.0,,1500.0,,,,1498.0,,1499.5,,,,,,,,,,,1500.0,baghdad_kifah,3,3,0.133,
2024-08-08,,,1500.5,1500.5,1500.0,1500.75,,,,1499.5,,1502.0,,,,,,,,,,,1500.75,baghdad_kifah,2,3,0.0,
2024-08-11,,,1495.0,1497.0,,1496.0,,,,1496.0,,1497.0,,,,,,,,,,,1496.0,baghdad_kifah,3,3,0.134,
2024-08-12,,,1499.0,1498.5,,1498.25,,,,1496.5,,1499.25,,,,,,,,,,,1498.25,baghdad_kifah,2,3,0.067,
2024-08-13,,,1499.0,1500.0,,1500.0,,,,1498.75,,1500.25,,,,,,,,,,,1500.0,baghdad_kifah,2,3,0.067,
2024-08-14,,,1499.17,,,1498.0,,,,,,1499.0,,,,,,,,,,,1498.0,baghdad_kifah,3,2,0.1,
2024-08-15,,,1498.0,1498.0,,,,,,,,1498.5,,,,,,,,,,,1498.0,baghdad_generic,3,2,0.0,
2024-08-18,,,1490.83,,,,,,,1491.5,,1494.75,,,,,,,,,,,1490.83,baghdad_generic,3,3,0.201,
2024-08-19,,,1491.5,1492.5,1489.5,1490.5,,,,,,1492.5,,,,,,,,,,,1490.5,baghdad_kifah,2,2,0.067,
2024-08-20,,,1493.17,1493.5,,1495.0,,,,1492.0,,1495.0,,,,,,,,,,,1495.0,baghdad_kifah,3,3,0.033,
2024-08-21,,,1494.5,1495.0,1494.5,,,,,1493.0,,1495.0,,,,,,,,,,,1494.5,baghdad_generic,2,3,0.067,
2024-08-22,,,1493.5,1494.0,1493.0,,,1494.0,,,,1494.5,,,,,,,,,,,1493.5,baghdad_generic,1,2,0.0,
2024-08-25,,,1496.0,,,,,,,1494.0,,1495.0,,,,,,,,,,,1496.0,baghdad_generic,3,3,0.301,
2024-08-26,,,1491.5,1492.5,,,,1492.0,,,,1492.0,,,,,,,,,,,1491.5,baghdad_generic,2,2,0.0,
2024-08-27,,,1487.75,1489.5,1489.0,1489.0,,,,,,1488.5,,,,,,,,,,,1489.0,baghdad_kifah,2,2,0.034,
2024-08-28,,,1491.75,1492.0,,1491.0,1488.5,,,,,1491.0,,,,,,,,,,,1491.0,baghdad_kifah,2,2,0.101,
2024-08-29,,,1493.17,,,1493.5,,,,,,1492.0,,,,,,,,,,,1493.5,baghdad_kifah,3,2,0.067,
2024-09-01,,,1491.17,,,,,,,1491.0,,1490.5,,,,,,,,,,,1491.17,baghdad_generic,3,3,0.034,
2024-09-02,,,1495.0,1493.5,,1493.0,,,,,,1492.5,,,,,,,,,,,1493.0,baghdad_kifah,2,2,0.268,
2024-09-03,,,1493.5,1493.5,,1494.0,,,,1494.0,,1493.0,,,,,,,,,,,1494.0,baghdad_kifah,2,3,0.067,
2024-09-04,,,1494.5,1494.0,,1494.5,,,,1493.0,,1493.0,,,,,,,,,,,1494.5,baghdad_kifah,2,3,0.0,
2024-09-05,,,1495.0,1494.0,,1494.0,,,,1493.0,,1494.0,,,,,,,,,,,1494.0,baghdad_kifah,2,3,0.134,
2024-09-08,,,1496.0,1498.0,,1497.0,,,,1495.5,,1497.75,,,,,,,,,,,1497.0,baghdad_kifah,2,3,0.0,
2024-09-09,,,1500.25,1499.0,,1499.0,,,,1497.0,,1499.0,,,,,,,,,,,1499.0,baghdad_kifah,2,3,0.033,
2024-09-10,,,1499.5,1499.25,,1499.5,,,,1498.0,,1499.25,,,,,,,,,,,1499.5,baghdad_kifah,2,3,0.0,
2024-09-11,,,1497.0,1498.5,,1498.5,,,,1497.0,,1498.5,,,,,,,,,,,1498.5,baghdad_kifah,2,3,0.067,
2024-09-12,,,1498.0,1496.5,,1496.0,,,,1496.0,,1497.5,,,,,,,,,,,1496.0,baghdad_kifah,2,3,0.0,
2024-09-15,,,1498.75,1499.5,,,,,,1498.5,,1500.0,,,,,,,,,,,1498.75,baghdad_generic,2,3,0.033,
2024-09-16,,,1500.75,1499.5,,1499.0,,,,1498.5,,1500.0,,,,,,,,,,,1499.0,baghdad_kifah,2,3,0.233,
2024-09-17,,,1500.5,,,1501.0,,,,,,1503.0,,,,,,,,,,,1501.0,baghdad_kifah,2,2,0.0,
2024-09-18,,,1498.0,,,,,,,1498.63,,1500.63,,,,,,,,,,,1498.0,baghdad_generic,3,3,0.234,
2024-09-19,,,1500.25,1499.0,,1499.5,,,,1499.0,,1502.0,,,,,,,,,,,1499.5,baghdad_kifah,2,3,0.3,
2024-09-22,,,1499.75,,,1497.5,,,,1500.0,,1499.38,,,,,,,,,,,1497.5,baghdad_kifah,2,3,0.3,
2024-09-23,,,1499.83,,,1499.0,,,,1499.0,,1501.25,,,,,,,,,,,1499.0,baghdad_kifah,3,3,0.3,
2024-09-24,,,1503.67,1505.5,,1506.0,,,,1502.0,,1504.5,,,,,,,,,,,1506.0,baghdad_kifah,3,3,0.266,
2024-09-25,,,1509.25,1516.0,1515.5,1516.0,,,,1506.0,,1513.0,,,,,,,,,,,1516.0,baghdad_kifah,3,3,0.797,
2024-09-26,,,1513.75,1514.0,,1515.5,,,,1514.25,,1515.75,,,,,,,,,,,1515.5,baghdad_kifah,2,3,0.429,
2024-09-29,,,1519.5,1516.0,,1515.5,,,,1510.0,,1516.75,,,,,,,,,,,1515.5,baghdad_kifah,2,3,0.724,
2024-09-30,,,1517.5,1516.0,,1516.0,,,,1516.0,,1516.0,,,,,,,,,,,1516.0,baghdad_kifah,2,3,0.329,
2024-10-01,,,1519.0,1518.0,,1523.5,,,,1518.5,,1520.5,,,,,,,,,,,1523.5,baghdad_kifah,2,3,0.263,
2024-10-02,,,1533.83,1530.0,,1534.5,,,,1530.75,,1536.17,,,,,,,,,,,1534.5,baghdad_kifah,3,3,0.555,
2024-10-03,,,1532.5,1532.0,,1531.0,,,,1540.0,,1537.5,,,,,,,,,,,1531.0,baghdad_kifah,3,3,0.976,
2024-10-06,,,1541.75,1555.0,,1558.5,,,,1544.0,,1552.0,,,,,,,,,,,1558.5,baghdad_kifah,3,3,1.881,baghdad_generic
2024-10-07,,,1546.25,1540.0,1543.0,1546.0,1541.0,,,1541.75,,1534.25,,,,,,,,,,,1546.0,baghdad_kifah,3,3,2.053,erbil
2024-10-08,,,1534.5,1531.5,,1531.0,,,,1533.5,,1538.5,,,,,,,,,,,1531.0,baghdad_kifah,3,3,1.173,
2024-10-09,,,1530.17,,,1534.0,,,,1529.75,,1534.25,,,,,,,,,,,1534.0,baghdad_kifah,3,3,0.294,
2024-10-10,,,1540.5,,,1538.0,,,,1534.5,,1539.0,,,,,,,,,,,1538.0,baghdad_kifah,3,3,0.454,
2024-10-13,,,1532.5,1526.0,,1526.0,1527.0,,,1537.5,,1530.63,,,,,,,,,,,1526.0,baghdad_kifah,3,3,1.142,
2024-10-14,,,1532.5,1532.0,1530.5,1530.0,,,,1530.0,,1532.75,,,,,,,,,,,1530.0,baghdad_kifah,2,3,0.326,
2024-10-15,,,1529.5,,1531.0,1529.5,1530.0,,,1533.25,,1533.38,,,,,,,,,,,1529.5,baghdad_kifah,2,3,0.554,
2024-10-16,,,1531.0,1530.0,,1529.0,,,,1528.0,,1534.25,,,,,,,,,,,1529.0,baghdad_kifah,3,3,0.457,
2024-10-17,,,1531.67,,,1531.0,,,,1530.75,,1536.25,,,,,,,,,,,1531.0,baghdad_kifah,3,3,0.392,
2024-10-20,,,1529.0,1528.0,,1527.5,,,,1527.0,,1528.5,,,,,,,,,,,1527.5,baghdad_kifah,3,3,0.589,
2024-10-21,,,1531.67,1525.5,1526.5,1525.0,,,,1534.5,,1530.0,,,,,,,,,,,1525.0,baghdad_kifah,3,3,0.979,
2024-10-22,,,1530.25,1525.5,,1526.0,,,,1525.0,,1532.25,,,,,,,,,,,1526.0,baghdad_kifah,2,3,0.685,
2024-10-23,,,1526.67,1526.0,1527.0,1526.0,,,,1529.75,,1528.5,,,,,,,,,,,1526.0,baghdad_kifah,3,3,0.523,
2024-10-24,,,1527.0,1522.25,,1523.5,,,,1526.75,,1529.0,,,,,,,,,,,1523.5,baghdad_kifah,2,3,0.753,
2024-10-27,1510.5,,1508.0,1505.5,1506.0,1506.0,,,1510.0,1515.25,1510.0,1514.0,1510.5,1510.0,1510.0,1510.0,1510.0,,,1510.5,1510.0,,1506.0,baghdad_kifah,3,3,0.957,
2024-10-28,1510.5,,1508.83,1509.75,,1510.0,,,1510.0,1509.5,1510.0,1510.75,1510.5,1510.0,1510.0,1510.0,1510.0,,,1510.5,1510.0,,1510.0,baghdad_kifah,3,3,0.232,
2024-10-29,1507.5,,1508.33,,,1506.0,,,1507.0,1506.75,1507.0,1509.5,1507.5,1507.5,1507.0,1507.5,1507.5,,,1507.5,1507.5,,1506.0,baghdad_kifah,3,3,0.696,
2024-10-30,1503.5,,1507.17,1504.0,,1504.0,,,1503.0,1504.0,1503.0,1506.0,1503.5,1503.5,1503.0,1503.5,1503.5,,,1503.5,1503.5,,1504.0,baghdad_kifah,3,3,1.062,
2024-10-31,1506.5,,1507.83,,1502.5,1502.5,,,1506.0,1506.25,1506.0,1505.0,1506.5,1506.5,1506.0,1506.5,1506.5,,,1506.5,1506.5,,1502.5,baghdad_kifah,3,3,0.597,
2024-11-03,,,1511.67,1507.5,,1509.0,,,,1506.0,,1512.5,,,,,,,,,,,1509.0,baghdad_kifah,3,3,0.662,
2024-11-04,1511.5,,1513.83,1511.5,1511.0,1510.5,,,1511.0,1511.25,1511.0,1512.5,1511.5,1511.5,1511.0,1511.5,1511.5,,,1511.5,1511.5,,1510.5,baghdad_kifah,3,3,0.727,
2024-11-05,1508.5,,1509.67,1506.0,1507.0,1507.0,1506.75,,1508.0,1509.75,1509.0,1511.0,1509.5,1508.5,1509.0,1509.5,1508.5,,,1509.5,1508.5,,1507.0,baghdad_kifah,3,3,0.529,
2024-11-06,1510.5,,1509.0,1508.5,,1509.0,1508.5,,1510.0,1508.5,1510.0,1511.5,1510.5,1510.0,1510.0,1510.0,1510.0,,,1510.0,1510.0,,1509.0,baghdad_kifah,3,3,0.463,
2024-11-07,,,1511.5,1506.5,,1507.0,,,,1508.25,,1514.0,,,,,,,,,,,1507.0,baghdad_kifah,3,3,0.793,
2024-11-10,,,1508.17,1505.5,,1505.75,,,,1507.75,,1508.0,,,,,,,,,,,1505.75,baghdad_kifah,3,3,0.53,
2024-11-11,,,1507.5,,1503.0,1504.0,,1503.0,,1506.5,,1506.75,,,,,,,,,,,1504.0,baghdad_kifah,2,3,0.465,
2024-11-12,,,1507.0,,,1502.0,1501.0,,,1505.75,,1503.25,,,,,,,,,,,1502.0,baghdad_kifah,2,3,0.565,
2024-11-13,,,1510.0,1504.5,1505.0,1504.5,,,,1504.5,,1507.75,,,,,,,,,,,1504.5,baghdad_kifah,2,3,0.298,
2024-11-14,,,1510.33,1507.5,,1508.0,,,,1508.5,,1508.5,,,,,,,,,,,1508.0,baghdad_kifah,3,3,0.53,
2024-11-17,,,1507.0,,,,,,,1506.5,,1504.75,,,,,,,,,,,1507.0,baghdad_generic,3,3,0.73,
2024-11-18,,,1506.25,1504.0,,1503.5,,,,1505.25,,1506.25,,,,,,,,,,,1503.5,baghdad_kifah,3,3,0.232,
2024-11-19,,,1507.67,,,1506.5,,,,1506.5,,1506.75,,,,,,,,,,,1506.5,baghdad_kifah,3,3,0.299,
2024-11-24,,,1505.75,,,1501.25,,,,1503.75,,1506.25,,,,,,,,,,,1501.25,baghdad_kifah,2,3,0.499,
2024-11-25,,,1505.25,1503.5,,1503.5,,1504.0,,1502.75,,1504.5,,,,,,,,,,,1503.5,baghdad_kifah,2,3,0.066,
2024-11-26,,,1506.0,1499.5,,1498.5,1499.0,,,1503.5,,1504.25,,,,,,,,,,,1498.5,baghdad_kifah,2,3,0.765,
2024-11-27,,,1502.5,1498.5,1499.0,1498.5,,,,1500.75,,1501.0,,,,,,,,,,,1498.5,baghdad_kifah,2,3,0.233,
2024-11-28,1501.0,,1501.67,1501.0,1500.0,1500.0,,,1500.5,1503.75,1500.5,1502.5,1501.0,1501.0,1500.5,1501.0,1501.0,,,1501.0,1501.0,,1500.0,baghdad_kifah,3,3,0.499,
2024-12-01,,,1501.0,1499.0,1498.5,1499.25,,,,1500.0,,1502.25,,,,,,,,,,,1499.25,baghdad_kifah,2,3,0.667,
2024-12-02,,,1505.0,,1501.5,1502.0,,,,1502.5,,1503.75,,,,,,,,,,,1502.0,baghdad_kifah,2,3,0.333,
2024-12-03,,,1503.5,,,1500.5,,,,1501.25,,1501.25,,,,,,,,,,,1500.5,baghdad_kifah,3,3,0.233,
2024-12-04,,,1506.25,1502.0,,1505.0,1504.0,,,1502.25,,1504.5,,,,,,,,,,,1505.0,baghdad_kifah,2,3,0.166,
2024-12-05,,,1506.5,1504.25,1504.5,1504.5,,,,1502.25,,1503.38,,,,,,,,,,,1504.5,baghdad_kifah,2,3,0.133,
2024-12-08,1509.0,,1510.33,,,1511.5,,1510.0,1508.5,1511.0,1508.5,1511.0,1509.0,1508.0,1508.5,1508.0,1508.0,,,1508.0,1509.0,,1511.5,baghdad_kifah,3,3,0.596,
2024-12-09,1505.0,,1508.83,1506.5,,1507.0,1507.0,,1506.5,1507.5,1505.5,1510.0,1506.0,1506.0,1505.5,1506.0,1506.0,,,1506.0,1505.0,,1507.0,baghdad_kifah,3,3,0.729,
2024-12-10,,,1506.0,1508.5,,1508.5,1509.0,,,1506.25,,1507.5,,,,,,,,,,,1508.5,baghdad_kifah,3,3,0.598,
2024-12-11,,,1506.17,,,1505.0,,,,1503.0,,1502.75,,,,,,,,,,,1505.0,baghdad_kifah,3,3,0.432,
2024-12-12,,,1507.5,1504.0,1504.0,1504.5,,,,1506.5,,1502.75,,,,,,,,,,,1504.5,baghdad_kifah,2,3,0.332,
2024-12-15,,,1510.67,1509.0,,1509.5,1506.0,1508.5,,1507.5,,1503.75,,,,,,,,,,,1509.5,baghdad_kifah,3,3,0.499,
2024-12-16,,,1512.25,,,1508.5,1509.5,,,1506.0,,1506.25,,,,,,,,,,,1508.5,baghdad_kifah,2,3,0.166,
2024-12-17,,,1512.0,1510.5,1513.5,1511.5,,,,1505.75,,1506.25,,,,,,,,,,,1511.5,baghdad_kifah,2,3,0.432,
2024-12-18,,,1511.83,1509.5,1509.5,1509.5,,,,1507.75,,1506.25,,,,,,,,,,,1509.5,baghdad_kifah,3,3,0.365,
2024-12-19,,,1511.0,,,1510.5,1510.5,,,1507.25,,1507.0,,,,,,,,,,,1510.5,baghdad_kifah,2,3,0.299,
2024-12-22,,,1509.0,1506.5,,1507.0,,,,1508.0,,1504.0,,,,,,,,,,,1507.0,baghdad_kifah,1,3,0.0,
2024-12-23,1511.0,,1511.67,1511.5,1513.0,1512.5,,,1510.5,1508.75,1510.5,1508.0,1511.5,1511.0,1510.5,1511.0,1510.0,,,1511.0,1511.0,,1512.5,baghdad_kifah,3,3,0.331,
2024-12-24,,,1514.33,,1515.0,,,,,1512.25,,1513.63,,,,,,,,,,,1514.33,baghdad_generic,3,3,0.198,
2024-12-25,,,1516.25,1517.5,1518.0,1518.0,,,,1515.0,,1517.25,,,,1520.0,,,,,,,1518.0,baghdad_kifah,2,3,0.231,
2024-12-26,,,1520.75,1518.0,,1518.0,,,,1518.5,,1521.0,,,,1518.0,,,,,,,1518.0,baghdad_kifah,2,3,0.526,
2024-12-29,1516.0,,1517.5,1513.0,1512.5,1513.0,,,1516.5,1517.5,1516.5,1519.5,1516.5,1516.0,1516.5,1516.0,1516.0,,,1516.0,1516.0,,1513.0,baghdad_kifah,3,3,0.724,
2024-12-30,,,1519.5,1517.5,,1517.5,,,,1520.0,,1518.5,,,,,,,,,,,1517.5,baghdad_kifah,2,3,0.329,
2024-12-31,1516.0,,1518.33,,,,,,1516.5,1517.5,1516.5,1518.25,1516.5,1516.0,1516.5,1516.0,1516.0,,,1516.0,1516.0,,1518.33,baghdad_generic,3,3,0.56,
2025-01-01,1516.0,,1516.25,,,,,,1516.5,1515.0,1516.5,1514.0,1516.5,1516.0,1516.5,1516.0,1516.0,,,1516.0,1516.0,,1516.25,baghdad_generic,2,3,0.165,
2025-01-02,1516.0,,1521.5,,,,,,1517.5,1518.5,1517.5,1518.0,1517.5,1517.0,1517.5,1518.0,1518.0,,,1518.0,1518.0,,1521.5,baghdad_generic,3,3,0.526,
2025-01-05,1513.0,,1516.0,1513.5,,1513.0,,,1512.5,1516.0,1512.5,1513.75,1512.5,1513.0,1513.5,1513.0,1513.0,,,1513.0,1513.0,,1513.0,baghdad_kifah,3,3,0.528,
2025-01-06,,,1515.17,1513.0,1513.0,,,,,1516.0,,1513.5,,,,,,,,,,,1515.17,baghdad_generic,3,3,0.528,
2025-01-07,1511.0,,1512.0,1508.0,1507.5,1508.0,,,1511.5,1510.0,1510.5,1509.5,1510.5,1511.0,1510.5,1511.0,1511.0,,,1511.0,1511.0,,1508.0,baghdad_kifah,3,3,0.331,
2025-01-08,1512.0,,1510.17,1509.5,,1509.5,,,1512.5,1509.25,1512.5,1509.0,1511.5,1512.0,1512.5,1512.0,1512.0,,,1512.0,1512.0,,1509.5,baghdad_kifah,3,3,0.298,
2025-01-09,1512.0,,1511.17,,,,,,1512.5,1510.5,1512.5,1512.5,1511.5,1512.0,1512.5,1512.0,1512.0,,,1512.0,1512.0,,1511.17,baghdad_generic,3,3,0.331,
2025-01-12,1512.0,,1513.0,1510.5,,1508.5,,,1512.5,1513.25,1512.5,1512.75,,1512.0,1512.5,1512.0,1512.0,,,1512.0,1512.0,,1508.5,baghdad_kifah,3,3,0.231,
2025-01-13,,1510.0,1509.5,1510.5,1512.0,1511.0,,,,1511.5,,1513.0,,,,1513.5,,,,,,,1511.0,baghdad_kifah,3,3,0.463,
2025-01-14,1511.0,,1510.42,1509.5,1509.5,1509.0,,,1511.5,1512.25,1510.5,1511.25,1510.5,1511.0,1510.5,1511.0,1511.0,,,1511.0,1511.0,,1509.0,baghdad_kifah,3,3,0.364,
2025-01-15,1512.0,,1512.83,1509.5,,1509.5,,,1512.5,1513.25,1512.5,1512.75,1512.0,1512.0,1512.5,1512.0,1512.0,,,1512.0,1512.0,,1509.5,baghdad_kifah,3,3,0.297,
2025-01-16,1508.0,,1509.5,1507.0,1507.0,1507.0,,,1507.5,1511.25,1507.5,1510.0,1508.5,1508.0,1508.5,1508.0,1508.0,,,1508.0,1508.0,,1507.0,baghdad_kifah,3,3,0.827,
2025-01-19,1507.5,,1508.67,1506.5,1506.5,1506.5,,,1507.5,1506.75,1507.5,1507.5,1507.5,1507.0,1507.5,1507.0,1507.0,,,1507.0,1507.0,,1506.5,baghdad_kifah,3,3,0.431,
2025-01-20,1509.5,,1509.83,1508.0,,1508.0,,,1509.5,1509.5,1509.5,1508.5,1509.5,1509.0,1509.5,1509.0,1509.0,,,1509.0,1509.0,,1508.0,baghdad_kifah,3,3,0.298,
2025-01-21,,,1510.75,1509.5,,1509.5,,,,1509.5,,1509.25,,,,,,,,,,,1509.5,baghdad_kifah,2,3,0.43,
2025-01-22,1509.5,,1511.0,,1509.0,1509.5,,,1509.5,1508.75,1509.5,1510.0,1509.5,1509.0,1509.5,1509.0,1509.0,,,1509.0,1509.0,,1509.5,baghdad_kifah,3,3,0.596,
2025-01-23,,,1508.75,,,1508.5,,,,1509.5,,1510.25,,,,,,,,,,,1508.5,baghdad_kifah,2,3,0.298,
2025-01-26,,,1513.25,1507.0,,1508.0,,,,1509.25,,1509.75,,,,,,,,,,,1508.0,baghdad_kifah,2,3,0.562,
2025-01-27,,,1508.0,1502.75,,1503.0,,,,1511.0,,1508.0,,,,,,,,,,,1503.0,baghdad_kifah,2,3,0.597,
2025-01-28,,,1506.25,1500.5,1500.0,1499.5,,,,1504.75,,1502.75,,,,,,,,,,,1499.5,baghdad_kifah,2,3,0.698,
2025-01-29,,,1503.75,1501.0,,1502.0,,,,1505.75,,1503.38,,,,,,,,,,,1502.0,baghdad_kifah,2,3,0.232,
2025-01-30,,,1505.17,1504.0,,1505.0,,,,1506.75,,1505.75,,,,,,,,,,,1505.0,baghdad_kifah,3,3,0.232,
2025-02-02,,,1505.0,1503.0,,1503.0,,,,1505.5,,1503.75,,,,,,,,,,,1503.0,baghdad_kifah,2,3,0.199,
2025-02-03,,,1504.67,,,1503.5,,,,1504.25,,1505.25,,,,,,,,,,,1503.5,baghdad_kifah,3,3,0.299,
2025-02-04,1501.5,,1506.67,1503.0,,1502.5,,,1501.5,1503.0,1501.5,1503.75,1501.5,1502.0,1501.5,1502.0,1502.0,,,1502.0,1501.0,,1502.5,baghdad_kifah,3,3,0.929,
2025-02-05,,,1505.0,,,1503.0,,,,1503.5,,1502.85,,,,,,,,,,,1503.0,baghdad_kifah,2,3,0.22,
2025-02-06,1503.5,,1505.0,,,1504.5,,,1503.5,1504.0,1503.5,1505.0,,1504.0,1503.5,1504.0,1504.0,,,1504.0,1503.0,,1504.5,baghdad_kifah,3,3,0.332,
2025-02-09,,,1507.5,,,1503.5,,,,1505.63,,1504.5,,,,,,,,,,,1503.5,baghdad_kifah,3,3,0.829,
2025-02-10,1501.5,,1503.33,,,,,,1501.5,1503.0,1501.5,1502.75,1501.5,1502.0,1501.5,1502.0,1502.0,,,1502.0,1502.0,,1503.33,baghdad_generic,3,3,0.299,
2025-02-11,1502.5,,1507.33,,,,,,1502.5,1503.5,1502.5,1505.13,,1502.0,1502.5,1502.0,1502.0,,,1502.0,1502.0,,1507.33,baghdad_generic,3,3,0.862,
2025-02-12,1503.5,,1503.67,,,,,,1503.5,1503.5,1503.5,1504.0,1503.5,1504.0,1503.5,1504.0,1504.0,,,1504.0,1503.0,,1503.67,baghdad_generic,3,3,0.266,
2025-02-13,,,1503.33,1502.0,,1502.5,,,,1503.25,,1503.75,,,,,,,,,,,1502.5,baghdad_kifah,3,3,0.233,
2025-02-16,1502.5,,1503.25,1501.0,,1500.5,,,1502.5,1503.5,1502.5,1503.0,1502.5,1502.0,1502.5,1502.0,1502.0,,,1502.0,1502.0,,1500.5,baghdad_kifah,2,3,0.266,
2025-02-17,1503.5,,1504.33,,,1504.0,,,1503.5,1504.5,1503.5,1504.25,1503.5,1504.0,1503.5,1504.0,1504.0,,,1504.0,1504.0,,1504.0,baghdad_kifah,3,3,0.133,
2025-02-18,1502.5,,1504.83,,,1503.25,,,1502.5,1505.5,1502.5,1504.0,1502.5,1502.0,1502.5,1502.0,1502.0,,,1502.0,1502.0,,1503.25,baghdad_kifah,3,3,0.399,
2025-02-19,1500.5,,1503.0,,,1502.5,,,1500.5,1502.5,1500.5,1502.25,1500.5,1501.0,1500.5,1501.0,1501.0,,,1500.5,1500.5,,1502.5,baghdad_kifah,3,3,0.433,
2025-02-20,1500.5,,1501.67,,,1500.0,,,1500.5,1501.0,1500.5,1500.75,1500.5,1501.0,1500.5,1501.0,1501.0,,,1500.5,1500.5,,1500.0,baghdad_kifah,3,3,0.233,
2025-02-23,,,1494.5,1497.5,1495.0,1492.5,,,,1495.5,,1493.5,,,,,,,,,,,1492.5,baghdad_kifah,2,3,0.268,
2025-02-24,1492.5,,1490.67,,,1490.0,,,1492.5,1491.5,1492.5,1494.0,1492.5,1492.0,1492.5,1492.0,1492.0,,,1492.5,1492.0,,1490.0,baghdad_kifah,3,3,0.805,
2025-02-25,,,1492.5,1488.0,,1487.0,,,,1491.25,,1492.25,,,,,,,,,,,1487.0,baghdad_kifah,2,3,0.369,
2025-02-26,1489.0,,1490.17,,,1491.0,,,1489.5,1490.25,1489.0,1490.5,1489.5,1489.0,1489.5,1489.0,1489.0,,,1489.0,1489.5,,1491.0,baghdad_kifah,3,3,0.302,
2025-02-27,1483.0,,1488.83,,,,,,1483.5,1486.63,1483.0,1488.25,1483.5,1483.0,1483.5,1483.0,1483.0,,,1483.0,1483.5,,1488.83,baghdad_generic,3,3,0.907,
2025-03-02,,,1476.33,1471.0,,,1470.5,1469.0,,1474.75,,1467.25,,,,,,,,,,,1476.33,baghdad_generic,3,3,0.784,
2025-03-03,1488.0,,1488.17,1485.0,,1490.75,,,1487.5,1488.0,1488.0,1484.0,1487.5,1488.0,1487.5,1488.0,1487.0,,,1487.5,1487.5,,1490.75,baghdad_kifah,3,3,0.539,
2025-03-04,,,1484.5,1486.0,,1487.0,,,,1485.5,,1487.0,,,,,,,,,,,1487.0,baghdad_kifah,2,3,0.741,
2025-03-05,1482.0,,1484.0,1482.5,,1483.0,,,1482.5,1483.0,1482.0,1482.75,1481.5,1483.0,1482.5,1482.0,1482.0,,,1482.0,1482.5,,1483.0,baghdad_kifah,3,3,0.337,
2025-03-06,,,1485.83,1483.0,,1483.5,,,,1486.25,,1481.75,,,,,,,,,,,1483.5,baghdad_kifah,3,3,0.505,
2025-03-09,,,1485.0,1486.0,,1486.5,,,,1488.25,,1484.75,,,,,,,,,,,1486.5,baghdad_kifah,3,3,0.235,
2025-03-10,1482.0,,1484.33,,,,,,1482.5,1484.0,1482.0,1482.75,1482.5,1482.0,1482.5,1482.0,1482.0,,,1482.0,1482.5,,1484.33,baghdad_generic,3,3,0.472,
2025-03-11,1478.0,,1481.83,,,,,,1478.5,1481.75,1478.0,1480.0,1478.5,1478.0,1477.5,1478.0,1478.0,,,1478.0,1477.5,,1481.83,baghdad_generic,3,3,0.472,
2025-03-12,,,1481.5,1478.5,,1478.0,,,,1482.5,,1478.25,,,,,,,,,,,1478.0,baghdad_kifah,2,3,0.337,
2025-03-13,,,1483.33,1479.5,,1479.5,,,,1484.0,,1481.5,,,,,,,,,,,1479.5,baghdad_kifah,3,3,0.169,
2025-03-16,1479.0,,1479.83,1478.5,,1478.5,,,1479.5,1483.75,1478.0,1478.75,1479.5,1478.5,1479.5,1479.0,1479.0,,,1479.0,1478.5,,1478.5,baghdad_kifah,3,3,0.842,
2025-03-17,1473.0,,1477.33,,,,,,1473.5,1477.25,1473.0,1473.75,1473.5,1473.5,1472.5,1473.0,1473.0,,,1473.0,1472.5,,1477.33,baghdad_generic,3,3,0.78,
2025-03-18,1474.0,,1473.5,,,1475.5,,,1474.5,1476.5,1474.0,1472.25,1475.5,1474.5,1474.5,1474.0,1474.0,,,1474.0,1474.5,,1475.5,baghdad_kifah,3,3,0.474,
2025-03-19,,,1476.0,1474.5,,1474.5,,,,1476.25,,1471.25,,,,,,,,,,,1474.5,baghdad_kifah,3,3,0.847,
2025-03-20,1474.0,,1474.33,,,1472.5,,1472.0,1474.5,1477.75,1474.0,1473.25,1475.5,1474.5,1474.5,1474.0,1474.0,,,1474.0,1474.5,,1472.5,baghdad_kifah,3,3,0.643,
2025-03-23,,,1472.67,,,,,,,1472.0,,1473.38,,,,,,,,,,,1472.67,baghdad_generic,3,3,0.407,
2025-03-24,1466.5,,1471.67,1470.0,,1470.5,,,1466.5,1472.75,1466.5,1468.75,1465.5,1467.5,1467.5,1466.5,1466.5,,,1466.5,1467.5,,1470.5,baghdad_kifah,3,3,0.985,
2025-03-25,,,1470.33,,,,,,,1473.25,,1469.75,,,,,,,,,,,1470.33,baghdad_generic,3,3,0.577,
2025-03-26,,,1471.67,,,1472.5,,,,1471.25,,1469.5,,,,,,,,,,,1472.5,baghdad_kifah,3,3,0.17,
2025-03-27,,,1472.17,1471.25,,1471.5,,,,1475.0,,1470.5,,,,,,,,,,,1471.5,baghdad_kifah,3,3,0.678,
2025-03-30,,,1477.67,,,,,,,1476.75,,,,,,,,,,,,,1477.67,baghdad_generic,3,2,0.237,
2025-04-03,,,1477.5,,,,,,,,,,,,,,,,,,,,1477.5,baghdad_generic,1,1,0.0,
2025-04-06,,,1478.75,1475.5,,1476.0,1473.5,,,1479.0,,1478.5,,,,,,,,,,,1476.0,baghdad_kifah,2,3,0.473,
2025-04-07,,,1481.5,1480.0,,1480.5,,,,1480.0,,1480.75,,,,,,,,,,,1480.5,baghdad_kifah,3,3,0.236,
2025-04-08,,,1481.0,1480.0,,1480.0,,,,1480.75,,1478.75,,,,,,,,,,,1480.0,baghdad_kifah,3,3,0.473,
2025-04-09,,,1477.67,1476.0,,1475.0,,,,1476.75,,1477.5,,,,,,,,,,,1475.0,baghdad_kifah,3,3,0.169,
2025-04-10,,,1482.25,1479.0,,1481.0,,,,1479.0,,1482.0,,,,,,,,,,,1481.0,baghdad_kifah,2,3,0.135,
2025-04-13,,,1479.0,,,1474.5,,,,1475.25,,1478.25,,,,,,,,,,,1474.5,baghdad_kifah,3,3,0.676,
2025-04-14,,,1475.83,1473.5,,1474.0,1474.5,,,1476.75,,1477.13,,,,,,,,,,,1474.0,baghdad_kifah,3,3,0.508,
2025-04-15,,,1475.0,1470.5,,,,,,1473.0,,1476.5,,,,,,,,,,,1475.0,baghdad_generic,3,3,0.542,
2025-04-16,,,1475.0,1469.0,,1468.5,1468.0,,,1473.5,,1473.75,,,,,,,,,,,1468.5,baghdad_kifah,2,3,0.882,
2025-04-17,,,1476.0,1470.0,,1470.0,1469.5,,,1470.0,,1475.25,,,,,,,,,,,1470.0,baghdad_kifah,2,3,0.542,
2025-04-20,,,1471.25,1465.0,,1465.0,1464.5,,,1467.5,,1471.75,,,,,,,,,,,1465.0,baghdad_kifah,2,3,0.714,
2025-04-21,,,1465.0,1461.0,,1460.5,1460.0,,,1463.75,,1467.5,,,,,,,,,,,1460.5,baghdad_kifah,2,3,0.683,
2025-04-22,,,1460.5,1456.5,,1457.5,1458.0,,,1460.0,,1463.0,,,,,,,,,,,1457.5,baghdad_kifah,3,3,0.685,
2025-04-23,,,1460.0,1455.5,,,,,,1457.75,,1462.25,,,,,,,,,,,1460.0,baghdad_generic,3,3,0.856,
2025-04-24,,,1450.5,1449.5,,1448.0,1449.5,,,1453.25,,1455.75,,,,,,,,,,,1448.0,baghdad_kifah,3,3,0.965,
2025-04-27,,,1453.5,,,1452.0,,,,1450.75,,1451.75,,,,,,,,,,,1452.0,baghdad_kifah,2,3,0.482,
2025-04-28,,,1452.5,1453.5,,1447.5,1452.0,,,1453.0,,1451.0,,,,,,,,,,,1447.5,baghdad_kifah,2,3,0.688,
2025-04-29,,,1448.75,1448.5,,1448.0,1447.0,,,1448.75,,1449.25,,,,,,,,,,,1448.0,baghdad_kifah,2,3,0.173,
2025-04-30,,,1451.25,1446.5,,1446.0,,,,1449.75,,1450.13,,,,,,,,,,,1446.0,baghdad_kifah,2,3,0.672,
2025-05-01,,,1450.5,1446.5,,1446.5,,,,1451.5,,1449.75,,,,,,,,,,,1446.5,baghdad_kifah,2,3,0.827,
2025-05-04,,,1448.0,1446.5,,1445.0,1446.0,,,1448.25,,1448.0,,,,,,,,,,,1445.0,baghdad_kifah,2,3,0.518,
2025-05-05,,,1446.25,1439.5,,1440.0,,,,1445.0,,1446.0,,,,,,,,,,,1440.0,baghdad_kifah,2,3,0.864,
2025-05-06,,,1438.5,,,1436.0,,,,1441.75,,1441.75,,,,,,,,,,,1436.0,baghdad_kifah,3,3,0.798,
2025-05-07,,,1432.17,1424.0,,1424.5,1426.0,,,1432.5,,1431.25,,,,,,,,,,,1424.5,baghdad_kifah,3,3,1.257,
2025-05-08,,,1427.95,1430.0,,1427.5,1430.0,,,1428.25,,1429.0,,,,,,,,,,,1427.5,baghdad_kifah,2,3,0.287,
2025-05-11,,,1428.0,,,1420.5,,,,1425.0,,1423.25,,,,,,,,,,,1420.5,baghdad_kifah,2,3,0.246,
2025-05-12,,,1432.75,1430.5,,1430.0,1432.0,,,1433.0,,1429.25,,,,,,,,,,,1430.0,baghdad_kifah,2,3,0.314,
2025-05-13,,,1429.0,,,1427.0,1427.0,,,1428.75,,1428.5,,,,,,,,,,,1427.0,baghdad_kifah,2,3,0.56,
2025-05-14,,,1428.5,1425.0,,1425.0,,,,1427.75,,1422.88,,,,,,,,,,,1425.0,baghdad_kifah,2,3,0.42,
2025-05-15,,,1429.75,1424.5,1425.0,1424.5,1424.5,,,1426.5,,1425.0,,,,,,,,,,,1424.5,baghdad_kifah,2,3,0.734,
2025-05-18,,,1425.25,1425.0,,1423.0,1425.0,,,1425.25,,1425.0,,,,,,,,,,,1423.0,baghdad_kifah,2,3,0.316,
2025-05-19,,,1426.0,1422.5,,1422.0,1422.5,,,1425.0,,1424.63,,,,,,,,,,,1422.0,baghdad_kifah,2,3,0.421,
2025-05-20,,,1426.5,,,1425.0,,,,1427.5,,1426.25,,1425.5,,,,,,,,,1425.0,baghdad_kifah,2,3,0.491,
2025-05-21,,,1425.5,1423.5,,1423.5,1424.0,,,1427.5,,1426.75,,,,,,,,,,,1423.5,baghdad_kifah,2,3,0.631,
2025-05-22,,,1424.25,1420.0,,1420.0,1420.0,,,1424.0,,1424.5,,,,,,,,,,,1420.0,baghdad_kifah,2,3,0.667,
2025-05-25,,,1416.5,1416.0,,1416.0,1419.0,,,1420.5,,1419.0,,,,,,,,,,,1416.0,baghdad_kifah,2,3,0.634,
2025-05-26,,,1413.75,1407.5,,1407.5,,,,1415.0,,1413.5,,,,,,,,,,,1407.5,baghdad_kifah,2,3,0.92,
2025-05-27,,,1410.0,1404.0,,1405.0,1404.0,,,1408.0,,1406.75,,,,,,,,,,,1405.0,baghdad_kifah,3,3,0.426,
2025-05-28,,,1410.83,1409.0,,1408.5,1408.5,,,1408.75,,1411.25,,,,,,,,,,,1408.5,baghdad_kifah,3,3,1.063,
2025-05-29,,,1414.67,1409.5,,1409.5,1409.0,,,1412.5,,1412.0,,,,,,,,,,,1409.5,baghdad_kifah,3,3,0.354,
2025-06-01,,,1413.33,1414.0,,1413.0,,,,1415.5,,1412.5,,,,,,,,,,,1413.0,baghdad_kifah,3,3,0.637,
2025-06-02,,,1418.67,1417.5,,1417.5,1414.5,,,1416.75,,1415.75,,,,,,,,,,,1417.5,baghdad_kifah,3,3,0.423,
2025-06-03,,,1413.5,1415.5,,1415.0,1415.0,,,1416.0,,1414.25,,,,,,,,,,,1415.0,baghdad_kifah,3,3,0.531,
2025-06-04,,,1415.67,1412.0,,,,,,1417.25,,1414.75,,,,,,,,,,,1415.67,baghdad_generic,3,3,0.389,
2025-06-05,,,1416.67,,,,,,,1417.0,,1415.75,,,,,,,,,,,1416.67,baghdad_generic,3,3,0.353,
2025-06-08,,,1417.5,,,,,,,,,,,,,,,,,,,,1417.5,baghdad_generic,1,1,0.0,
2025-06-09,,,1416.0,,,,,,,,,1412.5,,,,,,,,,,,1416.0,baghdad_generic,2,2,0.141,
2025-06-10,,,1413.75,,,,,,,1416.0,,1412.5,,,,,,,,,,,1413.75,baghdad_generic,2,3,0.177,
2025-06-11,,,1414.5,,1414.0,1414.0,1414.0,,,1416.25,,1414.25,,,,,,,,,,,1414.0,baghdad_kifah,3,3,0.566,
2025-06-12,,,1435.67,1432.0,,1434.0,,,,1438.0,,1437.0,,,,,,,,,,,1434.0,baghdad_kifah,3,3,0.801,
2025-06-15,,,1438.33,1436.0,,1439.0,,,,1440.0,,1442.25,,,,,,,,,,,1439.0,baghdad_kifah,3,3,0.348,
2025-06-16,,,1436.83,,,1433.0,,,,1439.5,,1438.25,,,,,,,,,,,1433.0,baghdad_kifah,3,3,0.8,
2025-06-17,,,1440.5,,,1434.0,,,,1435.75,,1439.0,,,,,,,,,,,1434.0,baghdad_kifah,2,3,0.625,
2025-06-18,,,1440.0,,1436.5,1438.5,,,,1440.0,,1439.25,,,,,,,,,,,1438.5,baghdad_kifah,2,3,0.104,
2025-06-19,,,1438.5,1442.5,,1442.5,,,,1440.5,,1442.25,,,,,,,,,,,1442.5,baghdad_kifah,2,3,0.208,
2025-06-22,,,1441.0,,,1440.0,,,,1440.5,,1439.75,,,,,,,,,,,1440.0,baghdad_kifah,2,3,0.069,
2025-06-23,,,1438.0,1436.5,,1437.5,,,,1439.75,,1438.0,,,,,,,,,,,1437.5,baghdad_kifah,2,3,0.487,
2025-06-24,,,1425.5,,,1418.5,,,,1415.0,,1412.0,,,,,,,,,,,1418.5,baghdad_kifah,2,3,1.333,
2025-06-25,,,1415.0,1416.0,,1416.0,,,,1413.0,,1410.5,,,,,,,,,,,1416.0,baghdad_kifah,3,3,0.459,
2025-06-26,,,1414.67,1414.5,1414.0,,,,,1412.5,,1411.0,,,,,,,,,,,1414.67,baghdad_generic,3,3,0.353,
2025-06-29,,,1415.25,1412.5,,1413.0,,,,1413.0,,1412.25,,,,,,,,,,,1413.0,baghdad_kifah,2,3,0.318,
2025-06-30,,,1416.5,1416.0,,1415.5,,,,1415.75,,1416.25,,,,,,,,,,,1415.5,baghdad_kifah,2,3,0.247,
2025-07-01,,,1415.0,1412.0,,1413.0,,,,1413.5,,1414.25,,,,,,,,,,,1413.0,baghdad_kifah,3,3,0.46,
2025-07-02,,,1414.67,,,1411.5,,,,1413.75,,1410.75,,,,,,,,,,,1411.5,baghdad_kifah,3,3,0.39,
2025-07-03,,,1413.17,1411.5,,1412.0,,,,1411.0,,1409.75,,,,,,,,,,,1412.0,baghdad_kifah,3,3,0.212,
2025-07-06,,,,,,,,,,1412.0,,1410.5,,,,,,,,,,,,,1,2,0.0,
2025-07-07,,1413.0,1414.17,,,1412.0,,,,1413.25,,1410.38,,,,,,,,,,,1412.0,baghdad_kifah,3,3,0.566,
2025-07-08,,,1410.83,,,1411.0,,,,1411.75,,1411.25,,,,,,,,,,,1411.0,baghdad_kifah,3,3,0.177,
2025-07-09,,,1414.83,1412.0,,1413.0,,,,1412.25,,1412.0,,,,,,,,,,,1413.0,baghdad_kifah,3,3,0.565,
2025-07-10,,,1414.5,1412.0,,1412.0,,,,1415.25,,1413.25,,,,,,,,,,,1412.0,baghdad_kifah,3,3,0.495,
2025-07-13,,,1412.5,,,,,,,1411.25,,1409.25,,,,,,,,,,,1412.5,baghdad_generic,3,3,0.389,
2025-07-14,,,1411.42,,,1410.5,,,,1412.0,,1409.25,,,,,,,,,,,1410.5,baghdad_kifah,3,3,0.124,
2025-07-15,,,1410.42,1407.0,,1406.5,,,,1408.25,,1406.5,,1410.0,,,,,,,,,1406.5,baghdad_kifah,3,3,0.798,
2025-07-16,,,1409.67,1406.0,,1407.0,,,,1407.5,,1407.25,,,,,,,,,,,1407.0,baghdad_kifah,3,3,0.851,
2025-07-17,,,1407.17,1407.5,,1407.0,,,,1409.25,,1407.25,,,,,,,,,,,1407.0,baghdad_kifah,3,3,0.391,
2025-07-20,,,1403.0,,,1403.5,,,,1404.5,,1398.5,,1400.0,,,,,,,,,1403.5,baghdad_kifah,3,3,0.855,
2025-07-21,,,1397.83,1396.5,,1396.0,,,,1398.25,,1395.25,,,,,,,,,,,1396.0,baghdad_kifah,3,3,0.823,
2025-07-22,,,1396.17,1392.0,,1394.5,,1395.0,,1394.5,,1391.75,,,,,,,,,,,1394.5,baghdad_kifah,3,3,0.287,
2025-07-23,,,1396.17,1394.0,,1394.0,,,,1396.25,,1393.25,,,,,,,,,,,1394.0,baghdad_kifah,3,3,0.716,
2025-07-24,,,1397.5,,,1394.0,,,,1397.25,,1392.5,,,,,,,,,,,1394.0,baghdad_kifah,3,3,0.501,
2025-07-27,,,1393.17,1392.0,,1392.0,,,,1395.25,,1391.75,,,,,,,,,,,1392.0,baghdad_kifah,3,3,0.323,
2025-07-28,,,1393.5,,,1392.0,,,,1395.25,,1391.25,,,,,,,,,,,1392.0,baghdad_kifah,3,3,0.323,
2025-07-29,,,1394.0,1393.5,,1393.0,1393.5,,,1394.25,,1391.25,,,,,,,,,,,1393.0,baghdad_kifah,2,3,0.18,
2025-07-30,,,1396.17,1394.0,,1393.5,,,,1394.5,,1396.0,,,,,,,,,,,1393.5,baghdad_kifah,3,3,0.466,
2025-07-31,,,1402.33,1400.0,,1398.0,1401.0,,,1400.5,,1398.63,,,,,,,,,,,1398.0,baghdad_kifah,3,3,0.285,
2025-08-03,,,1396.75,1396.5,,1398.0,1396.0,,,1396.0,,1394.5,,,,,,,,,,,1398.0,baghdad_kifah,2,3,0.143,
2025-08-04,,,1399.0,1399.0,,1398.0,1399.0,,,1399.25,,1398.25,,,,,,,,,,,1398.0,baghdad_kifah,3,3,0.143,
2025-08-05,,,1400.5,1400.0,,1399.0,,,,1400.25,,1400.75,,,,,,,,,,,1399.0,baghdad_kifah,3,3,0.393,
2025-08-06,,,1401.0,1399.5,,1398.5,1398.0,,,1398.5,,1400.5,,,,,,,,,,,1398.5,baghdad_kifah,2,3,0.286,
2025-08-07,,,1400.17,,,1398.5,1399.0,,,1398.25,,1400.38,,,,,,,,,,,1398.5,baghdad_kifah,3,3,0.303,
2025-08-10,,,1401.33,1401.0,,1400.5,1400.0,,,1400.75,,1402.0,,,,,,,,,,,1400.5,baghdad_kifah,3,3,0.25,
2025-08-11,,,1404.67,1405.0,,1403.5,,,,1403.75,,1405.75,,,,,,,,,,,1403.5,baghdad_kifah,3,3,0.249,
2025-08-12,,,1406.33,1407.0,,1406.5,,,,1407.25,,1406.5,,,,,,,,,,,1406.5,baghdad_kifah,3,3,0.284,
2025-08-13,,,1405.92,1404.25,,1404.0,,,,1405.25,,1406.5,,,,,,,,,,,1404.0,baghdad_kifah,3,3,0.302,
2025-08-14,,,1406.0,,,,,,,1406.0,,1405.5,,,,,,,,,,,1406.0,baghdad_generic,3,3,0.356,
2025-08-17,,,1407.83,1407.0,1406.0,1407.0,,,,1408.0,,1407.25,,,,,,,,,,,1407.0,baghdad_kifah,3,3,0.142,
2025-08-18,,,1414.83,1420.0,,1418.5,1418.0,,,1416.5,,1414.75,,,,,,,,,,,1418.5,baghdad_kifah,3,3,0.353,
2025-08-19,,,1421.33,1423.5,,1420.5,,,,1420.0,,1417.5,,,,,,,,,,,1420.5,baghdad_kifah,3,3,0.176,
2025-08-20,,,1432.17,,,1433.0,1432.0,,,1431.5,,1427.5,,,,,,,,,,,1433.0,baghdad_kifah,3,3,0.838,
2025-08-21,,,1424.25,1424.5,,1425.0,1431.5,,,1431.5,,1428.75,,,,,,,,,,,1425.0,baghdad_kifah,3,3,1.225,baghdad_generic
2025-08-24,,,1419.5,1416.5,,1419.0,,,,1419.5,,1419.0,,,,,,,,,,,1419.0,baghdad_kifah,3,3,0.141,
2025-08-25,,,1424.17,1421.0,,1421.0,,,,1423.25,,1422.25,,,,,,,,,,,1421.0,baghdad_kifah,3,3,0.456,
2025-08-26,,,1424.5,1421.0,,1421.5,,,,1424.25,,1422.0,,,,,,,,,,,1421.5,baghdad_kifah,2,3,0.492,
2025-08-27,,,1424.83,1423.0,1424.0,1423.5,1424.5,,,1425.0,,1421.25,,,,,,,,,,,1423.5,baghdad_kifah,3,3,0.386,
2025-08-28,,,1423.5,1422.5,,1422.0,1422.0,,,1423.75,,1420.75,,,,,,,,,,,1422.0,baghdad_kifah,3,3,0.387,
2025-08-31,,,1430.5,1427.0,,1427.0,1427.5,,,1427.0,,1427.75,,,,,,,,,,,1427.0,baghdad_kifah,2,3,0.665,
2025-09-01,,,1426.83,1425.0,,1425.0,1424.0,,,1426.25,,1424.0,,,,,,,,,,,1425.0,baghdad_kifah,3,3,0.35,
2025-09-02,,,1428.0,1426.5,,1427.0,1426.0,,,1428.75,,1425.5,,,,,,,,,,,1427.0,baghdad_kifah,3,3,0.21,
2025-09-03,,,1431.0,1429.0,,1428.5,1429.0,,,1431.25,,1427.25,,,,,,,,,,,1428.5,baghdad_kifah,3,3,0.245,
2025-09-04,,,1432.83,1430.5,,1431.0,1430.0,,,1432.75,,1431.0,,,,,,,,,,,1431.0,baghdad_kifah,3,3,0.454,
2025-09-07,,,1430.5,1429.5,1428.75,1429.0,,,,1430.75,,1428.5,,,,,,,,,,,1429.0,baghdad_kifah,3,3,0.559,
2025-09-08,,,1433.25,1431.5,1429.0,1431.5,,,,1432.25,,1431.0,,,,,,,,,,,1431.5,baghdad_kifah,2,3,0.244,
2025-09-09,,,1438.5,1436.0,,1435.0,1435.0,,,1437.75,,1436.0,,,,,,,,,,,1435.0,baghdad_kifah,3,3,0.209,
2025-09-10,,,1436.67,,,1434.0,,,,1436.5,,1435.75,,,,,,,,,,,1434.0,baghdad_kifah,3,3,0.487,
2025-09-11,,,1432.67,1431.5,,1431.5,1431.5,,,1438.25,,1431.75,,,,,,,,,,,1431.5,baghdad_kifah,3,3,1.008,
2025-09-14,,,1432.92,1429.0,,1430.5,1429.0,,,1432.75,,1429.75,,,,,,,,,,,1430.5,baghdad_kifah,3,3,0.523,
2025-09-15,,,1431.0,1430.0,1430.0,1429.5,,,,1430.75,,1430.25,,,,,,,,,,,1429.5,baghdad_kifah,3,3,0.419,
2025-09-16,,,1430.0,,,,,,,1430.75,,1428.75,,,,,,,,,,,1430.0,baghdad_generic,3,3,0.524,
2025-09-17,,,1430.0,1427.5,1426.5,1427.0,1427.0,,,1431.0,,1430.75,,,,,,,,,,,1427.0,baghdad_kifah,3,3,0.559,
2025-09-18,,,1431.0,,,1427.0,,,,1430.0,,1426.75,,,,,,,,,,,1427.0,baghdad_kifah,3,3,0.734,
2025-09-21,,,1422.0,,,,,,,1422.75,,1419.0,,,,,,,,,,,1422.0,baghdad_generic,3,3,0.844,
2025-09-22,,,1415.0,1415.5,,1415.0,1415.0,,,1416.5,,1413.0,,,,,,,,,,,1415.0,baghdad_kifah,3,3,0.637,
2025-09-23,,,1415.33,1414.0,,1414.0,1410.5,,,1415.5,,1411.5,,,,,,,,,,,1414.0,baghdad_kifah,3,3,0.142,
2025-09-24,,,1421.33,,,,,,,1417.25,,1416.0,,,,,,,,,,,1421.33,baghdad_generic,3,3,0.422,
2025-09-25,,,1418.0,1420.0,1420.5,1417.0,,,,1417.75,,1417.0,,,,,,,,,,,1417.0,baghdad_kifah,3,3,0.423,
2025-09-28,,,1415.67,1416.5,1412.5,1413.0,,,,1416.25,,1413.25,,,,,,,,,,,1413.0,baghdad_kifah,3,3,0.601,
2025-09-29,,,1417.0,1416.5,,1416.5,,,,1416.75,,1415.25,,,,,,,,,,,1416.5,baghdad_kifah,3,3,0.177,
2025-09-30,,,1416.5,1415.0,,1414.25,,,,1417.0,,1414.75,,,,,,,,,,,1414.25,baghdad_kifah,3,3,0.389,
2025-10-01,,,1415.17,1412.5,,1412.5,1412.5,,,1415.5,,1411.0,,,,,,,,,,,1412.5,baghdad_kifah,3,3,0.53,
2025-10-02,,,1415.5,,,,,,,1415.0,,1412.5,,,,,,,,,,,1415.5,baghdad_generic,2,3,0.0,
2025-10-05,,,1417.17,,,1416.0,,,,1416.75,,1414.25,,,,,,,,,,,1416.0,baghdad_kifah,3,3,0.353,
2025-10-06,,,1417.25,,,1415.0,,,,1417.0,,1414.0,,,,,,,,,,,1415.0,baghdad_kifah,2,3,0.423,
2025-10-07,,,1416.5,1415.0,,1415.75,1415.0,,,1415.75,,1413.75,,,,,,,,,,,1415.75,baghdad_kifah,2,3,0.282,
2025-10-08,,,1418.33,1418.0,,,,,,1418.0,,1416.5,,,,,,,,,,,1418.33,baghdad_generic,3,3,0.212,
2025-10-09,,,1417.5,1417.0,,1417.0,1416.5,,,1417.75,,1415.25,,,,,,,,,,,1417.0,baghdad_kifah,3,3,0.318,
2025-10-12,,,1421.0,1417.0,,1417.0,,,,1419.25,,1416.75,,,,,,,,,,,1417.0,baghdad_kifah,2,3,0.563,
2025-10-13,,,1419.0,1417.5,1417.5,1417.5,,,,1418.0,,1416.25,,,,,,,,,,,1417.5,baghdad_kifah,2,3,0.282,
2025-10-14,,,1417.0,1417.0,,1417.0,,,,1417.0,,1415.5,,,,,,,,,,,1417.0,baghdad_kifah,1,3,0.0,
2025-10-15,,,1420.75,1417.0,,1417.0,,,,1418.25,,1416.25,,,,,,,,,,,1417.0,baghdad_kifah,2,3,0.598,
2025-10-16,,,1420.25,1415.5,,1415.5,,,,1418.0,,1416.25,,,,,,,,,,,1415.5,baghdad_kifah,2,3,0.669,
2025-10-19,,,1418.75,,,,,,,1418.5,,1417.25,,,,,,,,,,,1418.75,baghdad_generic,2,3,0.211,
2025-10-20,,,1421.25,,,,,,,1418.75,,1416.5,,,,,,,,,,,1421.25,baghdad_generic,2,3,0.528,
2025-10-21,,,1415.5,,,,,,,1415.0,,1414.0,,,,,,,,,,,1415.5,baghdad_generic,2,3,0.0,
2025-10-22,,,1420.0,1414.25,1413.5,1414.0,1414.75,,,1417.25,,1415.5,,,,,,,,,,,1414.0,baghdad_kifah,2,3,0.704,
2025-10-23,,,1419.88,,,,,,,1417.0,,1414.75,,,,,,,,,,,1419.88,baghdad_generic,2,3,0.722,
2025-10-26,,,1418.5,,,1409.5,,,,1414.25,,1411.25,,,,,,,,,,,1409.5,baghdad_kifah,2,3,0.916,
2025-10-27,,,1415.0,1409.5,,1410.0,,,,1412.25,,1408.25,,,,,,,,,,,1410.0,baghdad_kifah,2,3,0.249,
2025-10-28,,,1414.0,1411.0,,1411.5,,,,1414.25,,1409.38,,,,,,,,,,,1411.5,baghdad_kifah,3,3,0.672,
2025-10-29,,,1409.75,,,1409.5,,,,1412.5,,1407.25,,,,,,,,,,,1409.5,baghdad_kifah,2,3,0.391,
2025-10-30,,,1412.83,1409.5,,1409.5,,,,1412.5,,1408.5,,,,,,,,,,,1409.5,baghdad_kifah,3,3,0.672,
2025-11-02,,,1411.33,,,1408.5,,,,1411.25,,1407.5,,,,,,,,,,,1408.5,baghdad_kifah,3,3,0.425,
2025-11-03,,,1412.67,,,,,,,1413.25,,1408.5,,,,,,,,,,,1412.67,baghdad_generic,3,3,0.566,
2025-11-04,,,1413.25,1411.5,,1411.5,1411.0,,,1413.0,,1411.5,,,,,,,,,,,1411.5,baghdad_kifah,2,3,0.496,
2025-11-05,,,1415.75,1413.0,,1413.0,1412.75,,,1414.25,,1412.25,,,,,,,,,,,1413.0,baghdad_kifah,2,3,0.389,
2025-11-06,,,1414.83,1415.0,,1415.0,1415.0,,,1415.5,,1411.75,,,,,,,,,,,1415.0,baghdad_kifah,3,3,0.565,
2025-11-09,,,1415.5,,,1415.5,,,,1415.5,,1413.0,,,,,,,,,,,1415.5,baghdad_kifah,1,3,0.0,
2025-11-10,,,1421.63,1416.25,,1416.0,,,,1418.0,,1414.75,,,,,,,,,,,1416.0,baghdad_kifah,2,3,0.756,
2025-11-11,,,1415.0,,,,,,,,,,,,,,,,,,,,1415.0,baghdad_generic,1,1,0.0,
2025-11-12,,,1420.0,1415.5,,1416.0,1415.5,,,1417.75,,1413.75,,,,,,,,,,,1416.0,baghdad_kifah,2,3,0.704,
2025-11-13,,,1416.33,1414.0,,1412.5,,,,1417.75,,1412.0,,,,,,,,,,,1412.5,baghdad_kifah,3,3,0.706,
2025-11-16,,,1416.33,1414.5,1413.5,1414.0,,,,1418.75,,1414.63,,,,,,,,,,,1414.0,baghdad_kifah,3,3,0.706,
2025-11-17,,,1416.17,1414.0,,1414.0,,,,1416.25,,1411.75,,,,,,,,,,,1414.0,baghdad_kifah,3,3,0.953,
2025-11-18,,,1412.75,1413.0,,1412.5,,,,1412.75,,1411.75,,,,,,,,,,,1412.5,baghdad_kifah,2,3,0.106,
2025-11-19,,,1413.0,1412.5,,1412.0,,1412.0,,1413.25,,1412.0,,,,,,,,,,,1412.0,baghdad_kifah,2,3,0.071,
2025-11-20,,,1413.5,1413.0,,1414.0,1413.5,1412.0,,1414.0,,1410.5,,,,,,,,,,,1414.0,baghdad_kifah,1,3,0.0,
2025-11-23,,,1415.75,,,1418.0,,,,1413.75,,1410.25,,,,,,,,,,,1418.0,baghdad_kifah,2,3,0.6,
2025-11-24,,,1433.0,1433.0,,,,,,1435.5,,1430.0,,,,,,,,,,,1433.0,baghdad_generic,3,3,0.837,
2025-11-25,,,1426.5,1424.0,,1422.0,,,,1428.5,,1420.75,,,,,,,,,,,1422.0,baghdad_kifah,3,3,0.771,
2025-11-26,,,1422.83,,,,,,,1426.0,,1416.25,,,,,,,,,,,1422.83,baghdad_generic,3,3,0.808,
2025-11-27,,,1422.0,1423.5,,1423.0,1423.0,,,1426.0,,1418.0,,,,,,,,,,,1423.0,baghdad_kifah,2,3,0.422,
2025-11-30,,,1428.33,1425.0,,1425.0,1424.5,,,1428.75,,1418.63,,,,,,,,,,,1425.0,baghdad_kifah,3,3,0.455,
2025-12-01,,,1431.67,,,1428.5,,,,1431.75,,1423.0,,,,,,,,,,,1428.5,baghdad_kifah,3,3,0.454,
2025-12-02,,,1432.83,,,,,,,1434.5,,1421.88,,,,,,,,,,,1432.83,baghdad_generic,3,3,0.872,
2025-12-03,,,,,,1425.0,,,,1428.5,,1414.5,,,,,,,,,,,1425.0,baghdad_kifah,1,3,0.0,
2025-12-04,,,,,,1426.5,,,,1429.5,,1416.5,,,,,,,,,,,1426.5,baghdad_kifah,1,3,0.0,
2025-12-07,,,1430.25,1427.5,,1427.5,,,,1431.25,,1418.75,,,,,,,,,,,1427.5,baghdad_kifah,2,3,0.664,
2025-12-08,,,1430.25,1429.5,,1429.0,,,,1430.25,,1421.0,,,,,,,,,,,1429.0,baghdad_kifah,2,3,0.422,
2025-12-09,,,1432.5,1428.75,1429.0,1429.75,,,,1432.75,,1421.5,,,,,,,,,,,1429.75,baghdad_kifah,2,3,0.492,
2025-12-10,,,1430.0,1432.0,,1432.0,1431.0,,,1432.0,,1421.5,,,,,,,,,,,1432.0,baghdad_kifah,1,3,0.0,
2025-12-11,,,1432.0,1432.0,,1432.0,,,,1430.0,,1421.5,,,,,,,,,,,1432.0,baghdad_kifah,2,3,0.35,
2025-12-14,,,1433.5,1433.5,,1433.5,,,,1434.0,,1419.5,,,,,,,,,,,1433.5,baghdad_kifah,2,3,0.0,
2025-12-15,,,1430.83,1430.5,,1431.0,,,,1433.5,,1414.0,,,,,,,,,,,1431.0,baghdad_kifah,3,3,0.105,
2025-12-16,,,1428.0,1426.0,,1427.0,1431.0,,,1428.0,,1416.5,,,,,,,,,,,1427.0,baghdad_kifah,2,3,0.14,
2025-12-17,,,1425.0,1425.25,,1424.0,,,,1427.5,,1417.0,,,,,,,,,,,1424.0,baghdad_kifah,3,3,0.14,
2025-12-18,,,1427.0,1429.5,,1429.5,,,,1431.0,,1418.0,,,,,,,,,,,1429.5,baghdad_kifah,2,3,0.07,
2025-12-21,,,1428.5,1428.0,,1428.0,1428.5,,,1430.0,,1418.0,,,,,,,,,,,1428.0,baghdad_kifah,3,3,0.105,
2025-12-22,,,1430.33,1433.0,,1432.0,,,,1433.0,,1421.5,,,,,,,,,,,1432.0,baghdad_kifah,3,3,0.28,
2025-12-23,,,1431.25,,,,,,,1431.5,,1420.0,,,,,,,,,,,1431.25,baghdad_generic,2,3,0.035,
2025-12-24,,,1431.5,,,,,,,1434.0,,1423.5,,,,,,,,,,,1431.5,baghdad_generic,3,3,0.21,
2025-12-25,,,1435.25,,,,,,,1436.5,,1424.5,,,,,,,,,,,1435.25,baghdad_generic,2,3,0.174,
2025-12-28,,,1437.33,1433.0,,1432.5,,,,1439.0,,1435.0,,,,,,,,,,,1432.5,baghdad_kifah,3,3,0.209,
2025-12-29,,,1441.17,1444.5,1445.0,1444.0,1440.0,,,1443.0,,1435.0,,,,,,,,,,,1444.0,baghdad_kifah,3,3,0.173,
2025-12-30,,,1441.33,1438.5,,1439.0,,,,1440.0,,1430.0,,,,,,,,,,,1439.0,baghdad_kifah,3,3,0.347,
2025-12-31,,,1443.5,1446.0,,1446.5,,,,1442.0,,1434.5,,,,,,,,,,,1446.5,baghdad_kifah,1,3,0.0,
2026-01-01,,,,,,1445.0,,,,1443.5,,1433.5,,,,,,,,,,,1445.0,baghdad_kifah,1,3,0.0,
2026-01-04,,,1462.33,1458.5,,1465.0,1466.0,,,1451.5,,1452.0,,,,,,,,,,,1465.0,baghdad_kifah,3,3,1.231,
2026-01-05,,,1481.75,,,1477.25,,,,1481.0,,1470.0,,,,,,,,,,,1477.25,baghdad_kifah,3,3,1.181,baghdad_generic
2026-01-06,,,1473.0,1469.75,,1465.0,,,,1460.0,,1452.25,,,,,,,,,,,1465.0,baghdad_kifah,2,3,0.543,
2026-01-07,,,1473.33,,,,,,,1473.5,,1464.5,,,,,,,,,,,1473.33,baghdad_generic,3,3,0.543,
2026-01-08,,,1468.0,1473.5,,1473.0,1473.5,,,1463.5,,1457.5,,,,,,,,,,,1473.0,baghdad_kifah,3,3,0.204,
2026-01-11,,,1464.33,1466.0,,1465.5,,,,1462.5,,1457.75,,,,,,,,,,,1465.5,baghdad_kifah,3,3,0.24,
2026-01-12,,,1465.17,1469.0,,1469.0,,1469.0,,1463.0,,1461.0,,,,,,,,,,,1469.0,baghdad_kifah,3,3,0.341,
2026-01-13,,,1468.67,1471.0,1469.0,1472.0,,1472.0,,1470.0,,1469.5,,,,,,,,,,,1472.0,baghdad_kifah,3,3,0.477,
2026-01-14,,,1480.75,,,,,,,1479.0,,1482.5,,,,,,,,,,,1480.75,baghdad_generic,2,3,0.034,
2026-01-15,,,1472.5,,,1481.0,,,,1476.0,,1474.0,,,,,,,,,,,1481.0,baghdad_kifah,2,3,0.34,
2026-01-18,,,1473.17,1472.5,,1473.0,,,,1473.25,,1476.0,,,,,,,,,,,1473.0,baghdad_kifah,3,3,0.238,
2026-01-19,,1475.0,1473.67,,,1474.5,,,,1473.75,,1478.0,,,,,,,,,,,1474.5,baghdad_kifah,3,3,0.17,
2026-01-20,,,1482.5,,1481.0,1483.5,,1481.0,,1482.0,,1484.0,,,,,,,,,,,1483.5,baghdad_kifah,1,3,0.0,
2026-01-21,,1482.0,1480.5,1481.0,1480.5,1482.0,,,,1478.75,,1480.5,,,,,,,,,,,1482.0,baghdad_kifah,3,3,0.236,
2026-01-22,,,1479.17,1480.5,,1480.5,,,,1477.0,,1479.5,,,,,,,,,,,1480.5,baghdad_kifah,3,3,0.135,
2026-01-25,,1491.0,1488.83,1490.0,,1490.0,1481.0,,,1488.0,,1495.0,,,,,,,,,,,1490.0,baghdad_kifah,3,3,0.336,
2026-01-26,,1503.0,1500.25,1521.0,,1522.0,,,,1515.0,,1527.0,,,,,,,,,,,1522.0,baghdad_kifah,3,3,2.066,baghdad_generic
2026-01-27,,,1526.75,1534.5,1534.0,1534.0,1534.0,1533.0,,1530.0,,1545.0,,,,,,,,,,,1534.0,baghdad_kifah,2,3,0.647,
2026-01-28,,,1511.0,1522.5,1516.0,1496.0,1525.0,,,1525.5,,1518.75,,,,,,,,,,,1496.0,baghdad_kifah,3,3,2.601,basra
2026-01-29,,1502.0,1498.5,1503.0,,1502.0,1495.5,1500.0,,1500.0,,1507.5,,,,,,,,,,,1502.0,baghdad_kifah,2,3,0.2,
2026-02-01,,,1485.5,1483.5,1491.5,1491.5,,,,1482.0,,1492.0,,,,,,,,,,,1491.5,baghdad_kifah,3,3,0.673,
2026-02-02,,,1490.0,,,1490.0,,,,1487.5,,1488.5,,,,,,,,,,,1490.0,baghdad_kifah,3,3,0.134,
2026-02-03,,,1495.67,1495.0,,1495.0,,,,1498.0,,1498.5,,,,,,,,,,,1495.0,baghdad_kifah,3,3,0.501,
2026-02-04,,,1496.67,1503.0,,1502.5,,,,1496.5,,1495.5,,,,,,,,,,,1502.5,baghdad_kifah,3,3,0.2,
2026-02-05,,,1499.75,1500.0,,1502.0,1499.5,,,1498.0,,1501.0,,,,1501.0,,,,,,,1502.0,baghdad_kifah,2,3,0.267,
2026-02-08,,,1498.67,1500.0,1500.0,1498.5,,,,1498.25,,1498.0,,,,1498.0,,,,,,,1498.5,baghdad_kifah,3,3,0.1,
2026-02-09,,,1499.75,1500.0,1500.0,1500.5,1499.5,,,1498.75,,1499.0,,,,1499.5,,,,,,,1500.5,baghdad_kifah,2,3,0.033,
2026-02-10,1502.5,,1501.5,1505.0,,1505.0,1505.0,1505.0,,1501.0,,1501.5,,,,1502.5,,,,,,,1505.0,baghdad_kifah,3,3,0.167,
2026-02-11,1503.0,,1508.33,,,,,,,1513.0,,1509.0,,,,,,,,,,,1508.33,baghdad_generic,3,3,0.862,
2026-02-12,1513.0,,1513.33,,1517.0,1514.0,,,,1511.5,,1510.0,,,,,,,,,,,1514.0,baghdad_kifah,3,3,0.099,
2026-02-15,,,1510.33,1509.5,1506.0,1509.0,1508.5,,,1507.5,,1508.5,,,,1507.5,,,,,,,1509.0,baghdad_kifah,3,3,0.132,
2026-02-16,,,1514.67,1513.5,,1513.0,1513.0,,,1513.5,,1515.0,,,,,,,,,,,1513.0,baghdad_kifah,3,3,0.132,
2026-02-17,,,1514.5,,,1517.5,,,,1515.0,,1517.5,,,,,,,,,,,1517.5,baghdad_kifah,2,3,0.132,
2026-02-18,,,1520.17,1520.25,1519.0,1522.5,1523.0,,,1518.0,,1522.0,,,,,,,,,,,1522.5,baghdad_kifah,3,3,0.296,
2026-02-19,,,1528.17,1527.5,,1527.0,1527.5,,,1526.0,,1529.0,,,,,,,,,,,1527.0,baghdad_kifah,3,3,0.197,
2026-02-22,,,1526.58,1527.5,,1527.5,1527.5,1527.5,,1524.25,,1525.0,,,,,,,,,,,1527.5,baghdad_kifah,3,3,0.049,
2026-02-23,,,1528.25,1531.5,1527.0,1532.0,1527.5,,,1526.25,,1527.75,,,,,,,,,,,1532.0,baghdad_kifah,2,3,0.229,
2026-02-24,,,1535.0,,1535.5,1536.0,1537.0,,,1534.5,,1531.0,,,,,,,,,,,1536.0,baghdad_kifah,3,3,0.228,
2026-02-25,,,1537.67,,,,,,,1531.0,,1533.0,,,,,,,,,,,1537.67,baghdad_generic,3,3,0.325,
2026-02-26,,,1533.83,,,,,,,1531.5,,1527.5,,,,,,,,,,,1533.83,baghdad_generic,3,3,0.228,
2026-03-01,,,1545.0,1546.5,1545.0,1552.25,1574.0,,,1544.0,,1541.5,,,,,,,,,,,1552.25,baghdad_kifah,2,3,0.676,
2026-03-02,,,1548.5,1550.0,,1550.0,,,,1549.0,,1546.5,,,,,,,,,,,1550.0,baghdad_kifah,2,3,0.194,
2026-03-03,,,1552.17,1552.0,1552.0,1553.0,1552.0,,,1550.25,,1548.0,,,,,,,,,,,1553.0,baghdad_kifah,3,3,0.161,
2026-03-04,,,1564.17,1563.5,,1564.0,1565.0,,,1560.0,,1560.5,,,,,,,,,,,1564.0,baghdad_kifah,3,3,0.416,
2026-03-05,,,1564.0,1564.25,,1565.5,1566.5,,,1565.0,,1560.5,,,,,,,,,,,1565.5,baghdad_kifah,2,3,0.224,
2026-03-08,,,1556.75,1558.0,,1560.0,,,,1558.0,,1554.5,,,,,,,,,,,1560.0,baghdad_kifah,2,3,0.289,
2026-03-09,,,1555.17,,,,,,,1554.0,,1551.0,,,,,,,,,,,1555.17,baghdad_generic,3,3,0.354,
2026-03-10,,,1540.5,1543.0,1543.0,1543.0,1545.0,,,1539.5,,1536.0,,,,,,,,,,,1543.0,baghdad_kifah,3,3,0.649,
2026-03-11,,,1540.75,1542.5,1541.5,1545.5,1542.0,1545.0,,1544.0,,1543.0,,,,,,,,,,,1545.5,baghdad_kifah,2,3,0.357,
2026-03-12,,,1539.75,1541.5,1541.0,1538.5,,,,1536.5,,1537.0,,,,,,,,,,,1538.5,baghdad_kifah,2,3,0.195,
2026-03-15,,,1546.5,1545.0,1545.0,1545.0,1545.5,,,1543.5,,1548.0,,,,,,,,,,,1545.0,baghdad_kifah,3,3,0.453,
2026-03-16,,,1545.83,1546.0,1546.5,1546.5,,,,1543.5,,1542.0,,,,,,,,,,,1546.5,baghdad_kifah,3,3,0.129,
2026-03-17,,,1545.75,1554.25,1556.0,1555.0,,,,1553.0,,1551.5,,,,,,,,,,,1555.0,baghdad_kifah,2,3,0.225,
2026-03-18,,,1550.0,1550.75,1551.5,1551.5,1552.0,,,1548.0,,1546.5,,,,,,,,,,,1551.5,baghdad_kifah,2,3,0.161,
2026-03-19,,,1551.0,1551.0,,1550.0,1550.0,,,1548.5,,1547.0,,,,,,,,,,,1550.0,baghdad_kifah,2,3,0.064,
2026-03-22,,,1545.0,,,,,,,,,1550.0,,,,,,,,,,,1545.0,baghdad_generic,1,2,0.0,
2026-03-23,,,1543.75,1543.5,1542.0,,,,,1542.5,,1540.5,,,,,,,,,,,1543.75,baghdad_generic,2,3,0.486,
2026-03-24,,,1544.33,1544.5,,1543.0,1542.0,1543.0,,1541.5,,1540.75,,,,,,,,,,,1543.0,baghdad_kifah,3,3,0.195,
2026-03-25,,,1545.17,1544.5,1544.0,1545.0,1544.5,,,1543.5,,1543.67,,,,,,,,,,,1545.0,baghdad_kifah,3,3,0.194,
2026-03-26,,,1544.17,,,1545.5,,,,1543.25,,1544.33,,,,,,,,,,,1545.5,baghdad_kifah,3,3,0.227,
2026-03-29,,,1547.33,,,1545.0,,,,1545.0,,1546.0,,,,,,,,,,,1545.0,baghdad_kifah,3,3,0.388,
2026-03-30,,,1551.75,,1550.0,1551.0,1550.0,,,1547.5,,1550.67,,,,,,,,,,,1551.0,baghdad_kifah,3,3,0.097,
2026-03-31,,,1549.67,1553.0,,1553.0,1553.0,,,1549.0,,1550.5,,,,,,,,,,,1553.0,baghdad_kifah,3,3,0.323,
2026-04-01,,,1544.33,,,,,,,1544.5,,1544.5,,,,,,,,,,,1544.33,baghdad_generic,3,3,0.227,
2026-04-02,,,1545.33,,,,,,,1543.75,,1550.0,,,,,,,,,,,1545.33,baghdad_generic,3,3,0.581,
2026-04-05,,,1546.25,,,1548.0,,,,1546.0,,1548.5,,,,,,,,,,,1548.0,baghdad_kifah,2,3,0.226,
2026-04-06,,,1546.38,,,1546.0,,,,1544.0,,1546.5,,,,,,,,,,,1546.0,baghdad_kifah,2,3,0.146,
2026-04-07,,,1549.33,,,1547.0,,,,1546.75,,1550.0,,,,,,,,,,,1547.0,baghdad_kifah,3,3,0.323,
2026-04-08,,,1526.5,1526.0,,1527.0,,,,1522.0,,1531.0,,,,,,,,,,,1527.0,baghdad_kifah,2,3,0.066,
2026-04-09,,,1531.0,,,1532.0,,,,1529.0,,1532.5,,,,,,,,,,,1532.0,baghdad_kifah,2,3,0.131,
2026-04-12,,,1542.0,,,,1539.0,,,1536.0,,1538.5,,,,,,,,,,,1542.0,baghdad_generic,2,3,0.389,
2026-04-13,,,1539.5,,,,,,,1540.0,,1541.0,,,,,,,,,,,1539.5,baghdad_generic,3,3,0.26,
2026-04-14,,,1533.83,,,,,,,1535.25,,1536.0,,,,,,,,,,,1533.83,baghdad_generic,3,3,0.163,
2026-04-15,,,1535.33,,,,,,,1535.25,,1536.25,,,,,,,,,,,1535.33,baghdad_generic,3,3,0.195,
2026-04-16,,,1533.0,,,,,,,,,,,,,,,,,,,,1533.0,baghdad_generic,2,1,0.065,
2026-04-19,,,1530.17,,,,,,,1530.0,,1532.5,,,,,,,,,,,1530.17,baghdad_generic,3,3,0.098,
2026-04-20,,,1540.75,,,,,,,1538.0,,1543.5,,,,,,,,,,,1540.75,baghdad_generic,2,3,0.227,
2026-04-21,,,1546.17,,,,,,,1544.0,,1544.5,,,,,,,,,,,1546.17,baghdad_generic,3,3,0.162,
2026-04-22,,,1550.83,,,,,,,1549.0,,1548.5,,,,,,,,,,,1550.83,baghdad_generic,3,3,0.161,
2026-04-23,,,1552.83,,,,,,,1553.0,,1552.5,,,,,,,,,,,1552.83,baghdad_generic,3,3,0.386,
2026-04-26,,,1551.0,,,,,,,1550.25,,1549.5,,,,,,,,,,,1551.0,baghdad_generic,3,3,0.484,
2026-04-27,,,1548.5,,,,,,,1548.0,,1547.75,,,,,,,,,,,1548.5,baghdad_generic,3,3,0.162,
2026-04-28,,,1542.83,,,,,,,1543.0,,1541.0,,,,,,,,,,,1542.83,baghdad_generic,3,3,0.324,
2026-04-29,,,1535.0,,,,,,,1533.25,,1534.25,,,,,,,,,,,1535.0,baghdad_generic,3,3,0.228,
2026-04-30,,,1539.33,,,,,,,1538.5,,1537.5,,,,,,,,,,,1539.33,baghdad_generic,3,3,0.13,
2026-05-03,,,1525.33,,,,,,,1526.75,,1526.25,,,,,,,,,,,1525.33,baghdad_generic,3,3,0.459,
2026-05-04,,,1527.5,,,,,,,1525.0,,1525.5,,,,,,,,,,,1527.5,baghdad_generic,3,3,0.491,
2026-05-05,,,1533.33,,,,,,,1532.75,,1531.5,,,,,,,,,,,1533.33,baghdad_generic,3,3,0.261,
2026-05-06,,,1529.17,,,,,,,1528.75,,1528.0,,,,,,,,,,,1529.17,baghdad_generic,3,3,0.131,
2026-05-07,,,1530.83,,,,,,,1530.25,,1528.0,,,,,,,,,,,1530.83,baghdad_generic,3,3,0.163,
2026-05-10,,,1539.33,,,1541.0,,,,1539.5,,1534.0,,,,,,,,,,,1541.0,baghdad_kifah,3,3,0.065,
2026-05-11,,,1541.5,,,,,,,1542.5,,1536.5,,,,,,,,,,,1541.5,baghdad_generic,3,3,0.162,
2026-05-12,,,1541.17,,,,,,,1543.0,,1539.0,,,,,,,,,,,1541.17,baghdad_generic,3,3,0.357,
2026-05-13,,,1538.17,,,,,,,1538.0,,1535.5,,,,,,,,,,,1538.17,baghdad_generic,3,3,0.065,
2026-05-14,,,1538.33,,,,,,,1538.5,,1535.0,,,,,,,,,,,1538.33,baghdad_generic,3,3,0.098,
2026-05-17,,,1539.67,,,,,,,1540.5,,1537.0,,,,,,,,,,,1539.67,baghdad_generic,3,3,0.13,
2026-05-18,,,1540.67,,,,,,,1541.0,,1538.25,,,,,,,,,,,1540.67,baghdad_generic,3,3,0.13,
2026-05-19,,,1536.83,,,,,,,1536.5,,1534.75,,,,,,,,,,,1536.83,baghdad_generic,3,3,0.065,
2026-05-20,,,1536.33,,,,,,,1536.0,,1534.88,,,,,,,,,,,1536.33,baghdad_generic,3,3,0.065,
2026-05-21,,,1536.5,,,,,,,1536.0,,1534.75,,,,,,,,,,,1536.5,baghdad_generic,3,3,0.065,
2026-05-24,,,1530.83,,,,,,,1531.25,,1528.25,,,,,,,,,,,1530.83,baghdad_generic,3,3,0.098,
2026-05-25,,,1532.5,,,,,,,1533.0,,1529.5,,,,,,,,,,,1532.5,baghdad_generic,3,3,0.098,
2026-05-26,,,1534.67,,,,,,,1534.5,,1530.5,,,,,,,,,,,1534.67,baghdad_generic,3,3,0.033,
2026-05-27,,,1532.5,,,,,,,,,,,,,,,,,,,,1532.5,baghdad_generic,1,1,0.0,
2026-05-28,,,1532.0,,,,,,,,,,,,,,,,,,,,1532.0,baghdad_generic,1,1,0.0,
2026-05-31,,,1533.83,,,,,,,1533.5,,1530.0,,,,,,,,,,,1533.83,baghdad_generic,3,3,0.065,
2026-06-01,,,1536.67,,,,,,,1538.0,,1536.5,,,,,,,,,,,1536.67,baghdad_generic,3,3,0.163,
2026-06-02,,,1537.33,,,,,,,1538.25,,1536.13,,,,,,,,,,,1537.33,baghdad_generic,3,3,0.163,
2026-06-03,,,1538.67,,,,,,,1539.25,,1537.5,,,,,,,,,,,1538.67,baghdad_generic,3,3,0.162,
2026-06-04,,,1537.5,,,,,,,1538.5,,1537.5,,,,,,,,,,,1537.5,baghdad_generic,3,3,0.163,
2026-06-07,,,1543.33,,,,,,,1542.5,,1543.38,,,,,,,,,,,1543.33,baghdad_generic,3,3,0.227,
2026-06-08,,,1541.0,,,,,,,1542.0,,1541.5,,,,,,,,,,,1541.0,baghdad_generic,2,3,0.13,
2026-06-09,,,1540.83,,,,,,,1542.0,,1540.75,,,,,,,,,,,1540.83,baghdad_generic,3,3,0.13,
2026-06-10,,,1546.83,,,,,,,1545.25,,1544.75,,,,,,,,,,,1546.83,baghdad_generic,3,3,0.453,
2026-06-11,,,1555.0,,,,,,,1553.75,,1551.13,,,,,,,,,,,1555.0,baghdad_generic,3,3,0.483,
2026-06-14,,,1549.5,,,,,,,1550.5,,1547.5,,,,,,,,,,,1549.5,baghdad_generic,2,3,0.065,
2026-06-15,,,1546.0,,,,,,,1547.75,,1544.5,,,,,,,,,,,1546.0,baghdad_generic,2,3,0.517,
2026-06-16,,,1559.0,,,,,,,1559.0,,1555.25,,,,,,,,,,,1559.0,baghdad_generic,2,3,0.289,
2026-06-17,,,1557.5,,,1562.0,,,,1561.25,,1556.25,,,,,,,,,,,1562.0,baghdad_kifah,3,3,0.482,
2026-06-18,,,1552.33,,,,,,,1551.0,,1549.5,,,,,,,,,,,1552.33,baghdad_generic,3,3,0.387,
2026-06-21,,,1563.83,,,,,,,1562.0,,1558.75,,,,,,,,,,,1563.83,baghdad_generic,3,3,0.512,
2026-06-22,,,1584.33,,,1589.0,,,,1585.25,,1589.0,,,,,,,,,,,1589.0,baghdad_kifah,3,3,0.6,
2026-06-23,,,1572.5,,,,,,,1573.75,,1570.0,,,,,,,,,,,1572.5,baghdad_generic,3,3,0.51,
2026-06-24,,,1568.33,,,,,,,1569.5,,1566.0,,,,,,,,,,,1568.33,baghdad_generic,3,3,0.159,
2026-06-25,,,1569.17,,,,,,,1570.25,,1567.75,,,,,,,,,,,1569.17,baghdad_generic,3,3,0.159,
2026-06-28,,,1550.33,,,,,,,1548.0,,1551.25,,,,,,,,,,,1550.33,baghdad_generic,3,3,0.71,
2026-06-29,,,1548.5,,,,,,,1547.0,,1545.5,,,,,,,,,,,1548.5,baghdad_generic,3,3,0.678,
2026-06-30,,,1550.33,,,,,,,1550.0,,1546.5,,,,,,,,,,,1550.33,baghdad_generic,3,3,0.194,
2026-07-01,,,1550.0,,,,,,,1550.0,,1549.75,,,,,,,,,,,1550.0,baghdad_generic,3,3,0.065,
2026-07-02,,,1542.5,,,,,,,1543.0,,1540.75,,,,,,,,,,,1542.5,baghdad_generic,3,3,0.065,
2026-07-05,,,1534.83,,,,,,,1535.25,,1535.0,,,,,,,,,,,1534.83,baghdad_generic,3,3,0.163,
2026-07-06,,,1527.67,,,,,,,1530.0,,1530.25,,,,,,,,,,,1527.67,baghdad_generic,3,3,0.621,
2026-07-07,,,1531.5,,,,,,,1531.5,,1531.5,,,,,,,,,,,1531.5,baghdad_generic,3,3,0.196,
2026-07-08,,,1539.67,,,,,,,1538.5,,1538.0,,,,,,,,,,,1539.67,baghdad_generic,3,3,0.617,
2026-07-09,,,1541.5,,,,,,,1542.0,,1539.0,,,,,,,,,,,1541.5,baghdad_generic,3,3,0.065,
2026-07-12,,,1534.83,,,,,,,1534.25,,1533.5,,,,,,,,,,,1534.83,baghdad_generic,3,3,0.163,
2026-07-13,,,1534.67,,,,,,,1534.5,,1534.0,,,,,,,,,,,1534.67,baghdad_generic,3,3,0.065,
2026-07-14,,,1536.83,,,,,,,1537.0,,1535.75,,,,,,,,,,,1536.83,baghdad_generic,3,3,0.065,
2026-07-15,,,1529.67,,,,,,,1530.75,,1531.0,,,,,,,,,,,1529.67,baghdad_generic,3,3,0.229,
2026-07-16,,,1530.0,,,,,,,1531.5,,1531.5,,,,,,,,,,,1530.0,baghdad_generic,3,3,0.163,
2026-07-19,,,1521.0,,,,,,,1524.5,,1527.0,,,,,,,,,,,1521.0,baghdad_generic,3,3,0.888,
2026-07-20,,,1505.83,,,,,,,1504.75,,1512.25,,,,,,,,,,,1505.83,baghdad_generic,3,3,0.233,
2026-07-21,,,1497.17,,,,,,,1495.5,,1502.5,,,,,,,,,,,1497.17,baghdad_generic,3,3,0.869,
2026-07-22,,,1505.67,,,,,,,1506.75,,1510.0,,,,,,,,,,,1505.67,baghdad_generic,3,3,0.266,
2026-07-23,,,1505.33,,,,,,,1505.25,,1508.5,,,,,,,,,,,1505.33,baghdad_generic,3,3,0.033,
2026-07-26,,,1499.5,,,,,,,1499.25,,1501.0,,,,,,,,,,,1499.5,baghdad_generic,3,3,0.1,
2026-07-27,,,1500.17,,,,,,,1500.25,,1503.5,,,,,,,,,,,1500.17,baghdad_generic,3,3,0.233,
2026-07-28,,,1499.0,,,,,,,1498.75,,1499.0,,,,,,,,,,,1499.0,baghdad_generic,3,3,0.067,
2026-07-29,,,1504.83,,,,,,,1505.0,,1505.5,,,,,,,,,,,1504.83,baghdad_generic,3,3,0.133,
2026-07-30,,,1506.83,,,,,,,1506.75,,1506.75,,,,,,,,,,,1506.83,baghdad_generic,3,3,0.232,
2026-08-02,,,1518.83,,,,,,,1519.5,,1520.0,,,,,,,,,,,1518.83,baghdad_generic,3,3,0.461,
2026-08-03,,,1523.5,,,,,,,1525.5,,1529.5,,,,,,,,,,,1523.5,baghdad_generic,3,3,0.591,
2026-08-04,,,1521.83,,,,,,,1524.0,,1526.0,,,,,,,,,,,1521.83,baghdad_generic,3,3,0.427,
2026-08-05,,,1521.0,,,,,,,1522.5,,1524.5,,,,,,,,,,,1521.0,baghdad_generic,3,3,0.164,
2026-08-06,,,1522.67,,,,,,,1523.25,,1525.75,,,,,,,,,,,1522.67,baghdad_generic,3,3,0.131,
2026-08-09,,,1522.83,,,,,,,1522.25,,1523.5,,,,,,,,,,,1522.83,baghdad_generic,3,3,0.099,
2026-08-10,,,1527.83,,,,,,,1529.5,,1528.5,,,,,,,,,,,1527.83,baghdad_generic,3,3,0.295,
2026-08-11,,,1534.67,,,,,,,1535.75,,1536.0,,,,,,,,,,,1534.67,baghdad_generic,3,3,0.293,
2026-08-12,,,1528.5,,,,,,,1529.5,,1528.5,,,,,,,,,,,1528.5,baghdad_generic,2,3,0.131,
2026-08-13,,,1528.5,,,,,,,1529.0,,1529.5,,,,,,,,,,,1528.5,baghdad_generic,3,3,0.229,
2026-08-16,,,1537.17,,,,,,,1537.0,,1536.75,,,,,,,,,,,1537.17,baghdad_generic,3,3,0.651,
2026-08-17,,,1543.67,,,,,,,1544.75,,1542.25,,,,,,,,,,,1543.67,baghdad_generic,3,3,0.389,
2026-08-18,,,1543.0,,,,,,,1542.75,,1540.5,,,,,,,,,,,1543.0,baghdad_generic,3,3,0.194,
2026-08-19,,,1542.83,,,,,,,1544.0,,1541.5,,,,,,,,,,,1542.83,baghdad_generic,3,3,0.032,
2026-08-20,,,1542.5,,,,,,,1542.0,,,,,,,,,,,,,1542.5,baghdad_generic,2,2,0.0,
2026-08-23,,,1540.33,,,,,,,1541.0,,1537.88,,,,,,,,,,,1540.33,baghdad_generic,3,3,0.195,
2026-08-24,,,1543.5,,,,,,,1545.5,,1544.5,,,,,,,,,,,1543.5,baghdad_generic,3,3,0.13,
2026-08-25,,,1543.0,,,,,,,1544.0,,1545.0,,,,,,,,,,,1543.0,baghdad_generic,3,3,0.097,
2026-08-26,,,1537.67,,,,,,,1539.5,,1538.25,,,,,,,,,,,1537.67,baghdad_generic,3,3,0.293,
2026-08-27,,,1538.17,,,,,,,1538.5,,1537.5,,,,,,,,,,,1538.17,baghdad_generic,3,3,0.033,
2026-08-30,,,1538.5,,,,,,,1540.0,,1538.0,,,,,,,,,,,1538.5,baghdad_generic,3,3,0.097,
2026-08-31,,,1540.33,,,,,,,1541.0,,1539.0,,,,,,,,,,,1540.33,baghdad_generic,3,3,0.032,
2026-09-01,,,1542.17,,,,,,,1543.25,,1541.5,,,,,,,,,,,1542.17,baghdad_generic,3,3,0.097,
2026-09-02,,,1546.33,,,,,,,1547.0,,1544.75,,,,,,,,,,,1546.33,baghdad_generic,3,3,0.227,
2026-09-03,,,1547.0,,,,,,,1548.0,,1546.0,,,,,,,,,,,1547.0,baghdad_generic,3,3,0.065,
2026-09-06,,,1557.83,,,,,,,1557.5,,1555.0,,,,,,,,,,,1557.83,baghdad_generic,3,3,0.193,
2026-09-07,,,1555.33,,,,,,,1555.25,,1553.5,,,,,,,,,,,1555.33,baghdad_generic,3,3,0.225,
2026-09-08,,,1562.5,,,,,,,,,,,,,,,,,,,,1562.5,baghdad_generic,1,1,0.0,
2026-09-09,,,1561.0,,,,,,,1562.0,,1558.0,,,,,,,,,,,1561.0,baghdad_generic,2,3,0.128,
2026-09-10,,,1560.0,,,,,,,,,,,,,,,,,,,,1560.0,baghdad_generic,1,1,0.0,
2026-09-13,,,1563.75,,,,,,,1565.0,,1562.0,,,,,,,,,,,1563.75,baghdad_generic,2,3,0.16,
2026-09-14,,,1565.5,,,,,,,1567.0,,1563.5,,,,,,,,,,,1565.5,baghdad_generic,2,3,0.064,
2026-09-15,,,1569.5,,,,,,,,,,,,,,,,,,,,1569.5,baghdad_generic,1,1,0.0,
2026-09-16,,,1585.0,,,,,,,,,,,,,,,,,,,,1585.0,baghdad_generic,1,1,0.0,
2026-09-17,,,1591.0,,,,,,,,,,,,,,,,,,,,1591.0,baghdad_generic,1,1,0.0,
2026-09-20,,,1582.0,,,1589.5,1589.0,,,1588.5,,1587.5,,,,,,,,,,,1589.5,baghdad_kifah,2,3,0.948,
2026-09-21,,,1580.0,,,,,,,,,,,,,,,,,,,,1580.0,baghdad_generic,1,1,0.0,
2026-09-22,,,1572.5,,,,,,,,,,,,,,,,,,,,1572.5,baghdad_generic,1,1,0.0,
2026-09-23,,,1566.5,,,,,,,,,,,,,,,,,,,,1566.5,baghdad_generic,1,1,0.0,
2026-09-24,,,1572.0,,,,,,,,,,,,,,,,,,,,1572.0,baghdad_generic,1,1,0.0,
2026-09-27,,,1555.0,,,,,,,,,,,,,,,,,,,,1555.0,baghdad_generic,1,1,0.0,
2026-09-28,,,1569.0,,,,,,,,,,,,,,,,,,1568.5,,1569.0,baghdad_generic,1,1,0.0,
2026-09-29,,,1574.0,,,,,,,,,,,,,,,,,,,,1574.0,baghdad_generic,1,1,0.0,
2026-09-30,,,1570.75,,,,,,,,,,,,,,,,,,1570.0,,1570.75,baghdad_generic,2,1,0.223,
2026-10-01,,,1573.0,1570.5,,1571.0,1572.0,,,1569.5,,1572.5,,,,,,,,,1569.5,,1571.0,baghdad_kifah,1,3,0.0,
2026-10-04,,,1585.0,,,,,,,1581.25,,1581.0,,,,,,,,,1578.5,,1585.0,baghdad_generic,1,3,0.0,
2026-10-05,,,1589.5,,,,,,,,,,,,,,,,,,1592.0,,1589.5,baghdad_generic,1,1,0.0,
