date,baghdad_open,baghdad_close,basra_open,basra_close,erbil_open,erbil_close,baghdad_market,channels_used
2020-12-01,1255.0,1255.0,1257.0,1257.0,1254.88,1254.88,baghdad_kifah,dollar_price|dollariraqi
2020-12-02,1255.5,1255.5,1257.5,1257.5,1255.0,1255.0,baghdad_kifah,dollar_price
2020-12-03,1253.0,1253.0,1254.0,1254.0,1252.0,1252.0,baghdad_kifah,dollariraqi
2020-12-06,1256.0,1256.0,1256.75,1257.0,1254.0,1254.13,baghdad_kifah,dollar_price|dollariraqi
2020-12-07,1258.0,1258.0,1259.0,1259.0,1257.0,1257.0,baghdad_kifah,dollar_price|dollariraqi
2020-12-08,1271.0,1271.0,1270.75,1270.0,1267.25,1268.25,baghdad_kifah,dollar_price|dollariraqi
2020-12-09,1264.0,1264.0,1266.0,1266.0,1262.0,1262.0,baghdad_kifah,dollar_price|dollariraqi
2020-12-10,1268.5,1268.75,1269.0,1269.0,1267.5,1267.5,baghdad_kifah,dollar_price|dollariraqi
2020-12-13,1270.5,1270.5,1269.5,1272.75,1267.5,1270.75,baghdad_kifah,dollar_price|dollariraqi
2020-12-14,1282.0,1286.5,1282.0,1282.0,1279.0,1287.0,baghdad_kifah,dollar_price|dollariraqi
2020-12-15,1278.0,1282.0,1277.5,1277.5,1279.0,1282.0,baghdad_kifah,dollar_price|dollariraqi
2020-12-16,1293.0,1295.5,1295.0,1293.5,1295.0,1293.25,baghdad_kifah,dollar_price|dollariraqi
2020-12-17,1299.0,1312.0,1294.5,1307.25,1296.5,1307.5,baghdad_kifah,dollar_price|dollariraqi
2020-12-20,1455.0,1451.0,1440.0,1437.5,1430.0,1440.0,baghdad_kifah,dollariraqi
2020-12-21,1427.0,1406.0,1420.0,1397.5,1415.0,1415.0,baghdad_kifah,dollar_price|dollariraqi
2020-12-22,1402.5,1412.5,1392.5,1392.5,1400.0,1400.0,baghdad_kifah,dollar_price|dollariraqi
2020-12-23,1405.0,1410.5,1392.5,1392.75,1402.5,1398.75,baghdad_kifah,dollar_price|dollariraqi
2020-12-24,1418.0,1421.0,1412.5,1417.5,1420.0,1426.25,baghdad_kifah,dollar_price|dollariraqi
2020-12-27,1421.0,1420.5,1417.5,1417.5,1417.75,1417.75,baghdad_kifah,dollar_price|dollariraqi
2020-12-28,1419.0,1424.75,1417.0,1422.0,1417.0,1421.5,baghdad_kifah,dollar_price|dollariraqi
2020-12-29,1430.0,1433.0,1430.0,1430.0,1431.0,1431.0,baghdad_kifah,dollar_price|dollariraqi
2020-12-30,1437.5,1442.25,1436.0,1436.0,1436.0,1436.0,baghdad_kifah,dollar_price|dollariraqi
2020-12-31,1448.0,1446.0,1445.75,1443.0,1445.0,1444.75,baghdad_kifah,dollar_price|dollariraqi
2021-01-03,1440.0,1439.25,1436.0,1436.0,1438.0,1438.0,baghdad_kifah,dollar_price|dollariraqi
2021-01-04,1437.0,1437.25,1434.5,1435.25,1437.5,1437.75,baghdad_kifah,dollar_price|dollariraqi
2021-01-05,1439.0,1438.75,1437.0,1437.0,1438.25,1438.25,baghdad_kifah,dollar_price|dollariraqi
2021-01-06,1437.0,1439.0,1434.0,1434.0,1435.0,1435.0,baghdad_kifah,dollariraqi
2021-01-07,1441.0,1439.5,1437.5,1437.5,1439.5,1439.5,baghdad_kifah,dollar_price|dollariraqi
2021-01-10,1429.0,1429.5,1429.0,1429.5,1432.5,1432.5,baghdad_kifah,dollar_price|dollariraqi
2021-01-11,1432.25,1432.0,1429.5,1429.0,1431.0,1431.0,baghdad_kifah,dollar_price|dollariraqi
2021-01-12,1435.0,1436.0,1433.0,1433.0,1434.5,1434.5,baghdad_kifah,dollar_price|dollariraqi
2021-01-13,1437.5,1437.75,1436.0,1436.0,1436.5,1436.5,baghdad_kifah,dollar_price|dollariraqi
2021-01-14,1437.0,1437.25,1436.0,1436.25,1436.5,1435.75,baghdad_kifah,dollar_price|dollariraqi
2021-01-17,1441.0,1450.0,1442.0,1447.0,1441.0,1445.0,baghdad_kifah,dollariraqi
2021-01-18,1449.5,1453.0,1450.0,1452.5,1448.0,1448.0,baghdad_kifah,dollar_price|dollariraqi
2021-01-19,1457.0,1457.0,1456.75,1456.5,1459.25,1456.0,baghdad_kifah,dollar_price|dollariraqi
2021-01-20,1458.0,1457.75,1457.0,1457.0,1457.5,1457.5,baghdad_kifah,dollar_price|dollariraqi
2021-01-21,1456.0,1455.5,1455.75,1455.0,1456.13,1455.0,baghdad_kifah,dollar_price|dollariraqi
2021-01-24,1456.5,1456.0,1455.75,1455.75,1455.5,1455.5,baghdad_kifah,dollar_price|dollariraqi
2021-01-25,1455.75,1455.25,1455.0,1455.0,1456.25,1456.38,baghdad_kifah,dollar_price|dollariraqi
2021-01-26,1455.0,1455.5,1455.0,1455.0,1455.75,1455.75,baghdad_kifah,dollariraqi
2021-01-27,1453.25,1453.75,1452.5,1452.5,1456.0,1456.0,baghdad_kifah,dollar_price|dollariraqi
2021-01-28,1453.5,1451.75,1452.0,1452.0,1455.5,1455.5,baghdad_kifah,dollar_price|dollariraqi
2021-01-31,1447.5,1449.5,1446.0,1446.0,1450.0,1450.0,baghdad_kifah,dollar_price|dollariraqi
2021-02-01,1454.0,1451.5,1452.5,1452.5,1455.0,1455.0,baghdad_kifah,dollariraqi
2021-02-02,1452.0,1451.75,1451.0,1451.0,1454.25,1454.25,baghdad_kifah,dollar_price|dollariraqi
2021-02-03,1452.0,1452.25,1450.5,1450.5,1454.0,1454.0,baghdad_kifah,dollar_price|dollariraqi
2021-02-04,1453.0,1453.5,1452.0,1452.0,1454.75,1454.75,baghdad_kifah,dollar_price|dollariraqi
2021-02-07,1458.0,1458.25,1458.5,1458.5,1457.25,1457.25,baghdad_kifah,dollar_price|dollariraqi
2021-02-08,1458.0,1458.0,1460.25,1460.25,1458.75,1458.75,baghdad_kifah,dollar_price|dollariraqi
2021-02-09,1461.0,1460.5,1463.25,1463.25,1461.25,1461.25,baghdad_kifah,dollar_price|dollariraqi
2021-02-10,1459.5,1459.0,1459.25,1459.25,1460.25,1460.25,baghdad_kifah,dollar_price|dollariraqi
2021-02-11,1459.0,1459.13,1458.0,1458.0,1460.0,1460.0,baghdad_kifah,dollar_price|dollariraqi
2021-02-14,1459.0,1459.0,1458.5,1458.75,1460.0,1460.13,baghdad_kifah,dollar_price|dollariraqi
2021-02-15,1459.0,1459.0,1459.0,1459.0,1460.0,1460.0,baghdad_kifah,dollar_price|dollariraqi
2021-02-16,1461.0,1461.25,1463.0,1461.5,1462.0,1462.63,baghdad_kifah,dollar_price|dollariraqi
2021-02-17,1460.75,1460.75,1463.25,1463.25,1463.25,1463.25,baghdad_kifah,dollar_price|dollariraqi
2021-02-18,1461.5,1460.75,1462.0,1462.5,1462.0,1462.5,baghdad_kifah,dollariraqi
2021-02-21,1457.5,1457.5,1458.5,1458.5,1461.5,1461.5,baghdad_generic,dollar_price|dollariraqi
2021-02-22,1459.0,1458.25,1458.5,1458.5,1460.5,1460.0,baghdad_kifah,dollar_price|dollariraqi
2021-02-23,1457.0,1456.5,1457.0,1456.5,1458.0,1457.25,baghdad_kifah,dollar_price|dollariraqi
2021-02-24,1453.75,1454.0,,,,,baghdad_kifah,dollariraqi
2021-02-25,1453.5,1452.75,1454.0,1453.5,1455.25,1454.63,baghdad_kifah,dollar_price|dollariraqi
2021-03-01,1452.0,1452.25,1451.0,1451.5,1452.0,1452.75,baghdad_kifah,dollar_price|dollariraqi
2021-03-02,1453.5,1454.0,1453.5,1454.25,1455.75,1455.5,baghdad_kifah,dollar_price|dollariraqi
2021-03-03,1454.5,1455.0,1453.75,1454.25,1455.5,1455.75,baghdad_kifah,dollar_price|dollariraqi
2021-03-04,1453.0,1452.88,1452.0,1452.25,1453.0,1453.25,baghdad_kifah,dollar_price|dollariraqi
2021-03-07,1454.0,1454.0,1452.0,1452.0,1455.25,1455.25,baghdad_kifah,dollariraqi
2021-03-08,1454.0,1454.0,1453.25,1453.25,1455.88,1455.88,baghdad_kifah,dollar_price|dollariraqi
2021-03-09,1453.5,1453.75,1452.5,1452.25,1455.75,1455.88,baghdad_kifah,dollar_price|dollariraqi
2021-03-10,1454.5,1454.5,1453.0,1453.0,1456.25,1456.38,baghdad_kifah,dollar_price|dollariraqi
2021-03-11,1454.75,1454.75,1454.0,1454.0,1457.25,1457.38,baghdad_kifah,dollar_price|dollariraqi
2021-03-14,1456.5,1455.0,1454.5,1454.5,1457.25,1455.38,baghdad_kifah,dollar_price|dollariraqi
2021-03-15,1455.5,1455.5,1457.0,1453.75,1454.0,1454.75,baghdad_generic,dollar_price|dollariraqi
2021-03-16,1457.0,1458.0,1456.5,1456.5,1456.25,1456.25,baghdad_kifah,dollar_price|dollariraqi
2021-03-17,1458.0,1458.5,1458.25,1458.25,1457.0,1457.0,baghdad_kifah,dollar_price|dollariraqi
2021-03-18,1458.25,1458.25,1461.0,1461.0,1457.0,1457.0,baghdad_kifah,dollar_price|dollariraqi
2021-03-21,1458.63,1458.63,1458.0,1458.0,1457.25,1457.25,baghdad_kifah,dollar_price|dollariraqi
2021-03-22,1456.5,1455.75,1455.0,1453.5,1457.25,1457.25,baghdad_kifah,dollar_price|dollariraqi
2021-03-23,1451.5,1451.5,1448.5,1448.5,,,baghdad_kifah,dollar_price|dollariraqi
2021-03-24,1433.0,1438.0,1425.0,1425.0,1439.0,1439.0,baghdad_kifah,dollar_price|dollariraqi
2021-03-25,1445.75,1444.5,1443.0,1442.5,1448.0,1448.0,baghdad_kifah,dollar_price|dollariraqi
2021-03-28,1446.0,1445.75,1444.0,1443.5,1447.63,1446.13,baghdad_kifah,dollar_price|dollariraqi
2021-03-29,1447.5,1448.75,1446.0,1446.0,1447.0,1447.0,baghdad_kifah,dollar_price|dollariraqi
2021-03-30,1451.0,1452.75,1450.0,1450.0,1451.88,1451.88,baghdad_kifah,dollar_price|dollariraqi
2021-03-31,1457.0,1457.75,1455.0,1455.0,1457.5,1457.5,baghdad_kifah,dollar_price|dollariraqi
2021-04-01,1464.0,1466.5,1465.0,1466.5,1463.5,1466.25,baghdad_kifah,dollar_price|dollariraqi
2021-04-04,1469.0,1468.75,1471.0,1471.0,1469.25,1469.25,baghdad_kifah,dollar_price|dollariraqi
2021-04-05,1468.0,1468.0,1470.0,1470.0,1469.0,1469.0,baghdad_kifah,dollar_price|dollariraqi
2021-04-06,1469.0,1469.25,1470.0,1470.0,1470.0,1470.0,baghdad_kifah,dollar_price|dollariraqi
2021-04-07,1471.0,1471.75,1472.0,1472.0,1472.75,1472.75,baghdad_kifah,dollar_price|dollariraqi
2021-04-08,1472.0,1471.5,1473.0,1473.0,1473.0,1473.0,baghdad_kifah,dollar_price|dollariraqi
2021-04-11,1472.0,1472.0,1473.25,1473.5,1472.88,1472.75,baghdad_kifah,dollar_price|dollariraqi
2021-04-12,1474.0,1474.75,1475.0,1475.0,1475.5,1475.5,baghdad_kifah,dollar_price|dollariraqi
2021-04-13,1479.0,1479.0,1480.0,1480.0,1480.0,1480.0,baghdad_kifah,dollar_price|dollariraqi
2021-04-14,1490.0,1484.5,1490.5,1490.5,1490.0,1490.0,baghdad_kifah,dollar_price|dollariraqi
2021-04-15,1479.0,1479.0,1479.0,1479.0,1480.0,1480.0,baghdad_kifah,dollariraqi
2021-04-18,1479.5,1480.25,1481.75,1481.75,1482.25,1482.25,baghdad_kifah,dollar_price|dollariraqi
2021-04-19,1482.0,1482.0,1484.0,1484.0,1482.5,1482.5,baghdad_kifah,dollariraqi
2021-04-20,1479.25,1479.25,1481.25,1481.25,1480.63,1480.63,baghdad_kifah,dollar_price|dollariraqi
2021-04-21,1480.5,1480.5,1482.0,1482.0,1481.25,1481.5,baghdad_kifah,dollariraqi
2021-04-22,1478.0,1478.0,1480.0,1480.0,1480.0,1480.0,baghdad_kifah,dollariraqi
2021-04-25,1478.5,1478.5,1480.0,1480.0,1477.5,1477.5,baghdad_kifah,dollar_price|dollariraqi
2021-04-26,1480.0,1480.0,1481.5,1481.5,1482.0,1482.0,baghdad_kifah,dollariraqi
2021-04-27,1477.88,1477.88,1480.0,1480.0,1478.0,1478.0,baghdad_kifah,dollar_price|dollariraqi
2021-04-28,1477.75,1477.75,1479.0,1479.0,1479.25,1479.25,baghdad_kifah,dollar_price|dollariraqi
2021-04-29,1478.75,1478.63,1479.0,1479.5,1480.0,1480.38,baghdad_kifah,dollar_price|dollariraqi
2021-05-02,1479.5,1479.5,1480.0,1480.0,1482.0,1482.0,baghdad_kifah,dollar_price|dollariraqi
2021-05-03,1481.0,1481.0,1481.5,1481.5,1482.0,1482.0,baghdad_kifah,dollar_price
2021-05-04,1480.5,1480.5,1480.0,1480.0,1481.0,1481.0,baghdad_kifah,dollar_price
2021-05-05,1481.25,1481.25,1481.0,1481.0,1482.5,1482.5,baghdad_kifah,dollar_price|dollariraqi
2021-05-06,1483.75,1483.75,,,,,baghdad_kifah,dollar_price|dollariraqi
2021-05-09,1483.5,1483.5,,,,,baghdad_kifah,dollar_price|dollariraqi
2021-05-10,1482.0,1482.0,1482.5,1482.5,1486.0,1486.0,baghdad_kifah,dollar_price|dollariraqi
2021-05-11,1483.0,1483.0,1483.0,1483.0,1486.0,1486.0,baghdad_kifah,dollar_price|dollariraqi
2021-05-17,1485.0,1485.0,1486.0,1486.0,1485.5,1485.5,baghdad_kifah,dollar_price
2021-05-18,1486.0,1486.0,1486.0,1486.0,1486.0,1486.0,baghdad_kifah,dollar_price|dollariraqi
2021-05-19,1486.5,1486.75,1488.0,1488.0,1488.0,1488.0,baghdad_kifah,dollar_price|dollariraqi
2021-05-20,1487.0,1487.0,1488.5,1488.5,1489.25,1489.25,baghdad_kifah,dollar_price|dollariraqi
2021-05-24,1488.5,1488.5,1489.5,1489.5,1489.25,1489.25,baghdad_kifah,dollar_price|dollariraqi
2021-05-25,1488.5,1489.75,1490.0,1490.0,1490.5,1490.5,baghdad_kifah,dollar_price|dollariraqi
2021-05-26,1491.5,1491.5,1492.5,1492.5,1490.75,1490.75,baghdad_kifah,dollar_price|dollariraqi
2021-05-27,1495.0,1494.0,1496.0,1496.0,1493.5,1493.5,baghdad_kifah,dollar_price|dollariraqi
2021-05-30,1492.0,1492.0,1493.75,1493.75,1491.5,1491.5,baghdad_kifah,dollar_price|dollariraqi
2021-05-31,1492.75,1492.75,1494.0,1494.0,1492.13,1492.13,baghdad_kifah,dollar_price|dollariraqi
2021-06-01,1494.5,1494.5,1496.0,1496.0,1496.0,1496.0,baghdad_kifah,dollar_price|dollariraqi
2021-06-02,1495.0,1495.0,1497.75,1497.75,1495.5,1495.5,baghdad_kifah,dollar_price|dollariraqi
2021-06-03,1491.5,1491.5,1493.0,1493.0,1493.25,1493.25,baghdad_kifah,dollariraqi
2021-06-06,1496.0,1496.0,1495.5,1495.5,1498.0,1498.0,baghdad_kifah,dollariraqi
2021-06-07,1499.0,1499.0,1498.5,1498.5,1500.0,1500.0,baghdad_kifah,dollar_price|dollariraqi
2021-06-08,1495.0,1495.0,,,,,baghdad_generic,dollariraqi
2021-06-09,1500.0,1501.0,,,,,baghdad_kifah,dollar_price|dollariraqi
2021-06-10,1503.0,1503.0,1503.0,1503.0,1505.5,1505.5,baghdad_kifah,dollar_price|dollariraqi
2021-06-13,1501.0,1501.0,1502.0,1502.0,1502.25,1502.25,baghdad_kifah,dollar_price|dollariraqi
2021-06-14,1502.0,1499.5,1503.0,1503.0,1503.25,1503.25,baghdad_kifah,dollar_price|dollariraqi
2021-06-15,1495.5,1494.25,1496.5,1496.5,1496.5,1496.5,baghdad_kifah,dollar_price|dollariraqi
2021-06-16,1492.0,1489.5,1492.5,1492.5,1493.0,1493.0,baghdad_kifah,dollar_price|dollariraqi
2021-06-17,1486.0,1485.5,1489.0,1489.0,1488.0,1488.0,baghdad_kifah,dollar_price|dollariraqi
2021-06-20,1484.5,1484.0,1485.5,1485.5,1485.5,1485.5,baghdad_kifah,dollariraqi
2021-06-21,1484.0,1482.0,1486.0,1486.0,1485.5,1485.5,baghdad_kifah,dollar_price|dollariraqi
2021-06-22,1478.0,1476.5,1481.0,1481.0,1479.5,1479.5,baghdad_kifah,dollar_price|dollariraqi
2021-06-23,1475.5,1475.5,1477.0,1477.0,1477.5,1477.5,baghdad_kifah,dollar_price|dollariraqi
2021-06-24,1473.0,1473.0,1475.0,1475.0,1476.5,1476.5,baghdad_kifah,dollar_price|dollariraqi
2021-06-27,1473.5,1473.25,1475.0,1475.0,1475.25,1475.25,baghdad_kifah,dollar_price|dollariraqi
2021-06-28,1470.25,1470.25,,,,,baghdad_kifah,dollar_price|dollariraqi
2021-06-29,1468.5,1468.5,1470.0,1470.0,1471.0,1471.0,baghdad_kifah,dollar_price|dollariraqi
2021-06-30,1469.75,1469.75,1471.0,1471.0,1473.5,1473.5,baghdad_kifah,dollar_price|dollariraqi
2021-07-01,1472.5,1471.5,1473.0,1472.5,1475.0,1475.0,baghdad_kifah,dollar_price|dollariraqi
2021-07-05,1471.75,1471.75,1472.5,1472.5,1472.5,1472.5,baghdad_kifah,dollar_price|dollariraqi
2021-07-06,1471.0,1471.0,1471.5,1471.5,1471.25,1471.25,baghdad_kifah,dollar_price|dollariraqi
2021-07-07,1470.5,1470.5,1472.5,1472.5,1472.5,1472.5,baghdad_kifah,dollar_price|dollariraqi
2021-07-08,1472.0,1472.0,1472.5,1472.5,1475.5,1475.5,baghdad_kifah,dollar_price|dollariraqi
2021-07-11,1476.75,1476.75,1477.5,1477.5,1477.75,1477.75,baghdad_kifah,dollar_price|dollariraqi
2021-07-12,1480.0,1480.0,1481.5,1481.5,1482.5,1482.5,baghdad_kifah,dollar_price|dollariraqi
2021-07-13,1478.25,1478.25,1480.0,1480.0,1478.5,1478.5,baghdad_kifah,dollar_price|dollariraqi
2021-07-14,1478.5,1478.5,1481.0,1481.0,1477.0,1477.0,baghdad_kifah,dollar_price|dollariraqi
2021-07-15,1478.0,1478.0,1480.0,1480.0,1475.0,1475.0,baghdad_kifah,dollar_price|dollariraqi
2021-07-18,1482.5,1482.5,1483.0,1483.0,1481.5,1481.5,baghdad_kifah,dollar_price|dollariraqi
2021-07-19,1482.5,1482.5,1482.5,1482.5,1481.0,1481.0,baghdad_kifah,dollar_price|dollariraqi
2021-07-25,1481.0,1478.0,1482.0,1482.0,1480.5,1480.5,baghdad_kifah,dollar_price|dollariraqi
2021-07-26,1474.5,1474.5,,,,,baghdad_kifah,dollar_price|dollariraqi
2021-07-27,1477.5,1477.5,,,,,baghdad_kifah,dollar_price|dollariraqi
2021-07-28,1477.25,1477.25,,,,,baghdad_kifah,dollar_price|dollariraqi
2021-08-01,1477.0,1477.0,1478.5,1478.5,1479.0,1479.0,baghdad_kifah,dollar_price|dollariraqi
2021-08-02,1478.5,1478.75,1480.0,1480.0,1481.0,1481.0,baghdad_kifah,dollar_price|dollariraqi
2021-08-03,1478.5,1478.5,1479.75,1479.75,1481.0,1481.0,baghdad_kifah,dollar_price|dollariraqi
2021-08-04,1478.0,1478.0,1479.0,1479.0,1480.5,1480.5,baghdad_kifah,dollar_price|dollariraqi
2021-08-05,1478.0,1478.0,1478.0,1478.0,1480.25,1480.25,baghdad_kifah,dollar_price|dollariraqi
2021-08-08,1479.5,1479.5,1480.0,1480.0,1481.0,1481.0,baghdad_kifah,dollar_price|dollariraqi
2021-08-09,1479.5,1479.5,1481.0,1481.0,1480.75,1480.75,baghdad_kifah,dollar_price|dollariraqi
2021-08-10,1478.5,1478.5,1480.0,1480.0,1478.5,1478.5,baghdad_kifah,dollar_price|dollariraqi
2021-08-11,1478.5,1478.5,1479.5,1479.5,1479.0,1479.0,baghdad_kifah,dollar_price|dollariraqi
2021-08-12,1479.5,1479.5,1481.0,1481.0,1481.0,1481.0,baghdad_kifah,dollariraqi
2021-08-15,1479.38,1479.38,1481.0,1481.0,1480.63,1480.63,baghdad_kifah,dollar_price|dollariraqi
2021-08-16,1479.5,1479.5,,,,,baghdad_kifah,dollariraqi
2021-08-17,1477.5,1477.5,1479.5,1479.5,1479.38,1479.38,baghdad_kifah,dollar_price|dollariraqi
2021-08-18,1478.0,1478.0,1480.0,1480.0,1479.75,1479.75,baghdad_kifah,dollar_price|dollariraqi
2021-08-22,1478.5,1478.5,1479.0,1479.0,1479.75,1479.75,baghdad_kifah,dollar_price
2021-08-23,1476.5,1476.5,1478.5,1478.5,1478.25,1478.25,baghdad_kifah,dollar_price|dollariraqi
2021-08-24,1474.5,1474.5,1476.5,1476.5,1477.25,1477.25,baghdad_kifah,dollar_price|dollariraqi
2021-08-25,1474.0,1474.0,1476.0,1476.0,1476.0,1476.0,baghdad_kifah,dollar_price|dollariraqi
2021-08-26,1472.0,1472.0,1474.0,1474.0,1473.75,1473.75,baghdad_kifah,dollar_price|dollariraqi
2021-08-29,1474.25,1474.25,1475.0,1475.0,1476.5,1476.5,baghdad_kifah,dollar_price|dollariraqi
2021-08-30,1474.0,1474.0,1475.5,1475.5,1475.5,1475.5,baghdad_kifah,dollar_price|dollariraqi
2021-08-31,1473.0,1473.0,1474.0,1474.0,1473.75,1473.75,baghdad_kifah,dollar_price|dollariraqi
2021-09-01,1472.0,1472.0,1473.5,1473.5,1473.5,1473.5,baghdad_kifah,dollar_price|dollariraqi
2021-09-02,1473.0,1473.0,1474.0,1474.0,1474.5,1474.5,baghdad_kifah,dollar_price|dollariraqi
2021-09-05,1473.75,1473.75,1473.5,1473.5,,,baghdad_kifah,dollar_price|dollariraqi
2021-09-06,1473.5,1473.5,1474.0,1474.0,1474.75,1474.75,baghdad_kifah,dollar_price|dollariraqi
2021-09-07,1476.0,1476.0,1476.0,1476.0,1478.0,1478.0,baghdad_kifah,dollar_price
2021-09-08,1474.0,1474.0,1474.5,1474.5,1475.5,1475.5,baghdad_kifah,dollar_price|dollariraqi
2021-09-09,1474.0,1474.0,1475.0,1475.0,1475.75,1475.75,baghdad_kifah,dollar_price|dollariraqi
2021-09-12,1475.0,1475.0,1475.0,1475.0,1476.5,1476.5,baghdad_kifah,dollar_price|dollariraqi
2021-09-13,1475.5,1475.5,1475.5,1475.5,1476.5,1476.5,baghdad_kifah,dollar_price|dollariraqi
2021-09-14,1473.88,1473.88,1474.5,1474.5,1475.63,1475.63,baghdad_kifah,dollar_price|dollariraqi
2021-09-15,1473.5,1473.5,1475.0,1475.0,1475.5,1475.5,baghdad_kifah,dollar_price|dollariraqi
2021-09-16,1474.5,1474.5,1475.5,1475.5,1475.5,1475.5,baghdad_kifah,dollar_price|dollariraqi
2021-09-19,1474.0,1474.0,1475.0,1475.0,1475.0,1475.0,baghdad_kifah,dollar_price|dollariraqi
2021-09-20,1472.5,1472.5,1474.0,1474.0,1474.0,1474.0,baghdad_kifah,dollar_price|dollariraqi
2021-09-21,1471.75,1471.75,1472.5,1472.5,1472.75,1472.75,baghdad_kifah,dollar_price|dollariraqi
2021-09-22,1471.5,1471.5,1471.5,1471.5,1472.0,1472.0,baghdad_kifah,dollar_price|dollariraqi
2021-09-23,1472.5,1472.5,1473.0,1473.0,1473.75,1473.75,baghdad_kifah,dollar_price|dollariraqi
2021-09-26,1472.5,1472.5,,,1474.25,1474.25,baghdad_generic,dollar_price|dollariraqi
2021-09-27,1472.0,1472.0,,,1472.5,1472.5,baghdad_generic,dollariraqi
2021-09-28,1472.0,1472.0,1472.5,1472.5,1472.5,1472.5,baghdad_kifah,dollariraqi
2021-09-29,1472.5,1472.5,,,,,baghdad_kifah,dollar_price
2021-09-30,1471.0,1471.0,,,,,baghdad_kifah,dollariraqi
2021-10-03,1477.5,1477.5,,,,,baghdad_kifah,dollar_price|dollariraqi
2021-10-04,1476.0,1476.0,1476.0,1476.0,1478.0,1478.0,baghdad_generic,dollar_price|dollariraqi
2021-10-05,1482.0,1482.0,1482.5,1482.5,1482.5,1482.5,baghdad_generic,dollariraqi
2021-10-06,1482.5,1482.5,1482.0,1482.0,1482.5,1482.5,baghdad_generic,dollar_price|dollariraqi
2021-10-07,1482.0,1482.0,1481.5,1481.5,1482.5,1482.5,baghdad_generic,dollar_price|dollariraqi
2021-10-10,1483.0,1483.0,,,,,baghdad_kifah,dollariraqi
2021-10-11,1482.0,1482.0,1482.5,1482.5,1484.5,1484.5,baghdad_kifah,dollar_price|dollariraqi
2021-10-12,1476.5,1476.5,1477.0,1477.0,1481.5,1481.5,baghdad_kifah,dollariraqi
2021-10-13,1480.0,1480.0,1480.0,1480.0,1481.5,1481.5,baghdad_kifah,dollar_price|dollariraqi
2021-10-14,1483.75,1483.75,1482.5,1482.5,1485.0,1485.0,baghdad_kifah,dollar_price|dollariraqi
2021-10-17,1483.5,1483.5,1483.5,1483.5,1484.75,1484.75,baghdad_kifah,dollar_price|dollariraqi
2021-10-18,1483.63,1483.63,1483.5,1483.5,1485.5,1485.5,baghdad_kifah,dollar_price|dollariraqi
2021-10-19,1480.0,1480.0,1482.0,1482.0,1483.0,1483.0,baghdad_kifah,dollar_price|dollariraqi
2021-10-20,1478.5,1478.5,1480.0,1480.0,1480.75,1480.75,baghdad_kifah,dollar_price|dollariraqi
2021-10-21,1478.0,1478.0,1479.0,1479.0,1479.75,1479.75,baghdad_kifah,dollar_price|dollariraqi
2021-10-24,1478.88,1478.88,1479.0,1479.0,1480.0,1480.0,baghdad_kifah,dollar_price|dollariraqi
2021-10-25,1478.0,1478.0,1478.5,1478.5,1478.5,1478.5,baghdad_kifah,dollariraqi
2021-10-26,1477.5,1477.5,,,,,baghdad_kifah,dollar_price|dollariraqi
2021-10-27,1476.5,1476.5,1477.0,1477.0,1475.0,1475.0,baghdad_kifah,dollar_price|dollariraqi
2021-10-28,1477.5,1477.5,1477.5,1477.5,1478.5,1478.5,baghdad_kifah,dollar_price|dollariraqi
2021-10-31,1478.0,1478.0,1478.5,1478.5,1480.0,1480.0,baghdad_kifah,dollar_price|dollariraqi
2021-11-01,1478.5,1478.5,1479.0,1479.0,1480.0,1480.0,baghdad_kifah,dollar_price|dollariraqi
2021-11-02,1479.5,1479.5,1480.0,1480.0,1482.0,1482.0,baghdad_kifah,dollar_price|dollariraqi
2021-11-03,1480.0,1480.0,,,,,baghdad_kifah,dollar_price|dollariraqi
2021-11-04,1479.5,1479.5,,,,,baghdad_kifah,dollar_price|dollariraqi
2021-11-07,1482.5,1482.5,1483.0,1483.0,1485.0,1485.0,baghdad_kifah,dollar_price|dollariraqi
2021-11-08,1482.5,1482.5,,,,,baghdad_kifah,dollar_price|dollariraqi
2021-11-09,1481.25,1481.25,1481.0,1481.0,1483.0,1483.0,baghdad_kifah,dollar_price|dollariraqi
2021-11-10,1482.0,1482.0,1481.5,1481.5,1483.5,1483.5,baghdad_kifah,dollar_price|dollariraqi
2021-11-11,1483.0,1483.0,1482.0,1482.0,1485.5,1485.5,baghdad_kifah,dollar_price|dollariraqi
2021-11-14,1482.0,1482.0,1482.0,1482.0,1484.5,1484.5,baghdad_kifah,dollariraqi
2021-11-15,1480.75,1481.0,1482.0,1482.0,1482.75,1482.75,baghdad_kifah,dollar_price|dollariraqi
2021-11-16,1481.0,1481.0,1482.0,1482.0,1482.75,1482.75,baghdad_kifah,dollariraqi
2021-11-17,1480.5,1480.5,1481.5,1481.5,1481.25,1481.25,baghdad_kifah,dollar_price|dollariraqi
2021-11-18,1479.75,1479.75,1485.0,1485.0,1480.75,1480.75,baghdad_kifah,dollar_price|dollariraqi
2021-11-21,1479.5,1479.5,1480.5,1480.5,1480.25,1480.25,baghdad_kifah,dollar_price|dollariraqi
2021-11-22,1479.5,1479.5,,,,,baghdad_kifah,dollar_price|dollariraqi
2021-11-23,1479.0,1479.0,1479.5,1479.5,1479.75,1479.75,baghdad_kifah,dollariraqi
2021-11-24,1479.5,1479.5,1480.0,1480.0,1481.5,1481.5,baghdad_kifah,dollar_price|dollariraqi
2021-11-25,1478.75,1478.5,1479.5,1479.5,1480.5,1480.5,baghdad_kifah,dollariraqi
2021-11-28,1478.75,1478.75,1479.0,1479.0,1480.5,1480.5,baghdad_kifah,dollar_price|dollariraqi
2021-11-29,1478.75,1478.75,1479.0,1479.0,1480.25,1480.25,baghdad_kifah,dollar_price|dollariraqi
2021-11-30,1478.38,1478.38,1478.0,1478.0,1479.5,1479.5,baghdad_kifah,dollar_price|dollariraqi
2021-12-01,1479.5,1479.5,1479.0,1479.0,1479.75,1479.75,baghdad_kifah,dollar_price|dollariraqi
2021-12-02,1479.0,1479.0,1478.5,1478.5,1480.5,1480.5,baghdad_kifah,dollar_price|dollariraqi
2021-12-05,1480.5,1480.5,1480.0,1480.0,1482.0,1482.0,baghdad_kifah,dollar_price|dollariraqi
2021-12-06,1480.0,1480.0,1480.0,1480.0,1479.5,1479.5,baghdad_kifah,dollar_price|dollariraqi
2021-12-07,1480.5,1480.5,1480.0,1480.0,1481.5,1481.5,baghdad_kifah,dollar_price|dollariraqi
2021-12-08,1481.0,1481.0,1480.5,1480.5,1482.5,1482.5,baghdad_kifah,dollar_price|dollariraqi
2021-12-09,1481.0,1481.0,1481.5,1481.5,1482.5,1482.5,baghdad_kifah,dollar_price|dollariraqi
2021-12-13,1482.0,1482.0,1482.5,1482.5,1482.0,1482.0,baghdad_kifah,dollar_price|dollariraqi
2021-12-14,1482.0,1482.0,1482.0,1482.0,1481.5,1481.5,baghdad_kifah,dollariraqi
2021-12-15,1479.63,1479.63,,,,,baghdad_kifah,dollar_price|dollariraqi
2021-12-16,1479.0,1479.0,,,,,baghdad_kifah,dollar_price|dollariraqi
2021-12-19,1479.0,1479.0,1480.0,1480.0,1479.75,1479.75,baghdad_kifah,dollar_price|dollariraqi
2021-12-20,1478.5,1478.5,1480.0,1480.0,1479.25,1479.25,baghdad_kifah,dollar_price|dollariraqi
2021-12-21,1477.5,1477.5,1478.5,1478.5,1478.5,1478.5,baghdad_kifah,dollar_price|dollariraqi
2021-12-22,1474.5,1474.5,1476.5,1476.5,1476.75,1476.75,baghdad_kifah,dollar_price|dollariraqi
2021-12-23,1477.5,1477.5,1478.5,1478.5,1479.0,1479.0,baghdad_kifah,dollar_price|dollariraqi
2021-12-26,1479.5,1479.5,1480.5,1480.5,1481.25,1481.25,baghdad_kifah,dollar_price|dollariraqi
2021-12-27,1478.5,1478.5,1479.5,1479.5,1477.25,1477.25,baghdad_kifah,dollar_price|dollariraqi
2021-12-28,1478.5,1478.5,1480.0,1480.0,1479.25,1479.25,baghdad_kifah,dollar_price|dollariraqi
2021-12-29,1477.5,1477.5,1479.0,1479.0,1479.0,1479.0,baghdad_kifah,dollar_price|dollariraqi
2021-12-30,1478.5,1478.5,1479.0,1479.0,1479.75,1479.75,baghdad_kifah,dollar_price|dollariraqi
2022-01-02,1479.0,1479.0,1479.5,1479.5,1479.5,1479.5,baghdad_kifah,dollar_price|dollariraqi
2022-01-03,1478.75,1478.75,1479.5,1479.5,1477.75,1477.75,baghdad_kifah,dollar_price|dollariraqi
2022-01-04,1478.5,1478.5,1479.0,1479.0,1477.88,1477.88,baghdad_kifah,dollar_price|dollariraqi
2022-01-05,1478.5,1478.5,1479.0,1479.0,1479.0,1479.0,baghdad_kifah,dollariraqi
2022-01-06,1478.5,1478.5,1479.0,1479.0,1479.5,1479.5,baghdad_kifah,dollariraqi
2022-01-09,1479.0,1479.0,1479.75,1479.75,1479.75,1479.75,baghdad_kifah,dollar_price|dollariraqi
2022-01-10,1481.0,1481.0,1480.5,1480.5,1481.75,1481.75,baghdad_kifah,dollar_price|dollariraqi
2022-01-11,1480.5,1480.5,1480.5,1480.5,1481.5,1481.5,baghdad_kifah,dollar_price|dollariraqi
2022-01-12,1481.0,1481.0,1481.0,1481.0,1481.75,1481.75,baghdad_kifah,dollar_price|dollariraqi
2022-01-13,1481.0,1481.0,1481.5,1481.5,1481.25,1481.25,baghdad_kifah,dollar_price|dollariraqi
2022-01-16,1481.5,1481.5,1482.0,1482.0,1482.25,1482.25,baghdad_kifah,dollar_price|dollariraqi
2022-01-17,1481.0,1481.0,,,,,baghdad_kifah,dollar_price|dollariraqi
2022-01-18,1481.5,1481.5,1482.0,1482.0,1482.5,1482.5,baghdad_kifah,dollar_price|dollariraqi
2022-01-19,1482.25,1482.25,1482.5,1482.5,1483.25,1483.25,baghdad_kifah,dollar_price|dollariraqi
2022-01-20,1481.0,1481.0,1482.0,1482.0,1482.5,1482.5,baghdad_kifah,dollar_price|dollariraqi
2022-01-23,1479.5,1479.5,1480.5,1480.5,1480.5,1480.5,baghdad_kifah,dollar_price
2022-01-24,1479.5,1479.5,1480.5,1480.5,1479.0,1479.0,baghdad_kifah,dollar_price
2022-01-25,1480.0,1480.0,1481.0,1481.0,1479.75,1479.75,baghdad_kifah,dollar_price|dollariraqi
2022-01-26,1478.5,1478.5,1480.0,1480.0,1479.25,1479.25,baghdad_kifah,dollar_price|dollariraqi
2022-01-27,1479.0,1479.0,1480.0,1480.0,1480.25,1480.25,baghdad_kifah,dollar_price|dollariraqi
2022-01-30,1479.5,1479.5,1480.0,1480.0,1480.25,1480.25,baghdad_kifah,dollar_price|dollariraqi
2022-01-31,1479.5,1479.5,1480.0,1480.0,1479.25,1479.25,baghdad_kifah,dollar_price|dollariraqi
2022-02-01,1478.25,1478.25,1479.0,1479.0,1479.25,1479.25,baghdad_kifah,dollar_price|dollariraqi
2022-02-02,1478.25,1478.25,1478.5,1478.5,1479.0,1479.0,baghdad_kifah,dollar_price|dollariraqi
2022-02-03,1477.5,1477.5,1478.0,1478.0,1478.25,1478.25,baghdad_kifah,dollar_price|dollariraqi
2022-02-06,1479.0,1479.0,1479.0,1479.0,1479.38,1479.38,baghdad_kifah,dollar_price|dollariraqi
2022-02-07,1478.75,1478.75,1479.0,1479.0,1480.5,1480.5,baghdad_kifah,dollar_price|dollariraqi
2022-02-08,1479.0,1479.0,1479.0,1479.0,1480.75,1480.75,baghdad_kifah,dollar_price|dollariraqi
2022-02-09,1478.75,1478.75,1479.0,1479.0,1480.5,1480.5,baghdad_kifah,dollar_price|dollariraqi
2022-02-10,1479.25,1479.25,1479.5,1479.5,1480.0,1480.0,baghdad_kifah,dollar_price|dollariraqi
2022-02-13,1481.0,1481.0,1481.0,1481.0,,,baghdad_kifah,dollar_price|dollariraqi
2022-02-14,1480.88,1480.88,1481.5,1481.5,1481.5,1481.5,baghdad_kifah,dollar_price|dollariraqi
2022-02-15,1479.75,1479.75,1480.5,1480.5,1480.75,1480.75,baghdad_kifah,dollariraqi
2022-02-16,1479.0,1479.0,1480.0,1480.0,1480.5,1480.5,baghdad_kifah,dollar_price|dollariraqi
2022-02-17,1479.25,1479.25,,,,,baghdad_kifah,dollariraqi
2022-02-20,1454.0,1435.0,1452.0,1452.0,,,baghdad_kifah,dollariraqi
2022-02-21,1462.0,1466.5,,,,,baghdad_kifah,dollar_price|dollariraqi
2022-02-22,1466.0,1466.0,1465.0,1465.0,1468.25,1468.25,baghdad_kifah,dollar_price|dollariraqi
2022-02-23,1461.5,1461.5,,,,,baghdad_kifah,dollar_price|dollariraqi
2022-02-24,1463.0,1463.0,,,,,baghdad_kifah,dollar_price|dollariraqi
2022-02-28,1464.0,1464.0,,,,,baghdad_kifah,dollar_price|dollariraqi
2022-03-01,1472.5,1472.5,1473.5,1473.5,1472.5,1472.5,baghdad_kifah,dollar_price|dollariraqi
2022-03-02,1471.75,1471.75,,,,,baghdad_kifah,dollar_price|dollariraqi
2022-03-03,1470.5,1470.5,,,,,baghdad_kifah,dollar_price|dollariraqi
2022-03-06,1472.0,1472.0,,,,,baghdad_kifah,dollar_price|dollariraqi
2022-03-07,1472.0,1472.0,1473.0,1473.0,1472.5,1472.5,baghdad_kifah,dollar_price|dollariraqi
2022-03-08,1474.0,1474.0,,,,,baghdad_kifah,dollar_price|dollariraqi
2022-03-09,1472.5,1472.5,,,,,baghdad_kifah,dollar_price|dollariraqi
2022-03-10,1471.0,1471.0,,,,,baghdad_kifah,dollar_price|dollariraqi
2022-03-13,1472.0,1472.0,,,,,baghdad_kifah,dollar_price|dollariraqi
2022-03-14,1473.75,1473.75,,,,,baghdad_kifah,dollar_price
2022-03-15,1473.5,1473.5,1474.0,1474.0,1472.75,1472.75,baghdad_kifah,dollar_price|dollariraqi
2022-03-16,1472.0,1472.0,,,,,baghdad_kifah,dollar_price|dollariraqi
2022-03-17,1473.0,1473.0,1474.0,1474.0,1472.0,1472.0,baghdad_kifah,dollar_price|dollariraqi
2022-03-20,1472.25,1472.25,1473.5,1473.5,1474.25,1474.25,baghdad_kifah,dollar_price|dollariraqi
2022-03-21,1472.5,1472.5,,,,,baghdad_kifah,dollar_price|dollariraqi
2022-03-22,1472.0,1472.0,1473.0,1473.0,,,baghdad_kifah,dollar_price|dollariraqi
2022-03-23,1472.38,1472.38,1475.0,1475.0,,,baghdad_kifah,dollar_price|dollariraqi
2022-03-24,1472.0,1472.0,1473.5,1473.5,,,baghdad_kifah,dollar_price|dollariraqi
2022-03-27,1472.5,1472.5,1474.0,1474.0,1472.25,1472.25,baghdad_kifah,dollar_price|dollariraqi
2022-03-28,1471.13,1471.13,1473.0,1473.0,1470.88,1470.88,baghdad_kifah,dollar_price|dollariraqi
2022-03-29,1471.5,1471.5,1473.0,1473.0,1471.75,1471.75,baghdad_kifah,dollar_price|dollariraqi
2022-03-30,1471.0,1471.0,1472.0,1472.0,1471.63,1471.63,baghdad_kifah,dollar_price|dollariraqi
2022-03-31,1471.0,1471.0,1472.5,1472.5,1471.5,1471.5,baghdad_kifah,dollar_price|dollariraqi
2022-04-03,1472.0,1472.0,,,,,baghdad_kifah,dollar_price|dollariraqi
2022-04-04,1473.0,1473.0,1473.0,1473.0,1472.5,1472.5,baghdad_kifah,dollar_price|dollariraqi
2022-04-05,1476.0,1476.0,1477.0,1477.0,1476.25,1476.25,baghdad_kifah,dollar_price|dollariraqi
2022-04-06,1474.0,1474.0,1475.0,1475.0,1474.5,1474.5,baghdad_kifah,dollar_price|dollariraqi
2022-04-07,1475.75,1475.75,1476.5,1476.5,1475.75,1475.75,baghdad_kifah,dollariraqi
2022-04-10,1476.88,1476.63,1477.75,1477.75,1476.38,1476.38,baghdad_kifah,dollar_price|dollariraqi
2022-04-11,1478.5,1478.5,1479.0,1479.0,1478.25,1478.25,baghdad_kifah,dollar_price|dollariraqi
2022-04-12,1477.5,1477.5,1478.5,1478.5,1477.25,1477.25,baghdad_kifah,dollar_price|dollariraqi
2022-04-13,1477.88,1477.88,1479.0,1479.0,1478.25,1478.25,baghdad_kifah,dollar_price|dollariraqi
2022-04-14,1477.88,1477.88,1479.5,1479.5,1477.25,1477.25,baghdad_kifah,dollar_price|dollariraqi
2022-04-17,1478.0,1478.0,,,,,baghdad_kifah,dollar_price|dollariraqi
2022-04-18,1477.5,1477.38,1479.0,1479.0,1477.5,1477.5,baghdad_kifah,dollar_price|dollariraqi
2022-04-19,1476.38,1476.38,1478.0,1478.0,1475.75,1475.75,baghdad_kifah,dollar_price|dollariraqi
2022-04-20,1474.5,1474.5,1476.0,1476.0,1474.0,1474.0,baghdad_kifah,dollariraqi
2022-04-21,1474.5,1474.5,,,,,baghdad_kifah,dollar_price|dollariraqi
2022-04-24,1474.5,1474.5,1480.0,1480.0,1473.5,1473.5,baghdad_kifah,dollariraqi
2022-04-25,1474.5,1474.5,1480.0,1480.0,1473.75,1473.75,baghdad_kifah,dollar_price|dollariraqi
2022-04-26,1473.75,1473.75,1477.5,1477.5,1473.25,1473.25,baghdad_kifah,dollar_price|dollariraqi
2022-04-27,1475.0,1475.0,1476.0,1476.0,1475.5,1475.5,baghdad_kifah,dollar_price|dollariraqi
2022-04-28,1475.63,1475.63,1476.75,1476.75,1476.0,1476.0,baghdad_kifah,dollar_price|dollariraqi
2022-05-01,1478.5,1478.5,,,,,baghdad_kifah,dollar_price|dollariraqi
2022-05-08,1477.5,1477.5,,,,,baghdad_kifah,dollariraqi
2022-05-09,1478.75,1479.5,1482.5,1482.5,1479.25,1479.25,baghdad_kifah,dollar_price|dollariraqi
2022-05-10,1479.5,1479.5,1480.0,1480.0,1479.5,1479.5,baghdad_kifah,dollar_price|dollariraqi
2022-05-11,1480.25,1480.25,1481.5,1481.5,1481.0,1481.0,baghdad_kifah,dollar_price|dollariraqi
2022-05-12,1480.0,1480.0,1481.5,1481.5,1481.25,1481.25,baghdad_kifah,dollar_price|dollariraqi
2022-05-15,1482.0,1482.0,1483.0,1483.0,1483.5,1483.5,baghdad_kifah,dollar_price|dollariraqi
2022-05-16,1480.25,1480.25,1481.5,1481.5,1481.5,1481.5,baghdad_kifah,dollar_price|dollariraqi
2022-05-17,1480.0,1480.0,1485.0,1485.0,1482.25,1482.25,baghdad_kifah,dollar_price|dollariraqi
2022-05-18,1482.0,1482.0,1482.5,1482.5,1483.0,1483.0,baghdad_kifah,dollar_price|dollariraqi
2022-05-19,1482.25,1482.25,,,,,baghdad_kifah,dollar_price|dollariraqi
2022-05-22,1481.5,1481.5,1482.5,1482.5,1482.5,1482.5,baghdad_kifah,dollar_price|dollariraqi
2022-05-23,1481.13,1481.13,1481.75,1481.75,1480.88,1480.88,baghdad_kifah,dollar_price|dollariraqi
2022-05-24,1480.75,1480.75,1481.5,1481.5,1480.25,1480.25,baghdad_kifah,dollar_price|dollariraqi
2022-05-25,1481.25,1481.25,1482.0,1482.0,1481.0,1481.0,baghdad_kifah,dollar_price|dollariraqi
2022-05-26,1482.0,1482.0,1482.5,1482.5,1482.5,1482.5,baghdad_kifah,dollar_price|dollariraqi
2022-05-29,1482.0,1482.0,1482.5,1482.5,1482.25,1482.25,baghdad_kifah,dollar_price|dollariraqi
2022-05-30,1484.0,1484.0,1484.0,1484.0,,,baghdad_kifah,dollar_price|dollariraqi
2022-05-31,1482.88,1482.88,1484.5,1484.5,1484.5,1484.5,baghdad_kifah,dollar_price|dollariraqi
2022-06-01,1481.5,1481.5,1482.0,1482.0,1481.25,1481.25,baghdad_kifah,dollar_price|dollariraqi
2022-06-02,1482.0,1482.0,1482.5,1482.5,1481.75,1481.75,baghdad_kifah,dollar_price|dollariraqi
2022-06-05,1483.25,1483.25,1483.5,1483.5,1483.5,1483.5,baghdad_kifah,dollar_price|dollariraqi
2022-06-06,1483.25,1483.25,1483.5,1483.5,1482.75,1482.75,baghdad_kifah,dollar_price|dollariraqi
2022-06-07,1483.75,1483.75,1484.0,1484.0,1483.25,1483.25,baghdad_kifah,dollar_price|dollariraqi
2022-06-08,1484.0,1484.0,1484.5,1484.5,1482.75,1482.75,baghdad_kifah,dollar_price|dollariraqi
2022-06-09,1482.5,1482.5,1483.5,1483.5,1482.0,1482.0,baghdad_kifah,dollar_price|dollariraqi
2022-06-12,1483.5,1483.5,1487.5,1487.5,1482.25,1482.25,baghdad_kifah,dollar_price|dollariraqi
2022-06-13,1486.0,1486.0,1486.0,1486.0,1485.25,1485.25,baghdad_kifah,dollar_price|dollariraqi
2022-06-14,1484.5,1484.5,1485.5,1485.5,1484.5,1484.5,baghdad_kifah,dollar_price|dollariraqi
2022-06-15,1483.63,1483.63,1484.0,1484.0,1483.5,1483.5,baghdad_kifah,dollar_price|dollariraqi
2022-06-16,1484.5,1484.5,1486.0,1486.0,1485.75,1485.75,baghdad_kifah,dollar_price|dollariraqi
2022-06-19,1484.5,1484.5,1485.5,1485.5,,,baghdad_kifah,dollar_price|dollariraqi
2022-06-20,1485.5,1485.5,1486.0,1486.0,1486.25,1486.25,baghdad_kifah,dollar_price|dollariraqi
2022-06-21,1483.5,1483.5,1485.0,1485.0,1484.25,1484.25,baghdad_kifah,dollar_price|dollariraqi
2022-06-22,1483.25,1483.25,1484.5,1484.5,1484.63,1484.63,baghdad_kifah,dollar_price|dollariraqi
2022-06-23,1483.5,1483.5,1485.0,1485.0,1485.0,1485.0,baghdad_kifah,dollar_price|dollariraqi
2022-06-26,1482.88,1482.88,1484.0,1484.0,1484.5,1484.5,baghdad_kifah,dollar_price|dollariraqi
2022-06-27,1480.38,1480.38,1481.75,1481.75,1481.0,1481.0,baghdad_kifah,dollar_price|dollariraqi
2022-06-28,1481.0,1481.0,1482.5,1482.5,1482.25,1482.25,baghdad_kifah,dollar_price|dollariraqi
2022-06-29,1480.0,1480.0,1481.0,1481.0,1481.75,1481.75,baghdad_kifah,dollar_price|dollariraqi
2022-06-30,1480.5,1480.88,1481.5,1481.5,1482.5,1482.5,baghdad_kifah,dollar_price|dollariraqi
2022-07-03,1483.0,1483.0,1483.5,1483.5,1484.13,1484.13,baghdad_kifah,dollar_price|dollariraqi
2022-07-04,1483.0,1483.0,1484.0,1484.0,1482.25,1482.25,baghdad_kifah,dollar_price|dollariraqi
2022-07-05,1483.5,1483.5,1484.0,1484.0,1483.0,1483.0,baghdad_kifah,dollar_price|dollariraqi
2022-07-06,1483.5,1483.5,1484.0,1484.0,1483.25,1483.25,baghdad_kifah,dollar_price|dollariraqi
2022-07-07,1484.38,1484.38,1485.0,1485.0,1484.0,1484.0,baghdad_kifah,dollar_price|dollariraqi
2022-07-17,1484.5,1484.5,1485.5,1485.5,1485.0,1485.0,baghdad_kifah,dollar_price|dollariraqi
2022-07-18,1484.5,1484.5,1485.5,1485.5,1484.75,1484.75,baghdad_kifah,dollariraqi
2022-07-19,1485.0,1485.0,1486.0,1486.0,1485.75,1485.75,baghdad_kifah,dollar_price|dollariraqi
2022-07-20,1484.5,1484.5,1485.5,1485.5,1486.0,1486.0,baghdad_kifah,dollar_price|dollariraqi
2022-07-21,1484.75,1484.75,1485.5,1485.5,1486.5,1486.5,baghdad_kifah,dollar_price|dollariraqi
2022-07-24,1485.0,1485.0,1485.5,1485.5,1486.5,1486.5,baghdad_kifah,dollar_price|dollariraqi
2022-07-25,1485.5,1485.5,1486.0,1486.0,1487.0,1487.0,baghdad_kifah,dollar_price|dollariraqi
2022-07-26,1485.5,1485.5,1486.5,1486.5,1486.75,1486.75,baghdad_kifah,dollar_price|dollariraqi
2022-07-27,1484.5,1484.38,1485.5,1485.5,1485.75,1485.75,baghdad_kifah,dollar_price|dollariraqi
2022-07-28,1485.0,1485.0,1485.5,1485.5,1484.75,1484.75,baghdad_kifah,dollar_price|dollariraqi
2022-07-31,1486.5,1486.25,1487.0,1487.0,1486.5,1486.5,baghdad_kifah,dollar_price|dollariraqi
2022-08-01,1486.5,1486.5,1487.0,1487.0,1485.75,1485.75,baghdad_kifah,dollar_price|dollariraqi
2022-08-02,1487.0,1487.0,1487.5,1487.5,1487.5,1487.5,baghdad_kifah,dollar_price|dollariraqi
2022-08-03,1485.0,1485.25,1485.75,1485.75,1486.25,1486.25,baghdad_kifah,dollar_price|dollariraqi
2022-08-04,1486.5,1486.5,1487.0,1487.0,1488.0,1488.0,baghdad_kifah,dollar_price|dollariraqi
2022-08-07,1485.0,1485.5,1486.0,1486.0,1486.75,1486.75,baghdad_kifah,dollar_price|dollariraqi
2022-08-08,1486.0,1486.0,1488.25,1488.25,1488.38,1488.38,baghdad_generic,dollar_price|dollariraqi
2022-08-10,1485.38,1485.38,1488.0,1488.0,1487.63,1487.63,baghdad_generic,dollar_price|dollariraqi
2022-08-11,1484.5,1484.5,1486.0,1486.0,1485.25,1485.25,baghdad_generic,dollar_price|dollariraqi
2022-08-14,1485.13,1485.25,1486.0,1486.0,1484.5,1484.5,baghdad_kifah,dollar_price|dollariraqi
2022-08-15,1485.5,1485.5,1487.0,1487.0,1485.25,1485.25,baghdad_kifah,dollar_price|dollariraqi
2022-08-16,1484.5,1484.0,1486.5,1486.5,1484.0,1484.0,baghdad_kifah,dollar_price|dollariraqi
2022-08-17,1481.5,1481.25,1483.0,1483.0,1480.5,1480.5,baghdad_kifah,dollar_price|dollariraqi
2022-08-18,1480.5,1480.75,1482.0,1482.0,1480.0,1480.0,baghdad_kifah,dollar_price|dollariraqi
2022-08-21,1481.38,1481.38,1482.5,1482.5,1482.0,1482.0,baghdad_kifah,dollar_price|dollariraqi
2022-08-22,1480.5,1479.5,1482.0,1482.0,1481.5,1481.5,baghdad_kifah,dollar_price|dollariraqi
2022-08-23,1479.0,1480.25,1480.5,1480.5,1479.75,1479.75,baghdad_kifah,dollar_price|dollariraqi
2022-08-24,1480.0,1479.75,1481.5,1481.5,1481.75,1481.75,baghdad_kifah,dollar_price|dollariraqi
2022-08-25,1480.0,1479.75,1481.0,1481.0,1481.0,1481.0,baghdad_kifah,dollar_price|dollariraqi
2022-08-28,1479.75,1479.5,1481.0,1481.0,1480.75,1480.75,baghdad_kifah,dollar_price|dollariraqi
2022-08-29,1479.0,1478.75,1480.0,1480.0,1480.0,1479.75,baghdad_kifah,dollar_price|dollariraqi
2022-08-30,1479.5,1479.5,,,1481.75,1481.75,baghdad_generic,dollar_price
2022-08-31,1479.0,1479.25,1480.5,1480.0,1480.0,1480.5,baghdad_kifah,dollar_price|dollariraqi
2022-09-01,1479.5,1479.5,1481.0,1481.0,1480.75,1480.75,baghdad_kifah,dollar_price|dollariraqi
2022-09-04,1480.75,1480.75,1481.0,1481.0,1481.0,1481.0,baghdad_kifah,dollar_price|dollariraqi
2022-09-05,1480.0,1480.0,1481.0,1481.0,1481.25,1481.25,baghdad_kifah,dollar_price|dollariraqi
2022-09-06,1479.5,1479.5,1480.5,1480.5,1481.25,1481.25,baghdad_kifah,dollar_price|dollariraqi
2022-09-07,1478.5,1478.5,1480.0,1480.0,1481.0,1481.0,baghdad_kifah,dollar_price|dollariraqi
2022-09-08,1479.0,1479.0,1480.0,1480.0,1481.5,1481.5,baghdad_kifah,dollar_price|dollariraqi
2022-09-11,1479.0,1478.88,1480.0,1480.0,1481.25,1481.0,baghdad_kifah,dollar_price|dollariraqi
2022-09-12,1479.25,1479.38,1480.0,1480.0,1480.75,1480.75,baghdad_kifah,dollar_price|dollariraqi
2022-09-13,1479.5,1479.5,,,1480.0,1480.0,baghdad_kifah,dollar_price|dollariraqi
2022-09-14,1478.5,1478.5,,,1479.25,1479.25,baghdad_generic,dollar_price
2022-09-15,1477.5,1477.5,,,,,baghdad_generic,dollar_price|dollariraqi
2022-09-18,1478.75,1478.75,1480.0,1480.0,1479.75,1479.75,baghdad_generic,dollar_price
2022-09-19,1478.5,1478.5,1480.0,1480.0,1478.5,1478.5,baghdad_kifah,dollar_price|dollariraqi
2022-09-20,1476.5,1476.25,1478.5,1478.5,1477.38,1477.38,baghdad_kifah,dollar_price|dollariraqi
2022-09-21,1476.5,1476.5,1478.0,1478.0,1476.0,1476.0,baghdad_kifah,dollar_price|dollariraqi
2022-09-22,1476.38,1476.38,1477.75,1477.75,1477.0,1477.0,baghdad_kifah,dollar_price|dollariraqi
2022-09-25,1477.0,1477.0,1478.0,1478.0,1478.25,1478.25,baghdad_kifah,dollar_price|dollariraqi
2022-09-26,1477.0,1477.0,1478.0,1478.0,1476.5,1476.5,baghdad_kifah,dollar_price|dollariraqi
2022-09-27,1476.5,1475.5,1477.5,1477.5,1477.0,1477.0,baghdad_kifah,dollar_price|dollariraqi
2022-09-28,1474.5,1474.5,1476.5,1476.5,1475.75,1475.75,baghdad_kifah,dollar_price|dollariraqi
2022-09-29,1475.0,1474.25,1477.0,1477.0,1475.25,1475.25,baghdad_kifah,dollar_price|dollariraqi
2022-10-02,1475.0,1475.0,1476.0,1476.0,1475.25,1475.25,baghdad_kifah,dollar_price|dollariraqi
2022-10-03,1476.5,1476.5,1477.0,1477.0,1478.0,1478.0,baghdad_kifah,dollar_price|dollariraqi
2022-10-04,1476.75,1476.75,1477.0,1477.0,1479.0,1479.0,baghdad_kifah,dollar_price|dollariraqi
2022-10-05,1477.5,1477.5,1478.0,1478.0,1479.5,1479.5,baghdad_kifah,dollar_price|dollariraqi
2022-10-06,1479.0,1479.0,1480.0,1480.0,1480.0,1480.0,baghdad_kifah,dollar_price|dollariraqi
2022-10-09,1481.75,1482.0,1482.5,1482.5,1483.13,1483.38,baghdad_kifah,dollar_price|dollariraqi
2022-10-10,1481.88,1481.25,1482.25,1482.0,1483.25,1483.0,baghdad_kifah,dollar_price|dollariraqi
2022-10-11,1480.0,1479.38,1481.0,1481.0,1481.75,1481.75,baghdad_kifah,dollar_price|dollariraqi
2022-10-12,1478.5,1478.5,1480.0,1480.0,1481.0,1481.0,baghdad_kifah,dollar_price|dollariraqi
2022-10-13,1478.75,1478.75,1480.0,1480.0,1482.13,1482.13,baghdad_kifah,dollar_price|dollariraqi
2022-10-16,1475.0,1475.0,1476.0,1476.0,1478.0,1478.0,baghdad_kifah,dollariraqi
2022-10-17,1477.25,1477.25,1477.5,1477.5,1480.0,1480.0,baghdad_kifah,dollariraqi
2022-10-18,1475.38,1475.38,1475.5,1475.5,1479.0,1479.0,baghdad_kifah,dollar_price|dollariraqi
2022-10-19,1470.0,1468.5,1470.0,1470.0,1474.0,1474.0,baghdad_kifah,dollar_price|dollariraqi
2022-10-20,1469.25,1469.25,1468.0,1468.0,1474.0,1474.0,baghdad_kifah,dollar_price|dollariraqi
2022-10-23,1467.0,1467.0,1466.0,1466.0,1471.5,1471.5,baghdad_kifah,dollariraqi
2022-10-24,1464.0,1459.0,1462.5,1462.5,1468.25,1468.25,baghdad_kifah,dollar_price|dollariraqi
2022-10-25,1459.0,1459.0,1460.0,1460.0,1467.5,1467.5,baghdad_kifah,dollar_price|dollariraqi
2022-10-26,1459.0,1459.0,1456.5,1456.5,1464.0,1464.0,baghdad_kifah,dollar_price|dollariraqi
2022-10-27,1462.0,1464.0,1461.0,1461.0,1466.0,1466.0,baghdad_kifah,dollar_price|dollariraqi
2022-10-30,1464.5,1463.5,1462.5,1462.5,1464.0,1464.0,baghdad_kifah,dollar_price|dollariraqi
2022-10-31,1460.0,1459.75,1460.0,1460.0,1457.5,1457.5,baghdad_kifah,dollar_price|dollariraqi
2022-11-01,1463.0,1463.0,1463.0,1463.0,1459.5,1459.5,baghdad_kifah,dollar_price|dollariraqi
2022-11-02,1463.5,1464.5,1465.0,1465.0,1459.5,1459.5,baghdad_kifah,dollar_price|dollariraqi
2022-11-03,1465.0,1464.5,1464.5,1464.5,1464.0,1464.0,baghdad_kifah,dollar_price|dollariraqi
2022-11-06,1470.0,1470.0,1471.0,1471.0,,,baghdad_kifah,dollar_price|dollariraqi
2022-11-07,1470.0,1469.5,1470.0,1470.0,,,baghdad_kifah,dollar_price|dollariraqi
2022-11-08,1468.88,1468.88,1468.75,1468.75,,,baghdad_kifah,dollar_price|dollariraqi
2022-11-09,1470.0,1470.0,1470.0,1470.0,,,baghdad_kifah,dollar_price|dollariraqi
2022-11-10,1471.0,1472.0,1470.75,1470.75,,,baghdad_kifah,dollar_price|dollariraqi
2022-11-13,1477.5,1477.5,1477.5,1477.5,1478.5,1478.5,baghdad_kifah,dollar_price|dollariraqi
2022-11-14,1481.5,1482.0,1481.25,1481.25,1482.0,1482.0,baghdad_kifah,dollar_price|dollariraqi
2022-11-15,1484.25,1484.25,1483.0,1483.0,1484.75,1484.75,baghdad_kifah,dollar_price|dollariraqi
2022-11-16,1485.5,1485.5,1485.0,1485.0,1485.75,1485.75,baghdad_kifah,dollar_price|dollariraqi
2022-11-17,1483.75,1483.75,1483.75,1483.75,1483.13,1483.13,baghdad_kifah,dollar_price|dollariraqi
2022-11-20,1483.0,1483.75,1484.0,1484.0,1484.38,1484.38,baghdad_kifah,dollar_price|dollariraqi
2022-11-21,1486.0,1486.0,1485.0,1485.0,1487.0,1487.0,baghdad_kifah,dollar_price|dollariraqi
2022-11-22,1489.0,1488.13,1489.0,1489.0,1490.0,1490.0,baghdad_kifah,dollar_price|dollariraqi
2022-11-23,1486.0,1486.0,1487.0,1487.0,1487.0,1487.0,baghdad_kifah,dollar_price|dollariraqi
2022-11-24,1491.0,1489.75,1492.0,1492.0,1492.0,1492.0,baghdad_kifah,dollar_price|dollariraqi
2022-11-27,1489.0,1491.5,1490.0,1490.0,1488.5,1488.5,baghdad_kifah,dollar_price|dollariraqi
2022-11-28,1493.5,1494.5,1493.25,1493.25,1493.88,1493.88,baghdad_kifah,dollar_price|dollariraqi
2022-11-29,1495.0,1494.5,1495.0,1495.0,1493.38,1493.38,baghdad_kifah,dollar_price|dollariraqi
2022-11-30,1495.0,1495.0,1494.5,1494.5,1494.88,1494.88,baghdad_kifah,dollar_price|dollariraqi
2022-12-01,1496.0,1495.75,1495.5,1495.5,1497.0,1497.0,baghdad_kifah,dollar_price|dollariraqi
2022-12-04,1496.5,1496.75,1496.0,1496.0,1496.0,1496.0,baghdad_kifah,dollar_price|dollariraqi
2022-12-05,1494.75,1494.75,1494.0,1494.0,1494.5,1494.5,baghdad_kifah,dollar_price|dollariraqi
2022-12-06,1495.5,1495.75,1494.5,1494.5,1496.25,1496.25,baghdad_kifah,dollar_price|dollariraqi
2022-12-07,1502.0,1503.75,1501.5,1501.5,1502.0,1502.0,baghdad_kifah,dollar_price|dollariraqi
2022-12-08,1504.5,1505.25,1502.0,1502.0,1504.0,1504.0,baghdad_kifah,dollar_price|dollariraqi
2022-12-11,1501.75,1501.75,1500.0,1500.0,1501.0,1501.0,baghdad_kifah,dollar_price|dollariraqi
2022-12-12,1501.25,1502.25,1501.0,1501.0,1500.0,1500.0,baghdad_kifah,dollar_price|dollariraqi
2022-12-13,1503.0,1507.5,1504.0,1504.0,1507.5,1507.5,baghdad_kifah,dollar_price|dollariraqi
2022-12-14,1514.0,1519.0,1514.0,1514.0,1517.5,1517.5,baghdad_kifah,dollariraqi
2022-12-15,1524.5,1522.0,1520.75,1520.75,1520.25,1520.25,baghdad_kifah,dollar_price|dollariraqi
2022-12-18,1513.0,1513.0,1517.5,1517.5,1512.0,1512.0,baghdad_kifah,dollar_price|dollariraqi
2022-12-19,1517.75,1517.75,1521.25,1521.25,1517.5,1517.5,baghdad_kifah,dollar_price|dollariraqi
2022-12-20,1513.0,1513.5,1516.25,1516.25,1513.5,1513.5,baghdad_kifah,dollar_price|dollariraqi
2022-12-21,1513.75,1515.0,1517.5,1517.5,1513.5,1513.5,baghdad_kifah,dollar_price|dollariraqi
2022-12-22,1519.0,1522.5,1522.5,1522.5,1517.0,1517.0,baghdad_kifah,dollar_price|dollariraqi
2022-12-25,1544.0,1544.0,1535.0,1535.0,1537.5,1537.5,baghdad_kifah,dollar_price|dollariraqi
2022-12-26,1544.0,1560.0,1547.0,1547.0,1546.25,1546.25,baghdad_kifah,dollar_price|dollariraqi
2022-12-27,1576.5,1576.5,1580.0,1580.0,1585.0,1585.0,baghdad_kifah,dollar_price|dollariraqi
2022-12-28,1566.0,1548.0,1571.0,1571.0,1570.0,1570.0,baghdad_kifah,dollar_price|dollariraqi
2022-12-29,1517.5,1525.5,1525.0,1525.0,1515.0,1515.0,baghdad_kifah,dollar_price|dollariraqi
2023-01-01,1531.0,1531.0,,,1535.0,1535.0,baghdad_kifah,dollar_price|dollariraqi
2023-01-02,1529.5,1529.25,1532.5,1532.5,1529.0,1529.0,baghdad_kifah,dollar_price|dollariraqi
2023-01-03,1531.0,1539.0,1531.0,1531.0,1528.5,1528.5,baghdad_kifah,dollar_price|dollariraqi
2023-01-04,1561.0,1564.5,1561.75,1561.75,1558.25,1558.25,baghdad_kifah,dollar_price|dollariraqi
2023-01-05,1564.0,1561.0,1567.5,1567.5,1562.5,1562.5,baghdad_kifah,dollar_price|dollariraqi
2023-01-08,1560.0,1562.5,1565.0,1565.0,1558.5,1558.5,baghdad_kifah,dollar_price|dollariraqi
2023-01-09,1574.0,1582.0,1577.5,1577.5,1570.0,1570.0,baghdad_kifah,dollar_price|dollariraqi
2023-01-10,1595.0,1600.5,1600.0,1600.0,1593.0,1593.0,baghdad_kifah,dollar_price|dollariraqi
2023-01-11,1597.5,1585.5,1600.0,1600.0,1595.0,1595.0,baghdad_kifah,dollar_price|dollariraqi
2023-01-12,1572.0,1576.0,1577.5,1577.5,1572.5,1577.25,baghdad_kifah,dollar_price|dollariraqi
2023-01-15,1580.0,1576.0,1580.0,1576.0,1577.5,1574.25,baghdad_kifah,dollar_price|dollariraqi
2023-01-16,1574.0,1583.5,1575.0,1582.25,1572.75,1584.25,baghdad_kifah,dollar_price|dollariraqi
2023-01-17,1600.5,1604.0,1599.5,1601.0,1606.0,1607.0,baghdad_kifah,dollar_price|dollariraqi
2023-01-18,1605.0,1613.5,1608.0,1610.5,1603.5,1615.0,baghdad_kifah,dollar_price|dollariraqi
2023-01-19,1625.0,1638.5,1627.5,1635.0,1627.0,1635.5,baghdad_kifah,dollar_price|dollariraqi
2023-01-22,1644.0,1641.0,1635.0,1635.0,1649.0,1653.0,baghdad_generic,dollar_price|dollariraqi
2023-01-23,1599.0,1583.0,,,,,baghdad_generic,dollariraqi
2023-01-24,1590.0,1590.0,1612.0,1612.0,1612.5,1612.5,baghdad_generic,dollariraqi
2023-01-25,1610.0,1609.0,1605.0,1605.0,1622.5,1620.0,baghdad_kifah,dollariraqi
2023-01-29,1655.0,1655.0,1653.0,1653.0,1662.5,1662.5,baghdad_generic,dollariraqi
2023-01-30,1665.0,1665.0,1665.0,1665.0,1675.0,1675.0,baghdad_kifah,dollariraqi
2023-01-31,1685.0,1685.0,1679.5,1680.0,1690.0,1681.0,baghdad_generic,dollariraqi
2023-02-01,1681.0,1686.0,1683.0,1686.0,1679.0,1685.5,baghdad_generic,dollariraqi
2023-02-02,1705.0,1705.0,1704.0,1704.0,1706.0,1706.0,baghdad_generic,dollariraqi
2023-02-06,1645.0,1609.0,1650.0,1610.0,1660.0,1637.0,baghdad_generic,dollariraqi
2023-02-07,1580.0,1557.0,1580.0,1590.0,1605.0,1585.0,baghdad_generic,dollariraqi
2023-02-08,1466.25,1466.25,1470.0,1470.0,1510.0,1510.0,baghdad_generic,dollar_price|dollariraqi
2023-02-09,1480.0,1479.0,1475.0,1475.0,1507.5,1507.5,baghdad_generic,dollar_price|dollariraqi
2023-02-12,1480.0,1480.0,,,,,baghdad_generic,dollar_price
2023-02-13,1490.0,1490.0,1480.0,1480.0,1500.0,1500.0,baghdad_kifah,dollar_price
2023-02-14,1505.0,1505.0,1507.5,1507.5,1522.5,1522.5,baghdad_kifah,dollar_price
2023-02-15,1532.5,1532.5,1542.5,1542.5,1552.5,1552.5,baghdad_kifah,dollar_price
2023-02-16,1540.0,1540.0,1545.0,1545.0,,,baghdad_generic,dollar_price
2023-02-20,1533.5,1533.5,1534.5,1534.5,1538.75,1538.75,baghdad_generic,dollar_price|dollariraqi
2023-02-21,1537.0,1537.0,,,1538.5,1538.5,baghdad_kifah,dollar_price
2023-02-23,1530.0,1530.0,,,1529.0,1529.0,baghdad_kifah,dollar_price
2023-02-26,1522.0,1523.5,1527.75,1526.75,1528.75,1529.75,baghdad_kifah,dollar_price|dollariraqi
2023-02-27,1535.5,1537.0,1538.0,1539.5,1546.25,1548.0,baghdad_kifah,dollar_price|dollariraqi
2023-02-28,1540.0,1540.0,1542.25,1542.25,1550.5,1550.5,baghdad_kifah,dollar_price|dollariraqi
2023-03-01,1555.0,1555.0,1555.0,1555.0,1570.0,1570.0,baghdad_kifah,dollar_price|dollariraqi
2023-03-02,1558.5,1558.5,1559.0,1559.0,1566.75,1566.75,baghdad_kifah,dollar_price|dollariraqi
2023-03-05,1561.5,1561.5,1557.75,1557.75,1566.0,1566.0,baghdad_kifah,dollar_price|dollariraqi
2023-03-06,1570.0,1570.0,1568.0,1568.0,1574.0,1574.0,baghdad_kifah,dollar_price
2023-03-07,1578.5,1578.5,1577.0,1577.0,1580.5,1580.5,baghdad_kifah,dollar_price|dollariraqi
2023-03-08,1578.0,1578.0,1576.0,1576.0,1579.5,1579.5,baghdad_kifah,dollariraqi
2023-03-09,1572.5,1572.5,1573.0,1573.0,1576.5,1576.5,baghdad_kifah,dollar_price
2023-03-12,1570.75,1570.75,1572.25,1572.25,1575.25,1575.25,baghdad_kifah,dollar_price|dollariraqi
2023-03-13,1552.5,1552.5,1556.0,1556.0,1555.0,1555.0,baghdad_kifah,dollar_price|dollariraqi
2023-03-14,1550.25,1550.25,1554.75,1554.75,1551.75,1551.75,baghdad_kifah,dollar_price|dollariraqi
2023-03-15,1580.0,1580.0,,,1580.0,1580.0,baghdad_kifah,dollar_price|dollariraqi
2023-03-16,1565.0,1565.0,1567.0,1567.0,1565.0,1565.0,baghdad_kifah,dollar_price|dollariraqi
2023-03-19,1563.0,1563.0,1566.5,1566.5,1563.0,1563.0,baghdad_kifah,dollar_price|dollariraqi
2023-03-20,1563.0,1563.0,1563.0,1563.0,1562.0,1562.0,baghdad_kifah,dollar_price
2023-03-21,1563.0,1563.0,1564.0,1564.0,1563.0,1563.0,baghdad_kifah,dollar_price
2023-03-22,1560.0,1560.0,1560.5,1561.25,1561.5,1561.5,baghdad_kifah,dollar_price|dollariraqi
2023-03-23,1560.0,1560.0,1560.0,1560.0,1560.0,1560.0,baghdad_kifah,dollar_price
2023-03-26,1542.0,1542.0,1544.0,1544.0,1543.5,1543.5,baghdad_kifah,dollar_price
2023-03-27,1550.0,1550.0,1555.0,1555.0,1557.5,1557.5,baghdad_kifah,dollar_price|dollariraqi
2023-03-28,1547.5,1547.5,1547.0,1547.0,1548.0,1547.0,baghdad_kifah,dollar_price|dollariraqi
2023-03-29,1542.0,1542.0,1542.5,1542.5,1541.75,1540.75,baghdad_kifah,dollar_price|dollariraqi
2023-03-30,1517.0,1517.0,1520.25,1521.25,1522.5,1522.5,baghdad_kifah,dollar_price|dollariraqi
2023-04-02,1487.5,1487.5,1490.75,1489.0,1492.0,1492.0,baghdad_kifah,dollar_price|dollariraqi
2023-04-03,1490.0,1490.0,1491.5,1491.5,1495.5,1497.0,baghdad_kifah,dollar_price|dollariraqi
2023-04-04,1504.0,1504.0,1504.5,1504.5,1505.25,1505.25,baghdad_kifah,dollar_price|dollariraqi
2023-04-05,1499.0,1499.0,1500.5,1500.5,1501.5,1501.0,baghdad_kifah,dollar_price|dollariraqi
2023-04-06,1498.0,1498.0,1497.5,1497.5,1492.5,1493.5,baghdad_kifah,dollar_price|dollariraqi
2023-04-09,1470.0,1470.0,1470.5,1470.5,1465.75,1453.0,baghdad_kifah,dollar_price|dollariraqi
2023-04-10,1447.0,1447.0,1448.75,1449.0,1436.0,1432.5,baghdad_kifah,dollar_price|dollariraqi
2023-04-11,1448.0,1448.0,1450.0,1450.0,1438.0,1444.0,baghdad_kifah,dollar_price|dollariraqi
2023-04-12,1457.0,1457.0,1455.0,1455.0,1450.0,1446.25,baghdad_kifah,dollar_price|dollariraqi
2023-04-13,1447.0,1447.0,1450.5,1450.5,1438.0,1437.5,baghdad_kifah,dollar_price|dollariraqi
2023-04-16,1439.5,1439.5,1439.5,1439.5,1436.25,1436.25,baghdad_kifah,dollar_price|dollariraqi
2023-04-17,1440.0,1440.0,1445.0,1445.0,1444.5,1444.5,baghdad_kifah,dollar_price|dollariraqi
2023-04-18,1442.0,1442.0,1445.5,1445.5,1445.0,1445.0,baghdad_kifah,dollar_price|dollariraqi
2023-04-19,1438.0,1438.0,1440.0,1440.0,1435.5,1435.5,baghdad_kifah,dollar_price|dollariraqi
2023-04-20,1433.0,1433.0,1435.5,1435.5,1433.0,1433.0,baghdad_kifah,dollar_price|dollariraqi
2023-04-23,1430.0,1430.0,,,,,baghdad_generic,dollar_price
2023-04-24,1429.5,1428.0,1430.0,1430.0,1431.0,1431.0,baghdad_generic,dollar_price|dollariraqi
2023-04-25,1415.0,1403.0,1425.0,1408.0,1426.0,1410.0,baghdad_generic,dollar_price|dollariraqi
2023-04-26,1407.5,1407.5,1407.5,1407.5,1412.0,1412.0,baghdad_kifah,dollar_price|dollariraqi
2023-04-27,1416.5,1416.5,1416.0,1416.0,1419.0,1419.0,baghdad_kifah,dollar_price|dollariraqi
2023-04-30,1416.0,1416.0,1415.0,1415.0,1421.5,1421.5,baghdad_kifah,dollar_price|dollariraqi
2023-05-01,1425.0,1425.0,1424.25,1423.0,1427.0,1426.0,baghdad_kifah,dollar_price|dollariraqi
2023-05-02,1423.0,1423.0,1422.25,1424.75,1426.0,1429.0,baghdad_kifah,dollar_price|dollariraqi
2023-05-03,1437.0,1437.0,1435.0,1435.0,1439.25,1439.25,baghdad_kifah,dollar_price|dollariraqi
2023-05-04,1452.0,1452.0,,,,,baghdad_kifah,dollar_price|dollariraqi
2023-05-07,1442.5,1442.5,1443.5,1443.5,1446.5,1446.5,baghdad_kifah,dollar_price|dollariraqi
2023-05-08,1448.0,1448.0,1449.0,1449.0,,,baghdad_kifah,dollar_price|dollariraqi
2023-05-09,1448.5,1448.5,1450.0,1450.0,1452.75,1452.75,baghdad_kifah,dollar_price|dollariraqi
2023-05-10,1456.5,1456.5,1457.75,1458.75,1462.5,1467.5,baghdad_kifah,dollar_price|dollariraqi
2023-05-11,1469.0,1469.0,1469.0,1462.75,1475.0,1469.5,baghdad_kifah,dollar_price|dollariraqi
2023-05-14,1461.0,1461.0,1461.25,1461.25,1468.25,1468.25,baghdad_kifah,dollar_price|dollariraqi
2023-05-15,1464.5,1464.5,1463.75,1463.75,1471.25,1471.25,baghdad_kifah,dollar_price|dollariraqi
2023-05-16,1455.5,1455.5,1458.0,1458.0,1460.25,1460.25,baghdad_kifah,dollar_price|dollariraqi
2023-05-17,1439.0,1439.0,1439.0,1439.0,1442.5,1442.5,baghdad_generic,dollariraqi
2023-05-18,1443.0,1443.0,1440.5,1440.5,1448.0,1448.0,baghdad_generic,dollar_price|dollariraqi
2023-05-21,1456.0,1456.0,1446.5,1446.5,1470.0,1469.5,baghdad_kifah,dollar_price|dollariraqi
2023-05-22,1461.0,1461.0,1461.0,1461.0,1467.0,1464.0,baghdad_kifah,dollar_price|dollariraqi
2023-05-23,1458.0,1458.0,1456.0,1456.0,1464.75,1464.75,baghdad_kifah,dollar_price|dollariraqi
2023-05-24,1461.0,1458.0,1460.0,1458.5,1467.75,1466.25,baghdad_kifah,dollar_price|dollariraqi
2023-05-25,1460.0,1460.0,1458.5,1458.5,1462.0,1465.0,baghdad_kifah,dollar_price|dollariraqi
2023-05-28,1462.75,1463.5,1462.75,1462.75,1468.0,1468.0,baghdad_generic,dollar_price|dollariraqi
2023-05-29,1467.0,1468.0,1466.0,1466.0,1472.0,1472.5,baghdad_generic,dollar_price|dollariraqi
2023-05-30,1465.0,1465.0,1464.5,1464.5,1469.5,1469.5,baghdad_generic,dollar_price|dollariraqi
2023-05-31,1464.0,1464.0,1464.0,1464.0,1467.25,1467.25,baghdad_kifah,dollar_price|dollariraqi
2023-06-01,1466.5,1466.5,1465.5,1465.5,1472.5,1472.5,baghdad_generic,dollar_price
2023-06-04,1471.5,1473.5,1472.5,1472.5,1479.25,1480.5,baghdad_generic,dollar_price|dollariraqi
2023-06-05,1480.0,1480.0,1480.0,1480.0,1482.5,1482.5,baghdad_kifah,dollar_price|dollariraqi
2023-06-06,1475.5,1475.5,1474.0,1474.0,1477.0,1477.0,baghdad_kifah,dollar_price|dollariraqi
2023-06-07,1480.0,1480.0,1478.25,1478.25,1479.5,1479.5,baghdad_kifah,dollar_price|dollariraqi
2023-06-08,1473.0,1473.0,1469.0,1469.0,1470.5,1470.5,baghdad_kifah,dollar_price|dollariraqi
2023-06-11,1460.0,1460.0,1459.0,1460.0,1459.5,1461.5,baghdad_kifah,dollar_price|dollariraqi
2023-06-12,1466.5,1466.5,1471.0,1471.0,1473.25,1473.25,baghdad_kifah,dollar_price|dollariraqi
2023-06-13,1465.0,1465.0,1465.5,1466.5,1468.0,1468.5,baghdad_kifah,dollar_price|dollariraqi
2023-06-14,1468.25,1468.25,1469.5,1469.5,1472.0,1472.0,baghdad_kifah,dollar_price|dollariraqi
2023-06-15,1470.5,1469.0,1470.25,1468.5,1471.25,1470.0,baghdad_generic,dollar_price|dollariraqi
2023-06-18,1468.0,1465.75,1467.0,1467.0,1468.0,1468.0,baghdad_generic,dollar_price|iqborsa
2023-06-19,1465.0,1462.5,1465.75,1464.5,1465.0,1464.5,baghdad_generic,dollar_price|dollariraqi|iqborsa
2023-06-20,1457.33,1459.5,1458.67,1459.33,1458.0,1459.83,baghdad_generic,dollar_price|dollariraqi|iqborsa
2023-06-21,1464.0,1466.25,,,1465.5,1465.5,baghdad_generic,dollariraqi|iqborsa
2023-06-22,1468.5,1468.5,1467.83,1468.0,1469.83,1469.83,baghdad_kifah,dollar_price|dollariraqi|iqborsa
2023-06-25,1472.33,1473.0,1473.0,1473.0,1474.0,1474.0,baghdad_generic,dollar_price|dollariraqi|iqborsa
2023-06-26,1477.0,1474.0,1475.75,1475.75,1476.5,1476.5,baghdad_generic,dollar_price|dollariraqi|iqborsa
2023-06-27,1473.75,1473.75,1475.0,1475.0,1475.0,1475.25,baghdad_generic,dollar_price|iqborsa
2023-07-02,1473.75,1474.0,1473.0,1473.5,1473.5,1473.5,baghdad_generic,dollar_price|iqborsa
2023-07-03,1473.75,1474.5,1473.5,1473.5,1473.25,1478.5,baghdad_generic,dollar_price|iqborsa
2023-07-04,1479.33,1480.17,1478.83,1478.83,1480.5,1481.0,baghdad_generic,dollar_price|dollariraqi|iqborsa
2023-07-05,1481.67,1481.17,1481.25,1481.5,1482.25,1481.5,baghdad_generic,dollar_price|dollariraqi|iqborsa
2023-07-06,1479.0,1479.0,1479.17,1479.17,1477.83,1477.17,baghdad_kifah,dollar_price|dollariraqi|iqborsa
2023-07-09,1476.5,1476.5,1475.33,1475.33,1476.0,1476.0,baghdad_kifah,dollar_price|dollariraqi|iqborsa
2023-07-10,1478.25,1479.5,1477.75,1477.75,1479.0,1479.25,baghdad_generic,dollariraqi|iqborsa
2023-07-11,1480.0,1480.0,1479.33,1479.33,1482.25,1482.58,baghdad_kifah,dollar_price|dollariraqi|iqborsa
2023-07-12,1478.0,1478.0,1478.0,1478.0,1481.83,1481.67,baghdad_kifah,dollar_price|dollariraqi|iqborsa
2023-07-13,1479.0,1479.0,1479.33,1479.33,1481.5,1482.67,baghdad_kifah,dollar_price|dollariraqi|iqborsa
2023-07-16,1480.0,1480.0,1481.25,1481.25,1484.75,1484.75,baghdad_kifah,dollar_price|iqborsa
2023-07-17,1483.0,1483.0,1483.25,1483.25,1487.67,1487.67,baghdad_kifah,dollar_price|dollariraqi|iqborsa
2023-07-18,1481.5,1481.5,1482.0,1482.0,1485.0,1485.0,baghdad_kifah,dollar_price|dollariraqi|iqborsa
2023-07-19,1483.0,1483.0,1483.0,1483.0,1485.75,1490.5,baghdad_kifah,dollar_price|iqborsa
2023-07-20,1510.0,1510.0,1510.5,1510.33,1508.67,1511.5,baghdad_kifah,dollar_price|dollariraqi|iqborsa
2023-07-23,1532.0,1532.0,1530.67,1530.67,1531.33,1536.33,baghdad_kifah,dollar_price|dollariraqi|iqborsa
2023-07-24,1532.5,1532.5,1534.25,1534.25,1537.5,1535.0,baghdad_kifah,dollar_price|dollariraqi|iqborsa
2023-07-25,1536.0,1536.0,1535.75,1535.75,1535.5,1536.83,baghdad_kifah,dollar_price|dollariraqi|iqborsa
2023-07-26,1560.0,1560.0,1552.33,1552.33,1554.67,1561.33,baghdad_kifah,dollar_price|dollariraqi|iqborsa
2023-07-27,1563.0,1563.0,1564.25,1554.0,1560.25,1538.0,baghdad_kifah,dollariraqi|iqborsa
2023-07-30,1516.0,1516.0,1509.0,1509.0,1505.75,1506.5,baghdad_kifah,dollar_price|dollariraqi|iqborsa
2023-07-31,1509.0,1509.0,1501.33,1500.83,1502.33,1503.67,baghdad_kifah,dollar_price|dollariraqi|iqborsa
2023-08-01,1514.0,1514.0,1507.5,1508.5,1507.5,1514.0,baghdad_kifah,dollar_price|iqborsa
2023-08-02,1519.0,1519.0,1513.33,1511.67,1519.33,1516.0,baghdad_kifah,dollar_price|dollariraqi|iqborsa
2023-08-03,1503.0,1503.0,1503.5,1503.5,1510.33,1506.17,baghdad_kifah,dollar_price|dollariraqi|iqborsa
2023-08-06,,,,,1508.0,1510.0,,iqborsa
2023-08-07,1507.0,1507.0,1507.0,1507.0,1511.33,1511.33,baghdad_kifah,dollar_price|dollariraqi|iqborsa
2023-08-08,1518.0,1518.0,1520.0,1520.0,1522.0,1522.0,baghdad_kifah,dollar_price|dollariraqi|iqborsa
2023-08-09,1528.0,1528.0,1527.0,1523.5,1532.67,1527.17,baghdad_kifah,dollar_price|dollariraqi|iqborsa
2023-08-10,1523.0,1523.0,1521.5,1521.5,1523.83,1523.83,baghdad_kifah,dollar_price|dollariraqi|iqborsa
2023-08-13,1525.75,1525.75,1526.5,1526.5,1529.33,1529.33,baghdad_kifah,dollar_price|dollariraqi|iqborsa
2023-08-14,1534.0,1534.0,1531.5,1531.5,1534.83,1533.33,baghdad_kifah,dollar_price|dollariraqi|iqborsa
2023-08-15,1528.5,1528.5,1528.0,1528.0,1530.83,1531.0,baghdad_kifah,dollar_price|dollariraqi|iqborsa
2023-08-16,1531.5,1530.0,1535.5,1535.5,1532.0,1531.5,baghdad_generic,dollar_price|iqborsa
2023-08-17,1535.67,1536.5,1535.33,1537.17,1534.67,1538.0,baghdad_generic,dollar_price|dollariraqi|iqborsa
2023-08-20,1540.0,1540.0,1540.67,1532.5,1542.17,1537.5,baghdad_kifah,dollar_price|dollariraqi|iqborsa
2023-08-21,1533.0,1533.0,1530.67,1530.5,1535.17,1535.67,baghdad_kifah,dollar_price|dollariraqi|iqborsa
2023-08-22,1530.0,1530.0,1528.0,1528.0,1532.5,1532.5,baghdad_kifah,dollar_price|dollariraqi|iqborsa
2023-08-23,1514.33,1515.33,1515.67,1515.67,1524.83,1524.83,baghdad_generic,dollar_price|dollariraqi|iqborsa
2023-08-24,1528.83,1529.83,1530.25,1530.0,1534.83,1536.17,baghdad_generic,dollar_price|dollariraqi|iqborsa
2023-08-27,1530.0,1531.5,1532.0,1532.0,1536.0,1537.83,baghdad_generic,dollar_price|dollariraqi|iqborsa
2023-08-28,1535.33,1536.33,1532.83,1534.67,1541.33,1541.5,baghdad_generic,dollar_price|dollariraqi|iqborsa
2023-08-29,1537.17,1534.0,1534.67,1535.0,1542.0,1541.0,baghdad_generic,dollar_price|dollariraqi|iqborsa
2023-08-30,1530.0,1530.0,1528.0,1526.0,1535.0,1536.5,baghdad_generic,dollariraqi|iqborsa
2023-08-31,1532.17,1532.0,1528.0,1528.0,1541.33,1542.0,baghdad_generic,dollar_price|dollariraqi|iqborsa
2023-09-03,1532.33,1532.33,1530.0,1530.0,1540.33,1540.33,baghdad_generic,dollar_price|dollariraqi|iqborsa
2023-09-04,1533.0,1534.0,1530.0,1530.0,1540.0,1541.0,baghdad_generic,dollar_price|iqborsa
2023-09-05,1534.5,1534.5,1531.75,1531.75,1543.0,1543.67,baghdad_generic,dollar_price|dollariraqi|iqborsa
2023-09-06,1537.67,1537.83,1534.0,1534.0,1546.67,1544.33,baghdad_generic,dollar_price|dollariraqi|iqborsa
2023-09-07,1538.75,1537.0,1536.5,1536.5,1546.25,1546.25,baghdad_generic,dollariraqi|iqborsa
2023-09-10,1540.0,1540.0,1536.5,1537.5,1546.5,1547.5,baghdad_kifah,dollariraqi|iqborsa
2023-09-11,1548.0,1552.17,1544.67,1548.67,1554.83,1560.83,baghdad_generic,dollar_price|dollariraqi|iqborsa
2023-09-12,1554.0,1553.75,1548.25,1550.25,1559.5,1560.25,baghdad_generic,dollariraqi|iqborsa
2023-09-13,1560.5,1556.0,1552.75,1552.75,1562.83,1560.17,baghdad_generic,dollar_price|dollariraqi|iqborsa
2023-09-14,1560.5,1558.25,1557.5,1555.25,1561.5,1560.75,baghdad_generic,dollariraqi|iqborsa
2023-09-17,1565.5,1569.0,1557.33,1559.0,1565.0,1567.33,baghdad_generic,dollar_price|dollariraqi|iqborsa
2023-09-18,1568.5,1585.0,1577.0,1579.33,1574.83,1574.17,baghdad_kifah,dollar_price|dollariraqi|iqborsa
2023-09-19,1566.0,1566.0,1577.75,1577.75,1570.83,1566.33,baghdad_kifah,dollariraqi|iqborsa
2023-09-20,1565.0,1565.33,1562.67,1563.0,1562.5,1561.67,baghdad_generic,dollar_price|dollariraqi|iqborsa
2023-09-21,1559.83,1556.5,1558.67,1554.67,1557.67,1552.67,baghdad_generic,dollar_price|dollariraqi|iqborsa
2023-09-24,1541.0,1533.5,1536.5,1536.5,1538.25,1536.5,baghdad_kifah,dollariraqi|iqborsa
2023-09-25,1549.0,1550.0,1551.0,1547.75,1544.25,1538.75,baghdad_kifah,dollariraqi|iqborsa
2023-09-26,1544.0,1544.0,1548.0,1548.0,1539.5,1553.0,baghdad_kifah,dollar_price|dollariraqi|iqborsa
2023-09-27,1554.0,1554.0,1560.0,1560.25,1549.83,1550.67,baghdad_kifah,dollar_price|dollariraqi|iqborsa
2023-09-28,1559.0,1559.0,1559.83,1559.83,1552.0,1554.0,baghdad_kifah,dollar_price|dollariraqi|iqborsa
2023-10-01,1561.0,1561.0,1557.83,1559.0,1555.0,1558.83,baghdad_kifah,dollar_price|dollariraqi|iqborsa
2023-10-02,1563.33,1564.83,1563.67,1564.5,1565.67,1567.0,baghdad_generic,dollar_price|dollariraqi|iqborsa
2023-10-03,1567.5,1567.0,1567.5,1568.0,1568.33,1568.0,baghdad_kifah,dollar_price|dollariraqi|iqborsa
2023-10-04,1568.0,1568.0,1568.75,1568.25,1569.17,1566.33,baghdad_kifah,dollar_price|dollariraqi|iqborsa
2023-10-05,1569.25,1573.25,1566.75,1568.75,1567.75,1570.5,baghdad_generic,dollariraqi|iqborsa
2023-10-08,1589.0,1589.0,1585.5,1587.0,1586.0,1587.5,baghdad_kifah,dollar_price|dollariraqi|iqborsa
2023-10-09,1599.5,1614.75,1620.5,1620.5,1604.0,1625.0,baghdad_generic,dollariraqi|iqborsa
2023-10-10,1631.67,1620.33,1607.0,1607.0,1628.0,1605.5,baghdad_generic,dollariraqi|iqborsa
2023-10-11,1624.5,1622.0,1620.0,1612.0,1619.0,1610.0,baghdad_kifah,dollar_price|dollariraqi|iqborsa
2023-10-12,1604.0,1604.0,1602.5,1601.5,1601.0,1602.83,baghdad_kifah,dollar_price|dollariraqi|iqborsa
2023-10-15,1600.0,1591.0,1593.5,1578.5,1593.17,1588.33,baghdad_kifah,dollar_price|dollariraqi|iqborsa
2023-10-16,1576.5,1576.5,1578.67,1580.67,1580.33,1582.0,baghdad_kifah,dollar_price|dollariraqi|iqborsa
2023-10-17,1593.0,1587.5,1589.0,1588.33,1592.17,1592.83,baghdad_kifah,dollar_price|dollariraqi|iqborsa
2023-10-18,1602.5,1598.0,1598.0,1597.67,1597.0,1597.67,baghdad_kifah,dollar_price|dollariraqi|iqborsa
2023-10-19,1596.0,1596.0,1595.67,1598.0,1592.67,1596.67,baghdad_kifah,dollar_price|dollariraqi|iqborsa
2023-10-22,1596.0,1600.0,1597.17,1598.17,1595.33,1596.17,baghdad_kifah,dollar_price|dollariraqi|iqborsa
2023-10-23,1602.5,1607.5,1605.67,1609.33,1603.33,1606.5,baghdad_kifah,dollar_price|dollariraqi|iqborsa
2023-10-24,1612.0,1616.5,1611.5,1613.5,1612.17,1612.83,baghdad_kifah,dollar_price|dollariraqi|iqborsa
2023-10-25,1619.5,1619.5,1620.33,1618.0,1616.5,1609.0,baghdad_kifah,dollar_price|dollariraqi|iqborsa
2023-10-26,1615.0,1608.5,1614.0,1614.0,1609.5,1609.5,baghdad_kifah,dollariraqi|iqborsa
2023-10-29,1615.0,1615.0,1616.17,1615.67,1613.33,1613.17,baghdad_kifah,dollar_price|dollariraqi|iqborsa
2023-10-30,1615.0,1615.0,1608.5,1616.25,1613.33,1614.0,baghdad_kifah,dollar_price|dollariraqi|iqborsa
2023-10-31,1620.0,1620.0,1618.0,1619.5,1616.83,1617.33,baghdad_kifah,dollar_price|dollariraqi|iqborsa
2023-11-01,1620.0,1620.0,1622.0,1622.5,1619.67,1619.25,baghdad_kifah,dollar_price|dollariraqi|iqborsa
2023-11-02,1625.5,1625.5,1619.75,1619.5,1623.33,1624.33,baghdad_kifah,dollar_price|dollariraqi|iqborsa
2023-11-05,1630.0,1634.0,1632.67,1636.33,1631.0,1633.33,baghdad_kifah,dollar_price|dollariraqi|iqborsa
2023-11-06,1645.0,1645.0,1650.67,1660.0,1651.0,1662.0,baghdad_kifah,dollar_price|dollariraqi|iqborsa
2023-11-07,1658.83,1634.75,1656.17,1646.0,1659.0,1633.25,baghdad_generic,dollariraqi|iqborsa
2023-11-08,1628.0,1637.0,1640.33,1640.5,1633.17,1643.0,baghdad_kifah,dollar_price|dollariraqi|iqborsa
2023-11-09,1650.5,1649.17,1652.5,1652.5,1650.33,1646.33,baghdad_generic,dollar_price|dollariraqi|iqborsa
2023-11-12,1630.0,1609.75,1633.0,1628.67,1631.33,1620.17,baghdad_generic,dollariraqi|iqborsa
2023-11-13,1599.33,1596.33,,,1603.33,1598.0,baghdad_generic,dollar_price|dollariraqi|iqborsa
2023-11-14,1574.0,1551.25,1591.5,1553.0,1580.83,1562.5,baghdad_generic,dollariraqi|iqborsa
2023-11-15,1574.0,1582.33,1568.0,1577.0,1581.5,1589.0,baghdad_generic,dollar_price|dollariraqi|iqborsa
2023-11-16,1586.5,1595.0,1593.0,1587.5,1584.17,1587.67,baghdad_kifah,dollar_price|dollariraqi|iqborsa
2023-11-19,1581.83,1577.33,1584.0,1582.0,1583.0,1581.5,baghdad_generic,dollar_price|dollariraqi|iqborsa
2023-11-20,1572.0,1572.0,1575.0,1575.5,1577.33,1579.83,baghdad_kifah,dollar_price|dollariraqi|iqborsa
2023-11-21,1581.0,1583.0,1585.0,1585.0,1582.0,1584.0,baghdad_kifah,dollar_price|dollariraqi|iqborsa
2023-11-22,1589.0,1590.0,1590.0,1590.0,1586.5,1587.33,baghdad_kifah,dollar_price|dollariraqi|iqborsa
2023-11-23,1587.0,1587.0,1594.67,1593.0,1593.67,1589.83,baghdad_kifah,dollar_price|dollariraqi|iqborsa
2023-11-26,1583.0,1583.0,1576.5,1583.0,1574.5,1578.17,baghdad_kifah,dollar_price|dollariraqi|iqborsa
2023-11-27,1587.0,1581.0,1588.0,1584.0,1582.17,1581.67,baghdad_kifah,dollar_price|dollariraqi|iqborsa
2023-11-28,1574.5,1574.5,1582.0,1581.0,1573.0,1576.5,baghdad_kifah,dollar_price|dollariraqi|iqborsa
2023-11-29,1567.5,1567.5,1576.0,1576.0,1576.33,1574.0,baghdad_kifah,dollar_price|dollariraqi|iqborsa
2023-11-30,1570.0,1560.0,1561.0,1560.0,1559.67,1557.17,baghdad_kifah,dollar_price|dollariraqi|iqborsa
2023-12-03,1569.0,1567.5,1567.0,1569.0,1566.67,1567.0,baghdad_kifah,dollar_price|dollariraqi|iqborsa
2023-12-04,1574.0,1576.5,1574.0,1575.67,1574.33,1574.33,baghdad_kifah,dollar_price|dollariraqi|iqborsa
2023-12-05,1573.5,1573.5,1574.0,1571.67,1573.5,1570.5,baghdad_kifah,dollar_price|dollariraqi|iqborsa
2023-12-06,1572.0,1574.0,1569.0,1570.17,1566.67,1567.17,baghdad_kifah,dollar_price|dollariraqi|iqborsa
2023-12-07,1575.0,1575.0,1571.75,1571.75,1571.17,1569.33,baghdad_kifah,dollar_price|dollariraqi|iqborsa
2023-12-10,1571.5,1571.5,1573.83,1573.5,1571.33,1568.5,baghdad_kifah,dollar_price|dollariraqi|iqborsa
2023-12-11,1573.17,1572.83,1573.5,1573.5,1570.83,1570.0,baghdad_generic,dollar_price|dollariraqi|iqborsa
2023-12-12,1572.0,1573.0,1575.33,1573.33,1571.5,1568.17,baghdad_kifah,dollar_price|dollariraqi|iqborsa
2023-12-13,1563.0,1563.0,1563.33,1563.33,1560.67,1560.33,baghdad_kifah,dollar_price|dollariraqi|iqborsa
2023-12-14,1562.0,1557.5,1565.0,1565.0,1560.33,1558.0,baghdad_kifah,dollar_price|dollariraqi|iqborsa
2023-12-17,1561.5,1561.5,1555.83,1551.67,1551.5,1544.67,baghdad_kifah,dollar_price|dollariraqi|iqborsa
2023-12-18,1540.83,1539.5,1545.0,1545.0,1537.33,1539.5,baghdad_generic,dollar_price|dollariraqi|iqborsa
2023-12-19,1544.0,1544.0,1542.67,1544.67,1539.0,1539.75,baghdad_kifah,dollar_price|dollariraqi|iqborsa
2023-12-20,1540.83,1532.25,1543.0,1540.0,1536.33,1531.17,baghdad_generic,dollar_price|dollariraqi|iqborsa
2023-12-21,1523.0,1524.5,1525.0,1523.0,1527.75,1528.0,baghdad_kifah,dollar_price|dollariraqi|iqborsa
2023-12-24,1512.0,1487.5,1510.0,1491.0,1511.5,1508.0,baghdad_generic,dollariraqi|iqborsa
2023-12-25,1490.0,1490.0,1491.0,1484.0,1494.0,1495.0,baghdad_kifah,dollar_price|dollariraqi|iqborsa
2023-12-26,1507.0,1531.0,1505.0,1526.0,1514.33,1522.67,baghdad_kifah,dollar_price|dollariraqi|iqborsa
2023-12-27,1522.0,1517.5,1520.0,1516.5,1522.5,1518.5,baghdad_kifah,dollar_price|dollariraqi|iqborsa
2023-12-28,1521.0,1525.0,1521.5,1521.5,1517.33,1520.0,baghdad_kifah,dollar_price|dollariraqi|iqborsa
2023-12-31,1525.5,1525.5,1525.0,1523.0,1523.0,1523.0,baghdad_kifah,dollar_price|dollariraqi|iqborsa
2024-01-01,1524.0,1523.83,,,,,baghdad_generic,dollar_price|dollariraqi|iqborsa
2024-01-02,1524.5,1529.0,1526.83,1526.83,1526.75,1525.75,baghdad_kifah,dollar_price|dollariraqi|iqborsa
2024-01-03,1526.0,1526.0,1526.0,1527.0,1528.33,1526.0,baghdad_kifah,dollar_price|dollariraqi|iqborsa
2024-01-04,1531.5,1532.5,1526.5,1530.17,1524.5,1530.67,baghdad_kifah,dollar_price|dollariraqi|iqborsa
2024-01-07,1525.83,1529.67,1528.0,1528.0,1525.0,1524.67,baghdad_generic,dollar_price|dollariraqi|iqborsa
2024-01-08,1534.5,1537.0,1530.5,1530.5,1529.33,1530.67,baghdad_kifah,dollar_price|dollariraqi|iqborsa
2024-01-09,1536.0,1539.0,1537.0,1537.67,1535.0,1536.0,baghdad_kifah,dollar_price|dollariraqi|iqborsa
2024-01-10,1543.0,1543.0,1543.0,1539.0,1540.33,1540.0,baghdad_kifah,dollar_price|dollariraqi|iqborsa
2024-01-11,1539.0,1534.5,1536.0,1530.0,1537.33,1534.0,baghdad_kifah,dollar_price|dollariraqi|iqborsa
2024-01-14,1528.0,1525.5,1531.0,1529.33,1530.33,1530.5,baghdad_kifah,dollar_price|dollariraqi|iqborsa
2024-01-15,1524.5,1525.5,1527.33,1527.67,1523.0,1523.17,baghdad_kifah,dollar_price|dollariraqi|iqborsa
2024-01-16,1530.5,1524.33,1532.67,1530.33,1524.67,1523.67,baghdad_generic,dollar_price|dollariraqi|iqborsa
2024-01-17,1524.0,1523.5,1526.0,1518.0,1521.33,1521.83,baghdad_kifah,dollar_price|dollariraqi|iqborsa
2024-01-18,1518.33,1521.17,1523.33,1523.33,1516.17,1518.83,baghdad_generic,dollar_price|dollariraqi|iqborsa
2024-01-21,1519.5,1519.5,1524.67,1521.67,1517.5,1516.67,baghdad_kifah,dollar_price|dollariraqi|iqborsa
2024-01-22,1513.0,1510.0,1517.5,1517.5,1512.33,1509.0,baghdad_kifah,dollar_price|dollariraqi|iqborsa
2024-01-23,1513.0,1513.0,1513.33,1512.33,1510.17,1507.33,baghdad_kifah,dollar_price|dollariraqi|iqborsa
2024-01-24,1510.0,1510.0,1514.0,1515.0,1507.67,1509.83,baghdad_kifah,dollar_price|dollariraqi|iqborsa
2024-01-25,1515.17,1514.83,1519.67,1519.67,1513.0,1513.0,baghdad_generic,dollar_price|dollariraqi|iqborsa
2024-01-28,1509.0,1509.5,1508.0,1513.0,1508.75,1509.0,baghdad_kifah,dollar_price|dollariraqi|iqborsa
2024-01-29,1514.5,1516.0,1516.0,1518.67,1512.17,1516.5,baghdad_kifah,dollar_price|dollariraqi|iqborsa
2024-01-30,1520.0,1527.0,1523.0,1526.67,1523.33,1530.33,baghdad_kifah,dollar_price|dollariraqi|iqborsa
2024-01-31,1528.0,1527.0,1530.5,1526.5,1526.5,1521.0,baghdad_kifah,dollar_price|dollariraqi|iqborsa
2024-02-01,1522.5,1522.0,1526.33,1525.5,1518.0,1519.67,baghdad_kifah,dollar_price|dollariraqi|iqborsa
2024-02-04,1523.5,1523.5,1524.33,1523.0,1518.17,1516.5,baghdad_kifah,dollar_price|dollariraqi|iqborsa
2024-02-05,1524.33,1521.67,1525.0,1523.67,1520.5,1519.5,baghdad_generic,dollar_price|dollariraqi|iqborsa
2024-02-06,1520.67,1520.83,,,1517.25,1517.75,baghdad_generic,dollar_price|dollariraqi|iqborsa
2024-02-07,1523.0,1522.0,1524.5,1524.5,1519.17,1518.17,baghdad_kifah,dollar_price|dollariraqi|iqborsa
2024-02-08,1522.33,1522.75,1525.0,1524.5,1518.67,1519.0,baghdad_generic,dollar_price|dollariraqi|iqborsa
2024-02-11,1526.5,1526.5,1529.33,1526.83,1522.0,1520.0,baghdad_kifah,dollar_price|dollariraqi|iqborsa
2024-02-12,1524.0,1523.0,1523.5,1523.5,1518.75,1519.5,baghdad_kifah,dollariraqi|iqborsa
2024-02-13,1522.5,1523.0,1524.67,1524.0,1519.75,1520.0,baghdad_kifah,dollar_price|dollariraqi|iqborsa
2024-02-14,1522.5,1523.0,1524.83,1524.67,1520.67,1521.33,baghdad_kifah,dollar_price|dollariraqi|iqborsa
2024-02-15,1523.0,1524.0,1524.5,1524.0,1520.0,1523.0,baghdad_kifah,dollar_price|dollariraqi|iqborsa
2024-02-18,1523.0,1522.5,1525.0,1524.33,1522.17,1521.83,baghdad_kifah,dollar_price|dollariraqi|iqborsa
2024-02-19,1523.0,1523.0,1525.0,1524.0,1520.5,1521.17,baghdad_kifah,dollar_price|dollariraqi|iqborsa
2024-02-20,1521.0,1522.5,1524.0,1524.0,1518.75,1519.0,baghdad_kifah,dollar_price|dollariraqi|iqborsa
2024-02-21,1522.5,1523.0,1524.0,1523.0,1521.5,1520.5,baghdad_kifah,dollar_price|dollariraqi|iqborsa
2024-02-22,1522.0,1519.0,1523.0,1519.5,1519.0,1517.63,baghdad_kifah,dollariraqi|iqborsa
2024-02-25,1514.33,1511.83,1516.0,1514.0,1512.67,1510.17,baghdad_generic,dollar_price|dollariraqi|iqborsa
2024-02-26,1512.0,1513.5,1514.5,1515.5,1510.5,1512.17,baghdad_kifah,dollar_price|dollariraqi|iqborsa
2024-02-27,1514.5,1513.0,1516.5,1516.5,1512.75,1512.33,baghdad_kifah,dollar_price|dollariraqi|iqborsa
2024-02-28,1510.0,1508.5,1512.0,1511.5,1506.5,1507.25,baghdad_kifah,dollariraqi|iqborsa
2024-02-29,1509.5,1509.0,1511.0,1511.0,1507.33,1508.5,baghdad_kifah,dollar_price|dollariraqi|iqborsa
2024-03-03,1502.5,1502.5,1507.0,1505.0,1503.5,1503.0,baghdad_kifah,dollar_price|dollariraqi|iqborsa
2024-03-04,1495.0,1499.0,1495.5,1500.5,1494.0,1501.5,baghdad_kifah,dollariraqi|iqborsa
2024-03-05,1501.0,1504.5,1502.5,1503.75,1501.5,1502.5,baghdad_kifah,dollar_price|dollariraqi|iqborsa
2024-03-06,1509.0,1507.5,1508.33,1506.67,1505.5,1503.5,baghdad_kifah,dollar_price|dollariraqi|iqborsa
2024-03-07,1504.0,1504.0,1506.33,1506.33,1502.17,1501.0,baghdad_kifah,dollar_price|dollariraqi|iqborsa
2024-03-10,1500.5,1501.0,1501.83,1502.17,1500.33,1500.5,baghdad_kifah,dollar_price|dollariraqi|iqborsa
2024-03-11,1503.5,1505.0,1503.17,1503.67,1504.5,1504.67,baghdad_kifah,dollar_price|dollariraqi|iqborsa
2024-03-12,1502.0,1502.5,1502.5,1502.0,1503.67,1503.83,baghdad_kifah,dollar_price|dollariraqi|iqborsa
2024-03-13,1501.0,1501.5,1501.0,1502.0,1501.0,1501.5,baghdad_kifah,dollar_price|dollariraqi|iqborsa
2024-03-14,1502.5,1502.5,1503.0,1503.0,1503.0,1503.0,baghdad_kifah,dollar_price|dollariraqi|iqborsa
2024-03-17,1498.5,1498.5,1501.0,1501.0,1499.83,1499.67,baghdad_kifah,dollar_price|dollariraqi|iqborsa
2024-03-18,1494.5,1495.0,1496.5,1496.25,1496.0,1496.5,baghdad_kifah,dollariraqi|iqborsa
2024-03-19,1495.5,1496.0,1496.0,1496.0,1496.33,1496.17,baghdad_kifah,dollar_price|dollariraqi|iqborsa
2024-03-20,1498.0,1497.0,1496.83,1497.0,1499.17,1498.33,baghdad_kifah,dollar_price|dollariraqi|iqborsa
2024-03-21,1496.0,1495.5,1497.5,1497.17,1499.0,1499.0,baghdad_kifah,dollar_price|dollariraqi|iqborsa
2024-03-24,1482.5,1482.5,1488.0,1483.67,1486.33,1478.5,baghdad_kifah,dollar_price|dollariraqi|iqborsa
2024-03-25,1469.0,1469.0,1485.0,1485.0,1470.25,1469.5,baghdad_kifah,dollar_price|dollariraqi|iqborsa
2024-03-26,1478.5,1478.0,1477.67,1477.83,1476.17,1475.83,baghdad_kifah,dollar_price|dollariraqi|iqborsa
2024-03-27,1480.0,1475.33,1481.0,1481.0,1478.5,1474.83,baghdad_generic,dollar_price|dollariraqi|iqborsa
2024-03-28,1472.0,1472.0,1474.0,1473.67,1467.33,1468.17,baghdad_kifah,dollar_price|dollariraqi|iqborsa
2024-03-31,1471.0,1471.0,1471.0,1471.5,1467.17,1467.67,baghdad_kifah,dollar_price|dollariraqi|iqborsa
2024-04-01,1472.0,1471.5,1471.5,1471.5,1469.0,1468.5,baghdad_kifah,dollar_price|dollariraqi|iqborsa
2024-04-02,1472.5,1474.0,1472.33,1472.83,1470.08,1473.67,baghdad_kifah,dollar_price|dollariraqi|iqborsa
2024-04-03,1472.0,1474.0,1474.33,1474.33,1473.5,1474.0,baghdad_kifah,dollar_price|dollariraqi|iqborsa
2024-04-04,1473.0,1473.0,1473.5,1473.83,1470.17,1472.0,baghdad_kifah,dollar_price|dollariraqi|iqborsa
2024-04-07,1474.5,1476.0,1476.17,1476.17,1473.67,1474.67,baghdad_kifah,dollar_price|dollariraqi|iqborsa
2024-04-08,1479.0,1480.0,1481.33,1481.0,1479.67,1480.33,baghdad_kifah,dollar_price|dollariraqi|iqborsa
2024-04-09,1480.0,1480.0,1483.0,1483.0,1481.5,1481.5,baghdad_generic,dollar_price|iqborsa
2024-04-11,1480.5,1480.5,,,,,baghdad_generic,iqborsa
2024-04-14,1484.0,1488.0,1483.5,1487.5,1486.17,1488.17,baghdad_kifah,dollar_price|dollariraqi|iqborsa
2024-04-15,1487.0,1483.5,1486.5,1486.0,1487.0,1485.5,baghdad_kifah,dollar_price|dollariraqi|iqborsa
2024-04-16,1482.0,1485.0,1483.0,1484.0,1484.83,1487.33,baghdad_kifah,dollar_price|dollariraqi|iqborsa
2024-04-17,1484.5,1484.5,1485.0,1484.5,1486.33,1485.0,baghdad_kifah,dollar_price|dollariraqi|iqborsa
2024-04-18,1482.0,1480.5,1481.17,1480.67,1480.5,1479.83,baghdad_kifah,dollar_price|dollariraqi|iqborsa
2024-04-21,1472.0,1474.0,1472.83,1473.0,1472.83,1473.67,baghdad_kifah,dollar_price|dollariraqi|iqborsa
2024-04-22,1474.0,1474.0,1473.0,1473.5,1473.0,1470.75,baghdad_kifah,dollar_price|dollariraqi|iqborsa
2024-04-23,1471.0,1470.5,1472.33,1472.33,1470.5,1467.5,baghdad_kifah,dollar_price|dollariraqi|iqborsa
2024-04-24,1468.0,1467.0,1468.25,1468.0,1468.25,1468.58,baghdad_kifah,dollar_price|dollariraqi|iqborsa
2024-04-25,1465.0,1464.0,1464.33,1464.33,1467.83,1464.33,baghdad_kifah,dollar_price|dollariraqi|iqborsa
2024-04-28,1453.0,1452.5,1457.0,1455.5,1457.5,1452.5,baghdad_kifah,dollariraqi|iqborsa
2024-04-29,1445.0,1454.5,1447.0,1447.0,1449.0,1454.0,baghdad_kifah,dollar_price|dollariraqi|iqborsa
2024-04-30,1458.0,1461.0,1457.5,1459.0,1459.5,1459.5,baghdad_kifah,dollar_price|dollariraqi|iqborsa
2024-05-01,1458.5,1458.5,1459.0,1459.0,1457.75,1457.0,baghdad_kifah,dollar_price|dollariraqi|iqborsa
2024-05-02,1456.5,1458.0,1458.25,1458.5,1455.5,1456.33,baghdad_kifah,dollar_price|dollariraqi|iqborsa
2024-05-05,1458.0,1454.0,1457.0,1457.0,1455.83,1453.0,baghdad_kifah,dollar_price|dollariraqi|iqborsa
2024-05-06,1453.5,1454.0,1454.5,1454.67,1452.67,1452.5,baghdad_kifah,dollar_price|dollariraqi|iqborsa
2024-05-07,1456.0,1455.0,1457.0,1457.5,1455.0,1454.5,baghdad_kifah,dollar_price|dollariraqi|iqborsa
2024-05-08,1455.0,1457.0,1456.0,1456.0,1454.67,1455.33,baghdad_kifah,dollar_price|dollariraqi|iqborsa
2024-05-09,1459.17,1460.5,1459.5,1460.0,1459.0,1460.25,baghdad_generic,dollar_price|dollariraqi|iqborsa
2024-05-12,1457.0,1458.5,1457.25,1457.25,1455.5,1456.33,baghdad_kifah,dollar_price|dollariraqi|iqborsa
2024-05-13,1457.0,1458.0,1457.83,1457.83,1456.0,1456.5,baghdad_kifah,dollar_price|dollariraqi|iqborsa
2024-05-14,1459.0,1460.0,1459.0,1458.5,1458.5,1456.5,baghdad_kifah,dollar_price|dollariraqi|iqborsa
2024-05-15,1459.5,1458.5,1459.0,1458.75,1458.0,1457.5,baghdad_kifah,dollar_price|dollariraqi|iqborsa
2024-05-16,1460.0,1460.25,1459.75,1459.75,1458.5,1458.5,baghdad_generic,dollar_price|dollariraqi|iqborsa
2024-05-19,1457.5,1458.0,1457.5,1457.75,1455.67,1455.83,baghdad_kifah,dollar_price|dollariraqi|iqborsa
2024-05-20,1457.5,1457.5,1456.83,1456.83,1454.67,1455.0,baghdad_kifah,dollar_price|dollariraqi|iqborsa
2024-05-21,1457.0,1457.5,1458.0,1458.0,1455.5,1455.25,baghdad_kifah,dollariraqi|iqborsa
2024-05-22,1458.0,1457.5,1458.5,1459.0,1455.83,1455.5,baghdad_kifah,dollar_price|dollariraqi|iqborsa
2024-05-23,1456.5,1456.0,1457.5,1457.5,1455.25,1454.75,baghdad_generic,dollariraqi|iqborsa
2024-05-26,1455.5,1454.5,1455.67,1455.33,1454.0,1453.5,baghdad_kifah,dollar_price|dollariraqi|iqborsa
2024-05-27,1450.0,1449.75,1450.5,1450.5,1448.25,1448.5,baghdad_generic,dollar_price|dollariraqi|iqborsa
2024-05-28,1448.0,1449.5,1449.5,1449.33,1447.0,1447.0,baghdad_kifah,dollar_price|dollariraqi|iqborsa
2024-05-29,1449.0,1451.0,1449.5,1451.0,1450.92,1450.92,baghdad_kifah,dollar_price|dollariraqi|iqborsa
2024-05-30,1452.0,1452.5,1451.5,1451.5,1449.5,1450.67,baghdad_kifah,dollar_price|dollariraqi|iqborsa
2024-06-02,1450.5,1451.5,1450.33,1450.17,1449.0,1449.0,baghdad_kifah,dollar_price|dollariraqi|iqborsa
2024-06-03,1458.0,1460.0,1454.75,1456.0,1455.25,1456.0,baghdad_kifah,dollar_price|dollariraqi|iqborsa
2024-06-04,1456.0,1455.0,1456.75,1456.75,1455.0,1452.92,baghdad_kifah,dollar_price|dollariraqi|iqborsa
2024-06-05,1456.0,1456.0,1455.0,1455.0,1452.5,1455.5,baghdad_kifah,dollar_price|dollariraqi|iqborsa
2024-06-06,1459.0,1459.0,1460.0,1460.0,1458.5,1459.0,baghdad_kifah,dollar_price|dollariraqi|iqborsa
2024-06-09,1464.63,1466.5,1464.75,1461.25,1463.5,1465.5,baghdad_kifah,dollar_price|dollariraqi|iqborsa
2024-06-10,1468.67,1470.33,,,1466.0,1469.5,baghdad_generic,dollar_price|dollariraqi|iqborsa
2024-06-11,1472.0,1476.0,1474.25,1474.5,1475.0,1475.5,baghdad_kifah,dollar_price|dollariraqi|iqborsa
2024-06-12,1472.0,1470.5,,,1470.0,1470.5,baghdad_kifah,dollar_price|dollariraqi|iqborsa
2024-06-13,1468.5,1466.5,1467.5,1467.5,1469.0,1469.0,baghdad_kifah,dollar_price|dollariraqi|iqborsa
2024-06-18,1468.0,1468.0,1472.0,1472.0,,,baghdad_generic,dollariraqi
2024-06-20,1470.0,1471.0,,,1470.25,1468.5,baghdad_generic,dollariraqi|iqborsa
2024-06-23,1469.0,1469.0,1467.17,1467.33,1468.75,1469.25,baghdad_kifah,dollar_price|dollariraqi|iqborsa
2024-06-24,1473.5,1474.25,1473.5,1473.5,1477.25,1480.25,baghdad_kifah,dollar_price|dollariraqi|iqborsa
2024-06-25,1477.0,1476.0,1475.25,1474.5,1476.75,1476.5,baghdad_kifah,dollar_price|dollariraqi|iqborsa
2024-06-26,1474.0,1474.0,1472.0,1472.0,1473.75,1473.5,baghdad_kifah,dollar_price|dollariraqi|iqborsa
2024-06-27,1472.0,1473.0,1469.17,1469.5,1473.0,1473.25,baghdad_kifah,dollar_price|dollariraqi|iqborsa
2024-06-30,1472.0,1475.5,1471.67,1472.17,1474.25,1475.75,baghdad_kifah,dollar_price|dollariraqi|iqborsa
2024-07-01,1476.0,1479.5,1477.5,1477.5,1480.5,1480.83,baghdad_kifah,dollar_price|dollariraqi|iqborsa
2024-07-02,1480.17,1480.83,1478.0,1477.75,1480.75,1482.25,baghdad_generic,dollar_price|dollariraqi|iqborsa
2024-07-03,1486.0,1489.0,1488.17,1487.5,1488.83,1491.5,baghdad_kifah,dollar_price|dollariraqi|iqborsa
2024-07-04,1496.0,1492.0,1492.5,1488.0,1494.25,1491.0,baghdad_kifah,dollar_price|dollariraqi|iqborsa
2024-07-07,1490.0,1494.0,1487.75,1488.0,1489.75,1490.0,baghdad_kifah,dollar_price|dollariraqi|iqborsa
2024-07-08,1497.5,1506.0,1497.75,1497.75,1494.75,1501.75,baghdad_kifah,dollar_price|dollariraqi|iqborsa
2024-07-09,1507.0,1509.0,1508.5,1507.75,1504.17,1501.33,baghdad_kifah,dollar_price|dollariraqi|iqborsa
2024-07-10,1502.0,1491.0,1498.67,1495.67,1496.17,1493.33,baghdad_kifah,dollar_price|dollariraqi|iqborsa
2024-07-11,1491.0,1499.0,1489.0,1495.0,1492.0,1498.0,baghdad_kifah,dollariraqi|iqborsa
2024-07-14,1490.0,1490.0,1493.0,1493.0,1494.75,1491.0,baghdad_kifah,dollar_price|dollariraqi|iqborsa
2024-07-15,1491.5,1489.0,1489.5,1489.0,1492.0,1492.25,baghdad_kifah,dollar_price|dollariraqi|iqborsa
2024-07-16,1489.0,1492.5,1490.5,1491.0,1493.25,1495.75,baghdad_kifah,dollar_price|dollariraqi|iqborsa
2024-07-17,1497.5,1495.0,,,1495.0,1494.0,baghdad_generic,dollariraqi|iqborsa
2024-07-18,1490.0,1490.0,1491.0,1491.0,1494.0,1493.0,baghdad_kifah,dollar_price|dollariraqi|iqborsa
2024-07-21,1489.5,1489.0,1489.5,1489.5,1493.75,1495.0,baghdad_kifah,dollar_price|dollariraqi|iqborsa
2024-07-22,1494.0,1493.5,1491.5,1491.5,1496.0,1495.75,baghdad_kifah,dollar_price|dollariraqi|iqborsa
2024-07-23,1494.0,1493.0,1493.0,1492.5,1496.25,1496.25,baghdad_kifah,dollar_price|dollariraqi|iqborsa
2024-07-24,1496.0,1496.5,1496.0,1496.0,1497.5,1497.75,baghdad_kifah,dollar_price|dollariraqi|iqborsa
2024-07-25,1494.0,1494.0,1493.25,1493.25,1495.5,1496.25,baghdad_kifah,dollar_price|dollariraqi|iqborsa
2024-07-28,1492.75,1492.75,1491.5,1491.5,1495.0,1495.0,baghdad_kifah,dollar_price|dollariraqi|iqborsa
2024-07-29,1492.0,1490.33,1491.5,1490.5,1493.5,1493.0,baghdad_generic,dollar_price|dollariraqi|iqborsa
2024-07-30,1488.83,1488.33,1486.5,1486.5,1489.75,1490.25,baghdad_generic,dollar_price|dollariraqi|iqborsa
2024-07-31,1491.0,1492.5,1490.5,1490.5,1494.0,1494.0,baghdad_kifah,dollar_price|dollariraqi|iqborsa
2024-08-01,1494.0,1495.0,1492.67,1492.67,1495.83,1496.67,baghdad_kifah,dollar_price|dollariraqi|iqborsa
2024-08-04,1496.5,1501.0,1495.0,1496.0,1498.0,1501.5,baghdad_kifah,dollar_price|dollariraqi|iqborsa
2024-08-05,1499.5,1498.0,1498.75,1498.5,1499.75,1499.0,baghdad_kifah,dollar_price|dollariraqi|iqborsa
2024-08-06,1498.0,1497.5,1497.0,1497.5,1497.5,1497.75,baghdad_kifah,dollar_price|dollariraqi|iqborsa
2024-08-07,1500.0,1500.0,1498.0,1498.0,1498.5,1499.5,baghdad_kifah,dollar_price|dollariraqi|iqborsa
2024-08-08,1500.0,1500.75,1499.5,1499.5,1501.0,1502.0,baghdad_kifah,dollar_price|dollariraqi|iqborsa
2024-08-11,1496.25,1496.0,1496.0,1496.0,1497.0,1497.0,baghdad_kifah,dollar_price|dollariraqi|iqborsa
2024-08-12,1498.25,1498.25,1496.5,1496.5,1499.25,1499.25,baghdad_kifah,dollar_price|dollariraqi|iqborsa
2024-08-13,1499.0,1500.0,1498.75,1498.75,1500.5,1500.25,baghdad_kifah,dollar_price|dollariraqi|iqborsa
2024-08-14,1498.0,1498.0,,,1499.0,1499.0,baghdad_kifah,dollar_price|dollariraqi|iqborsa
2024-08-15,1497.33,1498.0,,,1496.5,1498.5,baghdad_generic,dollar_price|dollariraqi|iqborsa
2024-08-18,1493.08,1490.83,1493.0,1491.5,1494.75,1494.75,baghdad_generic,dollar_price|dollariraqi|iqborsa
2024-08-19,1489.0,1490.5,,,1490.0,1492.5,baghdad_kifah,dollar_price|dollariraqi|iqborsa
2024-08-20,1493.5,1495.0,1492.0,1492.0,1494.0,1495.0,baghdad_kifah,dollar_price|dollariraqi|iqborsa
2024-08-21,1494.25,1494.5,1493.0,1493.0,1495.0,1495.0,baghdad_generic,dollar_price|dollariraqi|iqborsa
2024-08-22,1493.5,1493.5,,,1494.0,1494.5,baghdad_generic,dollariraqi|iqborsa
2024-08-25,1494.83,1496.0,1494.0,1494.0,1494.5,1495.0,baghdad_generic,dollar_price|dollariraqi|iqborsa
2024-08-26,1492.5,1491.5,,,1492.0,1492.0,baghdad_generic,dollar_price|dollariraqi|iqborsa
2024-08-27,1490.5,1489.0,,,1490.0,1488.5,baghdad_kifah,dollariraqi|iqborsa
2024-08-28,1491.0,1491.0,,,1488.5,1491.0,baghdad_kifah,dollar_price|dollariraqi|iqborsa
2024-08-29,1493.5,1493.5,,,1494.0,1492.0,baghdad_kifah,dollar_price|dollariraqi|iqborsa
2024-09-01,1491.17,1491.17,1491.0,1491.0,1491.0,1490.5,baghdad_generic,dollar_price|dollariraqi|iqborsa
2024-09-02,1493.0,1493.0,,,1492.5,1492.5,baghdad_kifah,dollar_price|dollariraqi|iqborsa
2024-09-03,1495.5,1494.0,1494.0,1494.0,1496.0,1493.0,baghdad_kifah,dollar_price|dollariraqi|iqborsa
2024-09-04,1493.5,1494.5,1493.0,1493.0,1493.5,1493.0,baghdad_kifah,dollar_price|dollariraqi|iqborsa
2024-09-05,1494.0,1494.0,1493.0,1493.0,1493.5,1494.0,baghdad_kifah,dollar_price|dollariraqi|iqborsa
2024-09-08,1495.0,1497.0,1495.0,1495.5,1496.0,1497.75,baghdad_kifah,dollar_price|dollariraqi|iqborsa
2024-09-09,1499.0,1499.0,1497.0,1497.0,1499.0,1499.0,baghdad_kifah,dollar_price|dollariraqi|iqborsa
2024-09-10,1499.0,1499.5,1497.0,1498.0,1499.0,1499.25,baghdad_kifah,dollar_price|dollariraqi|iqborsa
2024-09-11,1498.5,1498.5,1497.0,1497.0,1498.5,1498.5,baghdad_kifah,dollar_price|dollariraqi|iqborsa
2024-09-12,1495.75,1496.0,1495.5,1496.0,1497.0,1497.5,baghdad_kifah,dollar_price|dollariraqi|iqborsa
2024-09-15,1499.0,1498.75,1498.5,1498.5,1500.0,1500.0,baghdad_generic,dollar_price|dollariraqi|iqborsa
2024-09-16,1498.75,1499.0,1498.5,1498.5,1500.0,1500.0,baghdad_kifah,dollar_price|dollariraqi|iqborsa
2024-09-17,1500.5,1501.0,,,1502.75,1503.0,baghdad_kifah,dollar_price|dollariraqi|iqborsa
2024-09-18,1499.17,1498.0,1498.63,1498.63,1500.63,1500.63,baghdad_generic,dollar_price|dollariraqi|iqborsa
2024-09-19,1499.5,1499.5,1499.0,1499.0,1500.75,1502.0,baghdad_kifah,dollar_price|dollariraqi|iqborsa
2024-09-22,1497.5,1497.5,1500.0,1500.0,1499.38,1499.38,baghdad_kifah,dollar_price|dollariraqi|iqborsa
2024-09-23,1499.0,1499.0,1499.0,1499.0,1500.75,1501.25,baghdad_kifah,dollar_price|dollariraqi|iqborsa
2024-09-24,1504.0,1506.0,1502.0,1502.0,1503.75,1504.5,baghdad_kifah,dollar_price|dollariraqi|iqborsa
2024-09-25,1516.0,1516.0,1506.0,1506.0,1512.17,1513.0,baghdad_kifah,dollar_price|dollariraqi|iqborsa
2024-09-26,1518.0,1515.5,1516.5,1514.25,1518.75,1515.75,baghdad_kifah,dollar_price|dollariraqi|iqborsa
2024-09-29,1515.5,1515.5,1510.0,1510.0,1516.75,1516.75,baghdad_kifah,dollar_price|dollariraqi|iqborsa
2024-09-30,1516.0,1516.0,1516.0,1516.0,1516.0,1516.0,baghdad_kifah,dollar_price|dollariraqi|iqborsa
2024-10-01,1518.0,1523.5,1518.5,1518.5,1520.5,1520.5,baghdad_kifah,dollar_price|dollariraqi|iqborsa
2024-10-02,1525.0,1534.5,1528.75,1530.75,1533.17,1536.17,baghdad_kifah,dollar_price|dollariraqi|iqborsa
2024-10-03,1533.0,1531.0,1540.0,1540.0,1539.25,1537.5,baghdad_kifah,dollar_price|dollariraqi|iqborsa
2024-10-06,1550.0,1558.5,1546.5,1544.0,1545.0,1552.0,baghdad_kifah,dollar_price|iqborsa
2024-10-07,1547.0,1546.0,1545.25,1541.75,1552.5,1534.25,baghdad_kifah,dollariraqi|iqborsa
2024-10-08,1531.5,1531.0,1533.5,1533.5,1538.0,1538.5,baghdad_kifah,dollar_price|dollariraqi|iqborsa
2024-10-09,1529.5,1534.0,1527.75,1529.75,1532.5,1534.25,baghdad_kifah,dollar_price|dollariraqi|iqborsa
2024-10-10,1537.5,1538.0,1534.5,1534.5,1538.0,1539.0,baghdad_kifah,dollar_price|dollariraqi|iqborsa
2024-10-13,1529.0,1526.0,1537.5,1537.5,1534.5,1530.63,baghdad_kifah,dollar_price|dollariraqi|iqborsa
2024-10-14,1530.0,1530.0,1529.0,1530.0,1531.75,1532.75,baghdad_kifah,dollar_price|dollariraqi|iqborsa
2024-10-15,1530.0,1529.5,1533.25,1533.25,1534.0,1533.38,baghdad_kifah,dollar_price|dollariraqi|iqborsa
2024-10-16,1527.0,1529.0,1528.0,1528.0,1533.25,1534.25,baghdad_kifah,dollar_price|dollariraqi|iqborsa
2024-10-17,1531.0,1531.0,1530.75,1530.75,1536.5,1536.25,baghdad_kifah,dollar_price|dollariraqi|iqborsa
2024-10-20,1525.5,1527.5,1527.0,1527.0,1529.25,1528.5,baghdad_kifah,dollar_price|dollariraqi|iqborsa
2024-10-21,1529.5,1525.0,1534.5,1534.5,1533.0,1530.0,baghdad_kifah,dollar_price|dollariraqi|iqborsa
2024-10-22,1526.0,1526.0,1525.0,1525.0,1532.25,1532.25,baghdad_kifah,dollar_price|dollariraqi|iqborsa
2024-10-23,1526.0,1526.0,1529.75,1529.75,1531.25,1528.5,baghdad_kifah,dollar_price|dollariraqi|iqborsa
2024-10-24,1522.0,1523.5,1526.75,1526.75,1528.25,1529.0,baghdad_kifah,dollar_price|dollariraqi|iqborsa
2024-10-27,1505.5,1506.0,1514.0,1515.25,1515.0,1514.0,baghdad_kifah,dollar_price|dollariraqi|iqborsa
2024-10-28,1512.0,1510.0,1510.0,1509.5,1513.25,1510.75,baghdad_kifah,dollar_price|dollariraqi|iqborsa
2024-10-29,1506.0,1506.0,1506.75,1506.75,1511.0,1509.5,baghdad_kifah,dollar_price|dollariraqi|iqborsa
2024-10-30,1504.0,1504.0,1504.0,1504.0,1508.75,1506.0,baghdad_kifah,dollar_price|dollariraqi|iqborsa
2024-10-31,1502.5,1502.5,1504.75,1506.25,1505.0,1505.0,baghdad_kifah,dollar_price|dollariraqi|iqborsa
2024-11-03,1507.5,1509.0,1506.0,1506.0,1512.25,1512.5,baghdad_kifah,dollar_price|dollariraqi|iqborsa
2024-11-04,1510.0,1510.5,1511.75,1511.25,1514.0,1512.5,baghdad_kifah,dollar_price|dollariraqi|iqborsa
2024-11-05,1507.5,1507.0,1509.75,1509.75,1511.5,1511.0,baghdad_kifah,dollar_price|dollariraqi|iqborsa
2024-11-06,1508.5,1509.0,1508.5,1508.5,1513.0,1511.5,baghdad_kifah,dollar_price|dollariraqi|iqborsa
2024-11-07,1507.5,1507.0,1508.25,1508.25,1513.75,1514.0,baghdad_kifah,dollar_price|dollariraqi|iqborsa
2024-11-10,1505.75,1505.75,1507.75,1507.75,1508.75,1508.0,baghdad_kifah,dollar_price|dollariraqi|iqborsa
2024-11-11,1502.5,1504.0,1506.5,1506.5,1506.75,1506.75,baghdad_kifah,dollar_price|dollariraqi|iqborsa
2024-11-12,1502.0,1502.0,1505.75,1505.75,1503.25,1503.25,baghdad_kifah,dollar_price|dollariraqi|iqborsa
2024-11-13,1504.5,1504.5,1504.0,1504.5,1507.5,1507.75,baghdad_kifah,dollar_price|dollariraqi|iqborsa
2024-11-14,1508.0,1508.0,1508.5,1508.5,1508.5,1508.5,baghdad_kifah,dollar_price|dollariraqi|iqborsa
2024-11-17,1507.67,1507.0,1506.25,1506.5,1504.75,1504.75,baghdad_generic,dollar_price|dollariraqi|iqborsa
2024-11-18,1503.5,1503.5,1504.25,1505.25,1506.0,1506.25,baghdad_kifah,dollar_price|dollariraqi|iqborsa
2024-11-19,1506.5,1506.5,1506.5,1506.5,1507.5,1506.75,baghdad_kifah,dollar_price|dollariraqi|iqborsa
2024-11-24,1503.0,1501.25,1503.75,1503.75,1506.75,1506.25,baghdad_kifah,dollar_price|dollariraqi|iqborsa
2024-11-25,1503.5,1503.5,1502.75,1502.75,1504.5,1504.5,baghdad_kifah,dollar_price|dollariraqi|iqborsa
2024-11-26,1503.5,1498.5,1505.0,1503.5,1506.75,1504.25,baghdad_kifah,dollar_price|dollariraqi|iqborsa
2024-11-27,1499.0,1498.5,1500.75,1500.75,1501.25,1501.0,baghdad_kifah,dollar_price|dollariraqi|iqborsa
2024-11-28,1501.0,1500.0,1504.25,1503.75,1503.5,1502.5,baghdad_kifah,dollar_price|dollariraqi|iqborsa
2024-12-01,1499.25,1499.25,1500.0,1500.0,1502.25,1502.25,baghdad_kifah,dollar_price|dollariraqi|iqborsa
2024-12-02,1502.0,1502.0,1502.5,1502.5,1503.75,1503.75,baghdad_kifah,dollar_price|dollariraqi|iqborsa
2024-12-03,1500.5,1500.5,1500.75,1501.25,1500.75,1501.25,baghdad_kifah,dollar_price|dollariraqi|iqborsa
2024-12-04,1502.5,1505.0,1503.0,1502.25,1504.25,1504.5,baghdad_kifah,dollar_price|dollariraqi|iqborsa
2024-12-05,1504.5,1504.5,1502.25,1502.25,1503.38,1503.38,baghdad_kifah,dollar_price|dollariraqi|iqborsa
2024-12-08,1511.5,1511.5,1511.75,1511.0,1511.75,1511.0,baghdad_kifah,dollar_price|dollariraqi|iqborsa
2024-12-09,1507.0,1507.0,1507.5,1507.5,1509.25,1510.0,baghdad_kifah,dollar_price|dollariraqi|iqborsa
2024-12-10,1508.5,1508.5,1507.5,1506.25,1507.0,1507.5,baghdad_kifah,dollar_price|dollariraqi|iqborsa
2024-12-11,1505.0,1505.0,1503.25,1503.0,1504.0,1502.75,baghdad_kifah,dollar_price|dollariraqi|iqborsa
2024-12-12,1504.5,1504.5,1506.5,1506.5,1502.75,1502.75,baghdad_kifah,dollar_price|dollariraqi|iqborsa
2024-12-15,1507.0,1509.5,1507.25,1507.5,1503.75,1503.75,baghdad_kifah,dollar_price|dollariraqi|iqborsa
2024-12-16,1509.0,1508.5,1506.0,1506.0,1506.0,1506.25,baghdad_kifah,dollar_price|dollariraqi|iqborsa
2024-12-17,1509.5,1511.5,1505.75,1505.75,1506.5,1506.25,baghdad_kifah,dollar_price|dollariraqi|iqborsa
2024-12-18,1509.5,1509.5,1508.0,1507.75,1507.25,1506.25,baghdad_kifah,dollar_price|dollariraqi|iqborsa
2024-12-19,1510.5,1510.5,1507.25,1507.25,1507.0,1507.0,baghdad_kifah,dollar_price|dollariraqi|iqborsa
2024-12-22,1507.0,1507.0,1508.0,1508.0,1504.0,1504.0,baghdad_kifah,dollariraqi|iqborsa
2024-12-23,1512.5,1512.5,1509.75,1508.75,1508.75,1508.0,baghdad_kifah,dollar_price|dollariraqi|iqborsa
2024-12-24,1514.33,1514.33,1512.25,1512.25,1513.63,1513.63,baghdad_generic,dollar_price|dollariraqi|iqborsa
2024-12-25,1518.0,1518.0,1515.0,1515.0,1517.25,1517.25,baghdad_kifah,dollar_price|dollariraqi|iqborsa
2024-12-26,1518.0,1518.0,1518.5,1518.5,1521.0,1521.0,baghdad_kifah,dollar_price|dollariraqi|iqborsa
2024-12-29,1513.0,1513.0,1516.5,1517.5,1519.25,1519.5,baghdad_kifah,dollar_price|dollariraqi|iqborsa
2024-12-30,1517.5,1517.5,1520.0,1520.0,1518.5,1518.5,baghdad_kifah,dollar_price|dollariraqi|iqborsa
2024-12-31,1518.33,1518.33,1517.5,1517.5,1518.25,1518.25,baghdad_generic,dollar_price|dollariraqi|iqborsa
2025-01-01,1516.25,1516.25,1515.0,1515.0,1514.0,1514.0,baghdad_generic,dollariraqi|iqborsa
2025-01-02,1519.5,1521.5,1518.5,1518.5,1518.0,1518.0,baghdad_generic,dollar_price|dollariraqi|iqborsa
2025-01-05,1513.0,1513.0,1516.5,1516.0,1513.75,1513.75,baghdad_kifah,dollar_price|dollariraqi|iqborsa
2025-01-06,1515.17,1515.17,1516.0,1516.0,1513.5,1513.5,baghdad_generic,dollar_price|dollariraqi|iqborsa
2025-01-07,1508.0,1508.0,1509.0,1510.0,1509.75,1509.5,baghdad_kifah,dollar_price|dollariraqi|iqborsa
2025-01-08,1509.5,1509.5,1508.25,1509.25,1509.5,1509.0,baghdad_kifah,dollar_price|dollariraqi|iqborsa
2025-01-09,1511.83,1511.17,1510.5,1510.5,1514.0,1512.5,baghdad_generic,dollar_price|dollariraqi|iqborsa
2025-01-12,1508.5,1508.5,1512.5,1513.25,1511.0,1512.75,baghdad_kifah,dollar_price|dollariraqi|iqborsa
2025-01-13,1512.0,1511.0,1512.75,1511.5,1514.0,1513.0,baghdad_kifah,dollar_price|dollariraqi|iqborsa
2025-01-14,1510.5,1509.0,1512.0,1512.25,1512.5,1511.25,baghdad_kifah,dollar_price|dollariraqi|iqborsa
2025-01-15,1509.5,1509.5,1512.5,1513.25,1512.75,1512.75,baghdad_kifah,dollar_price|dollariraqi|iqborsa
2025-01-16,1508.5,1507.0,1513.25,1511.25,1513.0,1510.0,baghdad_kifah,dollar_price|dollariraqi|iqborsa
2025-01-19,1506.5,1506.5,1506.75,1506.75,1508.5,1507.5,baghdad_kifah,dollar_price|dollariraqi|iqborsa
2025-01-20,1506.5,1508.0,1509.5,1509.5,1508.25,1508.5,baghdad_kifah,dollar_price|dollariraqi|iqborsa
2025-01-21,1509.5,1509.5,1509.5,1509.5,1509.25,1509.25,baghdad_kifah,dollar_price|dollariraqi|iqborsa
2025-01-22,1509.0,1509.5,1510.0,1508.75,1510.75,1510.0,baghdad_kifah,dollar_price|dollariraqi|iqborsa
2025-01-23,1508.0,1508.5,1509.5,1509.5,1510.0,1510.25,baghdad_kifah,dollar_price|dollariraqi|iqborsa
2025-01-26,1508.0,1508.0,1509.5,1509.25,1509.75,1509.75,baghdad_kifah,dollar_price|dollariraqi|iqborsa
2025-01-27,1503.0,1503.0,1511.75,1511.0,1510.0,1508.0,baghdad_kifah,dollar_price|dollariraqi|iqborsa
2025-01-28,1500.0,1499.5,1506.75,1504.75,1504.25,1502.75,baghdad_kifah,dollar_price|dollariraqi|iqborsa
2025-01-29,1502.0,1502.0,1505.25,1505.75,1503.25,1503.38,baghdad_kifah,dollar_price|dollariraqi|iqborsa
2025-01-30,1505.0,1505.0,1506.0,1506.75,1506.0,1505.75,baghdad_kifah,dollar_price|dollariraqi|iqborsa
2025-02-02,1502.5,1503.0,1505.25,1505.5,1503.5,1503.75,baghdad_kifah,dollar_price|dollariraqi|iqborsa
2025-02-03,1503.5,1503.5,1504.5,1504.25,1505.5,1505.25,baghdad_kifah,dollar_price|dollariraqi|iqborsa
2025-02-04,1502.5,1502.5,1504.0,1503.0,1504.75,1503.75,baghdad_kifah,dollar_price|dollariraqi|iqborsa
2025-02-05,1502.5,1503.0,1502.75,1503.5,1501.1,1502.85,baghdad_kifah,dollar_price|dollariraqi|iqborsa
2025-02-06,1504.5,1504.5,1504.5,1504.0,1505.75,1505.0,baghdad_kifah,dollar_price|dollariraqi|iqborsa
2025-02-09,1503.5,1503.5,1506.25,1505.63,1505.0,1504.5,baghdad_kifah,dollar_price|dollariraqi|iqborsa
2025-02-10,1504.0,1503.33,1504.0,1503.0,1503.25,1502.75,baghdad_generic,dollar_price|dollariraqi|iqborsa
2025-02-11,1507.67,1507.33,1504.25,1503.5,1504.75,1505.13,baghdad_generic,dollar_price|dollariraqi|iqborsa
2025-02-12,1504.0,1503.67,1504.0,1503.5,1504.25,1504.0,baghdad_generic,dollar_price|dollariraqi|iqborsa
2025-02-13,1502.5,1502.5,1503.75,1503.25,1503.75,1503.75,baghdad_kifah,dollar_price|dollariraqi|iqborsa
2025-02-16,1500.5,1500.5,1503.5,1503.5,1503.5,1503.0,baghdad_kifah,dollar_price|dollariraqi
2025-02-17,1503.0,1504.0,1503.5,1504.5,1504.5,1504.25,baghdad_kifah,dollar_price|dollariraqi|iqborsa
2025-02-18,1503.25,1503.25,1506.25,1505.5,1505.25,1504.0,baghdad_kifah,dollar_price|dollariraqi|iqborsa
2025-02-19,1502.5,1502.5,1504.0,1502.5,1503.25,1502.25,baghdad_kifah,dollar_price|dollariraqi|iqborsa
2025-02-20,1500.0,1500.0,1501.0,1501.0,1500.75,1500.75,baghdad_kifah,dollar_price|dollariraqi|iqborsa
2025-02-23,1497.25,1492.5,1499.5,1495.5,1497.0,1493.5,baghdad_kifah,dollariraqi|iqborsa
2025-02-24,1490.0,1490.0,1495.5,1491.5,1494.5,1494.0,baghdad_kifah,dollar_price|dollariraqi|iqborsa
2025-02-25,1487.0,1487.0,1491.25,1491.25,1492.25,1492.25,baghdad_kifah,dollar_price|dollariraqi|iqborsa
2025-02-26,1491.0,1491.0,1492.0,1490.25,1490.5,1490.5,baghdad_kifah,dollar_price|dollariraqi|iqborsa
2025-02-27,1490.33,1488.83,1491.0,1486.63,1489.5,1488.25,baghdad_generic,dollar_price|dollariraqi|iqborsa
2025-03-02,1472.67,1476.33,1471.25,1474.75,1470.0,1467.25,baghdad_generic,dollar_price|dollariraqi|iqborsa
2025-03-03,1485.5,1490.75,1484.5,1488.0,1481.75,1484.0,baghdad_kifah,dollar_price|dollariraqi|iqborsa
2025-03-04,1484.0,1487.0,1487.0,1485.5,1485.5,1487.0,baghdad_kifah,dollar_price|dollariraqi
2025-03-05,1483.0,1483.0,1484.5,1483.0,1483.25,1482.75,baghdad_kifah,dollar_price|dollariraqi|iqborsa
2025-03-06,1483.0,1483.5,1486.25,1486.25,1482.0,1481.75,baghdad_kifah,dollar_price|dollariraqi|iqborsa
2025-03-09,1486.5,1486.5,1485.0,1488.25,1484.0,1484.75,baghdad_kifah,dollar_price|dollariraqi|iqborsa
2025-03-10,1486.33,1484.33,1487.0,1484.0,1484.38,1482.75,baghdad_generic,dollar_price|dollariraqi|iqborsa
2025-03-11,1484.0,1481.83,1484.25,1481.75,1481.75,1480.0,baghdad_generic,dollar_price|dollariraqi|iqborsa
2025-03-12,1478.0,1478.0,1482.5,1482.5,1478.25,1478.25,baghdad_kifah,dollar_price|dollariraqi|iqborsa
2025-03-13,1479.5,1479.5,1484.0,1484.0,1479.75,1481.5,baghdad_kifah,dollar_price|dollariraqi|iqborsa
2025-03-16,1478.5,1478.5,1485.0,1483.75,1478.25,1478.75,baghdad_kifah,dollar_price|dollariraqi|iqborsa
2025-03-17,1479.5,1477.33,1479.75,1477.25,1477.5,1473.75,baghdad_generic,dollar_price|dollariraqi|iqborsa
2025-03-18,1473.5,1475.5,1477.5,1476.5,1472.25,1472.25,baghdad_kifah,dollar_price|dollariraqi|iqborsa
2025-03-19,1475.5,1474.5,1479.75,1476.25,1472.5,1471.25,baghdad_kifah,dollar_price|dollariraqi|iqborsa
2025-03-20,1472.0,1472.5,1477.75,1477.75,1473.25,1473.25,baghdad_kifah,dollar_price|dollariraqi|iqborsa
2025-03-23,1474.17,1472.67,1473.75,1472.0,1473.38,1473.38,baghdad_generic,dollar_price|dollariraqi|iqborsa
2025-03-24,1470.5,1470.5,1475.25,1472.75,1469.38,1468.75,baghdad_kifah,dollar_price|dollariraqi|iqborsa
2025-03-25,1469.17,1470.33,1473.25,1473.25,1469.25,1469.75,baghdad_generic,dollar_price|dollariraqi|iqborsa
2025-03-26,1470.5,1472.5,1470.75,1471.25,1468.75,1469.5,baghdad_kifah,dollar_price|dollariraqi|iqborsa
2025-03-27,1471.5,1471.5,1475.5,1475.0,1470.5,1470.5,baghdad_kifah,dollar_price|dollariraqi|iqborsa
2025-03-30,1477.67,1477.67,1476.75,1476.75,,,baghdad_generic,dollar_price|dollariraqi|iqborsa
2025-04-03,1477.5,1477.5,,,,,baghdad_generic,iqborsa
2025-04-06,1473.0,1476.0,1478.5,1479.0,1476.38,1478.5,baghdad_kifah,dollar_price|dollariraqi|iqborsa
2025-04-07,1480.5,1480.5,1480.5,1480.0,1481.5,1480.75,baghdad_kifah,dollar_price|dollariraqi|iqborsa
2025-04-08,1480.0,1480.0,1480.75,1480.75,1479.0,1478.75,baghdad_kifah,dollar_price|dollariraqi|iqborsa
2025-04-09,1475.0,1475.0,1476.25,1476.75,1476.5,1477.5,baghdad_kifah,dollar_price|dollariraqi|iqborsa
2025-04-10,1479.0,1481.0,1478.75,1479.0,1482.25,1482.0,baghdad_kifah,dollar_price|dollariraqi|iqborsa
2025-04-13,1474.5,1474.5,1476.25,1475.25,1478.5,1478.25,baghdad_kifah,dollar_price|dollariraqi|iqborsa
2025-04-14,1474.0,1474.0,1476.75,1476.75,1477.0,1477.13,baghdad_kifah,dollar_price|dollariraqi|iqborsa
2025-04-15,1476.17,1475.0,1474.25,1473.0,1477.75,1476.5,baghdad_generic,dollar_price|dollariraqi|iqborsa
2025-04-16,1469.5,1468.5,1474.25,1473.5,1473.5,1473.75,baghdad_kifah,dollar_price|dollariraqi|iqborsa
2025-04-17,1469.5,1470.0,1470.0,1470.0,1475.5,1475.25,baghdad_kifah,dollar_price|dollariraqi|iqborsa
2025-04-20,1465.0,1465.0,1467.5,1467.5,1471.75,1471.75,baghdad_kifah,dollar_price|dollariraqi|iqborsa
2025-04-21,1461.0,1460.5,1464.5,1463.75,1467.5,1467.5,baghdad_kifah,dollar_price|dollariraqi|iqborsa
2025-04-22,1459.0,1457.5,1459.75,1460.0,1464.0,1463.0,baghdad_kifah,dollar_price|dollariraqi|iqborsa
2025-04-23,1460.83,1460.0,1458.75,1457.75,1462.75,1462.25,baghdad_generic,dollar_price|dollariraqi|iqborsa
2025-04-24,1448.0,1448.0,1451.0,1453.25,1454.0,1455.75,baghdad_kifah,dollar_price|dollariraqi|iqborsa
2025-04-27,1446.0,1452.0,1448.5,1450.75,1449.0,1451.75,baghdad_kifah,dollar_price|dollariraqi|iqborsa
2025-04-28,1452.5,1447.5,1455.25,1453.0,1453.5,1451.0,baghdad_kifah,dollar_price|dollariraqi|iqborsa
2025-04-29,1447.0,1448.0,1448.25,1448.75,1448.5,1449.25,baghdad_kifah,dollar_price|dollariraqi|iqborsa
2025-04-30,1446.5,1446.0,1451.25,1449.75,1451.0,1450.13,baghdad_kifah,dollar_price|dollariraqi|iqborsa
2025-05-01,1446.5,1446.5,1451.5,1451.5,1449.75,1449.75,baghdad_kifah,dollar_price|dollariraqi|iqborsa
2025-05-04,1446.0,1445.0,1449.25,1448.25,1448.75,1448.0,baghdad_kifah,dollar_price|dollariraqi|iqborsa
2025-05-05,1440.0,1440.0,1445.0,1445.0,1446.0,1446.0,baghdad_kifah,dollar_price|dollariraqi|iqborsa
2025-05-06,1436.0,1436.0,1443.75,1441.75,1441.75,1441.75,baghdad_kifah,dollar_price|dollariraqi|iqborsa
2025-05-07,1424.5,1424.5,1435.75,1432.5,1433.75,1431.25,baghdad_kifah,dollar_price|dollariraqi|iqborsa
2025-05-08,1418.0,1427.5,1421.5,1428.25,1423.75,1429.0,baghdad_kifah,dollar_price|dollariraqi|iqborsa
2025-05-11,1420.5,1420.5,1425.0,1425.0,1423.25,1423.25,baghdad_kifah,dollar_price|dollariraqi|iqborsa
2025-05-12,1429.0,1430.0,1430.25,1433.0,1428.5,1429.25,baghdad_kifah,dollar_price|dollariraqi|iqborsa
2025-05-13,1426.5,1427.0,1429.0,1428.75,1428.25,1428.5,baghdad_kifah,dollar_price|dollariraqi|iqborsa
2025-05-14,1422.5,1425.0,1427.0,1427.75,1422.75,1422.88,baghdad_kifah,dollar_price|dollariraqi|iqborsa
2025-05-15,1426.0,1424.5,1426.75,1426.5,1425.75,1425.0,baghdad_kifah,dollar_price|dollariraqi|iqborsa
2025-05-18,1425.0,1423.0,1426.75,1425.25,1426.0,1425.0,baghdad_kifah,dollar_price|dollariraqi|iqborsa
2025-05-19,1421.5,1422.0,1425.0,1425.0,1424.5,1424.63,baghdad_kifah,dollar_price|dollariraqi|iqborsa
2025-05-20,1425.0,1425.0,1427.5,1427.5,1426.25,1426.25,baghdad_kifah,dollar_price|dollariraqi|iqborsa
2025-05-21,1423.5,1423.5,1427.5,1427.5,1426.75,1426.75,baghdad_kifah,dollar_price|dollariraqi|iqborsa
2025-05-22,1420.0,1420.0,1424.75,1424.0,1425.25,1424.5,baghdad_kifah,dollar_price|dollariraqi|iqborsa
2025-05-25,1419.5,1416.0,1422.25,1420.5,1419.0,1419.0,baghdad_kifah,dollar_price|dollariraqi|iqborsa
2025-05-26,1410.0,1407.5,1417.0,1415.0,1416.0,1413.5,baghdad_kifah,dollar_price|dollariraqi|iqborsa
2025-05-27,1405.0,1405.0,1405.75,1408.0,1405.25,1406.75,baghdad_kifah,dollar_price|dollariraqi|iqborsa
2025-05-28,1408.5,1408.5,1410.0,1408.75,1411.25,1411.25,baghdad_kifah,dollar_price|dollariraqi|iqborsa
2025-05-29,1409.5,1409.5,1410.5,1412.5,1410.0,1412.0,baghdad_kifah,dollar_price|dollariraqi|iqborsa
2025-06-01,1413.0,1413.0,1414.5,1415.5,1411.25,1412.5,baghdad_kifah,dollar_price|dollariraqi|iqborsa
2025-06-02,1414.5,1417.5,1416.75,1416.75,1415.0,1415.75,baghdad_kifah,dollar_price|dollariraqi|iqborsa
2025-06-03,1415.0,1415.0,1417.0,1416.0,1415.5,1414.25,baghdad_kifah,dollar_price|dollariraqi|iqborsa
2025-06-04,1413.67,1415.67,1415.75,1417.25,1413.75,1414.75,baghdad_generic,dollar_price|dollariraqi|iqborsa
2025-06-05,1416.5,1416.67,1417.0,1417.0,1415.75,1415.75,baghdad_generic,dollar_price|dollariraqi|iqborsa
2025-06-08,1417.5,1417.5,,,,,baghdad_generic,iqborsa
2025-06-09,1416.0,1416.0,,,1412.5,1412.5,baghdad_generic,dollariraqi|iqborsa
2025-06-10,1414.75,1413.75,1416.0,1416.0,1412.5,1412.5,baghdad_generic,dollariraqi|iqborsa
2025-06-11,1414.0,1414.0,1417.25,1416.25,1414.25,1414.25,baghdad_kifah,dollar_price|dollariraqi|iqborsa
2025-06-12,1434.0,1434.0,1435.5,1438.0,1418.5,1437.0,baghdad_kifah,dollar_price|dollariraqi|iqborsa
2025-06-15,1436.0,1439.0,1440.0,1440.0,1439.75,1442.25,baghdad_kifah,dollar_price|dollariraqi|iqborsa
2025-06-16,1433.0,1433.0,1442.0,1439.5,1442.5,1438.25,baghdad_kifah,dollar_price|dollariraqi|iqborsa
2025-06-17,1431.5,1434.0,1433.25,1435.75,1435.75,1439.0,baghdad_kifah,dollar_price|dollariraqi
2025-06-18,1436.0,1438.5,1439.0,1440.0,1438.5,1439.25,baghdad_kifah,dollar_price|dollariraqi
2025-06-19,1440.0,1442.5,1439.0,1440.5,1440.0,1442.25,baghdad_kifah,dollar_price|dollariraqi
2025-06-22,1440.0,1440.0,1440.0,1440.5,1440.25,1439.75,baghdad_kifah,dollar_price|dollariraqi
2025-06-23,1436.5,1437.5,1438.25,1439.75,1438.25,1438.0,baghdad_kifah,dollar_price|dollariraqi
2025-06-24,1422.0,1418.5,1422.5,1415.0,1422.0,1412.0,baghdad_kifah,dollar_price|dollariraqi
2025-06-25,1416.0,1416.0,1416.0,1413.0,1413.5,1410.5,baghdad_kifah,dollar_price|dollariraqi|iqborsa
2025-06-26,1414.83,1414.67,1413.5,1412.5,1412.0,1411.0,baghdad_generic,dollar_price|dollariraqi|iqborsa
2025-06-29,1412.5,1413.0,1412.75,1413.0,1411.75,1412.25,baghdad_kifah,dollar_price|dollariraqi|iqborsa
2025-06-30,1413.5,1415.5,1415.75,1415.75,1415.25,1416.25,baghdad_kifah,dollar_price|dollariraqi|iqborsa
2025-07-01,1413.0,1413.0,1414.0,1413.5,1414.5,1414.25,baghdad_kifah,dollar_price|dollariraqi|iqborsa
2025-07-02,1413.0,1411.5,1414.0,1413.75,1412.5,1410.75,baghdad_kifah,dollar_price|dollariraqi|iqborsa
2025-07-03,1412.0,1412.0,1410.0,1411.0,1408.5,1409.75,baghdad_kifah,dollar_price|dollariraqi|iqborsa
2025-07-06,,,1412.5,1412.0,1411.0,1410.5,,dollariraqi
2025-07-07,1412.5,1412.0,1413.75,1413.25,1410.25,1410.38,baghdad_kifah,dollar_price|dollariraqi|iqborsa
2025-07-08,1411.5,1411.0,1411.75,1411.75,1410.75,1411.25,baghdad_kifah,dollar_price|dollariraqi|iqborsa
2025-07-09,1413.0,1413.0,1412.5,1412.25,1412.0,1412.0,baghdad_kifah,dollar_price|dollariraqi|iqborsa
2025-07-10,1412.0,1412.0,1415.5,1415.25,1413.0,1413.25,baghdad_kifah,dollar_price|dollariraqi|iqborsa
2025-07-13,1413.17,1412.5,1412.5,1411.25,1409.0,1409.25,baghdad_generic,dollar_price|dollariraqi|iqborsa
2025-07-14,1410.5,1410.5,1412.0,1412.0,1409.25,1409.25,baghdad_kifah,dollar_price|dollariraqi|iqborsa
2025-07-15,1406.5,1406.5,1409.5,1408.25,1408.0,1406.5,baghdad_kifah,dollar_price|dollariraqi|iqborsa
2025-07-16,1407.0,1407.0,1409.0,1407.5,1407.5,1407.25,baghdad_kifah,dollar_price|dollariraqi|iqborsa
2025-07-17,1406.5,1407.0,1409.0,1409.25,1407.0,1407.25,baghdad_kifah,dollar_price|dollariraqi|iqborsa
2025-07-20,1403.5,1403.5,1407.5,1404.5,1400.88,1398.5,baghdad_kifah,dollar_price|dollariraqi|iqborsa
2025-07-21,1396.5,1396.0,1398.75,1398.25,1398.5,1395.25,baghdad_kifah,dollar_price|dollariraqi|iqborsa
2025-07-22,1393.0,1394.5,1392.75,1394.5,1391.5,1391.75,baghdad_kifah,dollar_price|dollariraqi|iqborsa
2025-07-23,1396.0,1394.0,1398.75,1396.25,1393.75,1393.25,baghdad_kifah,dollar_price|dollariraqi|iqborsa
2025-07-24,1394.0,1394.0,1398.25,1397.25,1392.25,1392.5,baghdad_kifah,dollar_price|dollariraqi|iqborsa
2025-07-27,1392.0,1392.0,1395.5,1395.25,1391.25,1391.75,baghdad_kifah,dollar_price|dollariraqi|iqborsa
2025-07-28,1392.0,1392.0,1395.5,1395.25,1391.5,1391.25,baghdad_kifah,dollar_price|dollariraqi|iqborsa
2025-07-29,1392.0,1393.0,1394.0,1394.25,1391.0,1391.25,baghdad_kifah,dollar_price|dollariraqi|iqborsa
2025-07-30,1393.5,1393.5,1393.5,1394.5,1390.5,1396.0,baghdad_kifah,dollar_price|dollariraqi|iqborsa
2025-07-31,1398.0,1398.0,1399.0,1400.5,1397.75,1398.63,baghdad_kifah,dollar_price|dollariraqi|iqborsa
2025-08-03,1395.5,1398.0,1395.5,1396.0,1394.5,1394.5,baghdad_kifah,dollar_price|dollariraqi|iqborsa
2025-08-04,1398.0,1398.0,1399.0,1399.25,1397.25,1398.25,baghdad_kifah,dollar_price|dollariraqi|iqborsa
2025-08-05,1399.0,1399.0,1400.5,1400.25,1401.0,1400.75,baghdad_kifah,dollar_price|dollariraqi|iqborsa
2025-08-06,1397.75,1398.5,1398.75,1398.5,1399.75,1400.5,baghdad_kifah,dollar_price|dollariraqi|iqborsa
2025-08-07,1398.0,1398.5,1399.0,1398.25,1400.5,1400.38,baghdad_kifah,dollar_price|dollariraqi|iqborsa
2025-08-10,1398.5,1400.5,1400.5,1400.75,1400.5,1402.0,baghdad_kifah,dollar_price|dollariraqi|iqborsa
2025-08-11,1401.5,1403.5,1403.0,1403.75,1404.5,1405.75,baghdad_kifah,dollar_price|dollariraqi|iqborsa
2025-08-12,1406.5,1406.5,1406.5,1407.25,1406.75,1406.5,baghdad_kifah,dollar_price|dollariraqi|iqborsa
2025-08-13,1404.0,1404.0,1404.5,1405.25,1405.5,1406.5,baghdad_kifah,dollar_price|dollariraqi|iqborsa
2025-08-14,1406.5,1406.0,1407.5,1406.0,1406.75,1405.5,baghdad_generic,dollar_price|dollariraqi|iqborsa
2025-08-17,1407.0,1407.0,1407.25,1408.0,1406.25,1407.25,baghdad_kifah,dollar_price|dollariraqi|iqborsa
2025-08-18,1413.0,1418.5,1412.5,1416.5,1412.5,1414.75,baghdad_kifah,dollar_price|dollariraqi|iqborsa
2025-08-19,1417.0,1420.5,1417.5,1420.0,1416.25,1417.5,baghdad_kifah,dollar_price|dollariraqi|iqborsa
2025-08-20,1425.0,1433.0,1425.0,1431.5,1423.5,1427.5,baghdad_kifah,dollar_price|dollariraqi|iqborsa
2025-08-21,1435.0,1425.0,1438.5,1431.5,1432.75,1428.75,baghdad_kifah,dollariraqi|iqborsa
2025-08-24,1417.0,1419.0,1418.5,1419.5,1417.75,1419.0,baghdad_kifah,dollar_price|dollariraqi|iqborsa
2025-08-25,1421.0,1421.0,1425.0,1423.25,1423.25,1422.25,baghdad_kifah,dollar_price|dollariraqi|iqborsa
2025-08-26,1418.5,1421.5,1424.25,1424.25,1421.25,1422.0,baghdad_kifah,dollar_price|dollariraqi|iqborsa
2025-08-27,1424.0,1423.5,1423.75,1425.0,1421.75,1421.25,baghdad_kifah,dollar_price|dollariraqi|iqborsa
2025-08-28,1421.0,1422.0,1423.25,1423.75,1420.75,1420.75,baghdad_kifah,dollar_price|dollariraqi|iqborsa
2025-08-31,1430.0,1427.0,1430.0,1427.0,1430.25,1427.75,baghdad_kifah,dollar_price|dollariraqi|iqborsa
2025-09-01,1425.5,1425.0,1426.75,1426.25,1423.75,1424.0,baghdad_kifah,dollar_price|dollariraqi|iqborsa
2025-09-02,1426.0,1427.0,1428.5,1428.75,1424.5,1425.5,baghdad_kifah,dollar_price|dollariraqi|iqborsa
2025-09-03,1428.5,1428.5,1430.75,1431.25,1426.0,1427.25,baghdad_kifah,dollar_price|dollariraqi|iqborsa
2025-09-04,1430.5,1431.0,1433.25,1432.75,1430.5,1431.0,baghdad_kifah,dollar_price|dollariraqi|iqborsa
2025-09-07,1429.0,1429.0,1430.0,1430.75,1427.75,1428.5,baghdad_kifah,dollar_price|dollariraqi|iqborsa
2025-09-08,1429.0,1431.5,1431.25,1432.25,1429.5,1431.0,baghdad_kifah,dollar_price|dollariraqi|iqborsa
2025-09-09,1433.0,1435.0,1435.25,1437.75,1433.5,1436.0,baghdad_kifah,dollar_price|dollariraqi|iqborsa
2025-09-10,1434.0,1434.0,1438.0,1436.5,1436.5,1435.75,baghdad_kifah,dollar_price|dollariraqi|iqborsa
2025-09-11,1432.5,1431.5,1438.75,1438.25,1432.25,1431.75,baghdad_kifah,dollar_price|dollariraqi|iqborsa
2025-09-14,1428.0,1430.5,1431.75,1432.75,1429.25,1429.75,baghdad_kifah,dollar_price|dollariraqi|iqborsa
2025-09-15,1429.5,1429.5,1430.75,1430.75,1430.25,1430.25,baghdad_kifah,dollar_price|dollariraqi|iqborsa
2025-09-16,1430.0,1430.0,1430.75,1430.75,1429.75,1428.75,baghdad_generic,dollar_price|dollariraqi|iqborsa
2025-09-17,1427.0,1427.0,1430.5,1431.0,1429.5,1430.75,baghdad_kifah,dollar_price|dollariraqi|iqborsa
2025-09-18,1427.0,1427.0,1431.0,1430.0,1429.0,1426.75,baghdad_kifah,dollar_price|dollariraqi|iqborsa
2025-09-21,1423.58,1422.0,1424.25,1422.75,1419.0,1419.0,baghdad_generic,dollar_price|dollariraqi|iqborsa
2025-09-22,1415.0,1415.0,1417.5,1416.5,1415.0,1413.0,baghdad_kifah,dollar_price|dollariraqi|iqborsa
2025-09-23,1410.5,1414.0,1414.0,1415.5,1410.75,1411.5,baghdad_kifah,dollar_price|dollariraqi|iqborsa
2025-09-24,1419.5,1421.33,1415.75,1417.25,1415.0,1416.0,baghdad_generic,dollar_price|dollariraqi|iqborsa
2025-09-25,1420.0,1417.0,1419.5,1417.75,1418.25,1417.0,baghdad_kifah,dollar_price|dollariraqi|iqborsa
2025-09-28,1414.5,1413.0,1417.75,1416.25,1415.25,1413.25,baghdad_kifah,dollar_price|dollariraqi|iqborsa
2025-09-29,1415.25,1416.5,1416.25,1416.75,1414.0,1415.25,baghdad_kifah,dollar_price|dollariraqi|iqborsa
2025-09-30,1414.25,1414.25,1418.0,1417.0,1416.25,1414.75,baghdad_kifah,dollar_price|dollariraqi|iqborsa
2025-10-01,1412.5,1412.5,1415.75,1415.5,1411.0,1411.0,baghdad_kifah,dollar_price|dollariraqi|iqborsa
2025-10-02,1413.25,1415.5,1413.5,1415.0,1411.5,1412.5,baghdad_generic,dollariraqi|iqborsa
2025-10-05,1416.0,1416.0,1416.75,1416.75,1414.75,1414.25,baghdad_kifah,dollar_price|dollariraqi|iqborsa
2025-10-06,1415.5,1415.0,1417.5,1417.0,1414.75,1414.0,baghdad_kifah,dollar_price|dollariraqi|iqborsa
2025-10-07,1415.0,1415.75,1416.0,1415.75,1413.5,1413.75,baghdad_kifah,dollar_price|dollariraqi|iqborsa
2025-10-08,1417.33,1418.33,1417.5,1418.0,1416.25,1416.5,baghdad_generic,dollar_price|dollariraqi|iqborsa
2025-10-09,1417.0,1417.0,1417.5,1417.75,1415.75,1415.25,baghdad_kifah,dollar_price|dollariraqi|iqborsa
2025-10-12,1415.5,1417.0,1419.0,1419.25,1416.25,1416.75,baghdad_kifah,dollar_price|dollariraqi
2025-10-13,1417.5,1417.5,1418.75,1418.0,1417.25,1416.25,baghdad_kifah,dollar_price|dollariraqi
2025-10-14,1417.0,1417.0,1416.5,1417.0,1414.5,1415.5,baghdad_kifah,dollariraqi
2025-10-15,1417.0,1417.0,1418.5,1418.25,1416.75,1416.25,baghdad_kifah,dollar_price|dollariraqi
2025-10-16,1415.5,1415.5,1417.75,1418.0,1416.38,1416.25,baghdad_kifah,dollar_price|dollariraqi
2025-10-19,1418.25,1418.75,1418.0,1418.5,1416.38,1417.25,baghdad_generic,dollar_price|dollariraqi
2025-10-20,1421.25,1421.25,1418.75,1418.75,1416.5,1416.5,baghdad_generic,dollar_price|dollariraqi
2025-10-21,1415.5,1415.5,1415.0,1415.0,1414.0,1414.0,baghdad_generic,dollar_price|dollariraqi
2025-10-22,1414.75,1414.0,1418.25,1417.25,1415.25,1415.5,baghdad_kifah,dollar_price|dollariraqi
2025-10-23,1419.5,1419.88,1416.75,1417.0,1414.5,1414.75,baghdad_generic,dollar_price|dollariraqi
2025-10-26,1409.5,1409.5,1416.25,1414.25,1412.25,1411.25,baghdad_kifah,dollar_price|dollariraqi
2025-10-27,1410.0,1410.0,1412.25,1412.25,1408.25,1408.25,baghdad_kifah,dollar_price|dollariraqi
2025-10-28,1411.5,1411.5,1414.75,1414.25,1410.0,1409.38,baghdad_kifah,dollar_price|dollariraqi|iqborsa
2025-10-29,1409.5,1409.5,1413.0,1412.5,1409.0,1407.25,baghdad_kifah,dollar_price|dollariraqi|iqborsa
2025-10-30,1409.5,1409.5,1412.25,1412.5,1408.5,1408.5,baghdad_kifah,dollar_price|dollariraqi|iqborsa
2025-11-02,1408.5,1408.5,1411.25,1411.25,1407.25,1407.5,baghdad_kifah,dollar_price|dollariraqi|iqborsa
2025-11-03,1413.17,1412.67,1413.25,1413.25,1408.25,1408.5,baghdad_generic,dollar_price|dollariraqi|iqborsa
2025-11-04,1411.5,1411.5,1413.0,1413.0,1411.5,1411.5,baghdad_kifah,dollar_price|dollariraqi
2025-11-05,1413.0,1413.0,1413.5,1414.25,1412.25,1412.25,baghdad_kifah,dollar_price|dollariraqi
2025-11-06,1412.75,1415.0,1415.0,1415.5,1410.0,1411.75,baghdad_kifah,dollar_price|dollariraqi|iqborsa
2025-11-09,1415.5,1415.5,1415.0,1415.5,1412.5,1413.0,baghdad_kifah,dollariraqi
2025-11-10,1416.0,1416.0,1417.75,1418.0,1415.0,1414.75,baghdad_kifah,dollar_price|dollariraqi
2025-11-11,1415.0,1415.0,,,,,baghdad_generic,iqborsa
2025-11-12,1416.0,1416.0,1417.75,1417.75,1413.75,1413.75,baghdad_kifah,dollar_price|dollariraqi|iqborsa
2025-11-13,1412.5,1412.5,1417.75,1417.75,1410.38,1412.0,baghdad_kifah,dollar_price|dollariraqi|iqborsa
2025-11-16,1413.75,1414.0,1418.5,1418.75,1414.0,1414.63,baghdad_kifah,dollar_price|dollariraqi|iqborsa
2025-11-17,1414.0,1414.0,1417.75,1416.25,1412.25,1411.75,baghdad_kifah,dollar_price|dollariraqi|iqborsa
2025-11-18,1412.5,1412.5,1412.75,1412.75,1411.75,1411.75,baghdad_kifah,dollar_price|dollariraqi|iqborsa
2025-11-19,1412.0,1412.0,1413.25,1413.25,1412.0,1412.0,baghdad_kifah,dollar_price|dollariraqi|iqborsa
2025-11-20,1414.0,1414.0,1414.5,1414.0,1410.5,1410.5,baghdad_kifah,dollariraqi
2025-11-23,1412.5,1418.0,1412.25,1413.75,1408.5,1410.25,baghdad_kifah,dollar_price|dollariraqi|iqborsa
2025-11-24,1431.17,1433.0,1435.5,1435.5,1430.0,1430.0,baghdad_generic,dollar_price|dollariraqi|iqborsa
2025-11-25,1422.0,1422.0,1429.5,1428.5,1422.0,1420.75,baghdad_kifah,dollar_price|dollariraqi|iqborsa
2025-11-26,1425.17,1422.83,1428.0,1426.0,1417.5,1416.25,baghdad_generic,dollar_price|dollariraqi|iqborsa
2025-11-27,1423.0,1423.0,1424.0,1426.0,1415.5,1418.0,baghdad_kifah,dollariraqi|iqborsa
2025-11-30,1425.0,1425.0,1428.25,1428.75,1417.5,1418.63,baghdad_kifah,dollar_price|dollariraqi|iqborsa
2025-12-01,1428.5,1428.5,1432.0,1431.75,1423.25,1423.0,baghdad_kifah,dollar_price|dollariraqi|iqborsa
2025-12-02,1432.67,1432.83,1434.0,1434.5,1422.75,1421.88,baghdad_generic,dollar_price|dollariraqi|iqborsa
2025-12-03,1425.0,1425.0,1428.5,1428.5,1414.5,1414.5,baghdad_kifah,dollariraqi
2025-12-04,1426.0,1426.5,1429.0,1429.5,1416.5,1416.5,baghdad_kifah,dollariraqi
2025-12-07,1427.5,1427.5,1431.25,1431.25,1418.75,1418.75,baghdad_kifah,dollar_price|dollariraqi|iqborsa
2025-12-08,1429.0,1429.0,1430.0,1430.25,1421.25,1421.0,baghdad_kifah,dollar_price|dollariraqi|iqborsa
2025-12-09,1428.75,1429.75,1433.0,1432.75,1421.0,1421.5,baghdad_kifah,dollar_price|dollariraqi|iqborsa
2025-12-10,1430.5,1432.0,1431.0,1432.0,1419.0,1421.5,baghdad_kifah,dollariraqi|iqborsa
2025-12-11,1430.5,1432.0,1429.5,1430.0,1419.0,1421.5,baghdad_kifah,dollar_price|dollariraqi|iqborsa
2025-12-14,1433.5,1433.5,1434.0,1434.0,1420.5,1419.5,baghdad_kifah,dollar_price|dollariraqi
2025-12-15,1433.0,1431.0,1433.0,1433.5,1418.5,1414.0,baghdad_kifah,dollar_price|dollariraqi|iqborsa
2025-12-16,1430.5,1427.0,1432.0,1428.0,1418.5,1416.5,baghdad_kifah,dollar_price|dollariraqi|iqborsa
2025-12-17,1424.0,1424.0,1425.5,1427.5,1413.0,1417.0,baghdad_kifah,dollar_price|dollariraqi|iqborsa
2025-12-18,1426.0,1429.5,1429.0,1431.0,1417.0,1418.0,baghdad_kifah,dollar_price|dollariraqi|iqborsa
2025-12-21,1428.0,1428.0,1430.5,1430.0,1419.0,1418.0,baghdad_kifah,dollar_price|dollariraqi|iqborsa
2025-12-22,1431.0,1432.0,1431.0,1433.0,1421.0,1421.5,baghdad_kifah,dollar_price|dollariraqi|iqborsa
2025-12-23,1431.5,1431.25,1432.5,1431.5,1422.0,1420.0,baghdad_generic,dollar_price|dollariraqi
2025-12-24,1431.0,1431.5,1431.5,1434.0,1420.5,1423.5,baghdad_generic,dollar_price|dollariraqi|iqborsa
2025-12-25,1434.25,1435.25,1436.0,1436.5,1425.0,1424.5,baghdad_generic,dollar_price|dollariraqi
2025-12-28,1432.5,1432.5,1433.0,1439.0,1426.5,1435.0,baghdad_kifah,dollar_price|dollariraqi|iqborsa
2025-12-29,1441.0,1444.0,1440.0,1443.0,1437.0,1435.0,baghdad_kifah,dollar_price|dollariraqi|iqborsa
2025-12-30,1439.0,1439.0,1444.0,1440.0,1436.5,1430.0,baghdad_kifah,dollar_price|dollariraqi|iqborsa
2025-12-31,1447.0,1446.5,1444.0,1442.0,1435.0,1434.5,baghdad_kifah,dollar_price|dollariraqi
2026-01-01,1445.0,1445.0,1443.5,1443.5,1433.5,1433.5,baghdad_kifah,dollariraqi
2026-01-04,1450.5,1465.0,1450.0,1451.5,1438.25,1452.0,baghdad_kifah,dollar_price|dollariraqi|iqborsa
2026-01-05,1470.0,1477.25,1481.0,1481.0,1458.0,1470.0,baghdad_kifah,dollariraqi|iqborsa
2026-01-06,1484.0,1465.0,1479.0,1460.0,1473.5,1452.25,baghdad_kifah,dollar_price|dollariraqi|iqborsa
2026-01-07,1467.17,1473.33,1468.5,1473.5,1461.0,1464.5,baghdad_generic,dollar_price|dollariraqi|iqborsa
2026-01-08,1478.0,1473.0,1477.0,1463.5,1469.5,1457.5,baghdad_kifah,dollar_price|dollariraqi|iqborsa
2026-01-11,1465.5,1465.5,1458.0,1462.5,1453.5,1457.75,baghdad_kifah,dollar_price|dollariraqi|iqborsa
2026-01-12,1469.0,1469.0,1469.0,1463.0,1465.5,1461.0,baghdad_kifah,dollar_price|dollariraqi|iqborsa
2026-01-13,1465.0,1472.0,1465.0,1470.0,1461.5,1469.5,baghdad_kifah,dollar_price|dollariraqi|iqborsa
2026-01-14,1478.5,1480.75,1478.5,1479.0,1483.0,1482.5,baghdad_generic,dollariraqi|iqborsa
2026-01-15,1481.0,1481.0,1479.0,1476.0,1481.5,1474.0,baghdad_kifah,dollariraqi|iqborsa
2026-01-18,1472.0,1473.0,1472.0,1473.25,1471.5,1476.0,baghdad_kifah,dollar_price|dollariraqi|iqborsa
2026-01-19,1474.5,1474.5,1473.5,1473.75,1475.0,1478.0,baghdad_kifah,dollar_price|dollariraqi|iqborsa
2026-01-20,1477.0,1483.5,1476.0,1482.0,1477.0,1484.0,baghdad_kifah,dollariraqi|iqborsa
2026-01-21,1481.0,1482.0,1478.25,1478.75,1481.5,1480.5,baghdad_kifah,dollar_price|dollariraqi|iqborsa
2026-01-22,1480.5,1480.5,1479.5,1477.0,1479.0,1479.5,baghdad_kifah,dollar_price|dollariraqi|iqborsa
2026-01-25,1481.5,1490.0,1481.0,1488.0,1482.0,1495.0,baghdad_kifah,dollar_price|dollariraqi|iqborsa
2026-01-26,1504.0,1522.0,1503.0,1515.0,1514.0,1527.0,baghdad_kifah,dollar_price|iqborsa
2026-01-27,1530.0,1534.0,1520.0,1530.0,1541.5,1545.0,baghdad_kifah,dollariraqi|iqborsa
2026-01-28,1524.0,1496.0,1523.17,1525.5,1539.25,1518.75,baghdad_kifah,dollar_price|iqborsa
2026-01-29,1500.0,1502.0,1493.5,1500.0,1501.5,1507.5,baghdad_kifah,dollar_price|dollariraqi|iqborsa
2026-02-01,1483.5,1491.5,1487.0,1482.0,1491.0,1492.0,baghdad_kifah,dollar_price|dollariraqi|iqborsa
2026-02-02,1490.0,1490.0,1489.0,1487.5,1488.0,1488.5,baghdad_kifah,dollar_price|dollariraqi|iqborsa
2026-02-03,1495.0,1495.0,1492.0,1498.0,1493.0,1498.5,baghdad_kifah,dollar_price|dollariraqi|iqborsa
2026-02-04,1502.5,1502.5,1498.0,1496.5,1505.0,1495.5,baghdad_kifah,dollar_price|dollariraqi|iqborsa
2026-02-05,1499.5,1502.0,1497.5,1498.0,1497.5,1501.0,baghdad_kifah,dollar_price|dollariraqi|iqborsa
2026-02-08,1498.5,1498.5,1497.25,1498.25,1496.5,1498.0,baghdad_kifah,dollar_price|dollariraqi|iqborsa
2026-02-09,1500.5,1500.5,1498.5,1498.75,1500.0,1499.0,baghdad_kifah,dollar_price|dollariraqi|iqborsa
2026-02-10,1504.0,1505.0,1501.5,1501.0,1503.5,1501.5,baghdad_kifah,dollar_price|dollariraqi|iqborsa
2026-02-11,1507.67,1508.33,1513.0,1513.0,1509.0,1509.0,baghdad_generic,dollar_price|dollariraqi|iqborsa
2026-02-12,1517.0,1514.0,1512.75,1511.5,1514.0,1510.0,baghdad_kifah,dollar_price|dollariraqi|iqborsa
2026-02-15,1507.0,1509.0,1505.0,1507.5,1506.5,1508.5,baghdad_kifah,dollar_price|dollariraqi|iqborsa
2026-02-16,1513.0,1513.0,1511.5,1513.5,1511.5,1515.0,baghdad_kifah,dollar_price|dollariraqi|iqborsa
2026-02-17,1514.5,1517.5,1512.5,1515.0,1514.5,1517.5,baghdad_kifah,dollar_price|dollariraqi|iqborsa
2026-02-18,1518.5,1522.5,1516.25,1518.0,1519.0,1522.0,baghdad_kifah,dollar_price|dollariraqi|iqborsa
2026-02-19,1527.0,1527.0,1525.25,1526.0,1527.5,1529.0,baghdad_kifah,dollar_price|dollariraqi|iqborsa
2026-02-22,1527.5,1527.5,1524.75,1524.25,1526.5,1525.0,baghdad_kifah,dollar_price|dollariraqi|iqborsa
2026-02-23,1527.0,1532.0,1524.5,1526.25,1523.5,1527.75,baghdad_kifah,dollar_price|dollariraqi|iqborsa
2026-02-24,1536.0,1536.0,1534.0,1534.5,1532.5,1531.0,baghdad_kifah,dollar_price|dollariraqi|iqborsa
2026-02-25,1540.0,1537.67,1537.5,1531.0,1534.0,1533.0,baghdad_generic,dollar_price|dollariraqi|iqborsa
2026-02-26,1536.5,1533.83,1533.0,1531.5,1528.0,1527.5,baghdad_generic,dollar_price|dollariraqi|iqborsa
2026-03-01,1565.75,1552.25,1572.5,1544.0,1568.5,1541.5,baghdad_kifah,dollar_price|dollariraqi|iqborsa
2026-03-02,1550.0,1550.0,1546.0,1549.0,1542.0,1546.5,baghdad_kifah,dollar_price|dollariraqi|iqborsa
2026-03-03,1553.0,1553.0,1549.75,1550.25,1548.0,1548.0,baghdad_kifah,dollar_price|dollariraqi|iqborsa
2026-03-04,1559.0,1564.0,1562.0,1560.0,1552.5,1560.5,baghdad_kifah,dollar_price|dollariraqi|iqborsa
2026-03-05,1565.0,1565.5,1564.0,1565.0,1559.5,1560.5,baghdad_kifah,dollar_price|dollariraqi|iqborsa
2026-03-08,1558.25,1560.0,1556.0,1558.0,1554.0,1554.5,baghdad_kifah,dollar_price|dollariraqi|iqborsa
2026-03-09,1558.17,1555.17,1557.5,1554.0,1552.5,1551.0,baghdad_generic,dollar_price|dollariraqi|iqborsa
2026-03-10,1543.0,1543.0,1540.75,1539.5,1538.5,1536.0,baghdad_kifah,dollar_price|dollariraqi|iqborsa
2026-03-11,1542.5,1545.5,1541.0,1544.0,1538.0,1543.0,baghdad_kifah,dollar_price|dollariraqi|iqborsa
2026-03-12,1541.0,1538.5,1538.0,1536.5,1537.25,1537.0,baghdad_kifah,dollar_price|dollariraqi|iqborsa
2026-03-15,1545.0,1545.0,1542.5,1543.5,1545.0,1548.0,baghdad_kifah,dollar_price|dollariraqi|iqborsa
2026-03-16,1546.5,1546.5,1544.5,1543.5,1543.5,1542.0,baghdad_kifah,dollar_price|dollariraqi|iqborsa
2026-03-17,1555.0,1555.0,1553.0,1553.0,1551.5,1551.5,baghdad_kifah,dollar_price|dollariraqi|iqborsa
2026-03-18,1551.5,1551.5,1549.25,1548.0,1547.0,1546.5,baghdad_kifah,dollar_price|dollariraqi|iqborsa
2026-03-19,1550.0,1550.0,1548.5,1548.5,1547.0,1547.0,baghdad_kifah,dollar_price|dollariraqi|iqborsa
2026-03-22,1550.0,1545.0,,,1550.0,1550.0,baghdad_generic,dollar_price|iqborsa
2026-03-23,1546.25,1543.75,1542.5,1542.5,1540.5,1540.5,baghdad_generic,dollar_price|dollariraqi|iqborsa
2026-03-24,1543.0,1543.0,1540.0,1541.5,1540.0,1540.75,baghdad_kifah,dollar_price|dollariraqi|iqborsa
2026-03-25,1545.0,1545.0,1543.0,1543.5,1542.33,1543.67,baghdad_kifah,dollar_price|dollariraqi|iqborsa
2026-03-26,1545.5,1545.5,1543.5,1543.25,1544.33,1544.33,baghdad_kifah,dollar_price|dollariraqi|iqborsa
2026-03-29,1545.0,1545.0,1543.0,1545.0,1545.0,1546.0,baghdad_kifah,dollar_price|dollariraqi|iqborsa
2026-03-30,1551.0,1551.0,1547.5,1547.5,1550.67,1550.67,baghdad_kifah,dollar_price|dollariraqi|iqborsa
2026-03-31,1553.0,1553.0,1550.0,1549.0,1553.0,1550.5,baghdad_kifah,dollar_price|dollariraqi|iqborsa
2026-04-01,1546.17,1544.33,1544.5,1544.5,1544.5,1544.5,baghdad_generic,dollar_price|dollariraqi|iqborsa
2026-04-02,1545.0,1545.33,1543.0,1543.75,1550.0,1550.0,baghdad_generic,dollar_price|dollariraqi|iqborsa
2026-04-05,1548.0,1548.0,1546.0,1546.0,1548.5,1548.5,baghdad_kifah,dollar_price|dollariraqi|iqborsa
2026-04-06,1545.25,1546.0,1544.0,1544.0,1546.5,1546.5,baghdad_kifah,dollar_price|dollariraqi|iqborsa
2026-04-07,1547.0,1547.0,1545.0,1546.75,1547.5,1550.0,baghdad_kifah,dollar_price|dollariraqi|iqborsa
2026-04-08,1527.0,1527.0,1522.0,1522.0,1531.0,1531.0,baghdad_kifah,dollar_price|dollariraqi|iqborsa
2026-04-09,1530.0,1532.0,1528.0,1529.0,1532.5,1532.5,baghdad_kifah,dollar_price|dollariraqi|iqborsa
2026-04-12,1539.5,1542.0,1536.0,1536.0,1538.5,1538.5,baghdad_generic,dollar_price|dollariraqi|iqborsa
2026-04-13,1540.33,1539.5,1540.0,1540.0,1541.0,1541.0,baghdad_generic,dollar_price|dollariraqi|iqborsa
2026-04-14,1535.0,1533.83,1535.0,1535.25,1536.5,1536.0,baghdad_generic,dollar_price|dollariraqi|iqborsa
2026-04-15,1535.0,1535.33,1535.5,1535.25,1536.0,1536.25,baghdad_generic,dollar_price|dollariraqi|iqborsa
2026-04-16,1533.0,1533.0,,,,,baghdad_generic,dollar_price|iqborsa
2026-04-19,1530.5,1530.17,1530.0,1530.0,1532.5,1532.5,baghdad_generic,dollar_price|dollariraqi|iqborsa
2026-04-20,1531.0,1540.75,1530.0,1538.0,1531.5,1543.5,baghdad_generic,dollariraqi|iqborsa
2026-04-21,1545.33,1546.17,1544.0,1544.0,1544.5,1544.5,baghdad_generic,dollar_price|dollariraqi|iqborsa
2026-04-22,1550.0,1550.83,1549.0,1549.0,1548.0,1548.5,baghdad_generic,dollar_price|dollariraqi|iqborsa
2026-04-23,1556.5,1552.83,1555.0,1553.0,1555.0,1552.5,baghdad_generic,dollar_price|dollariraqi|iqborsa
2026-04-26,1554.17,1551.0,1552.5,1550.25,1552.0,1549.5,baghdad_generic,dollar_price|dollariraqi|iqborsa
2026-04-27,1548.5,1548.5,1548.0,1548.0,1547.75,1547.75,baghdad_generic,dollar_price|dollariraqi|iqborsa
2026-04-28,1543.5,1542.83,1543.0,1543.0,1541.0,1541.0,baghdad_generic,dollar_price|dollariraqi|iqborsa
2026-04-29,1533.67,1535.0,1532.0,1533.25,1533.0,1534.25,baghdad_generic,dollar_price|dollariraqi|iqborsa
2026-04-30,1538.5,1539.33,1538.5,1538.5,1537.5,1537.5,baghdad_generic,dollar_price|dollariraqi|iqborsa
2026-05-03,1528.17,1525.33,1529.5,1526.75,1528.5,1526.25,baghdad_generic,dollar_price|dollariraqi|iqborsa
2026-05-04,1524.33,1527.5,1525.0,1525.0,1525.5,1525.5,baghdad_generic,dollar_price|dollariraqi|iqborsa
2026-05-05,1531.33,1533.33,1531.0,1532.75,1530.5,1531.5,baghdad_generic,dollar_price|dollariraqi|iqborsa
2026-05-06,1529.17,1529.17,1528.25,1528.75,1526.5,1528.0,baghdad_generic,dollar_price|dollariraqi|iqborsa
2026-05-07,1529.5,1530.83,1529.5,1530.25,1527.5,1528.0,baghdad_generic,dollar_price|dollariraqi|iqborsa
2026-05-10,1541.0,1541.0,1539.5,1539.5,1534.5,1534.0,baghdad_kifah,dollar_price|dollariraqi|iqborsa
2026-05-11,1542.0,1541.5,1542.5,1542.5,1536.5,1536.5,baghdad_generic,dollar_price|dollariraqi|iqborsa
2026-05-12,1542.5,1541.17,1543.0,1543.0,1539.0,1539.0,baghdad_generic,dollar_price|dollariraqi|iqborsa
2026-05-13,1537.67,1538.17,1537.5,1538.0,1535.5,1535.5,baghdad_generic,dollar_price|dollariraqi|iqborsa
2026-05-14,1538.0,1538.33,1538.5,1538.5,1535.0,1535.0,baghdad_generic,dollar_price|dollariraqi|iqborsa
2026-05-17,1539.0,1539.67,1541.0,1540.5,1537.5,1537.0,baghdad_generic,dollar_price|dollariraqi|iqborsa
2026-05-18,1541.33,1540.67,1542.0,1541.0,1539.0,1538.25,baghdad_generic,dollar_price|dollariraqi|iqborsa
2026-05-19,1537.17,1536.83,1536.5,1536.5,1534.75,1534.75,baghdad_generic,dollar_price|dollariraqi|iqborsa
2026-05-20,1535.67,1536.33,1535.75,1536.0,1534.75,1534.88,baghdad_generic,dollar_price|dollariraqi|iqborsa
2026-05-21,1535.67,1536.5,1536.0,1536.0,1534.75,1534.75,baghdad_generic,dollar_price|dollariraqi|iqborsa
2026-05-24,1529.5,1530.83,1530.5,1531.25,1528.5,1528.25,baghdad_generic,dollar_price|dollariraqi|iqborsa
2026-05-25,1532.0,1532.5,1533.0,1533.0,1529.5,1529.5,baghdad_generic,dollar_price|dollariraqi|iqborsa
2026-05-26,1533.83,1534.67,1534.5,1534.5,1530.5,1530.5,baghdad_generic,dollar_price|dollariraqi|iqborsa
2026-05-27,1532.5,1532.5,,,,,baghdad_generic,iqborsa
2026-05-28,1532.0,1532.0,,,,,baghdad_generic,iqborsa
2026-05-31,1533.33,1533.83,1533.5,1533.5,1530.0,1530.0,baghdad_generic,dollar_price|dollariraqi|iqborsa
2026-06-01,1535.0,1536.67,1535.5,1538.0,1534.0,1536.5,baghdad_generic,dollar_price|dollariraqi|iqborsa
2026-06-02,1537.17,1537.33,1537.5,1538.25,1535.5,1536.13,baghdad_generic,dollar_price|dollariraqi|iqborsa
2026-06-03,1540.0,1538.67,1540.0,1539.25,1538.0,1537.5,baghdad_generic,dollar_price|dollariraqi|iqborsa
2026-06-04,1537.17,1537.5,1538.5,1538.5,1538.0,1537.5,baghdad_generic,dollar_price|dollariraqi|iqborsa
2026-06-07,1540.33,1543.33,1541.5,1542.5,1541.75,1543.38,baghdad_generic,dollar_price|dollariraqi|iqborsa
2026-06-08,1546.0,1541.0,1542.0,1542.0,1541.5,1541.5,baghdad_generic,dollariraqi|iqborsa
2026-06-09,1539.75,1540.83,1541.0,1542.0,1539.5,1540.75,baghdad_generic,dollar_price|dollariraqi|iqborsa
2026-06-10,1542.83,1546.83,1543.0,1545.25,1542.5,1544.75,baghdad_generic,dollar_price|dollariraqi|iqborsa
2026-06-11,1550.83,1555.0,1550.0,1553.75,1548.75,1551.13,baghdad_generic,dollar_price|dollariraqi|iqborsa
2026-06-14,1548.75,1549.5,1549.0,1550.5,1546.5,1547.5,baghdad_generic,dollariraqi|iqborsa
2026-06-15,1543.75,1546.0,1545.5,1547.75,1542.5,1544.5,baghdad_generic,dollar_price|dollariraqi
2026-06-16,1561.0,1559.0,1561.0,1559.0,1557.5,1555.25,baghdad_generic,dollar_price|dollariraqi
2026-06-17,1562.0,1562.0,1560.0,1561.25,1555.0,1556.25,baghdad_kifah,dollar_price|dollariraqi|iqborsa
2026-06-18,1551.83,1552.33,1553.0,1551.0,1550.0,1549.5,baghdad_generic,dollar_price|dollariraqi|iqborsa
2026-06-21,1558.5,1563.83,1559.5,1562.0,1556.5,1558.75,baghdad_generic,dollar_price|dollariraqi|iqborsa
2026-06-22,1590.0,1589.0,1585.25,1585.25,1583.25,1589.0,baghdad_kifah,dollar_price|dollariraqi|iqborsa
2026-06-23,1577.17,1572.5,1577.5,1573.75,1574.0,1570.0,baghdad_generic,dollar_price|dollariraqi|iqborsa
2026-06-24,1569.5,1568.33,1571.5,1569.5,1567.0,1566.0,baghdad_generic,dollar_price|dollariraqi|iqborsa
2026-06-25,1569.17,1569.17,1570.0,1570.25,1567.0,1567.75,baghdad_generic,dollar_price|dollariraqi|iqborsa
2026-06-28,1556.67,1550.33,1555.5,1548.0,1553.25,1551.25,baghdad_generic,dollar_price|dollariraqi|iqborsa
2026-06-29,1544.0,1548.5,1544.0,1547.0,1541.5,1545.5,baghdad_generic,dollar_price|dollariraqi|iqborsa
2026-06-30,1552.17,1550.33,1552.0,1550.0,1548.5,1546.5,baghdad_generic,dollar_price|dollariraqi|iqborsa
2026-07-01,1550.17,1550.0,1550.75,1550.0,1549.0,1549.75,baghdad_generic,dollar_price|dollariraqi|iqborsa
2026-07-02,1544.0,1542.5,1542.75,1543.0,1540.75,1540.75,baghdad_generic,dollar_price|dollariraqi|iqborsa
2026-07-05,1535.83,1534.83,1534.75,1535.25,1534.25,1535.0,baghdad_generic,dollar_price|dollariraqi|iqborsa
2026-07-06,1531.5,1527.67,1531.75,1530.0,1532.75,1530.25,baghdad_generic,dollar_price|dollariraqi|iqborsa
2026-07-07,1530.83,1531.5,1530.5,1531.5,1530.75,1531.5,baghdad_generic,dollar_price|dollariraqi|iqborsa
2026-07-08,1536.83,1539.67,1538.5,1538.5,1538.0,1538.0,baghdad_generic,dollar_price|dollariraqi|iqborsa
2026-07-09,1542.67,1541.5,1542.0,1542.0,1539.0,1539.0,baghdad_generic,dollar_price|dollariraqi|iqborsa
2026-07-12,1534.17,1534.83,1534.25,1534.25,1533.5,1533.5,baghdad_generic,dollar_price|dollariraqi|iqborsa
2026-07-13,1535.5,1534.67,1535.0,1534.5,1533.75,1534.0,baghdad_generic,dollar_price|dollariraqi|iqborsa
2026-07-14,1536.0,1536.83,1536.5,1537.0,1535.0,1535.75,baghdad_generic,dollar_price|dollariraqi|iqborsa
2026-07-15,1533.33,1529.67,1532.0,1530.75,1531.25,1531.0,baghdad_generic,dollar_price|dollariraqi|iqborsa
2026-07-16,1529.67,1530.0,1531.0,1531.5,1531.0,1531.5,baghdad_generic,dollar_price|dollariraqi|iqborsa
2026-07-19,1524.33,1521.0,1524.5,1524.5,1527.0,1527.0,baghdad_generic,dollar_price|dollariraqi|iqborsa
2026-07-20,1503.83,1505.83,1501.75,1504.75,1508.75,1512.25,baghdad_generic,dollar_price|dollariraqi|iqborsa
2026-07-21,1495.5,1497.17,1495.5,1495.5,1502.5,1502.5,baghdad_generic,dollar_price|dollariraqi|iqborsa
2026-07-22,1505.33,1505.67,1506.75,1506.75,1510.0,1510.0,baghdad_generic,dollar_price|dollariraqi|iqborsa
2026-07-23,1505.5,1505.33,1505.25,1505.25,1508.5,1508.5,baghdad_generic,dollar_price|dollariraqi|iqborsa
2026-07-26,1499.33,1499.5,1498.75,1499.25,1501.0,1501.0,baghdad_generic,dollar_price|dollariraqi|iqborsa
2026-07-27,1500.5,1500.17,1500.25,1500.25,1503.5,1503.5,baghdad_generic,dollar_price|dollariraqi|iqborsa
2026-07-28,1498.67,1499.0,1498.75,1498.75,1499.0,1499.0,baghdad_generic,dollar_price|dollariraqi|iqborsa
2026-07-29,1502.0,1504.83,1502.0,1505.0,1503.5,1505.5,baghdad_generic,dollar_price|dollariraqi|iqborsa
2026-07-30,1506.0,1506.83,1506.25,1506.75,1506.0,1506.75,baghdad_generic,dollar_price|dollariraqi|iqborsa
2026-08-02,1517.83,1518.83,1516.75,1519.5,1517.25,1520.0,baghdad_generic,dollar_price|dollariraqi|iqborsa
2026-08-03,1519.83,1523.5,1521.5,1525.5,1526.5,1529.5,baghdad_generic,dollar_price|dollariraqi|iqborsa
2026-08-04,1525.0,1521.83,1524.0,1524.0,1526.0,1526.0,baghdad_generic,dollar_price|dollariraqi|iqborsa
2026-08-05,1520.0,1521.0,1522.5,1522.5,1524.5,1524.5,baghdad_generic,dollar_price|dollariraqi|iqborsa
2026-08-06,1522.0,1522.67,1523.0,1523.25,1525.5,1525.75,baghdad_generic,dollar_price|dollariraqi|iqborsa
2026-08-09,1522.5,1522.83,1522.25,1522.25,1523.5,1523.5,baghdad_generic,dollar_price|dollariraqi|iqborsa
2026-08-10,1526.0,1527.83,1529.5,1529.5,1528.5,1528.5,baghdad_generic,dollar_price|dollariraqi|iqborsa
2026-08-11,1535.17,1534.67,1536.5,1535.75,1537.0,1536.0,baghdad_generic,dollar_price|dollariraqi|iqborsa
2026-08-12,1531.25,1528.5,1529.5,1529.5,1528.5,1528.5,baghdad_generic,dollariraqi|iqborsa
2026-08-13,1527.83,1528.5,1529.0,1529.0,1529.5,1529.5,baghdad_generic,dollar_price|dollariraqi|iqborsa
2026-08-16,1530.83,1537.17,1532.0,1537.0,1533.0,1536.75,baghdad_generic,dollar_price|dollariraqi|iqborsa
2026-08-17,1547.5,1543.67,1547.5,1544.75,1544.5,1542.25,baghdad_generic,dollar_price|dollariraqi|iqborsa
2026-08-18,1540.83,1543.0,1542.0,1542.75,1539.5,1540.5,baghdad_generic,dollar_price|dollariraqi|iqborsa
2026-08-19,1543.17,1542.83,1544.0,1544.0,1541.5,1541.5,baghdad_generic,dollar_price|dollariraqi|iqborsa
2026-08-20,1542.25,1542.5,1542.0,1542.0,,,baghdad_generic,dollar_price|iqborsa
2026-08-23,1540.0,1540.33,1541.0,1541.0,1537.0,1537.88,baghdad_generic,dollar_price|dollariraqi|iqborsa
2026-08-24,1543.67,1543.5,1545.5,1545.5,1544.5,1544.5,baghdad_generic,dollar_price|dollariraqi|iqborsa
2026-08-25,1543.17,1543.0,1544.0,1544.0,1543.0,1545.0,baghdad_generic,dollar_price|dollariraqi|iqborsa
2026-08-26,1540.0,1537.67,1540.75,1539.5,1538.75,1538.25,baghdad_generic,dollar_price|dollariraqi|iqborsa
2026-08-27,1537.33,1538.17,1538.5,1538.5,1537.5,1537.5,baghdad_generic,dollar_price|dollariraqi|iqborsa
2026-08-30,1539.0,1538.5,1540.0,1540.0,1538.0,1538.0,baghdad_generic,dollar_price|dollariraqi|iqborsa
2026-08-31,1540.17,1540.33,1541.0,1541.0,1539.0,1539.0,baghdad_generic,dollar_price|dollariraqi|iqborsa
2026-09-01,1541.33,1542.17,1542.5,1543.25,1541.0,1541.5,baghdad_generic,dollar_price|dollariraqi|iqborsa
2026-09-02,1544.67,1546.33,1545.5,1547.0,1543.0,1544.75,baghdad_generic,dollar_price|dollariraqi|iqborsa
2026-09-03,1547.0,1547.0,1548.0,1548.0,1546.0,1546.0,baghdad_generic,dollar_price|dollariraqi|iqborsa
2026-09-06,1552.5,1557.83,1554.0,1557.5,1552.5,1555.0,baghdad_generic,dollar_price|dollariraqi|iqborsa
2026-09-07,1556.17,1555.33,1555.0,1555.25,1553.25,1553.5,baghdad_generic,dollar_price|dollariraqi|iqborsa
2026-09-08,1554.5,1562.5,,,,,baghdad_generic,iqborsa
2026-09-09,1563.5,1561.0,1562.0,1562.0,1558.0,1558.0,baghdad_generic,dollariraqi|iqborsa
2026-09-10,1560.0,1560.0,,,,,baghdad_generic,iqborsa
2026-09-13,1565.75,1563.75,1567.0,1565.0,1564.0,1562.0,baghdad_generic,dollariraqi|iqborsa
2026-09-14,1565.5,1565.5,1567.0,1567.0,1563.5,1563.5,baghdad_generic,dollariraqi|iqborsa
2026-09-15,1567.0,1569.5,,,,,baghdad_generic,iqborsa
2026-09-16,1575.0,1585.0,,,,,baghdad_generic,iqborsa
2026-09-17,1591.0,1591.0,,,,,baghdad_generic,iqborsa
2026-09-20,1589.5,1589.5,1588.5,1588.5,1587.5,1587.5,baghdad_kifah,dollar_price|dollariraqi|iqborsa
2026-09-21,1573.0,1580.0,,,,,baghdad_generic,iqborsa
2026-09-22,1573.0,1572.5,,,,,baghdad_generic,iqborsa
2026-09-23,1567.5,1566.5,,,,,baghdad_generic,iqborsa
2026-09-24,1567.5,1572.0,,,,,baghdad_generic,iqborsa
2026-09-27,1552.5,1555.0,,,,,baghdad_generic,iqborsa
2026-09-28,1558.5,1569.0,,,,,baghdad_generic,iqborsa
2026-09-29,1567.5,1574.0,,,,,baghdad_generic,iqborsa
2026-09-30,1572.5,1570.75,,,,,baghdad_generic,dollar_price|iqborsa
2026-10-01,1571.0,1571.0,1569.5,1569.5,1572.5,1572.5,baghdad_kifah,dollariraqi|iqborsa
2026-10-04,1579.0,1585.0,1581.0,1581.25,1581.0,1581.0,baghdad_generic,dollariraqi|iqborsa
2026-10-05,1591.0,1596.5,1596.0,1596.0,1601.0,1601.0,baghdad_generic,dollariraqi|iqborsa
2026-10-06,1598.0,1623.0,,,,,baghdad_generic,iqborsa
2026-10-07,1682.5,1664.5,,,,,baghdad_generic,iqborsa
