channel,date_baghdad,time_baghdad,message_id,city,layer,side,rate,matcher,permalink
iqborsa,2023-06-18,21:07:06,4,baghdad_generic,borsa,unknown,1469.5,iqborsa:city_line,https://t.me/iqborsa/4
iqborsa,2023-06-18,21:07:12,5,baghdad_generic,borsa,unknown,1468.5,iqborsa:city_line,https://t.me/iqborsa/5
iqborsa,2023-06-18,21:07:23,6,baghdad_generic,borsa,unknown,1467.5,iqborsa:city_line,https://t.me/iqborsa/6
iqborsa,2023-06-18,21:07:32,7,baghdad_generic,borsa,unknown,1466.5,iqborsa:city_line,https://t.me/iqborsa/7
iqborsa,2023-06-18,21:07:41,8,baghdad_generic,borsa,unknown,1465.0,iqborsa:city_line,https://t.me/iqborsa/8
iqborsa,2023-06-18,23:15:44,9,baghdad_generic,borsa,unknown,1465.0,iqborsa:city_line,https://t.me/iqborsa/9
iqborsa,2023-06-19,10:24:31,10,baghdad_generic,borsa,unknown,1465.0,iqborsa:opening_table,https://t.me/iqborsa/10
iqborsa,2023-06-19,10:24:31,10,erbil,borsa,unknown,1466.0,iqborsa:opening_table,https://t.me/iqborsa/10
iqborsa,2023-06-19,10:24:31,10,basra,borsa,unknown,1466.0,iqborsa:opening_table,https://t.me/iqborsa/10
iqborsa,2023-06-19,11:09:00,11,baghdad_generic,borsa,unknown,1465.5,iqborsa:city_line,https://t.me/iqborsa/11
iqborsa,2023-06-19,12:44:42,12,baghdad_generic,borsa,unknown,1466.5,iqborsa:city_line,https://t.me/iqborsa/12
iqborsa,2023-06-19,12:44:42,12,erbil,borsa,unknown,1467.0,iqborsa:city_line,https://t.me/iqborsa/12
iqborsa,2023-06-19,12:44:42,12,basra,borsa,unknown,1467.0,iqborsa:city_line,https://t.me/iqborsa/12
iqborsa,2023-06-19,14:14:13,14,baghdad_generic,borsa,unknown,1465.0,iqborsa:city_line,https://t.me/iqborsa/14
iqborsa,2023-06-19,14:14:13,14,erbil,borsa,unknown,1466.0,iqborsa:city_line,https://t.me/iqborsa/14
iqborsa,2023-06-19,14:14:13,14,basra,borsa,unknown,1465.5,iqborsa:city_line,https://t.me/iqborsa/14
iqborsa,2023-06-19,15:03:24,15,baghdad_generic,borsa,unknown,1464.5,iqborsa:city_line,https://t.me/iqborsa/15
iqborsa,2023-06-19,15:03:24,15,erbil,borsa,unknown,1465.0,iqborsa:city_line,https://t.me/iqborsa/15
iqborsa,2023-06-19,15:03:24,15,basra,borsa,unknown,1465.5,iqborsa:city_line,https://t.me/iqborsa/15
iqborsa,2023-06-19,16:00:20,16,baghdad_generic,borsa,unknown,1464.0,iqborsa:city_line,https://t.me/iqborsa/16
iqborsa,2023-06-19,16:00:20,16,erbil,borsa,unknown,1464.0,iqborsa:city_line,https://t.me/iqborsa/16
iqborsa,2023-06-19,16:00:20,16,basra,borsa,unknown,1465.0,iqborsa:city_line,https://t.me/iqborsa/16
iqborsa,2023-06-19,17:12:02,18,baghdad_generic,borsa,unknown,1463.0,iqborsa:city_line,https://t.me/iqborsa/18
iqborsa,2023-06-19,17:20:19,19,baghdad_generic,borsa,unknown,1463.0,iqborsa:city_line,https://t.me/iqborsa/19
iqborsa,2023-06-19,17:20:19,19,erbil,borsa,unknown,1463.5,iqborsa:city_line,https://t.me/iqborsa/19
iqborsa,2023-06-19,17:20:19,19,basra,borsa,unknown,1463.5,iqborsa:city_line,https://t.me/iqborsa/19
iqborsa,2023-06-19,22:10:29,20,baghdad_generic,borsa,unknown,1462.5,iqborsa:city_line,https://t.me/iqborsa/20
iqborsa,2023-06-19,22:10:29,20,erbil,borsa,unknown,1464.5,iqborsa:city_line,https://t.me/iqborsa/20
iqborsa,2023-06-19,22:24:51,21,baghdad_generic,borsa,unknown,1462.0,iqborsa:city_line,https://t.me/iqborsa/21
iqborsa,2023-06-19,23:15:54,22,baghdad_generic,borsa,unknown,1461.0,iqborsa:city_line,https://t.me/iqborsa/22
iqborsa,2023-06-20,12:34:46,23,baghdad_generic,borsa,unknown,1457.0,iqborsa:city_line,https://t.me/iqborsa/23
iqborsa,2023-06-20,12:34:46,23,erbil,borsa,unknown,1458.0,iqborsa:city_line,https://t.me/iqborsa/23
iqborsa,2023-06-20,12:34:46,23,basra,borsa,unknown,1458.0,iqborsa:city_line,https://t.me/iqborsa/23
iqborsa,2023-06-20,13:34:15,25,baghdad_generic,borsa,unknown,1459.5,iqborsa:city_line,https://t.me/iqborsa/25
iqborsa,2023-06-20,14:03:54,26,baghdad_generic,borsa,unknown,1459.5,iqborsa:city_line,https://t.me/iqborsa/26
iqborsa,2023-06-20,14:03:54,26,erbil,borsa,unknown,1461.5,iqborsa:city_line,https://t.me/iqborsa/26
iqborsa,2023-06-20,14:03:54,26,basra,borsa,unknown,1459.5,iqborsa:city_line,https://t.me/iqborsa/26
iqborsa,2023-06-20,15:01:57,27,baghdad_generic,borsa,unknown,1461.0,iqborsa:city_line,https://t.me/iqborsa/27
iqborsa,2023-06-20,15:01:57,27,erbil,borsa,unknown,1462.5,iqborsa:city_line,https://t.me/iqborsa/27
iqborsa,2023-06-20,15:01:57,27,basra,borsa,unknown,1461.5,iqborsa:city_line,https://t.me/iqborsa/27
iqborsa,2023-06-20,16:20:17,28,baghdad_generic,borsa,unknown,1460.0,iqborsa:city_line,https://t.me/iqborsa/28
iqborsa,2023-06-20,16:20:17,28,erbil,borsa,unknown,1463.5,iqborsa:city_line,https://t.me/iqborsa/28
iqborsa,2023-06-20,16:20:17,28,basra,borsa,unknown,1460.0,iqborsa:city_line,https://t.me/iqborsa/28
iqborsa,2023-06-20,19:50:02,29,baghdad_generic,borsa,unknown,1463.5,iqborsa:city_line,https://t.me/iqborsa/29
iqborsa,2023-06-21,10:35:25,32,baghdad_generic,borsa,unknown,1463.5,iqborsa:opening_table,https://t.me/iqborsa/32
iqborsa,2023-06-21,11:27:05,33,baghdad_generic,borsa,unknown,1462.0,iqborsa:city_line,https://t.me/iqborsa/33
iqborsa,2023-06-21,11:59:22,35,baghdad_generic,borsa,unknown,1461.0,iqborsa:city_line,https://t.me/iqborsa/35
iqborsa,2023-06-21,12:54:41,36,baghdad_generic,borsa,unknown,1463.0,iqborsa:city_line,https://t.me/iqborsa/36
iqborsa,2023-06-21,14:33:15,37,baghdad_generic,borsa,unknown,1464.5,iqborsa:city_line,https://t.me/iqborsa/37
iqborsa,2023-06-21,16:45:46,38,baghdad_generic,borsa,unknown,1465.5,iqborsa:city_line,https://t.me/iqborsa/38
iqborsa,2023-06-21,17:32:18,39,baghdad_generic,borsa,unknown,1466.0,iqborsa:city_line,https://t.me/iqborsa/39
iqborsa,2023-06-21,19:06:25,40,baghdad_generic,borsa,unknown,1468.0,iqborsa:city_line,https://t.me/iqborsa/40
iqborsa,2023-06-21,22:28:33,41,baghdad_generic,borsa,unknown,1468.0,iqborsa:city_line,https://t.me/iqborsa/41
iqborsa,2023-06-22,11:17:38,42,baghdad_generic,borsa,unknown,1467.5,iqborsa:opening_table,https://t.me/iqborsa/42
iqborsa,2023-06-22,11:17:38,42,erbil,borsa,unknown,1469.0,iqborsa:opening_table,https://t.me/iqborsa/42
iqborsa,2023-06-22,11:17:38,42,basra,borsa,unknown,1467.0,iqborsa:opening_table,https://t.me/iqborsa/42
iqborsa,2023-06-22,12:30:26,44,baghdad_generic,borsa,unknown,1466.5,iqborsa:city_line,https://t.me/iqborsa/44
iqborsa,2023-06-22,13:39:42,46,baghdad_generic,borsa,unknown,1467.0,iqborsa:city_line,https://t.me/iqborsa/46
iqborsa,2023-06-22,13:39:42,46,erbil,borsa,unknown,1469.0,iqborsa:city_line,https://t.me/iqborsa/46
iqborsa,2023-06-22,13:39:42,46,basra,borsa,unknown,1467.5,iqborsa:city_line,https://t.me/iqborsa/46
iqborsa,2023-06-22,16:13:47,47,baghdad_generic,borsa,unknown,1468.5,iqborsa:city_line,https://t.me/iqborsa/47
iqborsa,2023-06-22,17:15:32,48,baghdad_kifah,borsa,unknown,1468.5,iqborsa:city_line,https://t.me/iqborsa/48
iqborsa,2023-06-22,17:15:32,48,baghdad_harithiya,borsa,unknown,1468.25,iqborsa:city_line,https://t.me/iqborsa/48
iqborsa,2023-06-23,13:38:47,49,baghdad_generic,borsa,unknown,1468.0,iqborsa:city_line,https://t.me/iqborsa/49
iqborsa,2023-06-23,23:43:58,51,baghdad_generic,borsa,unknown,1468.5,iqborsa:city_line,https://t.me/iqborsa/51
iqborsa,2023-06-24,10:37:51,52,baghdad_generic,borsa,unknown,1469.0,iqborsa:city_line,https://t.me/iqborsa/52
iqborsa,2023-06-24,12:55:00,53,baghdad_generic,borsa,unknown,1470.75,iqborsa:city_line,https://t.me/iqborsa/53
iqborsa,2023-06-24,13:14:34,54,baghdad_generic,borsa,unknown,1472.0,iqborsa:city_line,https://t.me/iqborsa/54
iqborsa,2023-06-24,15:35:07,55,baghdad_generic,borsa,unknown,1470.0,iqborsa:city_line,https://t.me/iqborsa/55
iqborsa,2023-06-24,15:35:07,55,erbil,borsa,unknown,1471.0,iqborsa:city_line,https://t.me/iqborsa/55
iqborsa,2023-06-24,15:35:07,55,basra,borsa,unknown,1470.0,iqborsa:city_line,https://t.me/iqborsa/55
iqborsa,2023-06-24,16:57:48,56,baghdad_generic,borsa,unknown,1469.5,iqborsa:city_line,https://t.me/iqborsa/56
iqborsa,2023-06-24,21:53:33,57,baghdad_generic,borsa,unknown,1471.0,iqborsa:city_line,https://t.me/iqborsa/57
iqborsa,2023-06-25,14:17:22,59,baghdad_generic,borsa,unknown,1474.0,iqborsa:city_line,https://t.me/iqborsa/59
iqborsa,2023-06-25,15:13:50,60,baghdad_generic,borsa,unknown,1475.5,iqborsa:city_line,https://t.me/iqborsa/60
iqborsa,2023-06-25,18:15:39,62,baghdad_generic,borsa,unknown,1476.0,iqborsa:city_line,https://t.me/iqborsa/62
iqborsa,2023-06-26,10:22:51,63,baghdad_generic,borsa,unknown,1478.0,iqborsa:city_line,https://t.me/iqborsa/63
iqborsa,2023-06-26,12:04:15,66,baghdad_generic,borsa,unknown,1476.5,iqborsa:city_line,https://t.me/iqborsa/66
iqborsa,2023-06-26,13:11:24,67,baghdad_generic,borsa,unknown,1475.0,iqborsa:city_line,https://t.me/iqborsa/67
iqborsa,2023-06-26,14:15:30,69,baghdad_generic,borsa,unknown,1476.0,iqborsa:city_line,https://t.me/iqborsa/69
iqborsa,2023-06-26,17:37:58,71,baghdad_generic,borsa,unknown,1474.0,iqborsa:city_line,https://t.me/iqborsa/71
iqborsa,2023-06-26,22:14:58,72,baghdad_generic,borsa,unknown,1473.5,iqborsa:city_line,https://t.me/iqborsa/72
iqborsa,2023-06-26,23:54:43,73,baghdad_generic,borsa,unknown,1472.0,iqborsa:city_line,https://t.me/iqborsa/73
iqborsa,2023-06-27,11:45:48,74,baghdad_generic,borsa,unknown,1473.5,iqborsa:city_line,https://t.me/iqborsa/74
iqborsa,2023-06-27,11:45:48,74,erbil,borsa,unknown,1474.0,iqborsa:city_line,https://t.me/iqborsa/74
iqborsa,2023-06-27,12:35:33,75,baghdad_generic,borsa,unknown,1474.0,iqborsa:city_line,https://t.me/iqborsa/75
iqborsa,2023-06-27,15:45:33,76,baghdad_generic,borsa,unknown,1473.5,iqborsa:city_line,https://t.me/iqborsa/76
iqborsa,2023-06-27,18:29:59,78,baghdad_generic,borsa,unknown,1473.5,iqborsa:city_line,https://t.me/iqborsa/78
iqborsa,2023-06-27,18:29:59,78,erbil,borsa,unknown,1474.5,iqborsa:city_line,https://t.me/iqborsa/78
iqborsa,2023-06-30,16:10:04,82,baghdad_generic,borsa,unknown,1474.5,iqborsa:city_line,https://t.me/iqborsa/82
iqborsa,2023-06-30,16:10:04,82,erbil,borsa,unknown,1475.0,iqborsa:city_line,https://t.me/iqborsa/82
iqborsa,2023-06-30,22:36:14,83,baghdad_generic,borsa,unknown,1476.0,iqborsa:city_line,https://t.me/iqborsa/83
iqborsa,2023-07-01,12:44:56,84,baghdad_generic,borsa,unknown,1474.5,iqborsa:city_line,https://t.me/iqborsa/84
iqborsa,2023-07-01,12:44:56,84,erbil,borsa,unknown,1472.0,iqborsa:city_line,https://t.me/iqborsa/84
iqborsa,2023-07-01,17:17:35,86,erbil,borsa,unknown,1471.5,iqborsa:city_line,https://t.me/iqborsa/86
iqborsa,2023-07-01,20:22:11,87,baghdad_generic,borsa,unknown,1473.5,iqborsa:city_line,https://t.me/iqborsa/87
iqborsa,2023-07-01,20:22:11,87,erbil,borsa,unknown,1472.0,iqborsa:city_line,https://t.me/iqborsa/87
iqborsa,2023-07-02,10:43:53,88,baghdad_generic,borsa,unknown,1473.5,iqborsa:city_line,https://t.me/iqborsa/88
iqborsa,2023-07-02,10:43:53,88,erbil,borsa,unknown,1473.5,iqborsa:city_line,https://t.me/iqborsa/88
iqborsa,2023-07-02,10:43:53,88,basra,borsa,unknown,1473.0,iqborsa:city_line,https://t.me/iqborsa/88
iqborsa,2023-07-02,15:07:22,89,baghdad_generic,borsa,unknown,1473.5,iqborsa:city_line,https://t.me/iqborsa/89
iqborsa,2023-07-02,15:07:22,89,erbil,borsa,unknown,1473.5,iqborsa:city_line,https://t.me/iqborsa/89
iqborsa,2023-07-02,15:07:22,89,basra,borsa,unknown,1473.5,iqborsa:city_line,https://t.me/iqborsa/89
iqborsa,2023-07-02,21:01:10,90,erbil,borsa,unknown,1474.0,iqborsa:city_line,https://t.me/iqborsa/90
iqborsa,2023-07-02,22:02:43,91,baghdad_generic,borsa,unknown,1474.0,iqborsa:city_line,https://t.me/iqborsa/91
iqborsa,2023-07-02,22:02:43,91,erbil,borsa,unknown,1473.5,iqborsa:city_line,https://t.me/iqborsa/91
iqborsa,2023-07-03,10:47:22,93,baghdad_generic,borsa,unknown,1473.5,iqborsa:opening_table,https://t.me/iqborsa/93
iqborsa,2023-07-03,10:47:22,93,erbil,borsa,unknown,1473.25,iqborsa:opening_table,https://t.me/iqborsa/93
iqborsa,2023-07-03,10:47:22,93,basra,borsa,unknown,1473.5,iqborsa:opening_table,https://t.me/iqborsa/93
iqborsa,2023-07-03,14:17:49,95,baghdad_generic,borsa,unknown,1476.5,iqborsa:city_line,https://t.me/iqborsa/95
iqborsa,2023-07-03,14:17:49,95,erbil,borsa,unknown,1477.0,iqborsa:city_line,https://t.me/iqborsa/95
iqborsa,2023-07-03,15:52:39,98,baghdad_generic,borsa,unknown,1476.5,iqborsa:city_line,https://t.me/iqborsa/98
iqborsa,2023-07-03,15:52:39,98,erbil,borsa,unknown,1478.5,iqborsa:city_line,https://t.me/iqborsa/98
iqborsa,2023-07-03,19:52:03,99,baghdad_generic,borsa,unknown,1475.0,iqborsa:city_line,https://t.me/iqborsa/99
iqborsa,2023-07-04,10:42:24,100,baghdad_generic,borsa,unknown,1477.0,iqborsa:city_line,https://t.me/iqborsa/100
iqborsa,2023-07-04,10:42:24,100,erbil,borsa,unknown,1479.0,iqborsa:city_line,https://t.me/iqborsa/100
iqborsa,2023-07-04,10:42:24,100,basra,borsa,unknown,1477.0,iqborsa:city_line,https://t.me/iqborsa/100
iqborsa,2023-07-04,11:30:16,101,baghdad_generic,borsa,unknown,1478.0,iqborsa:city_line,https://t.me/iqborsa/101
iqborsa,2023-07-04,11:30:16,101,erbil,borsa,unknown,1480.0,iqborsa:city_line,https://t.me/iqborsa/101
iqborsa,2023-07-04,13:01:26,104,baghdad_generic,borsa,unknown,1481.0,iqborsa:city_line,https://t.me/iqborsa/104
iqborsa,2023-07-04,13:01:26,104,erbil,borsa,unknown,1483.0,iqborsa:city_line,https://t.me/iqborsa/104
iqborsa,2023-07-04,13:42:06,105,baghdad_generic,borsa,unknown,1482.0,iqborsa:city_line,https://t.me/iqborsa/105
iqborsa,2023-07-04,15:29:08,106,baghdad_generic,borsa,unknown,1481.0,iqborsa:city_line,https://t.me/iqborsa/106
iqborsa,2023-07-04,17:33:07,107,erbil,borsa,unknown,1480.5,iqborsa:city_line,https://t.me/iqborsa/107
iqborsa,2023-07-04,17:45:01,108,baghdad_generic,borsa,unknown,1479.5,iqborsa:city_line,https://t.me/iqborsa/108
iqborsa,2023-07-05,10:25:15,110,baghdad_generic,borsa,unknown,1481.5,iqborsa:city_line,https://t.me/iqborsa/110
iqborsa,2023-07-05,10:25:15,110,erbil,borsa,unknown,1481.0,iqborsa:city_line,https://t.me/iqborsa/110
iqborsa,2023-07-05,10:25:15,110,basra,borsa,unknown,1481.0,iqborsa:city_line,https://t.me/iqborsa/110
iqborsa,2023-07-05,13:37:38,112,baghdad_generic,borsa,unknown,1483.0,iqborsa:city_line,https://t.me/iqborsa/112
iqborsa,2023-07-05,15:28:12,114,baghdad_generic,borsa,unknown,1482.0,iqborsa:city_line,https://t.me/iqborsa/114
iqborsa,2023-07-05,15:28:12,114,erbil,borsa,unknown,1481.5,iqborsa:city_line,https://t.me/iqborsa/114
iqborsa,2023-07-05,15:28:12,114,basra,borsa,unknown,1481.5,iqborsa:city_line,https://t.me/iqborsa/114
iqborsa,2023-07-05,19:03:10,116,baghdad_generic,borsa,unknown,1480.0,iqborsa:city_line,https://t.me/iqborsa/116
iqborsa,2023-07-05,19:03:10,116,erbil,borsa,unknown,1479.5,iqborsa:city_line,https://t.me/iqborsa/116
iqborsa,2023-07-06,10:36:28,117,baghdad_generic,borsa,unknown,1479.0,iqborsa:city_line,https://t.me/iqborsa/117
iqborsa,2023-07-06,10:36:28,117,erbil,borsa,unknown,1477.5,iqborsa:city_line,https://t.me/iqborsa/117
iqborsa,2023-07-06,10:36:28,117,basra,borsa,unknown,1479.5,iqborsa:city_line,https://t.me/iqborsa/117
iqborsa,2023-07-06,11:45:05,118,baghdad_generic,borsa,unknown,1478.0,iqborsa:city_line,https://t.me/iqborsa/118
iqborsa,2023-07-06,14:20:26,120,baghdad_generic,borsa,unknown,1476.5,iqborsa:city_line,https://t.me/iqborsa/120
iqborsa,2023-07-06,14:57:51,121,baghdad_generic,borsa,unknown,1478.0,iqborsa:city_line,https://t.me/iqborsa/121
iqborsa,2023-07-06,16:17:11,122,baghdad_generic,borsa,unknown,1475.0,iqborsa:city_line,https://t.me/iqborsa/122
iqborsa,2023-07-06,16:17:11,122,erbil,borsa,unknown,1475.5,iqborsa:city_line,https://t.me/iqborsa/122
iqborsa,2023-07-06,16:27:33,124,baghdad_harithiya,borsa,unknown,1474.0,iqborsa:city_line,https://t.me/iqborsa/124
iqborsa,2023-07-06,16:39:53,126,baghdad_generic,borsa,unknown,1473.0,iqborsa:city_line,https://t.me/iqborsa/126
iqborsa,2023-07-06,22:52:01,128,baghdad_generic,borsa,unknown,1475.0,iqborsa:city_line,https://t.me/iqborsa/128
iqborsa,2023-07-07,12:10:33,130,baghdad_generic,borsa,unknown,1476.5,iqborsa:city_line,https://t.me/iqborsa/130
iqborsa,2023-07-07,13:49:05,131,baghdad_generic,borsa,unknown,1472.5,iqborsa:city_line,https://t.me/iqborsa/131
iqborsa,2023-07-07,16:34:09,133,baghdad_generic,borsa,unknown,1474.0,iqborsa:city_line,https://t.me/iqborsa/133
iqborsa,2023-07-07,20:19:43,135,baghdad_generic,borsa,unknown,1475.0,iqborsa:city_line,https://t.me/iqborsa/135
iqborsa,2023-07-08,11:47:36,138,baghdad_generic,borsa,unknown,1476.0,iqborsa:city_line,https://t.me/iqborsa/138
iqborsa,2023-07-08,11:47:36,138,erbil,borsa,unknown,1475.5,iqborsa:city_line,https://t.me/iqborsa/138
iqborsa,2023-07-08,11:47:36,138,basra,borsa,unknown,1476.5,iqborsa:city_line,https://t.me/iqborsa/138
iqborsa,2023-07-08,13:26:21,140,baghdad_generic,borsa,unknown,1475.5,iqborsa:city_line,https://t.me/iqborsa/140
iqborsa,2023-07-08,14:41:46,141,baghdad_generic,borsa,unknown,1474.5,iqborsa:city_line,https://t.me/iqborsa/141
iqborsa,2023-07-08,14:51:40,142,baghdad_generic,borsa,unknown,1473.5,iqborsa:city_line,https://t.me/iqborsa/142
iqborsa,2023-07-08,17:03:49,145,baghdad_generic,borsa,unknown,1473.0,iqborsa:city_line,https://t.me/iqborsa/145
iqborsa,2023-07-08,18:53:37,148,baghdad_generic,borsa,unknown,1472.5,iqborsa:city_line,https://t.me/iqborsa/148
iqborsa,2023-07-08,21:06:44,149,baghdad_generic,borsa,unknown,1473.0,iqborsa:city_line,https://t.me/iqborsa/149
iqborsa,2023-07-09,10:15:53,151,baghdad_generic,borsa,unknown,1474.0,iqborsa:city_line,https://t.me/iqborsa/151
iqborsa,2023-07-09,10:15:53,151,basra,borsa,unknown,1474.0,iqborsa:city_line,https://t.me/iqborsa/151
iqborsa,2023-07-09,10:42:20,152,baghdad_generic,borsa,unknown,1475.0,iqborsa:city_line,https://t.me/iqborsa/152
iqborsa,2023-07-09,11:28:24,153,baghdad_generic,borsa,unknown,1475.5,iqborsa:city_line,https://t.me/iqborsa/153
iqborsa,2023-07-09,13:17:20,155,baghdad_generic,borsa,unknown,1477.5,iqborsa:city_line,https://t.me/iqborsa/155
iqborsa,2023-07-09,13:29:31,157,baghdad_generic,borsa,unknown,1478.0,iqborsa:city_line,https://t.me/iqborsa/157
iqborsa,2023-07-09,14:29:21,158,baghdad_generic,borsa,unknown,1476.5,iqborsa:city_line,https://t.me/iqborsa/158
iqborsa,2023-07-09,18:24:28,159,baghdad_generic,borsa,unknown,1476.0,iqborsa:city_line,https://t.me/iqborsa/159
iqborsa,2023-07-09,22:04:59,160,baghdad_generic,borsa,unknown,1477.5,iqborsa:city_line,https://t.me/iqborsa/160
iqborsa,2023-07-10,09:44:27,161,baghdad_generic,borsa,unknown,1478.5,iqborsa:city_line,https://t.me/iqborsa/161
iqborsa,2023-07-10,09:44:27,161,erbil,borsa,unknown,1478.5,iqborsa:city_line,https://t.me/iqborsa/161
iqborsa,2023-07-10,09:44:27,161,basra,borsa,unknown,1477.5,iqborsa:city_line,https://t.me/iqborsa/161
iqborsa,2023-07-10,11:18:31,162,baghdad_generic,borsa,unknown,1480.0,iqborsa:city_line,https://t.me/iqborsa/162
iqborsa,2023-07-10,14:40:16,163,baghdad_generic,borsa,unknown,1479.0,iqborsa:city_line,https://t.me/iqborsa/163
iqborsa,2023-07-10,20:37:30,164,baghdad_generic,borsa,sell,1480.0,iqborsa:buy_sell_block,https://t.me/iqborsa/164
iqborsa,2023-07-10,20:37:30,164,baghdad_generic,borsa,buy,1477.5,iqborsa:buy_sell_block,https://t.me/iqborsa/164
iqborsa,2023-07-11,10:27:40,165,baghdad_generic,borsa,unknown,1480.0,iqborsa:opening_table,https://t.me/iqborsa/165
iqborsa,2023-07-11,10:27:40,165,erbil,borsa,unknown,1481.5,iqborsa:opening_table,https://t.me/iqborsa/165
iqborsa,2023-07-11,10:27:40,165,basra,borsa,unknown,1479.0,iqborsa:opening_table,https://t.me/iqborsa/165
iqborsa,2023-07-11,12:03:55,168,baghdad_generic,borsa,unknown,1481.0,iqborsa:city_line,https://t.me/iqborsa/168
iqborsa,2023-07-11,12:03:55,168,erbil,borsa,unknown,1483.0,iqborsa:city_line,https://t.me/iqborsa/168
iqborsa,2023-07-11,13:52:43,169,baghdad_generic,borsa,sell,1482.5,iqborsa:buy_sell_block,https://t.me/iqborsa/169
iqborsa,2023-07-11,13:52:43,169,baghdad_generic,borsa,buy,1479.0,iqborsa:buy_sell_block,https://t.me/iqborsa/169
iqborsa,2023-07-11,15:59:50,170,baghdad_generic,borsa,unknown,1479.75,iqborsa:city_line,https://t.me/iqborsa/170
iqborsa,2023-07-11,15:59:50,170,erbil,borsa,unknown,1483.5,iqborsa:city_line,https://t.me/iqborsa/170
iqborsa,2023-07-11,22:14:16,173,baghdad_generic,borsa,unknown,1480.0,iqborsa:city_line,https://t.me/iqborsa/173
iqborsa,2023-07-11,22:14:16,173,erbil,borsa,unknown,1482.5,iqborsa:city_line,https://t.me/iqborsa/173
iqborsa,2023-07-12,09:46:19,175,baghdad_generic,borsa,unknown,1479.75,iqborsa:opening_table,https://t.me/iqborsa/175
iqborsa,2023-07-12,09:46:19,175,erbil,borsa,unknown,1483.0,iqborsa:opening_table,https://t.me/iqborsa/175
iqborsa,2023-07-12,10:50:55,176,baghdad_generic,borsa,unknown,1481.0,iqborsa:city_line,https://t.me/iqborsa/176
iqborsa,2023-07-12,10:50:55,176,erbil,borsa,unknown,1482.5,iqborsa:city_line,https://t.me/iqborsa/176
iqborsa,2023-07-12,11:43:37,178,baghdad_generic,borsa,unknown,1477.0,iqborsa:city_line,https://t.me/iqborsa/178
iqborsa,2023-07-12,14:02:35,179,baghdad_generic,borsa,sell,1480.0,iqborsa:buy_sell_block,https://t.me/iqborsa/179
iqborsa,2023-07-12,14:02:35,179,baghdad_generic,borsa,buy,1475.0,iqborsa:buy_sell_block,https://t.me/iqborsa/179
iqborsa,2023-07-12,18:23:15,180,baghdad_generic,borsa,unknown,1479.0,iqborsa:city_line,https://t.me/iqborsa/180
iqborsa,2023-07-12,21:34:59,181,baghdad_generic,borsa,sell,1480.0,iqborsa:buy_sell_block,https://t.me/iqborsa/181
iqborsa,2023-07-12,21:34:59,181,baghdad_generic,borsa,buy,1475.0,iqborsa:buy_sell_block,https://t.me/iqborsa/181
iqborsa,2023-07-13,10:31:23,183,baghdad_generic,borsa,unknown,1479.0,iqborsa:opening_table,https://t.me/iqborsa/183
iqborsa,2023-07-13,10:31:23,183,erbil,borsa,unknown,1480.5,iqborsa:opening_table,https://t.me/iqborsa/183
iqborsa,2023-07-13,10:31:23,183,basra,borsa,unknown,1479.0,iqborsa:opening_table,https://t.me/iqborsa/183
iqborsa,2023-07-13,11:46:07,184,baghdad_generic,borsa,unknown,1478.5,iqborsa:city_line,https://t.me/iqborsa/184
iqborsa,2023-07-13,18:09:24,186,erbil,borsa,unknown,1483.0,iqborsa:city_line,https://t.me/iqborsa/186
iqborsa,2023-07-13,20:11:46,187,baghdad_generic,borsa,unknown,1480.0,iqborsa:city_line,https://t.me/iqborsa/187
iqborsa,2023-07-13,20:11:46,187,erbil,borsa,unknown,1484.0,iqborsa:city_line,https://t.me/iqborsa/187
iqborsa,2023-07-14,14:05:41,188,baghdad_generic,borsa,sell,1480.0,iqborsa:buy_sell_block,https://t.me/iqborsa/188
iqborsa,2023-07-14,14:05:41,188,baghdad_generic,borsa,buy,1475.0,iqborsa:buy_sell_block,https://t.me/iqborsa/188
iqborsa,2023-07-14,20:29:15,189,baghdad_generic,borsa,sell,1482.5,iqborsa:buy_sell_block,https://t.me/iqborsa/189
iqborsa,2023-07-14,20:29:15,189,baghdad_generic,borsa,buy,1477.5,iqborsa:buy_sell_block,https://t.me/iqborsa/189
iqborsa,2023-07-15,10:15:13,191,baghdad_generic,borsa,unknown,1481.0,iqborsa:opening_table,https://t.me/iqborsa/191
iqborsa,2023-07-15,10:15:13,191,erbil,borsa,unknown,1483.0,iqborsa:opening_table,https://t.me/iqborsa/191
iqborsa,2023-07-15,10:15:13,191,basra,borsa,unknown,1481.0,iqborsa:opening_table,https://t.me/iqborsa/191
iqborsa,2023-07-15,14:16:53,192,baghdad_generic,borsa,sell,1482.5,iqborsa:buy_sell_block,https://t.me/iqborsa/192
iqborsa,2023-07-15,14:16:53,192,baghdad_generic,borsa,buy,1478.0,iqborsa:buy_sell_block,https://t.me/iqborsa/192
iqborsa,2023-07-15,18:50:37,195,baghdad_generic,borsa,unknown,1478.5,iqborsa:city_line,https://t.me/iqborsa/195
iqborsa,2023-07-15,20:40:38,196,baghdad_generic,borsa,sell,1482.0,iqborsa:buy_sell_block,https://t.me/iqborsa/196
iqborsa,2023-07-15,20:40:38,196,baghdad_generic,borsa,buy,1477.5,iqborsa:buy_sell_block,https://t.me/iqborsa/196
iqborsa,2023-07-16,09:39:42,197,baghdad_generic,borsa,sell,1480.0,iqborsa:buy_sell_block,https://t.me/iqborsa/197
iqborsa,2023-07-16,09:39:42,197,baghdad_generic,borsa,buy,1475.0,iqborsa:buy_sell_block,https://t.me/iqborsa/197
iqborsa,2023-07-16,13:23:19,198,baghdad_generic,borsa,sell,1482.0,iqborsa:buy_sell_block,https://t.me/iqborsa/198
iqborsa,2023-07-16,13:23:19,198,baghdad_generic,borsa,buy,1478.0,iqborsa:buy_sell_block,https://t.me/iqborsa/198
iqborsa,2023-07-16,15:28:09,200,baghdad_generic,borsa,sell,1482.5,iqborsa:buy_sell_block,https://t.me/iqborsa/200
iqborsa,2023-07-16,15:28:09,200,baghdad_generic,borsa,buy,1479.0,iqborsa:buy_sell_block,https://t.me/iqborsa/200
iqborsa,2023-07-16,19:20:00,201,baghdad_generic,borsa,unknown,1482.0,iqborsa:city_line,https://t.me/iqborsa/201
iqborsa,2023-07-16,19:20:00,201,erbil,borsa,unknown,1485.0,iqborsa:city_line,https://t.me/iqborsa/201
iqborsa,2023-07-16,19:20:00,201,basra,borsa,unknown,1481.5,iqborsa:city_line,https://t.me/iqborsa/201
iqborsa,2023-07-17,11:17:45,205,baghdad_generic,borsa,unknown,1482.5,iqborsa:opening_table,https://t.me/iqborsa/205
iqborsa,2023-07-17,11:17:45,205,erbil,borsa,unknown,1487.0,iqborsa:opening_table,https://t.me/iqborsa/205
iqborsa,2023-07-17,11:17:45,205,basra,borsa,unknown,1482.5,iqborsa:opening_table,https://t.me/iqborsa/205
iqborsa,2023-07-17,13:15:14,208,baghdad_generic,borsa,unknown,1483.5,iqborsa:city_line,https://t.me/iqborsa/208
iqborsa,2023-07-17,14:27:39,209,baghdad_generic,borsa,unknown,1485.0,iqborsa:city_line,https://t.me/iqborsa/209
iqborsa,2023-07-17,17:00:12,211,baghdad_generic,borsa,unknown,1484.5,iqborsa:city_line,https://t.me/iqborsa/211
iqborsa,2023-07-17,20:09:05,213,baghdad_generic,borsa,unknown,1484.5,iqborsa:city_line,https://t.me/iqborsa/213
iqborsa,2023-07-18,11:26:09,218,baghdad_generic,borsa,unknown,1481.5,iqborsa:opening_table,https://t.me/iqborsa/218
iqborsa,2023-07-18,11:26:09,218,erbil,borsa,unknown,1484.5,iqborsa:opening_table,https://t.me/iqborsa/218
iqborsa,2023-07-18,11:26:09,218,basra,borsa,unknown,1481.0,iqborsa:opening_table,https://t.me/iqborsa/218
iqborsa,2023-07-18,14:43:28,221,baghdad_generic,borsa,unknown,1482.0,iqborsa:city_line,https://t.me/iqborsa/221
iqborsa,2023-07-18,16:43:31,222,baghdad_generic,borsa,unknown,1481.5,iqborsa:city_line,https://t.me/iqborsa/222
iqborsa,2023-07-18,20:17:39,223,baghdad_generic,borsa,sell,1484.0,iqborsa:buy_sell_block,https://t.me/iqborsa/223
iqborsa,2023-07-18,20:17:39,223,baghdad_generic,borsa,buy,1480.0,iqborsa:buy_sell_block,https://t.me/iqborsa/223
iqborsa,2023-07-18,22:27:21,226,baghdad_generic,borsa,unknown,1481.5,iqborsa:city_line,https://t.me/iqborsa/226
iqborsa,2023-07-19,10:58:40,228,baghdad_generic,borsa,unknown,1482.0,iqborsa:opening_table,https://t.me/iqborsa/228
iqborsa,2023-07-19,10:58:40,228,erbil,borsa,unknown,1485.5,iqborsa:opening_table,https://t.me/iqborsa/228
iqborsa,2023-07-19,10:58:40,228,basra,borsa,unknown,1482.0,iqborsa:opening_table,https://t.me/iqborsa/228
iqborsa,2023-07-19,12:36:30,230,baghdad_generic,borsa,unknown,1483.5,iqborsa:city_line,https://t.me/iqborsa/230
iqborsa,2023-07-19,14:05:05,231,baghdad_generic,borsa,unknown,1484.0,iqborsa:city_line,https://t.me/iqborsa/231
iqborsa,2023-07-19,16:06:49,232,baghdad_generic,borsa,unknown,1482.5,iqborsa:city_line,https://t.me/iqborsa/232
iqborsa,2023-07-19,17:00:21,236,baghdad_generic,borsa,unknown,1482.0,iqborsa:city_line,https://t.me/iqborsa/236
iqborsa,2023-07-19,22:14:08,243,baghdad_generic,borsa,unknown,1485.0,iqborsa:city_line,https://t.me/iqborsa/243
iqborsa,2023-07-19,22:45:02,246,baghdad_generic,borsa,unknown,1486.5,iqborsa:city_line,https://t.me/iqborsa/246
iqborsa,2023-07-19,23:39:58,252,baghdad_generic,borsa,unknown,1489.0,iqborsa:city_line,https://t.me/iqborsa/252
iqborsa,2023-07-19,23:39:58,252,erbil,borsa,unknown,1495.0,iqborsa:city_line,https://t.me/iqborsa/252
iqborsa,2023-07-20,00:40:55,253,baghdad_generic,borsa,unknown,1487.0,iqborsa:city_line,https://t.me/iqborsa/253
iqborsa,2023-07-20,11:28:02,258,baghdad_generic,borsa,unknown,1495.0,iqborsa:opening_table,https://t.me/iqborsa/258
iqborsa,2023-07-20,11:28:02,258,erbil,borsa,unknown,1500.0,iqborsa:opening_table,https://t.me/iqborsa/258
iqborsa,2023-07-20,11:28:02,258,basra,borsa,unknown,1494.0,iqborsa:opening_table,https://t.me/iqborsa/258
iqborsa,2023-07-20,12:20:08,259,baghdad_generic,borsa,unknown,1510.0,iqborsa:city_line,https://t.me/iqborsa/259
iqborsa,2023-07-20,12:20:08,259,erbil,borsa,unknown,1514.0,iqborsa:city_line,https://t.me/iqborsa/259
iqborsa,2023-07-20,12:20:08,259,basra,borsa,unknown,1510.0,iqborsa:city_line,https://t.me/iqborsa/259
iqborsa,2023-07-20,12:44:38,261,baghdad_generic,borsa,unknown,1500.0,iqborsa:city_line,https://t.me/iqborsa/261
iqborsa,2023-07-20,13:42:17,266,baghdad_generic,borsa,unknown,1510.0,iqborsa:city_line,https://t.me/iqborsa/266
iqborsa,2023-07-20,14:02:02,269,baghdad_generic,borsa,unknown,1515.0,iqborsa:city_line,https://t.me/iqborsa/269
iqborsa,2023-07-20,14:23:46,271,baghdad_generic,borsa,unknown,1516.0,iqborsa:city_line,https://t.me/iqborsa/271
iqborsa,2023-07-20,14:58:41,272,baghdad_generic,borsa,unknown,1507.0,iqborsa:city_line,https://t.me/iqborsa/272
iqborsa,2023-07-20,15:43:27,276,baghdad_generic,borsa,unknown,1510.0,iqborsa:city_line,https://t.me/iqborsa/276
iqborsa,2023-07-20,16:43:56,277,baghdad_generic,borsa,unknown,1509.0,iqborsa:city_line,https://t.me/iqborsa/277
iqborsa,2023-07-20,16:43:56,277,erbil,borsa,unknown,1509.0,iqborsa:city_line,https://t.me/iqborsa/277
iqborsa,2023-07-20,18:06:44,280,baghdad_generic,borsa,unknown,1507.0,iqborsa:city_line,https://t.me/iqborsa/280
iqborsa,2023-07-20,18:06:44,280,erbil,borsa,unknown,1510.0,iqborsa:city_line,https://t.me/iqborsa/280
iqborsa,2023-07-20,21:37:39,281,baghdad_generic,borsa,unknown,1510.0,iqborsa:city_line,https://t.me/iqborsa/281
iqborsa,2023-07-20,23:21:24,282,baghdad_generic,borsa,unknown,1511.0,iqborsa:city_line,https://t.me/iqborsa/282
iqborsa,2023-07-21,13:45:21,284,baghdad_generic,borsa,unknown,1513.0,iqborsa:city_line,https://t.me/iqborsa/284
iqborsa,2023-07-21,19:02:59,287,baghdad_generic,borsa,unknown,1512.0,iqborsa:city_line,https://t.me/iqborsa/287
iqborsa,2023-07-21,19:02:59,287,erbil,borsa,unknown,1515.5,iqborsa:city_line,https://t.me/iqborsa/287
iqborsa,2023-07-21,20:46:57,289,erbil,borsa,unknown,1513.0,iqborsa:city_line,https://t.me/iqborsa/289
iqborsa,2023-07-21,23:37:17,290,baghdad_generic,borsa,unknown,1512.0,iqborsa:city_line,https://t.me/iqborsa/290
iqborsa,2023-07-22,10:27:32,294,baghdad_generic,borsa,unknown,1517.0,iqborsa:city_line,https://t.me/iqborsa/294
iqborsa,2023-07-22,10:27:32,294,basra,borsa,unknown,1514.0,iqborsa:city_line,https://t.me/iqborsa/294
iqborsa,2023-07-22,10:44:02,295,baghdad_generic,borsa,unknown,1519.0,iqborsa:city_line,https://t.me/iqborsa/295
iqborsa,2023-07-22,12:47:23,298,baghdad_generic,borsa,unknown,1516.5,iqborsa:city_line,https://t.me/iqborsa/298
iqborsa,2023-07-22,13:38:52,299,baghdad_generic,borsa,unknown,1514.0,iqborsa:city_line,https://t.me/iqborsa/299
iqborsa,2023-07-22,13:48:12,300,baghdad_generic,borsa,unknown,1512.5,iqborsa:city_line,https://t.me/iqborsa/300
iqborsa,2023-07-22,14:03:00,301,baghdad_generic,borsa,unknown,1514.0,iqborsa:city_line,https://t.me/iqborsa/301
iqborsa,2023-07-22,14:40:18,305,baghdad_generic,borsa,unknown,1515.0,iqborsa:city_line,https://t.me/iqborsa/305
iqborsa,2023-07-22,17:16:52,306,baghdad_generic,borsa,unknown,1515.5,iqborsa:city_line,https://t.me/iqborsa/306
iqborsa,2023-07-22,19:17:31,307,baghdad_generic,borsa,unknown,1514.5,iqborsa:city_line,https://t.me/iqborsa/307
iqborsa,2023-07-22,23:08:42,310,baghdad_generic,borsa,unknown,1515.5,iqborsa:city_line,https://t.me/iqborsa/310
iqborsa,2023-07-22,23:08:42,310,erbil,borsa,unknown,1518.0,iqborsa:city_line,https://t.me/iqborsa/310
iqborsa,2023-07-23,00:01:58,311,erbil,borsa,unknown,1520.0,iqborsa:short_city_line,https://t.me/iqborsa/311
iqborsa,2023-07-23,11:29:17,313,baghdad_generic,borsa,unknown,1522.0,iqborsa:city_line,https://t.me/iqborsa/313
iqborsa,2023-07-23,11:29:17,313,erbil,borsa,unknown,1524.0,iqborsa:city_line,https://t.me/iqborsa/313
iqborsa,2023-07-23,11:29:17,313,basra,borsa,unknown,1520.0,iqborsa:city_line,https://t.me/iqborsa/313
iqborsa,2023-07-23,12:06:08,316,baghdad_generic,borsa,unknown,1521.0,iqborsa:city_line,https://t.me/iqborsa/316
iqborsa,2023-07-23,13:18:22,318,baghdad_generic,borsa,unknown,1522.5,iqborsa:city_line,https://t.me/iqborsa/318
iqborsa,2023-07-23,13:54:00,319,baghdad_generic,borsa,unknown,1526.0,iqborsa:city_line,https://t.me/iqborsa/319
iqborsa,2023-07-23,14:10:39,321,erbil,borsa,unknown,1529.0,iqborsa:city_line,https://t.me/iqborsa/321
iqborsa,2023-07-23,14:16:53,322,baghdad_generic,borsa,unknown,1528.0,iqborsa:city_line,https://t.me/iqborsa/322
iqborsa,2023-07-23,14:16:53,322,erbil,borsa,unknown,1529.0,iqborsa:city_line,https://t.me/iqborsa/322
iqborsa,2023-07-23,14:32:24,324,baghdad_generic,borsa,unknown,1530.0,iqborsa:short_city_line,https://t.me/iqborsa/324
iqborsa,2023-07-23,14:43:49,325,baghdad_generic,borsa,unknown,1532.0,iqborsa:bare_number,https://t.me/iqborsa/325
iqborsa,2023-07-23,14:59:22,329,baghdad_generic,borsa,unknown,1534.0,iqborsa:city_line,https://t.me/iqborsa/329
iqborsa,2023-07-23,15:28:23,332,baghdad_generic,borsa,unknown,1535.0,iqborsa:city_line,https://t.me/iqborsa/332
iqborsa,2023-07-23,16:03:25,333,baghdad_generic,borsa,unknown,1537.0,iqborsa:city_line,https://t.me/iqborsa/333
iqborsa,2023-07-23,16:03:25,333,erbil,borsa,unknown,1539.0,iqborsa:city_line,https://t.me/iqborsa/333
iqborsa,2023-07-23,16:11:05,334,baghdad_generic,borsa,unknown,1538.5,iqborsa:city_line,https://t.me/iqborsa/334
iqborsa,2023-07-23,17:09:38,338,baghdad_generic,borsa,unknown,1534.0,iqborsa:city_line,https://t.me/iqborsa/338
iqborsa,2023-07-23,17:22:52,339,baghdad_generic,borsa,unknown,1530.0,iqborsa:bare_number,https://t.me/iqborsa/339
iqborsa,2023-07-23,17:59:17,341,baghdad_generic,borsa,unknown,1525.0,iqborsa:city_line,https://t.me/iqborsa/341
iqborsa,2023-07-24,10:59:41,349,baghdad_generic,borsa,unknown,1536.0,iqborsa:city_line,https://t.me/iqborsa/349
iqborsa,2023-07-24,10:59:41,349,erbil,borsa,unknown,1538.0,iqborsa:city_line,https://t.me/iqborsa/349
iqborsa,2023-07-24,11:14:56,351,baghdad_generic,borsa,unknown,1537.0,iqborsa:city_line,https://t.me/iqborsa/351
iqborsa,2023-07-24,11:14:56,351,erbil,borsa,unknown,1542.0,iqborsa:city_line,https://t.me/iqborsa/351
iqborsa,2023-07-24,11:48:11,357,baghdad_generic,borsa,unknown,1534.0,iqborsa:city_line,https://t.me/iqborsa/357
iqborsa,2023-07-24,15:04:45,363,baghdad_generic,borsa,unknown,1535.0,iqborsa:city_line,https://t.me/iqborsa/363
iqborsa,2023-07-24,16:22:47,373,baghdad_generic,borsa,unknown,1533.0,iqborsa:city_line,https://t.me/iqborsa/373
iqborsa,2023-07-24,16:36:09,376,erbil,borsa,unknown,1528.0,iqborsa:city_line,https://t.me/iqborsa/376
iqborsa,2023-07-24,16:56:16,377,baghdad_generic,borsa,unknown,1530.0,iqborsa:city_line,https://t.me/iqborsa/377
iqborsa,2023-07-24,19:19:58,378,baghdad_generic,borsa,unknown,1533.0,iqborsa:city_line,https://t.me/iqborsa/378
iqborsa,2023-07-24,21:21:37,380,erbil,borsa,unknown,1535.0,iqborsa:city_line,https://t.me/iqborsa/380
iqborsa,2023-07-24,23:01:26,386,baghdad_generic,borsa,unknown,1534.5,iqborsa:city_line,https://t.me/iqborsa/386
iqborsa,2023-07-24,23:01:26,386,erbil,borsa,unknown,1534.0,iqborsa:city_line,https://t.me/iqborsa/386
iqborsa,2023-07-25,10:40:06,388,erbil,borsa,unknown,1538.0,iqborsa:city_line,https://t.me/iqborsa/388
iqborsa,2023-07-25,12:23:46,390,baghdad_generic,borsa,unknown,1536.0,iqborsa:city_line,https://t.me/iqborsa/390
iqborsa,2023-07-25,12:48:36,392,baghdad_generic,borsa,unknown,1535.0,iqborsa:city_line,https://t.me/iqborsa/392
iqborsa,2023-07-25,13:25:52,393,erbil,borsa,unknown,1531.5,iqborsa:city_line,https://t.me/iqborsa/393
iqborsa,2023-07-25,16:12:06,394,baghdad_generic,borsa,unknown,1536.0,iqborsa:city_line,https://t.me/iqborsa/394
iqborsa,2023-07-25,18:25:06,395,erbil,borsa,unknown,1536.0,iqborsa:city_line,https://t.me/iqborsa/395
iqborsa,2023-07-25,19:33:52,397,baghdad_generic,borsa,unknown,1537.0,iqborsa:city_line,https://t.me/iqborsa/397
iqborsa,2023-07-25,20:51:25,398,baghdad_generic,borsa,unknown,1539.0,iqborsa:city_line,https://t.me/iqborsa/398
iqborsa,2023-07-25,21:29:45,399,baghdad_generic,borsa,unknown,1540.0,iqborsa:city_line,https://t.me/iqborsa/399
iqborsa,2023-07-25,21:29:45,399,erbil,borsa,unknown,1542.0,iqborsa:city_line,https://t.me/iqborsa/399
iqborsa,2023-07-26,10:32:04,403,baghdad_generic,borsa,unknown,1543.0,iqborsa:city_line,https://t.me/iqborsa/403
iqborsa,2023-07-26,10:32:04,403,erbil,borsa,unknown,1545.0,iqborsa:city_line,https://t.me/iqborsa/403
iqborsa,2023-07-26,10:32:04,403,basra,borsa,unknown,1543.0,iqborsa:city_line,https://t.me/iqborsa/403
iqborsa,2023-07-26,10:57:07,404,baghdad_generic,borsa,unknown,1545.0,iqborsa:city_line,https://t.me/iqborsa/404
iqborsa,2023-07-26,11:00:46,405,baghdad_generic,borsa,unknown,1550.0,iqborsa:short_city_line,https://t.me/iqborsa/405
iqborsa,2023-07-26,11:32:07,406,baghdad_generic,borsa,unknown,1552.0,iqborsa:city_line,https://t.me/iqborsa/406
iqborsa,2023-07-26,11:47:10,407,baghdad_generic,borsa,unknown,1553.0,iqborsa:city_line,https://t.me/iqborsa/407
iqborsa,2023-07-26,11:58:39,408,baghdad_generic,borsa,unknown,1555.0,iqborsa:bare_number,https://t.me/iqborsa/408
iqborsa,2023-07-26,12:39:14,412,baghdad_generic,borsa,unknown,1561.0,iqborsa:city_line,https://t.me/iqborsa/412
iqborsa,2023-07-26,13:13:36,415,baghdad_generic,borsa,unknown,1568.0,iqborsa:bare_number,https://t.me/iqborsa/415
iqborsa,2023-07-26,14:13:37,418,baghdad_generic,borsa,unknown,1568.0,iqborsa:city_line,https://t.me/iqborsa/418
iqborsa,2023-07-26,14:19:50,421,baghdad_generic,borsa,unknown,1573.0,iqborsa:city_line,https://t.me/iqborsa/421
iqborsa,2023-07-26,14:41:00,423,baghdad_generic,borsa,unknown,1576.0,iqborsa:city_line,https://t.me/iqborsa/423
iqborsa,2023-07-26,14:48:02,425,erbil,borsa,unknown,1568.0,iqborsa:city_line,https://t.me/iqborsa/425
iqborsa,2023-07-26,15:03:33,428,erbil,borsa,unknown,1557.5,iqborsa:city_line,https://t.me/iqborsa/428
iqborsa,2023-07-26,15:07:45,429,baghdad_generic,borsa,unknown,1555.0,iqborsa:city_line,https://t.me/iqborsa/429
iqborsa,2023-07-26,15:40:56,431,baghdad_generic,borsa,unknown,1565.0,iqborsa:city_line,https://t.me/iqborsa/431
iqborsa,2023-07-26,16:16:11,434,baghdad_generic,borsa,unknown,1569.0,iqborsa:city_line,https://t.me/iqborsa/434
iqborsa,2023-07-26,17:15:24,435,baghdad_generic,borsa,unknown,1566.5,iqborsa:city_line,https://t.me/iqborsa/435
iqborsa,2023-07-26,19:10:29,442,erbil,borsa,unknown,1565.0,iqborsa:city_line,https://t.me/iqborsa/442
iqborsa,2023-07-26,20:46:42,444,baghdad_generic,borsa,unknown,1558.0,iqborsa:city_line,https://t.me/iqborsa/444
iqborsa,2023-07-27,11:22:59,452,baghdad_generic,borsa,unknown,1564.0,iqborsa:city_line,https://t.me/iqborsa/452
iqborsa,2023-07-27,11:22:59,452,basra,borsa,unknown,1566.5,iqborsa:city_line,https://t.me/iqborsa/452
iqborsa,2023-07-27,11:51:42,453,baghdad_generic,borsa,unknown,1566.0,iqborsa:city_line,https://t.me/iqborsa/453
iqborsa,2023-07-27,13:28:40,457,baghdad_generic,borsa,unknown,1563.0,iqborsa:city_line,https://t.me/iqborsa/457
iqborsa,2023-07-27,13:38:01,459,erbil,borsa,unknown,1557.5,iqborsa:city_line,https://t.me/iqborsa/459
iqborsa,2023-07-27,13:44:39,460,baghdad_generic,borsa,unknown,1559.0,iqborsa:city_line,https://t.me/iqborsa/460
iqborsa,2023-07-27,14:48:57,462,baghdad_generic,borsa,unknown,1554.0,iqborsa:city_line,https://t.me/iqborsa/462
iqborsa,2023-07-27,14:59:13,463,baghdad_generic,borsa,unknown,1552.0,iqborsa:city_line,https://t.me/iqborsa/463
iqborsa,2023-07-27,15:22:23,465,baghdad_generic,borsa,unknown,1550.0,iqborsa:city_line,https://t.me/iqborsa/465
iqborsa,2023-07-27,15:29:44,467,baghdad_generic,borsa,unknown,1550.0,iqborsa:short_city_line,https://t.me/iqborsa/467
iqborsa,2023-07-27,16:25:02,470,erbil,borsa,unknown,1539.5,iqborsa:city_line,https://t.me/iqborsa/470
iqborsa,2023-07-27,16:26:51,471,basra,borsa,unknown,1546.0,iqborsa:city_line,https://t.me/iqborsa/471
iqborsa,2023-07-27,16:51:15,473,baghdad_generic,borsa,unknown,1544.5,iqborsa:city_line,https://t.me/iqborsa/473
iqborsa,2023-07-27,18:12:36,476,baghdad_generic,borsa,unknown,1544.0,iqborsa:city_line,https://t.me/iqborsa/476
iqborsa,2023-07-27,18:12:36,476,erbil,borsa,unknown,1540.0,iqborsa:city_line,https://t.me/iqborsa/476
iqborsa,2023-07-27,22:43:19,483,baghdad_generic,borsa,unknown,1539.0,iqborsa:city_line,https://t.me/iqborsa/483
iqborsa,2023-07-27,22:47:26,484,erbil,borsa,unknown,1536.0,iqborsa:city_line,https://t.me/iqborsa/484
iqborsa,2023-07-28,17:15:43,494,erbil,borsa,unknown,1534.0,iqborsa:city_line,https://t.me/iqborsa/494
iqborsa,2023-07-28,19:40:19,495,erbil,borsa,unknown,1532.5,iqborsa:city_line,https://t.me/iqborsa/495
iqborsa,2023-07-28,21:06:38,498,erbil,borsa,unknown,1527.0,iqborsa:city_line,https://t.me/iqborsa/498
iqborsa,2023-07-28,22:42:26,500,erbil,borsa,unknown,1530.5,iqborsa:city_line,https://t.me/iqborsa/500
iqborsa,2023-07-29,11:41:02,504,erbil,borsa,unknown,1534.5,iqborsa:city_line,https://t.me/iqborsa/504
iqborsa,2023-07-29,12:38:30,506,erbil,borsa,unknown,1528.0,iqborsa:city_line,https://t.me/iqborsa/506
iqborsa,2023-07-29,15:02:40,516,baghdad_generic,borsa,unknown,1530.0,iqborsa:city_line,https://t.me/iqborsa/516
iqborsa,2023-07-29,15:02:40,516,basra,borsa,unknown,1530.0,iqborsa:city_line,https://t.me/iqborsa/516
iqborsa,2023-07-29,16:13:14,518,baghdad_generic,borsa,unknown,1526.5,iqborsa:city_line,https://t.me/iqborsa/518
iqborsa,2023-07-29,16:13:14,518,basra,borsa,unknown,1529.0,iqborsa:city_line,https://t.me/iqborsa/518
iqborsa,2023-07-29,17:21:48,520,baghdad_generic,borsa,unknown,1527.0,iqborsa:city_line,https://t.me/iqborsa/520
iqborsa,2023-07-29,17:21:48,520,erbil,borsa,unknown,1529.0,iqborsa:city_line,https://t.me/iqborsa/520
iqborsa,2023-07-29,17:21:48,520,basra,borsa,unknown,1528.0,iqborsa:city_line,https://t.me/iqborsa/520
iqborsa,2023-07-29,17:21:48,520,ramadi,borsa,unknown,1529.5,iqborsa:city_line,https://t.me/iqborsa/520
iqborsa,2023-07-29,17:21:48,520,samawah,borsa,unknown,1529.5,iqborsa:city_line,https://t.me/iqborsa/520
iqborsa,2023-07-29,17:21:48,520,nasiriyah,borsa,unknown,1529.5,iqborsa:city_line,https://t.me/iqborsa/520
iqborsa,2023-07-29,17:21:48,520,baqubah,borsa,unknown,1529.0,iqborsa:city_line,https://t.me/iqborsa/520
iqborsa,2023-07-29,17:21:48,520,hillah,borsa,unknown,1529.0,iqborsa:city_line,https://t.me/iqborsa/520
iqborsa,2023-07-29,17:21:48,520,kut,borsa,unknown,1529.5,iqborsa:city_line,https://t.me/iqborsa/520
iqborsa,2023-07-29,17:21:48,520,diwaniyah,borsa,unknown,1529.0,iqborsa:city_line,https://t.me/iqborsa/520
iqborsa,2023-07-29,17:21:48,520,tikrit,borsa,unknown,1529.5,iqborsa:city_line,https://t.me/iqborsa/520
iqborsa,2023-07-29,17:21:48,520,amarah,borsa,unknown,1529.5,iqborsa:city_line,https://t.me/iqborsa/520
iqborsa,2023-07-29,22:27:53,530,erbil,borsa,unknown,1523.5,iqborsa:city_line,https://t.me/iqborsa/530
iqborsa,2023-07-30,09:11:45,534,erbil,borsa,unknown,1530.0,iqborsa:city_line,https://t.me/iqborsa/534
iqborsa,2023-07-30,09:44:38,535,erbil,borsa,unknown,1525.0,iqborsa:city_line,https://t.me/iqborsa/535
iqborsa,2023-07-30,10:15:41,537,erbil,borsa,unknown,1519.5,iqborsa:city_line,https://t.me/iqborsa/537
iqborsa,2023-07-30,10:26:48,540,erbil,borsa,unknown,1516.5,iqborsa:city_line,https://t.me/iqborsa/540
iqborsa,2023-07-30,10:36:49,542,baghdad_generic,borsa,unknown,1525.0,iqborsa:city_line,https://t.me/iqborsa/542
iqborsa,2023-07-30,10:52:44,544,baghdad_generic,borsa,unknown,1520.0,iqborsa:city_line,https://t.me/iqborsa/544
iqborsa,2023-07-30,11:58:42,547,baghdad_generic,borsa,unknown,1518.0,iqborsa:city_line,https://t.me/iqborsa/547
iqborsa,2023-07-30,12:38:42,549,baghdad_generic,borsa,unknown,1515.0,iqborsa:city_line,https://t.me/iqborsa/549
iqborsa,2023-07-30,14:24:54,551,erbil,borsa,unknown,1502.0,iqborsa:city_line,https://t.me/iqborsa/551
iqborsa,2023-07-30,15:26:33,556,erbil,borsa,unknown,1502.0,iqborsa:city_line,https://t.me/iqborsa/556
iqborsa,2023-07-30,16:45:48,558,erbil,borsa,unknown,1507.0,iqborsa:city_line,https://t.me/iqborsa/558
iqborsa,2023-07-30,16:59:20,559,erbil,borsa,unknown,1508.5,iqborsa:city_line,https://t.me/iqborsa/559
iqborsa,2023-07-30,17:02:03,560,erbil,borsa,unknown,1511.0,iqborsa:city_line,https://t.me/iqborsa/560
iqborsa,2023-07-30,17:22:24,561,erbil,borsa,unknown,1509.0,iqborsa:city_line,https://t.me/iqborsa/561
iqborsa,2023-07-30,17:28:35,563,baghdad_generic,borsa,unknown,1510.0,iqborsa:city_line,https://t.me/iqborsa/563
iqborsa,2023-07-30,17:58:00,565,baghdad_generic,borsa,unknown,1505.0,iqborsa:city_line,https://t.me/iqborsa/565
iqborsa,2023-07-30,17:58:00,565,erbil,borsa,unknown,1508.0,iqborsa:city_line,https://t.me/iqborsa/565
iqborsa,2023-07-30,17:58:00,565,basra,borsa,unknown,1506.0,iqborsa:city_line,https://t.me/iqborsa/565
iqborsa,2023-07-30,17:58:00,565,ramadi,borsa,unknown,1508.5,iqborsa:city_line,https://t.me/iqborsa/565
iqborsa,2023-07-30,17:58:00,565,samawah,borsa,unknown,1508.5,iqborsa:city_line,https://t.me/iqborsa/565
iqborsa,2023-07-30,17:58:00,565,nasiriyah,borsa,unknown,1508.5,iqborsa:city_line,https://t.me/iqborsa/565
iqborsa,2023-07-30,17:58:00,565,baqubah,borsa,unknown,1508.0,iqborsa:city_line,https://t.me/iqborsa/565
iqborsa,2023-07-30,17:58:00,565,hillah,borsa,unknown,1508.0,iqborsa:city_line,https://t.me/iqborsa/565
iqborsa,2023-07-30,17:58:00,565,kut,borsa,unknown,1508.5,iqborsa:city_line,https://t.me/iqborsa/565
iqborsa,2023-07-30,17:58:00,565,diwaniyah,borsa,unknown,1508.0,iqborsa:city_line,https://t.me/iqborsa/565
iqborsa,2023-07-30,17:58:00,565,tikrit,borsa,unknown,1508.5,iqborsa:city_line,https://t.me/iqborsa/565
iqborsa,2023-07-30,17:58:00,565,amarah,borsa,unknown,1508.5,iqborsa:city_line,https://t.me/iqborsa/565
iqborsa,2023-07-30,20:28:41,567,baghdad_generic,borsa,unknown,1502.0,iqborsa:city_line,https://t.me/iqborsa/567
iqborsa,2023-07-31,09:32:11,575,erbil,borsa,unknown,1501.0,iqborsa:city_line,https://t.me/iqborsa/575
iqborsa,2023-07-31,09:32:11,575,basra,borsa,unknown,1500.0,iqborsa:city_line,https://t.me/iqborsa/575
iqborsa,2023-07-31,10:09:57,578,baghdad_generic,borsa,unknown,1500.0,iqborsa:city_line,https://t.me/iqborsa/578
iqborsa,2023-07-31,10:09:57,578,erbil,borsa,unknown,1494.0,iqborsa:city_line,https://t.me/iqborsa/578
iqborsa,2023-07-31,10:33:10,579,baghdad_generic,borsa,unknown,1498.0,iqborsa:city_line,https://t.me/iqborsa/579
iqborsa,2023-07-31,10:59:16,582,erbil,borsa,unknown,1500.0,iqborsa:city_line,https://t.me/iqborsa/582
iqborsa,2023-07-31,11:00:57,583,baghdad_generic,borsa,unknown,1497.0,iqborsa:city_line,https://t.me/iqborsa/583
iqborsa,2023-07-31,11:12:10,584,baghdad_generic,borsa,unknown,1496.0,iqborsa:city_line,https://t.me/iqborsa/584
iqborsa,2023-07-31,11:12:10,584,erbil,borsa,unknown,1499.0,iqborsa:city_line,https://t.me/iqborsa/584
iqborsa,2023-07-31,12:01:09,585,baghdad_generic,borsa,unknown,1505.0,iqborsa:city_line,https://t.me/iqborsa/585
iqborsa,2023-07-31,12:55:05,586,baghdad_generic,borsa,unknown,1507.0,iqborsa:city_line,https://t.me/iqborsa/586
iqborsa,2023-07-31,13:34:56,587,baghdad_generic,borsa,unknown,1504.0,iqborsa:city_line,https://t.me/iqborsa/587
iqborsa,2023-07-31,13:43:46,588,baghdad_generic,borsa,unknown,1502.0,iqborsa:city_line,https://t.me/iqborsa/588
iqborsa,2023-07-31,13:54:32,589,baghdad_generic,borsa,unknown,1501.0,iqborsa:city_line,https://t.me/iqborsa/589
iqborsa,2023-07-31,14:00:24,591,basra,borsa,unknown,1498.5,iqborsa:city_line,https://t.me/iqborsa/591
iqborsa,2023-07-31,14:40:56,596,baghdad_generic,borsa,unknown,1505.0,iqborsa:city_line,https://t.me/iqborsa/596
iqborsa,2023-07-31,14:59:01,598,erbil,borsa,unknown,1505.0,iqborsa:city_line,https://t.me/iqborsa/598
iqborsa,2023-07-31,14:59:01,598,baghdad_generic,borsa,unknown,1507.0,iqborsa:city_line,https://t.me/iqborsa/598
iqborsa,2023-07-31,15:25:39,600,baghdad_generic,borsa,unknown,1506.0,iqborsa:city_line,https://t.me/iqborsa/600
iqborsa,2023-07-31,21:09:30,606,erbil,borsa,unknown,1505.0,iqborsa:city_line,https://t.me/iqborsa/606
iqborsa,2023-07-31,22:13:07,608,baghdad_generic,borsa,unknown,1507.5,iqborsa:city_line,https://t.me/iqborsa/608
iqborsa,2023-08-01,09:41:43,613,erbil,borsa,unknown,1508.0,iqborsa:city_line,https://t.me/iqborsa/613
iqborsa,2023-08-01,10:08:01,614,erbil,borsa,unknown,1509.0,iqborsa:city_line,https://t.me/iqborsa/614
iqborsa,2023-08-01,10:18:00,615,erbil,borsa,unknown,1512.0,iqborsa:city_line,https://t.me/iqborsa/615
iqborsa,2023-08-01,11:01:09,618,baghdad_generic,borsa,unknown,1510.0,iqborsa:city_line,https://t.me/iqborsa/618
iqborsa,2023-08-01,12:02:42,619,baghdad_generic,borsa,unknown,1515.0,iqborsa:city_line,https://t.me/iqborsa/619
iqborsa,2023-08-01,12:02:42,619,erbil,borsa,unknown,1515.0,iqborsa:city_line,https://t.me/iqborsa/619
iqborsa,2023-08-01,12:02:42,619,basra,borsa,unknown,1509.0,iqborsa:city_line,https://t.me/iqborsa/619
iqborsa,2023-08-01,13:14:14,621,baghdad_generic,borsa,unknown,1513.0,iqborsa:city_line,https://t.me/iqborsa/621
iqborsa,2023-08-01,13:14:14,621,basra,borsa,unknown,1511.0,iqborsa:city_line,https://t.me/iqborsa/621
iqborsa,2023-08-01,13:49:02,623,baghdad_generic,borsa,unknown,1516.0,iqborsa:city_line,https://t.me/iqborsa/623
iqborsa,2023-08-01,13:49:02,623,erbil,borsa,unknown,1517.5,iqborsa:city_line,https://t.me/iqborsa/623
iqborsa,2023-08-01,14:11:37,624,baghdad_generic,borsa,unknown,1517.0,iqborsa:city_line,https://t.me/iqborsa/624
iqborsa,2023-08-01,14:11:37,624,erbil,borsa,unknown,1521.0,iqborsa:city_line,https://t.me/iqborsa/624
iqborsa,2023-08-01,15:18:03,628,baghdad_generic,borsa,unknown,1517.5,iqborsa:city_line,https://t.me/iqborsa/628
iqborsa,2023-08-01,15:32:59,629,baghdad_generic,borsa,unknown,1517.0,iqborsa:city_line,https://t.me/iqborsa/629
iqborsa,2023-08-01,15:32:59,629,erbil,borsa,unknown,1521.0,iqborsa:city_line,https://t.me/iqborsa/629
iqborsa,2023-08-02,00:01:12,641,erbil,borsa,unknown,1519.5,iqborsa:city_line,https://t.me/iqborsa/641
iqborsa,2023-08-02,09:30:53,644,erbil,borsa,unknown,1518.0,iqborsa:city_line,https://t.me/iqborsa/644
iqborsa,2023-08-02,10:13:33,646,baghdad_generic,borsa,unknown,1517.0,iqborsa:city_line,https://t.me/iqborsa/646
iqborsa,2023-08-02,10:13:33,646,basra,borsa,unknown,1515.0,iqborsa:city_line,https://t.me/iqborsa/646
iqborsa,2023-08-02,10:35:23,647,erbil,borsa,unknown,1520.0,iqborsa:city_line,https://t.me/iqborsa/647
iqborsa,2023-08-02,11:12:02,649,erbil,borsa,unknown,1515.0,iqborsa:city_line,https://t.me/iqborsa/649
iqborsa,2023-08-02,13:02:17,650,baghdad_generic,borsa,unknown,1513.0,iqborsa:city_line,https://t.me/iqborsa/650
iqborsa,2023-08-02,14:21:52,652,erbil,borsa,unknown,1512.5,iqborsa:city_line,https://t.me/iqborsa/652
iqborsa,2023-08-02,14:21:52,652,basra,borsa,unknown,1510.0,iqborsa:city_line,https://t.me/iqborsa/652
iqborsa,2023-08-02,14:35:32,653,baghdad_generic,borsa,unknown,1509.0,iqborsa:city_line,https://t.me/iqborsa/653
iqborsa,2023-08-02,14:35:32,653,erbil,borsa,unknown,1512.0,iqborsa:city_line,https://t.me/iqborsa/653
iqborsa,2023-08-02,14:35:32,653,basra,borsa,unknown,1510.0,iqborsa:city_line,https://t.me/iqborsa/653
iqborsa,2023-08-02,14:35:32,653,ramadi,borsa,unknown,1511.5,iqborsa:city_line,https://t.me/iqborsa/653
iqborsa,2023-08-02,14:35:32,653,samawah,borsa,unknown,1510.5,iqborsa:city_line,https://t.me/iqborsa/653
iqborsa,2023-08-02,14:35:32,653,nasiriyah,borsa,unknown,1510.5,iqborsa:city_line,https://t.me/iqborsa/653
iqborsa,2023-08-02,14:35:32,653,baqubah,borsa,unknown,1511.0,iqborsa:city_line,https://t.me/iqborsa/653
iqborsa,2023-08-02,14:35:32,653,hillah,borsa,unknown,1511.0,iqborsa:city_line,https://t.me/iqborsa/653
iqborsa,2023-08-02,14:35:32,653,kut,borsa,unknown,1511.5,iqborsa:city_line,https://t.me/iqborsa/653
iqborsa,2023-08-02,14:35:32,653,diwaniyah,borsa,unknown,1511.0,iqborsa:city_line,https://t.me/iqborsa/653
iqborsa,2023-08-02,14:35:32,653,tikrit,borsa,unknown,1511.5,iqborsa:city_line,https://t.me/iqborsa/653
iqborsa,2023-08-02,14:35:32,653,amarah,borsa,unknown,1511.5,iqborsa:city_line,https://t.me/iqborsa/653
iqborsa,2023-08-02,16:04:21,656,baghdad_generic,borsa,unknown,1507.0,iqborsa:city_line,https://t.me/iqborsa/656
iqborsa,2023-08-02,16:04:21,656,erbil,borsa,unknown,1508.0,iqborsa:city_line,https://t.me/iqborsa/656
iqborsa,2023-08-02,18:35:01,659,baghdad_generic,borsa,unknown,1509.0,iqborsa:city_line,https://t.me/iqborsa/659
iqborsa,2023-08-02,18:35:01,659,erbil,borsa,unknown,1509.5,iqborsa:city_line,https://t.me/iqborsa/659
iqborsa,2023-08-02,21:26:53,660,baghdad_generic,borsa,unknown,1507.0,iqborsa:city_line,https://t.me/iqborsa/660
iqborsa,2023-08-02,21:26:53,660,erbil,borsa,unknown,1512.5,iqborsa:city_line,https://t.me/iqborsa/660
iqborsa,2023-08-02,22:34:29,661,erbil,borsa,unknown,1515.0,iqborsa:city_line,https://t.me/iqborsa/661
iqborsa,2023-08-03,09:31:30,665,erbil,borsa,unknown,1517.5,iqborsa:city_line,https://t.me/iqborsa/665
iqborsa,2023-08-03,10:13:11,669,baghdad_generic,borsa,unknown,1509.0,iqborsa:city_line,https://t.me/iqborsa/669
iqborsa,2023-08-03,11:02:38,672,baghdad_generic,borsa,unknown,1507.0,iqborsa:city_line,https://t.me/iqborsa/672
iqborsa,2023-08-03,11:15:29,673,erbil,borsa,unknown,1508.0,iqborsa:city_line,https://t.me/iqborsa/673
iqborsa,2023-08-03,11:52:16,674,erbil,borsa,unknown,1505.0,iqborsa:city_line,https://t.me/iqborsa/674
iqborsa,2023-08-03,12:04:24,675,baghdad_generic,borsa,unknown,1503.0,iqborsa:city_line,https://t.me/iqborsa/675
iqborsa,2023-08-03,12:31:52,676,erbil,borsa,unknown,1507.0,iqborsa:city_line,https://t.me/iqborsa/676
iqborsa,2023-08-03,13:14:55,677,baghdad_generic,borsa,unknown,1503.0,iqborsa:city_line,https://t.me/iqborsa/677
iqborsa,2023-08-03,13:14:55,677,erbil,borsa,unknown,1505.0,iqborsa:city_line,https://t.me/iqborsa/677
iqborsa,2023-08-03,13:14:55,677,basra,borsa,unknown,1502.5,iqborsa:city_line,https://t.me/iqborsa/677
iqborsa,2023-08-06,12:46:07,723,erbil,borsa,unknown,1508.0,iqborsa:city_line,https://t.me/iqborsa/723
iqborsa,2023-08-06,14:46:44,728,erbil,borsa,unknown,1509.0,iqborsa:city_line,https://t.me/iqborsa/728
iqborsa,2023-08-06,21:00:05,731,erbil,borsa,unknown,1510.0,iqborsa:city_line,https://t.me/iqborsa/731
iqborsa,2023-08-07,13:29:24,733,erbil,borsa,unknown,1514.0,iqborsa:city_line,https://t.me/iqborsa/733
iqborsa,2023-08-08,10:30:10,736,erbil,borsa,unknown,1519.0,iqborsa:city_line,https://t.me/iqborsa/736
iqborsa,2023-08-08,14:01:11,739,basra,borsa,unknown,1521.0,iqborsa:city_line,https://t.me/iqborsa/739
iqborsa,2023-08-09,13:41:13,743,erbil,borsa,unknown,1529.0,iqborsa:city_line,https://t.me/iqborsa/743
iqborsa,2023-08-09,23:06:49,747,erbil,borsa,unknown,1521.5,iqborsa:city_line,https://t.me/iqborsa/747
iqborsa,2023-08-10,21:10:39,748,erbil,borsa,unknown,1527.0,iqborsa:city_line,https://t.me/iqborsa/748
iqborsa,2023-08-12,21:00:52,757,baghdad_generic,borsa,unknown,1523.0,iqborsa:city_line,https://t.me/iqborsa/757
iqborsa,2023-08-12,21:00:52,757,basra,borsa,unknown,1525.0,iqborsa:city_line,https://t.me/iqborsa/757
iqborsa,2023-08-12,21:00:52,757,erbil,borsa,unknown,1525.0,iqborsa:city_line,https://t.me/iqborsa/757
iqborsa,2023-08-13,13:15:48,762,erbil,borsa,unknown,1527.5,iqborsa:city_line,https://t.me/iqborsa/762
iqborsa,2023-08-13,19:32:18,765,nasiriyah,borsa,unknown,1528.0,iqborsa:city_line,https://t.me/iqborsa/765
iqborsa,2023-08-14,13:11:40,768,baghdad_generic,borsa,unknown,1529.5,iqborsa:city_line,https://t.me/iqborsa/768
iqborsa,2023-08-14,13:11:40,768,erbil,borsa,unknown,1534.0,iqborsa:city_line,https://t.me/iqborsa/768
iqborsa,2023-08-14,14:46:48,769,erbil,borsa,unknown,1533.0,iqborsa:city_line,https://t.me/iqborsa/769
iqborsa,2023-08-14,19:41:34,771,erbil,borsa,unknown,1531.0,iqborsa:city_line,https://t.me/iqborsa/771
iqborsa,2023-08-14,23:34:26,772,erbil,borsa,unknown,1529.5,iqborsa:city_line,https://t.me/iqborsa/772
iqborsa,2023-08-15,10:43:48,774,baghdad_generic,borsa,unknown,1528.0,iqborsa:opening_table,https://t.me/iqborsa/774
iqborsa,2023-08-15,10:43:48,774,erbil,borsa,unknown,1530.5,iqborsa:opening_table,https://t.me/iqborsa/774
iqborsa,2023-08-15,12:25:15,778,baghdad_generic,borsa,unknown,1531.0,iqborsa:city_line,https://t.me/iqborsa/778
iqborsa,2023-08-15,12:25:15,778,erbil,borsa,unknown,1531.5,iqborsa:city_line,https://t.me/iqborsa/778
iqborsa,2023-08-15,12:59:04,779,baghdad_generic,borsa,unknown,1529.0,iqborsa:city_line,https://t.me/iqborsa/779
iqborsa,2023-08-15,12:59:04,779,erbil,borsa,unknown,1529.5,iqborsa:city_line,https://t.me/iqborsa/779
iqborsa,2023-08-15,18:45:49,781,erbil,borsa,unknown,1529.0,iqborsa:city_line,https://t.me/iqborsa/781
iqborsa,2023-08-15,22:51:01,784,erbil,borsa,unknown,1531.0,iqborsa:city_line,https://t.me/iqborsa/784
iqborsa,2023-08-16,10:26:47,786,baghdad_generic,borsa,unknown,1531.0,iqborsa:opening_table,https://t.me/iqborsa/786
iqborsa,2023-08-16,10:26:47,786,erbil,borsa,unknown,1531.5,iqborsa:opening_table,https://t.me/iqborsa/786
iqborsa,2023-08-16,13:47:56,787,baghdad_generic,borsa,unknown,1529.5,iqborsa:city_line,https://t.me/iqborsa/787
iqborsa,2023-08-16,13:47:56,787,erbil,borsa,unknown,1530.0,iqborsa:city_line,https://t.me/iqborsa/787
iqborsa,2023-08-16,16:44:07,792,baghdad_generic,borsa,unknown,1528.0,iqborsa:city_line,https://t.me/iqborsa/792
iqborsa,2023-08-16,16:44:07,792,erbil,borsa,unknown,1532.0,iqborsa:city_line,https://t.me/iqborsa/792
iqborsa,2023-08-16,16:44:07,792,basra,borsa,unknown,1539.0,iqborsa:city_line,https://t.me/iqborsa/792
iqborsa,2023-08-16,21:35:49,795,erbil,borsa,unknown,1530.5,iqborsa:city_line,https://t.me/iqborsa/795
iqborsa,2023-08-17,12:41:49,797,baghdad_generic,borsa,unknown,1536.0,iqborsa:city_line,https://t.me/iqborsa/797
iqborsa,2023-08-17,12:41:49,797,erbil,borsa,unknown,1535.0,iqborsa:city_line,https://t.me/iqborsa/797
iqborsa,2023-08-17,12:41:49,797,basra,borsa,unknown,1535.0,iqborsa:city_line,https://t.me/iqborsa/797
iqborsa,2023-08-17,14:02:33,799,baghdad_generic,borsa,unknown,1536.0,iqborsa:city_line,https://t.me/iqborsa/799
iqborsa,2023-08-17,14:02:33,799,erbil,borsa,unknown,1538.0,iqborsa:city_line,https://t.me/iqborsa/799
iqborsa,2023-08-17,14:02:33,799,basra,borsa,unknown,1536.0,iqborsa:city_line,https://t.me/iqborsa/799
iqborsa,2023-08-17,15:03:07,800,erbil,borsa,unknown,1538.0,iqborsa:city_line,https://t.me/iqborsa/800
iqborsa,2023-08-17,15:09:15,801,baghdad_generic,borsa,unknown,1536.5,iqborsa:city_line,https://t.me/iqborsa/801
iqborsa,2023-08-17,15:09:15,801,erbil,borsa,unknown,1538.0,iqborsa:city_line,https://t.me/iqborsa/801
iqborsa,2023-08-17,15:09:15,801,basra,borsa,unknown,1537.0,iqborsa:city_line,https://t.me/iqborsa/801
iqborsa,2023-08-17,17:56:57,804,baghdad_generic,borsa,unknown,1537.0,iqborsa:city_line,https://t.me/iqborsa/804
iqborsa,2023-08-17,17:56:57,804,erbil,borsa,unknown,1541.0,iqborsa:city_line,https://t.me/iqborsa/804
iqborsa,2023-08-17,17:56:57,804,basra,borsa,unknown,1539.0,iqborsa:city_line,https://t.me/iqborsa/804
iqborsa,2023-08-19,12:14:46,810,baghdad_generic,borsa,unknown,1542.0,iqborsa:city_line,https://t.me/iqborsa/810
iqborsa,2023-08-19,12:14:46,810,basra,borsa,unknown,1542.0,iqborsa:city_line,https://t.me/iqborsa/810
iqborsa,2023-08-19,12:14:46,810,erbil,borsa,unknown,1546.0,iqborsa:city_line,https://t.me/iqborsa/810
iqborsa,2023-08-19,17:04:58,812,baghdad_generic,borsa,unknown,1541.0,iqborsa:city_line,https://t.me/iqborsa/812
iqborsa,2023-08-19,17:04:58,812,basra,borsa,unknown,1541.5,iqborsa:city_line,https://t.me/iqborsa/812
iqborsa,2023-08-19,17:04:58,812,erbil,borsa,unknown,1541.5,iqborsa:city_line,https://t.me/iqborsa/812
iqborsa,2023-08-20,12:53:59,816,baghdad_generic,borsa,unknown,1540.0,iqborsa:city_line,https://t.me/iqborsa/816
iqborsa,2023-08-20,12:53:59,816,erbil,borsa,unknown,1541.5,iqborsa:city_line,https://t.me/iqborsa/816
iqborsa,2023-08-20,12:53:59,816,basra,borsa,unknown,1540.0,iqborsa:city_line,https://t.me/iqborsa/816
iqborsa,2023-08-20,13:30:51,817,baghdad_generic,borsa,unknown,1539.5,iqborsa:city_line,https://t.me/iqborsa/817
iqborsa,2023-08-20,13:30:51,817,erbil,borsa,unknown,1542.0,iqborsa:city_line,https://t.me/iqborsa/817
iqborsa,2023-08-20,13:30:51,817,basra,borsa,unknown,1538.5,iqborsa:city_line,https://t.me/iqborsa/817
iqborsa,2023-08-20,14:13:15,818,baghdad_generic,borsa,unknown,1537.0,iqborsa:city_line,https://t.me/iqborsa/818
iqborsa,2023-08-20,14:13:15,818,erbil,borsa,unknown,1539.0,iqborsa:city_line,https://t.me/iqborsa/818
iqborsa,2023-08-20,14:25:32,819,baghdad_generic,borsa,unknown,1536.0,iqborsa:city_line,https://t.me/iqborsa/819
iqborsa,2023-08-20,14:25:32,819,basra,borsa,unknown,1535.0,iqborsa:city_line,https://t.me/iqborsa/819
iqborsa,2023-08-20,14:56:32,822,baghdad_generic,borsa,unknown,1529.0,iqborsa:city_line,https://t.me/iqborsa/822
iqborsa,2023-08-20,15:19:50,825,basra,borsa,unknown,1526.0,iqborsa:city_line,https://t.me/iqborsa/825
iqborsa,2023-08-21,12:34:57,828,baghdad_generic,borsa,unknown,1532.5,iqborsa:city_line,https://t.me/iqborsa/828
iqborsa,2023-08-21,12:34:57,828,erbil,borsa,unknown,1535.0,iqborsa:city_line,https://t.me/iqborsa/828
iqborsa,2023-08-21,12:34:57,828,basra,borsa,unknown,1529.0,iqborsa:city_line,https://t.me/iqborsa/828
iqborsa,2023-08-21,13:49:45,829,baghdad_generic,borsa,unknown,1530.0,iqborsa:city_line,https://t.me/iqborsa/829
iqborsa,2023-08-21,13:49:45,829,basra,borsa,unknown,1526.0,iqborsa:city_line,https://t.me/iqborsa/829
iqborsa,2023-08-21,13:49:45,829,erbil,borsa,unknown,1532.0,iqborsa:city_line,https://t.me/iqborsa/829
iqborsa,2023-08-21,15:08:52,830,erbil,borsa,unknown,1533.5,iqborsa:city_line,https://t.me/iqborsa/830
iqborsa,2023-08-21,15:37:43,831,baghdad_generic,borsa,unknown,1532.0,iqborsa:city_line,https://t.me/iqborsa/831
iqborsa,2023-08-21,15:37:43,831,basra,borsa,unknown,1528.5,iqborsa:city_line,https://t.me/iqborsa/831
iqborsa,2023-08-21,15:37:43,831,erbil,borsa,unknown,1533.5,iqborsa:city_line,https://t.me/iqborsa/831
iqborsa,2023-08-21,17:27:30,833,baghdad_generic,borsa,unknown,1531.0,iqborsa:city_line,https://t.me/iqborsa/833
iqborsa,2023-08-21,17:27:30,833,erbil,borsa,unknown,1536.5,iqborsa:city_line,https://t.me/iqborsa/833
iqborsa,2023-08-22,12:38:52,839,baghdad_generic,borsa,unknown,1527.0,iqborsa:city_line,https://t.me/iqborsa/839
iqborsa,2023-08-22,12:51:17,841,baghdad_generic,borsa,unknown,1526.0,iqborsa:city_line,https://t.me/iqborsa/841
iqborsa,2023-08-22,16:15:04,842,baghdad_generic,borsa,unknown,1520.0,iqborsa:city_line,https://t.me/iqborsa/842
iqborsa,2023-08-22,22:12:08,846,baghdad_generic,borsa,unknown,1515.0,iqborsa:city_line,https://t.me/iqborsa/846
iqborsa,2023-08-22,22:39:30,852,baghdad_generic,borsa,unknown,1513.0,iqborsa:city_line,https://t.me/iqborsa/852
iqborsa,2023-08-23,13:03:19,854,baghdad_generic,borsa,unknown,1516.0,iqborsa:city_line,https://t.me/iqborsa/854
iqborsa,2023-08-23,13:03:19,854,erbil,borsa,unknown,1526.5,iqborsa:city_line,https://t.me/iqborsa/854
iqborsa,2023-08-23,13:03:19,854,basra,borsa,unknown,1516.0,iqborsa:city_line,https://t.me/iqborsa/854
iqborsa,2023-08-23,18:21:33,856,baghdad_generic,borsa,unknown,1519.0,iqborsa:city_line,https://t.me/iqborsa/856
iqborsa,2023-08-24,11:35:35,858,baghdad_generic,borsa,unknown,1528.0,iqborsa:city_line,https://t.me/iqborsa/858
iqborsa,2023-08-24,11:35:35,858,erbil,borsa,unknown,1535.0,iqborsa:city_line,https://t.me/iqborsa/858
iqborsa,2023-08-24,15:17:46,867,baghdad_generic,borsa,unknown,1532.0,iqborsa:city_line,https://t.me/iqborsa/867
iqborsa,2023-08-24,15:17:46,867,erbil,borsa,unknown,1536.5,iqborsa:city_line,https://t.me/iqborsa/867
iqborsa,2023-08-25,17:28:21,871,baghdad_generic,borsa,unknown,1532.0,iqborsa:city_line,https://t.me/iqborsa/871
iqborsa,2023-08-25,17:28:21,871,erbil,borsa,unknown,1537.0,iqborsa:city_line,https://t.me/iqborsa/871
iqborsa,2023-08-25,21:59:43,875,basra,borsa,unknown,1527.5,iqborsa:city_line,https://t.me/iqborsa/875
iqborsa,2023-08-26,11:00:41,877,baghdad_generic,borsa,unknown,1530.0,iqborsa:city_line,https://t.me/iqborsa/877
iqborsa,2023-08-26,11:00:41,877,erbil,borsa,unknown,1536.0,iqborsa:city_line,https://t.me/iqborsa/877
iqborsa,2023-08-26,11:00:41,877,basra,borsa,unknown,1530.0,iqborsa:city_line,https://t.me/iqborsa/877
iqborsa,2023-08-26,20:39:53,882,baghdad_generic,borsa,unknown,1529.0,iqborsa:city_line,https://t.me/iqborsa/882
iqborsa,2023-08-27,10:06:38,884,erbil,borsa,unknown,1534.5,iqborsa:city_line,https://t.me/iqborsa/884
iqborsa,2023-08-27,11:56:02,885,baghdad_generic,borsa,unknown,1530.0,iqborsa:city_line,https://t.me/iqborsa/885
iqborsa,2023-08-27,11:56:02,885,erbil,borsa,unknown,1535.0,iqborsa:city_line,https://t.me/iqborsa/885
iqborsa,2023-08-27,12:46:42,886,baghdad_generic,borsa,unknown,1531.5,iqborsa:city_line,https://t.me/iqborsa/886
iqborsa,2023-08-27,12:46:42,886,erbil,borsa,unknown,1538.0,iqborsa:city_line,https://t.me/iqborsa/886
iqborsa,2023-08-27,22:05:34,889,baghdad_generic,borsa,unknown,1532.5,iqborsa:city_line,https://t.me/iqborsa/889
iqborsa,2023-08-27,22:05:34,889,erbil,borsa,unknown,1538.5,iqborsa:city_line,https://t.me/iqborsa/889
iqborsa,2023-08-28,11:41:18,897,baghdad_generic,borsa,unknown,1536.0,iqborsa:city_line,https://t.me/iqborsa/897
iqborsa,2023-08-28,11:41:18,897,erbil,borsa,unknown,1540.0,iqborsa:city_line,https://t.me/iqborsa/897
iqborsa,2023-08-28,11:41:18,897,basra,borsa,unknown,1532.5,iqborsa:city_line,https://t.me/iqborsa/897
iqborsa,2023-08-28,19:44:13,899,baghdad_generic,borsa,unknown,1536.0,iqborsa:city_line,https://t.me/iqborsa/899
iqborsa,2023-08-28,19:44:13,899,erbil,borsa,unknown,1541.0,iqborsa:city_line,https://t.me/iqborsa/899
iqborsa,2023-08-28,19:44:13,899,basra,borsa,unknown,1537.0,iqborsa:city_line,https://t.me/iqborsa/899
iqborsa,2023-08-28,21:17:17,900,erbil,borsa,unknown,1539.5,iqborsa:city_line,https://t.me/iqborsa/900
iqborsa,2023-08-29,10:52:48,905,erbil,borsa,unknown,1540.0,iqborsa:city_line,https://t.me/iqborsa/905
iqborsa,2023-08-29,10:52:48,905,baghdad_generic,borsa,unknown,1537.5,iqborsa:city_line,https://t.me/iqborsa/905
iqborsa,2023-08-29,12:01:31,906,erbil,borsa,unknown,1539.0,iqborsa:city_line,https://t.me/iqborsa/906
iqborsa,2023-08-29,12:01:31,906,baghdad_generic,borsa,unknown,1536.0,iqborsa:city_line,https://t.me/iqborsa/906
iqborsa,2023-08-29,12:15:03,907,basra,borsa,unknown,1533.0,iqborsa:city_line,https://t.me/iqborsa/907
iqborsa,2023-08-29,14:14:01,908,baghdad_generic,borsa,unknown,1535.0,iqborsa:city_line,https://t.me/iqborsa/908
iqborsa,2023-08-29,18:11:53,910,baghdad_generic,borsa,unknown,1534.0,iqborsa:city_line,https://t.me/iqborsa/910
iqborsa,2023-08-29,18:11:53,910,erbil,borsa,unknown,1538.0,iqborsa:city_line,https://t.me/iqborsa/910
iqborsa,2023-08-29,18:11:53,910,basra,borsa,unknown,1534.0,iqborsa:city_line,https://t.me/iqborsa/910
iqborsa,2023-08-29,18:11:53,910,ramadi,borsa,unknown,1537.0,iqborsa:city_line,https://t.me/iqborsa/910
iqborsa,2023-08-29,18:11:53,910,samawah,borsa,unknown,1537.5,iqborsa:city_line,https://t.me/iqborsa/910
iqborsa,2023-08-29,18:11:53,910,nasiriyah,borsa,unknown,1537.5,iqborsa:city_line,https://t.me/iqborsa/910
iqborsa,2023-08-29,18:11:53,910,baqubah,borsa,unknown,1538.0,iqborsa:city_line,https://t.me/iqborsa/910
iqborsa,2023-08-29,18:11:53,910,hillah,borsa,unknown,1537.5,iqborsa:city_line,https://t.me/iqborsa/910
iqborsa,2023-08-29,18:11:53,910,kut,borsa,unknown,1538.0,iqborsa:city_line,https://t.me/iqborsa/910
iqborsa,2023-08-29,18:11:53,910,diwaniyah,borsa,unknown,1537.0,iqborsa:city_line,https://t.me/iqborsa/910
iqborsa,2023-08-29,18:11:53,910,tikrit,borsa,unknown,1537.5,iqborsa:city_line,https://t.me/iqborsa/910
iqborsa,2023-08-29,18:11:53,910,amarah,borsa,unknown,1538.0,iqborsa:city_line,https://t.me/iqborsa/910
iqborsa,2023-08-29,20:00:50,911,baghdad_generic,borsa,unknown,1532.0,iqborsa:city_line,https://t.me/iqborsa/911
iqborsa,2023-08-29,22:36:34,913,baghdad_generic,borsa,unknown,1531.0,iqborsa:city_line,https://t.me/iqborsa/913
iqborsa,2023-08-30,11:41:16,915,baghdad_generic,borsa,unknown,1530.0,iqborsa:city_line,https://t.me/iqborsa/915
iqborsa,2023-08-30,11:41:16,915,erbil,borsa,unknown,1535.0,iqborsa:city_line,https://t.me/iqborsa/915
iqborsa,2023-08-30,13:59:57,916,basra,borsa,unknown,1526.0,iqborsa:city_line,https://t.me/iqborsa/916
iqborsa,2023-08-30,14:29:48,917,baghdad_generic,borsa,unknown,1529.0,iqborsa:city_line,https://t.me/iqborsa/917
iqborsa,2023-08-31,12:31:19,919,erbil,borsa,unknown,1538.0,iqborsa:city_line,https://t.me/iqborsa/919
iqborsa,2023-08-31,12:31:19,919,baghdad_generic,borsa,unknown,1532.5,iqborsa:city_line,https://t.me/iqborsa/919
iqborsa,2023-08-31,12:31:19,919,basra,borsa,unknown,1527.0,iqborsa:city_line,https://t.me/iqborsa/919
iqborsa,2023-08-31,16:26:34,920,baghdad_generic,borsa,unknown,1532.0,iqborsa:city_line,https://t.me/iqborsa/920
iqborsa,2023-08-31,16:26:34,920,erbil,borsa,unknown,1540.0,iqborsa:city_line,https://t.me/iqborsa/920
iqborsa,2023-08-31,16:26:34,920,basra,borsa,unknown,1527.0,iqborsa:city_line,https://t.me/iqborsa/920
iqborsa,2023-09-01,15:08:26,924,baghdad_generic,borsa,unknown,1531.0,iqborsa:city_line,https://t.me/iqborsa/924
iqborsa,2023-09-01,15:08:26,924,erbil,borsa,unknown,1542.0,iqborsa:city_line,https://t.me/iqborsa/924
iqborsa,2023-09-01,15:08:26,924,basra,borsa,unknown,1528.0,iqborsa:city_line,https://t.me/iqborsa/924
iqborsa,2023-09-01,17:59:22,926,erbil,borsa,unknown,1538.5,iqborsa:city_line,https://t.me/iqborsa/926
iqborsa,2023-09-01,19:08:42,927,baghdad_generic,borsa,unknown,1531.0,iqborsa:city_line,https://t.me/iqborsa/927
iqborsa,2023-09-01,19:08:42,927,erbil,borsa,unknown,1538.0,iqborsa:city_line,https://t.me/iqborsa/927
iqborsa,2023-09-02,11:08:05,930,baghdad_generic,borsa,unknown,1533.0,iqborsa:city_line,https://t.me/iqborsa/930
iqborsa,2023-09-02,11:08:05,930,erbil,borsa,unknown,1539.5,iqborsa:city_line,https://t.me/iqborsa/930
iqborsa,2023-09-02,12:15:37,933,baghdad_generic,borsa,unknown,1532.0,iqborsa:city_line,https://t.me/iqborsa/933
iqborsa,2023-09-02,12:15:37,933,basra,borsa,unknown,1529.0,iqborsa:city_line,https://t.me/iqborsa/933
iqborsa,2023-09-03,11:18:22,936,baghdad_generic,borsa,unknown,1531.0,iqborsa:city_line,https://t.me/iqborsa/936
iqborsa,2023-09-03,11:18:22,936,erbil,borsa,unknown,1539.0,iqborsa:city_line,https://t.me/iqborsa/936
iqborsa,2023-09-04,10:16:17,940,baghdad_generic,borsa,unknown,1532.0,iqborsa:city_line,https://t.me/iqborsa/940
iqborsa,2023-09-04,10:16:17,940,erbil,borsa,unknown,1540.0,iqborsa:city_line,https://t.me/iqborsa/940
iqborsa,2023-09-04,11:34:55,941,baghdad_generic,borsa,unknown,1533.5,iqborsa:city_line,https://t.me/iqborsa/941
iqborsa,2023-09-04,11:34:55,941,erbil,borsa,unknown,1541.0,iqborsa:city_line,https://t.me/iqborsa/941
iqborsa,2023-09-04,14:34:03,942,baghdad_generic,borsa,unknown,1534.5,iqborsa:city_line,https://t.me/iqborsa/942
iqborsa,2023-09-04,14:34:03,942,erbil,borsa,unknown,1543.0,iqborsa:city_line,https://t.me/iqborsa/942
iqborsa,2023-09-04,21:30:43,944,baghdad_generic,borsa,unknown,1534.0,iqborsa:city_line,https://t.me/iqborsa/944
iqborsa,2023-09-04,21:30:43,944,erbil,borsa,unknown,1542.0,iqborsa:city_line,https://t.me/iqborsa/944
iqborsa,2023-09-05,11:23:55,946,baghdad_generic,borsa,unknown,1534.5,iqborsa:city_line,https://t.me/iqborsa/946
iqborsa,2023-09-05,11:23:55,946,erbil,borsa,unknown,1542.0,iqborsa:city_line,https://t.me/iqborsa/946
iqborsa,2023-09-05,13:12:31,948,baghdad_generic,borsa,unknown,1534.0,iqborsa:city_line,https://t.me/iqborsa/948
iqborsa,2023-09-05,13:12:31,948,erbil,borsa,unknown,1542.5,iqborsa:city_line,https://t.me/iqborsa/948
iqborsa,2023-09-05,16:18:37,950,baghdad_generic,borsa,unknown,1535.0,iqborsa:city_line,https://t.me/iqborsa/950
iqborsa,2023-09-05,16:18:37,950,erbil,borsa,unknown,1544.0,iqborsa:city_line,https://t.me/iqborsa/950
iqborsa,2023-09-05,23:39:11,954,baghdad_generic,borsa,unknown,1534.5,iqborsa:city_line,https://t.me/iqborsa/954
iqborsa,2023-09-06,12:18:31,959,baghdad_generic,borsa,unknown,1537.0,iqborsa:city_line,https://t.me/iqborsa/959
iqborsa,2023-09-06,12:18:31,959,erbil,borsa,unknown,1547.0,iqborsa:city_line,https://t.me/iqborsa/959
iqborsa,2023-09-06,17:55:53,961,baghdad_generic,borsa,unknown,1535.5,iqborsa:city_line,https://t.me/iqborsa/961
iqborsa,2023-09-06,17:55:53,961,erbil,borsa,unknown,1544.0,iqborsa:city_line,https://t.me/iqborsa/961
iqborsa,2023-09-06,20:04:40,965,baghdad_generic,borsa,unknown,1538.5,iqborsa:city_line,https://t.me/iqborsa/965
iqborsa,2023-09-07,11:30:43,967,baghdad_generic,borsa,unknown,1538.5,iqborsa:city_line,https://t.me/iqborsa/967
iqborsa,2023-09-07,11:30:43,967,erbil,borsa,unknown,1545.5,iqborsa:city_line,https://t.me/iqborsa/967
iqborsa,2023-09-07,22:03:12,970,baghdad_generic,borsa,unknown,1535.0,iqborsa:city_line,https://t.me/iqborsa/970
iqborsa,2023-09-08,16:31:55,974,baghdad_generic,borsa,unknown,1539.0,iqborsa:city_line,https://t.me/iqborsa/974
iqborsa,2023-09-08,21:37:18,978,erbil,borsa,unknown,1547.0,iqborsa:city_line,https://t.me/iqborsa/978
iqborsa,2023-09-09,12:00:13,982,baghdad_generic,borsa,unknown,1541.5,iqborsa:city_line,https://t.me/iqborsa/982
iqborsa,2023-09-09,12:00:13,982,basra,borsa,unknown,1538.0,iqborsa:city_line,https://t.me/iqborsa/982
iqborsa,2023-09-09,14:14:28,984,baghdad_generic,borsa,unknown,1539.5,iqborsa:city_line,https://t.me/iqborsa/984
iqborsa,2023-09-09,14:19:19,985,baghdad_generic,borsa,unknown,1539.0,iqborsa:city_line,https://t.me/iqborsa/985
iqborsa,2023-09-09,14:19:19,985,erbil,borsa,unknown,1547.0,iqborsa:city_line,https://t.me/iqborsa/985
iqborsa,2023-09-09,14:19:19,985,basra,borsa,unknown,1537.5,iqborsa:city_line,https://t.me/iqborsa/985
iqborsa,2023-09-09,15:19:13,986,baghdad_generic,borsa,unknown,1538.5,iqborsa:city_line,https://t.me/iqborsa/986
iqborsa,2023-09-09,17:02:15,987,baghdad_generic,borsa,unknown,1538.0,iqborsa:city_line,https://t.me/iqborsa/987
iqborsa,2023-09-10,13:01:15,996,baghdad_generic,borsa,unknown,1539.0,iqborsa:city_line,https://t.me/iqborsa/996
iqborsa,2023-09-10,13:01:15,996,erbil,borsa,unknown,1546.0,iqborsa:city_line,https://t.me/iqborsa/996
iqborsa,2023-09-10,15:36:56,997,baghdad_generic,borsa,unknown,1540.0,iqborsa:city_line,https://t.me/iqborsa/997
iqborsa,2023-09-10,15:36:56,997,erbil,borsa,unknown,1548.5,iqborsa:city_line,https://t.me/iqborsa/997
iqborsa,2023-09-10,21:21:38,1001,baghdad_generic,borsa,unknown,1539.0,iqborsa:city_line,https://t.me/iqborsa/1001
iqborsa,2023-09-10,21:32:45,1003,erbil,borsa,unknown,1547.5,iqborsa:city_line,https://t.me/iqborsa/1003
iqborsa,2023-09-11,13:11:55,1004,baghdad_generic,borsa,unknown,1550.0,iqborsa:city_line,https://t.me/iqborsa/1004
iqborsa,2023-09-11,13:11:55,1004,basra,borsa,unknown,1546.0,iqborsa:city_line,https://t.me/iqborsa/1004
iqborsa,2023-09-11,13:11:55,1004,erbil,borsa,unknown,1558.5,iqborsa:city_line,https://t.me/iqborsa/1004
iqborsa,2023-09-11,13:49:30,1006,baghdad_generic,borsa,unknown,1552.0,iqborsa:city_line,https://t.me/iqborsa/1006
iqborsa,2023-09-11,14:06:34,1011,baghdad_generic,borsa,unknown,1552.5,iqborsa:city_line,https://t.me/iqborsa/1011
iqborsa,2023-09-11,15:57:51,1013,erbil,borsa,unknown,1561.0,iqborsa:city_line,https://t.me/iqborsa/1013
iqborsa,2023-09-11,16:36:20,1015,basra,borsa,unknown,1550.0,iqborsa:city_line,https://t.me/iqborsa/1015
iqborsa,2023-09-11,16:36:20,1015,baghdad_generic,borsa,unknown,1553.0,iqborsa:city_line,https://t.me/iqborsa/1015
iqborsa,2023-09-11,16:36:20,1015,erbil,borsa,unknown,1567.5,iqborsa:city_line,https://t.me/iqborsa/1015
iqborsa,2023-09-11,20:02:49,1017,baghdad_generic,borsa,unknown,1554.5,iqborsa:city_line,https://t.me/iqborsa/1017
iqborsa,2023-09-11,20:02:49,1017,basra,borsa,unknown,1551.0,iqborsa:city_line,https://t.me/iqborsa/1017
iqborsa,2023-09-11,20:02:49,1017,erbil,borsa,unknown,1564.5,iqborsa:city_line,https://t.me/iqborsa/1017
iqborsa,2023-09-12,10:57:22,1023,baghdad_generic,borsa,unknown,1554.0,iqborsa:city_line,https://t.me/iqborsa/1023
iqborsa,2023-09-12,10:57:22,1023,erbil,borsa,unknown,1560.5,iqborsa:city_line,https://t.me/iqborsa/1023
iqborsa,2023-09-12,11:20:40,1025,erbil,borsa,unknown,1557.5,iqborsa:city_line,https://t.me/iqborsa/1025
iqborsa,2023-09-12,11:30:43,1026,baghdad_generic,borsa,unknown,1553.0,iqborsa:city_line,https://t.me/iqborsa/1026
iqborsa,2023-09-12,11:30:43,1026,erbil,borsa,unknown,1556.0,iqborsa:city_line,https://t.me/iqborsa/1026
iqborsa,2023-09-12,11:34:49,1027,basra,borsa,unknown,1547.5,iqborsa:city_line,https://t.me/iqborsa/1027
iqborsa,2023-09-12,11:55:15,1028,baghdad_generic,borsa,unknown,1551.0,iqborsa:city_line,https://t.me/iqborsa/1028
iqborsa,2023-09-12,14:48:10,1030,baghdad_generic,borsa,unknown,1553.0,iqborsa:city_line,https://t.me/iqborsa/1030
iqborsa,2023-09-12,14:48:10,1030,basra,borsa,unknown,1549.0,iqborsa:city_line,https://t.me/iqborsa/1030
iqborsa,2023-09-12,14:48:10,1030,erbil,borsa,unknown,1560.0,iqborsa:city_line,https://t.me/iqborsa/1030
iqborsa,2023-09-12,18:11:19,1033,baghdad_generic,borsa,unknown,1554.5,iqborsa:city_line,https://t.me/iqborsa/1033
iqborsa,2023-09-12,18:11:19,1033,erbil,borsa,unknown,1559.5,iqborsa:city_line,https://t.me/iqborsa/1033
iqborsa,2023-09-12,18:11:19,1033,basra,borsa,unknown,1551.5,iqborsa:city_line,https://t.me/iqborsa/1033
iqborsa,2023-09-12,18:11:19,1033,kut,borsa,unknown,1558.0,iqborsa:city_line,https://t.me/iqborsa/1033
iqborsa,2023-09-12,18:11:19,1033,diwaniyah,borsa,unknown,1558.5,iqborsa:city_line,https://t.me/iqborsa/1033
iqborsa,2023-09-12,18:11:19,1033,tikrit,borsa,unknown,1559.0,iqborsa:city_line,https://t.me/iqborsa/1033
iqborsa,2023-09-12,18:11:19,1033,amarah,borsa,unknown,1558.5,iqborsa:city_line,https://t.me/iqborsa/1033
iqborsa,2023-09-12,18:11:19,1033,ramadi,borsa,unknown,1558.0,iqborsa:city_line,https://t.me/iqborsa/1033
iqborsa,2023-09-12,18:11:19,1033,samawah,borsa,unknown,1558.0,iqborsa:city_line,https://t.me/iqborsa/1033
iqborsa,2023-09-12,18:11:19,1033,nasiriyah,borsa,unknown,1558.0,iqborsa:city_line,https://t.me/iqborsa/1033
iqborsa,2023-09-12,18:11:19,1033,baqubah,borsa,unknown,1558.5,iqborsa:city_line,https://t.me/iqborsa/1033
iqborsa,2023-09-12,18:11:19,1033,hillah,borsa,unknown,1558.0,iqborsa:city_line,https://t.me/iqborsa/1033
iqborsa,2023-09-13,11:57:33,1036,baghdad_generic,borsa,unknown,1557.5,iqborsa:city_line,https://t.me/iqborsa/1036
iqborsa,2023-09-13,11:57:33,1036,basra,borsa,unknown,1552.5,iqborsa:city_line,https://t.me/iqborsa/1036
iqborsa,2023-09-13,11:57:33,1036,erbil,borsa,unknown,1564.5,iqborsa:city_line,https://t.me/iqborsa/1036
iqborsa,2023-09-13,13:34:36,1039,baghdad_generic,borsa,unknown,1561.0,iqborsa:city_line,https://t.me/iqborsa/1039
iqborsa,2023-09-13,15:09:15,1041,baghdad_generic,borsa,unknown,1559.0,iqborsa:city_line,https://t.me/iqborsa/1041
iqborsa,2023-09-13,17:07:40,1042,baghdad_generic,borsa,unknown,1555.0,iqborsa:city_line,https://t.me/iqborsa/1042
iqborsa,2023-09-13,20:06:07,1046,erbil,borsa,unknown,1556.5,iqborsa:city_line,https://t.me/iqborsa/1046
iqborsa,2023-09-14,12:27:48,1048,baghdad_generic,borsa,unknown,1559.5,iqborsa:city_line,https://t.me/iqborsa/1048
iqborsa,2023-09-14,12:27:48,1048,basra,borsa,unknown,1557.5,iqborsa:city_line,https://t.me/iqborsa/1048
iqborsa,2023-09-14,12:27:48,1048,erbil,borsa,unknown,1561.5,iqborsa:city_line,https://t.me/iqborsa/1048
iqborsa,2023-09-14,14:19:49,1049,baghdad_generic,borsa,unknown,1557.5,iqborsa:city_line,https://t.me/iqborsa/1049
iqborsa,2023-09-14,16:23:30,1051,basra,borsa,unknown,1553.5,iqborsa:city_line,https://t.me/iqborsa/1051
iqborsa,2023-09-15,14:05:05,1055,baghdad_generic,borsa,unknown,1558.0,iqborsa:city_line,https://t.me/iqborsa/1055
iqborsa,2023-09-15,19:13:37,1056,erbil,borsa,unknown,1558.5,iqborsa:city_line,https://t.me/iqborsa/1056
iqborsa,2023-09-16,11:31:21,1059,baghdad_generic,borsa,unknown,1561.5,iqborsa:city_line,https://t.me/iqborsa/1059
iqborsa,2023-09-16,11:31:21,1059,basra,borsa,unknown,1558.0,iqborsa:city_line,https://t.me/iqborsa/1059
iqborsa,2023-09-16,12:55:06,1060,baghdad_generic,borsa,unknown,1560.0,iqborsa:city_line,https://t.me/iqborsa/1060
iqborsa,2023-09-16,15:54:51,1062,baghdad_generic,borsa,unknown,1561.0,iqborsa:city_line,https://t.me/iqborsa/1062
iqborsa,2023-09-16,15:54:51,1062,basra,borsa,unknown,1559.0,iqborsa:city_line,https://t.me/iqborsa/1062
iqborsa,2023-09-16,15:54:51,1062,erbil,borsa,unknown,1560.0,iqborsa:city_line,https://t.me/iqborsa/1062
iqborsa,2023-09-16,22:04:49,1063,erbil,borsa,unknown,1559.5,iqborsa:city_line,https://t.me/iqborsa/1063
iqborsa,2023-09-17,12:46:04,1064,baghdad_generic,borsa,unknown,1567.5,iqborsa:city_line,https://t.me/iqborsa/1064
iqborsa,2023-09-17,12:46:04,1064,basra,borsa,unknown,1555.0,iqborsa:city_line,https://t.me/iqborsa/1064
iqborsa,2023-09-17,12:46:04,1064,erbil,borsa,unknown,1564.5,iqborsa:city_line,https://t.me/iqborsa/1064
iqborsa,2023-09-17,13:14:06,1066,baghdad_generic,borsa,unknown,1568.0,iqborsa:city_line,https://t.me/iqborsa/1066
iqborsa,2023-09-17,13:15:47,1067,baghdad_generic,borsa,unknown,1569.0,iqborsa:city_line,https://t.me/iqborsa/1067
iqborsa,2023-09-17,13:23:23,1068,baghdad_generic,borsa,unknown,1570.0,iqborsa:short_city_line,https://t.me/iqborsa/1068
iqborsa,2023-09-17,14:14:18,1069,baghdad_generic,borsa,unknown,1575.0,iqborsa:city_line,https://t.me/iqborsa/1069
iqborsa,2023-09-17,16:31:57,1072,erbil,borsa,unknown,1566.0,iqborsa:city_line,https://t.me/iqborsa/1072
iqborsa,2023-09-17,19:45:21,1073,baghdad_generic,borsa,unknown,1572.0,iqborsa:city_line,https://t.me/iqborsa/1073
iqborsa,2023-09-18,12:13:17,1075,baghdad_generic,borsa,unknown,1584.5,iqborsa:city_line,https://t.me/iqborsa/1075
iqborsa,2023-09-18,12:13:17,1075,basra,borsa,unknown,1581.0,iqborsa:city_line,https://t.me/iqborsa/1075
iqborsa,2023-09-18,12:13:17,1075,erbil,borsa,unknown,1577.5,iqborsa:city_line,https://t.me/iqborsa/1075
iqborsa,2023-09-18,12:45:21,1076,baghdad_generic,borsa,unknown,1585.0,iqborsa:city_line,https://t.me/iqborsa/1076
iqborsa,2023-09-18,14:00:00,1077,erbil,borsa,unknown,1575.0,iqborsa:city_line,https://t.me/iqborsa/1077
iqborsa,2023-09-18,14:28:06,1078,baghdad_generic,borsa,unknown,1582.5,iqborsa:city_line,https://t.me/iqborsa/1078
iqborsa,2023-09-18,17:34:28,1082,baghdad_generic,borsa,unknown,1577.5,iqborsa:city_line,https://t.me/iqborsa/1082
iqborsa,2023-09-19,11:27:50,1086,baghdad_generic,borsa,unknown,1580.0,iqborsa:city_line,https://t.me/iqborsa/1086
iqborsa,2023-09-19,11:27:50,1086,basra,borsa,unknown,1577.5,iqborsa:city_line,https://t.me/iqborsa/1086
iqborsa,2023-09-19,11:27:50,1086,erbil,borsa,unknown,1573.5,iqborsa:city_line,https://t.me/iqborsa/1086
iqborsa,2023-09-19,11:55:31,1089,baghdad_generic,borsa,unknown,1579.0,iqborsa:city_line,https://t.me/iqborsa/1089
iqborsa,2023-09-19,12:23:39,1090,baghdad_generic,borsa,unknown,1577.0,iqborsa:city_line,https://t.me/iqborsa/1090
iqborsa,2023-09-19,12:36:24,1091,baghdad_generic,borsa,unknown,1569.0,iqborsa:city_line,https://t.me/iqborsa/1091
iqborsa,2023-09-19,12:54:34,1092,baghdad_generic,borsa,unknown,1572.0,iqborsa:city_line,https://t.me/iqborsa/1092
iqborsa,2023-09-19,13:17:34,1094,baghdad_generic,borsa,unknown,1568.0,iqborsa:city_line,https://t.me/iqborsa/1094
iqborsa,2023-09-19,13:35:53,1097,baghdad_generic,borsa,unknown,1563.0,iqborsa:city_line,https://t.me/iqborsa/1097
iqborsa,2023-09-19,13:51:25,1098,baghdad_generic,borsa,unknown,1562.0,iqborsa:city_line,https://t.me/iqborsa/1098
iqborsa,2023-09-19,14:00:38,1100,baghdad_generic,borsa,unknown,1559.0,iqborsa:city_line,https://t.me/iqborsa/1100
iqborsa,2023-09-19,14:11:11,1103,baghdad_generic,borsa,unknown,1554.0,iqborsa:city_line,https://t.me/iqborsa/1103
iqborsa,2023-09-20,12:37:33,1113,baghdad_generic,borsa,unknown,1565.0,iqborsa:city_line,https://t.me/iqborsa/1113
iqborsa,2023-09-20,12:37:33,1113,basra,borsa,unknown,1564.0,iqborsa:city_line,https://t.me/iqborsa/1113
iqborsa,2023-09-20,12:37:33,1113,erbil,borsa,unknown,1560.0,iqborsa:city_line,https://t.me/iqborsa/1113
iqborsa,2023-09-20,12:59:22,1114,baghdad_generic,borsa,unknown,1563.5,iqborsa:city_line,https://t.me/iqborsa/1114
iqborsa,2023-09-20,13:08:24,1115,erbil,borsa,unknown,1559.0,iqborsa:city_line,https://t.me/iqborsa/1115
iqborsa,2023-09-20,13:51:54,1116,baghdad_generic,borsa,unknown,1567.0,iqborsa:city_line,https://t.me/iqborsa/1116
iqborsa,2023-09-20,14:05:40,1117,erbil,borsa,unknown,1562.0,iqborsa:city_line,https://t.me/iqborsa/1117
iqborsa,2023-09-20,14:46:30,1119,baghdad_generic,borsa,unknown,1565.0,iqborsa:city_line,https://t.me/iqborsa/1119
iqborsa,2023-09-20,14:46:30,1119,basra,borsa,unknown,1564.0,iqborsa:city_line,https://t.me/iqborsa/1119
iqborsa,2023-09-20,14:46:30,1119,erbil,borsa,unknown,1561.0,iqborsa:city_line,https://t.me/iqborsa/1119
iqborsa,2023-09-20,15:16:18,1120,baghdad_generic,borsa,unknown,1563.0,iqborsa:city_line,https://t.me/iqborsa/1120
iqborsa,2023-09-20,19:07:02,1121,erbil,borsa,unknown,1559.5,iqborsa:city_line,https://t.me/iqborsa/1121
iqborsa,2023-09-21,09:54:41,1127,basra,borsa,unknown,1561.0,iqborsa:city_line,https://t.me/iqborsa/1127
iqborsa,2023-09-21,09:54:41,1127,erbil,borsa,unknown,1561.5,iqborsa:city_line,https://t.me/iqborsa/1127
iqborsa,2023-09-21,12:09:43,1129,baghdad_generic,borsa,unknown,1559.0,iqborsa:city_line,https://t.me/iqborsa/1129
iqborsa,2023-09-21,12:09:43,1129,erbil,borsa,unknown,1552.0,iqborsa:city_line,https://t.me/iqborsa/1129
iqborsa,2023-09-21,12:09:43,1129,basra,borsa,unknown,1558.0,iqborsa:city_line,https://t.me/iqborsa/1129
iqborsa,2023-09-21,12:16:23,1130,baghdad_generic,borsa,unknown,1558.0,iqborsa:city_line,https://t.me/iqborsa/1130
iqborsa,2023-09-21,12:20:15,1132,baghdad_generic,borsa,unknown,1557.0,iqborsa:city_line,https://t.me/iqborsa/1132
iqborsa,2023-09-21,12:28:16,1134,erbil,borsa,unknown,1549.5,iqborsa:city_line,https://t.me/iqborsa/1134
iqborsa,2023-09-21,12:58:49,1135,erbil,borsa,unknown,1548.0,iqborsa:city_line,https://t.me/iqborsa/1135
iqborsa,2023-09-21,13:02:31,1136,erbil,borsa,unknown,1546.0,iqborsa:city_line,https://t.me/iqborsa/1136
iqborsa,2023-09-21,13:04:21,1137,baghdad_generic,borsa,unknown,1555.0,iqborsa:city_line,https://t.me/iqborsa/1137
iqborsa,2023-09-21,13:12:09,1139,baghdad_generic,borsa,unknown,1553.0,iqborsa:city_line,https://t.me/iqborsa/1139
iqborsa,2023-09-21,13:47:37,1141,baghdad_generic,borsa,unknown,1552.5,iqborsa:city_line,https://t.me/iqborsa/1141
iqborsa,2023-09-21,14:10:29,1142,baghdad_generic,borsa,unknown,1554.5,iqborsa:city_line,https://t.me/iqborsa/1142
iqborsa,2023-09-21,14:37:02,1144,baghdad_generic,borsa,unknown,1553.0,iqborsa:city_line,https://t.me/iqborsa/1144
iqborsa,2023-09-21,19:38:20,1145,basra,borsa,unknown,1552.0,iqborsa:city_line,https://t.me/iqborsa/1145
iqborsa,2023-09-22,15:11:26,1149,erbil,borsa,unknown,1552.0,iqborsa:city_line,https://t.me/iqborsa/1149
iqborsa,2023-09-22,21:29:41,1151,baghdad_generic,borsa,unknown,1555.0,iqborsa:city_line,https://t.me/iqborsa/1151
iqborsa,2023-09-23,12:17:51,1152,baghdad_generic,borsa,unknown,1555.0,iqborsa:city_line,https://t.me/iqborsa/1152
iqborsa,2023-09-23,12:17:51,1152,basra,borsa,unknown,1558.5,iqborsa:city_line,https://t.me/iqborsa/1152
iqborsa,2023-09-23,13:37:08,1157,erbil,borsa,unknown,1549.0,iqborsa:city_line,https://t.me/iqborsa/1157
iqborsa,2023-09-23,14:17:45,1160,erbil,borsa,unknown,1545.5,iqborsa:city_line,https://t.me/iqborsa/1160
iqborsa,2023-09-23,14:21:47,1162,baghdad_generic,borsa,unknown,1550.0,iqborsa:city_line,https://t.me/iqborsa/1162
iqborsa,2023-09-23,16:08:20,1166,erbil,borsa,unknown,1544.0,iqborsa:city_line,https://t.me/iqborsa/1166
iqborsa,2023-09-23,17:51:48,1168,baghdad_generic,borsa,unknown,1548.0,iqborsa:city_line,https://t.me/iqborsa/1168
iqborsa,2023-09-23,18:50:19,1169,erbil,borsa,unknown,1541.0,iqborsa:city_line,https://t.me/iqborsa/1169
iqborsa,2023-09-23,20:01:49,1171,erbil,borsa,unknown,1539.5,iqborsa:city_line,https://t.me/iqborsa/1171
iqborsa,2023-09-23,20:58:16,1174,erbil,borsa,unknown,1538.5,iqborsa:city_line,https://t.me/iqborsa/1174
iqborsa,2023-09-23,21:46:04,1176,baghdad_generic,borsa,unknown,1546.0,iqborsa:city_line,https://t.me/iqborsa/1176
iqborsa,2023-09-23,21:46:04,1176,erbil,borsa,unknown,1535.0,iqborsa:city_line,https://t.me/iqborsa/1176
iqborsa,2023-09-23,22:07:28,1177,erbil,borsa,unknown,1534.0,iqborsa:city_line,https://t.me/iqborsa/1177
iqborsa,2023-09-24,09:33:45,1181,erbil,borsa,unknown,1538.5,iqborsa:city_line,https://t.me/iqborsa/1181
iqborsa,2023-09-24,09:41:24,1182,baghdad_generic,borsa,unknown,1541.0,iqborsa:city_line,https://t.me/iqborsa/1182
iqborsa,2023-09-24,11:01:42,1183,baghdad_generic,borsa,unknown,1534.5,iqborsa:city_line,https://t.me/iqborsa/1183
iqborsa,2023-09-24,11:06:12,1184,erbil,borsa,unknown,1527.0,iqborsa:city_line,https://t.me/iqborsa/1184
iqborsa,2023-09-24,11:10:42,1185,baghdad_generic,borsa,unknown,1530.0,iqborsa:city_line,https://t.me/iqborsa/1185
iqborsa,2023-09-24,11:29:19,1186,baghdad_generic,borsa,unknown,1527.0,iqborsa:city_line,https://t.me/iqborsa/1186
iqborsa,2023-09-24,11:30:52,1187,erbil,borsa,unknown,1523.5,iqborsa:city_line,https://t.me/iqborsa/1187
iqborsa,2023-09-24,11:36:31,1189,basra,borsa,unknown,1528.0,iqborsa:city_line,https://t.me/iqborsa/1189
iqborsa,2023-09-24,11:41:01,1191,baghdad_generic,borsa,unknown,1523.0,iqborsa:city_line,https://t.me/iqborsa/1191
iqborsa,2023-09-24,11:47:11,1192,erbil,borsa,unknown,1529.0,iqborsa:city_line,https://t.me/iqborsa/1192
iqborsa,2023-09-24,12:00:32,1193,baghdad_generic,borsa,unknown,1533.5,iqborsa:city_line,https://t.me/iqborsa/1193
iqborsa,2023-09-24,12:07:01,1194,erbil,borsa,unknown,1530.0,iqborsa:city_line,https://t.me/iqborsa/1194
iqborsa,2023-09-24,12:14:43,1196,baghdad_generic,borsa,unknown,1535.5,iqborsa:city_line,https://t.me/iqborsa/1196
iqborsa,2023-09-24,12:26:06,1197,baghdad_generic,borsa,unknown,1534.0,iqborsa:city_line,https://t.me/iqborsa/1197
iqborsa,2023-09-24,16:45:25,1198,erbil,borsa,unknown,1535.0,iqborsa:city_line,https://t.me/iqborsa/1198
iqborsa,2023-09-24,21:30:06,1203,baghdad_generic,borsa,unknown,1542.0,iqborsa:city_line,https://t.me/iqborsa/1203
iqborsa,2023-09-25,10:06:02,1206,baghdad_generic,borsa,unknown,1541.0,iqborsa:city_line,https://t.me/iqborsa/1206
iqborsa,2023-09-25,10:14:54,1207,erbil,borsa,unknown,1543.5,iqborsa:city_line,https://t.me/iqborsa/1207
iqborsa,2023-09-25,11:04:37,1208,baghdad_generic,borsa,unknown,1548.5,iqborsa:city_line,https://t.me/iqborsa/1208
iqborsa,2023-09-25,12:06:09,1209,baghdad_generic,borsa,unknown,1552.0,iqborsa:city_line,https://t.me/iqborsa/1209
iqborsa,2023-09-25,12:20:31,1211,baghdad_generic,borsa,unknown,1550.0,iqborsa:city_line,https://t.me/iqborsa/1211
iqborsa,2023-09-25,12:26:54,1213,erbil,borsa,unknown,1544.5,iqborsa:city_line,https://t.me/iqborsa/1213
iqborsa,2023-09-25,12:33:28,1214,basra,borsa,unknown,1549.0,iqborsa:city_line,https://t.me/iqborsa/1214
iqborsa,2023-09-25,13:07:55,1215,erbil,borsa,unknown,1542.0,iqborsa:city_line,https://t.me/iqborsa/1215
iqborsa,2023-09-25,13:21:44,1216,baghdad_generic,borsa,unknown,1545.0,iqborsa:city_line,https://t.me/iqborsa/1216
iqborsa,2023-09-25,13:42:36,1218,erbil,borsa,unknown,1541.0,iqborsa:city_line,https://t.me/iqborsa/1218
iqborsa,2023-09-25,14:30:41,1220,baghdad_generic,borsa,unknown,1547.5,iqborsa:city_line,https://t.me/iqborsa/1220
iqborsa,2023-09-25,17:02:54,1227,erbil,borsa,unknown,1539.0,iqborsa:city_line,https://t.me/iqborsa/1227
iqborsa,2023-09-25,19:52:46,1229,erbil,borsa,unknown,1538.5,iqborsa:city_line,https://t.me/iqborsa/1229
iqborsa,2023-09-25,20:39:19,1230,baghdad_generic,borsa,unknown,1545.0,iqborsa:city_line,https://t.me/iqborsa/1230
iqborsa,2023-09-26,10:02:59,1236,erbil,borsa,unknown,1539.5,iqborsa:city_line,https://t.me/iqborsa/1236
iqborsa,2023-09-26,10:12:31,1237,baghdad_generic,borsa,unknown,1546.0,iqborsa:city_line,https://t.me/iqborsa/1237
iqborsa,2023-09-26,11:35:01,1238,baghdad_generic,borsa,unknown,1543.0,iqborsa:city_line,https://t.me/iqborsa/1238
iqborsa,2023-09-26,11:41:41,1239,baghdad_generic,borsa,unknown,1544.0,iqborsa:city_line,https://t.me/iqborsa/1239
iqborsa,2023-09-26,11:44:17,1240,erbil,borsa,unknown,1538.0,iqborsa:city_line,https://t.me/iqborsa/1240
iqborsa,2023-09-26,12:00:14,1242,erbil,borsa,unknown,1537.0,iqborsa:city_line,https://t.me/iqborsa/1242
iqborsa,2023-09-26,12:16:04,1243,baghdad_generic,borsa,unknown,1543.0,iqborsa:city_line,https://t.me/iqborsa/1243
iqborsa,2023-09-26,13:07:40,1245,baghdad_generic,borsa,unknown,1547.0,iqborsa:city_line,https://t.me/iqborsa/1245
iqborsa,2023-09-26,14:04:47,1248,baghdad_generic,borsa,unknown,1561.0,iqborsa:city_line,https://t.me/iqborsa/1248
iqborsa,2023-09-26,14:29:26,1249,baghdad_generic,borsa,unknown,1555.0,iqborsa:city_line,https://t.me/iqborsa/1249
iqborsa,2023-09-26,20:06:07,1251,baghdad_generic,borsa,unknown,1552.5,iqborsa:city_line,https://t.me/iqborsa/1251
iqborsa,2023-09-26,22:05:28,1253,erbil,borsa,unknown,1551.0,iqborsa:city_line,https://t.me/iqborsa/1253
iqborsa,2023-09-26,22:51:24,1254,baghdad_generic,borsa,unknown,1559.0,iqborsa:city_line,https://t.me/iqborsa/1254
iqborsa,2023-09-27,10:40:55,1260,baghdad_generic,borsa,unknown,1562.0,iqborsa:city_line,https://t.me/iqborsa/1260
iqborsa,2023-09-27,11:56:52,1261,erbil,borsa,unknown,1550.0,iqborsa:city_line,https://t.me/iqborsa/1261
iqborsa,2023-09-27,11:59:11,1262,baghdad_generic,borsa,unknown,1557.0,iqborsa:city_line,https://t.me/iqborsa/1262
iqborsa,2023-09-27,12:09:40,1263,baghdad_generic,borsa,unknown,1555.0,iqborsa:city_line,https://t.me/iqborsa/1263
iqborsa,2023-09-27,13:32:00,1264,baghdad_generic,borsa,unknown,1557.5,iqborsa:city_line,https://t.me/iqborsa/1264
iqborsa,2023-09-27,13:48:23,1265,baghdad_generic,borsa,unknown,1559.0,iqborsa:city_line,https://t.me/iqborsa/1265
iqborsa,2023-09-27,13:48:23,1265,basra,borsa,unknown,1561.5,iqborsa:city_line,https://t.me/iqborsa/1265
iqborsa,2023-09-27,13:48:23,1265,erbil,borsa,unknown,1552.5,iqborsa:city_line,https://t.me/iqborsa/1265
iqborsa,2023-09-27,18:02:27,1266,baghdad_generic,borsa,unknown,1555.0,iqborsa:city_line,https://t.me/iqborsa/1266
iqborsa,2023-09-28,10:03:18,1271,baghdad_generic,borsa,unknown,1557.5,iqborsa:city_line,https://t.me/iqborsa/1271
iqborsa,2023-09-28,11:51:32,1272,basra,borsa,unknown,1560.0,iqborsa:city_line,https://t.me/iqborsa/1272
iqborsa,2023-09-28,12:02:51,1274,erbil,borsa,unknown,1551.0,iqborsa:city_line,https://t.me/iqborsa/1274
iqborsa,2023-09-28,13:01:39,1275,baghdad_generic,borsa,unknown,1560.0,iqborsa:city_line,https://t.me/iqborsa/1275
iqborsa,2023-09-28,13:29:21,1276,baghdad_generic,borsa,unknown,1559.0,iqborsa:city_line,https://t.me/iqborsa/1276
iqborsa,2023-09-28,15:00:08,1277,baghdad_generic,borsa,unknown,1557.0,iqborsa:city_line,https://t.me/iqborsa/1277
iqborsa,2023-09-28,15:04:26,1278,baghdad_generic,borsa,unknown,1555.0,iqborsa:city_line,https://t.me/iqborsa/1278
iqborsa,2023-09-28,16:41:34,1282,erbil,borsa,unknown,1555.0,iqborsa:city_line,https://t.me/iqborsa/1282
iqborsa,2023-09-28,20:01:05,1283,baghdad_generic,borsa,unknown,1557.0,iqborsa:city_line,https://t.me/iqborsa/1283
iqborsa,2023-09-29,13:53:40,1287,baghdad_generic,borsa,unknown,1559.0,iqborsa:city_line,https://t.me/iqborsa/1287
iqborsa,2023-09-29,14:00:03,1288,erbil,borsa,unknown,1554.0,iqborsa:city_line,https://t.me/iqborsa/1288
iqborsa,2023-09-29,19:24:06,1289,erbil,borsa,unknown,1556.0,iqborsa:city_line,https://t.me/iqborsa/1289
iqborsa,2023-09-29,19:24:44,1290,baghdad_generic,borsa,unknown,1558.5,iqborsa:city_line,https://t.me/iqborsa/1290
iqborsa,2023-09-29,20:27:53,1291,erbil,borsa,unknown,1554.5,iqborsa:city_line,https://t.me/iqborsa/1291
iqborsa,2023-09-30,12:00:55,1296,baghdad_generic,borsa,unknown,1557.0,iqborsa:city_line,https://t.me/iqborsa/1296
iqborsa,2023-09-30,12:37:50,1305,baghdad_generic,borsa,unknown,1559.0,iqborsa:city_line,https://t.me/iqborsa/1305
iqborsa,2023-09-30,12:37:50,1305,erbil,borsa,unknown,1554.5,iqborsa:city_line,https://t.me/iqborsa/1305
iqborsa,2023-09-30,12:37:50,1305,basra,borsa,unknown,1559.0,iqborsa:city_line,https://t.me/iqborsa/1305
iqborsa,2023-09-30,13:36:39,1306,baghdad_generic,borsa,unknown,1557.0,iqborsa:city_line,https://t.me/iqborsa/1306
iqborsa,2023-09-30,13:54:16,1307,baghdad_generic,borsa,unknown,1556.0,iqborsa:city_line,https://t.me/iqborsa/1307
iqborsa,2023-10-01,10:14:45,1313,baghdad_generic,borsa,unknown,1558.0,iqborsa:city_line,https://t.me/iqborsa/1313
iqborsa,2023-10-01,10:14:45,1313,erbil,borsa,unknown,1555.0,iqborsa:city_line,https://t.me/iqborsa/1313
iqborsa,2023-10-01,10:14:45,1313,basra,borsa,unknown,1557.5,iqborsa:city_line,https://t.me/iqborsa/1313
iqborsa,2023-10-01,11:04:53,1314,baghdad_generic,borsa,unknown,1557.0,iqborsa:city_line,https://t.me/iqborsa/1314
iqborsa,2023-10-01,12:17:48,1317,baghdad_generic,borsa,unknown,1558.0,iqborsa:city_line,https://t.me/iqborsa/1317
iqborsa,2023-10-01,16:35:24,1320,erbil,borsa,unknown,1561.0,iqborsa:city_line,https://t.me/iqborsa/1320
iqborsa,2023-10-01,16:41:27,1321,baghdad_generic,borsa,unknown,1559.0,iqborsa:city_line,https://t.me/iqborsa/1321
iqborsa,2023-10-02,10:11:52,1323,baghdad_generic,borsa,unknown,1562.0,iqborsa:city_line,https://t.me/iqborsa/1323
iqborsa,2023-10-02,10:11:52,1323,erbil,borsa,unknown,1565.0,iqborsa:city_line,https://t.me/iqborsa/1323
iqborsa,2023-10-02,10:11:52,1323,basra,borsa,unknown,1563.0,iqborsa:city_line,https://t.me/iqborsa/1323
iqborsa,2023-10-02,11:20:03,1324,baghdad_generic,borsa,unknown,1565.0,iqborsa:city_line,https://t.me/iqborsa/1324
iqborsa,2023-10-02,13:00:34,1326,baghdad_generic,borsa,unknown,1568.0,iqborsa:city_line,https://t.me/iqborsa/1326
iqborsa,2023-10-02,13:00:34,1326,erbil,borsa,unknown,1569.0,iqborsa:city_line,https://t.me/iqborsa/1326
iqborsa,2023-10-02,13:38:19,1327,erbil,borsa,unknown,1567.0,iqborsa:city_line,https://t.me/iqborsa/1327
iqborsa,2023-10-02,13:53:28,1328,baghdad_generic,borsa,unknown,1565.0,iqborsa:city_line,https://t.me/iqborsa/1328
iqborsa,2023-10-02,17:49:34,1330,baghdad_generic,borsa,unknown,1566.5,iqborsa:city_line,https://t.me/iqborsa/1330
iqborsa,2023-10-02,17:49:34,1330,erbil,borsa,unknown,1568.5,iqborsa:city_line,https://t.me/iqborsa/1330
iqborsa,2023-10-02,17:49:34,1330,basra,borsa,unknown,1565.5,iqborsa:city_line,https://t.me/iqborsa/1330
iqborsa,2023-10-02,20:41:11,1332,baghdad_generic,borsa,unknown,1565.5,iqborsa:city_line,https://t.me/iqborsa/1332
iqborsa,2023-10-03,11:17:43,1336,baghdad_generic,borsa,unknown,1569.0,iqborsa:city_line,https://t.me/iqborsa/1336
iqborsa,2023-10-03,11:17:43,1336,erbil,borsa,unknown,1568.0,iqborsa:city_line,https://t.me/iqborsa/1336
iqborsa,2023-10-03,22:16:24,1340,baghdad_generic,borsa,unknown,1567.5,iqborsa:city_line,https://t.me/iqborsa/1340
iqborsa,2023-10-04,11:44:43,1344,erbil,borsa,unknown,1569.0,iqborsa:city_line,https://t.me/iqborsa/1344
iqborsa,2023-10-04,11:51:16,1345,baghdad_generic,borsa,unknown,1568.5,iqborsa:city_line,https://t.me/iqborsa/1345
iqborsa,2023-10-04,13:28:42,1346,baghdad_generic,borsa,unknown,1569.0,iqborsa:city_line,https://t.me/iqborsa/1346
iqborsa,2023-10-04,15:46:31,1347,erbil,borsa,unknown,1567.0,iqborsa:city_line,https://t.me/iqborsa/1347
iqborsa,2023-10-04,18:21:33,1349,baghdad_generic,borsa,unknown,1565.5,iqborsa:city_line,https://t.me/iqborsa/1349
iqborsa,2023-10-04,22:55:22,1351,erbil,borsa,unknown,1563.0,iqborsa:city_line,https://t.me/iqborsa/1351
iqborsa,2023-10-05,10:06:15,1352,baghdad_generic,borsa,unknown,1566.0,iqborsa:city_line,https://t.me/iqborsa/1352
iqborsa,2023-10-05,10:06:15,1352,erbil,borsa,unknown,1564.0,iqborsa:city_line,https://t.me/iqborsa/1352
iqborsa,2023-10-05,10:06:15,1352,basra,borsa,unknown,1566.5,iqborsa:city_line,https://t.me/iqborsa/1352
iqborsa,2023-10-05,15:27:24,1360,baghdad_generic,borsa,unknown,1569.0,iqborsa:city_line,https://t.me/iqborsa/1360
iqborsa,2023-10-05,16:31:17,1365,erbil,borsa,unknown,1572.0,iqborsa:city_line,https://t.me/iqborsa/1365
iqborsa,2023-10-05,20:09:16,1366,erbil,borsa,unknown,1569.5,iqborsa:city_line,https://t.me/iqborsa/1366
iqborsa,2023-10-05,21:28:06,1368,baghdad_generic,borsa,unknown,1572.5,iqborsa:city_line,https://t.me/iqborsa/1368
iqborsa,2023-10-06,14:05:24,1373,baghdad_generic,borsa,unknown,1576.0,iqborsa:city_line,https://t.me/iqborsa/1373
iqborsa,2023-10-06,14:44:24,1375,erbil,borsa,unknown,1570.0,iqborsa:city_line,https://t.me/iqborsa/1375
iqborsa,2023-10-06,14:44:40,1376,baghdad_generic,borsa,unknown,1574.0,iqborsa:city_line,https://t.me/iqborsa/1376
iqborsa,2023-10-06,17:18:08,1378,erbil,borsa,unknown,1600.0,iqborsa:city_line,https://t.me/iqborsa/1378
iqborsa,2023-10-06,17:46:11,1380,baghdad_generic,borsa,unknown,1580.0,iqborsa:city_line,https://t.me/iqborsa/1380
iqborsa,2023-10-06,17:49:38,1381,baghdad_generic,borsa,unknown,1598.0,iqborsa:city_line,https://t.me/iqborsa/1381
iqborsa,2023-10-06,18:13:16,1383,erbil,borsa,unknown,1615.0,iqborsa:city_line,https://t.me/iqborsa/1383
iqborsa,2023-10-06,18:23:07,1384,erbil,borsa,unknown,1615.0,iqborsa:city_line,https://t.me/iqborsa/1384
iqborsa,2023-10-06,18:37:38,1385,erbil,borsa,unknown,1590.0,iqborsa:city_line,https://t.me/iqborsa/1385
iqborsa,2023-10-06,18:37:47,1386,baghdad_generic,borsa,unknown,1589.0,iqborsa:city_line,https://t.me/iqborsa/1386
iqborsa,2023-10-06,18:56:14,1387,erbil,borsa,unknown,1588.0,iqborsa:city_line,https://t.me/iqborsa/1387
iqborsa,2023-10-06,19:57:19,1392,erbil,borsa,unknown,1588.0,iqborsa:city_line,https://t.me/iqborsa/1392
iqborsa,2023-10-06,20:04:08,1394,baghdad_generic,borsa,unknown,1574.0,iqborsa:city_line,https://t.me/iqborsa/1394
iqborsa,2023-10-06,20:17:26,1396,baghdad_generic,borsa,unknown,1579.5,iqborsa:city_line,https://t.me/iqborsa/1396
iqborsa,2023-10-06,20:18:34,1397,erbil,borsa,unknown,1592.5,iqborsa:city_line,https://t.me/iqborsa/1397
iqborsa,2023-10-06,20:21:18,1398,baghdad_generic,borsa,unknown,1579.0,iqborsa:city_line,https://t.me/iqborsa/1398
iqborsa,2023-10-06,20:25:52,1399,erbil,borsa,unknown,1585.0,iqborsa:city_line,https://t.me/iqborsa/1399
iqborsa,2023-10-06,20:33:54,1400,erbil,borsa,unknown,1583.0,iqborsa:city_line,https://t.me/iqborsa/1400
iqborsa,2023-10-06,20:46:05,1403,baghdad_generic,borsa,unknown,1574.0,iqborsa:city_line,https://t.me/iqborsa/1403
iqborsa,2023-10-07,12:31:37,1407,basra,borsa,unknown,1581.0,iqborsa:city_line,https://t.me/iqborsa/1407
iqborsa,2023-10-07,12:31:47,1408,baghdad_generic,borsa,unknown,1585.0,iqborsa:city_line,https://t.me/iqborsa/1408
iqborsa,2023-10-07,12:53:17,1409,baghdad_generic,borsa,unknown,1586.0,iqborsa:city_line,https://t.me/iqborsa/1409
iqborsa,2023-10-07,13:29:24,1410,baghdad_generic,borsa,unknown,1588.0,iqborsa:city_line,https://t.me/iqborsa/1410
iqborsa,2023-10-07,13:38:33,1411,baghdad_generic,borsa,unknown,1589.0,iqborsa:city_line,https://t.me/iqborsa/1411
iqborsa,2023-10-07,14:23:15,1413,baghdad_generic,borsa,unknown,1590.0,iqborsa:city_line,https://t.me/iqborsa/1413
iqborsa,2023-10-07,14:34:34,1414,baghdad_generic,borsa,unknown,1591.5,iqborsa:city_line,https://t.me/iqborsa/1414
iqborsa,2023-10-07,16:29:03,1420,baghdad_generic,borsa,unknown,1586.5,iqborsa:city_line,https://t.me/iqborsa/1420
iqborsa,2023-10-07,17:32:49,1421,baghdad_generic,borsa,unknown,1584.0,iqborsa:city_line,https://t.me/iqborsa/1421
iqborsa,2023-10-07,17:47:15,1422,erbil,borsa,unknown,1581.0,iqborsa:city_line,https://t.me/iqborsa/1422
iqborsa,2023-10-07,18:58:46,1423,erbil,borsa,unknown,1578.0,iqborsa:city_line,https://t.me/iqborsa/1423
iqborsa,2023-10-07,20:31:40,1424,erbil,borsa,unknown,1575.5,iqborsa:city_line,https://t.me/iqborsa/1424
iqborsa,2023-10-08,10:08:21,1427,baghdad_generic,borsa,unknown,1583.5,iqborsa:city_line,https://t.me/iqborsa/1427
iqborsa,2023-10-08,11:48:06,1428,baghdad_generic,borsa,unknown,1592.5,iqborsa:city_line,https://t.me/iqborsa/1428
iqborsa,2023-10-08,12:43:20,1429,baghdad_generic,borsa,unknown,1587.0,iqborsa:city_line,https://t.me/iqborsa/1429
iqborsa,2023-10-08,14:41:15,1431,baghdad_generic,borsa,unknown,1592.0,iqborsa:city_line,https://t.me/iqborsa/1431
iqborsa,2023-10-08,14:58:42,1433,erbil,borsa,unknown,1587.5,iqborsa:city_line,https://t.me/iqborsa/1433
iqborsa,2023-10-08,15:01:12,1434,baghdad_generic,borsa,unknown,1588.0,iqborsa:city_line,https://t.me/iqborsa/1434
iqborsa,2023-10-08,19:57:57,1439,baghdad_generic,borsa,unknown,1588.5,iqborsa:city_line,https://t.me/iqborsa/1439
iqborsa,2023-10-08,21:14:47,1442,baghdad_generic,borsa,unknown,1589.5,iqborsa:city_line,https://t.me/iqborsa/1442
iqborsa,2023-10-09,10:09:50,1448,baghdad_generic,borsa,unknown,1593.0,iqborsa:city_line,https://t.me/iqborsa/1448
iqborsa,2023-10-09,10:33:06,1451,baghdad_generic,borsa,unknown,1595.0,iqborsa:city_line,https://t.me/iqborsa/1451
iqborsa,2023-10-09,10:49:10,1454,baghdad_generic,borsa,unknown,1594.5,iqborsa:city_line,https://t.me/iqborsa/1454
iqborsa,2023-10-09,12:12:09,1456,baghdad_generic,borsa,unknown,1600.0,iqborsa:city_line,https://t.me/iqborsa/1456
iqborsa,2023-10-09,12:25:38,1457,baghdad_generic,borsa,unknown,1602.0,iqborsa:city_line,https://t.me/iqborsa/1457
iqborsa,2023-10-09,12:33:21,1459,baghdad_generic,borsa,unknown,1604.0,iqborsa:city_line,https://t.me/iqborsa/1459
iqborsa,2023-10-09,16:20:51,1465,baghdad_generic,borsa,unknown,1606.0,iqborsa:city_line,https://t.me/iqborsa/1465
iqborsa,2023-10-09,18:28:21,1466,baghdad_generic,borsa,unknown,1611.5,iqborsa:city_line,https://t.me/iqborsa/1466
iqborsa,2023-10-09,18:39:40,1467,erbil,borsa,unknown,1608.0,iqborsa:city_line,https://t.me/iqborsa/1467
iqborsa,2023-10-09,19:00:25,1468,baghdad_generic,borsa,unknown,1614.5,iqborsa:city_line,https://t.me/iqborsa/1468
iqborsa,2023-10-09,20:00:06,1469,erbil,borsa,unknown,1625.0,iqborsa:city_line,https://t.me/iqborsa/1469
iqborsa,2023-10-09,20:43:58,1470,basra,borsa,unknown,1621.0,iqborsa:city_line,https://t.me/iqborsa/1470
iqborsa,2023-10-10,10:12:22,1473,baghdad_generic,borsa,unknown,1630.0,iqborsa:city_line,https://t.me/iqborsa/1473
iqborsa,2023-10-10,10:37:53,1474,baghdad_generic,borsa,unknown,1635.0,iqborsa:city_line,https://t.me/iqborsa/1474
iqborsa,2023-10-10,11:39:02,1475,baghdad_generic,borsa,unknown,1629.0,iqborsa:city_line,https://t.me/iqborsa/1475
iqborsa,2023-10-10,12:27:40,1479,baghdad_generic,borsa,unknown,1629.5,iqborsa:city_line,https://t.me/iqborsa/1479
iqborsa,2023-10-10,12:42:36,1481,baghdad_generic,borsa,unknown,1632.0,iqborsa:city_line,https://t.me/iqborsa/1481
iqborsa,2023-10-10,13:33:56,1484,erbil,borsa,unknown,1628.0,iqborsa:city_line,https://t.me/iqborsa/1484
iqborsa,2023-10-10,13:57:23,1485,baghdad_generic,borsa,unknown,1631.0,iqborsa:city_line,https://t.me/iqborsa/1485
iqborsa,2023-10-10,14:26:48,1487,baghdad_generic,borsa,unknown,1629.0,iqborsa:city_line,https://t.me/iqborsa/1487
iqborsa,2023-10-10,14:42:35,1489,erbil,borsa,unknown,1623.0,iqborsa:city_line,https://t.me/iqborsa/1489
iqborsa,2023-10-10,14:49:35,1490,baghdad_generic,borsa,unknown,1625.5,iqborsa:city_line,https://t.me/iqborsa/1490
iqborsa,2023-10-10,14:57:34,1491,erbil,borsa,unknown,1619.0,iqborsa:city_line,https://t.me/iqborsa/1491
iqborsa,2023-10-10,15:00:12,1492,baghdad_generic,borsa,unknown,1622.5,iqborsa:city_line,https://t.me/iqborsa/1492
iqborsa,2023-10-10,15:10:10,1493,baghdad_generic,borsa,unknown,1618.0,iqborsa:city_line,https://t.me/iqborsa/1493
iqborsa,2023-10-10,15:39:07,1495,erbil,borsa,unknown,1615.0,iqborsa:city_line,https://t.me/iqborsa/1495
iqborsa,2023-10-10,15:44:56,1497,baghdad_generic,borsa,unknown,1624.5,iqborsa:city_line,https://t.me/iqborsa/1497
iqborsa,2023-10-10,17:26:43,1498,baghdad_generic,borsa,unknown,1613.5,iqborsa:city_line,https://t.me/iqborsa/1498
iqborsa,2023-10-10,17:37:24,1499,erbil,borsa,unknown,1606.0,iqborsa:city_line,https://t.me/iqborsa/1499
iqborsa,2023-10-10,17:40:39,1500,basra,borsa,unknown,1607.0,iqborsa:city_line,https://t.me/iqborsa/1500
iqborsa,2023-10-10,18:10:18,1502,baghdad_generic,borsa,unknown,1611.5,iqborsa:city_line,https://t.me/iqborsa/1502
iqborsa,2023-10-10,21:48:09,1503,baghdad_generic,borsa,unknown,1619.0,iqborsa:city_line,https://t.me/iqborsa/1503
iqborsa,2023-10-11,12:24:31,1505,baghdad_generic,borsa,unknown,1614.0,iqborsa:city_line,https://t.me/iqborsa/1505
iqborsa,2023-10-11,12:33:23,1506,baghdad_generic,borsa,unknown,1611.0,iqborsa:city_line,https://t.me/iqborsa/1506
iqborsa,2023-10-11,12:50:01,1508,baghdad_generic,borsa,unknown,1609.0,iqborsa:city_line,https://t.me/iqborsa/1508
iqborsa,2023-10-11,13:00:29,1510,baghdad_generic,borsa,unknown,1604.5,iqborsa:city_line,https://t.me/iqborsa/1510
iqborsa,2023-10-11,13:39:29,1511,baghdad_generic,borsa,unknown,1610.0,iqborsa:city_line,https://t.me/iqborsa/1511
iqborsa,2023-10-11,14:13:22,1513,baghdad_generic,borsa,unknown,1612.5,iqborsa:city_line,https://t.me/iqborsa/1513
iqborsa,2023-10-11,14:45:59,1518,baghdad_generic,borsa,unknown,1609.0,iqborsa:city_line,https://t.me/iqborsa/1518
iqborsa,2023-10-11,15:24:31,1522,baghdad_generic,borsa,unknown,1602.0,iqborsa:city_line,https://t.me/iqborsa/1522
iqborsa,2023-10-11,21:40:01,1526,baghdad_generic,borsa,unknown,1606.0,iqborsa:city_line,https://t.me/iqborsa/1526
iqborsa,2023-10-12,10:17:45,1528,baghdad_generic,borsa,unknown,1604.0,iqborsa:city_line,https://t.me/iqborsa/1528
iqborsa,2023-10-12,10:44:46,1529,erbil,borsa,unknown,1604.0,iqborsa:city_line,https://t.me/iqborsa/1529
iqborsa,2023-10-12,10:45:27,1530,baghdad_generic,borsa,unknown,1603.0,iqborsa:city_line,https://t.me/iqborsa/1530
iqborsa,2023-10-12,11:19:36,1532,baghdad_generic,borsa,unknown,1602.0,iqborsa:city_line,https://t.me/iqborsa/1532
iqborsa,2023-10-12,11:46:04,1533,baghdad_generic,borsa,unknown,1603.0,iqborsa:city_line,https://t.me/iqborsa/1533
iqborsa,2023-10-12,11:59:13,1534,baghdad_generic,borsa,unknown,1605.0,iqborsa:city_line,https://t.me/iqborsa/1534
iqborsa,2023-10-12,14:03:16,1537,baghdad_generic,borsa,unknown,1603.0,iqborsa:city_line,https://t.me/iqborsa/1537
iqborsa,2023-10-12,14:23:16,1538,baghdad_generic,borsa,unknown,1601.5,iqborsa:city_line,https://t.me/iqborsa/1538
iqborsa,2023-10-12,17:34:54,1541,baghdad_generic,borsa,unknown,1604.0,iqborsa:city_line,https://t.me/iqborsa/1541
iqborsa,2023-10-12,20:59:11,1544,baghdad_generic,borsa,unknown,1605.5,iqborsa:city_line,https://t.me/iqborsa/1544
iqborsa,2023-10-13,15:13:23,1549,erbil,borsa,unknown,1607.0,iqborsa:city_line,https://t.me/iqborsa/1549
iqborsa,2023-10-13,15:37:40,1550,baghdad_generic,borsa,unknown,1603.0,iqborsa:city_line,https://t.me/iqborsa/1550
iqborsa,2023-10-13,21:01:30,1551,baghdad_generic,borsa,unknown,1605.0,iqborsa:city_line,https://t.me/iqborsa/1551
iqborsa,2023-10-13,21:01:30,1551,erbil,borsa,unknown,1606.5,iqborsa:city_line,https://t.me/iqborsa/1551
iqborsa,2023-10-13,21:01:30,1551,basra,borsa,unknown,1607.0,iqborsa:city_line,https://t.me/iqborsa/1551
iqborsa,2023-10-14,11:04:10,1554,baghdad_generic,borsa,unknown,1606.0,iqborsa:city_line,https://t.me/iqborsa/1554
iqborsa,2023-10-14,11:04:10,1554,basra,borsa,unknown,1607.0,iqborsa:city_line,https://t.me/iqborsa/1554
iqborsa,2023-10-14,11:04:10,1554,erbil,borsa,unknown,1606.5,iqborsa:city_line,https://t.me/iqborsa/1554
iqborsa,2023-10-14,11:37:31,1555,baghdad_generic,borsa,unknown,1605.0,iqborsa:city_line,https://t.me/iqborsa/1555
iqborsa,2023-10-14,13:06:38,1560,baghdad_generic,borsa,unknown,1606.5,iqborsa:city_line,https://t.me/iqborsa/1560
iqborsa,2023-10-14,13:13:26,1561,erbil,borsa,unknown,1606.0,iqborsa:city_line,https://t.me/iqborsa/1561
iqborsa,2023-10-14,13:46:12,1563,baghdad_generic,borsa,unknown,1607.0,iqborsa:city_line,https://t.me/iqborsa/1563
iqborsa,2023-10-14,14:33:17,1565,basra,borsa,unknown,1604.0,iqborsa:city_line,https://t.me/iqborsa/1565
iqborsa,2023-10-14,14:33:55,1566,baghdad_generic,borsa,unknown,1606.0,iqborsa:city_line,https://t.me/iqborsa/1566
iqborsa,2023-10-14,16:19:04,1568,baghdad_generic,borsa,unknown,1604.5,iqborsa:city_line,https://t.me/iqborsa/1568
iqborsa,2023-10-14,22:22:24,1574,baghdad_generic,borsa,unknown,1600.0,iqborsa:city_line,https://t.me/iqborsa/1574
iqborsa,2023-10-15,09:47:38,1577,baghdad_generic,borsa,unknown,1598.5,iqborsa:city_line,https://t.me/iqborsa/1577
iqborsa,2023-10-15,10:15:58,1579,basra,borsa,unknown,1597.0,iqborsa:city_line,https://t.me/iqborsa/1579
iqborsa,2023-10-15,11:54:44,1580,baghdad_generic,borsa,unknown,1586.5,iqborsa:city_line,https://t.me/iqborsa/1580
iqborsa,2023-10-15,12:00:12,1581,baghdad_generic,borsa,unknown,1586.5,iqborsa:city_line,https://t.me/iqborsa/1581
iqborsa,2023-10-15,12:00:12,1581,erbil,borsa,unknown,1590.0,iqborsa:city_line,https://t.me/iqborsa/1581
iqborsa,2023-10-15,12:00:12,1581,basra,borsa,unknown,1585.0,iqborsa:city_line,https://t.me/iqborsa/1581
iqborsa,2023-10-15,12:21:40,1582,baghdad_generic,borsa,unknown,1591.0,iqborsa:city_line,https://t.me/iqborsa/1582
iqborsa,2023-10-15,12:31:36,1585,baghdad_generic,borsa,unknown,1590.5,iqborsa:city_line,https://t.me/iqborsa/1585
iqborsa,2023-10-15,13:24:42,1587,baghdad_generic,borsa,unknown,1591.5,iqborsa:city_line,https://t.me/iqborsa/1587
iqborsa,2023-10-15,13:35:34,1588,baghdad_generic,borsa,unknown,1589.5,iqborsa:city_line,https://t.me/iqborsa/1588
iqborsa,2023-10-15,14:51:10,1591,baghdad_generic,borsa,unknown,1586.0,iqborsa:city_line,https://t.me/iqborsa/1591
iqborsa,2023-10-15,15:06:02,1593,baghdad_generic,borsa,unknown,1582.0,iqborsa:city_line,https://t.me/iqborsa/1593
iqborsa,2023-10-15,16:58:52,1595,baghdad_generic,borsa,unknown,1584.0,iqborsa:city_line,https://t.me/iqborsa/1595
iqborsa,2023-10-15,16:58:52,1595,basra,borsa,unknown,1579.5,iqborsa:city_line,https://t.me/iqborsa/1595
iqborsa,2023-10-15,19:07:26,1597,baghdad_generic,borsa,unknown,1579.0,iqborsa:city_line,https://t.me/iqborsa/1597
iqborsa,2023-10-15,20:40:31,1602,baghdad_generic,borsa,unknown,1578.5,iqborsa:city_line,https://t.me/iqborsa/1602
iqborsa,2023-10-15,20:46:07,1603,basra,borsa,unknown,1575.5,iqborsa:city_line,https://t.me/iqborsa/1603
iqborsa,2023-10-15,20:58:08,1604,baghdad_generic,borsa,unknown,1577.0,iqborsa:city_line,https://t.me/iqborsa/1604
iqborsa,2023-10-16,11:37:30,1607,baghdad_generic,borsa,unknown,1580.0,iqborsa:city_line,https://t.me/iqborsa/1607
iqborsa,2023-10-16,11:37:30,1607,basra,borsa,unknown,1577.5,iqborsa:city_line,https://t.me/iqborsa/1607
iqborsa,2023-10-16,11:37:30,1607,erbil,borsa,unknown,1581.0,iqborsa:city_line,https://t.me/iqborsa/1607
iqborsa,2023-10-16,12:02:09,1609,baghdad_generic,borsa,unknown,1578.5,iqborsa:city_line,https://t.me/iqborsa/1609
iqborsa,2023-10-16,12:48:00,1610,baghdad_generic,borsa,unknown,1577.0,iqborsa:city_line,https://t.me/iqborsa/1610
iqborsa,2023-10-16,14:04:13,1611,baghdad_generic,borsa,unknown,1575.5,iqborsa:city_line,https://t.me/iqborsa/1611
iqborsa,2023-10-16,16:10:32,1615,baghdad_generic,borsa,unknown,1577.0,iqborsa:city_line,https://t.me/iqborsa/1615
iqborsa,2023-10-16,16:15:19,1617,baghdad_generic,borsa,unknown,1577.5,iqborsa:city_line,https://t.me/iqborsa/1617
iqborsa,2023-10-16,17:29:09,1618,baghdad_generic,borsa,unknown,1580.0,iqborsa:city_line,https://t.me/iqborsa/1618
iqborsa,2023-10-16,18:05:02,1619,baghdad_generic,borsa,unknown,1582.0,iqborsa:city_line,https://t.me/iqborsa/1619
iqborsa,2023-10-16,20:16:25,1621,baghdad_generic,borsa,unknown,1583.5,iqborsa:city_line,https://t.me/iqborsa/1621
iqborsa,2023-10-17,11:41:32,1628,baghdad_generic,borsa,unknown,1589.0,iqborsa:city_line,https://t.me/iqborsa/1628
iqborsa,2023-10-17,11:41:32,1628,basra,borsa,unknown,1588.0,iqborsa:city_line,https://t.me/iqborsa/1628
iqborsa,2023-10-17,11:41:32,1628,erbil,borsa,unknown,1592.0,iqborsa:city_line,https://t.me/iqborsa/1628
iqborsa,2023-10-17,12:16:03,1630,baghdad_generic,borsa,unknown,1591.0,iqborsa:city_line,https://t.me/iqborsa/1630
iqborsa,2023-10-17,12:59:37,1631,baghdad_generic,borsa,unknown,1588.5,iqborsa:city_line,https://t.me/iqborsa/1631
iqborsa,2023-10-17,13:44:34,1632,baghdad_generic,borsa,unknown,1587.0,iqborsa:city_line,https://t.me/iqborsa/1632
iqborsa,2023-10-17,14:37:04,1636,baghdad_generic,borsa,unknown,1589.0,iqborsa:city_line,https://t.me/iqborsa/1636
iqborsa,2023-10-17,17:24:13,1637,baghdad_generic,borsa,unknown,1590.0,iqborsa:city_line,https://t.me/iqborsa/1637
iqborsa,2023-10-17,22:07:53,1639,baghdad_generic,borsa,unknown,1598.5,iqborsa:city_line,https://t.me/iqborsa/1639
iqborsa,2023-10-18,12:45:20,1641,baghdad_generic,borsa,unknown,1595.5,iqborsa:city_line,https://t.me/iqborsa/1641
iqborsa,2023-10-18,12:45:20,1641,basra,borsa,unknown,1597.5,iqborsa:city_line,https://t.me/iqborsa/1641
iqborsa,2023-10-18,12:45:20,1641,erbil,borsa,unknown,1596.5,iqborsa:city_line,https://t.me/iqborsa/1641
iqborsa,2023-10-18,14:00:13,1643,baghdad_generic,borsa,unknown,1597.5,iqborsa:city_line,https://t.me/iqborsa/1643
iqborsa,2023-10-18,14:46:54,1645,baghdad_generic,borsa,unknown,1598.0,iqborsa:city_line,https://t.me/iqborsa/1645
iqborsa,2023-10-18,18:59:26,1646,baghdad_generic,borsa,unknown,1598.0,iqborsa:city_line,https://t.me/iqborsa/1646
iqborsa,2023-10-19,11:38:48,1648,baghdad_generic,borsa,unknown,1594.0,iqborsa:city_line,https://t.me/iqborsa/1648
iqborsa,2023-10-19,11:39:10,1649,erbil,borsa,unknown,1591.5,iqborsa:city_line,https://t.me/iqborsa/1649
iqborsa,2023-10-19,11:49:10,1650,basra,borsa,unknown,1595.0,iqborsa:city_line,https://t.me/iqborsa/1650
iqborsa,2023-10-19,13:30:33,1651,baghdad_generic,borsa,unknown,1597.0,iqborsa:city_line,https://t.me/iqborsa/1651
iqborsa,2023-10-19,14:12:46,1653,baghdad_generic,borsa,unknown,1597.5,iqborsa:city_line,https://t.me/iqborsa/1653
iqborsa,2023-10-19,14:12:46,1653,erbil,borsa,unknown,1597.0,iqborsa:city_line,https://t.me/iqborsa/1653
iqborsa,2023-10-19,14:12:46,1653,basra,borsa,unknown,1599.0,iqborsa:city_line,https://t.me/iqborsa/1653
iqborsa,2023-10-19,16:28:43,1655,baghdad_generic,borsa,unknown,1599.0,iqborsa:city_line,https://t.me/iqborsa/1655
iqborsa,2023-10-20,15:12:23,1659,baghdad_generic,borsa,unknown,1604.0,iqborsa:city_line,https://t.me/iqborsa/1659
iqborsa,2023-10-20,16:06:04,1660,erbil,borsa,unknown,1605.0,iqborsa:city_line,https://t.me/iqborsa/1660
iqborsa,2023-10-20,17:42:10,1661,baghdad_generic,borsa,unknown,1602.0,iqborsa:city_line,https://t.me/iqborsa/1661
iqborsa,2023-10-20,22:23:25,1664,baghdad_generic,borsa,unknown,1598.5,iqborsa:city_line,https://t.me/iqborsa/1664
iqborsa,2023-10-21,10:30:41,1669,baghdad_generic,borsa,unknown,1601.0,iqborsa:city_line,https://t.me/iqborsa/1669
iqborsa,2023-10-21,10:56:35,1670,baghdad_generic,borsa,unknown,1599.5,iqborsa:city_line,https://t.me/iqborsa/1670
iqborsa,2023-10-21,12:03:31,1671,baghdad_generic,borsa,unknown,1599.5,iqborsa:city_line,https://t.me/iqborsa/1671
iqborsa,2023-10-21,14:10:16,1673,baghdad_generic,borsa,unknown,1597.5,iqborsa:city_line,https://t.me/iqborsa/1673
iqborsa,2023-10-21,20:21:23,1676,baghdad_generic,borsa,unknown,1597.0,iqborsa:city_line,https://t.me/iqborsa/1676
iqborsa,2023-10-21,20:21:23,1676,erbil,borsa,unknown,1598.5,iqborsa:city_line,https://t.me/iqborsa/1676
iqborsa,2023-10-21,20:21:23,1676,basra,borsa,unknown,1597.0,iqborsa:city_line,https://t.me/iqborsa/1676
iqborsa,2023-10-21,20:21:23,1676,nasiriyah,borsa,unknown,1598.0,iqborsa:city_line,https://t.me/iqborsa/1676
iqborsa,2023-10-21,20:21:23,1676,baqubah,borsa,unknown,1598.0,iqborsa:city_line,https://t.me/iqborsa/1676
iqborsa,2023-10-21,20:21:23,1676,hillah,borsa,unknown,1598.5,iqborsa:city_line,https://t.me/iqborsa/1676
iqborsa,2023-10-21,20:21:23,1676,kut,borsa,unknown,1598.5,iqborsa:city_line,https://t.me/iqborsa/1676
iqborsa,2023-10-21,20:21:23,1676,diwaniyah,borsa,unknown,1598.0,iqborsa:city_line,https://t.me/iqborsa/1676
iqborsa,2023-10-21,20:21:23,1676,tikrit,borsa,unknown,1598.5,iqborsa:city_line,https://t.me/iqborsa/1676
iqborsa,2023-10-21,20:21:23,1676,amarah,borsa,unknown,1599.0,iqborsa:city_line,https://t.me/iqborsa/1676
iqborsa,2023-10-21,20:21:23,1676,ramadi,borsa,unknown,1598.0,iqborsa:city_line,https://t.me/iqborsa/1676
iqborsa,2023-10-21,20:21:23,1676,samawah,borsa,unknown,1598.0,iqborsa:city_line,https://t.me/iqborsa/1676
iqborsa,2023-10-22,09:56:30,1679,erbil,borsa,unknown,1596.0,iqborsa:city_line,https://t.me/iqborsa/1679
iqborsa,2023-10-22,09:57:18,1680,basra,borsa,unknown,1597.5,iqborsa:city_line,https://t.me/iqborsa/1680
iqborsa,2023-10-22,09:58:26,1681,baghdad_generic,borsa,unknown,1595.0,iqborsa:city_line,https://t.me/iqborsa/1681
iqborsa,2023-10-22,10:20:01,1682,erbil,borsa,unknown,1594.0,iqborsa:city_line,https://t.me/iqborsa/1682
iqborsa,2023-10-22,10:50:21,1683,baghdad_generic,borsa,unknown,1596.0,iqborsa:city_line,https://t.me/iqborsa/1683
iqborsa,2023-10-22,11:55:06,1685,baghdad_generic,borsa,unknown,1599.0,iqborsa:city_line,https://t.me/iqborsa/1685
iqborsa,2023-10-22,12:26:43,1686,baghdad_generic,borsa,unknown,1597.5,iqborsa:city_line,https://t.me/iqborsa/1686
iqborsa,2023-10-22,14:45:36,1688,baghdad_generic,borsa,unknown,1601.0,iqborsa:city_line,https://t.me/iqborsa/1688
iqborsa,2023-10-22,20:25:08,1690,baghdad_generic,borsa,unknown,1602.5,iqborsa:city_line,https://t.me/iqborsa/1690
iqborsa,2023-10-23,11:22:26,1695,baghdad_generic,borsa,unknown,1604.0,iqborsa:city_line,https://t.me/iqborsa/1695
iqborsa,2023-10-23,12:26:10,1696,baghdad_generic,borsa,unknown,1602.5,iqborsa:city_line,https://t.me/iqborsa/1696
iqborsa,2023-10-23,13:37:42,1697,basra,borsa,unknown,1607.0,iqborsa:city_line,https://t.me/iqborsa/1697
iqborsa,2023-10-23,13:37:58,1698,erbil,borsa,unknown,1604.5,iqborsa:city_line,https://t.me/iqborsa/1698
iqborsa,2023-10-23,13:39:30,1700,baghdad_generic,borsa,unknown,1605.0,iqborsa:city_line,https://t.me/iqborsa/1700
iqborsa,2023-10-23,14:58:13,1701,baghdad_generic,borsa,unknown,1610.0,iqborsa:short_city_line,https://t.me/iqborsa/1701
iqborsa,2023-10-23,17:40:46,1705,erbil,borsa,unknown,1607.0,iqborsa:city_line,https://t.me/iqborsa/1705
iqborsa,2023-10-23,17:54:31,1706,baghdad_generic,borsa,unknown,1607.5,iqborsa:city_line,https://t.me/iqborsa/1706
iqborsa,2023-10-23,17:54:31,1706,erbil,borsa,unknown,1606.5,iqborsa:city_line,https://t.me/iqborsa/1706
iqborsa,2023-10-23,17:54:31,1706,basra,borsa,unknown,1607.0,iqborsa:city_line,https://t.me/iqborsa/1706
iqborsa,2023-10-23,17:54:31,1706,nasiriyah,borsa,unknown,1607.5,iqborsa:city_line,https://t.me/iqborsa/1706
iqborsa,2023-10-23,17:54:31,1706,baqubah,borsa,unknown,1607.0,iqborsa:city_line,https://t.me/iqborsa/1706
iqborsa,2023-10-23,17:54:31,1706,hillah,borsa,unknown,1607.5,iqborsa:city_line,https://t.me/iqborsa/1706
iqborsa,2023-10-23,17:54:31,1706,kut,borsa,unknown,1608.0,iqborsa:city_line,https://t.me/iqborsa/1706
iqborsa,2023-10-23,17:54:31,1706,diwaniyah,borsa,unknown,1607.0,iqborsa:city_line,https://t.me/iqborsa/1706
iqborsa,2023-10-23,17:54:31,1706,tikrit,borsa,unknown,1607.5,iqborsa:city_line,https://t.me/iqborsa/1706
iqborsa,2023-10-23,17:54:31,1706,amarah,borsa,unknown,1607.0,iqborsa:city_line,https://t.me/iqborsa/1706
iqborsa,2023-10-23,17:54:31,1706,ramadi,borsa,unknown,1607.0,iqborsa:city_line,https://t.me/iqborsa/1706
iqborsa,2023-10-23,17:54:31,1706,samawah,borsa,unknown,1607.5,iqborsa:city_line,https://t.me/iqborsa/1706
iqborsa,2023-10-24,00:00:31,1708,baghdad_generic,borsa,unknown,1611.5,iqborsa:city_line,https://t.me/iqborsa/1708
iqborsa,2023-10-24,10:18:27,1710,baghdad_generic,borsa,unknown,1613.5,iqborsa:city_line,https://t.me/iqborsa/1710
iqborsa,2023-10-24,11:19:00,1711,baghdad_kifah,borsa,unknown,1612.0,iqborsa:city_line,https://t.me/iqborsa/1711
iqborsa,2023-10-24,11:19:00,1711,baghdad_shorja,borsa,unknown,1611.0,iqborsa:city_line,https://t.me/iqborsa/1711
iqborsa,2023-10-24,11:19:00,1711,erbil,borsa,unknown,1611.0,iqborsa:city_line,https://t.me/iqborsa/1711
iqborsa,2023-10-24,11:19:00,1711,basra,borsa,unknown,1610.0,iqborsa:city_line,https://t.me/iqborsa/1711
iqborsa,2023-10-24,12:17:29,1712,baghdad_generic,borsa,unknown,1611.0,iqborsa:city_line,https://t.me/iqborsa/1712
iqborsa,2023-10-24,12:17:37,1713,erbil,borsa,unknown,1608.0,iqborsa:city_line,https://t.me/iqborsa/1713
iqborsa,2023-10-24,13:50:48,1715,baghdad_generic,borsa,unknown,1615.0,iqborsa:city_line,https://t.me/iqborsa/1715
iqborsa,2023-10-24,15:26:32,1717,baghdad_generic,borsa,unknown,1620.0,iqborsa:short_city_line,https://t.me/iqborsa/1717
iqborsa,2023-10-24,19:22:41,1718,baghdad_generic,borsa,unknown,1616.0,iqborsa:city_line,https://t.me/iqborsa/1718
iqborsa,2023-10-25,11:26:26,1722,baghdad_generic,borsa,unknown,1619.0,iqborsa:city_line,https://t.me/iqborsa/1722
iqborsa,2023-10-25,11:44:33,1723,baghdad_generic,borsa,unknown,1620.0,iqborsa:city_line,https://t.me/iqborsa/1723
iqborsa,2023-10-25,11:44:33,1723,basra,borsa,unknown,1620.0,iqborsa:city_line,https://t.me/iqborsa/1723
iqborsa,2023-10-25,11:44:33,1723,erbil,borsa,unknown,1617.0,iqborsa:city_line,https://t.me/iqborsa/1723
iqborsa,2023-10-25,12:06:57,1724,baghdad_generic,borsa,unknown,1621.0,iqborsa:city_line,https://t.me/iqborsa/1724
iqborsa,2023-10-25,13:16:50,1725,baghdad_generic,borsa,unknown,1619.5,iqborsa:city_line,https://t.me/iqborsa/1725
iqborsa,2023-10-25,13:35:06,1726,erbil,borsa,unknown,1615.0,iqborsa:city_line,https://t.me/iqborsa/1726
iqborsa,2023-10-25,13:38:53,1727,baghdad_generic,borsa,unknown,1618.0,iqborsa:city_line,https://t.me/iqborsa/1727
iqborsa,2023-10-25,14:48:37,1728,baghdad_generic,borsa,unknown,1614.0,iqborsa:city_line,https://t.me/iqborsa/1728
iqborsa,2023-10-25,16:06:54,1730,erbil,borsa,unknown,1605.0,iqborsa:city_line,https://t.me/iqborsa/1730
iqborsa,2023-10-25,16:17:22,1731,baghdad_generic,borsa,unknown,1608.0,iqborsa:city_line,https://t.me/iqborsa/1731
iqborsa,2023-10-25,20:01:17,1732,baghdad_generic,borsa,unknown,1614.0,iqborsa:city_line,https://t.me/iqborsa/1732
iqborsa,2023-10-26,09:37:35,1734,baghdad_generic,borsa,unknown,1613.0,iqborsa:city_line,https://t.me/iqborsa/1734
iqborsa,2023-10-26,09:52:35,1735,erbil,borsa,unknown,1610.0,iqborsa:city_line,https://t.me/iqborsa/1735
iqborsa,2023-10-26,10:11:08,1736,baghdad_generic,borsa,unknown,1615.0,iqborsa:city_line,https://t.me/iqborsa/1736
iqborsa,2023-10-26,11:03:55,1738,baghdad_generic,borsa,unknown,1612.5,iqborsa:city_line,https://t.me/iqborsa/1738
iqborsa,2023-10-26,11:36:21,1740,baghdad_generic,borsa,unknown,1615.5,iqborsa:city_line,https://t.me/iqborsa/1740
iqborsa,2023-10-26,12:09:07,1741,baghdad_generic,borsa,unknown,1611.0,iqborsa:city_line,https://t.me/iqborsa/1741
iqborsa,2023-10-26,14:38:31,1742,baghdad_generic,borsa,unknown,1608.0,iqborsa:city_line,https://t.me/iqborsa/1742
iqborsa,2023-10-26,19:49:13,1745,baghdad_generic,borsa,unknown,1610.0,iqborsa:city_line,https://t.me/iqborsa/1745
iqborsa,2023-10-27,14:39:14,1749,baghdad_generic,borsa,unknown,1613.5,iqborsa:city_line,https://t.me/iqborsa/1749
iqborsa,2023-10-27,14:39:14,1749,basra,borsa,unknown,1615.0,iqborsa:city_line,https://t.me/iqborsa/1749
iqborsa,2023-10-27,14:39:14,1749,erbil,borsa,unknown,1614.0,iqborsa:city_line,https://t.me/iqborsa/1749
iqborsa,2023-10-27,19:35:07,1750,baghdad_generic,borsa,unknown,1615.5,iqborsa:city_line,https://t.me/iqborsa/1750
iqborsa,2023-10-28,13:30:45,1753,baghdad_generic,borsa,unknown,1613.5,iqborsa:city_line,https://t.me/iqborsa/1753
iqborsa,2023-10-28,14:40:15,1755,baghdad_generic,borsa,unknown,1614.0,iqborsa:city_line,https://t.me/iqborsa/1755
iqborsa,2023-10-28,16:14:40,1756,baghdad_generic,borsa,unknown,1616.0,iqborsa:city_line,https://t.me/iqborsa/1756
iqborsa,2023-10-28,19:29:57,1757,baghdad_generic,borsa,unknown,1614.0,iqborsa:city_line,https://t.me/iqborsa/1757
iqborsa,2023-10-29,11:10:43,1760,erbil,borsa,unknown,1613.0,iqborsa:city_line,https://t.me/iqborsa/1760
iqborsa,2023-10-29,11:10:54,1761,basra,borsa,unknown,1616.0,iqborsa:city_line,https://t.me/iqborsa/1761
iqborsa,2023-10-29,11:11:10,1762,baghdad_generic,borsa,unknown,1615.5,iqborsa:city_line,https://t.me/iqborsa/1762
iqborsa,2023-10-29,12:06:36,1765,baghdad_generic,borsa,unknown,1615.0,iqborsa:city_line,https://t.me/iqborsa/1765
iqborsa,2023-10-29,12:24:47,1767,baghdad_generic,borsa,unknown,1616.0,iqborsa:city_line,https://t.me/iqborsa/1767
iqborsa,2023-10-29,13:28:09,1768,baghdad_generic,borsa,unknown,1614.5,iqborsa:city_line,https://t.me/iqborsa/1768
iqborsa,2023-10-29,15:55:57,1769,baghdad_generic,borsa,unknown,1616.5,iqborsa:city_line,https://t.me/iqborsa/1769
iqborsa,2023-10-30,11:25:11,1773,erbil,borsa,unknown,1612.5,iqborsa:city_line,https://t.me/iqborsa/1773
iqborsa,2023-10-30,11:25:21,1774,baghdad_generic,borsa,unknown,1614.0,iqborsa:city_line,https://t.me/iqborsa/1774
iqborsa,2023-10-30,13:31:44,1775,baghdad_generic,borsa,unknown,1617.0,iqborsa:city_line,https://t.me/iqborsa/1775
iqborsa,2023-10-30,15:20:58,1777,baghdad_generic,borsa,unknown,1618.5,iqborsa:city_line,https://t.me/iqborsa/1777
iqborsa,2023-10-31,11:06:41,1779,baghdad_generic,borsa,unknown,1618.0,iqborsa:city_line,https://t.me/iqborsa/1779
iqborsa,2023-10-31,11:18:23,1780,erbil,borsa,unknown,1616.0,iqborsa:city_line,https://t.me/iqborsa/1780
iqborsa,2023-10-31,11:19:13,1781,baghdad_generic,borsa,unknown,1617.5,iqborsa:city_line,https://t.me/iqborsa/1781
iqborsa,2023-10-31,13:07:45,1783,baghdad_generic,borsa,unknown,1618.0,iqborsa:city_line,https://t.me/iqborsa/1783
iqborsa,2023-10-31,13:39:34,1784,baghdad_generic,borsa,unknown,1617.5,iqborsa:city_line,https://t.me/iqborsa/1784
iqborsa,2023-10-31,15:01:24,1785,baghdad_generic,borsa,unknown,1620.0,iqborsa:city_line,https://t.me/iqborsa/1785
iqborsa,2023-11-01,10:34:03,1791,erbil,borsa,unknown,1620.5,iqborsa:city_line,https://t.me/iqborsa/1791
iqborsa,2023-11-01,10:34:57,1792,baghdad_generic,borsa,unknown,1620.0,iqborsa:city_line,https://t.me/iqborsa/1792
iqborsa,2023-11-01,11:01:06,1793,erbil,borsa,unknown,1618.5,iqborsa:city_line,https://t.me/iqborsa/1793
iqborsa,2023-11-01,11:01:22,1794,baghdad_generic,borsa,unknown,1619.5,iqborsa:city_line,https://t.me/iqborsa/1794
iqborsa,2023-11-01,11:55:44,1795,baghdad_generic,borsa,unknown,1620.0,iqborsa:city_line,https://t.me/iqborsa/1795
iqborsa,2023-11-01,12:22:47,1796,baghdad_generic,borsa,unknown,1619.0,iqborsa:city_line,https://t.me/iqborsa/1796
iqborsa,2023-11-01,13:30:54,1797,basra,borsa,unknown,1623.0,iqborsa:city_line,https://t.me/iqborsa/1797
iqborsa,2023-11-01,13:32:15,1798,baghdad_generic,borsa,unknown,1621.0,iqborsa:city_line,https://t.me/iqborsa/1798
iqborsa,2023-11-01,15:11:04,1800,baghdad_generic,borsa,unknown,1621.0,iqborsa:city_line,https://t.me/iqborsa/1800
iqborsa,2023-11-01,15:22:29,1801,erbil,borsa,unknown,1620.0,iqborsa:city_line,https://t.me/iqborsa/1801
iqborsa,2023-11-01,15:22:38,1802,baghdad_generic,borsa,unknown,1621.5,iqborsa:city_line,https://t.me/iqborsa/1802
iqborsa,2023-11-02,11:56:40,1804,baghdad_generic,borsa,unknown,1623.0,iqborsa:city_line,https://t.me/iqborsa/1804
iqborsa,2023-11-02,13:20:10,1805,baghdad_generic,borsa,unknown,1625.0,iqborsa:city_line,https://t.me/iqborsa/1805
iqborsa,2023-11-02,14:00:43,1806,erbil,borsa,unknown,1623.5,iqborsa:city_line,https://t.me/iqborsa/1806
iqborsa,2023-11-02,14:01:07,1807,baghdad_generic,borsa,unknown,1614.5,iqborsa:city_line,https://t.me/iqborsa/1807
iqborsa,2023-11-02,15:31:49,1808,baghdad_generic,borsa,unknown,1630.0,iqborsa:city_line,https://t.me/iqborsa/1808
iqborsa,2023-11-02,16:17:25,1810,baghdad_generic,borsa,unknown,1626.0,iqborsa:city_line,https://t.me/iqborsa/1810
iqborsa,2023-11-03,14:28:45,1816,erbil,borsa,unknown,1625.0,iqborsa:city_line,https://t.me/iqborsa/1816
iqborsa,2023-11-03,14:44:09,1817,basra,borsa,unknown,1627.0,iqborsa:city_line,https://t.me/iqborsa/1817
iqborsa,2023-11-03,14:44:18,1818,baghdad_generic,borsa,unknown,1628.0,iqborsa:city_line,https://t.me/iqborsa/1818
iqborsa,2023-11-04,12:10:05,1820,baghdad_generic,borsa,unknown,1629.5,iqborsa:city_line,https://t.me/iqborsa/1820
iqborsa,2023-11-04,14:04:02,1821,baghdad_generic,borsa,unknown,1631.0,iqborsa:city_line,https://t.me/iqborsa/1821
iqborsa,2023-11-04,15:15:03,1822,basra,borsa,unknown,1631.0,iqborsa:city_line,https://t.me/iqborsa/1822
iqborsa,2023-11-04,15:15:17,1823,erbil,borsa,unknown,1631.0,iqborsa:city_line,https://t.me/iqborsa/1823
iqborsa,2023-11-04,15:15:25,1824,baghdad_generic,borsa,unknown,1630.5,iqborsa:city_line,https://t.me/iqborsa/1824
iqborsa,2023-11-04,22:43:24,1830,baghdad_generic,borsa,unknown,1632.0,iqborsa:city_line,https://t.me/iqborsa/1830
iqborsa,2023-11-05,11:03:50,1832,basra,borsa,unknown,1633.0,iqborsa:city_line,https://t.me/iqborsa/1832
iqborsa,2023-11-05,11:04:01,1833,erbil,borsa,unknown,1631.0,iqborsa:city_line,https://t.me/iqborsa/1833
iqborsa,2023-11-05,11:04:40,1834,baghdad_generic,borsa,unknown,1631.0,iqborsa:city_line,https://t.me/iqborsa/1834
iqborsa,2023-11-05,11:20:06,1836,baghdad_generic,borsa,unknown,1631.5,iqborsa:city_line,https://t.me/iqborsa/1836
iqborsa,2023-11-05,12:17:35,1837,baghdad_generic,borsa,unknown,1630.0,iqborsa:city_line,https://t.me/iqborsa/1837
iqborsa,2023-11-05,12:44:42,1838,baghdad_generic,borsa,unknown,1631.0,iqborsa:city_line,https://t.me/iqborsa/1838
iqborsa,2023-11-05,13:09:42,1839,baghdad_generic,borsa,unknown,1632.5,iqborsa:city_line,https://t.me/iqborsa/1839
iqborsa,2023-11-05,15:16:54,1842,baghdad_generic,borsa,unknown,1635.0,iqborsa:city_line,https://t.me/iqborsa/1842
iqborsa,2023-11-05,17:12:29,1843,baghdad_generic,borsa,unknown,1639.0,iqborsa:city_line,https://t.me/iqborsa/1843
iqborsa,2023-11-06,12:10:45,1847,erbil,borsa,unknown,1650.0,iqborsa:city_line,https://t.me/iqborsa/1847
iqborsa,2023-11-06,12:11:12,1848,basra,borsa,unknown,1650.0,iqborsa:city_line,https://t.me/iqborsa/1848
iqborsa,2023-11-06,12:11:21,1849,baghdad_generic,borsa,unknown,1650.0,iqborsa:city_line,https://t.me/iqborsa/1849
iqborsa,2023-11-06,12:21:58,1850,erbil,borsa,unknown,1651.0,iqborsa:city_line,https://t.me/iqborsa/1850
iqborsa,2023-11-06,12:22:06,1851,baghdad_generic,borsa,unknown,1651.0,iqborsa:city_line,https://t.me/iqborsa/1851
iqborsa,2023-11-06,13:15:10,1852,basra,borsa,unknown,1658.0,iqborsa:city_line,https://t.me/iqborsa/1852
iqborsa,2023-11-06,13:15:19,1853,erbil,borsa,unknown,1659.0,iqborsa:city_line,https://t.me/iqborsa/1853
iqborsa,2023-11-06,13:15:27,1854,baghdad_generic,borsa,unknown,1658.0,iqborsa:city_line,https://t.me/iqborsa/1854
iqborsa,2023-11-06,14:05:22,1855,baghdad_generic,borsa,unknown,1659.0,iqborsa:city_line,https://t.me/iqborsa/1855
iqborsa,2023-11-06,14:45:17,1856,baghdad_generic,borsa,unknown,1662.0,iqborsa:city_line,https://t.me/iqborsa/1856
iqborsa,2023-11-06,15:21:52,1860,baghdad_generic,borsa,unknown,1665.0,iqborsa:city_line,https://t.me/iqborsa/1860
iqborsa,2023-11-06,15:22:04,1861,erbil,borsa,unknown,1670.0,iqborsa:city_line,https://t.me/iqborsa/1861
iqborsa,2023-11-06,15:31:21,1863,baghdad_generic,borsa,unknown,1668.0,iqborsa:city_line,https://t.me/iqborsa/1863
iqborsa,2023-11-06,16:09:31,1864,erbil,borsa,unknown,1662.0,iqborsa:city_line,https://t.me/iqborsa/1864
iqborsa,2023-11-06,16:10:42,1865,baghdad_generic,borsa,unknown,1666.0,iqborsa:city_line,https://t.me/iqborsa/1865
iqborsa,2023-11-06,16:17:36,1867,erbil,borsa,unknown,1666.0,iqborsa:city_line,https://t.me/iqborsa/1867
iqborsa,2023-11-06,16:24:30,1868,baghdad_generic,borsa,unknown,1668.0,iqborsa:city_line,https://t.me/iqborsa/1868
iqborsa,2023-11-06,17:09:28,1870,basra,borsa,unknown,1663.0,iqborsa:city_line,https://t.me/iqborsa/1870
iqborsa,2023-11-06,17:09:36,1871,erbil,borsa,unknown,1663.5,iqborsa:city_line,https://t.me/iqborsa/1871
iqborsa,2023-11-06,17:09:44,1872,baghdad_generic,borsa,unknown,1667.0,iqborsa:city_line,https://t.me/iqborsa/1872
iqborsa,2023-11-06,17:26:13,1873,baghdad_generic,borsa,unknown,1664.5,iqborsa:city_line,https://t.me/iqborsa/1873
iqborsa,2023-11-07,11:42:13,1876,basra,borsa,unknown,1657.5,iqborsa:city_line,https://t.me/iqborsa/1876
iqborsa,2023-11-07,11:42:25,1877,erbil,borsa,unknown,1659.0,iqborsa:city_line,https://t.me/iqborsa/1877
iqborsa,2023-11-07,11:42:38,1878,baghdad_generic,borsa,unknown,1659.0,iqborsa:city_line,https://t.me/iqborsa/1878
iqborsa,2023-11-07,11:49:28,1879,baghdad_generic,borsa,unknown,1661.0,iqborsa:city_line,https://t.me/iqborsa/1879
iqborsa,2023-11-07,12:05:44,1880,baghdad_generic,borsa,unknown,1660.0,iqborsa:city_line,https://t.me/iqborsa/1880
iqborsa,2023-11-07,12:18:10,1881,erbil,borsa,unknown,1656.0,iqborsa:city_line,https://t.me/iqborsa/1881
iqborsa,2023-11-07,12:20:06,1882,baghdad_generic,borsa,unknown,1657.5,iqborsa:city_line,https://t.me/iqborsa/1882
iqborsa,2023-11-07,12:30:35,1883,baghdad_generic,borsa,unknown,1659.0,iqborsa:city_line,https://t.me/iqborsa/1883
iqborsa,2023-11-07,13:01:05,1885,baghdad_generic,borsa,unknown,1657.0,iqborsa:city_line,https://t.me/iqborsa/1885
iqborsa,2023-11-07,14:06:53,1887,baghdad_generic,borsa,unknown,1657.0,iqborsa:city_line,https://t.me/iqborsa/1887
iqborsa,2023-11-07,14:11:35,1888,basra,borsa,unknown,1656.0,iqborsa:city_line,https://t.me/iqborsa/1888
iqborsa,2023-11-07,14:25:35,1889,baghdad_generic,borsa,unknown,1657.5,iqborsa:city_line,https://t.me/iqborsa/1889
iqborsa,2023-11-07,15:24:01,1890,erbil,borsa,unknown,1653.0,iqborsa:city_line,https://t.me/iqborsa/1890
iqborsa,2023-11-07,15:24:11,1891,baghdad_generic,borsa,unknown,1656.5,iqborsa:city_line,https://t.me/iqborsa/1891
iqborsa,2023-11-07,15:29:08,1892,basra,borsa,unknown,1655.0,iqborsa:city_line,https://t.me/iqborsa/1892
iqborsa,2023-11-07,15:29:15,1893,baghdad_generic,borsa,unknown,1657.0,iqborsa:city_line,https://t.me/iqborsa/1893
iqborsa,2023-11-07,15:41:07,1894,erbil,borsa,unknown,1651.0,iqborsa:city_line,https://t.me/iqborsa/1894
iqborsa,2023-11-07,15:42:33,1895,erbil,borsa,unknown,1649.0,iqborsa:city_line,https://t.me/iqborsa/1895
iqborsa,2023-11-07,15:44:14,1896,baghdad_generic,borsa,unknown,1654.0,iqborsa:city_line,https://t.me/iqborsa/1896
iqborsa,2023-11-07,15:53:47,1897,erbil,borsa,unknown,1645.5,iqborsa:city_line,https://t.me/iqborsa/1897
iqborsa,2023-11-07,15:54:00,1898,baghdad_generic,borsa,unknown,1652.5,iqborsa:city_line,https://t.me/iqborsa/1898
iqborsa,2023-11-07,16:00:24,1899,baghdad_generic,borsa,unknown,1649.0,iqborsa:city_line,https://t.me/iqborsa/1899
iqborsa,2023-11-07,16:39:32,1900,baghdad_generic,borsa,unknown,1647.0,iqborsa:city_line,https://t.me/iqborsa/1900
iqborsa,2023-11-07,17:24:11,1902,baghdad_generic,borsa,unknown,1648.0,iqborsa:city_line,https://t.me/iqborsa/1902
iqborsa,2023-11-07,17:27:29,1903,basra,borsa,unknown,1646.0,iqborsa:city_line,https://t.me/iqborsa/1903
iqborsa,2023-11-07,17:27:46,1904,erbil,borsa,unknown,1644.5,iqborsa:city_line,https://t.me/iqborsa/1904
iqborsa,2023-11-07,17:27:57,1905,baghdad_generic,borsa,unknown,1645.0,iqborsa:city_line,https://t.me/iqborsa/1905
iqborsa,2023-11-07,20:46:24,1908,erbil,borsa,unknown,1639.0,iqborsa:city_line,https://t.me/iqborsa/1908
iqborsa,2023-11-07,20:46:47,1909,baghdad_generic,borsa,unknown,1641.0,iqborsa:city_line,https://t.me/iqborsa/1909
iqborsa,2023-11-07,20:49:26,1910,erbil,borsa,unknown,1638.0,iqborsa:city_line,https://t.me/iqborsa/1910
iqborsa,2023-11-07,20:49:35,1911,baghdad_generic,borsa,unknown,1640.0,iqborsa:city_line,https://t.me/iqborsa/1911
iqborsa,2023-11-07,21:25:12,1912,baghdad_generic,borsa,unknown,1638.5,iqborsa:city_line,https://t.me/iqborsa/1912
iqborsa,2023-11-07,21:29:43,1913,erbil,borsa,unknown,1632.5,iqborsa:city_line,https://t.me/iqborsa/1913
iqborsa,2023-11-07,21:42:01,1914,baghdad_generic,borsa,unknown,1634.0,iqborsa:city_line,https://t.me/iqborsa/1914
iqborsa,2023-11-07,22:19:26,1915,erbil,borsa,unknown,1629.0,iqborsa:city_line,https://t.me/iqborsa/1915
iqborsa,2023-11-07,23:16:57,1916,baghdad_generic,borsa,unknown,1634.5,iqborsa:city_line,https://t.me/iqborsa/1916
iqborsa,2023-11-08,10:52:56,1918,erbil,borsa,unknown,1637.5,iqborsa:city_line,https://t.me/iqborsa/1918
iqborsa,2023-11-08,10:53:14,1919,basra,borsa,unknown,1640.0,iqborsa:city_line,https://t.me/iqborsa/1919
iqborsa,2023-11-08,10:53:28,1920,baghdad_generic,borsa,unknown,1640.0,iqborsa:city_line,https://t.me/iqborsa/1920
iqborsa,2023-11-08,12:03:15,1921,baghdad_generic,borsa,unknown,1641.0,iqborsa:city_line,https://t.me/iqborsa/1921
iqborsa,2023-11-08,14:02:36,1923,erbil,borsa,unknown,1641.0,iqborsa:city_line,https://t.me/iqborsa/1923
iqborsa,2023-11-08,14:02:45,1924,baghdad_generic,borsa,unknown,1644.0,iqborsa:city_line,https://t.me/iqborsa/1924
iqborsa,2023-11-08,16:03:37,1926,baghdad_generic,borsa,unknown,1643.5,iqborsa:city_line,https://t.me/iqborsa/1926
iqborsa,2023-11-08,16:26:14,1927,baghdad_generic,borsa,unknown,1646.0,iqborsa:city_line,https://t.me/iqborsa/1927
iqborsa,2023-11-08,18:47:57,1929,erbil,borsa,unknown,1643.0,iqborsa:city_line,https://t.me/iqborsa/1929
iqborsa,2023-11-08,18:48:06,1930,baghdad_generic,borsa,unknown,1647.0,iqborsa:city_line,https://t.me/iqborsa/1930
iqborsa,2023-11-09,11:39:47,1934,erbil,borsa,unknown,1649.0,iqborsa:city_line,https://t.me/iqborsa/1934
iqborsa,2023-11-09,11:39:59,1935,baghdad_generic,borsa,unknown,1648.5,iqborsa:city_line,https://t.me/iqborsa/1935
iqborsa,2023-11-09,12:09:29,1936,erbil,borsa,unknown,1652.0,iqborsa:city_line,https://t.me/iqborsa/1936
iqborsa,2023-11-09,12:09:39,1937,baghdad_generic,borsa,unknown,1651.0,iqborsa:city_line,https://t.me/iqborsa/1937
iqborsa,2023-11-09,14:37:56,1942,erbil,borsa,unknown,1653.0,iqborsa:city_line,https://t.me/iqborsa/1942
iqborsa,2023-11-09,14:38:08,1943,baghdad_generic,borsa,unknown,1652.0,iqborsa:city_line,https://t.me/iqborsa/1943
iqborsa,2023-11-09,15:21:53,1944,erbil,borsa,unknown,1648.0,iqborsa:city_line,https://t.me/iqborsa/1944
iqborsa,2023-11-09,15:22:40,1945,baghdad_generic,borsa,unknown,1650.0,iqborsa:city_line,https://t.me/iqborsa/1945
iqborsa,2023-11-09,17:00:12,1946,erbil,borsa,unknown,1643.0,iqborsa:city_line,https://t.me/iqborsa/1946
iqborsa,2023-11-09,17:00:27,1947,baghdad_generic,borsa,unknown,1646.0,iqborsa:city_line,https://t.me/iqborsa/1947
iqborsa,2023-11-09,18:40:29,1951,baghdad_generic,borsa,unknown,1646.5,iqborsa:city_line,https://t.me/iqborsa/1951
iqborsa,2023-11-09,20:04:42,1952,baghdad_generic,borsa,unknown,1647.0,iqborsa:city_line,https://t.me/iqborsa/1952
iqborsa,2023-11-09,21:14:36,1953,baghdad_generic,borsa,unknown,1648.5,iqborsa:city_line,https://t.me/iqborsa/1953
iqborsa,2023-11-10,16:43:00,1958,erbil,borsa,unknown,1648.5,iqborsa:city_line,https://t.me/iqborsa/1958
iqborsa,2023-11-10,16:43:13,1959,basra,borsa,unknown,1650.0,iqborsa:city_line,https://t.me/iqborsa/1959
iqborsa,2023-11-10,16:43:41,1960,baghdad_generic,borsa,unknown,1649.5,iqborsa:city_line,https://t.me/iqborsa/1960
iqborsa,2023-11-10,20:51:29,1961,baghdad_generic,borsa,unknown,1648.0,iqborsa:city_line,https://t.me/iqborsa/1961
iqborsa,2023-11-11,12:08:33,1965,erbil,borsa,unknown,1641.0,iqborsa:city_line,https://t.me/iqborsa/1965
iqborsa,2023-11-11,12:08:45,1966,basra,borsa,unknown,1644.0,iqborsa:city_line,https://t.me/iqborsa/1966
iqborsa,2023-11-11,12:09:46,1967,baghdad_generic,borsa,unknown,1642.5,iqborsa:city_line,https://t.me/iqborsa/1967
iqborsa,2023-11-11,12:32:11,1969,baghdad_generic,borsa,unknown,1641.0,iqborsa:city_line,https://t.me/iqborsa/1969
iqborsa,2023-11-11,15:12:55,1972,baghdad_generic,borsa,unknown,1643.0,iqborsa:city_line,https://t.me/iqborsa/1972
iqborsa,2023-11-11,15:19:54,1973,baghdad_generic,borsa,unknown,1634.0,iqborsa:city_line,https://t.me/iqborsa/1973
iqborsa,2023-11-11,15:37:25,1975,baghdad_generic,borsa,unknown,1631.5,iqborsa:city_line,https://t.me/iqborsa/1975
iqborsa,2023-11-11,16:02:22,1977,baghdad_generic,borsa,unknown,1631.0,iqborsa:city_line,https://t.me/iqborsa/1977
iqborsa,2023-11-11,16:22:40,1978,baghdad_generic,borsa,unknown,1629.5,iqborsa:city_line,https://t.me/iqborsa/1978
iqborsa,2023-11-11,19:48:04,1983,baghdad_generic,borsa,unknown,1627.0,iqborsa:city_line,https://t.me/iqborsa/1983
iqborsa,2023-11-11,22:00:02,1984,baghdad_generic,borsa,unknown,1626.0,iqborsa:city_line,https://t.me/iqborsa/1984
iqborsa,2023-11-12,11:00:28,1986,baghdad_generic,borsa,unknown,1632.0,iqborsa:city_line,https://t.me/iqborsa/1986
iqborsa,2023-11-12,11:00:28,1986,erbil,borsa,unknown,1632.5,iqborsa:city_line,https://t.me/iqborsa/1986
iqborsa,2023-11-12,11:00:28,1986,basra,borsa,unknown,1633.0,iqborsa:city_line,https://t.me/iqborsa/1986
iqborsa,2023-11-12,11:06:17,1987,baghdad_generic,borsa,unknown,1629.5,iqborsa:city_line,https://t.me/iqborsa/1987
iqborsa,2023-11-12,13:50:38,1989,baghdad_generic,borsa,unknown,1624.5,iqborsa:city_line,https://t.me/iqborsa/1989
iqborsa,2023-11-12,16:23:59,1992,erbil,borsa,unknown,1621.5,iqborsa:city_line,https://t.me/iqborsa/1992
iqborsa,2023-11-12,16:29:49,1993,erbil,borsa,unknown,1618.0,iqborsa:city_line,https://t.me/iqborsa/1993
iqborsa,2023-11-12,18:44:09,1994,baghdad_generic,borsa,unknown,1622.0,iqborsa:city_line,https://t.me/iqborsa/1994
iqborsa,2023-11-12,19:57:11,1996,baghdad_generic,borsa,unknown,1618.5,iqborsa:city_line,https://t.me/iqborsa/1996
iqborsa,2023-11-12,20:54:35,1997,baghdad_generic,borsa,unknown,1609.0,iqborsa:city_line,https://t.me/iqborsa/1997
iqborsa,2023-11-12,22:49:50,1999,baghdad_generic,borsa,unknown,1607.5,iqborsa:city_line,https://t.me/iqborsa/1999
iqborsa,2023-11-13,09:23:52,2002,erbil,borsa,unknown,1610.0,iqborsa:city_line,https://t.me/iqborsa/2002
iqborsa,2023-11-13,11:01:16,2003,erbil,borsa,unknown,1605.0,iqborsa:city_line,https://t.me/iqborsa/2003
iqborsa,2023-11-13,11:16:07,2004,erbil,borsa,unknown,1602.0,iqborsa:city_line,https://t.me/iqborsa/2004
iqborsa,2023-11-13,11:17:20,2005,baghdad_generic,borsa,unknown,1601.0,iqborsa:city_line,https://t.me/iqborsa/2005
iqborsa,2023-11-13,11:18:06,2006,baghdad_generic,borsa,unknown,1600.0,iqborsa:city_line,https://t.me/iqborsa/2006
iqborsa,2023-11-13,11:20:34,2007,baghdad_generic,borsa,unknown,1599.0,iqborsa:city_line,https://t.me/iqborsa/2007
iqborsa,2023-11-13,11:22:10,2008,baghdad_generic,borsa,unknown,1598.0,iqborsa:city_line,https://t.me/iqborsa/2008
iqborsa,2023-11-13,11:34:24,2010,erbil,borsa,unknown,1596.0,iqborsa:city_line,https://t.me/iqborsa/2010
iqborsa,2023-11-13,15:40:27,2012,baghdad_generic,borsa,unknown,1600.0,iqborsa:city_line,https://t.me/iqborsa/2012
iqborsa,2023-11-13,16:07:32,2013,baghdad_generic,borsa,unknown,1598.0,iqborsa:city_line,https://t.me/iqborsa/2013
iqborsa,2023-11-13,19:23:09,2016,baghdad_generic,borsa,unknown,1596.5,iqborsa:city_line,https://t.me/iqborsa/2016
iqborsa,2023-11-13,21:55:36,2018,baghdad_generic,borsa,unknown,1593.5,iqborsa:city_line,https://t.me/iqborsa/2018
iqborsa,2023-11-14,12:19:04,2020,erbil,borsa,unknown,1580.0,iqborsa:city_line,https://t.me/iqborsa/2020
iqborsa,2023-11-14,12:19:16,2021,baghdad_generic,borsa,unknown,1574.0,iqborsa:city_line,https://t.me/iqborsa/2021
iqborsa,2023-11-14,12:24:32,2022,baghdad_generic,borsa,unknown,1572.5,iqborsa:city_line,https://t.me/iqborsa/2022
iqborsa,2023-11-14,12:28:01,2024,baghdad_generic,borsa,unknown,1570.5,iqborsa:city_line,https://t.me/iqborsa/2024
iqborsa,2023-11-14,12:37:20,2025,baghdad_generic,borsa,unknown,1570.0,iqborsa:city_line,https://t.me/iqborsa/2025
iqborsa,2023-11-14,12:59:05,2026,baghdad_generic,borsa,unknown,1569.0,iqborsa:city_line,https://t.me/iqborsa/2026
iqborsa,2023-11-14,13:28:02,2027,baghdad_generic,borsa,unknown,1574.0,iqborsa:city_line,https://t.me/iqborsa/2027
iqborsa,2023-11-14,14:35:14,2028,erbil,borsa,unknown,1571.0,iqborsa:city_line,https://t.me/iqborsa/2028
iqborsa,2023-11-14,14:37:24,2029,erbil,borsa,unknown,1569.0,iqborsa:city_line,https://t.me/iqborsa/2029
iqborsa,2023-11-14,14:47:13,2034,erbil,borsa,unknown,1563.0,iqborsa:city_line,https://t.me/iqborsa/2034
iqborsa,2023-11-14,14:50:47,2036,erbil,borsa,unknown,1562.5,iqborsa:city_line,https://t.me/iqborsa/2036
iqborsa,2023-11-14,14:53:22,2038,baghdad_generic,borsa,unknown,1562.0,iqborsa:city_line,https://t.me/iqborsa/2038
iqborsa,2023-11-14,14:59:19,2043,baghdad_generic,borsa,unknown,1561.0,iqborsa:city_line,https://t.me/iqborsa/2043
iqborsa,2023-11-14,15:04:26,2047,baghdad_generic,borsa,unknown,1560.0,iqborsa:city_line,https://t.me/iqborsa/2047
iqborsa,2023-11-14,15:14:44,2053,baghdad_generic,borsa,unknown,1559.0,iqborsa:city_line,https://t.me/iqborsa/2053
iqborsa,2023-11-14,15:15:27,2054,baghdad_generic,borsa,unknown,1558.0,iqborsa:city_line,https://t.me/iqborsa/2054
iqborsa,2023-11-14,15:41:57,2055,baghdad_generic,borsa,unknown,1556.0,iqborsa:city_line,https://t.me/iqborsa/2055
iqborsa,2023-11-14,15:52:27,2056,baghdad_generic,borsa,unknown,1554.5,iqborsa:city_line,https://t.me/iqborsa/2056
iqborsa,2023-11-14,16:36:40,2057,baghdad_generic,borsa,unknown,1551.0,iqborsa:city_line,https://t.me/iqborsa/2057
iqborsa,2023-11-14,16:39:34,2058,baghdad_generic,borsa,unknown,1550.0,iqborsa:city_line,https://t.me/iqborsa/2058
iqborsa,2023-11-14,16:42:08,2059,baghdad_generic,borsa,unknown,1549.0,iqborsa:city_line,https://t.me/iqborsa/2059
iqborsa,2023-11-14,18:12:21,2060,baghdad_generic,borsa,unknown,1547.5,iqborsa:city_line,https://t.me/iqborsa/2060
iqborsa,2023-11-15,10:38:10,2061,erbil,borsa,unknown,1554.5,iqborsa:city_line,https://t.me/iqborsa/2061
iqborsa,2023-11-15,10:40:30,2062,baghdad_generic,borsa,unknown,1573.0,iqborsa:city_line,https://t.me/iqborsa/2062
iqborsa,2023-11-15,11:48:33,2063,erbil,borsa,unknown,1572.5,iqborsa:city_line,https://t.me/iqborsa/2063
iqborsa,2023-11-15,11:50:55,2064,baghdad_generic,borsa,unknown,1572.0,iqborsa:city_line,https://t.me/iqborsa/2064
iqborsa,2023-11-15,16:53:53,2066,baghdad_generic,borsa,unknown,1580.0,iqborsa:city_line,https://t.me/iqborsa/2066
iqborsa,2023-11-15,17:04:30,2067,erbil,borsa,unknown,1589.0,iqborsa:city_line,https://t.me/iqborsa/2067
iqborsa,2023-11-15,17:04:40,2068,baghdad_generic,borsa,unknown,1585.0,iqborsa:city_line,https://t.me/iqborsa/2068
iqborsa,2023-11-15,19:05:42,2070,baghdad_generic,borsa,unknown,1578.0,iqborsa:city_line,https://t.me/iqborsa/2070
iqborsa,2023-11-15,19:06:49,2071,baghdad_generic,borsa,unknown,1576.0,iqborsa:city_line,https://t.me/iqborsa/2071
iqborsa,2023-11-15,19:43:15,2072,baghdad_generic,borsa,unknown,1567.0,iqborsa:city_line,https://t.me/iqborsa/2072
iqborsa,2023-11-15,19:46:21,2073,baghdad_generic,borsa,unknown,1566.0,iqborsa:city_line,https://t.me/iqborsa/2073
iqborsa,2023-11-15,19:50:20,2074,baghdad_generic,borsa,unknown,1564.0,iqborsa:city_line,https://t.me/iqborsa/2074
iqborsa,2023-11-15,20:31:06,2075,baghdad_generic,borsa,unknown,1576.0,iqborsa:city_line,https://t.me/iqborsa/2075
iqborsa,2023-11-16,10:45:06,2077,erbil,borsa,unknown,1587.0,iqborsa:city_line,https://t.me/iqborsa/2077
iqborsa,2023-11-16,10:45:17,2078,baghdad_generic,borsa,unknown,1584.0,iqborsa:city_line,https://t.me/iqborsa/2078
iqborsa,2023-11-16,12:50:10,2079,baghdad_generic,borsa,unknown,1593.0,iqborsa:city_line,https://t.me/iqborsa/2079
iqborsa,2023-11-16,14:20:52,2081,baghdad_generic,borsa,unknown,1596.0,iqborsa:city_line,https://t.me/iqborsa/2081
iqborsa,2023-11-16,15:57:07,2084,erbil,borsa,unknown,1588.0,iqborsa:city_line,https://t.me/iqborsa/2084
iqborsa,2023-11-16,15:57:18,2085,baghdad_generic,borsa,unknown,1590.5,iqborsa:city_line,https://t.me/iqborsa/2085
iqborsa,2023-11-16,16:07:39,2086,baghdad_generic,borsa,unknown,1589.0,iqborsa:city_line,https://t.me/iqborsa/2086
iqborsa,2023-11-16,18:53:57,2087,baghdad_generic,borsa,unknown,1592.0,iqborsa:city_line,https://t.me/iqborsa/2087
iqborsa,2023-11-17,15:48:49,2089,erbil,borsa,unknown,1589.0,iqborsa:city_line,https://t.me/iqborsa/2089
iqborsa,2023-11-17,15:49:12,2091,baghdad_generic,borsa,unknown,1592.5,iqborsa:city_line,https://t.me/iqborsa/2091
iqborsa,2023-11-17,15:58:34,2092,baghdad_generic,borsa,unknown,1592.0,iqborsa:city_line,https://t.me/iqborsa/2092
iqborsa,2023-11-18,10:36:23,2094,basra,borsa,unknown,1592.0,iqborsa:city_line,https://t.me/iqborsa/2094
iqborsa,2023-11-18,10:36:44,2096,baghdad_generic,borsa,unknown,1595.0,iqborsa:city_line,https://t.me/iqborsa/2096
iqborsa,2023-11-18,13:06:05,2097,baghdad_generic,borsa,unknown,1587.5,iqborsa:city_line,https://t.me/iqborsa/2097
iqborsa,2023-11-18,13:40:27,2098,baghdad_generic,borsa,unknown,1584.0,iqborsa:city_line,https://t.me/iqborsa/2098
iqborsa,2023-11-18,18:19:10,2100,erbil,borsa,unknown,1585.0,iqborsa:city_line,https://t.me/iqborsa/2100
iqborsa,2023-11-18,18:19:21,2101,basra,borsa,unknown,1582.0,iqborsa:city_line,https://t.me/iqborsa/2101
iqborsa,2023-11-18,18:20:00,2103,baghdad_generic,borsa,unknown,1585.0,iqborsa:city_line,https://t.me/iqborsa/2103
iqborsa,2023-11-18,18:20:53,2104,baghdad_generic,borsa,unknown,1584.5,iqborsa:city_line,https://t.me/iqborsa/2104
iqborsa,2023-11-18,18:37:30,2105,baghdad_generic,borsa,unknown,1586.0,iqborsa:city_line,https://t.me/iqborsa/2105
iqborsa,2023-11-18,19:03:08,2106,baghdad_generic,borsa,unknown,1583.5,iqborsa:city_line,https://t.me/iqborsa/2106
iqborsa,2023-11-18,19:11:03,2107,baghdad_generic,borsa,unknown,1581.0,iqborsa:city_line,https://t.me/iqborsa/2107
iqborsa,2023-11-18,19:29:14,2108,baghdad_generic,borsa,unknown,1579.0,iqborsa:city_line,https://t.me/iqborsa/2108
iqborsa,2023-11-19,12:01:40,2112,erbil,borsa,unknown,1583.5,iqborsa:city_line,https://t.me/iqborsa/2112
iqborsa,2023-11-19,12:01:52,2113,baghdad_generic,borsa,unknown,1583.0,iqborsa:city_line,https://t.me/iqborsa/2113
iqborsa,2023-11-19,12:55:37,2114,baghdad_generic,borsa,unknown,1586.0,iqborsa:city_line,https://t.me/iqborsa/2114
iqborsa,2023-11-19,13:35:28,2115,baghdad_generic,borsa,unknown,1580.0,iqborsa:city_line,https://t.me/iqborsa/2115
iqborsa,2023-11-19,18:11:02,2117,baghdad_generic,borsa,unknown,1576.0,iqborsa:city_line,https://t.me/iqborsa/2117
iqborsa,2023-11-19,18:12:00,2118,baghdad_generic,borsa,unknown,1575.0,iqborsa:city_line,https://t.me/iqborsa/2118
iqborsa,2023-11-19,18:12:58,2119,baghdad_generic,borsa,unknown,1574.0,iqborsa:city_line,https://t.me/iqborsa/2119
iqborsa,2023-11-19,18:15:09,2120,baghdad_generic,borsa,unknown,1572.0,iqborsa:city_line,https://t.me/iqborsa/2120
iqborsa,2023-11-20,10:31:47,2123,baghdad_generic,borsa,unknown,1573.0,iqborsa:city_line,https://t.me/iqborsa/2123
iqborsa,2023-11-20,11:08:44,2124,baghdad_generic,borsa,unknown,1572.5,iqborsa:city_line,https://t.me/iqborsa/2124
iqborsa,2023-11-20,12:16:27,2125,baghdad_generic,borsa,unknown,1575.5,iqborsa:city_line,https://t.me/iqborsa/2125
iqborsa,2023-11-20,12:17:25,2126,erbil,borsa,unknown,1575.5,iqborsa:city_line,https://t.me/iqborsa/2126
iqborsa,2023-11-20,12:17:32,2127,baghdad_generic,borsa,unknown,1575.0,iqborsa:city_line,https://t.me/iqborsa/2127
iqborsa,2023-11-20,12:19:36,2128,baghdad_generic,borsa,unknown,1574.0,iqborsa:city_line,https://t.me/iqborsa/2128
iqborsa,2023-11-20,16:58:40,2129,baghdad_generic,borsa,unknown,1575.0,iqborsa:city_line,https://t.me/iqborsa/2129
iqborsa,2023-11-20,21:22:59,2131,baghdad_generic,borsa,unknown,1582.5,iqborsa:city_line,https://t.me/iqborsa/2131
iqborsa,2023-11-20,22:35:21,2132,baghdad_generic,borsa,unknown,1583.5,iqborsa:city_line,https://t.me/iqborsa/2132
iqborsa,2023-11-21,11:25:12,2133,baghdad_generic,borsa,unknown,1583.0,iqborsa:city_line,https://t.me/iqborsa/2133
iqborsa,2023-11-21,11:25:22,2134,baghdad_generic,borsa,unknown,1582.0,iqborsa:city_line,https://t.me/iqborsa/2134
iqborsa,2023-11-21,11:58:21,2135,baghdad_generic,borsa,unknown,1579.0,iqborsa:city_line,https://t.me/iqborsa/2135
iqborsa,2023-11-21,12:12:16,2136,baghdad_generic,borsa,unknown,1578.0,iqborsa:city_line,https://t.me/iqborsa/2136
iqborsa,2023-11-21,12:17:00,2137,baghdad_generic,borsa,unknown,1576.0,iqborsa:city_line,https://t.me/iqborsa/2137
iqborsa,2023-11-21,13:18:44,2139,baghdad_generic,borsa,unknown,1581.0,iqborsa:city_line,https://t.me/iqborsa/2139
iqborsa,2023-11-21,13:24:19,2140,baghdad_generic,borsa,unknown,1583.5,iqborsa:city_line,https://t.me/iqborsa/2140
iqborsa,2023-11-22,09:54:03,2144,erbil,borsa,unknown,1586.0,iqborsa:city_line,https://t.me/iqborsa/2144
iqborsa,2023-11-22,09:54:12,2145,baghdad_generic,borsa,unknown,1585.0,iqborsa:city_line,https://t.me/iqborsa/2145
iqborsa,2023-11-22,10:45:51,2146,baghdad_generic,borsa,unknown,1590.0,iqborsa:city_line,https://t.me/iqborsa/2146
iqborsa,2023-11-22,11:53:24,2147,baghdad_generic,borsa,unknown,1588.0,iqborsa:city_line,https://t.me/iqborsa/2147
iqborsa,2023-11-22,14:21:42,2148,baghdad_generic,borsa,unknown,1589.0,iqborsa:city_line,https://t.me/iqborsa/2148
iqborsa,2023-11-22,14:44:02,2149,baghdad_generic,borsa,unknown,1590.0,iqborsa:city_line,https://t.me/iqborsa/2149
iqborsa,2023-11-22,20:52:14,2151,baghdad_generic,borsa,unknown,1595.5,iqborsa:city_line,https://t.me/iqborsa/2151
iqborsa,2023-11-22,21:17:24,2153,baghdad_generic,borsa,unknown,1594.5,iqborsa:city_line,https://t.me/iqborsa/2153
iqborsa,2023-11-23,11:45:04,2157,erbil,borsa,unknown,1593.5,iqborsa:city_line,https://t.me/iqborsa/2157
iqborsa,2023-11-23,11:45:16,2158,basra,borsa,unknown,1595.0,iqborsa:city_line,https://t.me/iqborsa/2158
iqborsa,2023-11-23,11:45:29,2159,baghdad_generic,borsa,unknown,1595.0,iqborsa:city_line,https://t.me/iqborsa/2159
iqborsa,2023-11-23,13:11:41,2160,erbil,borsa,unknown,1588.0,iqborsa:city_line,https://t.me/iqborsa/2160
iqborsa,2023-11-23,14:47:10,2161,baghdad_generic,borsa,unknown,1591.0,iqborsa:city_line,https://t.me/iqborsa/2161
iqborsa,2023-11-23,14:48:35,2162,baghdad_generic,borsa,unknown,1588.0,iqborsa:city_line,https://t.me/iqborsa/2162
iqborsa,2023-11-23,14:58:25,2163,baghdad_generic,borsa,unknown,1586.0,iqborsa:city_line,https://t.me/iqborsa/2163
iqborsa,2023-11-23,19:54:52,2167,baghdad_generic,borsa,unknown,1587.0,iqborsa:city_line,https://t.me/iqborsa/2167
iqborsa,2023-11-24,13:55:59,2171,baghdad_generic,borsa,unknown,1587.0,iqborsa:city_line,https://t.me/iqborsa/2171
iqborsa,2023-11-24,15:23:21,2172,baghdad_generic,borsa,unknown,1587.5,iqborsa:city_line,https://t.me/iqborsa/2172
iqborsa,2023-11-24,19:31:39,2174,basra,borsa,unknown,1584.5,iqborsa:city_line,https://t.me/iqborsa/2174
iqborsa,2023-11-24,19:32:06,2175,erbil,borsa,unknown,1582.5,iqborsa:city_line,https://t.me/iqborsa/2175
iqborsa,2023-11-24,19:32:47,2176,baghdad_generic,borsa,unknown,1582.5,iqborsa:city_line,https://t.me/iqborsa/2176
iqborsa,2023-11-24,19:33:42,2177,baghdad_generic,borsa,unknown,1581.5,iqborsa:city_line,https://t.me/iqborsa/2177
iqborsa,2023-11-24,20:45:15,2180,erbil,borsa,unknown,1576.0,iqborsa:city_line,https://t.me/iqborsa/2180
iqborsa,2023-11-24,21:33:13,2181,baghdad_generic,borsa,unknown,1584.0,iqborsa:city_line,https://t.me/iqborsa/2181
iqborsa,2023-11-25,10:19:21,2183,basra,borsa,unknown,1588.0,iqborsa:city_line,https://t.me/iqborsa/2183
iqborsa,2023-11-25,10:20:06,2185,baghdad_generic,borsa,unknown,1586.5,iqborsa:city_line,https://t.me/iqborsa/2185
iqborsa,2023-11-25,12:35:59,2186,baghdad_generic,borsa,unknown,1583.0,iqborsa:city_line,https://t.me/iqborsa/2186
iqborsa,2023-11-25,12:37:19,2187,baghdad_generic,borsa,unknown,1579.5,iqborsa:city_line,https://t.me/iqborsa/2187
iqborsa,2023-11-25,12:37:54,2188,baghdad_generic,borsa,unknown,1578.0,iqborsa:city_line,https://t.me/iqborsa/2188
iqborsa,2023-11-25,12:39:40,2189,baghdad_generic,borsa,unknown,1577.0,iqborsa:city_line,https://t.me/iqborsa/2189
iqborsa,2023-11-25,12:40:34,2190,baghdad_generic,borsa,unknown,1575.0,iqborsa:city_line,https://t.me/iqborsa/2190
iqborsa,2023-11-25,12:42:07,2191,baghdad_generic,borsa,unknown,1573.5,iqborsa:city_line,https://t.me/iqborsa/2191
iqborsa,2023-11-25,14:55:18,2193,baghdad_generic,borsa,unknown,1572.0,iqborsa:city_line,https://t.me/iqborsa/2193
iqborsa,2023-11-25,23:13:44,2195,baghdad_generic,borsa,unknown,1570.0,iqborsa:short_city_line,https://t.me/iqborsa/2195
iqborsa,2023-11-26,10:11:29,2197,erbil,borsa,unknown,1577.0,iqborsa:city_line,https://t.me/iqborsa/2197
iqborsa,2023-11-26,10:22:18,2198,baghdad_generic,borsa,unknown,1571.0,iqborsa:city_line,https://t.me/iqborsa/2198
iqborsa,2023-11-26,10:47:46,2199,baghdad_generic,borsa,unknown,1569.0,iqborsa:city_line,https://t.me/iqborsa/2199
iqborsa,2023-11-26,11:36:41,2200,baghdad_generic,borsa,unknown,1573.0,iqborsa:city_line,https://t.me/iqborsa/2200
iqborsa,2023-11-26,12:25:06,2201,baghdad_generic,borsa,unknown,1575.0,iqborsa:city_line,https://t.me/iqborsa/2201
iqborsa,2023-11-26,12:59:10,2202,baghdad_generic,borsa,unknown,1571.0,iqborsa:city_line,https://t.me/iqborsa/2202
iqborsa,2023-11-26,14:59:05,2203,baghdad_generic,borsa,unknown,1576.0,iqborsa:city_line,https://t.me/iqborsa/2203
iqborsa,2023-11-26,15:42:00,2204,baghdad_generic,borsa,unknown,1578.0,iqborsa:city_line,https://t.me/iqborsa/2204
iqborsa,2023-11-26,18:53:18,2205,baghdad_generic,borsa,unknown,1583.0,iqborsa:city_line,https://t.me/iqborsa/2205
iqborsa,2023-11-27,13:20:10,2207,baghdad_generic,borsa,unknown,1581.0,iqborsa:city_line,https://t.me/iqborsa/2207
iqborsa,2023-11-27,13:20:30,2208,erbil,borsa,unknown,1582.5,iqborsa:city_line,https://t.me/iqborsa/2208
iqborsa,2023-11-27,14:52:47,2211,baghdad_generic,borsa,unknown,1579.0,iqborsa:city_line,https://t.me/iqborsa/2211
iqborsa,2023-11-27,15:33:21,2212,baghdad_generic,borsa,unknown,1577.5,iqborsa:city_line,https://t.me/iqborsa/2212
iqborsa,2023-11-27,15:50:21,2214,baghdad_generic,borsa,unknown,1576.0,iqborsa:city_line,https://t.me/iqborsa/2214
iqborsa,2023-11-27,16:24:32,2215,baghdad_generic,borsa,unknown,1574.0,iqborsa:city_line,https://t.me/iqborsa/2215
iqborsa,2023-11-27,16:37:20,2216,baghdad_generic,borsa,unknown,1573.5,iqborsa:city_line,https://t.me/iqborsa/2216
iqborsa,2023-11-27,16:47:44,2222,baghdad_generic,borsa,unknown,1573.0,iqborsa:city_line,https://t.me/iqborsa/2222
iqborsa,2023-11-27,16:53:59,2224,baghdad_generic,borsa,unknown,1572.0,iqborsa:city_line,https://t.me/iqborsa/2224
iqborsa,2023-11-27,16:55:14,2225,baghdad_generic,borsa,unknown,1571.0,iqborsa:city_line,https://t.me/iqborsa/2225
iqborsa,2023-11-27,16:59:52,2226,baghdad_generic,borsa,unknown,1570.0,iqborsa:city_line,https://t.me/iqborsa/2226
iqborsa,2023-11-27,17:40:03,2227,baghdad_generic,borsa,unknown,1569.5,iqborsa:city_line,https://t.me/iqborsa/2227
iqborsa,2023-11-28,10:49:06,2229,baghdad_generic,borsa,unknown,1573.5,iqborsa:city_line,https://t.me/iqborsa/2229
iqborsa,2023-11-28,11:37:50,2230,baghdad_generic,borsa,unknown,1575.5,iqborsa:city_line,https://t.me/iqborsa/2230
iqborsa,2023-11-28,15:00:30,2231,baghdad_generic,borsa,unknown,1576.0,iqborsa:city_line,https://t.me/iqborsa/2231
iqborsa,2023-11-28,15:21:27,2232,baghdad_generic,borsa,unknown,1574.5,iqborsa:city_line,https://t.me/iqborsa/2232
iqborsa,2023-11-29,09:52:33,2236,erbil,borsa,unknown,1576.0,iqborsa:city_line,https://t.me/iqborsa/2236
iqborsa,2023-11-29,10:41:30,2237,baghdad_generic,borsa,unknown,1577.5,iqborsa:city_line,https://t.me/iqborsa/2237
iqborsa,2023-11-29,11:15:53,2238,baghdad_generic,borsa,unknown,1576.0,iqborsa:city_line,https://t.me/iqborsa/2238
iqborsa,2023-11-29,11:40:42,2240,baghdad_generic,borsa,unknown,1574.5,iqborsa:city_line,https://t.me/iqborsa/2240
iqborsa,2023-11-29,13:32:48,2242,baghdad_generic,borsa,unknown,1576.0,iqborsa:city_line,https://t.me/iqborsa/2242
iqborsa,2023-11-29,14:05:14,2243,baghdad_generic,borsa,unknown,1573.5,iqborsa:city_line,https://t.me/iqborsa/2243
iqborsa,2023-11-29,14:38:45,2244,baghdad_generic,borsa,unknown,1571.0,iqborsa:city_line,https://t.me/iqborsa/2244
iqborsa,2023-11-29,14:50:35,2245,baghdad_generic,borsa,unknown,1570.0,iqborsa:city_line,https://t.me/iqborsa/2245
iqborsa,2023-11-29,16:20:45,2248,baghdad_generic,borsa,unknown,1565.0,iqborsa:city_line,https://t.me/iqborsa/2248
iqborsa,2023-11-29,18:23:46,2250,baghdad_generic,borsa,unknown,1567.0,iqborsa:city_line,https://t.me/iqborsa/2250
iqborsa,2023-11-29,19:57:50,2252,baghdad_generic,borsa,unknown,1564.5,iqborsa:city_line,https://t.me/iqborsa/2252
iqborsa,2023-11-30,11:11:13,2254,baghdad_generic,borsa,unknown,1567.0,iqborsa:city_line,https://t.me/iqborsa/2254
iqborsa,2023-11-30,13:26:53,2255,baghdad_generic,borsa,unknown,1564.0,iqborsa:city_line,https://t.me/iqborsa/2255
iqborsa,2023-11-30,13:27:16,2256,baghdad_generic,borsa,unknown,1562.5,iqborsa:city_line,https://t.me/iqborsa/2256
iqborsa,2023-11-30,13:27:31,2257,baghdad_generic,borsa,unknown,1561.0,iqborsa:city_line,https://t.me/iqborsa/2257
iqborsa,2023-11-30,13:28:03,2258,baghdad_generic,borsa,unknown,1560.0,iqborsa:city_line,https://t.me/iqborsa/2258
iqborsa,2023-11-30,13:41:05,2259,baghdad_generic,borsa,unknown,1557.0,iqborsa:city_line,https://t.me/iqborsa/2259
iqborsa,2023-11-30,13:54:41,2260,erbil,borsa,unknown,1555.0,iqborsa:city_line,https://t.me/iqborsa/2260
iqborsa,2023-11-30,14:13:03,2261,baghdad_generic,borsa,unknown,1555.5,iqborsa:city_line,https://t.me/iqborsa/2261
iqborsa,2023-11-30,19:47:59,2262,baghdad_generic,borsa,unknown,1564.5,iqborsa:city_line,https://t.me/iqborsa/2262
iqborsa,2023-12-01,16:16:40,2267,baghdad_generic,borsa,unknown,1562.5,iqborsa:city_line,https://t.me/iqborsa/2267
iqborsa,2023-12-02,10:10:01,2268,erbil,borsa,unknown,1564.0,iqborsa:city_line,https://t.me/iqborsa/2268
iqborsa,2023-12-02,10:10:11,2269,baghdad_generic,borsa,unknown,1563.5,iqborsa:city_line,https://t.me/iqborsa/2269
iqborsa,2023-12-02,11:22:36,2270,basra,borsa,unknown,1567.0,iqborsa:city_line,https://t.me/iqborsa/2270
iqborsa,2023-12-02,11:22:47,2271,baghdad_generic,borsa,unknown,1565.0,iqborsa:city_line,https://t.me/iqborsa/2271
iqborsa,2023-12-02,12:48:20,2272,baghdad_generic,borsa,unknown,1563.5,iqborsa:city_line,https://t.me/iqborsa/2272
iqborsa,2023-12-02,13:12:44,2273,baghdad_generic,borsa,unknown,1562.0,iqborsa:city_line,https://t.me/iqborsa/2273
iqborsa,2023-12-02,13:18:47,2274,baghdad_generic,borsa,unknown,1564.0,iqborsa:city_line,https://t.me/iqborsa/2274
iqborsa,2023-12-02,13:28:06,2275,baghdad_generic,borsa,unknown,1565.0,iqborsa:city_line,https://t.me/iqborsa/2275
iqborsa,2023-12-02,13:28:27,2276,baghdad_generic,borsa,unknown,1564.5,iqborsa:city_line,https://t.me/iqborsa/2276
iqborsa,2023-12-02,14:23:22,2277,baghdad_generic,borsa,unknown,1566.0,iqborsa:city_line,https://t.me/iqborsa/2277
iqborsa,2023-12-02,15:33:56,2278,baghdad_generic,borsa,unknown,1570.0,iqborsa:short_city_line,https://t.me/iqborsa/2278
iqborsa,2023-12-02,16:55:37,2279,baghdad_generic,borsa,unknown,1568.0,iqborsa:city_line,https://t.me/iqborsa/2279
iqborsa,2023-12-02,18:12:20,2280,baghdad_generic,borsa,unknown,1566.0,iqborsa:city_line,https://t.me/iqborsa/2280
iqborsa,2023-12-03,10:19:40,2283,baghdad_generic,borsa,unknown,1569.0,iqborsa:city_line,https://t.me/iqborsa/2283
iqborsa,2023-12-03,12:12:28,2284,baghdad_generic,borsa,unknown,1567.5,iqborsa:city_line,https://t.me/iqborsa/2284
iqborsa,2023-12-03,12:25:18,2285,erbil,borsa,unknown,1566.0,iqborsa:city_line,https://t.me/iqborsa/2285
iqborsa,2023-12-03,12:26:17,2286,baghdad_generic,borsa,unknown,1569.0,iqborsa:city_line,https://t.me/iqborsa/2286
iqborsa,2023-12-03,21:38:05,2290,baghdad_generic,borsa,unknown,1573.0,iqborsa:city_line,https://t.me/iqborsa/2290
iqborsa,2023-12-04,11:35:45,2295,baghdad_generic,borsa,unknown,1576.0,iqborsa:city_line,https://t.me/iqborsa/2295
iqborsa,2023-12-04,11:46:21,2296,basra,borsa,unknown,1575.0,iqborsa:city_line,https://t.me/iqborsa/2296
iqborsa,2023-12-04,11:46:32,2297,erbil,borsa,unknown,1574.5,iqborsa:city_line,https://t.me/iqborsa/2297
iqborsa,2023-12-04,12:09:22,2298,baghdad_generic,borsa,unknown,1574.0,iqborsa:city_line,https://t.me/iqborsa/2298
iqborsa,2023-12-04,12:19:41,2299,erbil,borsa,unknown,1572.0,iqborsa:city_line,https://t.me/iqborsa/2299
iqborsa,2023-12-04,12:32:34,2300,baghdad_generic,borsa,unknown,1572.5,iqborsa:city_line,https://t.me/iqborsa/2300
iqborsa,2023-12-04,13:04:37,2301,baghdad_generic,borsa,unknown,1575.0,iqborsa:city_line,https://t.me/iqborsa/2301
iqborsa,2023-12-04,13:32:48,2302,baghdad_generic,borsa,unknown,1577.5,iqborsa:city_line,https://t.me/iqborsa/2302
iqborsa,2023-12-04,14:11:23,2303,baghdad_generic,borsa,unknown,1579.0,iqborsa:city_line,https://t.me/iqborsa/2303
iqborsa,2023-12-04,16:11:33,2304,baghdad_generic,borsa,unknown,1576.0,iqborsa:city_line,https://t.me/iqborsa/2304
iqborsa,2023-12-04,19:22:53,2307,baghdad_generic,borsa,unknown,1575.0,iqborsa:city_line,https://t.me/iqborsa/2307
iqborsa,2023-12-04,21:01:53,2310,baghdad_generic,borsa,unknown,1574.0,iqborsa:city_line,https://t.me/iqborsa/2310
iqborsa,2023-12-05,10:48:18,2315,erbil,borsa,unknown,1573.0,iqborsa:city_line,https://t.me/iqborsa/2315
iqborsa,2023-12-05,10:48:35,2316,basra,borsa,unknown,1573.5,iqborsa:city_line,https://t.me/iqborsa/2316
iqborsa,2023-12-05,10:48:43,2317,baghdad_generic,borsa,unknown,1575.0,iqborsa:city_line,https://t.me/iqborsa/2317
iqborsa,2023-12-05,10:52:40,2318,erbil,borsa,unknown,1571.0,iqborsa:city_line,https://t.me/iqborsa/2318
iqborsa,2023-12-05,11:11:02,2319,baghdad_generic,borsa,unknown,1572.5,iqborsa:city_line,https://t.me/iqborsa/2319
iqborsa,2023-12-05,11:42:12,2320,baghdad_generic,borsa,unknown,1575.0,iqborsa:city_line,https://t.me/iqborsa/2320
iqborsa,2023-12-05,11:59:54,2321,baghdad_generic,borsa,unknown,1574.0,iqborsa:city_line,https://t.me/iqborsa/2321
iqborsa,2023-12-05,13:02:46,2322,baghdad_generic,borsa,unknown,1572.0,iqborsa:city_line,https://t.me/iqborsa/2322
iqborsa,2023-12-05,13:03:21,2323,baghdad_generic,borsa,unknown,1571.0,iqborsa:city_line,https://t.me/iqborsa/2323
iqborsa,2023-12-05,13:26:36,2324,erbil,borsa,unknown,1566.0,iqborsa:city_line,https://t.me/iqborsa/2324
iqborsa,2023-12-05,13:27:00,2325,baghdad_generic,borsa,unknown,1569.5,iqborsa:city_line,https://t.me/iqborsa/2325
iqborsa,2023-12-05,14:45:53,2328,baghdad_generic,borsa,unknown,1571.0,iqborsa:city_line,https://t.me/iqborsa/2328
iqborsa,2023-12-05,15:37:52,2329,erbil,borsa,unknown,1569.0,iqborsa:city_line,https://t.me/iqborsa/2329
iqborsa,2023-12-05,20:44:35,2330,erbil,borsa,unknown,1567.0,iqborsa:city_line,https://t.me/iqborsa/2330
iqborsa,2023-12-06,09:50:39,2332,erbil,borsa,unknown,1566.0,iqborsa:city_line,https://t.me/iqborsa/2332
iqborsa,2023-12-06,11:34:50,2333,baghdad_generic,borsa,unknown,1571.5,iqborsa:city_line,https://t.me/iqborsa/2333
iqborsa,2023-12-06,11:56:10,2334,basra,borsa,unknown,1569.0,iqborsa:city_line,https://t.me/iqborsa/2334
iqborsa,2023-12-06,16:51:18,2336,baghdad_generic,borsa,unknown,1571.5,iqborsa:city_line,https://t.me/iqborsa/2336
iqborsa,2023-12-06,19:21:32,2338,baghdad_generic,borsa,unknown,1572.0,iqborsa:city_line,https://t.me/iqborsa/2338
iqborsa,2023-12-07,10:41:21,2342,baghdad_generic,borsa,unknown,1575.0,iqborsa:city_line,https://t.me/iqborsa/2342
iqborsa,2023-12-07,10:52:54,2343,baghdad_generic,borsa,unknown,1574.0,iqborsa:city_line,https://t.me/iqborsa/2343
iqborsa,2023-12-07,11:19:30,2344,baghdad_generic,borsa,unknown,1573.0,iqborsa:city_line,https://t.me/iqborsa/2344
iqborsa,2023-12-07,11:53:41,2346,erbil,borsa,unknown,1571.0,iqborsa:city_line,https://t.me/iqborsa/2346
iqborsa,2023-12-07,12:48:36,2348,baghdad_generic,borsa,unknown,1576.0,iqborsa:city_line,https://t.me/iqborsa/2348
iqborsa,2023-12-07,13:45:47,2349,baghdad_generic,borsa,unknown,1574.5,iqborsa:city_line,https://t.me/iqborsa/2349
iqborsa,2023-12-07,15:17:23,2351,erbil,borsa,unknown,1568.5,iqborsa:city_line,https://t.me/iqborsa/2351
iqborsa,2023-12-07,18:35:42,2352,baghdad_generic,borsa,unknown,1575.0,iqborsa:city_line,https://t.me/iqborsa/2352
iqborsa,2023-12-07,19:05:40,2353,basra,borsa,unknown,1572.0,iqborsa:city_line,https://t.me/iqborsa/2353
iqborsa,2023-12-08,14:29:37,2358,baghdad_generic,borsa,unknown,1573.5,iqborsa:city_line,https://t.me/iqborsa/2358
iqborsa,2023-12-08,17:09:21,2360,baghdad_generic,borsa,unknown,1575.5,iqborsa:city_line,https://t.me/iqborsa/2360
iqborsa,2023-12-08,19:13:22,2362,baghdad_generic,borsa,unknown,1575.0,iqborsa:city_line,https://t.me/iqborsa/2362
iqborsa,2023-12-09,11:17:42,2364,baghdad_generic,borsa,unknown,1575.0,iqborsa:city_line,https://t.me/iqborsa/2364
iqborsa,2023-12-09,12:59:20,2365,baghdad_generic,borsa,unknown,1576.0,iqborsa:city_line,https://t.me/iqborsa/2365
iqborsa,2023-12-09,13:45:48,2366,baghdad_generic,borsa,unknown,1577.0,iqborsa:city_line,https://t.me/iqborsa/2366
iqborsa,2023-12-09,14:47:11,2369,baghdad_generic,borsa,unknown,1575.5,iqborsa:city_line,https://t.me/iqborsa/2369
iqborsa,2023-12-09,18:14:22,2372,baghdad_generic,borsa,unknown,1574.0,iqborsa:city_line,https://t.me/iqborsa/2372
iqborsa,2023-12-10,10:05:27,2375,erbil,borsa,unknown,1572.5,iqborsa:city_line,https://t.me/iqborsa/2375
iqborsa,2023-12-10,11:25:45,2376,baghdad_generic,borsa,unknown,1573.0,iqborsa:city_line,https://t.me/iqborsa/2376
iqborsa,2023-12-10,12:26:40,2378,baghdad_generic,borsa,unknown,1571.0,iqborsa:city_line,https://t.me/iqborsa/2378
iqborsa,2023-12-10,12:26:51,2379,erbil,borsa,unknown,1569.0,iqborsa:city_line,https://t.me/iqborsa/2379
iqborsa,2023-12-10,12:48:13,2380,baghdad_generic,borsa,unknown,1572.0,iqborsa:city_line,https://t.me/iqborsa/2380
iqborsa,2023-12-10,13:12:22,2381,baghdad_generic,borsa,unknown,1572.5,iqborsa:city_line,https://t.me/iqborsa/2381
iqborsa,2023-12-10,14:08:34,2383,baghdad_generic,borsa,unknown,1571.5,iqborsa:city_line,https://t.me/iqborsa/2383
iqborsa,2023-12-10,14:08:34,2383,erbil,borsa,unknown,1569.5,iqborsa:city_line,https://t.me/iqborsa/2383
iqborsa,2023-12-10,14:08:34,2383,basra,borsa,unknown,1573.5,iqborsa:city_line,https://t.me/iqborsa/2383
iqborsa,2023-12-10,14:44:51,2384,erbil,borsa,unknown,1567.0,iqborsa:city_line,https://t.me/iqborsa/2384
iqborsa,2023-12-10,17:04:24,2385,baghdad_generic,borsa,unknown,1571.0,iqborsa:city_line,https://t.me/iqborsa/2385
iqborsa,2023-12-11,10:29:55,2391,baghdad_generic,borsa,unknown,1573.0,iqborsa:city_line,https://t.me/iqborsa/2391
iqborsa,2023-12-11,10:30:14,2392,erbil,borsa,unknown,1569.5,iqborsa:city_line,https://t.me/iqborsa/2392
iqborsa,2023-12-11,10:30:52,2393,basra,borsa,unknown,1574.0,iqborsa:city_line,https://t.me/iqborsa/2393
iqborsa,2023-12-11,12:10:02,2395,erbil,borsa,unknown,1570.0,iqborsa:city_line,https://t.me/iqborsa/2395
iqborsa,2023-12-11,12:10:19,2396,baghdad_generic,borsa,unknown,1573.5,iqborsa:city_line,https://t.me/iqborsa/2396
iqborsa,2023-12-11,12:11:47,2397,basra,borsa,unknown,1574.0,iqborsa:city_line,https://t.me/iqborsa/2397
iqborsa,2023-12-11,12:32:06,2398,erbil,borsa,unknown,1567.0,iqborsa:city_line,https://t.me/iqborsa/2398
iqborsa,2023-12-11,13:24:03,2399,baghdad_generic,borsa,unknown,1572.0,iqborsa:city_line,https://t.me/iqborsa/2399
iqborsa,2023-12-12,12:13:05,2403,erbil,borsa,unknown,1572.0,iqborsa:city_line,https://t.me/iqborsa/2403
iqborsa,2023-12-12,12:13:27,2404,basra,borsa,unknown,1575.5,iqborsa:city_line,https://t.me/iqborsa/2404
iqborsa,2023-12-12,12:13:40,2405,baghdad_generic,borsa,unknown,1573.5,iqborsa:city_line,https://t.me/iqborsa/2405
iqborsa,2023-12-12,12:22:05,2406,baghdad_generic,borsa,unknown,1572.0,iqborsa:city_line,https://t.me/iqborsa/2406
iqborsa,2023-12-12,12:54:05,2407,erbil,borsa,unknown,1569.5,iqborsa:city_line,https://t.me/iqborsa/2407
iqborsa,2023-12-12,13:16:24,2408,baghdad_generic,borsa,unknown,1572.5,iqborsa:city_line,https://t.me/iqborsa/2408
iqborsa,2023-12-12,15:01:29,2409,baghdad_generic,borsa,unknown,1571.0,iqborsa:city_line,https://t.me/iqborsa/2409
iqborsa,2023-12-12,16:38:29,2410,erbil,borsa,unknown,1567.5,iqborsa:city_line,https://t.me/iqborsa/2410
iqborsa,2023-12-12,16:57:10,2411,baghdad_generic,borsa,unknown,1569.5,iqborsa:city_line,https://t.me/iqborsa/2411
iqborsa,2023-12-12,20:16:00,2413,baghdad_generic,borsa,unknown,1566.5,iqborsa:city_line,https://t.me/iqborsa/2413
iqborsa,2023-12-13,11:42:19,2418,erbil,borsa,unknown,1560.0,iqborsa:city_line,https://t.me/iqborsa/2418
iqborsa,2023-12-13,11:42:32,2419,basra,borsa,unknown,1562.0,iqborsa:city_line,https://t.me/iqborsa/2419
iqborsa,2023-12-13,11:42:47,2420,baghdad_generic,borsa,unknown,1561.0,iqborsa:city_line,https://t.me/iqborsa/2420
iqborsa,2023-12-13,12:30:09,2422,baghdad_generic,borsa,unknown,1564.0,iqborsa:city_line,https://t.me/iqborsa/2422
iqborsa,2023-12-13,13:10:28,2423,baghdad_generic,borsa,unknown,1562.0,iqborsa:city_line,https://t.me/iqborsa/2423
iqborsa,2023-12-13,13:11:04,2424,erbil,borsa,unknown,1561.0,iqborsa:city_line,https://t.me/iqborsa/2424
iqborsa,2023-12-13,13:13:32,2426,baghdad_generic,borsa,unknown,1561.5,iqborsa:city_line,https://t.me/iqborsa/2426
iqborsa,2023-12-13,14:56:59,2427,baghdad_generic,borsa,unknown,1559.0,iqborsa:city_line,https://t.me/iqborsa/2427
iqborsa,2023-12-14,10:54:05,2432,erbil,borsa,unknown,1561.0,iqborsa:city_line,https://t.me/iqborsa/2432
iqborsa,2023-12-14,10:54:21,2433,baghdad_generic,borsa,unknown,1562.0,iqborsa:city_line,https://t.me/iqborsa/2433
iqborsa,2023-12-14,12:38:05,2434,baghdad_generic,borsa,unknown,1564.0,iqborsa:city_line,https://t.me/iqborsa/2434
iqborsa,2023-12-14,12:42:20,2435,baghdad_generic,borsa,unknown,1563.0,iqborsa:city_line,https://t.me/iqborsa/2435
iqborsa,2023-12-14,13:37:59,2438,baghdad_generic,borsa,unknown,1561.0,iqborsa:city_line,https://t.me/iqborsa/2438
iqborsa,2023-12-14,13:49:08,2439,erbil,borsa,unknown,1559.5,iqborsa:city_line,https://t.me/iqborsa/2439
iqborsa,2023-12-14,14:27:01,2440,erbil,borsa,unknown,1558.5,iqborsa:city_line,https://t.me/iqborsa/2440
iqborsa,2023-12-14,14:35:13,2441,baghdad_generic,borsa,unknown,1558.5,iqborsa:city_line,https://t.me/iqborsa/2441
iqborsa,2023-12-14,14:50:15,2443,baghdad_generic,borsa,unknown,1557.5,iqborsa:city_line,https://t.me/iqborsa/2443
iqborsa,2023-12-15,18:52:31,2448,baghdad_generic,borsa,unknown,1561.5,iqborsa:city_line,https://t.me/iqborsa/2448
iqborsa,2023-12-16,10:51:08,2451,baghdad_generic,borsa,unknown,1560.0,iqborsa:city_line,https://t.me/iqborsa/2451
iqborsa,2023-12-16,11:23:23,2452,baghdad_generic,borsa,unknown,1562.0,iqborsa:city_line,https://t.me/iqborsa/2452
iqborsa,2023-12-16,12:51:58,2453,baghdad_generic,borsa,unknown,1561.0,iqborsa:city_line,https://t.me/iqborsa/2453
iqborsa,2023-12-16,15:03:04,2455,baghdad_generic,borsa,unknown,1559.5,iqborsa:city_line,https://t.me/iqborsa/2455
iqborsa,2023-12-16,17:52:21,2456,baghdad_generic,borsa,unknown,1558.0,iqborsa:city_line,https://t.me/iqborsa/2456
iqborsa,2023-12-16,18:40:34,2458,erbil,borsa,unknown,1557.0,iqborsa:city_line,https://t.me/iqborsa/2458
iqborsa,2023-12-16,20:05:29,2459,baghdad_shorja,borsa,unknown,1557.0,iqborsa:city_line,https://t.me/iqborsa/2459
iqborsa,2023-12-17,12:36:15,2465,basra,borsa,unknown,1555.0,iqborsa:city_line,https://t.me/iqborsa/2465
iqborsa,2023-12-17,12:36:24,2466,baghdad_generic,borsa,unknown,1552.0,iqborsa:city_line,https://t.me/iqborsa/2466
iqborsa,2023-12-17,12:36:42,2467,erbil,borsa,unknown,1549.0,iqborsa:city_line,https://t.me/iqborsa/2467
iqborsa,2023-12-17,12:54:39,2468,baghdad_generic,borsa,unknown,1551.5,iqborsa:city_line,https://t.me/iqborsa/2468
iqborsa,2023-12-17,13:18:47,2469,erbil,borsa,unknown,1548.5,iqborsa:city_line,https://t.me/iqborsa/2469
iqborsa,2023-12-17,14:40:40,2471,erbil,borsa,unknown,1545.5,iqborsa:city_line,https://t.me/iqborsa/2471
iqborsa,2023-12-17,15:10:48,2472,baghdad_generic,borsa,unknown,1549.5,iqborsa:city_line,https://t.me/iqborsa/2472
iqborsa,2023-12-17,15:16:38,2473,erbil,borsa,unknown,1544.5,iqborsa:city_line,https://t.me/iqborsa/2473
iqborsa,2023-12-17,15:30:15,2474,baghdad_generic,borsa,unknown,1547.0,iqborsa:city_line,https://t.me/iqborsa/2474
iqborsa,2023-12-17,15:44:18,2475,erbil,borsa,unknown,1541.0,iqborsa:city_line,https://t.me/iqborsa/2475
iqborsa,2023-12-17,16:26:45,2479,erbil,borsa,unknown,1539.0,iqborsa:city_line,https://t.me/iqborsa/2479
iqborsa,2023-12-17,17:09:54,2480,erbil,borsa,unknown,1544.0,iqborsa:city_line,https://t.me/iqborsa/2480
iqborsa,2023-12-17,17:10:02,2481,baghdad_generic,borsa,unknown,1549.0,iqborsa:city_line,https://t.me/iqborsa/2481
iqborsa,2023-12-17,23:54:36,2483,baghdad_generic,borsa,unknown,1544.0,iqborsa:city_line,https://t.me/iqborsa/2483
iqborsa,2023-12-18,00:06:21,2484,erbil,borsa,unknown,1542.0,iqborsa:city_line,https://t.me/iqborsa/2484
iqborsa,2023-12-18,12:10:38,2486,erbil,borsa,unknown,1534.0,iqborsa:city_line,https://t.me/iqborsa/2486
iqborsa,2023-12-18,12:31:45,2487,erbil,borsa,unknown,1534.5,iqborsa:city_line,https://t.me/iqborsa/2487
iqborsa,2023-12-18,12:37:44,2488,erbil,borsa,unknown,1537.0,iqborsa:city_line,https://t.me/iqborsa/2488
iqborsa,2023-12-18,12:52:31,2489,erbil,borsa,unknown,1540.0,iqborsa:short_city_line,https://t.me/iqborsa/2489
iqborsa,2023-12-18,13:25:02,2491,erbil,borsa,unknown,1536.0,iqborsa:city_line,https://t.me/iqborsa/2491
iqborsa,2023-12-18,15:30:15,2493,erbil,borsa,unknown,1542.5,iqborsa:city_line,https://t.me/iqborsa/2493
iqborsa,2023-12-18,15:42:04,2494,basra,borsa,unknown,1547.5,iqborsa:city_line,https://t.me/iqborsa/2494
iqborsa,2023-12-18,15:42:14,2495,erbil,borsa,unknown,1541.5,iqborsa:city_line,https://t.me/iqborsa/2495
iqborsa,2023-12-18,15:42:24,2496,baghdad_generic,borsa,unknown,1543.5,iqborsa:city_line,https://t.me/iqborsa/2496
iqborsa,2023-12-18,18:00:58,2497,erbil,borsa,unknown,1541.0,iqborsa:city_line,https://t.me/iqborsa/2497
iqborsa,2023-12-18,19:44:24,2499,erbil,borsa,unknown,1538.0,iqborsa:city_line,https://t.me/iqborsa/2499
iqborsa,2023-12-18,19:45:43,2500,baghdad_generic,borsa,unknown,1542.0,iqborsa:city_line,https://t.me/iqborsa/2500
iqborsa,2023-12-18,20:53:52,2504,erbil,borsa,unknown,1537.0,iqborsa:city_line,https://t.me/iqborsa/2504
iqborsa,2023-12-18,20:54:06,2505,baghdad_generic,borsa,unknown,1539.5,iqborsa:city_line,https://t.me/iqborsa/2505
iqborsa,2023-12-19,10:31:37,2509,baghdad_generic,borsa,unknown,1544.0,iqborsa:city_line,https://t.me/iqborsa/2509
iqborsa,2023-12-19,10:31:37,2509,erbil,borsa,unknown,1539.5,iqborsa:city_line,https://t.me/iqborsa/2509
iqborsa,2023-12-19,10:31:37,2509,basra,borsa,unknown,1540.0,iqborsa:city_line,https://t.me/iqborsa/2509
iqborsa,2023-12-19,12:09:48,2510,erbil,borsa,unknown,1541.0,iqborsa:city_line,https://t.me/iqborsa/2510
iqborsa,2023-12-19,12:12:49,2511,basra,borsa,unknown,1547.0,iqborsa:city_line,https://t.me/iqborsa/2511
iqborsa,2023-12-19,12:18:21,2513,baghdad_generic,borsa,unknown,1544.5,iqborsa:city_line,https://t.me/iqborsa/2513
iqborsa,2023-12-19,16:54:28,2515,erbil,borsa,unknown,1540.0,iqborsa:city_line,https://t.me/iqborsa/2515
iqborsa,2023-12-19,20:39:26,2519,baghdad_generic,borsa,unknown,1545.0,iqborsa:city_line,https://t.me/iqborsa/2519
iqborsa,2023-12-20,12:43:54,2525,erbil,borsa,unknown,1536.0,iqborsa:city_line,https://t.me/iqborsa/2525
iqborsa,2023-12-20,12:44:02,2526,baghdad_generic,borsa,unknown,1541.0,iqborsa:city_line,https://t.me/iqborsa/2526
iqborsa,2023-12-20,12:44:28,2527,basra,borsa,unknown,1545.0,iqborsa:city_line,https://t.me/iqborsa/2527
iqborsa,2023-12-20,12:59:53,2528,baghdad_generic,borsa,unknown,1539.0,iqborsa:city_line,https://t.me/iqborsa/2528
iqborsa,2023-12-20,13:00:21,2529,baghdad_generic,borsa,unknown,1537.0,iqborsa:city_line,https://t.me/iqborsa/2529
iqborsa,2023-12-20,13:08:21,2530,erbil,borsa,unknown,1532.0,iqborsa:city_line,https://t.me/iqborsa/2530
iqborsa,2023-12-20,13:14:12,2532,baghdad_generic,borsa,unknown,1536.5,iqborsa:city_line,https://t.me/iqborsa/2532
iqborsa,2023-12-20,15:19:14,2534,baghdad_generic,borsa,unknown,1532.0,iqborsa:city_line,https://t.me/iqborsa/2534
iqborsa,2023-12-20,15:20:44,2535,baghdad_generic,borsa,unknown,1529.5,iqborsa:city_line,https://t.me/iqborsa/2535
iqborsa,2023-12-20,15:23:45,2537,baghdad_generic,borsa,unknown,1529.0,iqborsa:city_line,https://t.me/iqborsa/2537
iqborsa,2023-12-20,15:37:21,2538,baghdad_generic,borsa,unknown,1528.0,iqborsa:city_line,https://t.me/iqborsa/2538
iqborsa,2023-12-20,19:49:14,2540,baghdad_generic,borsa,unknown,1530.0,iqborsa:city_line,https://t.me/iqborsa/2540
iqborsa,2023-12-21,10:50:54,2542,baghdad_generic,borsa,unknown,1532.0,iqborsa:city_line,https://t.me/iqborsa/2542
iqborsa,2023-12-21,11:12:11,2543,baghdad_generic,borsa,unknown,1531.0,iqborsa:city_line,https://t.me/iqborsa/2543
iqborsa,2023-12-21,11:12:35,2544,baghdad_generic,borsa,unknown,1530.0,iqborsa:city_line,https://t.me/iqborsa/2544
iqborsa,2023-12-21,11:27:30,2545,erbil,borsa,unknown,1528.5,iqborsa:city_line,https://t.me/iqborsa/2545
iqborsa,2023-12-21,11:53:59,2546,baghdad_generic,borsa,unknown,1526.0,iqborsa:city_line,https://t.me/iqborsa/2546
iqborsa,2023-12-21,11:59:38,2547,baghdad_generic,borsa,unknown,1525.0,iqborsa:city_line,https://t.me/iqborsa/2547
iqborsa,2023-12-21,12:57:35,2548,baghdad_generic,borsa,unknown,1523.0,iqborsa:city_line,https://t.me/iqborsa/2548
iqborsa,2023-12-21,13:07:42,2549,baghdad_generic,borsa,unknown,1520.0,iqborsa:city_line,https://t.me/iqborsa/2549
iqborsa,2023-12-21,13:15:43,2550,baghdad_generic,borsa,unknown,1518.0,iqborsa:city_line,https://t.me/iqborsa/2550
iqborsa,2023-12-21,13:23:33,2552,baghdad_generic,borsa,unknown,1517.0,iqborsa:city_line,https://t.me/iqborsa/2552
iqborsa,2023-12-21,13:51:12,2554,baghdad_generic,borsa,unknown,1525.0,iqborsa:city_line,https://t.me/iqborsa/2554
iqborsa,2023-12-21,14:17:44,2555,baghdad_generic,borsa,unknown,1522.0,iqborsa:city_line,https://t.me/iqborsa/2555
iqborsa,2023-12-21,15:42:39,2556,baghdad_generic,borsa,unknown,1525.0,iqborsa:city_line,https://t.me/iqborsa/2556
iqborsa,2023-12-21,17:22:30,2558,baghdad_generic,borsa,unknown,1524.0,iqborsa:city_line,https://t.me/iqborsa/2558
iqborsa,2023-12-22,11:01:09,2561,baghdad_generic,borsa,unknown,1525.5,iqborsa:city_line,https://t.me/iqborsa/2561
iqborsa,2023-12-22,13:33:29,2562,baghdad_generic,borsa,unknown,1522.5,iqborsa:city_line,https://t.me/iqborsa/2562
iqborsa,2023-12-22,20:05:54,2564,baghdad_generic,borsa,unknown,1526.0,iqborsa:city_line,https://t.me/iqborsa/2564
iqborsa,2023-12-23,10:44:10,2565,baghdad_generic,borsa,unknown,1524.0,iqborsa:city_line,https://t.me/iqborsa/2565
iqborsa,2023-12-23,11:57:26,2566,baghdad_generic,borsa,unknown,1521.0,iqborsa:city_line,https://t.me/iqborsa/2566
iqborsa,2023-12-23,16:01:23,2567,baghdad_generic,borsa,unknown,1522.0,iqborsa:city_line,https://t.me/iqborsa/2567
iqborsa,2023-12-23,18:50:51,2568,baghdad_generic,borsa,unknown,1521.0,iqborsa:city_line,https://t.me/iqborsa/2568
iqborsa,2023-12-23,21:46:12,2569,baghdad_generic,borsa,unknown,1520.0,iqborsa:city_line,https://t.me/iqborsa/2569
iqborsa,2023-12-23,22:51:39,2571,baghdad_generic,borsa,unknown,1518.0,iqborsa:city_line,https://t.me/iqborsa/2571
iqborsa,2023-12-24,11:23:39,2574,baghdad_generic,borsa,unknown,1512.0,iqborsa:city_line,https://t.me/iqborsa/2574
iqborsa,2023-12-24,11:25:18,2575,baghdad_generic,borsa,unknown,1513.0,iqborsa:city_line,https://t.me/iqborsa/2575
iqborsa,2023-12-24,11:27:38,2576,baghdad_generic,borsa,unknown,1512.5,iqborsa:city_line,https://t.me/iqborsa/2576
iqborsa,2023-12-24,11:33:21,2577,baghdad_generic,borsa,unknown,1512.0,iqborsa:city_line,https://t.me/iqborsa/2577
iqborsa,2023-12-24,13:26:46,2578,baghdad_generic,borsa,unknown,1510.0,iqborsa:city_line,https://t.me/iqborsa/2578
iqborsa,2023-12-24,13:59:34,2579,baghdad_generic,borsa,unknown,1511.5,iqborsa:city_line,https://t.me/iqborsa/2579
iqborsa,2023-12-24,16:41:00,2581,baghdad_generic,borsa,unknown,1508.0,iqborsa:city_line,https://t.me/iqborsa/2581
iqborsa,2023-12-24,17:16:01,2582,baghdad_generic,borsa,unknown,1502.0,iqborsa:city_line,https://t.me/iqborsa/2582
iqborsa,2023-12-24,17:36:30,2583,baghdad_generic,borsa,unknown,1499.5,iqborsa:city_line,https://t.me/iqborsa/2583
iqborsa,2023-12-24,18:12:54,2584,baghdad_generic,borsa,unknown,1498.5,iqborsa:city_line,https://t.me/iqborsa/2584
iqborsa,2023-12-24,20:51:11,2585,baghdad_generic,borsa,unknown,1494.0,iqborsa:city_line,https://t.me/iqborsa/2585
iqborsa,2023-12-24,21:25:22,2587,baghdad_generic,borsa,unknown,1489.0,iqborsa:city_line,https://t.me/iqborsa/2587
iqborsa,2023-12-25,14:02:29,2589,baghdad_generic,borsa,unknown,1491.0,iqborsa:city_line,https://t.me/iqborsa/2589
iqborsa,2023-12-25,16:29:46,2590,baghdad_generic,borsa,unknown,1493.0,iqborsa:city_line,https://t.me/iqborsa/2590
iqborsa,2023-12-25,17:49:15,2592,baghdad_generic,borsa,unknown,1500.0,iqborsa:city_line,https://t.me/iqborsa/2592
iqborsa,2023-12-25,22:34:43,2594,baghdad_generic,borsa,unknown,1494.0,iqborsa:city_line,https://t.me/iqborsa/2594
iqborsa,2023-12-25,22:48:22,2595,baghdad_generic,borsa,unknown,1493.5,iqborsa:city_line,https://t.me/iqborsa/2595
iqborsa,2023-12-26,10:49:03,2597,baghdad_generic,borsa,unknown,1500.0,iqborsa:city_line,https://t.me/iqborsa/2597
iqborsa,2023-12-26,10:49:14,2598,erbil,borsa,unknown,1508.0,iqborsa:city_line,https://t.me/iqborsa/2598
iqborsa,2023-12-26,11:15:04,2600,baghdad_generic,borsa,unknown,1505.0,iqborsa:city_line,https://t.me/iqborsa/2600
iqborsa,2023-12-26,11:59:26,2601,baghdad_generic,borsa,unknown,1508.0,iqborsa:city_line,https://t.me/iqborsa/2601
iqborsa,2023-12-26,12:02:54,2603,baghdad_generic,borsa,unknown,1506.0,iqborsa:city_line,https://t.me/iqborsa/2603
iqborsa,2023-12-26,12:31:00,2604,baghdad_generic,borsa,unknown,1507.0,iqborsa:city_line,https://t.me/iqborsa/2604
iqborsa,2023-12-26,13:47:35,2606,baghdad_generic,borsa,unknown,1517.0,iqborsa:city_line,https://t.me/iqborsa/2606
iqborsa,2023-12-26,13:47:43,2607,erbil,borsa,unknown,1520.0,iqborsa:city_line,https://t.me/iqborsa/2607
iqborsa,2023-12-26,14:18:25,2609,baghdad_generic,borsa,unknown,1520.0,iqborsa:city_line,https://t.me/iqborsa/2609
iqborsa,2023-12-26,14:36:00,2610,baghdad_generic,borsa,unknown,1523.0,iqborsa:city_line,https://t.me/iqborsa/2610
iqborsa,2023-12-26,15:15:58,2611,baghdad_generic,borsa,unknown,1532.0,iqborsa:city_line,https://t.me/iqborsa/2611
iqborsa,2023-12-26,19:07:06,2612,baghdad_generic,borsa,unknown,1529.5,iqborsa:city_line,https://t.me/iqborsa/2612
iqborsa,2023-12-26,22:34:17,2613,baghdad_generic,borsa,unknown,1528.0,iqborsa:city_line,https://t.me/iqborsa/2613
iqborsa,2023-12-26,23:07:23,2614,baghdad_generic,borsa,unknown,1525.0,iqborsa:city_line,https://t.me/iqborsa/2614
iqborsa,2023-12-26,23:11:46,2615,baghdad_generic,borsa,unknown,1524.0,iqborsa:city_line,https://t.me/iqborsa/2615
iqborsa,2023-12-27,10:26:09,2620,baghdad_generic,borsa,unknown,1527.0,iqborsa:city_line,https://t.me/iqborsa/2620
iqborsa,2023-12-27,10:39:52,2621,baghdad_generic,borsa,unknown,1524.0,iqborsa:city_line,https://t.me/iqborsa/2621
iqborsa,2023-12-27,11:03:49,2622,baghdad_generic,borsa,unknown,1522.5,iqborsa:city_line,https://t.me/iqborsa/2622
iqborsa,2023-12-27,11:18:12,2623,baghdad_generic,borsa,unknown,1517.0,iqborsa:city_line,https://t.me/iqborsa/2623
iqborsa,2023-12-27,12:03:28,2625,baghdad_generic,borsa,unknown,1521.0,iqborsa:city_line,https://t.me/iqborsa/2625
iqborsa,2023-12-27,14:46:51,2627,baghdad_generic,borsa,unknown,1514.5,iqborsa:city_line,https://t.me/iqborsa/2627
iqborsa,2023-12-27,19:56:10,2630,baghdad_generic,borsa,unknown,1518.0,iqborsa:city_line,https://t.me/iqborsa/2630
iqborsa,2023-12-27,21:58:10,2631,baghdad_generic,borsa,unknown,1515.0,iqborsa:city_line,https://t.me/iqborsa/2631
iqborsa,2023-12-28,09:49:02,2638,erbil,borsa,unknown,1518.0,iqborsa:city_line,https://t.me/iqborsa/2638
iqborsa,2023-12-28,10:16:36,2639,baghdad_generic,borsa,unknown,1515.0,iqborsa:city_line,https://t.me/iqborsa/2639
iqborsa,2023-12-28,10:21:43,2640,baghdad_generic,borsa,unknown,1514.0,iqborsa:city_line,https://t.me/iqborsa/2640
iqborsa,2023-12-28,10:44:44,2641,baghdad_generic,borsa,unknown,1518.0,iqborsa:city_line,https://t.me/iqborsa/2641
iqborsa,2023-12-28,11:23:32,2642,baghdad_generic,borsa,unknown,1520.0,iqborsa:city_line,https://t.me/iqborsa/2642
iqborsa,2023-12-28,12:17:51,2643,baghdad_generic,borsa,unknown,1527.0,iqborsa:city_line,https://t.me/iqborsa/2643
iqborsa,2023-12-28,14:56:06,2644,baghdad_generic,borsa,unknown,1524.0,iqborsa:city_line,https://t.me/iqborsa/2644
iqborsa,2023-12-28,17:42:26,2645,baghdad_generic,borsa,unknown,1526.0,iqborsa:city_line,https://t.me/iqborsa/2645
iqborsa,2023-12-28,22:10:02,2649,baghdad_generic,borsa,unknown,1524.5,iqborsa:city_line,https://t.me/iqborsa/2649
iqborsa,2023-12-29,14:56:32,2655,baghdad_generic,borsa,unknown,1524.0,iqborsa:city_line,https://t.me/iqborsa/2655
iqborsa,2023-12-30,11:53:28,2659,baghdad_generic,borsa,unknown,1522.0,iqborsa:city_line,https://t.me/iqborsa/2659
iqborsa,2023-12-30,11:57:46,2660,baghdad_generic,borsa,unknown,1521.0,iqborsa:city_line,https://t.me/iqborsa/2660
iqborsa,2023-12-30,12:16:56,2661,baghdad_generic,borsa,unknown,1520.0,iqborsa:city_line,https://t.me/iqborsa/2661
iqborsa,2023-12-30,13:47:49,2662,baghdad_generic,borsa,unknown,1520.5,iqborsa:city_line,https://t.me/iqborsa/2662
iqborsa,2023-12-30,14:10:50,2663,baghdad_generic,borsa,unknown,1522.0,iqborsa:city_line,https://t.me/iqborsa/2663
iqborsa,2023-12-30,16:47:17,2664,baghdad_generic,borsa,unknown,1522.5,iqborsa:city_line,https://t.me/iqborsa/2664
iqborsa,2023-12-31,12:27:56,2667,baghdad_generic,borsa,unknown,1525.0,iqborsa:city_line,https://t.me/iqborsa/2667
iqborsa,2023-12-31,12:28:32,2668,erbil,borsa,unknown,1523.0,iqborsa:city_line,https://t.me/iqborsa/2668
iqborsa,2023-12-31,12:47:05,2669,baghdad_generic,borsa,unknown,1525.0,iqborsa:city_line,https://t.me/iqborsa/2669
iqborsa,2023-12-31,13:31:00,2670,baghdad_generic,borsa,unknown,1525.5,iqborsa:city_line,https://t.me/iqborsa/2670
iqborsa,2023-12-31,16:07:38,2671,baghdad_generic,borsa,unknown,1524.5,iqborsa:city_line,https://t.me/iqborsa/2671
iqborsa,2024-01-01,12:17:21,2675,baghdad_generic,borsa,unknown,1524.5,iqborsa:city_line,https://t.me/iqborsa/2675
iqborsa,2024-01-01,14:02:24,2678,baghdad_generic,borsa,unknown,1524.0,iqborsa:city_line,https://t.me/iqborsa/2678
iqborsa,2024-01-02,11:13:40,2687,erbil,borsa,unknown,1526.5,iqborsa:city_line,https://t.me/iqborsa/2687
iqborsa,2024-01-02,11:14:04,2688,basra,borsa,unknown,1527.0,iqborsa:city_line,https://t.me/iqborsa/2688
iqborsa,2024-01-02,11:14:37,2689,baghdad_generic,borsa,unknown,1528.0,iqborsa:city_line,https://t.me/iqborsa/2689
iqborsa,2024-01-02,11:15:04,2690,erbil,borsa,unknown,1527.0,iqborsa:city_line,https://t.me/iqborsa/2690
iqborsa,2024-01-02,11:15:16,2691,baghdad_generic,borsa,unknown,1527.5,iqborsa:city_line,https://t.me/iqborsa/2691
iqborsa,2024-01-02,11:39:27,2692,baghdad_generic,borsa,unknown,1527.0,iqborsa:city_line,https://t.me/iqborsa/2692
iqborsa,2024-01-02,12:26:09,2693,erbil,borsa,unknown,1524.5,iqborsa:city_line,https://t.me/iqborsa/2693
iqborsa,2024-01-02,12:31:15,2694,baghdad_generic,borsa,unknown,1525.5,iqborsa:city_line,https://t.me/iqborsa/2694
iqborsa,2024-01-02,13:11:04,2695,baghdad_generic,borsa,unknown,1526.0,iqborsa:city_line,https://t.me/iqborsa/2695
iqborsa,2024-01-02,14:33:20,2697,baghdad_generic,borsa,unknown,1528.0,iqborsa:city_line,https://t.me/iqborsa/2697
iqborsa,2024-01-02,14:41:54,2698,baghdad_generic,borsa,unknown,1529.0,iqborsa:city_line,https://t.me/iqborsa/2698
iqborsa,2024-01-02,14:47:15,2699,baghdad_generic,borsa,unknown,1530.0,iqborsa:city_line,https://t.me/iqborsa/2699
iqborsa,2024-01-02,18:31:58,2701,baghdad_generic,borsa,unknown,1526.0,iqborsa:city_line,https://t.me/iqborsa/2701
iqborsa,2024-01-03,10:35:45,2706,baghdad_generic,borsa,unknown,1527.0,iqborsa:city_line,https://t.me/iqborsa/2706
iqborsa,2024-01-03,10:36:10,2707,erbil,borsa,unknown,1529.5,iqborsa:city_line,https://t.me/iqborsa/2707
iqborsa,2024-01-03,10:37:52,2708,baghdad_generic,borsa,unknown,1525.5,iqborsa:city_line,https://t.me/iqborsa/2708
iqborsa,2024-01-03,11:24:06,2709,baghdad_generic,borsa,unknown,1524.0,iqborsa:city_line,https://t.me/iqborsa/2709
iqborsa,2024-01-03,11:37:43,2710,baghdad_generic,borsa,unknown,1525.0,iqborsa:city_line,https://t.me/iqborsa/2710
iqborsa,2024-01-03,12:29:30,2711,erbil,borsa,unknown,1523.0,iqborsa:city_line,https://t.me/iqborsa/2711
iqborsa,2024-01-03,12:30:06,2712,baghdad_generic,borsa,unknown,1524.5,iqborsa:city_line,https://t.me/iqborsa/2712
iqborsa,2024-01-03,12:45:00,2713,baghdad_generic,borsa,unknown,1523.0,iqborsa:city_line,https://t.me/iqborsa/2713
iqborsa,2024-01-03,15:20:21,2714,baghdad_generic,borsa,unknown,1525.0,iqborsa:city_line,https://t.me/iqborsa/2714
iqborsa,2024-01-04,12:05:29,2720,basra,borsa,unknown,1526.5,iqborsa:city_line,https://t.me/iqborsa/2720
iqborsa,2024-01-04,12:05:38,2721,erbil,borsa,unknown,1525.0,iqborsa:city_line,https://t.me/iqborsa/2721
iqborsa,2024-01-04,12:05:51,2722,baghdad_generic,borsa,unknown,1526.0,iqborsa:city_line,https://t.me/iqborsa/2722
iqborsa,2024-01-04,12:14:15,2723,baghdad_generic,borsa,unknown,1525.5,iqborsa:city_line,https://t.me/iqborsa/2723
iqborsa,2024-01-04,12:37:29,2725,erbil,borsa,unknown,1527.0,iqborsa:city_line,https://t.me/iqborsa/2725
iqborsa,2024-01-04,12:37:36,2726,baghdad_generic,borsa,unknown,1530.0,iqborsa:city_line,https://t.me/iqborsa/2726
iqborsa,2024-01-04,14:48:34,2728,erbil,borsa,unknown,1533.5,iqborsa:city_line,https://t.me/iqborsa/2728
iqborsa,2024-01-04,14:48:41,2729,baghdad_generic,borsa,unknown,1535.0,iqborsa:city_line,https://t.me/iqborsa/2729
iqborsa,2024-01-04,18:37:52,2731,baghdad_generic,borsa,unknown,1538.5,iqborsa:city_line,https://t.me/iqborsa/2731
iqborsa,2024-01-04,19:12:41,2732,baghdad_generic,borsa,unknown,1535.0,iqborsa:city_line,https://t.me/iqborsa/2732
iqborsa,2024-01-05,16:17:29,2734,baghdad_generic,borsa,unknown,1547.0,iqborsa:city_line,https://t.me/iqborsa/2734
iqborsa,2024-01-05,17:22:47,2735,baghdad_generic,borsa,unknown,1537.5,iqborsa:city_line,https://t.me/iqborsa/2735
iqborsa,2024-01-05,17:48:10,2736,baghdad_generic,borsa,unknown,1535.0,iqborsa:city_line,https://t.me/iqborsa/2736
iqborsa,2024-01-05,21:33:11,2740,baghdad_generic,borsa,unknown,1534.5,iqborsa:city_line,https://t.me/iqborsa/2740
iqborsa,2024-01-06,12:45:54,2747,erbil,borsa,unknown,1532.5,iqborsa:city_line,https://t.me/iqborsa/2747
iqborsa,2024-01-06,12:46:04,2748,basra,borsa,unknown,1533.5,iqborsa:city_line,https://t.me/iqborsa/2748
iqborsa,2024-01-06,12:46:17,2749,baghdad_generic,borsa,unknown,1533.0,iqborsa:city_line,https://t.me/iqborsa/2749
iqborsa,2024-01-06,12:47:07,2750,baghdad_generic,borsa,unknown,1532.5,iqborsa:city_line,https://t.me/iqborsa/2750
iqborsa,2024-01-06,12:55:27,2752,baghdad_generic,borsa,unknown,1533.5,iqborsa:city_line,https://t.me/iqborsa/2752
iqborsa,2024-01-06,13:04:40,2753,baghdad_generic,borsa,unknown,1533.0,iqborsa:city_line,https://t.me/iqborsa/2753
iqborsa,2024-01-06,15:48:32,2754,baghdad_generic,borsa,unknown,1532.0,iqborsa:city_line,https://t.me/iqborsa/2754
iqborsa,2024-01-06,18:53:20,2757,baghdad_generic,borsa,unknown,1531.0,iqborsa:city_line,https://t.me/iqborsa/2757
iqborsa,2024-01-07,11:28:18,2761,basra,borsa,unknown,1528.0,iqborsa:city_line,https://t.me/iqborsa/2761
iqborsa,2024-01-07,11:28:28,2762,erbil,borsa,unknown,1525.0,iqborsa:city_line,https://t.me/iqborsa/2762
iqborsa,2024-01-07,11:28:37,2763,baghdad_generic,borsa,unknown,1526.0,iqborsa:city_line,https://t.me/iqborsa/2763
iqborsa,2024-01-07,11:42:12,2766,baghdad_generic,borsa,unknown,1526.5,iqborsa:city_line,https://t.me/iqborsa/2766
iqborsa,2024-01-07,12:08:35,2767,erbil,borsa,unknown,1524.0,iqborsa:city_line,https://t.me/iqborsa/2767
iqborsa,2024-01-07,13:07:15,2770,baghdad_generic,borsa,unknown,1527.0,iqborsa:city_line,https://t.me/iqborsa/2770
iqborsa,2024-01-07,13:23:42,2771,baghdad_generic,borsa,unknown,1529.0,iqborsa:city_line,https://t.me/iqborsa/2771
iqborsa,2024-01-07,13:39:50,2772,baghdad_generic,borsa,unknown,1528.0,iqborsa:city_line,https://t.me/iqborsa/2772
iqborsa,2024-01-07,15:03:27,2773,baghdad_generic,borsa,unknown,1529.0,iqborsa:city_line,https://t.me/iqborsa/2773
iqborsa,2024-01-07,17:34:19,2776,baghdad_generic,borsa,unknown,1531.0,iqborsa:city_line,https://t.me/iqborsa/2776
iqborsa,2024-01-07,18:19:17,2777,baghdad_generic,borsa,unknown,1531.5,iqborsa:city_line,https://t.me/iqborsa/2777
iqborsa,2024-01-08,11:33:08,2779,erbil,borsa,unknown,1528.5,iqborsa:city_line,https://t.me/iqborsa/2779
iqborsa,2024-01-08,11:33:16,2780,basra,borsa,unknown,1530.5,iqborsa:city_line,https://t.me/iqborsa/2780
iqborsa,2024-01-08,11:33:25,2781,baghdad_generic,borsa,unknown,1530.0,iqborsa:city_line,https://t.me/iqborsa/2781
iqborsa,2024-01-08,12:12:56,2782,baghdad_generic,borsa,unknown,1532.5,iqborsa:city_line,https://t.me/iqborsa/2782
iqborsa,2024-01-08,12:59:15,2783,baghdad_generic,borsa,unknown,1535.0,iqborsa:city_line,https://t.me/iqborsa/2783
iqborsa,2024-01-08,14:57:35,2784,baghdad_generic,borsa,unknown,1537.0,iqborsa:city_line,https://t.me/iqborsa/2784
iqborsa,2024-01-08,17:41:54,2787,baghdad_generic,borsa,unknown,1536.5,iqborsa:city_line,https://t.me/iqborsa/2787
iqborsa,2024-01-09,11:32:51,2791,erbil,borsa,unknown,1534.0,iqborsa:city_line,https://t.me/iqborsa/2791
iqborsa,2024-01-09,11:33:48,2792,basra,borsa,unknown,1537.0,iqborsa:city_line,https://t.me/iqborsa/2792
iqborsa,2024-01-09,11:33:57,2793,baghdad_generic,borsa,unknown,1537.0,iqborsa:city_line,https://t.me/iqborsa/2793
iqborsa,2024-01-09,11:51:16,2794,erbil,borsa,unknown,1535.0,iqborsa:city_line,https://t.me/iqborsa/2794
iqborsa,2024-01-09,12:30:07,2796,baghdad_generic,borsa,unknown,1540.0,iqborsa:city_line,https://t.me/iqborsa/2796
iqborsa,2024-01-09,12:33:02,2797,erbil,borsa,unknown,1538.0,iqborsa:city_line,https://t.me/iqborsa/2797
iqborsa,2024-01-09,13:11:55,2801,baghdad_generic,borsa,unknown,1541.5,iqborsa:city_line,https://t.me/iqborsa/2801
iqborsa,2024-01-09,14:40:24,2802,erbil,borsa,unknown,1536.0,iqborsa:city_line,https://t.me/iqborsa/2802
iqborsa,2024-01-09,15:06:33,2803,erbil,borsa,unknown,1535.0,iqborsa:city_line,https://t.me/iqborsa/2803
iqborsa,2024-01-09,15:18:00,2804,baghdad_generic,borsa,unknown,1539.0,iqborsa:city_line,https://t.me/iqborsa/2804
iqborsa,2024-01-09,16:49:21,2805,baghdad_generic,borsa,unknown,1537.0,iqborsa:city_line,https://t.me/iqborsa/2805
iqborsa,2024-01-10,11:26:05,2808,erbil,borsa,unknown,1541.0,iqborsa:city_line,https://t.me/iqborsa/2808
iqborsa,2024-01-10,11:26:25,2809,baghdad_generic,borsa,unknown,1544.0,iqborsa:city_line,https://t.me/iqborsa/2809
iqborsa,2024-01-10,11:37:50,2810,baghdad_generic,borsa,unknown,1544.5,iqborsa:city_line,https://t.me/iqborsa/2810
iqborsa,2024-01-10,11:47:59,2811,baghdad_generic,borsa,unknown,1543.5,iqborsa:city_line,https://t.me/iqborsa/2811
iqborsa,2024-01-10,12:00:41,2813,baghdad_generic,borsa,unknown,1541.5,iqborsa:city_line,https://t.me/iqborsa/2813
iqborsa,2024-01-10,12:00:53,2814,erbil,borsa,unknown,1539.0,iqborsa:city_line,https://t.me/iqborsa/2814
iqborsa,2024-01-10,12:28:30,2815,baghdad_generic,borsa,unknown,1542.0,iqborsa:city_line,https://t.me/iqborsa/2815
iqborsa,2024-01-10,13:50:17,2817,baghdad_generic,borsa,unknown,1543.5,iqborsa:city_line,https://t.me/iqborsa/2817
iqborsa,2024-01-10,14:00:50,2818,baghdad_generic,borsa,unknown,1544.0,iqborsa:city_line,https://t.me/iqborsa/2818
iqborsa,2024-01-10,16:34:48,2819,baghdad_generic,borsa,unknown,1541.0,iqborsa:city_line,https://t.me/iqborsa/2819
iqborsa,2024-01-10,19:43:00,2820,baghdad_generic,borsa,unknown,1540.0,iqborsa:city_line,https://t.me/iqborsa/2820
iqborsa,2024-01-10,22:43:07,2821,baghdad_generic,borsa,unknown,1538.5,iqborsa:city_line,https://t.me/iqborsa/2821
iqborsa,2024-01-11,10:34:27,2823,baghdad_generic,borsa,unknown,1541.0,iqborsa:city_line,https://t.me/iqborsa/2823
iqborsa,2024-01-11,10:36:18,2824,erbil,borsa,unknown,1538.5,iqborsa:city_line,https://t.me/iqborsa/2824
iqborsa,2024-01-11,10:45:34,2825,baghdad_generic,borsa,unknown,1540.0,iqborsa:city_line,https://t.me/iqborsa/2825
iqborsa,2024-01-11,11:29:42,2826,baghdad_generic,borsa,unknown,1538.5,iqborsa:city_line,https://t.me/iqborsa/2826
iqborsa,2024-01-11,12:15:47,2827,baghdad_generic,borsa,unknown,1538.0,iqborsa:city_line,https://t.me/iqborsa/2827
iqborsa,2024-01-11,12:16:29,2828,erbil,borsa,unknown,1536.5,iqborsa:city_line,https://t.me/iqborsa/2828
iqborsa,2024-01-11,12:51:42,2829,erbil,borsa,unknown,1535.5,iqborsa:city_line,https://t.me/iqborsa/2829
iqborsa,2024-01-11,14:23:36,2831,erbil,borsa,unknown,1534.0,iqborsa:city_line,https://t.me/iqborsa/2831
iqborsa,2024-01-11,15:05:50,2832,baghdad_generic,borsa,unknown,1534.0,iqborsa:city_line,https://t.me/iqborsa/2832
iqborsa,2024-01-11,15:21:34,2833,baghdad_generic,borsa,unknown,1532.0,iqborsa:city_line,https://t.me/iqborsa/2833
iqborsa,2024-01-11,15:51:11,2836,erbil,borsa,unknown,1531.0,iqborsa:city_line,https://t.me/iqborsa/2836
iqborsa,2024-01-11,15:57:57,2837,baghdad_generic,borsa,unknown,1529.5,iqborsa:city_line,https://t.me/iqborsa/2837
iqborsa,2024-01-12,13:55:10,2842,baghdad_generic,borsa,unknown,1529.0,iqborsa:city_line,https://t.me/iqborsa/2842
iqborsa,2024-01-12,13:55:40,2843,baghdad_generic,borsa,unknown,1528.5,iqborsa:city_line,https://t.me/iqborsa/2843
iqborsa,2024-01-12,14:16:40,2844,baghdad_generic,borsa,unknown,1532.0,iqborsa:city_line,https://t.me/iqborsa/2844
iqborsa,2024-01-12,17:27:12,2845,erbil,borsa,unknown,1529.0,iqborsa:city_line,https://t.me/iqborsa/2845
iqborsa,2024-01-12,20:49:15,2846,baghdad_generic,borsa,unknown,1532.5,iqborsa:city_line,https://t.me/iqborsa/2846
iqborsa,2024-01-13,11:38:11,2849,baghdad_generic,borsa,unknown,1531.0,iqborsa:city_line,https://t.me/iqborsa/2849
iqborsa,2024-01-13,11:38:54,2850,basra,borsa,unknown,1535.0,iqborsa:city_line,https://t.me/iqborsa/2850
iqborsa,2024-01-13,11:43:34,2852,baghdad_generic,borsa,unknown,1530.0,iqborsa:city_line,https://t.me/iqborsa/2852
iqborsa,2024-01-13,14:29:16,2857,baghdad_generic,borsa,unknown,1532.0,iqborsa:city_line,https://t.me/iqborsa/2857
iqborsa,2024-01-13,16:42:34,2858,baghdad_generic,borsa,unknown,1530.0,iqborsa:city_line,https://t.me/iqborsa/2858
iqborsa,2024-01-13,17:48:35,2860,erbil,borsa,unknown,1529.0,iqborsa:city_line,https://t.me/iqborsa/2860
iqborsa,2024-01-13,19:59:20,2861,baghdad_generic,borsa,unknown,1528.0,iqborsa:city_line,https://t.me/iqborsa/2861
iqborsa,2024-01-13,20:26:10,2862,baghdad_generic,borsa,unknown,1527.0,iqborsa:city_line,https://t.me/iqborsa/2862
iqborsa,2024-01-14,11:57:49,2865,basra,borsa,unknown,1531.0,iqborsa:city_line,https://t.me/iqborsa/2865
iqborsa,2024-01-14,11:58:02,2866,erbil,borsa,unknown,1527.5,iqborsa:city_line,https://t.me/iqborsa/2866
iqborsa,2024-01-14,11:58:10,2867,baghdad_generic,borsa,unknown,1528.0,iqborsa:city_line,https://t.me/iqborsa/2867
iqborsa,2024-01-14,12:59:38,2868,baghdad_generic,borsa,unknown,1530.0,iqborsa:city_line,https://t.me/iqborsa/2868
iqborsa,2024-01-14,13:53:34,2871,baghdad_generic,borsa,unknown,1531.5,iqborsa:city_line,https://t.me/iqborsa/2871
iqborsa,2024-01-14,16:59:39,2872,baghdad_generic,borsa,unknown,1526.0,iqborsa:city_line,https://t.me/iqborsa/2872
iqborsa,2024-01-14,18:55:11,2873,erbil,borsa,unknown,1525.0,iqborsa:city_line,https://t.me/iqborsa/2873
iqborsa,2024-01-14,18:55:22,2874,baghdad_generic,borsa,unknown,1527.0,iqborsa:city_line,https://t.me/iqborsa/2874
iqborsa,2024-01-14,19:52:53,2875,erbil,borsa,unknown,1524.0,iqborsa:city_line,https://t.me/iqborsa/2875
iqborsa,2024-01-14,20:07:24,2876,baghdad_generic,borsa,unknown,1525.5,iqborsa:city_line,https://t.me/iqborsa/2876
iqborsa,2024-01-15,10:51:23,2879,erbil,borsa,unknown,1523.5,iqborsa:city_line,https://t.me/iqborsa/2879
iqborsa,2024-01-15,10:51:41,2880,basra,borsa,unknown,1527.0,iqborsa:city_line,https://t.me/iqborsa/2880
iqborsa,2024-01-15,10:51:50,2881,baghdad_generic,borsa,unknown,1524.0,iqborsa:city_line,https://t.me/iqborsa/2881
iqborsa,2024-01-15,11:01:52,2882,baghdad_generic,borsa,unknown,1523.0,iqborsa:city_line,https://t.me/iqborsa/2882
iqborsa,2024-01-15,11:45:00,2883,erbil,borsa,unknown,1521.5,iqborsa:city_line,https://t.me/iqborsa/2883
iqborsa,2024-01-15,12:35:34,2884,baghdad_generic,borsa,unknown,1525.0,iqborsa:city_line,https://t.me/iqborsa/2884
iqborsa,2024-01-15,15:27:48,2885,baghdad_generic,borsa,unknown,1526.5,iqborsa:city_line,https://t.me/iqborsa/2885
iqborsa,2024-01-15,17:17:02,2889,baghdad_generic,borsa,unknown,1526.0,iqborsa:city_line,https://t.me/iqborsa/2889
iqborsa,2024-01-15,22:22:11,2890,baghdad_generic,borsa,unknown,1529.0,iqborsa:city_line,https://t.me/iqborsa/2890
iqborsa,2024-01-16,09:28:42,2894,erbil,borsa,unknown,1522.0,iqborsa:city_line,https://t.me/iqborsa/2894
iqborsa,2024-01-16,10:08:05,2895,basra,borsa,unknown,1533.0,iqborsa:city_line,https://t.me/iqborsa/2895
iqborsa,2024-01-16,10:08:33,2896,baghdad_generic,borsa,unknown,1531.0,iqborsa:city_line,https://t.me/iqborsa/2896
iqborsa,2024-01-16,10:46:43,2897,baghdad_generic,borsa,unknown,1531.5,iqborsa:city_line,https://t.me/iqborsa/2897
iqborsa,2024-01-16,12:04:26,2898,baghdad_generic,borsa,unknown,1529.0,iqborsa:city_line,https://t.me/iqborsa/2898
iqborsa,2024-01-16,14:34:51,2899,baghdad_generic,borsa,unknown,1529.5,iqborsa:city_line,https://t.me/iqborsa/2899
iqborsa,2024-01-16,15:16:51,2900,baghdad_generic,borsa,unknown,1527.5,iqborsa:city_line,https://t.me/iqborsa/2900
iqborsa,2024-01-16,20:11:51,2901,baghdad_generic,borsa,unknown,1526.0,iqborsa:city_line,https://t.me/iqborsa/2901
iqborsa,2024-01-17,11:12:40,2904,baghdad_generic,borsa,unknown,1524.0,iqborsa:city_line,https://t.me/iqborsa/2904
iqborsa,2024-01-17,13:44:27,2905,erbil,borsa,unknown,1522.5,iqborsa:city_line,https://t.me/iqborsa/2905
iqborsa,2024-01-17,13:44:39,2906,baghdad_generic,borsa,unknown,1524.0,iqborsa:city_line,https://t.me/iqborsa/2906
iqborsa,2024-01-17,14:20:34,2907,erbil,borsa,unknown,1521.5,iqborsa:city_line,https://t.me/iqborsa/2907
iqborsa,2024-01-17,18:21:17,2910,baghdad_generic,borsa,unknown,1517.0,iqborsa:city_line,https://t.me/iqborsa/2910
iqborsa,2024-01-18,10:15:27,2911,erbil,borsa,unknown,1518.0,iqborsa:city_line,https://t.me/iqborsa/2911
iqborsa,2024-01-18,10:15:38,2912,basra,borsa,unknown,1522.5,iqborsa:city_line,https://t.me/iqborsa/2912
iqborsa,2024-01-18,10:15:47,2913,baghdad_generic,borsa,unknown,1519.0,iqborsa:city_line,https://t.me/iqborsa/2913
iqborsa,2024-01-18,11:23:47,2915,baghdad_generic,borsa,unknown,1521.0,iqborsa:city_line,https://t.me/iqborsa/2915
iqborsa,2024-01-18,14:28:46,2916,baghdad_generic,borsa,unknown,1522.0,iqborsa:city_line,https://t.me/iqborsa/2916
iqborsa,2024-01-18,15:09:51,2917,baghdad_generic,borsa,unknown,1521.5,iqborsa:city_line,https://t.me/iqborsa/2917
iqborsa,2024-01-19,18:53:44,2922,baghdad_generic,borsa,unknown,1522.0,iqborsa:city_line,https://t.me/iqborsa/2922
iqborsa,2024-01-19,19:48:50,2923,baghdad_generic,borsa,unknown,1521.5,iqborsa:city_line,https://t.me/iqborsa/2923
iqborsa,2024-01-20,11:39:43,2928,basra,borsa,unknown,1526.5,iqborsa:city_line,https://t.me/iqborsa/2928
iqborsa,2024-01-20,11:40:04,2930,baghdad_generic,borsa,unknown,1523.0,iqborsa:city_line,https://t.me/iqborsa/2930
iqborsa,2024-01-20,12:13:27,2931,baghdad_generic,borsa,unknown,1521.0,iqborsa:city_line,https://t.me/iqborsa/2931
iqborsa,2024-01-20,19:20:27,2933,baghdad_generic,borsa,unknown,1519.0,iqborsa:city_line,https://t.me/iqborsa/2933
iqborsa,2024-01-21,10:01:07,2935,erbil,borsa,unknown,1517.5,iqborsa:city_line,https://t.me/iqborsa/2935
iqborsa,2024-01-21,10:17:01,2936,basra,borsa,unknown,1525.0,iqborsa:city_line,https://t.me/iqborsa/2936
iqborsa,2024-01-21,10:17:09,2937,baghdad_generic,borsa,unknown,1521.0,iqborsa:city_line,https://t.me/iqborsa/2937
iqborsa,2024-01-21,12:36:50,2938,baghdad_generic,borsa,unknown,1520.0,iqborsa:city_line,https://t.me/iqborsa/2938
iqborsa,2024-01-21,13:35:19,2939,baghdad_generic,borsa,unknown,1518.5,iqborsa:city_line,https://t.me/iqborsa/2939
iqborsa,2024-01-21,14:19:53,2940,baghdad_generic,borsa,unknown,1518.0,iqborsa:city_line,https://t.me/iqborsa/2940
iqborsa,2024-01-21,14:44:07,2942,baghdad_generic,borsa,unknown,1516.0,iqborsa:city_line,https://t.me/iqborsa/2942
iqborsa,2024-01-22,10:20:30,2946,erbil,borsa,unknown,1512.5,iqborsa:city_line,https://t.me/iqborsa/2946
iqborsa,2024-01-22,10:20:40,2947,basra,borsa,unknown,1517.5,iqborsa:city_line,https://t.me/iqborsa/2947
iqborsa,2024-01-22,10:20:50,2948,baghdad_generic,borsa,unknown,1514.0,iqborsa:city_line,https://t.me/iqborsa/2948
iqborsa,2024-01-22,10:24:48,2949,baghdad_generic,borsa,unknown,1513.5,iqborsa:city_line,https://t.me/iqborsa/2949
iqborsa,2024-01-22,12:09:33,2952,baghdad_generic,borsa,unknown,1511.0,iqborsa:city_line,https://t.me/iqborsa/2952
iqborsa,2024-01-22,13:12:26,2954,baghdad_generic,borsa,unknown,1513.0,iqborsa:city_line,https://t.me/iqborsa/2954
iqborsa,2024-01-22,14:17:52,2955,baghdad_generic,borsa,unknown,1511.0,iqborsa:city_line,https://t.me/iqborsa/2955
iqborsa,2024-01-22,14:18:04,2956,erbil,borsa,unknown,1507.0,iqborsa:city_line,https://t.me/iqborsa/2956
iqborsa,2024-01-22,14:48:14,2957,baghdad_generic,borsa,unknown,1508.0,iqborsa:city_line,https://t.me/iqborsa/2957
iqborsa,2024-01-22,16:18:30,2960,baghdad_generic,borsa,unknown,1510.0,iqborsa:city_line,https://t.me/iqborsa/2960
iqborsa,2024-01-23,10:20:43,2962,baghdad_generic,borsa,unknown,1511.5,iqborsa:city_line,https://t.me/iqborsa/2962
iqborsa,2024-01-23,10:23:43,2963,erbil,borsa,unknown,1512.0,iqborsa:city_line,https://t.me/iqborsa/2963
iqborsa,2024-01-23,10:24:01,2964,basra,borsa,unknown,1513.5,iqborsa:city_line,https://t.me/iqborsa/2964
iqborsa,2024-01-23,10:24:09,2965,baghdad_generic,borsa,unknown,1513.0,iqborsa:city_line,https://t.me/iqborsa/2965
iqborsa,2024-01-23,11:06:44,2968,erbil,borsa,unknown,1510.0,iqborsa:city_line,https://t.me/iqborsa/2968
iqborsa,2024-01-23,11:06:49,2969,basra,borsa,unknown,1514.0,iqborsa:city_line,https://t.me/iqborsa/2969
iqborsa,2024-01-23,11:07:07,2970,baghdad_generic,borsa,unknown,1511.0,iqborsa:city_line,https://t.me/iqborsa/2970
iqborsa,2024-01-23,12:14:08,2972,baghdad_generic,borsa,unknown,1509.0,iqborsa:city_line,https://t.me/iqborsa/2972
iqborsa,2024-01-23,12:35:21,2973,erbil,borsa,unknown,1507.0,iqborsa:city_line,https://t.me/iqborsa/2973
iqborsa,2024-01-23,14:16:52,2974,baghdad_generic,borsa,unknown,1508.0,iqborsa:city_line,https://t.me/iqborsa/2974
iqborsa,2024-01-23,14:17:49,2975,erbil,borsa,unknown,1506.0,iqborsa:city_line,https://t.me/iqborsa/2975
iqborsa,2024-01-24,10:08:25,2978,basra,borsa,unknown,1514.0,iqborsa:city_line,https://t.me/iqborsa/2978
iqborsa,2024-01-24,10:08:32,2979,erbil,borsa,unknown,1508.0,iqborsa:city_line,https://t.me/iqborsa/2979
iqborsa,2024-01-24,10:08:39,2980,baghdad_generic,borsa,unknown,1508.0,iqborsa:city_line,https://t.me/iqborsa/2980
iqborsa,2024-01-24,11:44:14,2981,baghdad_generic,borsa,unknown,1510.0,iqborsa:city_line,https://t.me/iqborsa/2981
iqborsa,2024-01-24,12:17:34,2982,baghdad_generic,borsa,unknown,1511.5,iqborsa:city_line,https://t.me/iqborsa/2982
iqborsa,2024-01-24,13:11:30,2983,baghdad_generic,borsa,unknown,1512.0,iqborsa:city_line,https://t.me/iqborsa/2983
iqborsa,2024-01-24,13:52:08,2984,baghdad_generic,borsa,unknown,1513.0,iqborsa:city_line,https://t.me/iqborsa/2984
iqborsa,2024-01-24,15:45:44,2986,baghdad_generic,borsa,unknown,1517.0,iqborsa:city_line,https://t.me/iqborsa/2986
iqborsa,2024-01-24,17:15:32,2987,baghdad_generic,borsa,unknown,1514.0,iqborsa:city_line,https://t.me/iqborsa/2987
iqborsa,2024-01-25,10:18:03,2990,baghdad_generic,borsa,unknown,1515.5,iqborsa:city_line,https://t.me/iqborsa/2990
iqborsa,2024-01-25,11:07:26,2991,baghdad_generic,borsa,unknown,1514.0,iqborsa:city_line,https://t.me/iqborsa/2991
iqborsa,2024-01-25,11:07:45,2992,erbil,borsa,unknown,1512.0,iqborsa:city_line,https://t.me/iqborsa/2992
iqborsa,2024-01-25,11:23:08,2993,erbil,borsa,unknown,1513.0,iqborsa:city_line,https://t.me/iqborsa/2993
iqborsa,2024-01-25,11:43:12,2994,basra,borsa,unknown,1520.0,iqborsa:city_line,https://t.me/iqborsa/2994
iqborsa,2024-01-25,11:43:32,2995,erbil,borsa,unknown,1512.5,iqborsa:city_line,https://t.me/iqborsa/2995
iqborsa,2024-01-25,11:43:40,2996,baghdad_generic,borsa,unknown,1515.0,iqborsa:city_line,https://t.me/iqborsa/2996
iqborsa,2024-01-25,11:56:43,2997,baghdad_generic,borsa,unknown,1514.5,iqborsa:city_line,https://t.me/iqborsa/2997
iqborsa,2024-01-25,12:04:10,2998,baghdad_generic,borsa,unknown,1514.0,iqborsa:city_line,https://t.me/iqborsa/2998
iqborsa,2024-01-25,14:22:24,2999,baghdad_generic,borsa,unknown,1515.5,iqborsa:city_line,https://t.me/iqborsa/2999
iqborsa,2024-01-27,11:01:00,3007,basra,borsa,unknown,1519.0,iqborsa:city_line,https://t.me/iqborsa/3007
iqborsa,2024-01-27,11:01:44,3009,baghdad_generic,borsa,unknown,1515.0,iqborsa:city_line,https://t.me/iqborsa/3009
iqborsa,2024-01-27,12:30:02,3010,baghdad_generic,borsa,unknown,1515.5,iqborsa:city_line,https://t.me/iqborsa/3010
iqborsa,2024-01-27,14:19:05,3011,baghdad_generic,borsa,unknown,1513.5,iqborsa:city_line,https://t.me/iqborsa/3011
iqborsa,2024-01-27,16:10:33,3013,baghdad_generic,borsa,unknown,1514.0,iqborsa:city_line,https://t.me/iqborsa/3013
iqborsa,2024-01-27,18:36:33,3014,baghdad_generic,borsa,unknown,1512.5,iqborsa:city_line,https://t.me/iqborsa/3014
iqborsa,2024-01-27,19:52:05,3015,baghdad_generic,borsa,unknown,1511.5,iqborsa:city_line,https://t.me/iqborsa/3015
iqborsa,2024-01-27,23:29:31,3016,baghdad_generic,borsa,unknown,1511.0,iqborsa:city_line,https://t.me/iqborsa/3016
iqborsa,2024-01-28,12:05:31,3017,baghdad_generic,borsa,unknown,1509.0,iqborsa:city_line,https://t.me/iqborsa/3017
iqborsa,2024-01-28,12:14:37,3018,baghdad_generic,borsa,unknown,1507.0,iqborsa:city_line,https://t.me/iqborsa/3018
iqborsa,2024-01-28,16:39:13,3020,baghdad_generic,borsa,unknown,1511.0,iqborsa:city_line,https://t.me/iqborsa/3020
iqborsa,2024-01-29,12:01:49,3024,erbil,borsa,unknown,1511.5,iqborsa:city_line,https://t.me/iqborsa/3024
iqborsa,2024-01-29,12:02:03,3025,baghdad_generic,borsa,unknown,1513.0,iqborsa:city_line,https://t.me/iqborsa/3025
iqborsa,2024-01-29,12:04:59,3026,basra,borsa,unknown,1516.0,iqborsa:city_line,https://t.me/iqborsa/3026
iqborsa,2024-01-29,12:10:00,3027,basra,borsa,unknown,1516.5,iqborsa:city_line,https://t.me/iqborsa/3027
iqborsa,2024-01-29,12:10:08,3028,baghdad_generic,borsa,unknown,1514.0,iqborsa:city_line,https://t.me/iqborsa/3028
iqborsa,2024-01-29,14:09:44,3030,erbil,borsa,unknown,1516.5,iqborsa:city_line,https://t.me/iqborsa/3030
iqborsa,2024-01-29,14:09:55,3031,baghdad_generic,borsa,unknown,1515.0,iqborsa:city_line,https://t.me/iqborsa/3031
iqborsa,2024-01-29,20:58:09,3034,baghdad_generic,borsa,unknown,1518.0,iqborsa:city_line,https://t.me/iqborsa/3034
iqborsa,2024-01-29,21:39:04,3035,basra,borsa,unknown,1520.0,iqborsa:short_city_line,https://t.me/iqborsa/3035
iqborsa,2024-01-29,21:39:18,3036,erbil,borsa,unknown,1520.0,iqborsa:short_city_line,https://t.me/iqborsa/3036
iqborsa,2024-01-29,21:39:37,3037,baghdad_generic,borsa,unknown,1520.0,iqborsa:short_city_line,https://t.me/iqborsa/3037
iqborsa,2024-01-30,11:46:09,3040,erbil,borsa,unknown,1524.5,iqborsa:city_line,https://t.me/iqborsa/3040
iqborsa,2024-01-30,11:46:22,3041,basra,borsa,unknown,1524.0,iqborsa:city_line,https://t.me/iqborsa/3041
iqborsa,2024-01-30,11:47:27,3042,baghdad_generic,borsa,unknown,1520.0,iqborsa:city_line,https://t.me/iqborsa/3042
iqborsa,2024-01-30,11:49:27,3043,baghdad_generic,borsa,unknown,1522.0,iqborsa:city_line,https://t.me/iqborsa/3043
iqborsa,2024-01-30,13:04:20,3045,baghdad_generic,borsa,unknown,1523.0,iqborsa:city_line,https://t.me/iqborsa/3045
iqborsa,2024-01-30,13:48:17,3046,baghdad_generic,borsa,unknown,1527.0,iqborsa:city_line,https://t.me/iqborsa/3046
iqborsa,2024-01-30,13:48:24,3047,erbil,borsa,unknown,1530.0,iqborsa:city_line,https://t.me/iqborsa/3047
iqborsa,2024-01-30,13:52:25,3048,erbil,borsa,unknown,1531.0,iqborsa:city_line,https://t.me/iqborsa/3048
iqborsa,2024-01-30,14:03:13,3050,baghdad_generic,borsa,unknown,1529.0,iqborsa:city_line,https://t.me/iqborsa/3050
iqborsa,2024-01-30,14:16:17,3052,baghdad_generic,borsa,unknown,1530.0,iqborsa:short_city_line,https://t.me/iqborsa/3052
iqborsa,2024-01-30,14:29:32,3053,baghdad_generic,borsa,unknown,1532.0,iqborsa:city_line,https://t.me/iqborsa/3053
iqborsa,2024-01-30,15:41:11,3054,baghdad_generic,borsa,unknown,1529.0,iqborsa:city_line,https://t.me/iqborsa/3054
iqborsa,2024-01-30,17:01:35,3055,baghdad_generic,borsa,unknown,1531.0,iqborsa:city_line,https://t.me/iqborsa/3055
iqborsa,2024-01-30,20:18:15,3056,baghdad_generic,borsa,unknown,1533.0,iqborsa:city_line,https://t.me/iqborsa/3056
iqborsa,2024-01-30,22:27:29,3057,baghdad_generic,borsa,unknown,1527.0,iqborsa:city_line,https://t.me/iqborsa/3057
iqborsa,2024-01-31,11:21:06,3059,basra,borsa,unknown,1530.0,iqborsa:short_city_line,https://t.me/iqborsa/3059
iqborsa,2024-01-31,11:21:16,3060,baghdad_generic,borsa,unknown,1526.0,iqborsa:city_line,https://t.me/iqborsa/3060
iqborsa,2024-01-31,11:30:18,3061,erbil,borsa,unknown,1526.0,iqborsa:city_line,https://t.me/iqborsa/3061
iqborsa,2024-01-31,11:30:28,3062,baghdad_generic,borsa,unknown,1528.0,iqborsa:city_line,https://t.me/iqborsa/3062
iqborsa,2024-01-31,11:33:42,3063,baghdad_generic,borsa,unknown,1529.0,iqborsa:city_line,https://t.me/iqborsa/3063
iqborsa,2024-01-31,12:08:06,3064,baghdad_generic,borsa,unknown,1527.5,iqborsa:city_line,https://t.me/iqborsa/3064
iqborsa,2024-01-31,13:25:04,3066,basra,borsa,unknown,1532.0,iqborsa:city_line,https://t.me/iqborsa/3066
iqborsa,2024-01-31,13:25:15,3067,baghdad_generic,borsa,unknown,1528.5,iqborsa:city_line,https://t.me/iqborsa/3067
iqborsa,2024-01-31,13:39:37,3069,baghdad_generic,borsa,unknown,1527.0,iqborsa:city_line,https://t.me/iqborsa/3069
iqborsa,2024-01-31,13:47:29,3070,erbil,borsa,unknown,1525.0,iqborsa:city_line,https://t.me/iqborsa/3070
iqborsa,2024-01-31,14:00:41,3071,erbil,borsa,unknown,1523.0,iqborsa:city_line,https://t.me/iqborsa/3071
iqborsa,2024-01-31,14:07:04,3072,baghdad_generic,borsa,unknown,1526.0,iqborsa:city_line,https://t.me/iqborsa/3072
iqborsa,2024-01-31,14:12:11,3073,baghdad_generic,borsa,unknown,1525.0,iqborsa:city_line,https://t.me/iqborsa/3073
iqborsa,2024-01-31,14:14:56,3074,erbil,borsa,unknown,1521.0,iqborsa:city_line,https://t.me/iqborsa/3074
iqborsa,2024-01-31,14:53:47,3075,baghdad_generic,borsa,unknown,1521.5,iqborsa:city_line,https://t.me/iqborsa/3075
iqborsa,2024-01-31,14:59:23,3076,baghdad_generic,borsa,unknown,1520.0,iqborsa:short_city_line,https://t.me/iqborsa/3076
iqborsa,2024-01-31,16:35:00,3079,baghdad_generic,borsa,unknown,1519.0,iqborsa:city_line,https://t.me/iqborsa/3079
iqborsa,2024-01-31,18:17:39,3081,baghdad_generic,borsa,unknown,1523.0,iqborsa:city_line,https://t.me/iqborsa/3081
iqborsa,2024-01-31,18:24:04,3082,baghdad_generic,borsa,unknown,1521.0,iqborsa:city_line,https://t.me/iqborsa/3082
iqborsa,2024-02-01,10:13:11,3085,erbil,borsa,unknown,1515.0,iqborsa:city_line,https://t.me/iqborsa/3085
iqborsa,2024-02-01,10:13:24,3086,basra,borsa,unknown,1525.0,iqborsa:city_line,https://t.me/iqborsa/3086
iqborsa,2024-02-01,10:13:39,3087,baghdad_generic,borsa,unknown,1518.0,iqborsa:city_line,https://t.me/iqborsa/3087
iqborsa,2024-02-01,10:26:06,3088,baghdad_generic,borsa,unknown,1517.0,iqborsa:city_line,https://t.me/iqborsa/3088
iqborsa,2024-02-01,10:43:38,3089,baghdad_generic,borsa,unknown,1518.5,iqborsa:city_line,https://t.me/iqborsa/3089
iqborsa,2024-02-01,12:01:46,3091,baghdad_generic,borsa,unknown,1522.0,iqborsa:city_line,https://t.me/iqborsa/3091
iqborsa,2024-02-01,12:24:55,3094,erbil,borsa,unknown,1520.0,iqborsa:city_line,https://t.me/iqborsa/3094
iqborsa,2024-02-01,12:25:04,3095,basra,borsa,unknown,1527.0,iqborsa:city_line,https://t.me/iqborsa/3095
iqborsa,2024-02-01,12:26:05,3098,baghdad_generic,borsa,unknown,1522.5,iqborsa:city_line,https://t.me/iqborsa/3098
iqborsa,2024-02-01,12:58:03,3099,baghdad_generic,borsa,unknown,1526.0,iqborsa:city_line,https://t.me/iqborsa/3099
iqborsa,2024-02-01,13:59:28,3100,baghdad_generic,borsa,unknown,1522.0,iqborsa:city_line,https://t.me/iqborsa/3100
iqborsa,2024-02-01,15:02:27,3101,baghdad_generic,borsa,unknown,1523.0,iqborsa:city_line,https://t.me/iqborsa/3101
iqborsa,2024-02-01,17:41:12,3103,baghdad_generic,borsa,unknown,1522.5,iqborsa:city_line,https://t.me/iqborsa/3103
iqborsa,2024-02-02,12:39:01,3106,baghdad_generic,borsa,unknown,1522.0,iqborsa:city_line,https://t.me/iqborsa/3106
iqborsa,2024-02-02,18:18:47,3108,baghdad_generic,borsa,unknown,1523.5,iqborsa:city_line,https://t.me/iqborsa/3108
iqborsa,2024-02-03,11:07:30,3111,basra,borsa,unknown,1529.0,iqborsa:city_line,https://t.me/iqborsa/3111
iqborsa,2024-02-03,11:07:46,3112,baghdad_generic,borsa,unknown,1525.0,iqborsa:city_line,https://t.me/iqborsa/3112
iqborsa,2024-02-03,12:01:24,3113,baghdad_generic,borsa,unknown,1524.0,iqborsa:city_line,https://t.me/iqborsa/3113
iqborsa,2024-02-03,13:35:09,3115,baghdad_generic,borsa,unknown,1524.5,iqborsa:city_line,https://t.me/iqborsa/3115
iqborsa,2024-02-03,23:57:52,3116,baghdad_generic,borsa,unknown,1523.0,iqborsa:city_line,https://t.me/iqborsa/3116
iqborsa,2024-02-04,10:33:26,3117,baghdad_generic,borsa,unknown,1519.0,iqborsa:city_line,https://t.me/iqborsa/3117
iqborsa,2024-02-04,10:34:00,3118,erbil,borsa,unknown,1519.0,iqborsa:city_line,https://t.me/iqborsa/3118
iqborsa,2024-02-04,10:37:42,3119,basra,borsa,unknown,1526.0,iqborsa:city_line,https://t.me/iqborsa/3119
iqborsa,2024-02-04,10:37:51,3120,erbil,borsa,unknown,1518.0,iqborsa:city_line,https://t.me/iqborsa/3120
iqborsa,2024-02-04,10:38:02,3121,baghdad_generic,borsa,unknown,1519.5,iqborsa:city_line,https://t.me/iqborsa/3121
iqborsa,2024-02-04,11:56:27,3122,baghdad_generic,borsa,unknown,1520.0,iqborsa:city_line,https://t.me/iqborsa/3122
iqborsa,2024-02-04,11:57:36,3123,erbil,borsa,unknown,1517.5,iqborsa:city_line,https://t.me/iqborsa/3123
iqborsa,2024-02-04,11:59:18,3124,basra,borsa,unknown,1522.0,iqborsa:city_line,https://t.me/iqborsa/3124
iqborsa,2024-02-04,12:13:45,3125,erbil,borsa,unknown,1516.0,iqborsa:city_line,https://t.me/iqborsa/3125
iqborsa,2024-02-04,12:22:29,3126,baghdad_generic,borsa,unknown,1519.5,iqborsa:city_line,https://t.me/iqborsa/3126
iqborsa,2024-02-04,12:37:45,3127,baghdad_generic,borsa,unknown,1518.0,iqborsa:city_line,https://t.me/iqborsa/3127
iqborsa,2024-02-04,13:27:13,3128,baghdad_generic,borsa,unknown,1521.0,iqborsa:city_line,https://t.me/iqborsa/3128
iqborsa,2024-02-04,13:41:27,3129,baghdad_generic,borsa,unknown,1522.0,iqborsa:city_line,https://t.me/iqborsa/3129
iqborsa,2024-02-04,13:44:18,3130,baghdad_generic,borsa,unknown,1521.0,iqborsa:city_line,https://t.me/iqborsa/3130
iqborsa,2024-02-04,17:18:44,3132,baghdad_generic,borsa,unknown,1525.0,iqborsa:city_line,https://t.me/iqborsa/3132
iqborsa,2024-02-05,09:31:49,3140,erbil,borsa,unknown,1521.5,iqborsa:city_line,https://t.me/iqborsa/3140
iqborsa,2024-02-05,10:25:00,3141,basra,borsa,unknown,1525.0,iqborsa:city_line,https://t.me/iqborsa/3141
iqborsa,2024-02-05,10:52:40,3142,baghdad_generic,borsa,unknown,1523.5,iqborsa:city_line,https://t.me/iqborsa/3142
iqborsa,2024-02-05,11:02:34,3143,baghdad_generic,borsa,unknown,1522.5,iqborsa:city_line,https://t.me/iqborsa/3143
iqborsa,2024-02-05,12:05:37,3144,baghdad_generic,borsa,unknown,1524.5,iqborsa:city_line,https://t.me/iqborsa/3144
iqborsa,2024-02-05,12:07:50,3145,erbil,borsa,unknown,1519.0,iqborsa:city_line,https://t.me/iqborsa/3145
iqborsa,2024-02-05,12:52:23,3146,erbil,borsa,unknown,1521.0,iqborsa:city_line,https://t.me/iqborsa/3146
iqborsa,2024-02-05,13:49:36,3147,baghdad_generic,borsa,unknown,1525.0,iqborsa:city_line,https://t.me/iqborsa/3147
iqborsa,2024-02-05,17:34:46,3148,baghdad_generic,borsa,unknown,1523.5,iqborsa:city_line,https://t.me/iqborsa/3148
iqborsa,2024-02-05,18:53:18,3149,baghdad_generic,borsa,unknown,1522.0,iqborsa:city_line,https://t.me/iqborsa/3149
iqborsa,2024-02-05,20:51:01,3154,baghdad_generic,borsa,unknown,1519.0,iqborsa:city_line,https://t.me/iqborsa/3154
iqborsa,2024-02-06,12:45:08,3156,erbil,borsa,unknown,1517.0,iqborsa:city_line,https://t.me/iqborsa/3156
iqborsa,2024-02-06,12:45:16,3157,baghdad_generic,borsa,unknown,1521.0,iqborsa:city_line,https://t.me/iqborsa/3157
iqborsa,2024-02-06,14:41:31,3158,baghdad_generic,borsa,unknown,1520.0,iqborsa:city_line,https://t.me/iqborsa/3158
iqborsa,2024-02-06,16:24:35,3159,erbil,borsa,unknown,1518.0,iqborsa:city_line,https://t.me/iqborsa/3159
iqborsa,2024-02-06,16:57:28,3160,baghdad_generic,borsa,unknown,1521.5,iqborsa:city_line,https://t.me/iqborsa/3160
iqborsa,2024-02-07,11:14:35,3165,erbil,borsa,unknown,1519.0,iqborsa:city_line,https://t.me/iqborsa/3165
iqborsa,2024-02-07,11:14:45,3166,baghdad_generic,borsa,unknown,1523.0,iqborsa:city_line,https://t.me/iqborsa/3166
iqborsa,2024-02-07,11:23:40,3167,baghdad_generic,borsa,unknown,1522.5,iqborsa:city_line,https://t.me/iqborsa/3167
iqborsa,2024-02-07,13:21:26,3168,baghdad_generic,borsa,unknown,1523.5,iqborsa:city_line,https://t.me/iqborsa/3168
iqborsa,2024-02-07,14:14:14,3169,baghdad_generic,borsa,unknown,1522.0,iqborsa:city_line,https://t.me/iqborsa/3169
iqborsa,2024-02-07,14:52:22,3170,erbil,borsa,unknown,1518.0,iqborsa:city_line,https://t.me/iqborsa/3170
iqborsa,2024-02-07,15:33:17,3171,baghdad_generic,borsa,unknown,1521.0,iqborsa:city_line,https://t.me/iqborsa/3171
iqborsa,2024-02-07,17:58:03,3172,baghdad_generic,borsa,unknown,1522.0,iqborsa:city_line,https://t.me/iqborsa/3172
iqborsa,2024-02-08,11:31:55,3174,erbil,borsa,unknown,1518.0,iqborsa:city_line,https://t.me/iqborsa/3174
iqborsa,2024-02-08,11:31:58,3175,baghdad_generic,borsa,unknown,1522.5,iqborsa:city_line,https://t.me/iqborsa/3175
iqborsa,2024-02-08,13:03:09,3176,baghdad_generic,borsa,unknown,1521.0,iqborsa:city_line,https://t.me/iqborsa/3176
iqborsa,2024-02-08,13:25:18,3177,baghdad_generic,borsa,unknown,1523.5,iqborsa:city_line,https://t.me/iqborsa/3177
iqborsa,2024-02-08,13:32:48,3178,erbil,borsa,unknown,1519.5,iqborsa:city_line,https://t.me/iqborsa/3178
iqborsa,2024-02-08,18:38:18,3179,baghdad_generic,borsa,unknown,1523.0,iqborsa:city_line,https://t.me/iqborsa/3179
iqborsa,2024-02-09,14:34:49,3181,baghdad_generic,borsa,unknown,1524.5,iqborsa:city_line,https://t.me/iqborsa/3181
iqborsa,2024-02-10,12:15:55,3186,basra,borsa,unknown,1527.5,iqborsa:city_line,https://t.me/iqborsa/3186
iqborsa,2024-02-10,12:16:03,3187,baghdad_generic,borsa,unknown,1525.0,iqborsa:city_line,https://t.me/iqborsa/3187
iqborsa,2024-02-10,13:56:46,3188,baghdad_generic,borsa,unknown,1526.0,iqborsa:city_line,https://t.me/iqborsa/3188
iqborsa,2024-02-10,16:39:08,3189,erbil,borsa,unknown,1523.0,iqborsa:city_line,https://t.me/iqborsa/3189
iqborsa,2024-02-10,17:28:00,3190,basra,borsa,unknown,1530.0,iqborsa:short_city_line,https://t.me/iqborsa/3190
iqborsa,2024-02-11,12:08:50,3192,baghdad_generic,borsa,unknown,1526.0,iqborsa:city_line,https://t.me/iqborsa/3192
iqborsa,2024-02-11,12:14:29,3193,basra,borsa,unknown,1529.0,iqborsa:city_line,https://t.me/iqborsa/3193
iqborsa,2024-02-11,12:14:39,3194,erbil,borsa,unknown,1523.5,iqborsa:city_line,https://t.me/iqborsa/3194
iqborsa,2024-02-11,12:18:18,3195,baghdad_generic,borsa,unknown,1525.0,iqborsa:city_line,https://t.me/iqborsa/3195
iqborsa,2024-02-11,13:18:50,3196,baghdad_generic,borsa,unknown,1524.5,iqborsa:city_line,https://t.me/iqborsa/3196
iqborsa,2024-02-11,16:18:09,3197,erbil,borsa,unknown,1519.0,iqborsa:city_line,https://t.me/iqborsa/3197
iqborsa,2024-02-11,16:51:30,3198,baghdad_generic,borsa,unknown,1522.0,iqborsa:city_line,https://t.me/iqborsa/3198
iqborsa,2024-02-11,17:54:26,3199,baghdad_generic,borsa,unknown,1523.5,iqborsa:city_line,https://t.me/iqborsa/3199
iqborsa,2024-02-12,11:13:59,3201,erbil,borsa,unknown,1518.0,iqborsa:city_line,https://t.me/iqborsa/3201
iqborsa,2024-02-12,11:16:29,3202,baghdad_generic,borsa,unknown,1521.0,iqborsa:city_line,https://t.me/iqborsa/3202
iqborsa,2024-02-12,11:16:47,3203,basra,borsa,unknown,1523.5,iqborsa:city_line,https://t.me/iqborsa/3203
iqborsa,2024-02-12,12:28:14,3204,baghdad_generic,borsa,unknown,1524.0,iqborsa:city_line,https://t.me/iqborsa/3204
iqborsa,2024-02-12,13:45:24,3205,baghdad_generic,borsa,unknown,1525.0,iqborsa:city_line,https://t.me/iqborsa/3205
iqborsa,2024-02-12,15:50:41,3206,baghdad_generic,borsa,unknown,1524.0,iqborsa:city_line,https://t.me/iqborsa/3206
iqborsa,2024-02-13,08:57:08,3210,baghdad_generic,borsa,unknown,1523.5,iqborsa:city_line,https://t.me/iqborsa/3210
iqborsa,2024-02-13,09:53:16,3211,erbil,borsa,unknown,1520.0,iqborsa:city_line,https://t.me/iqborsa/3211
iqborsa,2024-02-13,09:53:27,3212,basra,borsa,unknown,1526.0,iqborsa:city_line,https://t.me/iqborsa/3212
iqborsa,2024-02-13,10:30:02,3213,baghdad_generic,borsa,unknown,1524.0,iqborsa:city_line,https://t.me/iqborsa/3213
iqborsa,2024-02-13,11:04:35,3214,baghdad_generic,borsa,unknown,1523.5,iqborsa:city_line,https://t.me/iqborsa/3214
iqborsa,2024-02-13,11:18:42,3215,baghdad_generic,borsa,unknown,1523.0,iqborsa:city_line,https://t.me/iqborsa/3215
iqborsa,2024-02-13,11:57:58,3216,erbil,borsa,unknown,1520.0,iqborsa:city_line,https://t.me/iqborsa/3216
iqborsa,2024-02-13,14:33:58,3217,baghdad_generic,borsa,unknown,1522.5,iqborsa:city_line,https://t.me/iqborsa/3217
iqborsa,2024-02-13,14:43:04,3218,basra,borsa,unknown,1524.0,iqborsa:city_line,https://t.me/iqborsa/3218
iqborsa,2024-02-13,15:27:02,3219,baghdad_generic,borsa,unknown,1523.0,iqborsa:city_line,https://t.me/iqborsa/3219
iqborsa,2024-02-14,09:57:55,3220,basra,borsa,unknown,1525.0,iqborsa:city_line,https://t.me/iqborsa/3220
iqborsa,2024-02-14,09:58:01,3221,erbil,borsa,unknown,1521.0,iqborsa:city_line,https://t.me/iqborsa/3221
iqborsa,2024-02-14,10:13:45,3222,baghdad_generic,borsa,unknown,1523.0,iqborsa:city_line,https://t.me/iqborsa/3222
iqborsa,2024-02-14,16:54:47,3224,baghdad_generic,borsa,unknown,1522.5,iqborsa:city_line,https://t.me/iqborsa/3224
iqborsa,2024-02-15,12:09:45,3225,baghdad_generic,borsa,unknown,1522.5,iqborsa:city_line,https://t.me/iqborsa/3225
iqborsa,2024-02-15,13:55:27,3226,baghdad_generic,borsa,unknown,1524.0,iqborsa:city_line,https://t.me/iqborsa/3226
iqborsa,2024-02-15,20:09:47,3227,baghdad_generic,borsa,unknown,1526.0,iqborsa:city_line,https://t.me/iqborsa/3227
iqborsa,2024-02-17,11:21:15,3232,basra,borsa,unknown,1525.5,iqborsa:city_line,https://t.me/iqborsa/3232
iqborsa,2024-02-17,11:21:26,3233,baghdad_generic,borsa,unknown,1524.5,iqborsa:city_line,https://t.me/iqborsa/3233
iqborsa,2024-02-17,14:24:00,3234,baghdad_generic,borsa,unknown,1524.0,iqborsa:city_line,https://t.me/iqborsa/3234
iqborsa,2024-02-17,17:15:03,3236,baghdad_generic,borsa,unknown,1523.5,iqborsa:city_line,https://t.me/iqborsa/3236
iqborsa,2024-02-18,11:06:18,3237,erbil,borsa,unknown,1522.0,iqborsa:city_line,https://t.me/iqborsa/3237
iqborsa,2024-02-18,11:06:27,3238,basra,borsa,unknown,1525.0,iqborsa:city_line,https://t.me/iqborsa/3238
iqborsa,2024-02-18,11:06:36,3239,baghdad_generic,borsa,unknown,1524.0,iqborsa:city_line,https://t.me/iqborsa/3239
iqborsa,2024-02-18,12:20:15,3241,baghdad_generic,borsa,unknown,1523.5,iqborsa:city_line,https://t.me/iqborsa/3241
iqborsa,2024-02-18,14:57:11,3242,baghdad_generic,borsa,unknown,1523.0,iqborsa:city_line,https://t.me/iqborsa/3242
iqborsa,2024-02-19,10:38:24,3244,basra,borsa,unknown,1525.0,iqborsa:city_line,https://t.me/iqborsa/3244
iqborsa,2024-02-19,10:38:32,3245,erbil,borsa,unknown,1521.0,iqborsa:city_line,https://t.me/iqborsa/3245
iqborsa,2024-02-19,10:38:40,3246,baghdad_generic,borsa,unknown,1523.0,iqborsa:city_line,https://t.me/iqborsa/3246
iqborsa,2024-02-19,22:08:22,3247,baghdad_generic,borsa,unknown,1522.0,iqborsa:city_line,https://t.me/iqborsa/3247
iqborsa,2024-02-20,11:18:48,3248,erbil,borsa,unknown,1519.0,iqborsa:city_line,https://t.me/iqborsa/3248
iqborsa,2024-02-20,11:18:58,3249,basra,borsa,unknown,1524.0,iqborsa:city_line,https://t.me/iqborsa/3249
iqborsa,2024-02-20,11:19:15,3250,baghdad_generic,borsa,unknown,1521.5,iqborsa:city_line,https://t.me/iqborsa/3250
iqborsa,2024-02-20,11:39:30,3251,baghdad_generic,borsa,unknown,1521.0,iqborsa:city_line,https://t.me/iqborsa/3251
iqborsa,2024-02-20,12:17:24,3252,erbil,borsa,unknown,1518.5,iqborsa:city_line,https://t.me/iqborsa/3252
iqborsa,2024-02-20,13:58:30,3253,baghdad_generic,borsa,unknown,1522.0,iqborsa:city_line,https://t.me/iqborsa/3253
iqborsa,2024-02-21,11:42:24,3255,baghdad_generic,borsa,unknown,1523.0,iqborsa:city_line,https://t.me/iqborsa/3255
iqborsa,2024-02-22,09:54:02,3256,erbil,borsa,unknown,1520.0,iqborsa:city_line,https://t.me/iqborsa/3256
iqborsa,2024-02-22,12:19:48,3258,baghdad_generic,borsa,unknown,1522.0,iqborsa:city_line,https://t.me/iqborsa/3258
iqborsa,2024-02-22,13:23:18,3259,baghdad_generic,borsa,unknown,1521.0,iqborsa:city_line,https://t.me/iqborsa/3259
iqborsa,2024-02-22,13:56:41,3260,baghdad_generic,borsa,unknown,1519.5,iqborsa:city_line,https://t.me/iqborsa/3260
iqborsa,2024-02-22,19:01:12,3261,erbil,borsa,unknown,1517.5,iqborsa:city_line,https://t.me/iqborsa/3261
iqborsa,2024-02-24,12:35:02,3263,baghdad_generic,borsa,unknown,1519.5,iqborsa:city_line,https://t.me/iqborsa/3263
iqborsa,2024-02-24,13:23:00,3264,baghdad_generic,borsa,unknown,1518.5,iqborsa:city_line,https://t.me/iqborsa/3264
iqborsa,2024-02-24,13:23:11,3265,basra,borsa,unknown,1521.0,iqborsa:city_line,https://t.me/iqborsa/3265
iqborsa,2024-02-24,14:08:49,3267,basra,borsa,unknown,1520.0,iqborsa:city_line,https://t.me/iqborsa/3267
iqborsa,2024-02-24,15:12:36,3268,baghdad_generic,borsa,unknown,1517.0,iqborsa:city_line,https://t.me/iqborsa/3268
iqborsa,2024-02-24,17:09:00,3269,baghdad_generic,borsa,unknown,1518.0,iqborsa:city_line,https://t.me/iqborsa/3269
iqborsa,2024-02-24,21:14:03,3270,baghdad_generic,borsa,unknown,1516.0,iqborsa:city_line,https://t.me/iqborsa/3270
iqborsa,2024-02-24,22:18:40,3271,erbil,borsa,unknown,1515.0,iqborsa:city_line,https://t.me/iqborsa/3271
iqborsa,2024-02-24,23:39:56,3272,baghdad_generic,borsa,unknown,1515.0,iqborsa:city_line,https://t.me/iqborsa/3272
iqborsa,2024-02-25,11:21:27,3274,erbil,borsa,unknown,1513.5,iqborsa:city_line,https://t.me/iqborsa/3274
iqborsa,2024-02-25,11:21:38,3275,basra,borsa,unknown,1516.0,iqborsa:city_line,https://t.me/iqborsa/3275
iqborsa,2024-02-25,11:21:49,3276,baghdad_generic,borsa,unknown,1515.0,iqborsa:city_line,https://t.me/iqborsa/3276
iqborsa,2024-02-25,13:45:00,3278,baghdad_generic,borsa,unknown,1513.0,iqborsa:city_line,https://t.me/iqborsa/3278
iqborsa,2024-02-25,13:54:31,3279,erbil,borsa,unknown,1511.5,iqborsa:city_line,https://t.me/iqborsa/3279
iqborsa,2024-02-25,14:02:50,3280,baghdad_generic,borsa,unknown,1512.0,iqborsa:city_line,https://t.me/iqborsa/3280
iqborsa,2024-02-25,14:24:37,3281,erbil,borsa,unknown,1510.0,iqborsa:city_line,https://t.me/iqborsa/3281
iqborsa,2024-02-25,17:23:25,3282,erbil,borsa,unknown,1508.5,iqborsa:city_line,https://t.me/iqborsa/3282
iqborsa,2024-02-26,12:20:19,3284,baghdad_generic,borsa,unknown,1511.0,iqborsa:city_line,https://t.me/iqborsa/3284
iqborsa,2024-02-26,13:12:01,3285,basra,borsa,unknown,1513.5,iqborsa:city_line,https://t.me/iqborsa/3285
iqborsa,2024-02-26,13:12:09,3286,erbil,borsa,unknown,1510.0,iqborsa:city_line,https://t.me/iqborsa/3286
iqborsa,2024-02-26,13:12:18,3287,baghdad_generic,borsa,unknown,1512.0,iqborsa:city_line,https://t.me/iqborsa/3287
iqborsa,2024-02-26,13:24:26,3288,baghdad_generic,borsa,unknown,1512.5,iqborsa:city_line,https://t.me/iqborsa/3288
iqborsa,2024-02-26,14:10:59,3289,erbil,borsa,unknown,1512.0,iqborsa:city_line,https://t.me/iqborsa/3289
iqborsa,2024-02-26,14:11:08,3290,baghdad_generic,borsa,unknown,1514.0,iqborsa:city_line,https://t.me/iqborsa/3290
iqborsa,2024-02-26,14:44:50,3291,basra,borsa,unknown,1516.0,iqborsa:city_line,https://t.me/iqborsa/3291
iqborsa,2024-02-26,20:07:23,3292,erbil,borsa,unknown,1513.0,iqborsa:city_line,https://t.me/iqborsa/3292
iqborsa,2024-02-27,11:57:10,3293,basra,borsa,unknown,1516.5,iqborsa:city_line,https://t.me/iqborsa/3293
iqborsa,2024-02-27,11:57:18,3294,erbil,borsa,unknown,1513.5,iqborsa:city_line,https://t.me/iqborsa/3294
iqborsa,2024-02-27,11:57:32,3295,baghdad_generic,borsa,unknown,1515.0,iqborsa:city_line,https://t.me/iqborsa/3295
iqborsa,2024-02-27,13:12:02,3297,baghdad_generic,borsa,unknown,1514.0,iqborsa:city_line,https://t.me/iqborsa/3297
iqborsa,2024-02-27,22:16:23,3300,baghdad_generic,borsa,unknown,1511.0,iqborsa:city_line,https://t.me/iqborsa/3300
iqborsa,2024-02-28,10:57:32,3302,erbil,borsa,unknown,1508.0,iqborsa:city_line,https://t.me/iqborsa/3302
iqborsa,2024-02-28,10:57:44,3303,baghdad_generic,borsa,unknown,1510.0,iqborsa:city_line,https://t.me/iqborsa/3303
iqborsa,2024-02-28,10:58:30,3304,basra,borsa,unknown,1513.0,iqborsa:city_line,https://t.me/iqborsa/3304
iqborsa,2024-02-28,12:18:10,3306,baghdad_generic,borsa,unknown,1511.0,iqborsa:city_line,https://t.me/iqborsa/3306
iqborsa,2024-02-28,14:29:54,3307,baghdad_generic,borsa,unknown,1509.0,iqborsa:city_line,https://t.me/iqborsa/3307
iqborsa,2024-02-28,16:12:41,3308,erbil,borsa,unknown,1507.0,iqborsa:city_line,https://t.me/iqborsa/3308
iqborsa,2024-02-28,16:12:59,3309,baghdad_generic,borsa,unknown,1507.5,iqborsa:city_line,https://t.me/iqborsa/3309
iqborsa,2024-02-28,17:30:31,3310,baghdad_generic,borsa,unknown,1508.5,iqborsa:city_line,https://t.me/iqborsa/3310
iqborsa,2024-02-28,19:09:44,3311,baghdad_generic,borsa,unknown,1509.0,iqborsa:city_line,https://t.me/iqborsa/3311
iqborsa,2024-02-29,10:43:21,3313,basra,borsa,unknown,1511.0,iqborsa:city_line,https://t.me/iqborsa/3313
iqborsa,2024-02-29,10:43:55,3314,erbil,borsa,unknown,1508.5,iqborsa:city_line,https://t.me/iqborsa/3314
iqborsa,2024-02-29,10:44:07,3315,baghdad_generic,borsa,unknown,1509.0,iqborsa:city_line,https://t.me/iqborsa/3315
iqborsa,2024-02-29,11:29:13,3316,baghdad_generic,borsa,unknown,1510.0,iqborsa:city_line,https://t.me/iqborsa/3316
iqborsa,2024-02-29,12:19:23,3317,baghdad_generic,borsa,unknown,1508.5,iqborsa:city_line,https://t.me/iqborsa/3317
iqborsa,2024-02-29,14:07:20,3320,baghdad_generic,borsa,unknown,1509.0,iqborsa:city_line,https://t.me/iqborsa/3320
iqborsa,2024-02-29,15:49:11,3323,baghdad_generic,borsa,unknown,1510.0,iqborsa:city_line,https://t.me/iqborsa/3323
iqborsa,2024-02-29,18:20:59,3324,baghdad_generic,borsa,unknown,1509.0,iqborsa:city_line,https://t.me/iqborsa/3324
iqborsa,2024-02-29,21:04:58,3326,baghdad_generic,borsa,unknown,1510.5,iqborsa:city_line,https://t.me/iqborsa/3326
iqborsa,2024-03-01,14:40:22,3332,baghdad_generic,borsa,unknown,1510.0,iqborsa:city_line,https://t.me/iqborsa/3332
iqborsa,2024-03-01,19:16:55,3333,baghdad_generic,borsa,unknown,1511.0,iqborsa:city_line,https://t.me/iqborsa/3333
iqborsa,2024-03-02,11:50:29,3336,basra,borsa,unknown,1512.0,iqborsa:city_line,https://t.me/iqborsa/3336
iqborsa,2024-03-02,11:50:38,3337,baghdad_generic,borsa,unknown,1510.5,iqborsa:city_line,https://t.me/iqborsa/3337
iqborsa,2024-03-02,14:05:14,3338,baghdad_generic,borsa,unknown,1510.0,iqborsa:city_line,https://t.me/iqborsa/3338
iqborsa,2024-03-02,14:41:15,3340,baghdad_generic,borsa,unknown,1509.5,iqborsa:city_line,https://t.me/iqborsa/3340
iqborsa,2024-03-02,20:01:50,3342,erbil,borsa,unknown,1507.0,iqborsa:city_line,https://t.me/iqborsa/3342
iqborsa,2024-03-03,12:04:00,3344,erbil,borsa,unknown,1504.0,iqborsa:city_line,https://t.me/iqborsa/3344
iqborsa,2024-03-03,12:04:11,3345,basra,borsa,unknown,1507.0,iqborsa:city_line,https://t.me/iqborsa/3345
iqborsa,2024-03-03,12:04:36,3346,baghdad_generic,borsa,unknown,1504.0,iqborsa:city_line,https://t.me/iqborsa/3346
iqborsa,2024-03-03,12:30:20,3348,baghdad_generic,borsa,unknown,1502.0,iqborsa:city_line,https://t.me/iqborsa/3348
iqborsa,2024-03-03,13:57:45,3349,baghdad_generic,borsa,unknown,1504.0,iqborsa:city_line,https://t.me/iqborsa/3349
iqborsa,2024-03-03,14:09:39,3350,baghdad_generic,borsa,unknown,1502.0,iqborsa:city_line,https://t.me/iqborsa/3350
iqborsa,2024-03-03,14:27:07,3351,basra,borsa,unknown,1504.0,iqborsa:city_line,https://t.me/iqborsa/3351
iqborsa,2024-03-03,14:50:12,3352,baghdad_generic,borsa,unknown,1501.0,iqborsa:city_line,https://t.me/iqborsa/3352
iqborsa,2024-03-03,16:10:57,3355,baghdad_generic,borsa,unknown,1500.0,iqborsa:short_city_line,https://t.me/iqborsa/3355
iqborsa,2024-03-03,17:59:18,3360,baghdad_generic,borsa,unknown,1497.5,iqborsa:city_line,https://t.me/iqborsa/3360
iqborsa,2024-03-03,21:44:34,3364,baghdad_generic,borsa,unknown,1496.0,iqborsa:city_line,https://t.me/iqborsa/3364
iqborsa,2024-03-04,10:17:06,3365,baghdad_generic,borsa,unknown,1495.0,iqborsa:city_line,https://t.me/iqborsa/3365
iqborsa,2024-03-04,11:13:43,3366,basra,borsa,unknown,1495.0,iqborsa:city_line,https://t.me/iqborsa/3366
iqborsa,2024-03-04,11:13:53,3367,erbil,borsa,unknown,1493.0,iqborsa:city_line,https://t.me/iqborsa/3367
iqborsa,2024-03-04,11:14:04,3368,baghdad_generic,borsa,unknown,1494.0,iqborsa:city_line,https://t.me/iqborsa/3368
iqborsa,2024-03-04,11:48:41,3370,baghdad_generic,borsa,unknown,1496.0,iqborsa:city_line,https://t.me/iqborsa/3370
iqborsa,2024-03-04,12:03:10,3371,baghdad_generic,borsa,unknown,1495.0,iqborsa:city_line,https://t.me/iqborsa/3371
iqborsa,2024-03-04,12:23:30,3374,baghdad_generic,borsa,unknown,1498.0,iqborsa:city_line,https://t.me/iqborsa/3374
iqborsa,2024-03-04,12:37:53,3378,erbil,borsa,unknown,1498.0,iqborsa:city_line,https://t.me/iqborsa/3378
iqborsa,2024-03-04,12:55:28,3381,baghdad_generic,borsa,unknown,1499.0,iqborsa:city_line,https://t.me/iqborsa/3381
iqborsa,2024-03-04,13:24:25,3382,baghdad_generic,borsa,unknown,1500.0,iqborsa:short_city_line,https://t.me/iqborsa/3382
iqborsa,2024-03-04,13:33:47,3383,basra,borsa,unknown,1502.0,iqborsa:city_line,https://t.me/iqborsa/3383
iqborsa,2024-03-04,13:55:53,3384,baghdad_generic,borsa,unknown,1501.0,iqborsa:city_line,https://t.me/iqborsa/3384
iqborsa,2024-03-04,14:06:00,3385,baghdad_generic,borsa,unknown,1499.5,iqborsa:city_line,https://t.me/iqborsa/3385
iqborsa,2024-03-04,14:12:37,3386,baghdad_generic,borsa,unknown,1498.5,iqborsa:city_line,https://t.me/iqborsa/3386
iqborsa,2024-03-04,14:26:21,3390,baghdad_generic,borsa,unknown,1497.5,iqborsa:city_line,https://t.me/iqborsa/3390
iqborsa,2024-03-04,14:30:51,3391,baghdad_generic,borsa,unknown,1496.5,iqborsa:city_line,https://t.me/iqborsa/3391
iqborsa,2024-03-04,14:39:37,3394,baghdad_generic,borsa,unknown,1497.5,iqborsa:city_line,https://t.me/iqborsa/3394
iqborsa,2024-03-04,15:59:38,3396,erbil,borsa,unknown,1499.5,iqborsa:city_line,https://t.me/iqborsa/3396
iqborsa,2024-03-04,15:59:50,3397,baghdad_generic,borsa,unknown,1499.75,iqborsa:city_line,https://t.me/iqborsa/3397
iqborsa,2024-03-04,17:11:40,3398,baghdad_generic,borsa,unknown,1499.0,iqborsa:city_line,https://t.me/iqborsa/3398
iqborsa,2024-03-04,17:41:38,3399,erbil,borsa,unknown,1503.0,iqborsa:city_line,https://t.me/iqborsa/3399
iqborsa,2024-03-05,11:56:27,3402,basra,borsa,unknown,1502.5,iqborsa:city_line,https://t.me/iqborsa/3402
iqborsa,2024-03-05,11:56:39,3403,erbil,borsa,unknown,1501.0,iqborsa:city_line,https://t.me/iqborsa/3403
iqborsa,2024-03-05,11:56:50,3404,baghdad_generic,borsa,unknown,1501.0,iqborsa:city_line,https://t.me/iqborsa/3404
iqborsa,2024-03-05,13:24:58,3406,baghdad_generic,borsa,unknown,1502.0,iqborsa:city_line,https://t.me/iqborsa/3406
iqborsa,2024-03-05,13:35:36,3407,baghdad_generic,borsa,unknown,1503.0,iqborsa:city_line,https://t.me/iqborsa/3407
iqborsa,2024-03-05,13:52:53,3410,baghdad_generic,borsa,unknown,1502.5,iqborsa:city_line,https://t.me/iqborsa/3410
iqborsa,2024-03-05,13:59:01,3411,baghdad_generic,borsa,unknown,1502.25,iqborsa:city_line,https://t.me/iqborsa/3411
iqborsa,2024-03-05,15:00:32,3413,baghdad_generic,borsa,unknown,1504.0,iqborsa:city_line,https://t.me/iqborsa/3413
iqborsa,2024-03-05,16:04:32,3414,erbil,borsa,unknown,1503.0,iqborsa:city_line,https://t.me/iqborsa/3414
iqborsa,2024-03-06,12:04:23,3418,erbil,borsa,unknown,1505.5,iqborsa:city_line,https://t.me/iqborsa/3418
iqborsa,2024-03-06,12:04:34,3419,basra,borsa,unknown,1509.0,iqborsa:city_line,https://t.me/iqborsa/3419
iqborsa,2024-03-06,12:04:46,3420,baghdad_generic,borsa,unknown,1507.0,iqborsa:city_line,https://t.me/iqborsa/3420
iqborsa,2024-03-06,12:57:05,3421,baghdad_generic,borsa,unknown,1507.5,iqborsa:city_line,https://t.me/iqborsa/3421
iqborsa,2024-03-06,14:40:28,3423,baghdad_generic,borsa,unknown,1506.0,iqborsa:city_line,https://t.me/iqborsa/3423
iqborsa,2024-03-06,16:30:35,3424,baghdad_generic,borsa,unknown,1505.0,iqborsa:city_line,https://t.me/iqborsa/3424
iqborsa,2024-03-06,17:31:50,3425,baghdad_generic,borsa,unknown,1504.0,iqborsa:city_line,https://t.me/iqborsa/3425
iqborsa,2024-03-06,19:33:01,3429,baghdad_generic,borsa,unknown,1503.0,iqborsa:city_line,https://t.me/iqborsa/3429
iqborsa,2024-03-06,19:50:37,3433,baghdad_generic,borsa,unknown,1502.0,iqborsa:city_line,https://t.me/iqborsa/3433
iqborsa,2024-03-06,19:53:43,3435,erbil,borsa,unknown,1500.5,iqborsa:city_line,https://t.me/iqborsa/3435
iqborsa,2024-03-06,20:03:33,3437,erbil,borsa,unknown,1499.5,iqborsa:city_line,https://t.me/iqborsa/3437
iqborsa,2024-03-07,11:44:34,3438,basra,borsa,unknown,1507.0,iqborsa:city_line,https://t.me/iqborsa/3438
iqborsa,2024-03-07,11:44:48,3439,erbil,borsa,unknown,1503.5,iqborsa:city_line,https://t.me/iqborsa/3439
iqborsa,2024-03-07,11:45:04,3440,baghdad_generic,borsa,unknown,1504.5,iqborsa:city_line,https://t.me/iqborsa/3440
iqborsa,2024-03-07,11:53:46,3441,baghdad_generic,borsa,unknown,1504.0,iqborsa:city_line,https://t.me/iqborsa/3441
iqborsa,2024-03-07,12:12:29,3442,erbil,borsa,unknown,1502.0,iqborsa:city_line,https://t.me/iqborsa/3442
iqborsa,2024-03-07,13:35:56,3443,baghdad_generic,borsa,unknown,1503.0,iqborsa:city_line,https://t.me/iqborsa/3443
iqborsa,2024-03-07,13:52:19,3444,baghdad_generic,borsa,unknown,1502.0,iqborsa:city_line,https://t.me/iqborsa/3444
iqborsa,2024-03-07,14:25:04,3445,baghdad_generic,borsa,unknown,1501.5,iqborsa:city_line,https://t.me/iqborsa/3445
iqborsa,2024-03-07,14:49:09,3447,baghdad_generic,borsa,unknown,1499.75,iqborsa:city_line,https://t.me/iqborsa/3447
iqborsa,2024-03-07,14:57:17,3448,baghdad_generic,borsa,unknown,1501.5,iqborsa:city_line,https://t.me/iqborsa/3448
iqborsa,2024-03-07,14:59:47,3449,erbil,borsa,unknown,1500.0,iqborsa:city_line,https://t.me/iqborsa/3449
iqborsa,2024-03-08,18:24:26,3454,baghdad_generic,borsa,unknown,1502.5,iqborsa:city_line,https://t.me/iqborsa/3454
iqborsa,2024-03-09,13:50:20,3456,basra,borsa,unknown,1504.0,iqborsa:city_line,https://t.me/iqborsa/3456
iqborsa,2024-03-09,13:50:31,3457,erbil,borsa,unknown,1501.0,iqborsa:city_line,https://t.me/iqborsa/3457
iqborsa,2024-03-09,13:50:39,3458,baghdad_generic,borsa,unknown,1501.0,iqborsa:city_line,https://t.me/iqborsa/3458
iqborsa,2024-03-09,17:05:01,3459,baghdad_generic,borsa,unknown,1502.0,iqborsa:city_line,https://t.me/iqborsa/3459
iqborsa,2024-03-09,19:43:33,3460,baghdad_generic,borsa,unknown,1501.5,iqborsa:city_line,https://t.me/iqborsa/3460
iqborsa,2024-03-10,11:07:26,3463,erbil,borsa,unknown,1500.0,iqborsa:city_line,https://t.me/iqborsa/3463
iqborsa,2024-03-10,11:07:34,3464,basra,borsa,unknown,1502.0,iqborsa:city_line,https://t.me/iqborsa/3464
iqborsa,2024-03-10,11:07:55,3465,baghdad_generic,borsa,unknown,1499.0,iqborsa:city_line,https://t.me/iqborsa/3465
iqborsa,2024-03-10,13:15:35,3467,baghdad_generic,borsa,unknown,1501.5,iqborsa:city_line,https://t.me/iqborsa/3467
iqborsa,2024-03-10,14:05:58,3468,baghdad_generic,borsa,unknown,1500.0,iqborsa:city_line,https://t.me/iqborsa/3468
iqborsa,2024-03-11,13:45:59,3471,basra,borsa,unknown,1503.0,iqborsa:city_line,https://t.me/iqborsa/3471
iqborsa,2024-03-11,13:46:12,3472,erbil,borsa,unknown,1505.0,iqborsa:city_line,https://t.me/iqborsa/3472
iqborsa,2024-03-11,13:46:22,3473,baghdad_generic,borsa,unknown,1504.0,iqborsa:city_line,https://t.me/iqborsa/3473
iqborsa,2024-03-11,17:29:28,3474,baghdad_generic,borsa,unknown,1504.5,iqborsa:city_line,https://t.me/iqborsa/3474
iqborsa,2024-03-12,10:20:33,3476,erbil,borsa,unknown,1504.5,iqborsa:city_line,https://t.me/iqborsa/3476
iqborsa,2024-03-12,10:54:26,3477,baghdad_generic,borsa,unknown,1504.0,iqborsa:city_line,https://t.me/iqborsa/3477
iqborsa,2024-03-12,11:07:25,3478,baghdad_generic,borsa,unknown,1503.0,iqborsa:city_line,https://t.me/iqborsa/3478
iqborsa,2024-03-12,15:00:19,3480,baghdad_generic,borsa,unknown,1501.5,iqborsa:city_line,https://t.me/iqborsa/3480
iqborsa,2024-03-12,20:40:26,3482,baghdad_generic,borsa,unknown,1500.0,iqborsa:city_line,https://t.me/iqborsa/3482
iqborsa,2024-03-13,11:24:32,3485,erbil,borsa,unknown,1501.0,iqborsa:city_line,https://t.me/iqborsa/3485
iqborsa,2024-03-13,11:24:41,3486,baghdad_generic,borsa,unknown,1500.5,iqborsa:city_line,https://t.me/iqborsa/3486
iqborsa,2024-03-13,11:54:29,3487,baghdad_generic,borsa,unknown,1501.0,iqborsa:city_line,https://t.me/iqborsa/3487
iqborsa,2024-03-13,13:14:46,3488,baghdad_generic,borsa,unknown,1502.0,iqborsa:city_line,https://t.me/iqborsa/3488
iqborsa,2024-03-13,14:02:02,3489,baghdad_generic,borsa,unknown,1501.5,iqborsa:city_line,https://t.me/iqborsa/3489
iqborsa,2024-03-14,10:59:26,3491,baghdad_generic,borsa,unknown,1504.0,iqborsa:city_line,https://t.me/iqborsa/3491
iqborsa,2024-03-14,11:55:30,3493,baghdad_generic,borsa,unknown,1503.0,iqborsa:city_line,https://t.me/iqborsa/3493
iqborsa,2024-03-14,13:03:49,3495,baghdad_generic,borsa,unknown,1502.5,iqborsa:city_line,https://t.me/iqborsa/3495
iqborsa,2024-03-15,19:58:09,3498,baghdad_generic,borsa,unknown,1501.5,iqborsa:city_line,https://t.me/iqborsa/3498
iqborsa,2024-03-16,10:23:41,3502,basra,borsa,unknown,1502.5,iqborsa:city_line,https://t.me/iqborsa/3502
iqborsa,2024-03-16,10:23:50,3503,baghdad_generic,borsa,unknown,1503.0,iqborsa:city_line,https://t.me/iqborsa/3503
iqborsa,2024-03-16,15:48:32,3504,baghdad_generic,borsa,unknown,1499.5,iqborsa:city_line,https://t.me/iqborsa/3504
iqborsa,2024-03-16,19:29:02,3505,baghdad_generic,borsa,unknown,1499.0,iqborsa:city_line,https://t.me/iqborsa/3505
iqborsa,2024-03-16,21:06:19,3508,baghdad_generic,borsa,unknown,1498.0,iqborsa:city_line,https://t.me/iqborsa/3508
iqborsa,2024-03-17,10:52:17,3510,basra,borsa,unknown,1501.0,iqborsa:city_line,https://t.me/iqborsa/3510
iqborsa,2024-03-17,10:52:25,3511,erbil,borsa,unknown,1500.0,iqborsa:city_line,https://t.me/iqborsa/3511
iqborsa,2024-03-17,10:52:32,3512,baghdad_generic,borsa,unknown,1499.0,iqborsa:city_line,https://t.me/iqborsa/3512
iqborsa,2024-03-17,11:10:37,3514,baghdad_generic,borsa,unknown,1498.0,iqborsa:city_line,https://t.me/iqborsa/3514
iqborsa,2024-03-17,16:53:15,3516,baghdad_generic,borsa,unknown,1497.5,iqborsa:city_line,https://t.me/iqborsa/3516
iqborsa,2024-03-17,19:43:05,3517,baghdad_generic,borsa,unknown,1497.0,iqborsa:city_line,https://t.me/iqborsa/3517
iqborsa,2024-03-17,21:18:10,3519,baghdad_generic,borsa,unknown,1496.0,iqborsa:city_line,https://t.me/iqborsa/3519
iqborsa,2024-03-18,12:00:49,3522,basra,borsa,unknown,1496.0,iqborsa:city_line,https://t.me/iqborsa/3522
iqborsa,2024-03-18,12:01:04,3523,erbil,borsa,unknown,1496.5,iqborsa:city_line,https://t.me/iqborsa/3523
iqborsa,2024-03-18,12:01:18,3524,baghdad_generic,borsa,unknown,1494.5,iqborsa:city_line,https://t.me/iqborsa/3524
iqborsa,2024-03-18,12:57:16,3526,baghdad_generic,borsa,unknown,1494.0,iqborsa:city_line,https://t.me/iqborsa/3526
iqborsa,2024-03-18,13:38:18,3527,baghdad_generic,borsa,unknown,1495.0,iqborsa:city_line,https://t.me/iqborsa/3527
iqborsa,2024-03-19,11:51:31,3532,erbil,borsa,unknown,1496.0,iqborsa:city_line,https://t.me/iqborsa/3532
iqborsa,2024-03-19,11:51:41,3533,basra,borsa,unknown,1496.0,iqborsa:city_line,https://t.me/iqborsa/3533
iqborsa,2024-03-19,11:51:54,3534,baghdad_generic,borsa,unknown,1494.5,iqborsa:city_line,https://t.me/iqborsa/3534
iqborsa,2024-03-19,12:51:08,3535,baghdad_generic,borsa,unknown,1495.0,iqborsa:city_line,https://t.me/iqborsa/3535
iqborsa,2024-03-19,14:51:23,3537,baghdad_generic,borsa,unknown,1496.5,iqborsa:city_line,https://t.me/iqborsa/3537
iqborsa,2024-03-19,15:37:16,3538,baghdad_generic,borsa,unknown,1498.0,iqborsa:city_line,https://t.me/iqborsa/3538
iqborsa,2024-03-19,19:26:03,3539,baghdad_generic,borsa,unknown,1497.5,iqborsa:city_line,https://t.me/iqborsa/3539
iqborsa,2024-03-20,10:28:49,3542,basra,borsa,unknown,1497.0,iqborsa:city_line,https://t.me/iqborsa/3542
iqborsa,2024-03-20,10:28:59,3543,erbil,borsa,unknown,1499.0,iqborsa:city_line,https://t.me/iqborsa/3543
iqborsa,2024-03-20,10:29:06,3544,baghdad_generic,borsa,unknown,1497.0,iqborsa:city_line,https://t.me/iqborsa/3544
iqborsa,2024-03-20,12:21:51,3546,baghdad_generic,borsa,unknown,1498.0,iqborsa:city_line,https://t.me/iqborsa/3546
iqborsa,2024-03-20,18:20:41,3548,baghdad_generic,borsa,unknown,1497.0,iqborsa:city_line,https://t.me/iqborsa/3548
iqborsa,2024-03-21,11:04:35,3552,baghdad_generic,borsa,unknown,1496.0,iqborsa:city_line,https://t.me/iqborsa/3552
iqborsa,2024-03-21,11:09:39,3553,erbil,borsa,unknown,1499.0,iqborsa:city_line,https://t.me/iqborsa/3553
iqborsa,2024-03-21,11:09:51,3554,basra,borsa,unknown,1498.0,iqborsa:city_line,https://t.me/iqborsa/3554
iqborsa,2024-03-21,13:15:10,3555,baghdad_generic,borsa,unknown,1495.5,iqborsa:city_line,https://t.me/iqborsa/3555
iqborsa,2024-03-21,17:00:31,3559,baghdad_generic,borsa,unknown,1494.5,iqborsa:city_line,https://t.me/iqborsa/3559
iqborsa,2024-03-21,19:21:08,3562,baghdad_generic,borsa,unknown,1494.0,iqborsa:city_line,https://t.me/iqborsa/3562
iqborsa,2024-03-21,19:40:29,3564,baghdad_generic,borsa,unknown,1492.5,iqborsa:city_line,https://t.me/iqborsa/3564
iqborsa,2024-03-22,15:27:04,3570,baghdad_generic,borsa,unknown,1493.5,iqborsa:city_line,https://t.me/iqborsa/3570
iqborsa,2024-03-22,20:20:16,3572,baghdad_generic,borsa,unknown,1492.5,iqborsa:city_line,https://t.me/iqborsa/3572
iqborsa,2024-03-23,10:29:18,3575,basra,borsa,unknown,1494.0,iqborsa:city_line,https://t.me/iqborsa/3575
iqborsa,2024-03-23,10:29:32,3576,baghdad_generic,borsa,unknown,1493.5,iqborsa:city_line,https://t.me/iqborsa/3576
iqborsa,2024-03-23,10:52:32,3577,baghdad_generic,borsa,unknown,1493.0,iqborsa:city_line,https://t.me/iqborsa/3577
iqborsa,2024-03-23,11:10:07,3578,baghdad_generic,borsa,unknown,1492.5,iqborsa:city_line,https://t.me/iqborsa/3578
iqborsa,2024-03-23,12:27:57,3579,baghdad_generic,borsa,unknown,1491.0,iqborsa:city_line,https://t.me/iqborsa/3579
iqborsa,2024-03-23,13:15:35,3585,baghdad_generic,borsa,unknown,1489.0,iqborsa:city_line,https://t.me/iqborsa/3585
iqborsa,2024-03-23,13:30:10,3590,baghdad_generic,borsa,unknown,1488.0,iqborsa:city_line,https://t.me/iqborsa/3590
iqborsa,2024-03-23,14:56:51,3595,baghdad_generic,borsa,unknown,1487.0,iqborsa:city_line,https://t.me/iqborsa/3595
iqborsa,2024-03-23,17:11:54,3599,erbil,borsa,unknown,1487.0,iqborsa:city_line,https://t.me/iqborsa/3599
iqborsa,2024-03-23,19:36:39,3600,baghdad_generic,borsa,unknown,1486.5,iqborsa:city_line,https://t.me/iqborsa/3600
iqborsa,2024-03-24,12:00:55,3606,erbil,borsa,unknown,1488.5,iqborsa:city_line,https://t.me/iqborsa/3606
iqborsa,2024-03-24,12:01:05,3607,basra,borsa,unknown,1489.5,iqborsa:city_line,https://t.me/iqborsa/3607
iqborsa,2024-03-24,12:01:19,3608,baghdad_generic,borsa,unknown,1487.5,iqborsa:city_line,https://t.me/iqborsa/3608
iqborsa,2024-03-24,12:22:46,3609,erbil,borsa,unknown,1486.5,iqborsa:city_line,https://t.me/iqborsa/3609
iqborsa,2024-03-24,13:01:49,3610,baghdad_generic,borsa,unknown,1485.0,iqborsa:city_line,https://t.me/iqborsa/3610
iqborsa,2024-03-24,13:21:42,3611,baghdad_generic,borsa,unknown,1482.5,iqborsa:city_line,https://t.me/iqborsa/3611
iqborsa,2024-03-24,13:30:50,3614,basra,borsa,unknown,1486.0,iqborsa:city_line,https://t.me/iqborsa/3614
iqborsa,2024-03-24,13:30:59,3615,erbil,borsa,unknown,1483.5,iqborsa:city_line,https://t.me/iqborsa/3615
iqborsa,2024-03-24,13:31:08,3616,baghdad_generic,borsa,unknown,1482.0,iqborsa:city_line,https://t.me/iqborsa/3616
iqborsa,2024-03-24,16:01:59,3617,baghdad_generic,borsa,unknown,1481.5,iqborsa:city_line,https://t.me/iqborsa/3617
iqborsa,2024-03-24,16:50:16,3619,erbil,borsa,unknown,1479.0,iqborsa:city_line,https://t.me/iqborsa/3619
iqborsa,2024-03-24,18:09:40,3620,baghdad_generic,borsa,unknown,1482.5,iqborsa:city_line,https://t.me/iqborsa/3620
iqborsa,2024-03-24,18:09:57,3621,erbil,borsa,unknown,1479.5,iqborsa:city_line,https://t.me/iqborsa/3621
iqborsa,2024-03-24,19:59:46,3622,baghdad_generic,borsa,unknown,1475.5,iqborsa:city_line,https://t.me/iqborsa/3622
iqborsa,2024-03-24,23:10:12,3625,erbil,borsa,unknown,1473.0,iqborsa:city_line,https://t.me/iqborsa/3625
iqborsa,2024-03-24,23:11:52,3626,baghdad_generic,borsa,unknown,1473.5,iqborsa:city_line,https://t.me/iqborsa/3626
iqborsa,2024-03-25,11:17:08,3630,baghdad_generic,borsa,unknown,1471.5,iqborsa:city_line,https://t.me/iqborsa/3630
iqborsa,2024-03-25,11:17:42,3632,baghdad_generic,borsa,unknown,1468.0,iqborsa:city_line,https://t.me/iqborsa/3632
iqborsa,2024-03-25,13:35:28,3633,baghdad_generic,borsa,unknown,1474.0,iqborsa:city_line,https://t.me/iqborsa/3633
iqborsa,2024-03-25,15:02:39,3634,baghdad_generic,borsa,unknown,1472.5,iqborsa:city_line,https://t.me/iqborsa/3634
iqborsa,2024-03-25,17:05:19,3635,baghdad_generic,borsa,unknown,1473.5,iqborsa:city_line,https://t.me/iqborsa/3635
iqborsa,2024-03-26,10:31:09,3637,basra,borsa,unknown,1477.0,iqborsa:city_line,https://t.me/iqborsa/3637
iqborsa,2024-03-26,10:31:29,3638,erbil,borsa,unknown,1476.0,iqborsa:city_line,https://t.me/iqborsa/3638
iqborsa,2024-03-26,10:31:46,3639,baghdad_generic,borsa,unknown,1476.0,iqborsa:city_line,https://t.me/iqborsa/3639
iqborsa,2024-03-26,12:45:44,3640,baghdad_generic,borsa,unknown,1477.5,iqborsa:city_line,https://t.me/iqborsa/3640
iqborsa,2024-03-27,12:40:50,3645,erbil,borsa,unknown,1479.0,iqborsa:city_line,https://t.me/iqborsa/3645
iqborsa,2024-03-27,12:41:10,3646,basra,borsa,unknown,1481.0,iqborsa:city_line,https://t.me/iqborsa/3646
iqborsa,2024-03-27,12:41:22,3647,baghdad_generic,borsa,unknown,1481.0,iqborsa:city_line,https://t.me/iqborsa/3647
iqborsa,2024-03-27,12:48:39,3649,erbil,borsa,unknown,1478.0,iqborsa:city_line,https://t.me/iqborsa/3649
iqborsa,2024-03-27,12:48:51,3650,baghdad_generic,borsa,unknown,1480.5,iqborsa:city_line,https://t.me/iqborsa/3650
iqborsa,2024-03-27,12:56:46,3651,baghdad_generic,borsa,unknown,1480.0,iqborsa:city_line,https://t.me/iqborsa/3651
iqborsa,2024-03-27,13:17:43,3652,baghdad_generic,borsa,unknown,1479.0,iqborsa:city_line,https://t.me/iqborsa/3652
iqborsa,2024-03-27,13:55:12,3654,baghdad_generic,borsa,unknown,1478.5,iqborsa:city_line,https://t.me/iqborsa/3654
iqborsa,2024-03-27,16:58:13,3655,erbil,borsa,unknown,1472.5,iqborsa:city_line,https://t.me/iqborsa/3655
iqborsa,2024-03-27,16:58:23,3656,baghdad_generic,borsa,unknown,1476.0,iqborsa:city_line,https://t.me/iqborsa/3656
iqborsa,2024-03-27,17:57:29,3657,baghdad_generic,borsa,unknown,1473.0,iqborsa:city_line,https://t.me/iqborsa/3657
iqborsa,2024-03-28,12:27:58,3661,basra,borsa,unknown,1474.5,iqborsa:city_line,https://t.me/iqborsa/3661
iqborsa,2024-03-28,12:28:09,3662,baghdad_generic,borsa,unknown,1473.5,iqborsa:city_line,https://t.me/iqborsa/3662
iqborsa,2024-03-28,12:28:24,3663,erbil,borsa,unknown,1468.5,iqborsa:city_line,https://t.me/iqborsa/3663
iqborsa,2024-03-28,12:56:15,3664,baghdad_generic,borsa,unknown,1472.5,iqborsa:city_line,https://t.me/iqborsa/3664
iqborsa,2024-03-28,12:56:30,3665,erbil,borsa,unknown,1467.0,iqborsa:city_line,https://t.me/iqborsa/3665
iqborsa,2024-03-28,13:32:44,3666,baghdad_generic,borsa,unknown,1469.0,iqborsa:city_line,https://t.me/iqborsa/3666
iqborsa,2024-03-28,13:47:12,3667,erbil,borsa,unknown,1465.0,iqborsa:city_line,https://t.me/iqborsa/3667
iqborsa,2024-03-28,15:06:26,3668,erbil,borsa,unknown,1469.5,iqborsa:city_line,https://t.me/iqborsa/3668
iqborsa,2024-03-28,15:06:35,3669,baghdad_generic,borsa,unknown,1472.0,iqborsa:city_line,https://t.me/iqborsa/3669
iqborsa,2024-03-28,21:40:00,3671,baghdad_generic,borsa,unknown,1470.0,iqborsa:city_line,https://t.me/iqborsa/3671
iqborsa,2024-03-29,17:07:36,3682,erbil,borsa,unknown,1467.5,iqborsa:city_line,https://t.me/iqborsa/3682
iqborsa,2024-03-30,11:06:01,3684,basra,borsa,unknown,1475.0,iqborsa:city_line,https://t.me/iqborsa/3684
iqborsa,2024-03-30,11:06:15,3685,baghdad_generic,borsa,unknown,1473.0,iqborsa:city_line,https://t.me/iqborsa/3685
iqborsa,2024-03-30,11:09:20,3686,baghdad_generic,borsa,unknown,1472.5,iqborsa:city_line,https://t.me/iqborsa/3686
iqborsa,2024-03-30,13:44:04,3687,baghdad_generic,borsa,unknown,1472.0,iqborsa:city_line,https://t.me/iqborsa/3687
iqborsa,2024-03-30,19:55:53,3691,baghdad_generic,borsa,unknown,1471.0,iqborsa:city_line,https://t.me/iqborsa/3691
iqborsa,2024-03-31,11:19:12,3696,basra,borsa,unknown,1471.0,iqborsa:city_line,https://t.me/iqborsa/3696
iqborsa,2024-03-31,11:19:28,3697,erbil,borsa,unknown,1466.5,iqborsa:city_line,https://t.me/iqborsa/3697
iqborsa,2024-03-31,11:19:50,3698,baghdad_generic,borsa,unknown,1469.5,iqborsa:city_line,https://t.me/iqborsa/3698
iqborsa,2024-03-31,17:27:01,3702,baghdad_generic,borsa,unknown,1472.0,iqborsa:city_line,https://t.me/iqborsa/3702
iqborsa,2024-03-31,17:38:29,3704,basra,borsa,unknown,1472.5,iqborsa:city_line,https://t.me/iqborsa/3704
iqborsa,2024-04-01,14:35:55,3709,erbil,borsa,unknown,1468.5,iqborsa:city_line,https://t.me/iqborsa/3709
iqborsa,2024-04-01,14:36:06,3710,basra,borsa,unknown,1471.5,iqborsa:city_line,https://t.me/iqborsa/3710
iqborsa,2024-04-01,14:36:16,3711,baghdad_generic,borsa,unknown,1471.0,iqborsa:city_line,https://t.me/iqborsa/3711
iqborsa,2024-04-01,20:33:55,3716,baghdad_generic,borsa,unknown,1472.5,iqborsa:city_line,https://t.me/iqborsa/3716
iqborsa,2024-04-02,10:35:41,3721,baghdad_generic,borsa,unknown,1473.0,iqborsa:city_line,https://t.me/iqborsa/3721
iqborsa,2024-04-02,11:07:22,3722,erbil,borsa,unknown,1469.5,iqborsa:city_line,https://t.me/iqborsa/3722
iqborsa,2024-04-02,11:07:33,3723,basra,borsa,unknown,1472.5,iqborsa:city_line,https://t.me/iqborsa/3723
iqborsa,2024-04-02,13:03:28,3724,baghdad_generic,borsa,unknown,1472.5,iqborsa:city_line,https://t.me/iqborsa/3724
iqborsa,2024-04-02,13:26:09,3725,erbil,borsa,unknown,1471.5,iqborsa:city_line,https://t.me/iqborsa/3725
iqborsa,2024-04-02,13:26:19,3726,baghdad_generic,borsa,unknown,1473.5,iqborsa:city_line,https://t.me/iqborsa/3726
iqborsa,2024-04-02,17:10:45,3727,baghdad_generic,borsa,unknown,1477.5,iqborsa:city_line,https://t.me/iqborsa/3727
iqborsa,2024-04-03,11:55:19,3729,basra,borsa,unknown,1475.0,iqborsa:city_line,https://t.me/iqborsa/3729
iqborsa,2024-04-03,11:55:34,3730,erbil,borsa,unknown,1475.0,iqborsa:city_line,https://t.me/iqborsa/3730
iqborsa,2024-04-03,11:55:46,3731,baghdad_generic,borsa,unknown,1475.0,iqborsa:city_line,https://t.me/iqborsa/3731
iqborsa,2024-04-03,12:18:33,3732,baghdad_generic,borsa,unknown,1473.0,iqborsa:city_line,https://t.me/iqborsa/3732
iqborsa,2024-04-03,13:54:22,3733,baghdad_generic,borsa,unknown,1474.0,iqborsa:city_line,https://t.me/iqborsa/3733
iqborsa,2024-04-03,20:32:33,3738,baghdad_generic,borsa,unknown,1743.0,iqborsa:city_line,https://t.me/iqborsa/3738
iqborsa,2024-04-03,20:47:35,3739,baghdad_generic,borsa,unknown,1473.0,iqborsa:city_line,https://t.me/iqborsa/3739
iqborsa,2024-04-04,12:08:29,3742,basra,borsa,unknown,1473.5,iqborsa:city_line,https://t.me/iqborsa/3742
iqborsa,2024-04-04,12:08:39,3743,erbil,borsa,unknown,1470.0,iqborsa:city_line,https://t.me/iqborsa/3743
iqborsa,2024-04-04,12:09:01,3744,baghdad_generic,borsa,unknown,1473.0,iqborsa:city_line,https://t.me/iqborsa/3744
iqborsa,2024-04-04,14:36:04,3745,baghdad_generic,borsa,unknown,1474.0,iqborsa:city_line,https://t.me/iqborsa/3745
iqborsa,2024-04-04,23:34:27,3749,erbil,borsa,unknown,1473.0,iqborsa:city_line,https://t.me/iqborsa/3749
iqborsa,2024-04-05,18:13:36,3752,baghdad_generic,borsa,unknown,1476.0,iqborsa:city_line,https://t.me/iqborsa/3752
iqborsa,2024-04-06,15:02:05,3755,erbil,borsa,unknown,1476.0,iqborsa:city_line,https://t.me/iqborsa/3755
iqborsa,2024-04-06,15:02:15,3756,basra,borsa,unknown,1477.0,iqborsa:city_line,https://t.me/iqborsa/3756
iqborsa,2024-04-06,15:02:25,3757,baghdad_generic,borsa,unknown,1477.0,iqborsa:city_line,https://t.me/iqborsa/3757
iqborsa,2024-04-06,17:21:07,3759,baghdad_generic,borsa,unknown,1476.5,iqborsa:city_line,https://t.me/iqborsa/3759
iqborsa,2024-04-06,21:10:36,3761,baghdad_generic,borsa,unknown,1475.0,iqborsa:city_line,https://t.me/iqborsa/3761
iqborsa,2024-04-07,12:28:37,3764,basra,borsa,unknown,1476.0,iqborsa:city_line,https://t.me/iqborsa/3764
iqborsa,2024-04-07,12:28:58,3765,erbil,borsa,unknown,1474.0,iqborsa:city_line,https://t.me/iqborsa/3765
iqborsa,2024-04-07,12:29:09,3766,baghdad_generic,borsa,unknown,1474.5,iqborsa:city_line,https://t.me/iqborsa/3766
iqborsa,2024-04-07,12:43:39,3767,baghdad_generic,borsa,unknown,1475.0,iqborsa:city_line,https://t.me/iqborsa/3767
iqborsa,2024-04-07,18:09:42,3771,baghdad_generic,borsa,unknown,1476.0,iqborsa:city_line,https://t.me/iqborsa/3771
iqborsa,2024-04-07,18:13:31,3772,baghdad_generic,borsa,unknown,1479.0,iqborsa:city_line,https://t.me/iqborsa/3772
iqborsa,2024-04-07,23:23:40,3774,baghdad_generic,borsa,unknown,1480.0,iqborsa:short_city_line,https://t.me/iqborsa/3774
iqborsa,2024-04-08,12:20:33,3777,basra,borsa,unknown,1481.5,iqborsa:city_line,https://t.me/iqborsa/3777
iqborsa,2024-04-08,12:20:43,3778,erbil,borsa,unknown,1480.0,iqborsa:city_line,https://t.me/iqborsa/3778
iqborsa,2024-04-08,12:20:51,3779,baghdad_generic,borsa,unknown,1480.0,iqborsa:city_line,https://t.me/iqborsa/3779
iqborsa,2024-04-08,12:51:49,3780,baghdad_generic,borsa,unknown,1479.0,iqborsa:city_line,https://t.me/iqborsa/3780
iqborsa,2024-04-08,19:31:38,3782,baghdad_generic,borsa,unknown,1480.0,iqborsa:city_line,https://t.me/iqborsa/3782
iqborsa,2024-04-08,21:54:43,3784,baghdad_generic,borsa,unknown,1482.5,iqborsa:city_line,https://t.me/iqborsa/3784
iqborsa,2024-04-09,16:07:09,3787,erbil,borsa,unknown,1481.5,iqborsa:city_line,https://t.me/iqborsa/3787
iqborsa,2024-04-11,19:57:15,3798,baghdad_generic,borsa,unknown,1480.5,iqborsa:city_line,https://t.me/iqborsa/3798
iqborsa,2024-04-13,12:26:59,3804,baghdad_generic,borsa,unknown,1482.0,iqborsa:city_line,https://t.me/iqborsa/3804
iqborsa,2024-04-14,10:02:31,3810,erbil,borsa,unknown,1485.0,iqborsa:city_line,https://t.me/iqborsa/3810
iqborsa,2024-04-14,10:02:40,3811,baghdad_generic,borsa,unknown,1485.0,iqborsa:city_line,https://t.me/iqborsa/3811
iqborsa,2024-04-14,11:05:18,3812,baghdad_generic,borsa,unknown,1483.0,iqborsa:city_line,https://t.me/iqborsa/3812
iqborsa,2024-04-14,12:00:48,3813,baghdad_generic,borsa,unknown,1482.5,iqborsa:city_line,https://t.me/iqborsa/3813
iqborsa,2024-04-14,13:52:42,3814,baghdad_generic,borsa,unknown,1487.0,iqborsa:city_line,https://t.me/iqborsa/3814
iqborsa,2024-04-14,15:18:41,3815,baghdad_generic,borsa,unknown,1489.0,iqborsa:city_line,https://t.me/iqborsa/3815
iqborsa,2024-04-14,17:40:53,3816,baghdad_generic,borsa,unknown,1488.0,iqborsa:city_line,https://t.me/iqborsa/3816
iqborsa,2024-04-15,10:15:13,3818,erbil,borsa,unknown,1487.5,iqborsa:city_line,https://t.me/iqborsa/3818
iqborsa,2024-04-15,10:15:31,3819,basra,borsa,unknown,1488.0,iqborsa:city_line,https://t.me/iqborsa/3819
iqborsa,2024-04-15,10:15:47,3820,baghdad_generic,borsa,unknown,1486.0,iqborsa:city_line,https://t.me/iqborsa/3820
iqborsa,2024-04-15,11:42:03,3821,baghdad_generic,borsa,unknown,1485.0,iqborsa:city_line,https://t.me/iqborsa/3821
iqborsa,2024-04-15,13:20:24,3822,baghdad_generic,borsa,unknown,1484.0,iqborsa:city_line,https://t.me/iqborsa/3822
iqborsa,2024-04-15,15:02:37,3823,baghdad_generic,borsa,unknown,1483.5,iqborsa:city_line,https://t.me/iqborsa/3823
iqborsa,2024-04-15,22:30:02,3826,baghdad_generic,borsa,unknown,1480.0,iqborsa:city_line,https://t.me/iqborsa/3826
iqborsa,2024-04-16,09:39:00,3830,erbil,borsa,unknown,1483.5,iqborsa:city_line,https://t.me/iqborsa/3830
iqborsa,2024-04-16,10:28:42,3831,baghdad_generic,borsa,unknown,1482.0,iqborsa:city_line,https://t.me/iqborsa/3831
iqborsa,2024-04-16,13:37:34,3832,baghdad_generic,borsa,unknown,1484.0,iqborsa:city_line,https://t.me/iqborsa/3832
iqborsa,2024-04-16,14:43:56,3833,baghdad_generic,borsa,unknown,1485.5,iqborsa:city_line,https://t.me/iqborsa/3833
iqborsa,2024-04-16,14:59:38,3834,erbil,borsa,unknown,1487.5,iqborsa:city_line,https://t.me/iqborsa/3834
iqborsa,2024-04-16,14:59:46,3835,baghdad_generic,borsa,unknown,1486.0,iqborsa:city_line,https://t.me/iqborsa/3835
iqborsa,2024-04-16,15:03:11,3836,baghdad_generic,borsa,unknown,1485.0,iqborsa:city_line,https://t.me/iqborsa/3836
iqborsa,2024-04-16,21:09:50,3840,baghdad_generic,borsa,unknown,1484.5,iqborsa:city_line,https://t.me/iqborsa/3840
iqborsa,2024-04-17,11:15:22,3843,erbil,borsa,unknown,1486.0,iqborsa:city_line,https://t.me/iqborsa/3843
iqborsa,2024-04-17,11:15:32,3844,basra,borsa,unknown,1485.0,iqborsa:city_line,https://t.me/iqborsa/3844
iqborsa,2024-04-17,11:15:40,3845,baghdad_generic,borsa,unknown,1484.0,iqborsa:city_line,https://t.me/iqborsa/3845
iqborsa,2024-04-17,14:18:47,3847,baghdad_generic,borsa,unknown,1483.0,iqborsa:city_line,https://t.me/iqborsa/3847
iqborsa,2024-04-17,21:31:38,3848,baghdad_generic,borsa,unknown,1482.0,iqborsa:city_line,https://t.me/iqborsa/3848
iqborsa,2024-04-18,10:14:09,3852,erbil,borsa,unknown,1481.0,iqborsa:city_line,https://t.me/iqborsa/3852
iqborsa,2024-04-18,10:14:23,3853,basra,borsa,unknown,1482.0,iqborsa:city_line,https://t.me/iqborsa/3853
iqborsa,2024-04-18,10:14:36,3854,baghdad_generic,borsa,unknown,1482.0,iqborsa:city_line,https://t.me/iqborsa/3854
iqborsa,2024-04-18,12:39:55,3855,baghdad_generic,borsa,unknown,1480.0,iqborsa:city_line,https://t.me/iqborsa/3855
iqborsa,2024-04-18,14:00:34,3856,baghdad_generic,borsa,unknown,1479.5,iqborsa:city_line,https://t.me/iqborsa/3856
iqborsa,2024-04-18,15:18:37,3857,baghdad_generic,borsa,unknown,1477.5,iqborsa:city_line,https://t.me/iqborsa/3857
iqborsa,2024-04-19,19:00:42,3865,baghdad_generic,borsa,unknown,1477.0,iqborsa:city_line,https://t.me/iqborsa/3865
iqborsa,2024-04-20,10:35:28,3868,baghdad_generic,borsa,unknown,1479.0,iqborsa:city_line,https://t.me/iqborsa/3868
iqborsa,2024-04-20,10:55:04,3869,baghdad_generic,borsa,unknown,1476.5,iqborsa:city_line,https://t.me/iqborsa/3869
iqborsa,2024-04-20,14:04:31,3870,baghdad_generic,borsa,unknown,1475.0,iqborsa:city_line,https://t.me/iqborsa/3870
iqborsa,2024-04-20,17:09:19,3871,baghdad_generic,borsa,unknown,1473.0,iqborsa:city_line,https://t.me/iqborsa/3871
iqborsa,2024-04-20,20:40:48,3873,baghdad_generic,borsa,unknown,1742.0,iqborsa:city_line,https://t.me/iqborsa/3873
iqborsa,2024-04-20,20:48:19,3874,baghdad_generic,borsa,unknown,1742.5,iqborsa:city_line,https://t.me/iqborsa/3874
iqborsa,2024-04-20,20:52:48,3875,baghdad_generic,borsa,unknown,1472.0,iqborsa:city_line,https://t.me/iqborsa/3875
iqborsa,2024-04-20,20:59:38,3876,erbil,borsa,unknown,1472.0,iqborsa:city_line,https://t.me/iqborsa/3876
iqborsa,2024-04-20,20:59:49,3877,basra,borsa,unknown,1473.0,iqborsa:city_line,https://t.me/iqborsa/3877
iqborsa,2024-04-20,22:30:12,3879,baghdad_generic,borsa,unknown,1471.0,iqborsa:city_line,https://t.me/iqborsa/3879
iqborsa,2024-04-21,12:19:28,3881,baghdad_generic,borsa,unknown,1472.0,iqborsa:city_line,https://t.me/iqborsa/3881
iqborsa,2024-04-21,12:19:59,3882,erbil,borsa,unknown,1473.0,iqborsa:city_line,https://t.me/iqborsa/3882
iqborsa,2024-04-21,12:20:48,3884,basra,borsa,unknown,1472.5,iqborsa:city_line,https://t.me/iqborsa/3884
iqborsa,2024-04-21,12:27:26,3885,baghdad_generic,borsa,unknown,1473.0,iqborsa:city_line,https://t.me/iqborsa/3885
iqborsa,2024-04-21,12:36:29,3886,baghdad_generic,borsa,unknown,1472.5,iqborsa:city_line,https://t.me/iqborsa/3886
iqborsa,2024-04-21,13:41:32,3888,baghdad_generic,borsa,unknown,1474.0,iqborsa:city_line,https://t.me/iqborsa/3888
iqborsa,2024-04-21,13:56:55,3889,baghdad_generic,borsa,unknown,1473.0,iqborsa:city_line,https://t.me/iqborsa/3889
iqborsa,2024-04-21,18:10:44,3891,baghdad_generic,borsa,unknown,1474.0,iqborsa:city_line,https://t.me/iqborsa/3891
iqborsa,2024-04-22,12:16:31,3898,baghdad_generic,borsa,unknown,1474.5,iqborsa:city_line,https://t.me/iqborsa/3898
iqborsa,2024-04-22,13:10:47,3899,baghdad_generic,borsa,unknown,1474.0,iqborsa:city_line,https://t.me/iqborsa/3899
iqborsa,2024-04-22,13:24:40,3902,baghdad_generic,borsa,unknown,1473.5,iqborsa:city_line,https://t.me/iqborsa/3902
iqborsa,2024-04-22,14:09:10,3904,baghdad_generic,borsa,unknown,1474.0,iqborsa:city_line,https://t.me/iqborsa/3904
iqborsa,2024-04-22,17:22:16,3907,baghdad_generic,borsa,unknown,1474.0,iqborsa:city_line,https://t.me/iqborsa/3907
iqborsa,2024-04-22,20:20:23,3913,erbil,borsa,unknown,1469.5,iqborsa:city_line,https://t.me/iqborsa/3913
iqborsa,2024-04-22,22:13:02,3915,baghdad_generic,borsa,unknown,1472.0,iqborsa:city_line,https://t.me/iqborsa/3915
iqborsa,2024-04-23,12:27:04,3917,basra,borsa,unknown,1472.5,iqborsa:city_line,https://t.me/iqborsa/3917
iqborsa,2024-04-23,12:27:13,3918,baghdad_generic,borsa,unknown,1472.0,iqborsa:city_line,https://t.me/iqborsa/3918
iqborsa,2024-04-23,15:15:25,3921,baghdad_generic,borsa,unknown,1471.0,iqborsa:city_line,https://t.me/iqborsa/3921
iqborsa,2024-04-23,16:01:53,3922,baghdad_generic,borsa,unknown,1470.0,iqborsa:short_city_line,https://t.me/iqborsa/3922
iqborsa,2024-04-23,16:07:25,3924,baghdad_generic,borsa,unknown,1468.5,iqborsa:city_line,https://t.me/iqborsa/3924
iqborsa,2024-04-23,16:42:56,3928,baghdad_generic,borsa,unknown,1468.0,iqborsa:city_line,https://t.me/iqborsa/3928
iqborsa,2024-04-23,20:05:07,3931,baghdad_generic,borsa,unknown,1467.5,iqborsa:city_line,https://t.me/iqborsa/3931
iqborsa,2024-04-24,10:07:09,3939,erbil,borsa,unknown,1469.0,iqborsa:city_line,https://t.me/iqborsa/3939
iqborsa,2024-04-24,10:07:28,3940,baghdad_generic,borsa,unknown,1467.0,iqborsa:city_line,https://t.me/iqborsa/3940
iqborsa,2024-04-24,11:22:48,3941,baghdad_generic,borsa,unknown,1468.5,iqborsa:city_line,https://t.me/iqborsa/3941
iqborsa,2024-04-24,11:34:33,3943,baghdad_generic,borsa,unknown,1467.5,iqborsa:city_line,https://t.me/iqborsa/3943
iqborsa,2024-04-24,12:42:05,3946,baghdad_generic,borsa,unknown,1467.0,iqborsa:city_line,https://t.me/iqborsa/3946
iqborsa,2024-04-24,12:46:30,3947,basra,borsa,unknown,1468.5,iqborsa:city_line,https://t.me/iqborsa/3947
iqborsa,2024-04-24,12:46:39,3948,baghdad_generic,borsa,unknown,1468.0,iqborsa:city_line,https://t.me/iqborsa/3948
iqborsa,2024-04-24,13:57:50,3949,baghdad_generic,borsa,unknown,1467.0,iqborsa:city_line,https://t.me/iqborsa/3949
iqborsa,2024-04-24,15:41:45,3952,baghdad_generic,borsa,unknown,1465.0,iqborsa:city_line,https://t.me/iqborsa/3952
iqborsa,2024-04-24,15:52:02,3955,baghdad_generic,borsa,unknown,1464.5,iqborsa:city_line,https://t.me/iqborsa/3955
iqborsa,2024-04-24,16:11:10,3957,baghdad_generic,borsa,unknown,1465.5,iqborsa:city_line,https://t.me/iqborsa/3957
iqborsa,2024-04-24,17:27:59,3959,baghdad_shorja,borsa,unknown,1464.5,iqborsa:city_line,https://t.me/iqborsa/3959
iqborsa,2024-04-25,10:16:36,3966,erbil,borsa,unknown,1468.5,iqborsa:city_line,https://t.me/iqborsa/3966
iqborsa,2024-04-25,10:16:46,3967,basra,borsa,unknown,1465.0,iqborsa:city_line,https://t.me/iqborsa/3967
iqborsa,2024-04-25,10:16:59,3968,baghdad_generic,borsa,unknown,1465.0,iqborsa:city_line,https://t.me/iqborsa/3968
iqborsa,2024-04-25,12:18:41,3969,baghdad_generic,borsa,unknown,1464.5,iqborsa:city_line,https://t.me/iqborsa/3969
iqborsa,2024-04-25,12:57:05,3971,baghdad_generic,borsa,unknown,1464.0,iqborsa:city_line,https://t.me/iqborsa/3971
iqborsa,2024-04-25,13:19:10,3972,baghdad_generic,borsa,unknown,1463.0,iqborsa:city_line,https://t.me/iqborsa/3972
iqborsa,2024-04-25,14:43:27,3973,baghdad_generic,borsa,unknown,1464.5,iqborsa:city_line,https://t.me/iqborsa/3973
iqborsa,2024-04-25,16:49:01,3975,baghdad_generic,borsa,unknown,1463.5,iqborsa:city_line,https://t.me/iqborsa/3975
iqborsa,2024-04-25,19:26:53,3980,erbil,borsa,unknown,1460.0,iqborsa:city_line,https://t.me/iqborsa/3980
iqborsa,2024-04-25,20:23:57,3986,baghdad_generic,borsa,unknown,1462.0,iqborsa:city_line,https://t.me/iqborsa/3986
iqborsa,2024-04-26,13:08:25,3989,baghdad_generic,borsa,unknown,1462.5,iqborsa:city_line,https://t.me/iqborsa/3989
iqborsa,2024-04-27,11:16:00,3994,baghdad_generic,borsa,unknown,1463.0,iqborsa:city_line,https://t.me/iqborsa/3994
iqborsa,2024-04-27,12:38:07,3995,baghdad_generic,borsa,unknown,1462.0,iqborsa:city_line,https://t.me/iqborsa/3995
iqborsa,2024-04-27,13:22:04,3996,baghdad_generic,borsa,unknown,1461.5,iqborsa:city_line,https://t.me/iqborsa/3996
iqborsa,2024-04-27,13:54:50,3997,baghdad_generic,borsa,unknown,1459.5,iqborsa:city_line,https://t.me/iqborsa/3997
iqborsa,2024-04-27,15:17:42,3999,baghdad_generic,borsa,unknown,1458.5,iqborsa:city_line,https://t.me/iqborsa/3999
iqborsa,2024-04-27,15:26:52,4000,baghdad_generic,borsa,unknown,1458.0,iqborsa:city_line,https://t.me/iqborsa/4000
iqborsa,2024-04-27,18:07:51,4004,baghdad_generic,borsa,unknown,1457.0,iqborsa:city_line,https://t.me/iqborsa/4004
iqborsa,2024-04-27,21:37:09,4007,baghdad_generic,borsa,unknown,1457.5,iqborsa:city_line,https://t.me/iqborsa/4007
iqborsa,2024-04-28,10:58:47,4010,baghdad_generic,borsa,unknown,1457.0,iqborsa:city_line,https://t.me/iqborsa/4010
iqborsa,2024-04-28,12:38:45,4011,baghdad_generic,borsa,unknown,1455.5,iqborsa:city_line,https://t.me/iqborsa/4011
iqborsa,2024-04-28,13:08:15,4013,baghdad_generic,borsa,unknown,1453.0,iqborsa:city_line,https://t.me/iqborsa/4013
iqborsa,2024-04-28,13:50:36,4015,baghdad_generic,borsa,unknown,1452.5,iqborsa:city_line,https://t.me/iqborsa/4015
iqborsa,2024-04-28,14:00:12,4016,baghdad_generic,borsa,unknown,1452.0,iqborsa:city_line,https://t.me/iqborsa/4016
iqborsa,2024-04-28,14:07:07,4018,baghdad_generic,borsa,unknown,1451.5,iqborsa:city_line,https://t.me/iqborsa/4018
iqborsa,2024-04-28,14:59:09,4023,baghdad_generic,borsa,unknown,1450.0,iqborsa:short_city_line,https://t.me/iqborsa/4023
iqborsa,2024-04-28,19:40:29,4029,baghdad_generic,borsa,unknown,1449.0,iqborsa:city_line,https://t.me/iqborsa/4029
iqborsa,2024-04-29,10:12:42,4032,baghdad_generic,borsa,unknown,1446.5,iqborsa:city_line,https://t.me/iqborsa/4032
iqborsa,2024-04-29,10:27:22,4034,baghdad_generic,borsa,unknown,1446.0,iqborsa:city_line,https://t.me/iqborsa/4034
iqborsa,2024-04-29,11:19:23,4036,baghdad_generic,borsa,unknown,1445.0,iqborsa:city_line,https://t.me/iqborsa/4036
iqborsa,2024-04-29,12:20:52,4038,baghdad_generic,borsa,unknown,1447.0,iqborsa:city_line,https://t.me/iqborsa/4038
iqborsa,2024-04-29,12:34:23,4039,baghdad_generic,borsa,unknown,1446.0,iqborsa:city_line,https://t.me/iqborsa/4039
iqborsa,2024-04-29,13:28:19,4041,baghdad_generic,borsa,unknown,1448.5,iqborsa:city_line,https://t.me/iqborsa/4041
iqborsa,2024-04-29,13:30:26,4042,baghdad_generic,borsa,unknown,1450.0,iqborsa:city_line,https://t.me/iqborsa/4042
iqborsa,2024-04-29,14:06:07,4043,baghdad_generic,borsa,unknown,1452.0,iqborsa:city_line,https://t.me/iqborsa/4043
iqborsa,2024-04-29,14:23:37,4045,baghdad_generic,borsa,unknown,1451.0,iqborsa:city_line,https://t.me/iqborsa/4045
iqborsa,2024-04-29,15:18:11,4048,baghdad_generic,borsa,unknown,1453.5,iqborsa:city_line,https://t.me/iqborsa/4048
iqborsa,2024-04-29,17:05:48,4049,baghdad_generic,borsa,unknown,1455.0,iqborsa:city_line,https://t.me/iqborsa/4049
iqborsa,2024-04-29,17:11:42,4051,baghdad_generic,borsa,unknown,1454.5,iqborsa:city_line,https://t.me/iqborsa/4051
iqborsa,2024-04-29,18:51:47,4054,baghdad_generic,borsa,unknown,1454.0,iqborsa:city_line,https://t.me/iqborsa/4054
iqborsa,2024-04-29,18:59:23,4055,baghdad_generic,borsa,unknown,1453.5,iqborsa:city_line,https://t.me/iqborsa/4055
iqborsa,2024-04-30,11:20:01,4059,baghdad_generic,borsa,unknown,1455.5,iqborsa:city_line,https://t.me/iqborsa/4059
iqborsa,2024-04-30,11:38:09,4060,baghdad_generic,borsa,unknown,1458.0,iqborsa:city_line,https://t.me/iqborsa/4060
iqborsa,2024-04-30,12:34:05,4062,baghdad_generic,borsa,unknown,1460.0,iqborsa:short_city_line,https://t.me/iqborsa/4062
iqborsa,2024-04-30,12:50:07,4063,baghdad_generic,borsa,unknown,1461.0,iqborsa:city_line,https://t.me/iqborsa/4063
iqborsa,2024-04-30,13:36:27,4064,baghdad_generic,borsa,unknown,1459.0,iqborsa:city_line,https://t.me/iqborsa/4064
iqborsa,2024-04-30,17:01:37,4067,baghdad_generic,borsa,unknown,1461.0,iqborsa:city_line,https://t.me/iqborsa/4067
iqborsa,2024-04-30,20:28:52,4070,baghdad_generic,borsa,unknown,1461.5,iqborsa:city_line,https://t.me/iqborsa/4070
iqborsa,2024-05-01,11:53:49,4073,baghdad_generic,borsa,unknown,1461.5,iqborsa:city_line,https://t.me/iqborsa/4073
iqborsa,2024-05-01,12:46:51,4074,baghdad_generic,borsa,unknown,1459.5,iqborsa:city_line,https://t.me/iqborsa/4074
iqborsa,2024-05-01,14:30:09,4075,baghdad_generic,borsa,unknown,1458.5,iqborsa:city_line,https://t.me/iqborsa/4075
iqborsa,2024-05-01,15:11:31,4077,baghdad_generic,borsa,unknown,1457.5,iqborsa:city_line,https://t.me/iqborsa/4077
iqborsa,2024-05-01,19:55:44,4080,baghdad_generic,borsa,unknown,1456.0,iqborsa:city_line,https://t.me/iqborsa/4080
iqborsa,2024-05-01,20:03:20,4082,baghdad_generic,borsa,unknown,1455.5,iqborsa:city_line,https://t.me/iqborsa/4082
iqborsa,2024-05-02,11:17:02,4085,baghdad_generic,borsa,unknown,1456.0,iqborsa:city_line,https://t.me/iqborsa/4085
iqborsa,2024-05-02,12:00:09,4086,baghdad_generic,borsa,unknown,1458.0,iqborsa:city_line,https://t.me/iqborsa/4086
iqborsa,2024-05-02,12:06:30,4087,baghdad_generic,borsa,unknown,1457.0,iqborsa:city_line,https://t.me/iqborsa/4087
iqborsa,2024-05-02,12:26:24,4090,baghdad_generic,borsa,unknown,1456.5,iqborsa:city_line,https://t.me/iqborsa/4090
iqborsa,2024-05-02,13:14:18,4093,baghdad_generic,borsa,unknown,1456.0,iqborsa:city_line,https://t.me/iqborsa/4093
iqborsa,2024-05-02,13:29:31,4096,erbil,borsa,unknown,1455.0,iqborsa:city_line,https://t.me/iqborsa/4096
iqborsa,2024-05-02,14:07:53,4098,baghdad_generic,borsa,unknown,1457.5,iqborsa:city_line,https://t.me/iqborsa/4098
iqborsa,2024-05-02,17:06:52,4101,baghdad_generic,borsa,unknown,1458.0,iqborsa:city_line,https://t.me/iqborsa/4101
iqborsa,2024-05-03,18:35:05,4111,baghdad_generic,borsa,unknown,1457.5,iqborsa:city_line,https://t.me/iqborsa/4111
iqborsa,2024-05-03,19:47:47,4113,baghdad_generic,borsa,unknown,1459.5,iqborsa:city_line,https://t.me/iqborsa/4113
iqborsa,2024-05-04,11:37:49,4119,baghdad_generic,borsa,unknown,1459.0,iqborsa:city_line,https://t.me/iqborsa/4119
iqborsa,2024-05-04,12:26:27,4120,baghdad_generic,borsa,unknown,1460.0,iqborsa:city_line,https://t.me/iqborsa/4120
iqborsa,2024-05-04,12:36:15,4121,basra,borsa,unknown,1459.0,iqborsa:city_line,https://t.me/iqborsa/4121
iqborsa,2024-05-04,12:37:25,4122,baghdad_generic,borsa,unknown,1459.5,iqborsa:city_line,https://t.me/iqborsa/4122
iqborsa,2024-05-04,13:00:13,4125,baghdad_generic,borsa,unknown,1460.5,iqborsa:city_line,https://t.me/iqborsa/4125
iqborsa,2024-05-04,13:53:21,4126,baghdad_generic,borsa,unknown,1459.5,iqborsa:city_line,https://t.me/iqborsa/4126
iqborsa,2024-05-04,14:12:42,4128,baghdad_generic,borsa,unknown,1459.0,iqborsa:city_line,https://t.me/iqborsa/4128
iqborsa,2024-05-04,14:54:02,4130,baghdad_generic,borsa,unknown,1458.5,iqborsa:city_line,https://t.me/iqborsa/4130
iqborsa,2024-05-04,16:09:40,4132,baghdad_generic,borsa,unknown,1457.5,iqborsa:city_line,https://t.me/iqborsa/4132
iqborsa,2024-05-04,17:32:03,4133,baghdad_generic,borsa,unknown,1459.0,iqborsa:city_line,https://t.me/iqborsa/4133
iqborsa,2024-05-04,20:18:18,4135,baghdad_generic,borsa,unknown,1458.0,iqborsa:city_line,https://t.me/iqborsa/4135
iqborsa,2024-05-05,11:13:30,4138,erbil,borsa,unknown,1456.0,iqborsa:city_line,https://t.me/iqborsa/4138
iqborsa,2024-05-05,11:13:40,4139,baghdad_generic,borsa,unknown,1458.0,iqborsa:city_line,https://t.me/iqborsa/4139
iqborsa,2024-05-05,11:16:59,4140,baghdad_generic,borsa,unknown,1457.5,iqborsa:city_line,https://t.me/iqborsa/4140
iqborsa,2024-05-05,12:11:50,4142,baghdad_generic,borsa,unknown,1456.0,iqborsa:city_line,https://t.me/iqborsa/4142
iqborsa,2024-05-05,13:18:19,4143,baghdad_generic,borsa,unknown,1457.0,iqborsa:city_line,https://t.me/iqborsa/4143
iqborsa,2024-05-05,13:24:42,4144,baghdad_generic,borsa,unknown,1456.0,iqborsa:city_line,https://t.me/iqborsa/4144
iqborsa,2024-05-05,14:05:21,4145,erbil,borsa,unknown,1453.0,iqborsa:city_line,https://t.me/iqborsa/4145
iqborsa,2024-05-05,14:09:39,4149,baghdad_generic,borsa,unknown,1455.0,iqborsa:city_line,https://t.me/iqborsa/4149
iqborsa,2024-05-05,16:46:08,4150,baghdad_generic,borsa,unknown,1454.0,iqborsa:city_line,https://t.me/iqborsa/4150
iqborsa,2024-05-05,16:56:38,4152,baghdad_generic,borsa,unknown,1453.5,iqborsa:city_line,https://t.me/iqborsa/4152
iqborsa,2024-05-05,17:42:34,4153,erbil,borsa,unknown,1452.0,iqborsa:city_line,https://t.me/iqborsa/4153
iqborsa,2024-05-05,18:16:50,4154,baghdad_generic,borsa,unknown,1453.0,iqborsa:city_line,https://t.me/iqborsa/4154
iqborsa,2024-05-05,20:49:29,4155,baghdad_generic,borsa,unknown,1452.5,iqborsa:city_line,https://t.me/iqborsa/4155
iqborsa,2024-05-05,20:51:12,4156,erbil,borsa,unknown,1450.0,iqborsa:short_city_line,https://t.me/iqborsa/4156
iqborsa,2024-05-06,10:20:33,4159,basra,borsa,unknown,1454.0,iqborsa:city_line,https://t.me/iqborsa/4159
iqborsa,2024-05-06,10:20:46,4160,erbil,borsa,unknown,1453.0,iqborsa:city_line,https://t.me/iqborsa/4160
iqborsa,2024-05-06,10:20:51,4161,baghdad_generic,borsa,unknown,1453.0,iqborsa:city_line,https://t.me/iqborsa/4161
iqborsa,2024-05-06,13:51:57,4163,baghdad_generic,borsa,unknown,1454.5,iqborsa:city_line,https://t.me/iqborsa/4163
iqborsa,2024-05-06,13:55:20,4164,baghdad_generic,borsa,unknown,1453.0,iqborsa:city_line,https://t.me/iqborsa/4164
iqborsa,2024-05-06,14:34:56,4165,baghdad_generic,borsa,unknown,1454.5,iqborsa:city_line,https://t.me/iqborsa/4165
iqborsa,2024-05-06,19:10:16,4168,baghdad_generic,borsa,unknown,1454.5,iqborsa:city_line,https://t.me/iqborsa/4168
iqborsa,2024-05-07,10:26:58,4172,baghdad_generic,borsa,unknown,1456.0,iqborsa:city_line,https://t.me/iqborsa/4172
iqborsa,2024-05-07,10:37:50,4173,baghdad_generic,borsa,unknown,1455.0,iqborsa:city_line,https://t.me/iqborsa/4173
iqborsa,2024-05-07,11:49:58,4174,baghdad_generic,borsa,unknown,1457.0,iqborsa:city_line,https://t.me/iqborsa/4174
iqborsa,2024-05-07,13:05:04,4176,baghdad_generic,borsa,unknown,1457.5,iqborsa:city_line,https://t.me/iqborsa/4176
iqborsa,2024-05-07,13:48:54,4177,baghdad_generic,borsa,unknown,1456.0,iqborsa:city_line,https://t.me/iqborsa/4177
iqborsa,2024-05-07,13:57:28,4178,baghdad_generic,borsa,unknown,1455.5,iqborsa:city_line,https://t.me/iqborsa/4178
iqborsa,2024-05-07,15:05:29,4179,baghdad_generic,borsa,unknown,1454.5,iqborsa:city_line,https://t.me/iqborsa/4179
iqborsa,2024-05-07,15:20:09,4181,baghdad_generic,borsa,unknown,1454.0,iqborsa:city_line,https://t.me/iqborsa/4181
iqborsa,2024-05-07,16:10:31,4182,baghdad_generic,borsa,unknown,1454.5,iqborsa:city_line,https://t.me/iqborsa/4182
iqborsa,2024-05-07,16:59:39,4184,baghdad_generic,borsa,unknown,1454.0,iqborsa:city_line,https://t.me/iqborsa/4184
iqborsa,2024-05-07,19:52:07,4185,baghdad_generic,borsa,unknown,1454.5,iqborsa:city_line,https://t.me/iqborsa/4185
iqborsa,2024-05-08,10:07:29,4189,baghdad_generic,borsa,unknown,1454.5,iqborsa:city_line,https://t.me/iqborsa/4189
iqborsa,2024-05-08,12:23:18,4190,baghdad_generic,borsa,unknown,1455.5,iqborsa:city_line,https://t.me/iqborsa/4190
iqborsa,2024-05-08,13:28:40,4191,baghdad_generic,borsa,unknown,1456.0,iqborsa:city_line,https://t.me/iqborsa/4191
iqborsa,2024-05-08,14:09:46,4193,baghdad_generic,borsa,unknown,1455.0,iqborsa:city_line,https://t.me/iqborsa/4193
iqborsa,2024-05-08,14:41:45,4196,baghdad_generic,borsa,unknown,1456.0,iqborsa:city_line,https://t.me/iqborsa/4196
iqborsa,2024-05-08,15:35:31,4198,baghdad_generic,borsa,unknown,1457.0,iqborsa:city_line,https://t.me/iqborsa/4198
iqborsa,2024-05-08,15:41:10,4200,erbil,borsa,unknown,1455.5,iqborsa:city_line,https://t.me/iqborsa/4200
iqborsa,2024-05-08,15:44:52,4201,baghdad_generic,borsa,unknown,1456.5,iqborsa:city_line,https://t.me/iqborsa/4201
iqborsa,2024-05-08,15:46:59,4203,baghdad_generic,borsa,unknown,1458.0,iqborsa:city_line,https://t.me/iqborsa/4203
iqborsa,2024-05-08,17:54:00,4204,baghdad_generic,borsa,unknown,1457.0,iqborsa:city_line,https://t.me/iqborsa/4204
iqborsa,2024-05-09,11:00:34,4207,baghdad_generic,borsa,unknown,1458.0,iqborsa:city_line,https://t.me/iqborsa/4207
iqborsa,2024-05-09,11:23:26,4208,baghdad_generic,borsa,unknown,1459.0,iqborsa:city_line,https://t.me/iqborsa/4208
iqborsa,2024-05-09,11:50:19,4210,baghdad_generic,borsa,unknown,1460.0,iqborsa:city_line,https://t.me/iqborsa/4210
iqborsa,2024-05-09,13:21:16,4212,baghdad_generic,borsa,unknown,1459.0,iqborsa:city_line,https://t.me/iqborsa/4212
iqborsa,2024-05-09,13:44:27,4213,baghdad_generic,borsa,unknown,1462.0,iqborsa:city_line,https://t.me/iqborsa/4213
iqborsa,2024-05-09,14:17:36,4215,baghdad_generic,borsa,unknown,1461.0,iqborsa:city_line,https://t.me/iqborsa/4215
iqborsa,2024-05-09,16:22:16,4218,baghdad_generic,borsa,unknown,1462.5,iqborsa:city_line,https://t.me/iqborsa/4218
iqborsa,2024-05-09,19:14:04,4220,baghdad_generic,borsa,unknown,1462.0,iqborsa:city_line,https://t.me/iqborsa/4220
iqborsa,2024-05-10,16:24:01,4224,baghdad_generic,borsa,unknown,1462.5,iqborsa:city_line,https://t.me/iqborsa/4224
iqborsa,2024-05-11,11:24:12,4225,baghdad_generic,borsa,unknown,1461.0,iqborsa:city_line,https://t.me/iqborsa/4225
iqborsa,2024-05-11,11:40:14,4227,baghdad_generic,borsa,unknown,1459.5,iqborsa:city_line,https://t.me/iqborsa/4227
iqborsa,2024-05-11,13:20:09,4228,baghdad_generic,borsa,unknown,1458.5,iqborsa:city_line,https://t.me/iqborsa/4228
iqborsa,2024-05-11,13:23:15,4229,baghdad_generic,borsa,unknown,1458.0,iqborsa:city_line,https://t.me/iqborsa/4229
iqborsa,2024-05-12,11:46:48,4233,baghdad_generic,borsa,unknown,1457.0,iqborsa:city_line,https://t.me/iqborsa/4233
iqborsa,2024-05-12,14:07:59,4235,baghdad_generic,borsa,unknown,1458.5,iqborsa:city_line,https://t.me/iqborsa/4235
iqborsa,2024-05-12,15:23:15,4236,baghdad_generic,borsa,unknown,1458.0,iqborsa:city_line,https://t.me/iqborsa/4236
iqborsa,2024-05-12,16:52:47,4238,baghdad_generic,borsa,unknown,1457.0,iqborsa:city_line,https://t.me/iqborsa/4238
iqborsa,2024-05-12,22:09:17,4242,baghdad_generic,borsa,unknown,1456.5,iqborsa:city_line,https://t.me/iqborsa/4242
iqborsa,2024-05-12,22:09:23,4243,erbil,borsa,unknown,1455.0,iqborsa:city_line,https://t.me/iqborsa/4243
iqborsa,2024-05-13,10:12:15,4246,baghdad_generic,borsa,unknown,1456.5,iqborsa:city_line,https://t.me/iqborsa/4246
iqborsa,2024-05-13,10:54:27,4247,baghdad_generic,borsa,unknown,1456.0,iqborsa:city_line,https://t.me/iqborsa/4247
iqborsa,2024-05-13,12:33:34,4248,baghdad_generic,borsa,unknown,1457.5,iqborsa:city_line,https://t.me/iqborsa/4248
iqborsa,2024-05-13,14:10:30,4249,baghdad_generic,borsa,unknown,1458.5,iqborsa:city_line,https://t.me/iqborsa/4249
iqborsa,2024-05-13,15:08:49,4251,baghdad_generic,borsa,unknown,1457.0,iqborsa:city_line,https://t.me/iqborsa/4251
iqborsa,2024-05-13,17:11:05,4257,erbil,borsa,unknown,1457.0,iqborsa:city_line,https://t.me/iqborsa/4257
iqborsa,2024-05-13,17:11:14,4258,basra,borsa,unknown,1458.0,iqborsa:city_line,https://t.me/iqborsa/4258
iqborsa,2024-05-13,17:11:19,4259,baghdad_generic,borsa,unknown,1458.0,iqborsa:city_line,https://t.me/iqborsa/4259
iqborsa,2024-05-13,18:57:37,4262,baghdad_generic,borsa,unknown,1458.0,iqborsa:city_line,https://t.me/iqborsa/4262
iqborsa,2024-05-14,12:39:58,4265,baghdad_generic,borsa,unknown,1459.0,iqborsa:city_line,https://t.me/iqborsa/4265
iqborsa,2024-05-14,13:59:39,4266,baghdad_generic,borsa,unknown,1459.5,iqborsa:city_line,https://t.me/iqborsa/4266
iqborsa,2024-05-14,16:12:53,4269,baghdad_generic,borsa,unknown,1458.5,iqborsa:city_line,https://t.me/iqborsa/4269
iqborsa,2024-05-14,19:54:10,4270,baghdad_generic,borsa,unknown,1458.5,iqborsa:city_line,https://t.me/iqborsa/4270
iqborsa,2024-05-15,13:55:18,4273,baghdad_generic,borsa,unknown,1458.5,iqborsa:city_line,https://t.me/iqborsa/4273
iqborsa,2024-05-15,19:17:02,4275,baghdad_generic,borsa,unknown,1458.5,iqborsa:city_line,https://t.me/iqborsa/4275
iqborsa,2024-05-16,10:48:34,4278,baghdad_generic,borsa,unknown,1460.5,iqborsa:city_line,https://t.me/iqborsa/4278
iqborsa,2024-05-16,12:29:02,4279,baghdad_generic,borsa,unknown,1459.5,iqborsa:city_line,https://t.me/iqborsa/4279
iqborsa,2024-05-16,13:30:57,4280,baghdad_generic,borsa,unknown,1460.0,iqborsa:city_line,https://t.me/iqborsa/4280
iqborsa,2024-05-16,14:25:31,4281,baghdad_generic,borsa,unknown,1459.5,iqborsa:city_line,https://t.me/iqborsa/4281
iqborsa,2024-05-16,14:28:29,4282,baghdad_generic,borsa,unknown,1461.0,iqborsa:city_line,https://t.me/iqborsa/4282
iqborsa,2024-05-16,17:08:38,4286,baghdad_generic,borsa,unknown,1461.0,iqborsa:city_line,https://t.me/iqborsa/4286
iqborsa,2024-05-18,10:45:40,4295,baghdad_generic,borsa,unknown,1460.0,iqborsa:city_line,https://t.me/iqborsa/4295
iqborsa,2024-05-18,12:12:45,4296,baghdad_generic,borsa,unknown,1459.0,iqborsa:city_line,https://t.me/iqborsa/4296
iqborsa,2024-05-18,14:16:42,4297,baghdad_generic,borsa,unknown,1458.0,iqborsa:city_line,https://t.me/iqborsa/4297
iqborsa,2024-05-18,15:15:30,4298,baghdad_generic,borsa,unknown,1459.0,iqborsa:city_line,https://t.me/iqborsa/4298
iqborsa,2024-05-18,19:01:34,4302,baghdad_generic,borsa,unknown,1457.5,iqborsa:city_line,https://t.me/iqborsa/4302
iqborsa,2024-05-19,11:09:51,4306,baghdad_generic,borsa,unknown,1458.0,iqborsa:city_line,https://t.me/iqborsa/4306
iqborsa,2024-05-19,14:05:20,4307,baghdad_generic,borsa,unknown,1459.0,iqborsa:city_line,https://t.me/iqborsa/4307
iqborsa,2024-05-19,14:15:03,4308,baghdad_generic,borsa,unknown,1458.0,iqborsa:city_line,https://t.me/iqborsa/4308
iqborsa,2024-05-19,14:52:26,4310,baghdad_generic,borsa,unknown,1457.5,iqborsa:city_line,https://t.me/iqborsa/4310
iqborsa,2024-05-19,15:06:59,4311,erbil,borsa,unknown,1455.0,iqborsa:city_line,https://t.me/iqborsa/4311
iqborsa,2024-05-19,17:12:09,4314,baghdad_generic,borsa,unknown,1457.5,iqborsa:city_line,https://t.me/iqborsa/4314
iqborsa,2024-05-20,10:55:39,4338,baghdad_generic,borsa,unknown,1457.5,iqborsa:city_line,https://t.me/iqborsa/4338
iqborsa,2024-05-20,11:01:27,4339,erbil,borsa,unknown,1455.0,iqborsa:city_line,https://t.me/iqborsa/4339
iqborsa,2024-05-20,11:41:06,4342,baghdad_generic,borsa,unknown,1457.0,iqborsa:city_line,https://t.me/iqborsa/4342
iqborsa,2024-05-20,12:14:10,4343,baghdad_generic,borsa,unknown,1456.0,iqborsa:city_line,https://t.me/iqborsa/4343
iqborsa,2024-05-20,14:10:51,4347,baghdad_generic,borsa,unknown,1457.5,iqborsa:city_line,https://t.me/iqborsa/4347
iqborsa,2024-05-20,17:25:36,4348,erbil,borsa,unknown,1456.0,iqborsa:city_line,https://t.me/iqborsa/4348
iqborsa,2024-05-20,17:25:44,4349,basra,borsa,unknown,1457.0,iqborsa:city_line,https://t.me/iqborsa/4349
iqborsa,2024-05-20,17:25:51,4350,baghdad_generic,borsa,unknown,1457.0,iqborsa:city_line,https://t.me/iqborsa/4350
iqborsa,2024-05-21,12:18:13,4354,erbil,borsa,unknown,1455.5,iqborsa:city_line,https://t.me/iqborsa/4354
iqborsa,2024-05-21,12:18:23,4355,basra,borsa,unknown,1458.0,iqborsa:city_line,https://t.me/iqborsa/4355
iqborsa,2024-05-21,12:18:32,4356,baghdad_generic,borsa,unknown,1457.5,iqborsa:city_line,https://t.me/iqborsa/4356
iqborsa,2024-05-21,12:56:38,4357,baghdad_generic,borsa,unknown,1457.0,iqborsa:city_line,https://t.me/iqborsa/4357
iqborsa,2024-05-21,13:34:56,4358,baghdad_generic,borsa,unknown,1458.0,iqborsa:city_line,https://t.me/iqborsa/4358
iqborsa,2024-05-21,15:06:09,4359,baghdad_generic,borsa,unknown,1457.5,iqborsa:city_line,https://t.me/iqborsa/4359
iqborsa,2024-05-22,13:28:38,4365,erbil,borsa,unknown,1456.0,iqborsa:city_line,https://t.me/iqborsa/4365
iqborsa,2024-05-22,13:28:43,4366,basra,borsa,unknown,1458.0,iqborsa:city_line,https://t.me/iqborsa/4366
iqborsa,2024-05-22,13:28:48,4367,baghdad_generic,borsa,unknown,1458.0,iqborsa:city_line,https://t.me/iqborsa/4367
iqborsa,2024-05-22,14:00:47,4369,baghdad_generic,borsa,unknown,1457.5,iqborsa:city_line,https://t.me/iqborsa/4369
iqborsa,2024-05-22,15:36:25,4370,baghdad_generic,borsa,unknown,1457.0,iqborsa:city_line,https://t.me/iqborsa/4370
iqborsa,2024-05-22,18:12:35,4372,basra,borsa,unknown,1459.0,iqborsa:city_line,https://t.me/iqborsa/4372
iqborsa,2024-05-22,18:12:53,4373,erbil,borsa,unknown,1456.0,iqborsa:city_line,https://t.me/iqborsa/4373
iqborsa,2024-05-22,18:12:58,4374,baghdad_generic,borsa,unknown,1457.5,iqborsa:city_line,https://t.me/iqborsa/4374
iqborsa,2024-05-22,21:03:14,4375,baghdad_generic,borsa,unknown,1456.5,iqborsa:city_line,https://t.me/iqborsa/4375
iqborsa,2024-05-23,11:39:33,4379,baghdad_generic,borsa,unknown,1456.5,iqborsa:city_line,https://t.me/iqborsa/4379
iqborsa,2024-05-23,12:01:45,4380,erbil,borsa,unknown,1455.0,iqborsa:city_line,https://t.me/iqborsa/4380
iqborsa,2024-05-23,12:17:55,4381,baghdad_generic,borsa,unknown,1457.0,iqborsa:city_line,https://t.me/iqborsa/4381
iqborsa,2024-05-23,13:12:13,4382,baghdad_generic,borsa,unknown,1456.5,iqborsa:city_line,https://t.me/iqborsa/4382
iqborsa,2024-05-23,13:35:26,4383,baghdad_generic,borsa,unknown,1456.0,iqborsa:city_line,https://t.me/iqborsa/4383
iqborsa,2024-05-23,14:51:24,4386,baghdad_generic,borsa,unknown,1455.0,iqborsa:city_line,https://t.me/iqborsa/4386
iqborsa,2024-05-23,14:52:45,4387,erbil,borsa,unknown,1454.5,iqborsa:city_line,https://t.me/iqborsa/4387
iqborsa,2024-05-23,19:19:52,4389,baghdad_generic,borsa,unknown,1456.0,iqborsa:city_line,https://t.me/iqborsa/4389
iqborsa,2024-05-25,11:30:50,4396,baghdad_generic,borsa,unknown,1456.0,iqborsa:city_line,https://t.me/iqborsa/4396
iqborsa,2024-05-25,14:27:27,4398,baghdad_generic,borsa,unknown,1456.5,iqborsa:city_line,https://t.me/iqborsa/4398
iqborsa,2024-05-25,15:10:36,4402,baghdad_generic,borsa,unknown,1457.0,iqborsa:city_line,https://t.me/iqborsa/4402
iqborsa,2024-05-25,16:55:39,4403,baghdad_generic,borsa,unknown,1456.5,iqborsa:city_line,https://t.me/iqborsa/4403
iqborsa,2024-05-26,11:55:56,4408,erbil,borsa,unknown,1455.0,iqborsa:city_line,https://t.me/iqborsa/4408
iqborsa,2024-05-26,11:56:02,4409,basra,borsa,unknown,1456.0,iqborsa:city_line,https://t.me/iqborsa/4409
iqborsa,2024-05-26,11:56:10,4410,baghdad_generic,borsa,unknown,1456.0,iqborsa:city_line,https://t.me/iqborsa/4410
iqborsa,2024-05-26,12:07:52,4412,baghdad_generic,borsa,unknown,1455.5,iqborsa:city_line,https://t.me/iqborsa/4412
iqborsa,2024-05-26,12:27:00,4413,baghdad_generic,borsa,unknown,1455.0,iqborsa:city_line,https://t.me/iqborsa/4413
iqborsa,2024-05-26,13:17:04,4414,baghdad_generic,borsa,unknown,1454.25,iqborsa:city_line,https://t.me/iqborsa/4414
iqborsa,2024-05-26,13:36:41,4415,baghdad_generic,borsa,unknown,1455.0,iqborsa:city_line,https://t.me/iqborsa/4415
iqborsa,2024-05-26,17:47:28,4417,baghdad_generic,borsa,unknown,1454.5,iqborsa:city_line,https://t.me/iqborsa/4417
iqborsa,2024-05-27,11:43:12,4421,baghdad_generic,borsa,unknown,1450.0,iqborsa:short_city_line,https://t.me/iqborsa/4421
iqborsa,2024-05-27,14:47:32,4424,baghdad_generic,borsa,unknown,1449.5,iqborsa:city_line,https://t.me/iqborsa/4424
iqborsa,2024-05-28,10:53:45,4428,baghdad_generic,borsa,unknown,1448.0,iqborsa:city_line,https://t.me/iqborsa/4428
iqborsa,2024-05-28,11:53:55,4429,baghdad_generic,borsa,unknown,1446.5,iqborsa:city_line,https://t.me/iqborsa/4429
iqborsa,2024-05-28,12:41:03,4432,baghdad_generic,borsa,unknown,1448.0,iqborsa:city_line,https://t.me/iqborsa/4432
iqborsa,2024-05-28,12:57:34,4434,basra,borsa,unknown,1450.0,iqborsa:short_city_line,https://t.me/iqborsa/4434
iqborsa,2024-05-28,13:09:45,4436,erbil,borsa,unknown,1447.5,iqborsa:city_line,https://t.me/iqborsa/4436
iqborsa,2024-05-28,13:15:56,4437,baghdad_generic,borsa,unknown,1449.0,iqborsa:city_line,https://t.me/iqborsa/4437
iqborsa,2024-05-28,13:31:20,4439,baghdad_generic,borsa,unknown,1450.0,iqborsa:short_city_line,https://t.me/iqborsa/4439
iqborsa,2024-05-28,16:08:48,4441,baghdad_generic,borsa,unknown,1449.5,iqborsa:city_line,https://t.me/iqborsa/4441
iqborsa,2024-05-28,18:55:14,4444,baghdad_generic,borsa,unknown,1449.5,iqborsa:city_line,https://t.me/iqborsa/4444
iqborsa,2024-05-29,10:26:25,4447,basra,borsa,unknown,1450.0,iqborsa:short_city_line,https://t.me/iqborsa/4447
iqborsa,2024-05-29,10:26:30,4448,baghdad_generic,borsa,unknown,1449.0,iqborsa:city_line,https://t.me/iqborsa/4448
iqborsa,2024-05-29,13:31:43,4450,baghdad_generic,borsa,unknown,1540.0,iqborsa:city_line,https://t.me/iqborsa/4450
iqborsa,2024-05-29,13:35:24,4451,baghdad_generic,borsa,unknown,1450.0,iqborsa:city_line,https://t.me/iqborsa/4451
iqborsa,2024-05-29,13:36:23,4452,baghdad_generic,borsa,unknown,1451.0,iqborsa:city_line,https://t.me/iqborsa/4452
iqborsa,2024-05-29,13:40:08,4453,basra,borsa,unknown,1452.0,iqborsa:city_line,https://t.me/iqborsa/4453
iqborsa,2024-05-29,14:35:37,4457,baghdad_generic,borsa,unknown,1449.5,iqborsa:city_line,https://t.me/iqborsa/4457
iqborsa,2024-05-29,16:51:29,4461,erbil,borsa,unknown,1458.75,iqborsa:city_line,https://t.me/iqborsa/4461
iqborsa,2024-05-29,19:12:41,4462,baghdad_generic,borsa,unknown,1449.5,iqborsa:city_line,https://t.me/iqborsa/4462
iqborsa,2024-05-30,11:45:05,4465,erbil,borsa,unknown,1449.5,iqborsa:city_line,https://t.me/iqborsa/4465
iqborsa,2024-05-30,11:45:14,4466,baghdad_generic,borsa,unknown,1451.0,iqborsa:city_line,https://t.me/iqborsa/4466
iqborsa,2024-05-30,15:37:21,4469,baghdad_generic,borsa,unknown,1452.0,iqborsa:city_line,https://t.me/iqborsa/4469
iqborsa,2024-05-30,16:56:32,4472,baghdad_generic,borsa,unknown,1452.5,iqborsa:city_line,https://t.me/iqborsa/4472
iqborsa,2024-05-30,18:56:50,4473,baghdad_generic,borsa,unknown,1452.0,iqborsa:city_line,https://t.me/iqborsa/4473
iqborsa,2024-05-31,19:59:16,4479,baghdad_generic,borsa,unknown,1452.0,iqborsa:city_line,https://t.me/iqborsa/4479
iqborsa,2024-06-01,12:19:18,4485,basra,borsa,unknown,1452.0,iqborsa:city_line,https://t.me/iqborsa/4485
iqborsa,2024-06-01,12:19:25,4486,baghdad_generic,borsa,unknown,1451.0,iqborsa:city_line,https://t.me/iqborsa/4486
iqborsa,2024-06-01,12:28:49,4487,baghdad_generic,borsa,unknown,1450.0,iqborsa:city_line,https://t.me/iqborsa/4487
iqborsa,2024-06-01,12:55:47,4489,baghdad_generic,borsa,unknown,1450.5,iqborsa:city_line,https://t.me/iqborsa/4489
iqborsa,2024-06-01,15:39:49,4493,baghdad_generic,borsa,unknown,1451.0,iqborsa:city_line,https://t.me/iqborsa/4493
iqborsa,2024-06-02,13:03:42,4500,basra,borsa,unknown,1450.5,iqborsa:city_line,https://t.me/iqborsa/4500
iqborsa,2024-06-02,13:03:48,4501,erbil,borsa,unknown,1449.0,iqborsa:city_line,https://t.me/iqborsa/4501
iqborsa,2024-06-02,13:03:54,4502,baghdad_generic,borsa,unknown,1450.5,iqborsa:city_line,https://t.me/iqborsa/4502
iqborsa,2024-06-02,13:54:10,4505,baghdad_generic,borsa,unknown,1450.0,iqborsa:city_line,https://t.me/iqborsa/4505
iqborsa,2024-06-02,19:48:05,4512,baghdad_generic,borsa,unknown,1453.5,iqborsa:city_line,https://t.me/iqborsa/4512
iqborsa,2024-06-02,20:41:52,4513,baghdad_generic,borsa,unknown,1454.0,iqborsa:city_line,https://t.me/iqborsa/4513
iqborsa,2024-06-03,12:25:55,4516,baghdad_generic,borsa,unknown,1453.5,iqborsa:city_line,https://t.me/iqborsa/4516
iqborsa,2024-06-03,13:03:38,4517,baghdad_generic,borsa,unknown,1454.0,iqborsa:city_line,https://t.me/iqborsa/4517
iqborsa,2024-06-03,13:25:38,4518,baghdad_generic,borsa,unknown,1457.0,iqborsa:city_line,https://t.me/iqborsa/4518
iqborsa,2024-06-03,13:39:53,4519,baghdad_generic,borsa,unknown,1458.0,iqborsa:city_line,https://t.me/iqborsa/4519
iqborsa,2024-06-03,15:43:07,4522,baghdad_generic,borsa,unknown,1459.5,iqborsa:city_line,https://t.me/iqborsa/4522
iqborsa,2024-06-03,15:45:32,4523,baghdad_generic,borsa,unknown,1460.0,iqborsa:short_city_line,https://t.me/iqborsa/4523
iqborsa,2024-06-03,16:15:26,4525,baghdad_generic,borsa,unknown,1459.0,iqborsa:city_line,https://t.me/iqborsa/4525
iqborsa,2024-06-03,16:44:13,4530,baghdad_generic,borsa,unknown,1460.0,iqborsa:city_line,https://t.me/iqborsa/4530
iqborsa,2024-06-03,17:15:02,4531,baghdad_generic,borsa,unknown,1461.0,iqborsa:city_line,https://t.me/iqborsa/4531
iqborsa,2024-06-03,18:17:13,4532,baghdad_generic,borsa,unknown,1459.5,iqborsa:city_line,https://t.me/iqborsa/4532
iqborsa,2024-06-04,11:14:10,4538,baghdad_generic,borsa,unknown,1460.0,iqborsa:city_line,https://t.me/iqborsa/4538
iqborsa,2024-06-04,11:57:39,4540,baghdad_generic,borsa,unknown,1458.5,iqborsa:city_line,https://t.me/iqborsa/4540
iqborsa,2024-06-04,13:31:29,4542,baghdad_generic,borsa,unknown,1456.0,iqborsa:city_line,https://t.me/iqborsa/4542
iqborsa,2024-06-04,13:44:08,4544,baghdad_generic,borsa,unknown,1457.0,iqborsa:city_line,https://t.me/iqborsa/4544
iqborsa,2024-06-04,14:31:45,4546,erbil,borsa,unknown,1452.5,iqborsa:city_line,https://t.me/iqborsa/4546
iqborsa,2024-06-04,14:45:12,4547,baghdad_generic,borsa,unknown,1456.0,iqborsa:city_line,https://t.me/iqborsa/4547
iqborsa,2024-06-04,15:02:21,4549,baghdad_generic,borsa,unknown,1455.0,iqborsa:city_line,https://t.me/iqborsa/4549
iqborsa,2024-06-04,22:54:19,4553,baghdad_generic,borsa,unknown,1454.0,iqborsa:city_line,https://t.me/iqborsa/4553
iqborsa,2024-06-05,10:44:55,4556,baghdad_generic,borsa,unknown,1454.0,iqborsa:city_line,https://t.me/iqborsa/4556
iqborsa,2024-06-05,13:34:49,4559,baghdad_generic,borsa,unknown,1455.5,iqborsa:city_line,https://t.me/iqborsa/4559
iqborsa,2024-06-05,14:12:10,4561,baghdad_generic,borsa,unknown,1456.5,iqborsa:city_line,https://t.me/iqborsa/4561
iqborsa,2024-06-05,20:19:48,4564,baghdad_generic,borsa,unknown,1457.0,iqborsa:city_line,https://t.me/iqborsa/4564
iqborsa,2024-06-06,11:20:15,4568,baghdad_generic,borsa,unknown,1457.0,iqborsa:city_line,https://t.me/iqborsa/4568
iqborsa,2024-06-06,11:45:04,4569,baghdad_generic,borsa,unknown,1458.0,iqborsa:city_line,https://t.me/iqborsa/4569
iqborsa,2024-06-06,12:02:58,4570,baghdad_generic,borsa,unknown,1459.5,iqborsa:city_line,https://t.me/iqborsa/4570
iqborsa,2024-06-06,12:10:07,4571,baghdad_generic,borsa,unknown,1460.0,iqborsa:city_line,https://t.me/iqborsa/4571
iqborsa,2024-06-06,13:42:14,4574,baghdad_generic,borsa,unknown,1458.0,iqborsa:city_line,https://t.me/iqborsa/4574
iqborsa,2024-06-06,14:07:01,4575,baghdad_generic,borsa,unknown,1460.0,iqborsa:city_line,https://t.me/iqborsa/4575
iqborsa,2024-06-06,18:35:34,4577,baghdad_generic,borsa,unknown,1459.0,iqborsa:city_line,https://t.me/iqborsa/4577
iqborsa,2024-06-08,12:24:37,4587,basra,borsa,unknown,1460.0,iqborsa:city_line,https://t.me/iqborsa/4587
iqborsa,2024-06-08,12:24:41,4588,baghdad_generic,borsa,unknown,1460.0,iqborsa:city_line,https://t.me/iqborsa/4588
iqborsa,2024-06-08,12:44:01,4589,baghdad_generic,borsa,unknown,1460.5,iqborsa:city_line,https://t.me/iqborsa/4589
iqborsa,2024-06-08,15:43:29,4591,baghdad_generic,borsa,unknown,1461.0,iqborsa:city_line,https://t.me/iqborsa/4591
iqborsa,2024-06-08,19:22:52,4595,baghdad_generic,borsa,unknown,1461.5,iqborsa:city_line,https://t.me/iqborsa/4595
iqborsa,2024-06-09,11:44:33,4599,baghdad_generic,borsa,unknown,1463.5,iqborsa:city_line,https://t.me/iqborsa/4599
iqborsa,2024-06-09,14:03:05,4601,baghdad_generic,borsa,unknown,1466.0,iqborsa:city_line,https://t.me/iqborsa/4601
iqborsa,2024-06-09,14:33:24,4602,baghdad_generic,borsa,unknown,1465.5,iqborsa:city_line,https://t.me/iqborsa/4602
iqborsa,2024-06-09,14:50:01,4603,baghdad_generic,borsa,unknown,1466.5,iqborsa:city_line,https://t.me/iqborsa/4603
iqborsa,2024-06-09,15:19:56,4605,baghdad_generic,borsa,unknown,1468.5,iqborsa:city_line,https://t.me/iqborsa/4605
iqborsa,2024-06-09,15:27:20,4606,baghdad_generic,borsa,unknown,1469.5,iqborsa:city_line,https://t.me/iqborsa/4606
iqborsa,2024-06-09,15:28:27,4607,baghdad_generic,borsa,unknown,1470.0,iqborsa:city_line,https://t.me/iqborsa/4607
iqborsa,2024-06-09,15:39:33,4610,baghdad_generic,borsa,unknown,1470.5,iqborsa:city_line,https://t.me/iqborsa/4610
iqborsa,2024-06-09,15:56:03,4612,baghdad_generic,borsa,unknown,1469.0,iqborsa:city_line,https://t.me/iqborsa/4612
iqborsa,2024-06-09,18:47:56,4613,baghdad_kifah,borsa,unknown,1466.5,iqborsa:city_line,https://t.me/iqborsa/4613
iqborsa,2024-06-09,18:47:56,4613,baghdad_harithiya,borsa,unknown,1469.0,iqborsa:city_line,https://t.me/iqborsa/4613
iqborsa,2024-06-10,10:40:36,4616,baghdad_generic,borsa,unknown,1466.0,iqborsa:city_line,https://t.me/iqborsa/4616
iqborsa,2024-06-10,11:01:02,4617,baghdad_generic,borsa,unknown,1466.5,iqborsa:city_line,https://t.me/iqborsa/4617
iqborsa,2024-06-10,11:11:25,4619,baghdad_generic,borsa,unknown,1467.0,iqborsa:city_line,https://t.me/iqborsa/4619
iqborsa,2024-06-10,12:01:12,4620,baghdad_generic,borsa,unknown,1468.5,iqborsa:city_line,https://t.me/iqborsa/4620
iqborsa,2024-06-10,14:12:07,4621,baghdad_generic,borsa,unknown,1469.0,iqborsa:city_line,https://t.me/iqborsa/4621
iqborsa,2024-06-10,19:55:03,4623,baghdad_generic,borsa,unknown,1471.0,iqborsa:city_line,https://t.me/iqborsa/4623
iqborsa,2024-06-11,11:02:53,4626,baghdad_generic,borsa,unknown,1471.0,iqborsa:city_line,https://t.me/iqborsa/4626
iqborsa,2024-06-11,11:13:22,4627,baghdad_generic,borsa,unknown,1472.0,iqborsa:city_line,https://t.me/iqborsa/4627
iqborsa,2024-06-11,13:26:57,4630,baghdad_generic,borsa,unknown,1477.0,iqborsa:city_line,https://t.me/iqborsa/4630
iqborsa,2024-06-11,15:49:24,4631,baghdad_generic,borsa,unknown,1476.0,iqborsa:city_line,https://t.me/iqborsa/4631
iqborsa,2024-06-11,20:07:16,4632,baghdad_generic,borsa,unknown,1472.0,iqborsa:city_line,https://t.me/iqborsa/4632
iqborsa,2024-06-12,10:42:56,4637,baghdad_generic,borsa,unknown,1471.0,iqborsa:city_line,https://t.me/iqborsa/4637
iqborsa,2024-06-12,11:04:25,4638,baghdad_generic,borsa,unknown,1470.0,iqborsa:city_line,https://t.me/iqborsa/4638
iqborsa,2024-06-12,13:22:35,4640,baghdad_generic,borsa,unknown,1469.0,iqborsa:city_line,https://t.me/iqborsa/4640
iqborsa,2024-06-12,18:27:31,4641,baghdad_generic,borsa,unknown,1470.5,iqborsa:city_line,https://t.me/iqborsa/4641
iqborsa,2024-06-13,11:56:00,4644,baghdad_generic,borsa,unknown,1468.5,iqborsa:city_line,https://t.me/iqborsa/4644
iqborsa,2024-06-13,13:31:38,4645,baghdad_generic,borsa,unknown,1466.0,iqborsa:city_line,https://t.me/iqborsa/4645
iqborsa,2024-06-13,14:36:39,4647,baghdad_generic,borsa,unknown,1465.5,iqborsa:city_line,https://t.me/iqborsa/4647
iqborsa,2024-06-15,12:53:56,4653,baghdad_generic,borsa,unknown,1470.0,iqborsa:city_line,https://t.me/iqborsa/4653
iqborsa,2024-06-20,12:24:53,4662,erbil,borsa,unknown,1469.5,iqborsa:city_line,https://t.me/iqborsa/4662
iqborsa,2024-06-20,19:37:02,4663,baghdad_generic,borsa,unknown,1470.0,iqborsa:city_line,https://t.me/iqborsa/4663
iqborsa,2024-06-20,21:33:55,4664,baghdad_generic,borsa,unknown,1471.0,iqborsa:city_line,https://t.me/iqborsa/4664
iqborsa,2024-06-22,11:18:39,4669,baghdad_generic,borsa,unknown,1469.0,iqborsa:city_line,https://t.me/iqborsa/4669
iqborsa,2024-06-22,12:38:03,4670,baghdad_generic,borsa,unknown,1468.5,iqborsa:city_line,https://t.me/iqborsa/4670
iqborsa,2024-06-22,17:30:44,4673,baghdad_generic,borsa,unknown,1468.0,iqborsa:city_line,https://t.me/iqborsa/4673
iqborsa,2024-06-23,12:51:59,4675,basra,borsa,unknown,1467.5,iqborsa:city_line,https://t.me/iqborsa/4675
iqborsa,2024-06-23,12:52:05,4676,erbil,borsa,unknown,1469.5,iqborsa:city_line,https://t.me/iqborsa/4676
iqborsa,2024-06-23,12:52:13,4677,baghdad_generic,borsa,unknown,1468.5,iqborsa:city_line,https://t.me/iqborsa/4677
iqborsa,2024-06-23,14:33:28,4679,baghdad_generic,borsa,unknown,1469.0,iqborsa:city_line,https://t.me/iqborsa/4679
iqborsa,2024-06-23,15:08:01,4680,baghdad_generic,borsa,unknown,1470.0,iqborsa:city_line,https://t.me/iqborsa/4680
iqborsa,2024-06-24,14:14:48,4684,baghdad_generic,borsa,unknown,1475.0,iqborsa:city_line,https://t.me/iqborsa/4684
iqborsa,2024-06-24,15:38:44,4685,baghdad_generic,borsa,unknown,1477.5,iqborsa:city_line,https://t.me/iqborsa/4685
iqborsa,2024-06-24,16:22:26,4688,baghdad_generic,borsa,unknown,1480.0,iqborsa:city_line,https://t.me/iqborsa/4688
iqborsa,2024-06-24,22:16:27,4690,baghdad_generic,borsa,unknown,1476.0,iqborsa:city_line,https://t.me/iqborsa/4690
iqborsa,2024-06-25,12:41:40,4692,baghdad_generic,borsa,unknown,1476.0,iqborsa:city_line,https://t.me/iqborsa/4692
iqborsa,2024-06-25,14:24:28,4693,baghdad_generic,borsa,unknown,1475.5,iqborsa:city_line,https://t.me/iqborsa/4693
iqborsa,2024-06-25,22:14:49,4696,baghdad_generic,borsa,unknown,1475.0,iqborsa:city_line,https://t.me/iqborsa/4696
iqborsa,2024-06-26,13:27:24,4699,baghdad_generic,borsa,unknown,1474.0,iqborsa:city_line,https://t.me/iqborsa/4699
iqborsa,2024-06-26,15:10:27,4701,baghdad_generic,borsa,unknown,1473.5,iqborsa:city_line,https://t.me/iqborsa/4701
iqborsa,2024-06-26,16:41:10,4703,baghdad_generic,borsa,unknown,1473.0,iqborsa:city_line,https://t.me/iqborsa/4703
iqborsa,2024-06-26,17:49:29,4705,baghdad_generic,borsa,unknown,1473.5,iqborsa:city_line,https://t.me/iqborsa/4705
iqborsa,2024-06-26,21:31:23,4709,baghdad_generic,borsa,unknown,1470.0,iqborsa:short_city_line,https://t.me/iqborsa/4709
iqborsa,2024-06-27,12:04:09,4712,baghdad_generic,borsa,unknown,1471.0,iqborsa:city_line,https://t.me/iqborsa/4712
iqborsa,2024-06-27,13:43:04,4713,basra,borsa,unknown,1468.5,iqborsa:city_line,https://t.me/iqborsa/4713
iqborsa,2024-06-27,13:43:18,4714,baghdad_generic,borsa,unknown,1470.5,iqborsa:city_line,https://t.me/iqborsa/4714
iqborsa,2024-06-27,14:21:28,4715,baghdad_generic,borsa,unknown,1472.5,iqborsa:city_line,https://t.me/iqborsa/4715
iqborsa,2024-06-29,14:39:31,4718,baghdad_generic,borsa,unknown,1473.0,iqborsa:city_line,https://t.me/iqborsa/4718
iqborsa,2024-06-29,15:15:57,4719,baghdad_generic,borsa,unknown,1472.5,iqborsa:city_line,https://t.me/iqborsa/4719
iqborsa,2024-06-30,13:09:14,4722,baghdad_generic,borsa,unknown,1472.5,iqborsa:city_line,https://t.me/iqborsa/4722
iqborsa,2024-06-30,14:52:08,4723,baghdad_generic,borsa,unknown,1473.5,iqborsa:city_line,https://t.me/iqborsa/4723
iqborsa,2024-06-30,15:04:14,4725,basra,borsa,unknown,1471.5,iqborsa:city_line,https://t.me/iqborsa/4725
iqborsa,2024-06-30,15:04:19,4726,baghdad_generic,borsa,unknown,1473.0,iqborsa:city_line,https://t.me/iqborsa/4726
iqborsa,2024-06-30,15:12:30,4727,baghdad_generic,borsa,unknown,1474.0,iqborsa:city_line,https://t.me/iqborsa/4727
iqborsa,2024-06-30,21:44:08,4728,baghdad_generic,borsa,unknown,1476.0,iqborsa:city_line,https://t.me/iqborsa/4728
iqborsa,2024-07-01,13:40:48,4729,baghdad_generic,borsa,unknown,1480.0,iqborsa:city_line,https://t.me/iqborsa/4729
iqborsa,2024-07-01,13:50:54,4732,erbil,borsa,unknown,1482.0,iqborsa:city_line,https://t.me/iqborsa/4732
iqborsa,2024-07-01,13:53:00,4734,baghdad_generic,borsa,unknown,1480.5,iqborsa:city_line,https://t.me/iqborsa/4734
iqborsa,2024-07-01,19:23:20,4739,baghdad_generic,borsa,unknown,1476.5,iqborsa:city_line,https://t.me/iqborsa/4739
iqborsa,2024-07-02,13:21:19,4743,baghdad_generic,borsa,unknown,1480.0,iqborsa:city_line,https://t.me/iqborsa/4743
iqborsa,2024-07-02,15:32:05,4744,baghdad_generic,borsa,unknown,1481.0,iqborsa:city_line,https://t.me/iqborsa/4744
iqborsa,2024-07-02,16:59:11,4746,baghdad_generic,borsa,unknown,1482.0,iqborsa:city_line,https://t.me/iqborsa/4746
iqborsa,2024-07-03,12:58:38,4751,erbil,borsa,unknown,1490.0,iqborsa:city_line,https://t.me/iqborsa/4751
iqborsa,2024-07-03,13:05:47,4752,baghdad_generic,borsa,unknown,1487.5,iqborsa:city_line,https://t.me/iqborsa/4752
iqborsa,2024-07-03,13:16:49,4754,baghdad_generic,borsa,unknown,1487.0,iqborsa:city_line,https://t.me/iqborsa/4754
iqborsa,2024-07-03,13:37:55,4755,baghdad_generic,borsa,unknown,1489.0,iqborsa:city_line,https://t.me/iqborsa/4755
iqborsa,2024-07-03,17:03:58,4761,baghdad_generic,borsa,unknown,1493.0,iqborsa:city_line,https://t.me/iqborsa/4761
iqborsa,2024-07-03,17:20:55,4764,erbil,borsa,unknown,1496.5,iqborsa:city_line,https://t.me/iqborsa/4764
iqborsa,2024-07-03,18:34:54,4766,baghdad_generic,borsa,unknown,1495.0,iqborsa:city_line,https://t.me/iqborsa/4766
iqborsa,2024-07-03,22:28:17,4774,baghdad_generic,borsa,unknown,1497.0,iqborsa:city_line,https://t.me/iqborsa/4774
iqborsa,2024-07-03,22:28:17,4774,basra,borsa,unknown,1493.5,iqborsa:city_line,https://t.me/iqborsa/4774
iqborsa,2024-07-03,22:28:17,4774,erbil,borsa,unknown,1496.5,iqborsa:city_line,https://t.me/iqborsa/4774
iqborsa,2024-07-04,12:09:36,4776,baghdad_generic,borsa,unknown,1497.0,iqborsa:city_line,https://t.me/iqborsa/4776
iqborsa,2024-07-04,13:14:51,4777,baghdad_generic,borsa,unknown,1495.0,iqborsa:city_line,https://t.me/iqborsa/4777
iqborsa,2024-07-04,13:22:11,4778,baghdad_generic,borsa,unknown,1493.5,iqborsa:city_line,https://t.me/iqborsa/4778
iqborsa,2024-07-04,13:30:46,4780,baghdad_generic,borsa,unknown,1491.0,iqborsa:city_line,https://t.me/iqborsa/4780
iqborsa,2024-07-04,14:28:59,4782,baghdad_generic,borsa,unknown,1493.0,iqborsa:city_line,https://t.me/iqborsa/4782
iqborsa,2024-07-04,16:42:04,4787,baghdad_generic,borsa,unknown,1490.0,iqborsa:city_line,https://t.me/iqborsa/4787
iqborsa,2024-07-04,19:34:18,4788,baghdad_generic,borsa,unknown,1487.0,iqborsa:city_line,https://t.me/iqborsa/4788
iqborsa,2024-07-05,16:54:13,4793,baghdad_generic,borsa,unknown,1490.0,iqborsa:city_line,https://t.me/iqborsa/4793
iqborsa,2024-07-06,14:03:48,4798,baghdad_generic,borsa,unknown,1490.5,iqborsa:city_line,https://t.me/iqborsa/4798
iqborsa,2024-07-06,14:46:00,4799,baghdad_generic,borsa,unknown,1488.0,iqborsa:city_line,https://t.me/iqborsa/4799
iqborsa,2024-07-06,18:38:15,4802,baghdad_generic,borsa,unknown,1487.0,iqborsa:city_line,https://t.me/iqborsa/4802
iqborsa,2024-07-06,20:41:49,4803,baghdad_generic,borsa,unknown,1488.5,iqborsa:city_line,https://t.me/iqborsa/4803
iqborsa,2024-07-07,12:47:28,4805,baghdad_generic,borsa,unknown,1489.0,iqborsa:city_line,https://t.me/iqborsa/4805
iqborsa,2024-07-07,13:56:44,4806,baghdad_generic,borsa,unknown,1489.5,iqborsa:city_line,https://t.me/iqborsa/4806
iqborsa,2024-07-07,15:27:38,4809,baghdad_generic,borsa,unknown,1490.0,iqborsa:city_line,https://t.me/iqborsa/4809
iqborsa,2024-07-07,15:37:50,4810,baghdad_generic,borsa,unknown,1491.0,iqborsa:city_line,https://t.me/iqborsa/4810
iqborsa,2024-07-07,19:26:25,4812,baghdad_generic,borsa,unknown,1493.5,iqborsa:city_line,https://t.me/iqborsa/4812
iqborsa,2024-07-08,14:00:33,4823,baghdad_generic,borsa,unknown,1499.0,iqborsa:city_line,https://t.me/iqborsa/4823
iqborsa,2024-07-08,14:29:49,4828,baghdad_generic,borsa,unknown,1499.5,iqborsa:city_line,https://t.me/iqborsa/4828
iqborsa,2024-07-08,14:45:23,4830,baghdad_generic,borsa,unknown,1498.0,iqborsa:city_line,https://t.me/iqborsa/4830
iqborsa,2024-07-08,15:06:06,4831,baghdad_generic,borsa,unknown,1500.0,iqborsa:city_line,https://t.me/iqborsa/4831
iqborsa,2024-07-08,16:02:59,4832,baghdad_generic,borsa,unknown,1503.0,iqborsa:city_line,https://t.me/iqborsa/4832
iqborsa,2024-07-08,16:11:18,4833,baghdad_generic,borsa,unknown,1503.5,iqborsa:city_line,https://t.me/iqborsa/4833
iqborsa,2024-07-08,17:01:02,4836,baghdad_generic,borsa,unknown,1503.0,iqborsa:city_line,https://t.me/iqborsa/4836
iqborsa,2024-07-08,18:24:35,4838,baghdad_generic,borsa,unknown,1509.0,iqborsa:city_line,https://t.me/iqborsa/4838
iqborsa,2024-07-08,19:07:17,4843,baghdad_generic,borsa,unknown,1506.0,iqborsa:city_line,https://t.me/iqborsa/4843
iqborsa,2024-07-08,21:03:43,4844,baghdad_generic,borsa,unknown,1505.5,iqborsa:city_line,https://t.me/iqborsa/4844
iqborsa,2024-07-08,21:41:10,4845,baghdad_generic,borsa,unknown,1506.0,iqborsa:city_line,https://t.me/iqborsa/4845
iqborsa,2024-07-09,00:26:42,4847,erbil,borsa,unknown,1510.0,iqborsa:city_line,https://t.me/iqborsa/4847
iqborsa,2024-07-09,10:13:17,4851,baghdad_generic,borsa,unknown,1504.0,iqborsa:city_line,https://t.me/iqborsa/4851
iqborsa,2024-07-09,11:23:18,4853,baghdad_generic,borsa,unknown,1508.0,iqborsa:city_line,https://t.me/iqborsa/4853
iqborsa,2024-07-09,11:47:01,4854,baghdad_generic,borsa,unknown,1509.0,iqborsa:city_line,https://t.me/iqborsa/4854
iqborsa,2024-07-09,13:23:54,4856,baghdad_generic,borsa,unknown,1510.0,iqborsa:short_city_line,https://t.me/iqborsa/4856
iqborsa,2024-07-09,14:04:48,4859,baghdad_generic,borsa,unknown,1507.0,iqborsa:city_line,https://t.me/iqborsa/4859
iqborsa,2024-07-09,14:15:57,4861,baghdad_generic,borsa,unknown,1508.0,iqborsa:city_line,https://t.me/iqborsa/4861
iqborsa,2024-07-09,14:29:07,4864,baghdad_generic,borsa,unknown,1509.0,iqborsa:city_line,https://t.me/iqborsa/4864
iqborsa,2024-07-09,15:23:16,4867,baghdad_generic,borsa,unknown,1507.0,iqborsa:city_line,https://t.me/iqborsa/4867
iqborsa,2024-07-09,15:29:15,4868,baghdad_generic,borsa,unknown,1506.0,iqborsa:city_line,https://t.me/iqborsa/4868
iqborsa,2024-07-09,16:09:10,4870,baghdad_generic,borsa,unknown,1503.5,iqborsa:city_line,https://t.me/iqborsa/4870
iqborsa,2024-07-09,16:55:05,4871,erbil,borsa,unknown,1499.5,iqborsa:city_line,https://t.me/iqborsa/4871
iqborsa,2024-07-09,19:04:26,4873,baghdad_generic,borsa,unknown,1503.0,iqborsa:city_line,https://t.me/iqborsa/4873
iqborsa,2024-07-10,10:06:07,4877,basra,borsa,unknown,1500.0,iqborsa:city_line,https://t.me/iqborsa/4877
iqborsa,2024-07-10,10:21:47,4878,baghdad_generic,borsa,unknown,1503.0,iqborsa:city_line,https://t.me/iqborsa/4878
iqborsa,2024-07-10,11:29:04,4879,baghdad_generic,borsa,unknown,1502.5,iqborsa:city_line,https://t.me/iqborsa/4879
iqborsa,2024-07-10,12:31:56,4880,baghdad_generic,borsa,unknown,1499.5,iqborsa:city_line,https://t.me/iqborsa/4880
iqborsa,2024-07-10,12:48:40,4881,baghdad_generic,borsa,unknown,1496.0,iqborsa:city_line,https://t.me/iqborsa/4881
iqborsa,2024-07-10,14:09:53,4882,baghdad_generic,borsa,unknown,1495.0,iqborsa:city_line,https://t.me/iqborsa/4882
iqborsa,2024-07-10,14:17:25,4884,erbil,borsa,unknown,1489.5,iqborsa:city_line,https://t.me/iqborsa/4884
iqborsa,2024-07-10,14:41:00,4885,baghdad_generic,borsa,unknown,1492.5,iqborsa:city_line,https://t.me/iqborsa/4885
iqborsa,2024-07-10,14:56:07,4887,baghdad_generic,borsa,unknown,1491.0,iqborsa:city_line,https://t.me/iqborsa/4887
iqborsa,2024-07-10,15:03:07,4889,baghdad_generic,borsa,unknown,1489.5,iqborsa:city_line,https://t.me/iqborsa/4889
iqborsa,2024-07-10,15:10:36,4892,baghdad_generic,borsa,unknown,1488.0,iqborsa:city_line,https://t.me/iqborsa/4892
iqborsa,2024-07-10,15:32:16,4894,baghdad_generic,borsa,unknown,1491.5,iqborsa:city_line,https://t.me/iqborsa/4894
iqborsa,2024-07-11,11:47:43,4897,baghdad_generic,borsa,unknown,1495.5,iqborsa:city_line,https://t.me/iqborsa/4897
iqborsa,2024-07-11,11:54:39,4898,baghdad_generic,borsa,unknown,1494.0,iqborsa:city_line,https://t.me/iqborsa/4898
iqborsa,2024-07-11,12:15:50,4899,baghdad_generic,borsa,unknown,1493.0,iqborsa:city_line,https://t.me/iqborsa/4899
iqborsa,2024-07-11,12:28:20,4902,baghdad_generic,borsa,unknown,1494.0,iqborsa:city_line,https://t.me/iqborsa/4902
iqborsa,2024-07-11,13:21:41,4903,baghdad_generic,borsa,unknown,1497.0,iqborsa:city_line,https://t.me/iqborsa/4903
iqborsa,2024-07-11,15:58:02,4904,baghdad_generic,borsa,unknown,1496.0,iqborsa:city_line,https://t.me/iqborsa/4904
iqborsa,2024-07-11,20:00:35,4906,baghdad_generic,borsa,unknown,1498.0,iqborsa:city_line,https://t.me/iqborsa/4906
iqborsa,2024-07-12,17:19:05,4911,baghdad_generic,borsa,unknown,1502.0,iqborsa:city_line,https://t.me/iqborsa/4911
iqborsa,2024-07-12,20:38:34,4913,baghdad_generic,borsa,unknown,1499.0,iqborsa:city_line,https://t.me/iqborsa/4913
iqborsa,2024-07-12,21:20:29,4914,baghdad_generic,borsa,unknown,1504.0,iqborsa:city_line,https://t.me/iqborsa/4914
iqborsa,2024-07-13,10:38:44,4919,baghdad_generic,borsa,unknown,1502.0,iqborsa:city_line,https://t.me/iqborsa/4919
iqborsa,2024-07-13,11:11:52,4921,baghdad_generic,borsa,unknown,1501.0,iqborsa:city_line,https://t.me/iqborsa/4921
iqborsa,2024-07-13,12:03:57,4923,baghdad_generic,borsa,unknown,1500.0,iqborsa:city_line,https://t.me/iqborsa/4923
iqborsa,2024-07-13,13:22:32,4924,baghdad_generic,borsa,unknown,1498.0,iqborsa:city_line,https://t.me/iqborsa/4924
iqborsa,2024-07-13,13:31:06,4926,baghdad_generic,borsa,unknown,1497.0,iqborsa:city_line,https://t.me/iqborsa/4926
iqborsa,2024-07-13,18:15:44,4930,baghdad_generic,borsa,unknown,1497.5,iqborsa:city_line,https://t.me/iqborsa/4930
iqborsa,2024-07-14,11:33:23,4937,baghdad_generic,borsa,unknown,1498.0,iqborsa:city_line,https://t.me/iqborsa/4937
iqborsa,2024-07-14,11:43:02,4939,baghdad_generic,borsa,unknown,1497.5,iqborsa:city_line,https://t.me/iqborsa/4939
iqborsa,2024-07-14,12:09:26,4942,baghdad_samawal,borsa,unknown,1495.0,iqborsa:city_line,https://t.me/iqborsa/4942
iqborsa,2024-07-14,12:29:41,4944,baghdad_generic,borsa,unknown,1496.0,iqborsa:city_line,https://t.me/iqborsa/4944
iqborsa,2024-07-14,12:47:31,4946,baghdad_generic,borsa,unknown,1494.0,iqborsa:city_line,https://t.me/iqborsa/4946
iqborsa,2024-07-14,13:10:48,4948,baghdad_generic,borsa,unknown,1493.0,iqborsa:city_line,https://t.me/iqborsa/4948
iqborsa,2024-07-14,13:24:11,4950,baghdad_generic,borsa,unknown,1489.0,iqborsa:city_line,https://t.me/iqborsa/4950
iqborsa,2024-07-14,14:06:43,4954,baghdad_generic,borsa,unknown,1488.0,iqborsa:city_line,https://t.me/iqborsa/4954
iqborsa,2024-07-14,15:19:18,4956,baghdad_generic,borsa,unknown,1492.0,iqborsa:city_line,https://t.me/iqborsa/4956
iqborsa,2024-07-14,15:30:13,4957,baghdad_generic,borsa,unknown,1493.0,iqborsa:city_line,https://t.me/iqborsa/4957
iqborsa,2024-07-14,16:23:28,4961,baghdad_generic,borsa,unknown,1492.0,iqborsa:city_line,https://t.me/iqborsa/4961
iqborsa,2024-07-15,11:19:08,4967,baghdad_generic,borsa,unknown,1489.0,iqborsa:city_line,https://t.me/iqborsa/4967
iqborsa,2024-07-15,11:43:58,4968,baghdad_generic,borsa,unknown,1487.5,iqborsa:city_line,https://t.me/iqborsa/4968
iqborsa,2024-07-15,12:22:06,4970,baghdad_generic,borsa,unknown,1491.0,iqborsa:city_line,https://t.me/iqborsa/4970
iqborsa,2024-07-15,12:55:56,4971,baghdad_generic,borsa,unknown,1489.0,iqborsa:city_line,https://t.me/iqborsa/4971
iqborsa,2024-07-15,20:03:48,4973,baghdad_generic,borsa,unknown,1489.5,iqborsa:city_line,https://t.me/iqborsa/4973
iqborsa,2024-07-16,12:00:44,4976,baghdad_generic,borsa,unknown,1490.0,iqborsa:city_line,https://t.me/iqborsa/4976
iqborsa,2024-07-16,14:24:20,4978,baghdad_generic,borsa,unknown,1493.5,iqborsa:city_line,https://t.me/iqborsa/4978
iqborsa,2024-07-16,14:42:21,4979,baghdad_generic,borsa,unknown,1492.5,iqborsa:city_line,https://t.me/iqborsa/4979
iqborsa,2024-07-16,18:04:48,4983,baghdad_generic,borsa,unknown,1491.0,iqborsa:city_line,https://t.me/iqborsa/4983
iqborsa,2024-07-17,16:32:07,4986,baghdad_generic,borsa,unknown,1497.5,iqborsa:city_line,https://t.me/iqborsa/4986
iqborsa,2024-07-17,18:22:47,4988,baghdad_generic,borsa,unknown,1495.0,iqborsa:city_line,https://t.me/iqborsa/4988
iqborsa,2024-07-18,12:57:14,4991,baghdad_generic,borsa,unknown,1491.5,iqborsa:city_line,https://t.me/iqborsa/4991
iqborsa,2024-07-18,13:28:01,4992,baghdad_generic,borsa,unknown,1490.0,iqborsa:city_line,https://t.me/iqborsa/4992
iqborsa,2024-07-18,20:38:44,4995,baghdad_generic,borsa,unknown,1490.0,iqborsa:city_line,https://t.me/iqborsa/4995
iqborsa,2024-07-20,13:06:15,5000,baghdad_generic,borsa,unknown,1491.0,iqborsa:city_line,https://t.me/iqborsa/5000
iqborsa,2024-07-20,13:22:28,5002,baghdad_generic,borsa,unknown,1491.5,iqborsa:city_line,https://t.me/iqborsa/5002
iqborsa,2024-07-20,16:23:23,5005,baghdad_generic,borsa,unknown,1492.0,iqborsa:city_line,https://t.me/iqborsa/5005
iqborsa,2024-07-21,11:36:17,5009,baghdad_generic,borsa,unknown,1489.5,iqborsa:city_line,https://t.me/iqborsa/5009
iqborsa,2024-07-21,12:59:57,5010,baghdad_generic,borsa,unknown,1490.0,iqborsa:city_line,https://t.me/iqborsa/5010
iqborsa,2024-07-21,13:39:30,5012,baghdad_generic,borsa,unknown,1489.5,iqborsa:city_line,https://t.me/iqborsa/5012
iqborsa,2024-07-21,15:57:43,5014,baghdad_generic,borsa,unknown,1489.0,iqborsa:city_line,https://t.me/iqborsa/5014
iqborsa,2024-07-22,13:09:26,5017,baghdad_generic,borsa,unknown,1493.0,iqborsa:city_line,https://t.me/iqborsa/5017
iqborsa,2024-07-22,14:12:46,5019,baghdad_generic,borsa,unknown,1494.5,iqborsa:city_line,https://t.me/iqborsa/5019
iqborsa,2024-07-22,17:10:43,5023,baghdad_generic,borsa,unknown,1493.5,iqborsa:city_line,https://t.me/iqborsa/5023
iqborsa,2024-07-23,13:18:22,5027,baghdad_generic,borsa,unknown,1493.5,iqborsa:city_line,https://t.me/iqborsa/5027
iqborsa,2024-07-23,15:35:41,5030,baghdad_generic,borsa,unknown,1494.0,iqborsa:city_line,https://t.me/iqborsa/5030
iqborsa,2024-07-23,18:08:34,5031,baghdad_generic,borsa,unknown,1493.5,iqborsa:city_line,https://t.me/iqborsa/5031
iqborsa,2024-07-24,13:05:48,5034,baghdad_generic,borsa,unknown,1497.0,iqborsa:city_line,https://t.me/iqborsa/5034
iqborsa,2024-07-24,14:30:34,5036,baghdad_generic,borsa,unknown,1496.0,iqborsa:city_line,https://t.me/iqborsa/5036
iqborsa,2024-07-24,18:35:27,5038,baghdad_generic,borsa,unknown,1495.5,iqborsa:city_line,https://t.me/iqborsa/5038
iqborsa,2024-07-25,12:22:32,5042,baghdad_generic,borsa,unknown,1494.0,iqborsa:city_line,https://t.me/iqborsa/5042
iqborsa,2024-07-25,12:48:03,5043,baghdad_generic,borsa,unknown,1494.5,iqborsa:city_line,https://t.me/iqborsa/5043
iqborsa,2024-07-25,14:16:10,5045,baghdad_generic,borsa,unknown,1492.5,iqborsa:city_line,https://t.me/iqborsa/5045
iqborsa,2024-07-26,14:52:19,5050,baghdad_generic,borsa,unknown,1493.0,iqborsa:city_line,https://t.me/iqborsa/5050
iqborsa,2024-07-26,16:47:51,5052,baghdad_generic,borsa,unknown,1495.0,iqborsa:city_line,https://t.me/iqborsa/5052
iqborsa,2024-07-27,12:24:09,5054,baghdad_generic,borsa,unknown,1493.5,iqborsa:city_line,https://t.me/iqborsa/5054
iqborsa,2024-07-27,13:41:33,5055,baghdad_generic,borsa,unknown,1493.0,iqborsa:city_line,https://t.me/iqborsa/5055
iqborsa,2024-07-27,19:51:31,5056,baghdad_generic,borsa,unknown,1493.5,iqborsa:city_line,https://t.me/iqborsa/5056
iqborsa,2024-07-28,13:45:52,5058,baghdad_generic,borsa,unknown,1493.5,iqborsa:city_line,https://t.me/iqborsa/5058
iqborsa,2024-07-28,14:27:57,5059,baghdad_generic,borsa,unknown,1492.5,iqborsa:city_line,https://t.me/iqborsa/5059
iqborsa,2024-07-29,12:17:25,5064,baghdad_generic,borsa,unknown,1493.0,iqborsa:city_line,https://t.me/iqborsa/5064
iqborsa,2024-07-29,13:06:58,5065,baghdad_generic,borsa,unknown,1491.5,iqborsa:city_line,https://t.me/iqborsa/5065
iqborsa,2024-07-29,13:31:44,5066,baghdad_generic,borsa,unknown,1491.0,iqborsa:city_line,https://t.me/iqborsa/5066
iqborsa,2024-07-29,15:56:30,5068,baghdad_generic,borsa,unknown,1490.0,iqborsa:city_line,https://t.me/iqborsa/5068
iqborsa,2024-07-29,22:41:53,5070,baghdad_generic,borsa,unknown,1489.5,iqborsa:city_line,https://t.me/iqborsa/5070
iqborsa,2024-07-30,10:54:28,5073,baghdad_generic,borsa,unknown,1489.0,iqborsa:city_line,https://t.me/iqborsa/5073
iqborsa,2024-07-30,11:25:33,5074,baghdad_generic,borsa,unknown,1488.0,iqborsa:city_line,https://t.me/iqborsa/5074
iqborsa,2024-07-31,11:19:09,5078,baghdad_generic,borsa,unknown,1491.25,iqborsa:city_line,https://t.me/iqborsa/5078
iqborsa,2024-07-31,13:37:51,5080,baghdad_generic,borsa,unknown,1491.0,iqborsa:city_line,https://t.me/iqborsa/5080
iqborsa,2024-07-31,14:41:56,5082,baghdad_generic,borsa,unknown,1492.0,iqborsa:city_line,https://t.me/iqborsa/5082
iqborsa,2024-07-31,19:34:36,5083,baghdad_generic,borsa,unknown,1493.0,iqborsa:city_line,https://t.me/iqborsa/5083
iqborsa,2024-08-01,12:08:22,5087,baghdad_generic,borsa,unknown,1494.0,iqborsa:city_line,https://t.me/iqborsa/5087
iqborsa,2024-08-01,13:46:06,5088,erbil,borsa,unknown,1496.5,iqborsa:city_line,https://t.me/iqborsa/5088
iqborsa,2024-08-01,13:46:11,5089,basra,borsa,unknown,1493.0,iqborsa:city_line,https://t.me/iqborsa/5089
iqborsa,2024-08-01,14:31:32,5091,baghdad_generic,borsa,unknown,1495.0,iqborsa:city_line,https://t.me/iqborsa/5091
iqborsa,2024-08-02,14:13:49,5097,baghdad_generic,borsa,unknown,1496.0,iqborsa:city_line,https://t.me/iqborsa/5097
iqborsa,2024-08-03,12:33:14,5104,baghdad_generic,borsa,unknown,1495.0,iqborsa:city_line,https://t.me/iqborsa/5104
iqborsa,2024-08-03,12:52:54,5105,baghdad_generic,borsa,unknown,1495.5,iqborsa:city_line,https://t.me/iqborsa/5105
iqborsa,2024-08-03,15:39:46,5108,baghdad_generic,borsa,unknown,1496.0,iqborsa:city_line,https://t.me/iqborsa/5108
iqborsa,2024-08-04,11:58:49,5114,baghdad_generic,borsa,unknown,1496.0,iqborsa:city_line,https://t.me/iqborsa/5114
iqborsa,2024-08-04,12:27:45,5115,baghdad_generic,borsa,unknown,1496.5,iqborsa:city_line,https://t.me/iqborsa/5115
iqborsa,2024-08-04,13:39:35,5116,baghdad_generic,borsa,unknown,1498.0,iqborsa:city_line,https://t.me/iqborsa/5116
iqborsa,2024-08-04,18:41:26,5119,baghdad_generic,borsa,unknown,1499.0,iqborsa:city_line,https://t.me/iqborsa/5119
iqborsa,2024-08-05,13:17:18,5125,baghdad_generic,borsa,unknown,1499.5,iqborsa:city_line,https://t.me/iqborsa/5125
iqborsa,2024-08-05,14:27:14,5126,baghdad_generic,borsa,unknown,1498.0,iqborsa:city_line,https://t.me/iqborsa/5126
iqborsa,2024-08-05,15:29:38,5133,baghdad_generic,borsa,unknown,1498.0,iqborsa:city_line,https://t.me/iqborsa/5133
iqborsa,2024-08-05,16:43:23,5134,baghdad_generic,borsa,unknown,1499.0,iqborsa:city_line,https://t.me/iqborsa/5134
iqborsa,2024-08-06,10:53:24,5140,baghdad_generic,borsa,unknown,1498.0,iqborsa:city_line,https://t.me/iqborsa/5140
iqborsa,2024-08-06,14:05:10,5141,baghdad_generic,borsa,unknown,1498.5,iqborsa:city_line,https://t.me/iqborsa/5141
iqborsa,2024-08-06,17:47:14,5143,baghdad_generic,borsa,unknown,1499.0,iqborsa:city_line,https://t.me/iqborsa/5143
iqborsa,2024-08-07,11:32:11,5147,baghdad_generic,borsa,unknown,1499.0,iqborsa:city_line,https://t.me/iqborsa/5147
iqborsa,2024-08-07,12:38:51,5148,baghdad_generic,borsa,unknown,1499.5,iqborsa:city_line,https://t.me/iqborsa/5148
iqborsa,2024-08-07,13:27:32,5149,baghdad_generic,borsa,unknown,1500.0,iqborsa:short_city_line,https://t.me/iqborsa/5149
iqborsa,2024-08-07,19:30:58,5152,baghdad_generic,borsa,unknown,1502.0,iqborsa:city_line,https://t.me/iqborsa/5152
iqborsa,2024-08-08,11:13:46,5156,baghdad_generic,borsa,unknown,1499.5,iqborsa:city_line,https://t.me/iqborsa/5156
iqborsa,2024-08-08,12:55:46,5158,baghdad_generic,borsa,unknown,1500.0,iqborsa:city_line,https://t.me/iqborsa/5158
iqborsa,2024-08-08,14:47:08,5159,baghdad_generic,borsa,unknown,1500.5,iqborsa:city_line,https://t.me/iqborsa/5159
iqborsa,2024-08-09,12:45:41,5163,baghdad_generic,borsa,unknown,1502.5,iqborsa:city_line,https://t.me/iqborsa/5163
iqborsa,2024-08-09,17:17:36,5166,baghdad_generic,borsa,unknown,1502.0,iqborsa:city_line,https://t.me/iqborsa/5166
iqborsa,2024-08-10,11:11:16,5168,baghdad_generic,borsa,unknown,1500.0,iqborsa:city_line,https://t.me/iqborsa/5168
iqborsa,2024-08-10,11:15:00,5170,baghdad_generic,borsa,unknown,1499.5,iqborsa:city_line,https://t.me/iqborsa/5170
iqborsa,2024-08-10,17:34:07,5173,baghdad_generic,borsa,unknown,1499.0,iqborsa:city_line,https://t.me/iqborsa/5173
iqborsa,2024-08-11,11:31:30,5177,baghdad_generic,borsa,unknown,1496.0,iqborsa:city_line,https://t.me/iqborsa/5177
iqborsa,2024-08-11,13:12:42,5179,baghdad_generic,borsa,unknown,1495.0,iqborsa:city_line,https://t.me/iqborsa/5179
iqborsa,2024-08-12,11:58:30,5184,baghdad_generic,borsa,unknown,1497.5,iqborsa:city_line,https://t.me/iqborsa/5184
iqborsa,2024-08-12,13:18:37,5186,baghdad_generic,borsa,unknown,1498.0,iqborsa:city_line,https://t.me/iqborsa/5186
iqborsa,2024-08-12,18:17:42,5188,baghdad_generic,borsa,unknown,1499.5,iqborsa:city_line,https://t.me/iqborsa/5188
iqborsa,2024-08-13,10:30:11,5192,baghdad_generic,borsa,unknown,1499.0,iqborsa:city_line,https://t.me/iqborsa/5192
iqborsa,2024-08-13,13:36:13,5193,baghdad_generic,borsa,unknown,1500.0,iqborsa:city_line,https://t.me/iqborsa/5193
iqborsa,2024-08-13,16:02:40,5195,baghdad_generic,borsa,unknown,1499.5,iqborsa:city_line,https://t.me/iqborsa/5195
iqborsa,2024-08-14,11:45:16,5204,baghdad_generic,borsa,unknown,1498.0,iqborsa:city_line,https://t.me/iqborsa/5204
iqborsa,2024-08-14,13:47:54,5206,baghdad_generic,borsa,unknown,1498.5,iqborsa:city_line,https://t.me/iqborsa/5206
iqborsa,2024-08-14,15:24:16,5208,baghdad_generic,borsa,unknown,1499.0,iqborsa:city_line,https://t.me/iqborsa/5208
iqborsa,2024-08-15,11:51:04,5211,baghdad_generic,borsa,unknown,1496.5,iqborsa:city_line,https://t.me/iqborsa/5211
iqborsa,2024-08-15,13:51:11,5213,baghdad_generic,borsa,unknown,1498.0,iqborsa:city_line,https://t.me/iqborsa/5213
iqborsa,2024-08-16,14:30:51,5215,baghdad_generic,borsa,unknown,1500.0,iqborsa:city_line,https://t.me/iqborsa/5215
iqborsa,2024-08-17,12:02:02,5219,baghdad_generic,borsa,unknown,1496.5,iqborsa:city_line,https://t.me/iqborsa/5219
iqborsa,2024-08-17,13:35:37,5221,baghdad_generic,borsa,unknown,1495.5,iqborsa:city_line,https://t.me/iqborsa/5221
iqborsa,2024-08-17,17:45:28,5223,baghdad_generic,borsa,unknown,1495.0,iqborsa:city_line,https://t.me/iqborsa/5223
iqborsa,2024-08-18,12:29:09,5228,baghdad_generic,borsa,unknown,1494.0,iqborsa:city_line,https://t.me/iqborsa/5228
iqborsa,2024-08-18,13:54:25,5230,baghdad_generic,borsa,unknown,1493.5,iqborsa:city_line,https://t.me/iqborsa/5230
iqborsa,2024-08-18,18:31:56,5232,baghdad_generic,borsa,unknown,1492.5,iqborsa:city_line,https://t.me/iqborsa/5232
iqborsa,2024-08-18,22:12:41,5235,baghdad_generic,borsa,unknown,1490.0,iqborsa:city_line,https://t.me/iqborsa/5235
iqborsa,2024-08-19,12:02:54,5237,baghdad_generic,borsa,unknown,1490.0,iqborsa:city_line,https://t.me/iqborsa/5237
iqborsa,2024-08-19,13:32:06,5238,baghdad_generic,borsa,unknown,1491.0,iqborsa:city_line,https://t.me/iqborsa/5238
iqborsa,2024-08-19,14:50:33,5240,baghdad_generic,borsa,unknown,1491.5,iqborsa:city_line,https://t.me/iqborsa/5240
iqborsa,2024-08-19,15:15:35,5243,baghdad_generic,borsa,unknown,1492.0,iqborsa:city_line,https://t.me/iqborsa/5243
iqborsa,2024-08-20,12:11:41,5245,baghdad_generic,borsa,unknown,1493.0,iqborsa:city_line,https://t.me/iqborsa/5245
iqborsa,2024-08-20,17:00:10,5248,baghdad_generic,borsa,unknown,1493.5,iqborsa:city_line,https://t.me/iqborsa/5248
iqborsa,2024-08-21,12:19:25,5253,baghdad_generic,borsa,unknown,1494.5,iqborsa:city_line,https://t.me/iqborsa/5253
iqborsa,2024-08-21,13:47:37,5254,baghdad_generic,borsa,unknown,1494.0,iqborsa:city_line,https://t.me/iqborsa/5254
iqborsa,2024-08-21,15:32:51,5255,baghdad_generic,borsa,unknown,1495.0,iqborsa:city_line,https://t.me/iqborsa/5255
iqborsa,2024-08-22,17:35:56,5261,baghdad_generic,borsa,unknown,1493.5,iqborsa:city_line,https://t.me/iqborsa/5261
iqborsa,2024-08-23,16:06:28,5264,baghdad_generic,borsa,unknown,1494.0,iqborsa:city_line,https://t.me/iqborsa/5264
iqborsa,2024-08-24,12:31:46,5267,baghdad_generic,borsa,unknown,1493.0,iqborsa:city_line,https://t.me/iqborsa/5267
iqborsa,2024-08-24,21:31:30,5269,baghdad_generic,borsa,unknown,1495.0,iqborsa:city_line,https://t.me/iqborsa/5269
iqborsa,2024-08-25,10:34:54,5273,baghdad_generic,borsa,unknown,1495.0,iqborsa:city_line,https://t.me/iqborsa/5273
iqborsa,2024-08-25,13:31:34,5274,baghdad_generic,borsa,unknown,1497.5,iqborsa:city_line,https://t.me/iqborsa/5274
iqborsa,2024-08-26,12:35:58,5277,baghdad_generic,borsa,unknown,1493.5,iqborsa:city_line,https://t.me/iqborsa/5277
iqborsa,2024-08-26,13:53:50,5278,baghdad_generic,borsa,unknown,1492.0,iqborsa:city_line,https://t.me/iqborsa/5278
iqborsa,2024-08-26,15:04:48,5280,baghdad_generic,borsa,unknown,1492.5,iqborsa:city_line,https://t.me/iqborsa/5280
iqborsa,2024-08-26,15:59:10,5281,baghdad_generic,borsa,unknown,1491.5,iqborsa:city_line,https://t.me/iqborsa/5281
iqborsa,2024-08-27,10:44:42,5284,baghdad_generic,borsa,unknown,1400.0,iqborsa:city_line,https://t.me/iqborsa/5284
iqborsa,2024-08-27,10:49:52,5285,baghdad_generic,borsa,unknown,1490.0,iqborsa:city_line,https://t.me/iqborsa/5285
iqborsa,2024-08-27,12:20:41,5287,baghdad_generic,borsa,unknown,1489.0,iqborsa:city_line,https://t.me/iqborsa/5287
iqborsa,2024-08-27,16:03:42,5289,baghdad_generic,borsa,unknown,1487.5,iqborsa:city_line,https://t.me/iqborsa/5289
iqborsa,2024-08-28,11:15:36,5294,baghdad_generic,borsa,unknown,1488.0,iqborsa:city_line,https://t.me/iqborsa/5294
iqborsa,2024-08-28,12:35:13,5296,baghdad_generic,borsa,unknown,1491.0,iqborsa:city_line,https://t.me/iqborsa/5296
iqborsa,2024-08-28,17:37:07,5297,baghdad_generic,borsa,unknown,1490.5,iqborsa:city_line,https://t.me/iqborsa/5297
iqborsa,2024-08-28,23:11:46,5299,baghdad_generic,borsa,unknown,1492.5,iqborsa:city_line,https://t.me/iqborsa/5299
iqborsa,2024-08-29,13:04:13,5302,baghdad_generic,borsa,unknown,1492.5,iqborsa:city_line,https://t.me/iqborsa/5302
iqborsa,2024-08-29,13:49:22,5304,baghdad_generic,borsa,unknown,1493.5,iqborsa:city_line,https://t.me/iqborsa/5304
iqborsa,2024-08-30,11:39:56,5309,baghdad_generic,borsa,unknown,1495.0,iqborsa:city_line,https://t.me/iqborsa/5309
iqborsa,2024-08-30,17:04:20,5311,baghdad_generic,borsa,unknown,1492.5,iqborsa:city_line,https://t.me/iqborsa/5311
iqborsa,2024-08-31,12:40:20,5313,baghdad_generic,borsa,unknown,1493.0,iqborsa:city_line,https://t.me/iqborsa/5313
iqborsa,2024-08-31,13:41:57,5314,baghdad_generic,borsa,unknown,1492.5,iqborsa:city_line,https://t.me/iqborsa/5314
iqborsa,2024-09-01,10:21:04,5320,baghdad_generic,borsa,unknown,1491.0,iqborsa:city_line,https://t.me/iqborsa/5320
iqborsa,2024-09-01,10:34:26,5321,baghdad_generic,borsa,unknown,1492.0,iqborsa:city_line,https://t.me/iqborsa/5321
iqborsa,2024-09-01,13:33:51,5322,baghdad_generic,borsa,unknown,1491.5,iqborsa:city_line,https://t.me/iqborsa/5322
iqborsa,2024-09-01,14:54:15,5324,baghdad_generic,borsa,unknown,1491.0,iqborsa:city_line,https://t.me/iqborsa/5324
iqborsa,2024-09-01,17:39:31,5327,baghdad_generic,borsa,unknown,1491.5,iqborsa:city_line,https://t.me/iqborsa/5327
iqborsa,2024-09-02,13:26:15,5330,baghdad_generic,borsa,unknown,1493.0,iqborsa:city_line,https://t.me/iqborsa/5330
iqborsa,2024-09-02,14:55:23,5331,baghdad_generic,borsa,unknown,1494.0,iqborsa:city_line,https://t.me/iqborsa/5331
iqborsa,2024-09-02,17:22:21,5334,baghdad_generic,borsa,unknown,1493.5,iqborsa:city_line,https://t.me/iqborsa/5334
iqborsa,2024-09-02,20:33:31,5336,baghdad_generic,borsa,unknown,1497.0,iqborsa:city_line,https://t.me/iqborsa/5336
iqborsa,2024-09-03,11:41:31,5337,baghdad_generic,borsa,unknown,1495.0,iqborsa:city_line,https://t.me/iqborsa/5337
iqborsa,2024-09-03,12:30:38,5338,baghdad_generic,borsa,unknown,1494.5,iqborsa:city_line,https://t.me/iqborsa/5338
iqborsa,2024-09-03,14:42:13,5339,baghdad_generic,borsa,unknown,1494.0,iqborsa:city_line,https://t.me/iqborsa/5339
iqborsa,2024-09-03,16:11:25,5341,baghdad_generic,borsa,unknown,1493.0,iqborsa:city_line,https://t.me/iqborsa/5341
iqborsa,2024-09-04,10:44:29,5345,baghdad_generic,borsa,unknown,1493.0,iqborsa:city_line,https://t.me/iqborsa/5345
iqborsa,2024-09-04,13:39:54,5346,baghdad_generic,borsa,unknown,1493.5,iqborsa:city_line,https://t.me/iqborsa/5346
iqborsa,2024-09-04,15:38:05,5349,baghdad_generic,borsa,unknown,1494.5,iqborsa:city_line,https://t.me/iqborsa/5349
iqborsa,2024-09-05,13:26:27,5353,baghdad_generic,borsa,unknown,1494.0,iqborsa:city_line,https://t.me/iqborsa/5353
iqborsa,2024-09-05,14:10:35,5354,baghdad_generic,borsa,unknown,1495.0,iqborsa:city_line,https://t.me/iqborsa/5354
iqborsa,2024-09-05,14:40:33,5355,baghdad_generic,borsa,unknown,1493.5,iqborsa:city_line,https://t.me/iqborsa/5355
iqborsa,2024-09-05,23:01:42,5359,baghdad_generic,borsa,unknown,1496.0,iqborsa:city_line,https://t.me/iqborsa/5359
iqborsa,2024-09-06,13:59:15,5363,baghdad_generic,borsa,unknown,1494.5,iqborsa:city_line,https://t.me/iqborsa/5363
iqborsa,2024-09-07,10:45:31,5367,basra,borsa,unknown,1495.0,iqborsa:city_line,https://t.me/iqborsa/5367
iqborsa,2024-09-07,10:45:35,5368,baghdad_generic,borsa,unknown,1495.0,iqborsa:city_line,https://t.me/iqborsa/5368
iqborsa,2024-09-08,11:48:47,5376,baghdad_generic,borsa,unknown,1495.0,iqborsa:city_line,https://t.me/iqborsa/5376
iqborsa,2024-09-08,13:18:42,5377,baghdad_generic,borsa,unknown,1495.5,iqborsa:city_line,https://t.me/iqborsa/5377
iqborsa,2024-09-08,13:55:01,5378,baghdad_generic,borsa,unknown,1496.0,iqborsa:city_line,https://t.me/iqborsa/5378
iqborsa,2024-09-09,10:44:58,5381,baghdad_generic,borsa,unknown,1498.0,iqborsa:city_line,https://t.me/iqborsa/5381
iqborsa,2024-09-09,12:23:39,5382,baghdad_generic,borsa,unknown,1499.0,iqborsa:city_line,https://t.me/iqborsa/5382
iqborsa,2024-09-09,13:00:27,5383,baghdad_generic,borsa,unknown,1500.0,iqborsa:short_city_line,https://t.me/iqborsa/5383
iqborsa,2024-09-09,14:59:22,5385,baghdad_generic,borsa,unknown,1500.5,iqborsa:city_line,https://t.me/iqborsa/5385
iqborsa,2024-09-10,10:56:45,5387,baghdad_generic,borsa,unknown,1499.0,iqborsa:city_line,https://t.me/iqborsa/5387
iqborsa,2024-09-10,14:04:44,5389,baghdad_generic,borsa,unknown,1499.5,iqborsa:city_line,https://t.me/iqborsa/5389
iqborsa,2024-09-11,13:10:32,5398,baghdad_generic,borsa,unknown,1497.0,iqborsa:city_line,https://t.me/iqborsa/5398
iqborsa,2024-09-11,14:26:04,5400,baghdad_generic,borsa,unknown,1497.5,iqborsa:city_line,https://t.me/iqborsa/5400
iqborsa,2024-09-11,16:11:20,5403,baghdad_generic,borsa,unknown,1496.5,iqborsa:city_line,https://t.me/iqborsa/5403
iqborsa,2024-09-12,10:33:53,5407,baghdad_generic,borsa,unknown,1496.5,iqborsa:city_line,https://t.me/iqborsa/5407
iqborsa,2024-09-12,12:35:02,5409,baghdad_generic,borsa,unknown,1496.0,iqborsa:city_line,https://t.me/iqborsa/5409
iqborsa,2024-09-12,13:06:05,5410,baghdad_generic,borsa,unknown,1497.0,iqborsa:city_line,https://t.me/iqborsa/5410
iqborsa,2024-09-12,14:17:03,5412,baghdad_generic,borsa,unknown,1498.0,iqborsa:city_line,https://t.me/iqborsa/5412
iqborsa,2024-09-13,21:43:56,5413,baghdad_generic,borsa,unknown,1498.5,iqborsa:city_line,https://t.me/iqborsa/5413
iqborsa,2024-09-14,11:15:45,5416,baghdad_generic,borsa,unknown,1497.5,iqborsa:city_line,https://t.me/iqborsa/5416
iqborsa,2024-09-14,12:35:10,5417,baghdad_generic,borsa,unknown,1498.5,iqborsa:city_line,https://t.me/iqborsa/5417
iqborsa,2024-09-15,12:23:33,5419,baghdad_generic,borsa,unknown,1499.0,iqborsa:city_line,https://t.me/iqborsa/5419
iqborsa,2024-09-15,13:52:52,5421,baghdad_generic,borsa,unknown,1498.0,iqborsa:city_line,https://t.me/iqborsa/5421
iqborsa,2024-09-15,18:19:53,5422,baghdad_generic,borsa,unknown,1498.5,iqborsa:city_line,https://t.me/iqborsa/5422
iqborsa,2024-09-16,11:10:20,5426,baghdad_generic,borsa,unknown,1498.5,iqborsa:city_line,https://t.me/iqborsa/5426
iqborsa,2024-09-16,12:26:05,5428,baghdad_generic,borsa,unknown,1498.0,iqborsa:city_line,https://t.me/iqborsa/5428
iqborsa,2024-09-16,15:31:50,5431,baghdad_generic,borsa,unknown,1499.0,iqborsa:city_line,https://t.me/iqborsa/5431
iqborsa,2024-09-17,12:51:20,5432,baghdad_generic,borsa,unknown,1499.5,iqborsa:city_line,https://t.me/iqborsa/5432
iqborsa,2024-09-17,13:59:44,5434,baghdad_generic,borsa,unknown,1500.0,iqborsa:city_line,https://t.me/iqborsa/5434
iqborsa,2024-09-17,14:49:14,5436,baghdad_generic,borsa,unknown,1500.5,iqborsa:city_line,https://t.me/iqborsa/5436
iqborsa,2024-09-18,11:03:45,5441,baghdad_generic,borsa,unknown,1499.5,iqborsa:city_line,https://t.me/iqborsa/5441
iqborsa,2024-09-18,12:31:34,5443,baghdad_generic,borsa,unknown,1499.0,iqborsa:city_line,https://t.me/iqborsa/5443
iqborsa,2024-09-18,17:03:53,5445,baghdad_generic,borsa,unknown,1496.0,iqborsa:city_line,https://t.me/iqborsa/5445
iqborsa,2024-09-19,11:33:39,5446,baghdad_generic,borsa,unknown,1498.0,iqborsa:city_line,https://t.me/iqborsa/5446
iqborsa,2024-09-19,13:02:13,5447,baghdad_generic,borsa,unknown,1497.5,iqborsa:city_line,https://t.me/iqborsa/5447
iqborsa,2024-09-19,22:19:48,5451,baghdad_generic,borsa,unknown,1498.0,iqborsa:city_line,https://t.me/iqborsa/5451
iqborsa,2024-09-21,12:42:39,5455,baghdad_generic,borsa,unknown,1498.0,iqborsa:city_line,https://t.me/iqborsa/5455
iqborsa,2024-09-21,14:17:21,5456,baghdad_generic,borsa,unknown,1497.5,iqborsa:city_line,https://t.me/iqborsa/5456
iqborsa,2024-09-22,10:36:42,5457,baghdad_generic,borsa,unknown,1498.0,iqborsa:city_line,https://t.me/iqborsa/5457
iqborsa,2024-09-22,11:13:54,5459,baghdad_generic,borsa,unknown,1497.5,iqborsa:city_line,https://t.me/iqborsa/5459
iqborsa,2024-09-23,13:26:04,5460,baghdad_generic,borsa,unknown,1499.0,iqborsa:city_line,https://t.me/iqborsa/5460
iqborsa,2024-09-24,13:36:55,5464,baghdad_generic,borsa,unknown,1503.5,iqborsa:city_line,https://t.me/iqborsa/5464
iqborsa,2024-09-25,13:59:54,5467,baghdad_generic,borsa,unknown,1509.0,iqborsa:city_line,https://t.me/iqborsa/5467
iqborsa,2024-09-25,14:25:52,5468,erbil,borsa,unknown,1514.0,iqborsa:city_line,https://t.me/iqborsa/5468
iqborsa,2024-09-25,14:53:05,5469,erbil,borsa,unknown,1516.0,iqborsa:city_line,https://t.me/iqborsa/5469
iqborsa,2024-09-25,15:07:23,5470,baghdad_generic,borsa,unknown,1517.0,iqborsa:city_line,https://t.me/iqborsa/5470
iqborsa,2024-09-25,15:19:19,5472,baghdad_generic,borsa,unknown,1517.5,iqborsa:city_line,https://t.me/iqborsa/5472
iqborsa,2024-09-25,16:30:05,5473,baghdad_generic,borsa,unknown,1513.5,iqborsa:city_line,https://t.me/iqborsa/5473
iqborsa,2024-09-26,11:27:43,5474,baghdad_generic,borsa,unknown,1514.0,iqborsa:city_line,https://t.me/iqborsa/5474
iqborsa,2024-09-26,15:06:04,5475,baghdad_generic,borsa,unknown,1512.5,iqborsa:city_line,https://t.me/iqborsa/5475
iqborsa,2024-09-27,17:46:37,5477,baghdad_generic,borsa,unknown,1512.0,iqborsa:city_line,https://t.me/iqborsa/5477
iqborsa,2024-09-28,14:28:50,5479,baghdad_generic,borsa,unknown,1516.0,iqborsa:city_line,https://t.me/iqborsa/5479
iqborsa,2024-09-29,13:37:21,5482,baghdad_generic,borsa,unknown,1514.0,iqborsa:city_line,https://t.me/iqborsa/5482
iqborsa,2024-09-30,14:25:12,5484,baghdad_generic,borsa,unknown,1516.0,iqborsa:city_line,https://t.me/iqborsa/5484
iqborsa,2024-09-30,16:08:47,5485,baghdad_generic,borsa,unknown,1515.0,iqborsa:city_line,https://t.me/iqborsa/5485
iqborsa,2024-10-01,13:37:55,5488,baghdad_generic,borsa,unknown,1517.5,iqborsa:city_line,https://t.me/iqborsa/5488
iqborsa,2024-10-01,17:22:23,5489,baghdad_generic,borsa,unknown,1518.0,iqborsa:city_line,https://t.me/iqborsa/5489
iqborsa,2024-10-02,10:08:24,5493,baghdad_generic,borsa,unknown,1525.0,iqborsa:city_line,https://t.me/iqborsa/5493
iqborsa,2024-10-02,10:50:47,5494,erbil,borsa,unknown,1532.0,iqborsa:city_line,https://t.me/iqborsa/5494
iqborsa,2024-10-02,11:28:04,5495,baghdad_generic,borsa,unknown,1526.0,iqborsa:city_line,https://t.me/iqborsa/5495
iqborsa,2024-10-02,11:54:47,5496,baghdad_generic,borsa,unknown,1528.0,iqborsa:city_line,https://t.me/iqborsa/5496
iqborsa,2024-10-02,14:43:53,5498,baghdad_generic,borsa,unknown,1535.0,iqborsa:city_line,https://t.me/iqborsa/5498
iqborsa,2024-10-03,11:39:27,5500,baghdad_generic,borsa,unknown,1527.5,iqborsa:city_line,https://t.me/iqborsa/5500
iqborsa,2024-10-04,21:00:48,5507,baghdad_generic,borsa,unknown,1531.0,iqborsa:city_line,https://t.me/iqborsa/5507
iqborsa,2024-10-05,12:31:04,5508,baghdad_generic,borsa,unknown,1533.0,iqborsa:city_line,https://t.me/iqborsa/5508
iqborsa,2024-10-05,15:00:21,5509,baghdad_generic,borsa,unknown,1535.0,iqborsa:city_line,https://t.me/iqborsa/5509
iqborsa,2024-10-06,11:12:56,5511,baghdad_generic,borsa,unknown,1541.0,iqborsa:city_line,https://t.me/iqborsa/5511
iqborsa,2024-10-07,11:30:34,5513,baghdad_generic,borsa,unknown,1544.0,iqborsa:city_line,https://t.me/iqborsa/5513
iqborsa,2024-10-07,14:01:30,5514,baghdad_generic,borsa,unknown,1541.0,iqborsa:city_line,https://t.me/iqborsa/5514
iqborsa,2024-10-07,19:58:11,5518,baghdad_generic,borsa,unknown,1535.0,iqborsa:city_line,https://t.me/iqborsa/5518
iqborsa,2024-10-07,21:26:15,5519,erbil,borsa,unknown,1528.0,iqborsa:city_line,https://t.me/iqborsa/5519
iqborsa,2024-10-08,11:49:07,5523,baghdad_generic,borsa,unknown,1530.0,iqborsa:city_line,https://t.me/iqborsa/5523
iqborsa,2024-10-08,12:12:18,5524,baghdad_generic,borsa,unknown,1536.5,iqborsa:city_line,https://t.me/iqborsa/5524
iqborsa,2024-10-08,14:06:40,5525,baghdad_generic,borsa,unknown,1532.0,iqborsa:city_line,https://t.me/iqborsa/5525
iqborsa,2024-10-08,17:25:37,5526,baghdad_generic,borsa,unknown,1531.0,iqborsa:city_line,https://t.me/iqborsa/5526
iqborsa,2024-10-08,19:38:20,5528,baghdad_generic,borsa,unknown,1525.0,iqborsa:city_line,https://t.me/iqborsa/5528
iqborsa,2024-10-08,21:27:08,5530,baghdad_generic,borsa,unknown,1524.5,iqborsa:city_line,https://t.me/iqborsa/5530
iqborsa,2024-10-09,11:44:31,5531,baghdad_generic,borsa,unknown,1528.5,iqborsa:city_line,https://t.me/iqborsa/5531
iqborsa,2024-10-09,17:58:36,5532,baghdad_generic,borsa,unknown,1532.5,iqborsa:city_line,https://t.me/iqborsa/5532
iqborsa,2024-10-10,10:45:12,5535,baghdad_generic,borsa,unknown,1532.0,iqborsa:city_line,https://t.me/iqborsa/5535
iqborsa,2024-10-10,11:36:16,5536,baghdad_generic,borsa,unknown,1536.5,iqborsa:city_line,https://t.me/iqborsa/5536
iqborsa,2024-10-10,14:40:24,5538,baghdad_generic,borsa,unknown,1538.0,iqborsa:city_line,https://t.me/iqborsa/5538
iqborsa,2024-10-11,18:10:07,5540,baghdad_generic,borsa,unknown,1537.5,iqborsa:city_line,https://t.me/iqborsa/5540
iqborsa,2024-10-12,12:48:50,5543,baghdad_generic,borsa,unknown,1535.5,iqborsa:city_line,https://t.me/iqborsa/5543
iqborsa,2024-10-12,14:20:17,5544,baghdad_generic,borsa,unknown,1535.0,iqborsa:city_line,https://t.me/iqborsa/5544
iqborsa,2024-10-13,10:59:16,5547,baghdad_generic,borsa,unknown,1530.0,iqborsa:city_line,https://t.me/iqborsa/5547
iqborsa,2024-10-13,11:00:29,5548,baghdad_generic,borsa,unknown,1529.0,iqborsa:city_line,https://t.me/iqborsa/5548
iqborsa,2024-10-13,11:13:25,5549,baghdad_generic,borsa,unknown,1528.0,iqborsa:city_line,https://t.me/iqborsa/5549
iqborsa,2024-10-13,11:20:12,5550,baghdad_generic,borsa,unknown,1527.0,iqborsa:city_line,https://t.me/iqborsa/5550
iqborsa,2024-10-13,12:15:24,5551,baghdad_generic,borsa,unknown,1526.0,iqborsa:city_line,https://t.me/iqborsa/5551
iqborsa,2024-10-13,15:34:18,5552,baghdad_generic,borsa,unknown,1525.0,iqborsa:city_line,https://t.me/iqborsa/5552
iqborsa,2024-10-14,11:55:04,5555,baghdad_generic,borsa,unknown,1528.5,iqborsa:city_line,https://t.me/iqborsa/5555
iqborsa,2024-10-14,12:00:36,5556,baghdad_generic,borsa,unknown,1530.5,iqborsa:city_line,https://t.me/iqborsa/5556
iqborsa,2024-10-14,14:42:22,5557,baghdad_generic,borsa,unknown,1530.0,iqborsa:city_line,https://t.me/iqborsa/5557
iqborsa,2024-10-15,10:52:19,5559,baghdad_generic,borsa,unknown,1530.0,iqborsa:city_line,https://t.me/iqborsa/5559
iqborsa,2024-10-15,11:17:39,5560,baghdad_generic,borsa,unknown,1529.0,iqborsa:city_line,https://t.me/iqborsa/5560
iqborsa,2024-10-16,10:11:54,5564,baghdad_generic,borsa,unknown,1526.0,iqborsa:city_line,https://t.me/iqborsa/5564
iqborsa,2024-10-16,12:51:05,5565,baghdad_generic,borsa,unknown,1528.0,iqborsa:city_line,https://t.me/iqborsa/5565
iqborsa,2024-10-17,13:01:33,5567,baghdad_generic,borsa,unknown,1530.0,iqborsa:city_line,https://t.me/iqborsa/5567
iqborsa,2024-10-17,18:17:58,5568,baghdad_generic,borsa,unknown,1529.0,iqborsa:city_line,https://t.me/iqborsa/5568
iqborsa,2024-10-19,14:00:48,5571,baghdad_generic,borsa,unknown,1527.5,iqborsa:city_line,https://t.me/iqborsa/5571
iqborsa,2024-10-19,15:32:40,5573,baghdad_generic,borsa,unknown,1527.0,iqborsa:city_line,https://t.me/iqborsa/5573
iqborsa,2024-10-19,17:45:44,5574,baghdad_generic,borsa,unknown,1526.0,iqborsa:city_line,https://t.me/iqborsa/5574
iqborsa,2024-10-20,10:56:38,5576,baghdad_generic,borsa,unknown,1525.0,iqborsa:city_line,https://t.me/iqborsa/5576
iqborsa,2024-10-20,11:25:33,5577,baghdad_generic,borsa,unknown,1524.5,iqborsa:city_line,https://t.me/iqborsa/5577
iqborsa,2024-10-20,14:39:43,5578,baghdad_generic,borsa,unknown,1526.0,iqborsa:city_line,https://t.me/iqborsa/5578
iqborsa,2024-10-21,11:58:17,5580,baghdad_generic,borsa,unknown,1529.5,iqborsa:city_line,https://t.me/iqborsa/5580
iqborsa,2024-10-21,13:02:26,5581,baghdad_generic,borsa,unknown,1528.5,iqborsa:city_line,https://t.me/iqborsa/5581
iqborsa,2024-10-21,14:04:41,5582,baghdad_generic,borsa,unknown,1526.5,iqborsa:city_line,https://t.me/iqborsa/5582
iqborsa,2024-10-21,14:14:19,5583,baghdad_generic,borsa,unknown,1525.0,iqborsa:city_line,https://t.me/iqborsa/5583
iqborsa,2024-10-22,12:19:46,5584,baghdad_generic,borsa,unknown,1526.5,iqborsa:city_line,https://t.me/iqborsa/5584
iqborsa,2024-10-22,14:20:58,5586,baghdad_generic,borsa,unknown,1525.5,iqborsa:city_line,https://t.me/iqborsa/5586
iqborsa,2024-10-23,11:18:54,5588,baghdad_generic,borsa,unknown,1527.0,iqborsa:city_line,https://t.me/iqborsa/5588
iqborsa,2024-10-23,14:11:09,5589,baghdad_generic,borsa,unknown,1526.0,iqborsa:city_line,https://t.me/iqborsa/5589
iqborsa,2024-10-23,19:49:46,5591,baghdad_generic,borsa,unknown,1525.5,iqborsa:city_line,https://t.me/iqborsa/5591
iqborsa,2024-10-24,13:16:18,5593,baghdad_generic,borsa,unknown,1520.5,iqborsa:city_line,https://t.me/iqborsa/5593
iqborsa,2024-10-24,14:32:40,5594,baghdad_generic,borsa,unknown,1521.0,iqborsa:city_line,https://t.me/iqborsa/5594
iqborsa,2024-10-24,15:21:48,5595,baghdad_generic,borsa,unknown,1522.5,iqborsa:city_line,https://t.me/iqborsa/5595
iqborsa,2024-10-24,16:03:45,5597,baghdad_generic,borsa,unknown,1521.5,iqborsa:city_line,https://t.me/iqborsa/5597
iqborsa,2024-10-26,12:33:08,5600,baghdad_generic,borsa,unknown,1518.5,iqborsa:city_line,https://t.me/iqborsa/5600
iqborsa,2024-10-26,13:39:48,5601,baghdad_generic,borsa,unknown,1514.0,iqborsa:city_line,https://t.me/iqborsa/5601
iqborsa,2024-10-26,14:38:23,5602,baghdad_generic,borsa,unknown,1511.0,iqborsa:city_line,https://t.me/iqborsa/5602
iqborsa,2024-10-26,14:39:57,5603,baghdad_generic,borsa,unknown,1509.0,iqborsa:city_line,https://t.me/iqborsa/5603
iqborsa,2024-10-26,15:25:38,5605,baghdad_generic,borsa,unknown,1506.5,iqborsa:city_line,https://t.me/iqborsa/5605
iqborsa,2024-10-26,16:21:28,5606,baghdad_generic,borsa,unknown,1510.0,iqborsa:city_line,https://t.me/iqborsa/5606
iqborsa,2024-10-26,19:34:08,5607,baghdad_generic,borsa,unknown,1508.0,iqborsa:city_line,https://t.me/iqborsa/5607
iqborsa,2024-10-27,14:16:57,5609,baghdad_generic,borsa,unknown,1502.0,iqborsa:city_line,https://t.me/iqborsa/5609
iqborsa,2024-10-27,14:52:54,5611,baghdad_generic,borsa,unknown,1504.5,iqborsa:city_line,https://t.me/iqborsa/5611
iqborsa,2024-10-27,16:21:38,5612,baghdad_generic,borsa,unknown,1507.0,iqborsa:city_line,https://t.me/iqborsa/5612
iqborsa,2024-10-28,13:32:01,5613,baghdad_generic,borsa,unknown,1509.0,iqborsa:city_line,https://t.me/iqborsa/5613
iqborsa,2024-10-28,14:08:26,5614,baghdad_generic,borsa,unknown,1508.0,iqborsa:city_line,https://t.me/iqborsa/5614
iqborsa,2024-10-28,14:27:39,5615,baghdad_generic,borsa,unknown,1507.6,iqborsa:city_line,https://t.me/iqborsa/5615
iqborsa,2024-10-28,15:15:07,5617,baghdad_generic,borsa,unknown,1509.5,iqborsa:city_line,https://t.me/iqborsa/5617
iqborsa,2024-10-29,10:35:01,5619,baghdad_generic,borsa,unknown,1505.0,iqborsa:city_line,https://t.me/iqborsa/5619
iqborsa,2024-10-29,14:37:20,5620,baghdad_generic,borsa,unknown,1505.5,iqborsa:city_line,https://t.me/iqborsa/5620
iqborsa,2024-10-29,15:58:05,5621,baghdad_generic,borsa,unknown,1504.5,iqborsa:city_line,https://t.me/iqborsa/5621
iqborsa,2024-10-30,13:09:45,5623,baghdad_generic,borsa,unknown,1502.5,iqborsa:city_line,https://t.me/iqborsa/5623
iqborsa,2024-10-31,12:17:51,5625,baghdad_generic,borsa,sell,1505.0,iqborsa:bare_buy_sell,https://t.me/iqborsa/5625
iqborsa,2024-10-31,12:17:51,5625,baghdad_generic,borsa,buy,1497.0,iqborsa:bare_buy_sell,https://t.me/iqborsa/5625
iqborsa,2024-10-31,14:46:47,5626,baghdad_generic,borsa,sell,1505.5,iqborsa:bare_buy_sell,https://t.me/iqborsa/5626
iqborsa,2024-10-31,14:46:47,5626,baghdad_generic,borsa,buy,1497.5,iqborsa:bare_buy_sell,https://t.me/iqborsa/5626
iqborsa,2024-10-31,19:49:31,5627,baghdad_generic,borsa,sell,1507.5,iqborsa:bare_buy_sell,https://t.me/iqborsa/5627
iqborsa,2024-10-31,19:49:31,5627,baghdad_generic,borsa,buy,1500.0,iqborsa:bare_buy_sell,https://t.me/iqborsa/5627
iqborsa,2024-11-01,12:03:02,5632,baghdad_generic,borsa,sell,1507.5,iqborsa:bare_buy_sell,https://t.me/iqborsa/5632
iqborsa,2024-11-01,12:03:02,5632,baghdad_generic,borsa,buy,1502.5,iqborsa:bare_buy_sell,https://t.me/iqborsa/5632
iqborsa,2024-11-02,10:00:43,5635,baghdad_generic,borsa,sell,1510.0,iqborsa:bare_buy_sell,https://t.me/iqborsa/5635
iqborsa,2024-11-02,10:00:43,5635,baghdad_generic,borsa,buy,1505.0,iqborsa:bare_buy_sell,https://t.me/iqborsa/5635
iqborsa,2024-11-02,15:00:14,5638,baghdad_generic,borsa,sell,1512.5,iqborsa:bare_buy_sell,https://t.me/iqborsa/5638
iqborsa,2024-11-02,15:00:14,5638,baghdad_generic,borsa,buy,1505.0,iqborsa:bare_buy_sell,https://t.me/iqborsa/5638
iqborsa,2024-11-03,10:02:09,5647,baghdad_generic,borsa,sell,1510.0,iqborsa:bare_buy_sell,https://t.me/iqborsa/5647
iqborsa,2024-11-03,10:02:09,5647,baghdad_generic,borsa,buy,1502.5,iqborsa:bare_buy_sell,https://t.me/iqborsa/5647
iqborsa,2024-11-03,15:40:03,5649,baghdad_generic,borsa,unknown,1510.0,iqborsa:city_line,https://t.me/iqborsa/5649
iqborsa,2024-11-04,11:00:56,5653,baghdad_generic,borsa,sell,1515.0,iqborsa:bare_buy_sell,https://t.me/iqborsa/5653
iqborsa,2024-11-04,11:00:56,5653,baghdad_generic,borsa,buy,1507.5,iqborsa:bare_buy_sell,https://t.me/iqborsa/5653
iqborsa,2024-11-04,18:43:28,5656,baghdad_generic,borsa,sell,1512.5,iqborsa:bare_buy_sell,https://t.me/iqborsa/5656
iqborsa,2024-11-04,18:43:28,5656,baghdad_generic,borsa,buy,1507.5,iqborsa:bare_buy_sell,https://t.me/iqborsa/5656
iqborsa,2024-11-05,13:11:56,5659,baghdad_generic,borsa,sell,1510.0,iqborsa:bare_buy_sell,https://t.me/iqborsa/5659
iqborsa,2024-11-05,13:11:56,5659,baghdad_generic,borsa,buy,1505.0,iqborsa:bare_buy_sell,https://t.me/iqborsa/5659
iqborsa,2024-11-05,13:55:06,5660,baghdad_generic,borsa,sell,1510.0,iqborsa:bare_buy_sell,https://t.me/iqborsa/5660
iqborsa,2024-11-05,13:55:06,5660,baghdad_generic,borsa,buy,1502.5,iqborsa:bare_buy_sell,https://t.me/iqborsa/5660
iqborsa,2024-11-05,17:33:58,5663,baghdad_generic,borsa,sell,1510.0,iqborsa:bare_buy_sell,https://t.me/iqborsa/5663
iqborsa,2024-11-05,17:33:58,5663,baghdad_generic,borsa,buy,1505.0,iqborsa:bare_buy_sell,https://t.me/iqborsa/5663
iqborsa,2024-11-06,11:45:31,5665,baghdad_generic,borsa,sell,1512.0,iqborsa:bare_buy_sell,https://t.me/iqborsa/5665
iqborsa,2024-11-06,11:45:31,5665,baghdad_generic,borsa,buy,1507.5,iqborsa:bare_buy_sell,https://t.me/iqborsa/5665
iqborsa,2024-11-06,15:47:11,5667,baghdad_generic,borsa,unknown,1508.0,iqborsa:city_line,https://t.me/iqborsa/5667
iqborsa,2024-11-06,19:37:11,5670,baghdad_generic,borsa,unknown,1507.5,iqborsa:city_line,https://t.me/iqborsa/5670
iqborsa,2024-11-07,11:59:43,5672,baghdad_generic,borsa,unknown,1507.5,iqborsa:city_line,https://t.me/iqborsa/5672
iqborsa,2024-11-07,13:32:12,5674,baghdad_generic,borsa,sell,1510.0,iqborsa:bare_buy_sell,https://t.me/iqborsa/5674
iqborsa,2024-11-07,13:32:12,5674,baghdad_generic,borsa,buy,1505.0,iqborsa:bare_buy_sell,https://t.me/iqborsa/5674
iqborsa,2024-11-07,14:17:52,5676,baghdad_generic,borsa,sell,1512.5,iqborsa:bare_buy_sell,https://t.me/iqborsa/5676
iqborsa,2024-11-07,14:17:52,5676,baghdad_generic,borsa,buy,1507.5,iqborsa:bare_buy_sell,https://t.me/iqborsa/5676
iqborsa,2024-11-07,17:52:54,5678,baghdad_generic,borsa,sell,1510.0,iqborsa:bare_buy_sell,https://t.me/iqborsa/5678
iqborsa,2024-11-07,17:52:54,5678,baghdad_generic,borsa,buy,1506.5,iqborsa:bare_buy_sell,https://t.me/iqborsa/5678
iqborsa,2024-11-08,13:39:02,5681,baghdad_generic,borsa,sell,1512.5,iqborsa:bare_buy_sell,https://t.me/iqborsa/5681
iqborsa,2024-11-08,13:39:02,5681,baghdad_generic,borsa,buy,1507.5,iqborsa:bare_buy_sell,https://t.me/iqborsa/5681
iqborsa,2024-11-08,18:52:22,5683,baghdad_generic,borsa,sell,1512.5,iqborsa:bare_buy_sell,https://t.me/iqborsa/5683
iqborsa,2024-11-08,18:52:22,5683,baghdad_generic,borsa,buy,1507.5,iqborsa:bare_buy_sell,https://t.me/iqborsa/5683
iqborsa,2024-11-09,11:32:51,5684,baghdad_generic,borsa,sell,1510.0,iqborsa:bare_buy_sell,https://t.me/iqborsa/5684
iqborsa,2024-11-09,11:32:51,5684,baghdad_generic,borsa,buy,1507.5,iqborsa:bare_buy_sell,https://t.me/iqborsa/5684
iqborsa,2024-11-09,13:00:55,5685,baghdad_generic,borsa,sell,1510.0,iqborsa:bare_buy_sell,https://t.me/iqborsa/5685
iqborsa,2024-11-09,13:00:55,5685,baghdad_generic,borsa,buy,1506.0,iqborsa:bare_buy_sell,https://t.me/iqborsa/5685
iqborsa,2024-11-09,19:52:38,5688,baghdad_generic,borsa,sell,1510.0,iqborsa:bare_buy_sell,https://t.me/iqborsa/5688
iqborsa,2024-11-09,19:52:38,5688,baghdad_generic,borsa,buy,1505.0,iqborsa:bare_buy_sell,https://t.me/iqborsa/5688
iqborsa,2024-11-10,11:42:55,5689,baghdad_generic,borsa,sell,1507.5,iqborsa:bare_buy_sell,https://t.me/iqborsa/5689
iqborsa,2024-11-10,11:42:55,5689,baghdad_generic,borsa,buy,1502.5,iqborsa:bare_buy_sell,https://t.me/iqborsa/5689
iqborsa,2024-11-10,17:04:08,5691,baghdad_generic,borsa,sell,1507.5,iqborsa:bare_buy_sell,https://t.me/iqborsa/5691
iqborsa,2024-11-10,17:04:08,5691,baghdad_generic,borsa,buy,1502.5,iqborsa:bare_buy_sell,https://t.me/iqborsa/5691
iqborsa,2024-11-11,11:52:10,5694,baghdad_generic,borsa,sell,1507.5,iqborsa:bare_buy_sell,https://t.me/iqborsa/5694
iqborsa,2024-11-11,11:52:10,5694,baghdad_generic,borsa,buy,1502.5,iqborsa:bare_buy_sell,https://t.me/iqborsa/5694
iqborsa,2024-11-11,16:50:43,5695,baghdad_generic,borsa,sell,1505.0,iqborsa:bare_buy_sell,https://t.me/iqborsa/5695
iqborsa,2024-11-11,16:50:43,5695,baghdad_generic,borsa,buy,1500.0,iqborsa:bare_buy_sell,https://t.me/iqborsa/5695
iqborsa,2024-11-12,12:55:19,5698,baghdad_generic,borsa,sell,1502.5,iqborsa:bare_buy_sell,https://t.me/iqborsa/5698
iqborsa,2024-11-12,12:55:19,5698,baghdad_generic,borsa,buy,1498.0,iqborsa:bare_buy_sell,https://t.me/iqborsa/5698
iqborsa,2024-11-12,17:54:42,5699,baghdad_generic,borsa,sell,1506.5,iqborsa:bare_buy_sell,https://t.me/iqborsa/5699
iqborsa,2024-11-12,17:54:42,5699,baghdad_generic,borsa,buy,1502.5,iqborsa:bare_buy_sell,https://t.me/iqborsa/5699
iqborsa,2024-11-13,12:40:21,5701,baghdad_generic,borsa,sell,1505.0,iqborsa:bare_buy_sell,https://t.me/iqborsa/5701
iqborsa,2024-11-13,12:40:21,5701,baghdad_generic,borsa,buy,1500.0,iqborsa:bare_buy_sell,https://t.me/iqborsa/5701
iqborsa,2024-11-13,15:34:19,5702,baghdad_generic,borsa,sell,1510.0,iqborsa:bare_buy_sell,https://t.me/iqborsa/5702
iqborsa,2024-11-13,15:34:19,5702,baghdad_generic,borsa,buy,1505.0,iqborsa:bare_buy_sell,https://t.me/iqborsa/5702
iqborsa,2024-11-14,13:17:31,5704,baghdad_generic,borsa,sell,1509.0,iqborsa:bare_buy_sell,https://t.me/iqborsa/5704
iqborsa,2024-11-14,13:17:31,5704,baghdad_generic,borsa,buy,1505.0,iqborsa:bare_buy_sell,https://t.me/iqborsa/5704
iqborsa,2024-11-15,11:39:49,5710,baghdad_generic,borsa,sell,1509.0,iqborsa:bare_buy_sell,https://t.me/iqborsa/5710
iqborsa,2024-11-15,11:39:49,5710,baghdad_generic,borsa,buy,1505.0,iqborsa:bare_buy_sell,https://t.me/iqborsa/5710
iqborsa,2024-11-15,16:57:03,5711,baghdad_generic,borsa,sell,1510.0,iqborsa:bare_buy_sell,https://t.me/iqborsa/5711
iqborsa,2024-11-15,16:57:03,5711,baghdad_generic,borsa,buy,1507.5,iqborsa:bare_buy_sell,https://t.me/iqborsa/5711
iqborsa,2024-11-16,17:04:19,5712,baghdad_generic,borsa,sell,1507.5,iqborsa:bare_buy_sell,https://t.me/iqborsa/5712
iqborsa,2024-11-16,17:04:19,5712,baghdad_generic,borsa,buy,1503.5,iqborsa:bare_buy_sell,https://t.me/iqborsa/5712
iqborsa,2024-11-17,15:58:10,5715,baghdad_generic,borsa,sell,1507.0,iqborsa:bare_buy_sell,https://t.me/iqborsa/5715
iqborsa,2024-11-17,15:58:10,5715,baghdad_generic,borsa,buy,1502.5,iqborsa:bare_buy_sell,https://t.me/iqborsa/5715
iqborsa,2024-11-18,13:43:49,5718,baghdad_generic,borsa,sell,1507.5,iqborsa:bare_buy_sell,https://t.me/iqborsa/5718
iqborsa,2024-11-18,13:43:49,5718,baghdad_generic,borsa,buy,1502.5,iqborsa:bare_buy_sell,https://t.me/iqborsa/5718
iqborsa,2024-11-18,17:09:30,5719,baghdad_generic,borsa,sell,1507.0,iqborsa:bare_buy_sell,https://t.me/iqborsa/5719
iqborsa,2024-11-18,17:09:30,5719,baghdad_generic,borsa,buy,1503.0,iqborsa:bare_buy_sell,https://t.me/iqborsa/5719
iqborsa,2024-11-19,11:50:33,5723,baghdad_generic,borsa,sell,1507.5,iqborsa:bare_buy_sell,https://t.me/iqborsa/5723
iqborsa,2024-11-19,11:50:33,5723,baghdad_generic,borsa,buy,1505.0,iqborsa:bare_buy_sell,https://t.me/iqborsa/5723
iqborsa,2024-11-22,11:06:20,5739,baghdad_generic,borsa,sell,1507.5,iqborsa:bare_buy_sell,https://t.me/iqborsa/5739
iqborsa,2024-11-22,11:06:20,5739,baghdad_generic,borsa,buy,1502.5,iqborsa:bare_buy_sell,https://t.me/iqborsa/5739
iqborsa,2024-11-23,13:37:19,5742,baghdad_generic,borsa,sell,1505.0,iqborsa:bare_buy_sell,https://t.me/iqborsa/5742
iqborsa,2024-11-23,13:37:19,5742,baghdad_generic,borsa,buy,1502.5,iqborsa:bare_buy_sell,https://t.me/iqborsa/5742
iqborsa,2024-11-23,16:34:10,5744,baghdad_generic,borsa,sell,1505.0,iqborsa:bare_buy_sell,https://t.me/iqborsa/5744
iqborsa,2024-11-23,16:34:10,5744,baghdad_generic,borsa,buy,1501.0,iqborsa:bare_buy_sell,https://t.me/iqborsa/5744
iqborsa,2024-11-23,21:24:56,5746,baghdad_generic,borsa,sell,1505.0,iqborsa:bare_buy_sell,https://t.me/iqborsa/5746
iqborsa,2024-11-23,21:24:56,5746,baghdad_generic,borsa,buy,1502.5,iqborsa:bare_buy_sell,https://t.me/iqborsa/5746
iqborsa,2024-11-24,13:33:41,5748,baghdad_generic,borsa,sell,1504.0,iqborsa:bare_buy_sell,https://t.me/iqborsa/5748
iqborsa,2024-11-24,13:33:41,5748,baghdad_generic,borsa,buy,1500.0,iqborsa:bare_buy_sell,https://t.me/iqborsa/5748
iqborsa,2024-11-25,13:08:15,5750,baghdad_generic,borsa,sell,1505.0,iqborsa:bare_buy_sell,https://t.me/iqborsa/5750
iqborsa,2024-11-25,13:08:15,5750,baghdad_generic,borsa,buy,1502.5,iqborsa:bare_buy_sell,https://t.me/iqborsa/5750
iqborsa,2024-11-25,17:42:06,5754,baghdad_generic,borsa,sell,1505.5,iqborsa:bare_buy_sell,https://t.me/iqborsa/5754
iqborsa,2024-11-25,17:42:06,5754,baghdad_generic,borsa,buy,1502.5,iqborsa:bare_buy_sell,https://t.me/iqborsa/5754
iqborsa,2024-11-26,13:38:14,5760,baghdad_generic,borsa,buy,1500.0,iqborsa:bare_buy_sell,https://t.me/iqborsa/5760
iqborsa,2024-11-26,20:04:08,5762,baghdad_generic,borsa,sell,1502.0,iqborsa:bare_buy_sell,https://t.me/iqborsa/5762
iqborsa,2024-11-26,20:04:08,5762,baghdad_generic,borsa,buy,1499.0,iqborsa:bare_buy_sell,https://t.me/iqborsa/5762
iqborsa,2024-11-27,14:14:47,5763,baghdad_generic,borsa,sell,1502.5,iqborsa:bare_buy_sell,https://t.me/iqborsa/5763
iqborsa,2024-11-27,14:14:47,5763,baghdad_generic,borsa,buy,1499.0,iqborsa:bare_buy_sell,https://t.me/iqborsa/5763
iqborsa,2024-11-28,11:22:02,5765,baghdad_generic,borsa,sell,1500.0,iqborsa:bare_buy_sell,https://t.me/iqborsa/5765
iqborsa,2024-11-28,11:22:02,5765,baghdad_generic,borsa,buy,1497.5,iqborsa:bare_buy_sell,https://t.me/iqborsa/5765
iqborsa,2024-11-28,16:17:32,5767,baghdad_generic,borsa,sell,1502.5,iqborsa:bare_buy_sell,https://t.me/iqborsa/5767
iqborsa,2024-11-28,16:17:32,5767,baghdad_generic,borsa,buy,1500.0,iqborsa:bare_buy_sell,https://t.me/iqborsa/5767
iqborsa,2024-11-29,11:54:46,5770,baghdad_generic,borsa,sell,1502.5,iqborsa:bare_buy_sell,https://t.me/iqborsa/5770
iqborsa,2024-11-29,11:54:46,5770,baghdad_generic,borsa,buy,1499.0,iqborsa:bare_buy_sell,https://t.me/iqborsa/5770
iqborsa,2024-11-30,12:02:52,5772,baghdad_generic,borsa,sell,1504.0,iqborsa:bare_buy_sell,https://t.me/iqborsa/5772
iqborsa,2024-11-30,12:02:52,5772,baghdad_generic,borsa,buy,1500.0,iqborsa:bare_buy_sell,https://t.me/iqborsa/5772
iqborsa,2024-11-30,14:54:44,5773,baghdad_generic,borsa,sell,1502.0,iqborsa:bare_buy_sell,https://t.me/iqborsa/5773
iqborsa,2024-11-30,14:54:44,5773,baghdad_generic,borsa,buy,1499.0,iqborsa:bare_buy_sell,https://t.me/iqborsa/5773
iqborsa,2024-12-01,12:36:11,5776,baghdad_generic,borsa,sell,1501.0,iqborsa:bare_buy_sell,https://t.me/iqborsa/5776
iqborsa,2024-12-01,12:36:11,5776,baghdad_generic,borsa,buy,1498.0,iqborsa:bare_buy_sell,https://t.me/iqborsa/5776
iqborsa,2024-12-01,15:28:56,5778,baghdad_generic,borsa,sell,1502.0,iqborsa:bare_buy_sell,https://t.me/iqborsa/5778
iqborsa,2024-12-01,15:28:56,5778,baghdad_generic,borsa,buy,1499.0,iqborsa:bare_buy_sell,https://t.me/iqborsa/5778
iqborsa,2024-12-01,19:26:49,5780,baghdad_generic,borsa,sell,1502.5,iqborsa:bare_buy_sell,https://t.me/iqborsa/5780
iqborsa,2024-12-01,19:26:49,5780,baghdad_generic,borsa,buy,1500.0,iqborsa:bare_buy_sell,https://t.me/iqborsa/5780
iqborsa,2024-12-01,22:45:09,5783,baghdad_generic,borsa,sell,1502.0,iqborsa:bare_buy_sell,https://t.me/iqborsa/5783
iqborsa,2024-12-01,22:45:09,5783,baghdad_generic,borsa,buy,1499.5,iqborsa:bare_buy_sell,https://t.me/iqborsa/5783
iqborsa,2024-12-02,11:25:50,5784,baghdad_generic,borsa,sell,1502.5,iqborsa:bare_buy_sell,https://t.me/iqborsa/5784
iqborsa,2024-12-02,11:25:50,5784,baghdad_generic,borsa,buy,1500.0,iqborsa:bare_buy_sell,https://t.me/iqborsa/5784
iqborsa,2024-12-03,12:02:47,5787,baghdad_generic,borsa,sell,1502.5,iqborsa:bare_buy_sell,https://t.me/iqborsa/5787
iqborsa,2024-12-03,12:02:47,5787,baghdad_generic,borsa,buy,1500.0,iqborsa:bare_buy_sell,https://t.me/iqborsa/5787
iqborsa,2024-12-03,16:47:14,5789,baghdad_generic,borsa,sell,1504.0,iqborsa:bare_buy_sell,https://t.me/iqborsa/5789
iqborsa,2024-12-03,16:47:14,5789,baghdad_generic,borsa,buy,1501.0,iqborsa:bare_buy_sell,https://t.me/iqborsa/5789
iqborsa,2024-12-04,12:16:20,5790,baghdad_generic,borsa,sell,1505.0,iqborsa:bare_buy_sell,https://t.me/iqborsa/5790
iqborsa,2024-12-04,12:16:20,5790,baghdad_generic,borsa,buy,1502.5,iqborsa:bare_buy_sell,https://t.me/iqborsa/5790
iqborsa,2024-12-05,12:51:20,5793,baghdad_generic,borsa,sell,1506.0,iqborsa:bare_buy_sell,https://t.me/iqborsa/5793
iqborsa,2024-12-05,12:51:20,5793,baghdad_generic,borsa,buy,1502.5,iqborsa:bare_buy_sell,https://t.me/iqborsa/5793
iqborsa,2024-12-05,17:47:19,5797,baghdad_generic,borsa,sell,1507.5,iqborsa:bare_buy_sell,https://t.me/iqborsa/5797
iqborsa,2024-12-05,17:47:19,5797,baghdad_generic,borsa,buy,1503.5,iqborsa:bare_buy_sell,https://t.me/iqborsa/5797
iqborsa,2024-12-06,14:42:41,5799,baghdad_generic,borsa,sell,1510.0,iqborsa:bare_buy_sell,https://t.me/iqborsa/5799
iqborsa,2024-12-06,14:42:41,5799,baghdad_generic,borsa,buy,1507.5,iqborsa:bare_buy_sell,https://t.me/iqborsa/5799
iqborsa,2024-12-07,09:56:19,5803,baghdad_generic,borsa,sell,1512.5,iqborsa:bare_buy_sell,https://t.me/iqborsa/5803
iqborsa,2024-12-07,09:56:19,5803,baghdad_generic,borsa,buy,1507.5,iqborsa:bare_buy_sell,https://t.me/iqborsa/5803
iqborsa,2024-12-08,21:06:49,5806,baghdad_generic,borsa,sell,1510.0,iqborsa:bare_buy_sell,https://t.me/iqborsa/5806
iqborsa,2024-12-08,21:06:49,5806,baghdad_generic,borsa,buy,1506.0,iqborsa:bare_buy_sell,https://t.me/iqborsa/5806
iqborsa,2024-12-09,12:44:03,5808,baghdad_generic,borsa,sell,1507.5,iqborsa:bare_buy_sell,https://t.me/iqborsa/5808
iqborsa,2024-12-09,12:44:03,5808,baghdad_generic,borsa,buy,1502.5,iqborsa:bare_buy_sell,https://t.me/iqborsa/5808
iqborsa,2024-12-10,12:53:21,5810,baghdad_generic,borsa,sell,1512.5,iqborsa:bare_buy_sell,https://t.me/iqborsa/5810
iqborsa,2024-12-10,12:53:21,5810,baghdad_generic,borsa,buy,1507.5,iqborsa:bare_buy_sell,https://t.me/iqborsa/5810
iqborsa,2024-12-10,16:18:12,5811,baghdad_generic,borsa,sell,1510.0,iqborsa:bare_buy_sell,https://t.me/iqborsa/5811
iqborsa,2024-12-10,16:18:12,5811,baghdad_generic,borsa,buy,1506.0,iqborsa:bare_buy_sell,https://t.me/iqborsa/5811
iqborsa,2024-12-11,13:00:36,5814,baghdad_generic,borsa,sell,1507.5,iqborsa:bare_buy_sell,https://t.me/iqborsa/5814
iqborsa,2024-12-11,13:00:36,5814,baghdad_generic,borsa,buy,1502.5,iqborsa:bare_buy_sell,https://t.me/iqborsa/5814
iqborsa,2024-12-11,20:02:41,5816,baghdad_generic,borsa,sell,1505.0,iqborsa:bare_buy_sell,https://t.me/iqborsa/5816
iqborsa,2024-12-11,20:02:41,5816,baghdad_generic,borsa,buy,1502.5,iqborsa:bare_buy_sell,https://t.me/iqborsa/5816
iqborsa,2024-12-12,11:50:44,5819,baghdad_generic,borsa,sell,1505.0,iqborsa:bare_buy_sell,https://t.me/iqborsa/5819
iqborsa,2024-12-12,11:50:44,5819,baghdad_generic,borsa,buy,1502.5,iqborsa:bare_buy_sell,https://t.me/iqborsa/5819
iqborsa,2024-12-13,13:48:12,5820,baghdad_generic,borsa,sell,1510.0,iqborsa:bare_buy_sell,https://t.me/iqborsa/5820
iqborsa,2024-12-13,13:48:12,5820,baghdad_generic,borsa,buy,1506.0,iqborsa:bare_buy_sell,https://t.me/iqborsa/5820
iqborsa,2024-12-14,14:32:00,5822,baghdad_generic,borsa,sell,1512.0,iqborsa:bare_buy_sell,https://t.me/iqborsa/5822
iqborsa,2024-12-14,14:32:00,5822,baghdad_generic,borsa,buy,1508.0,iqborsa:bare_buy_sell,https://t.me/iqborsa/5822
iqborsa,2024-12-15,13:17:36,5824,baghdad_generic,borsa,sell,1510.0,iqborsa:bare_buy_sell,https://t.me/iqborsa/5824
iqborsa,2024-12-15,13:17:36,5824,baghdad_generic,borsa,buy,1506.0,iqborsa:bare_buy_sell,https://t.me/iqborsa/5824
iqborsa,2024-12-15,15:52:16,5826,baghdad_generic,borsa,sell,1509.0,iqborsa:bare_buy_sell,https://t.me/iqborsa/5826
iqborsa,2024-12-15,15:52:16,5826,baghdad_generic,borsa,buy,1506.0,iqborsa:bare_buy_sell,https://t.me/iqborsa/5826
iqborsa,2024-12-15,19:10:47,5828,baghdad_generic,borsa,sell,1511.0,iqborsa:bare_buy_sell,https://t.me/iqborsa/5828
iqborsa,2024-12-15,19:10:47,5828,baghdad_generic,borsa,buy,1508.0,iqborsa:bare_buy_sell,https://t.me/iqborsa/5828
iqborsa,2024-12-16,11:13:59,5833,baghdad_generic,borsa,sell,1509.0,iqborsa:bare_buy_sell,https://t.me/iqborsa/5833
iqborsa,2024-12-16,11:13:59,5833,baghdad_generic,borsa,buy,1505.0,iqborsa:bare_buy_sell,https://t.me/iqborsa/5833
iqborsa,2024-12-16,14:33:01,5835,baghdad_generic,borsa,sell,1512.0,iqborsa:bare_buy_sell,https://t.me/iqborsa/5835
iqborsa,2024-12-16,14:33:01,5835,baghdad_generic,borsa,buy,1509.0,iqborsa:bare_buy_sell,https://t.me/iqborsa/5835
iqborsa,2024-12-17,12:11:16,5840,baghdad_generic,borsa,sell,1512.0,iqborsa:bare_buy_sell,https://t.me/iqborsa/5840
iqborsa,2024-12-17,12:11:16,5840,baghdad_generic,borsa,buy,1509.0,iqborsa:bare_buy_sell,https://t.me/iqborsa/5840
iqborsa,2024-12-18,11:04:23,5843,baghdad_generic,borsa,sell,1514.0,iqborsa:bare_buy_sell,https://t.me/iqborsa/5843
iqborsa,2024-12-18,11:04:23,5843,baghdad_generic,borsa,buy,1510.0,iqborsa:bare_buy_sell,https://t.me/iqborsa/5843
iqborsa,2024-12-18,13:38:31,5845,baghdad_generic,borsa,sell,1511.0,iqborsa:bare_buy_sell,https://t.me/iqborsa/5845
iqborsa,2024-12-18,13:38:31,5845,baghdad_generic,borsa,buy,1507.5,iqborsa:bare_buy_sell,https://t.me/iqborsa/5845
iqborsa,2024-12-19,12:08:38,5849,baghdad_generic,borsa,sell,1511.0,iqborsa:bare_buy_sell,https://t.me/iqborsa/5849
iqborsa,2024-12-19,12:08:38,5849,baghdad_generic,borsa,buy,1507.5,iqborsa:bare_buy_sell,https://t.me/iqborsa/5849
iqborsa,2024-12-19,19:54:56,5853,baghdad_generic,borsa,sell,1510.0,iqborsa:bare_buy_sell,https://t.me/iqborsa/5853
iqborsa,2024-12-19,19:54:56,5853,baghdad_generic,borsa,buy,1507.5,iqborsa:bare_buy_sell,https://t.me/iqborsa/5853
iqborsa,2024-12-20,16:38:55,5856,baghdad_generic,borsa,sell,1512.0,iqborsa:bare_buy_sell,https://t.me/iqborsa/5856
iqborsa,2024-12-20,16:38:55,5856,baghdad_generic,borsa,buy,1509.0,iqborsa:bare_buy_sell,https://t.me/iqborsa/5856
iqborsa,2024-12-21,19:17:20,5857,baghdad_generic,borsa,sell,1511.0,iqborsa:bare_buy_sell,https://t.me/iqborsa/5857
iqborsa,2024-12-21,19:17:20,5857,baghdad_generic,borsa,buy,1507.5,iqborsa:bare_buy_sell,https://t.me/iqborsa/5857
iqborsa,2024-12-22,14:11:19,5858,baghdad_generic,borsa,sell,1509.0,iqborsa:bare_buy_sell,https://t.me/iqborsa/5858
iqborsa,2024-12-22,14:11:19,5858,baghdad_generic,borsa,buy,1505.0,iqborsa:bare_buy_sell,https://t.me/iqborsa/5858
iqborsa,2024-12-23,13:59:53,5861,baghdad_generic,borsa,sell,1515.0,iqborsa:bare_buy_sell,https://t.me/iqborsa/5861
iqborsa,2024-12-23,13:59:53,5861,baghdad_generic,borsa,buy,1510.0,iqborsa:bare_buy_sell,https://t.me/iqborsa/5861
iqborsa,2024-12-24,14:17:44,5862,baghdad_generic,borsa,sell,1515.0,iqborsa:bare_buy_sell,https://t.me/iqborsa/5862
iqborsa,2024-12-24,14:17:44,5862,baghdad_generic,borsa,buy,1511.0,iqborsa:bare_buy_sell,https://t.me/iqborsa/5862
iqborsa,2024-12-25,12:45:01,5864,baghdad_generic,borsa,sell,1520.0,iqborsa:bare_buy_sell,https://t.me/iqborsa/5864
iqborsa,2024-12-25,12:45:01,5864,baghdad_generic,borsa,buy,1515.0,iqborsa:bare_buy_sell,https://t.me/iqborsa/5864
iqborsa,2024-12-25,17:43:14,5865,baghdad_generic,borsa,sell,1517.5,iqborsa:bare_buy_sell,https://t.me/iqborsa/5865
iqborsa,2024-12-25,17:43:14,5865,baghdad_generic,borsa,buy,1512.5,iqborsa:bare_buy_sell,https://t.me/iqborsa/5865
iqborsa,2024-12-26,11:49:15,5867,baghdad_generic,borsa,sell,1517.5,iqborsa:bare_buy_sell,https://t.me/iqborsa/5867
iqborsa,2024-12-26,11:49:15,5867,baghdad_generic,borsa,buy,1512.0,iqborsa:bare_buy_sell,https://t.me/iqborsa/5867
iqborsa,2024-12-26,17:25:14,5869,baghdad_generic,borsa,sell,1519.0,iqborsa:bare_buy_sell,https://t.me/iqborsa/5869
iqborsa,2024-12-26,17:25:14,5869,baghdad_generic,borsa,buy,1515.0,iqborsa:bare_buy_sell,https://t.me/iqborsa/5869
iqborsa,2024-12-27,16:07:33,5870,baghdad_generic,borsa,sell,1518.5,iqborsa:bare_buy_sell,https://t.me/iqborsa/5870
iqborsa,2024-12-27,16:07:33,5870,baghdad_generic,borsa,buy,1515.0,iqborsa:bare_buy_sell,https://t.me/iqborsa/5870
iqborsa,2024-12-27,20:10:11,5873,baghdad_generic,borsa,sell,1519.0,iqborsa:bare_buy_sell,https://t.me/iqborsa/5873
iqborsa,2024-12-27,20:10:11,5873,baghdad_generic,borsa,buy,1515.0,iqborsa:bare_buy_sell,https://t.me/iqborsa/5873
iqborsa,2024-12-28,12:27:55,5876,baghdad_generic,borsa,sell,1515.0,iqborsa:bare_buy_sell,https://t.me/iqborsa/5876
iqborsa,2024-12-28,12:27:55,5876,baghdad_generic,borsa,buy,1511.0,iqborsa:bare_buy_sell,https://t.me/iqborsa/5876
iqborsa,2024-12-28,17:41:02,5880,baghdad_generic,borsa,sell,1514.0,iqborsa:bare_buy_sell,https://t.me/iqborsa/5880
iqborsa,2024-12-28,17:41:02,5880,baghdad_generic,borsa,buy,1510.0,iqborsa:bare_buy_sell,https://t.me/iqborsa/5880
iqborsa,2024-12-29,12:47:24,5881,baghdad_generic,borsa,sell,1515.0,iqborsa:bare_buy_sell,https://t.me/iqborsa/5881
iqborsa,2024-12-29,12:47:24,5881,baghdad_generic,borsa,buy,1511.0,iqborsa:bare_buy_sell,https://t.me/iqborsa/5881
iqborsa,2024-12-30,10:59:50,5888,baghdad_generic,borsa,sell,1519.0,iqborsa:bare_buy_sell,https://t.me/iqborsa/5888
iqborsa,2024-12-30,10:59:50,5888,baghdad_generic,borsa,buy,1515.0,iqborsa:bare_buy_sell,https://t.me/iqborsa/5888
iqborsa,2024-12-31,16:17:05,5891,baghdad_generic,borsa,sell,1520.0,iqborsa:bare_buy_sell,https://t.me/iqborsa/5891
iqborsa,2024-12-31,16:17:05,5891,baghdad_generic,borsa,buy,1515.0,iqborsa:bare_buy_sell,https://t.me/iqborsa/5891
iqborsa,2025-01-01,15:34:20,5893,baghdad_generic,borsa,sell,1517.5,iqborsa:bare_buy_sell,https://t.me/iqborsa/5893
iqborsa,2025-01-01,15:34:20,5893,baghdad_generic,borsa,buy,1512.5,iqborsa:bare_buy_sell,https://t.me/iqborsa/5893
iqborsa,2025-01-02,10:49:23,5895,baghdad_generic,borsa,sell,1519.0,iqborsa:bare_buy_sell,https://t.me/iqborsa/5895
iqborsa,2025-01-02,10:49:23,5895,baghdad_generic,borsa,buy,1515.0,iqborsa:bare_buy_sell,https://t.me/iqborsa/5895
iqborsa,2025-01-02,14:43:38,5897,baghdad_generic,borsa,sell,1522.5,iqborsa:bare_buy_sell,https://t.me/iqborsa/5897
iqborsa,2025-01-02,14:43:38,5897,baghdad_generic,borsa,buy,1517.5,iqborsa:bare_buy_sell,https://t.me/iqborsa/5897
iqborsa,2025-01-02,15:58:48,5898,baghdad_generic,borsa,sell,1525.0,iqborsa:bare_buy_sell,https://t.me/iqborsa/5898
iqborsa,2025-01-02,15:58:48,5898,baghdad_generic,borsa,buy,1520.0,iqborsa:bare_buy_sell,https://t.me/iqborsa/5898
iqborsa,2025-01-03,11:22:15,5900,baghdad_generic,borsa,sell,1522.5,iqborsa:bare_buy_sell,https://t.me/iqborsa/5900
iqborsa,2025-01-03,11:22:15,5900,baghdad_generic,borsa,buy,1517.5,iqborsa:bare_buy_sell,https://t.me/iqborsa/5900
iqborsa,2025-01-04,11:49:11,5903,baghdad_generic,borsa,sell,1520.0,iqborsa:bare_buy_sell,https://t.me/iqborsa/5903
iqborsa,2025-01-04,11:49:11,5903,baghdad_generic,borsa,buy,1515.0,iqborsa:bare_buy_sell,https://t.me/iqborsa/5903
iqborsa,2025-01-04,15:18:44,5905,baghdad_generic,borsa,sell,1518.5,iqborsa:bare_buy_sell,https://t.me/iqborsa/5905
iqborsa,2025-01-04,15:18:44,5905,baghdad_generic,borsa,buy,1515.0,iqborsa:bare_buy_sell,https://t.me/iqborsa/5905
iqborsa,2025-01-05,13:00:06,5907,baghdad_generic,borsa,sell,1516.0,iqborsa:bare_buy_sell,https://t.me/iqborsa/5907
iqborsa,2025-01-05,13:00:06,5907,baghdad_generic,borsa,buy,1512.5,iqborsa:bare_buy_sell,https://t.me/iqborsa/5907
iqborsa,2025-01-06,12:46:23,5909,baghdad_generic,borsa,sell,1515.0,iqborsa:bare_buy_sell,https://t.me/iqborsa/5909
iqborsa,2025-01-06,12:46:23,5909,baghdad_generic,borsa,buy,1511.0,iqborsa:bare_buy_sell,https://t.me/iqborsa/5909
iqborsa,2025-01-06,16:45:07,5912,baghdad_generic,borsa,sell,1515.0,iqborsa:bare_buy_sell,https://t.me/iqborsa/5912
iqborsa,2025-01-06,16:45:07,5912,baghdad_generic,borsa,buy,1511.0,iqborsa:bare_buy_sell,https://t.me/iqborsa/5912
iqborsa,2025-01-07,11:25:02,5915,baghdad_generic,borsa,sell,1512.5,iqborsa:bare_buy_sell,https://t.me/iqborsa/5915
iqborsa,2025-01-07,11:25:02,5915,baghdad_generic,borsa,buy,1509.0,iqborsa:bare_buy_sell,https://t.me/iqborsa/5915
iqborsa,2025-01-07,18:02:06,5917,baghdad_generic,borsa,sell,1511.0,iqborsa:bare_buy_sell,https://t.me/iqborsa/5917
iqborsa,2025-01-07,18:02:06,5917,baghdad_generic,borsa,buy,1505.0,iqborsa:bare_buy_sell,https://t.me/iqborsa/5917
iqborsa,2025-01-08,11:22:08,5918,baghdad_generic,borsa,sell,1512.5,iqborsa:bare_buy_sell,https://t.me/iqborsa/5918
iqborsa,2025-01-08,11:22:08,5918,baghdad_generic,borsa,buy,1509.0,iqborsa:bare_buy_sell,https://t.me/iqborsa/5918
iqborsa,2025-01-08,19:44:56,5922,baghdad_generic,borsa,sell,1512.0,iqborsa:bare_buy_sell,https://t.me/iqborsa/5922
iqborsa,2025-01-08,19:44:56,5922,baghdad_generic,borsa,buy,1509.0,iqborsa:bare_buy_sell,https://t.me/iqborsa/5922
iqborsa,2025-01-09,11:29:39,5924,baghdad_generic,borsa,sell,1512.5,iqborsa:bare_buy_sell,https://t.me/iqborsa/5924
iqborsa,2025-01-09,11:29:39,5924,baghdad_generic,borsa,buy,1510.0,iqborsa:bare_buy_sell,https://t.me/iqborsa/5924
iqborsa,2025-01-09,17:51:13,5927,baghdad_generic,borsa,sell,1512.5,iqborsa:bare_buy_sell,https://t.me/iqborsa/5927
iqborsa,2025-01-09,17:51:13,5927,baghdad_generic,borsa,buy,1510.0,iqborsa:bare_buy_sell,https://t.me/iqborsa/5927
iqborsa,2025-01-11,11:42:33,5930,baghdad_generic,borsa,sell,1512.0,iqborsa:bare_buy_sell,https://t.me/iqborsa/5930
iqborsa,2025-01-11,11:42:33,5930,baghdad_generic,borsa,buy,1505.5,iqborsa:bare_buy_sell,https://t.me/iqborsa/5930
iqborsa,2025-01-11,14:33:05,5931,baghdad_generic,borsa,sell,1512.5,iqborsa:bare_buy_sell,https://t.me/iqborsa/5931
iqborsa,2025-01-11,14:33:05,5931,baghdad_generic,borsa,buy,1508.0,iqborsa:bare_buy_sell,https://t.me/iqborsa/5931
iqborsa,2025-01-11,17:54:33,5933,baghdad_generic,borsa,sell,1511.0,iqborsa:bare_buy_sell,https://t.me/iqborsa/5933
iqborsa,2025-01-11,17:54:33,5933,baghdad_generic,borsa,buy,1507.5,iqborsa:bare_buy_sell,https://t.me/iqborsa/5933
iqborsa,2025-01-12,15:27:13,5936,baghdad_generic,borsa,sell,1511.0,iqborsa:bare_buy_sell,https://t.me/iqborsa/5936
iqborsa,2025-01-12,15:27:13,5936,baghdad_generic,borsa,buy,1507.5,iqborsa:bare_buy_sell,https://t.me/iqborsa/5936
iqborsa,2025-01-12,20:09:23,5938,baghdad_generic,borsa,sell,1515.0,iqborsa:bare_buy_sell,https://t.me/iqborsa/5938
iqborsa,2025-01-12,20:09:23,5938,baghdad_generic,borsa,buy,1511.0,iqborsa:bare_buy_sell,https://t.me/iqborsa/5938
iqborsa,2025-01-13,14:15:06,5942,baghdad_generic,borsa,sell,1514.0,iqborsa:bare_buy_sell,https://t.me/iqborsa/5942
iqborsa,2025-01-13,14:15:06,5942,baghdad_generic,borsa,buy,1510.0,iqborsa:bare_buy_sell,https://t.me/iqborsa/5942
iqborsa,2025-01-13,16:18:35,5944,baghdad_generic,borsa,sell,1512.5,iqborsa:bare_buy_sell,https://t.me/iqborsa/5944
iqborsa,2025-01-13,16:18:35,5944,baghdad_generic,borsa,buy,1508.0,iqborsa:bare_buy_sell,https://t.me/iqborsa/5944
iqborsa,2025-01-14,13:48:15,5946,baghdad_generic,borsa,sell,1512.0,iqborsa:bare_buy_sell,https://t.me/iqborsa/5946
iqborsa,2025-01-14,13:48:15,5946,baghdad_generic,borsa,buy,1508.0,iqborsa:bare_buy_sell,https://t.me/iqborsa/5946
iqborsa,2025-01-15,10:57:52,5947,baghdad_generic,borsa,sell,1512.5,iqborsa:bare_buy_sell,https://t.me/iqborsa/5947
iqborsa,2025-01-15,10:57:52,5947,baghdad_generic,borsa,buy,1510.0,iqborsa:bare_buy_sell,https://t.me/iqborsa/5947
iqborsa,2025-01-15,13:15:09,5948,baghdad_generic,borsa,sell,1512.0,iqborsa:bare_buy_sell,https://t.me/iqborsa/5948
iqborsa,2025-01-15,13:15:09,5948,baghdad_generic,borsa,buy,1509.0,iqborsa:bare_buy_sell,https://t.me/iqborsa/5948
iqborsa,2025-01-16,13:35:05,5950,baghdad_generic,borsa,sell,1511.0,iqborsa:bare_buy_sell,https://t.me/iqborsa/5950
iqborsa,2025-01-16,13:35:05,5950,baghdad_generic,borsa,buy,1507.5,iqborsa:bare_buy_sell,https://t.me/iqborsa/5950
iqborsa,2025-01-16,21:18:22,5952,baghdad_generic,borsa,sell,1511.0,iqborsa:bare_buy_sell,https://t.me/iqborsa/5952
iqborsa,2025-01-16,21:18:22,5952,baghdad_generic,borsa,buy,1506.0,iqborsa:bare_buy_sell,https://t.me/iqborsa/5952
iqborsa,2025-01-17,15:02:44,5953,baghdad_generic,borsa,sell,1510.0,iqborsa:bare_buy_sell,https://t.me/iqborsa/5953
iqborsa,2025-01-17,15:02:44,5953,baghdad_generic,borsa,buy,1506.5,iqborsa:bare_buy_sell,https://t.me/iqborsa/5953
iqborsa,2025-01-17,17:02:18,5954,baghdad_generic,borsa,sell,1510.0,iqborsa:bare_buy_sell,https://t.me/iqborsa/5954
iqborsa,2025-01-17,17:02:18,5954,baghdad_generic,borsa,buy,1507.5,iqborsa:bare_buy_sell,https://t.me/iqborsa/5954
iqborsa,2025-01-18,11:19:23,5958,baghdad_generic,borsa,sell,1510.0,iqborsa:bare_buy_sell,https://t.me/iqborsa/5958
iqborsa,2025-01-18,11:19:23,5958,baghdad_generic,borsa,buy,1506.5,iqborsa:bare_buy_sell,https://t.me/iqborsa/5958
iqborsa,2025-01-18,18:39:42,5961,baghdad_generic,borsa,sell,1508.0,iqborsa:bare_buy_sell,https://t.me/iqborsa/5961
iqborsa,2025-01-18,18:39:42,5961,baghdad_generic,borsa,buy,1505.0,iqborsa:bare_buy_sell,https://t.me/iqborsa/5961
iqborsa,2025-01-19,12:35:29,5963,baghdad_generic,borsa,sell,1507.5,iqborsa:bare_buy_sell,https://t.me/iqborsa/5963
iqborsa,2025-01-19,12:35:29,5963,baghdad_generic,borsa,buy,1504.0,iqborsa:bare_buy_sell,https://t.me/iqborsa/5963
iqborsa,2025-01-20,11:26:49,5964,baghdad_generic,borsa,sell,1510.0,iqborsa:bare_buy_sell,https://t.me/iqborsa/5964
iqborsa,2025-01-20,11:26:49,5964,baghdad_generic,borsa,buy,1506.0,iqborsa:bare_buy_sell,https://t.me/iqborsa/5964
iqborsa,2025-01-20,17:47:56,5965,baghdad_generic,borsa,sell,1509.0,iqborsa:bare_buy_sell,https://t.me/iqborsa/5965
iqborsa,2025-01-20,17:47:56,5965,baghdad_generic,borsa,buy,1505.0,iqborsa:bare_buy_sell,https://t.me/iqborsa/5965
iqborsa,2025-01-21,10:03:53,5968,baghdad_generic,borsa,sell,1509.0,iqborsa:bare_buy_sell,https://t.me/iqborsa/5968
iqborsa,2025-01-21,10:03:53,5968,baghdad_generic,borsa,buy,1506.0,iqborsa:bare_buy_sell,https://t.me/iqborsa/5968
iqborsa,2025-01-21,12:48:44,5970,baghdad_generic,borsa,sell,1511.0,iqborsa:bare_buy_sell,https://t.me/iqborsa/5970
iqborsa,2025-01-21,12:48:44,5970,baghdad_generic,borsa,buy,1507.5,iqborsa:bare_buy_sell,https://t.me/iqborsa/5970
iqborsa,2025-01-21,16:37:25,5973,baghdad_generic,borsa,sell,1514.0,iqborsa:bare_buy_sell,https://t.me/iqborsa/5973
iqborsa,2025-01-21,16:37:25,5973,baghdad_generic,borsa,buy,1510.0,iqborsa:bare_buy_sell,https://t.me/iqborsa/5973
iqborsa,2025-01-22,10:37:55,5974,baghdad_generic,borsa,sell,1512.0,iqborsa:bare_buy_sell,https://t.me/iqborsa/5974
iqborsa,2025-01-22,10:37:55,5974,baghdad_generic,borsa,buy,1508.0,iqborsa:bare_buy_sell,https://t.me/iqborsa/5974
iqborsa,2025-01-23,11:31:08,5975,baghdad_generic,borsa,sell,1510.0,iqborsa:bare_buy_sell,https://t.me/iqborsa/5975
iqborsa,2025-01-23,11:31:08,5975,baghdad_generic,borsa,buy,1506.0,iqborsa:bare_buy_sell,https://t.me/iqborsa/5975
iqborsa,2025-01-24,20:07:47,5977,baghdad_generic,borsa,sell,1509.0,iqborsa:bare_buy_sell,https://t.me/iqborsa/5977
iqborsa,2025-01-24,20:07:47,5977,baghdad_generic,borsa,buy,1505.0,iqborsa:bare_buy_sell,https://t.me/iqborsa/5977
iqborsa,2025-01-25,16:38:33,5979,baghdad_generic,borsa,sell,1509.0,iqborsa:bare_buy_sell,https://t.me/iqborsa/5979
iqborsa,2025-01-25,16:38:33,5979,baghdad_generic,borsa,buy,1505.0,iqborsa:bare_buy_sell,https://t.me/iqborsa/5979
iqborsa,2025-01-26,11:48:24,5982,baghdad_generic,borsa,sell,1509.0,iqborsa:bare_buy_sell,https://t.me/iqborsa/5982
iqborsa,2025-01-26,11:48:24,5982,baghdad_generic,borsa,buy,1506.0,iqborsa:bare_buy_sell,https://t.me/iqborsa/5982
iqborsa,2025-01-27,12:29:22,5984,baghdad_generic,borsa,sell,1509.0,iqborsa:bare_buy_sell,https://t.me/iqborsa/5984
iqborsa,2025-01-27,12:29:22,5984,baghdad_generic,borsa,buy,1506.0,iqborsa:bare_buy_sell,https://t.me/iqborsa/5984
iqborsa,2025-01-27,16:37:45,5985,baghdad_generic,borsa,sell,1507.0,iqborsa:bare_buy_sell,https://t.me/iqborsa/5985
iqborsa,2025-01-27,16:37:45,5985,baghdad_generic,borsa,buy,1503.5,iqborsa:bare_buy_sell,https://t.me/iqborsa/5985
iqborsa,2025-01-28,09:12:00,5990,baghdad_generic,borsa,sell,1506.0,iqborsa:bare_buy_sell,https://t.me/iqborsa/5990
iqborsa,2025-01-28,09:12:00,5990,baghdad_generic,borsa,buy,1502.5,iqborsa:bare_buy_sell,https://t.me/iqborsa/5990
iqborsa,2025-01-28,17:05:52,5992,baghdad_generic,borsa,sell,1502.5,iqborsa:bare_buy_sell,https://t.me/iqborsa/5992
iqborsa,2025-01-28,17:05:52,5992,baghdad_generic,borsa,buy,1498.5,iqborsa:bare_buy_sell,https://t.me/iqborsa/5992
iqborsa,2025-01-29,14:06:00,5995,baghdad_generic,borsa,sell,1503.5,iqborsa:bare_buy_sell,https://t.me/iqborsa/5995
iqborsa,2025-01-29,14:06:00,5995,baghdad_generic,borsa,buy,1500.0,iqborsa:bare_buy_sell,https://t.me/iqborsa/5995
iqborsa,2025-01-29,17:13:37,5996,baghdad_generic,borsa,sell,1505.0,iqborsa:bare_buy_sell,https://t.me/iqborsa/5996
iqborsa,2025-01-29,17:13:37,5996,baghdad_generic,borsa,buy,1501.0,iqborsa:bare_buy_sell,https://t.me/iqborsa/5996
iqborsa,2025-01-30,10:28:27,5998,baghdad_generic,borsa,sell,1504.0,iqborsa:bare_buy_sell,https://t.me/iqborsa/5998
iqborsa,2025-01-30,10:28:27,5998,baghdad_generic,borsa,buy,1501.0,iqborsa:bare_buy_sell,https://t.me/iqborsa/5998
iqborsa,2025-01-30,14:09:51,6000,baghdad_generic,borsa,sell,1507.0,iqborsa:bare_buy_sell,https://t.me/iqborsa/6000
iqborsa,2025-01-30,14:09:51,6000,baghdad_generic,borsa,buy,1503.0,iqborsa:bare_buy_sell,https://t.me/iqborsa/6000
iqborsa,2025-01-30,16:58:31,6001,baghdad_generic,borsa,sell,1506.0,iqborsa:bare_buy_sell,https://t.me/iqborsa/6001
iqborsa,2025-01-30,16:58:31,6001,baghdad_generic,borsa,buy,1502.5,iqborsa:bare_buy_sell,https://t.me/iqborsa/6001
iqborsa,2025-01-31,14:08:41,6003,baghdad_generic,borsa,sell,1505.0,iqborsa:bare_buy_sell,https://t.me/iqborsa/6003
iqborsa,2025-01-31,14:08:41,6003,baghdad_generic,borsa,buy,1501.0,iqborsa:bare_buy_sell,https://t.me/iqborsa/6003
iqborsa,2025-01-31,16:56:03,6004,baghdad_generic,borsa,sell,1504.0,iqborsa:bare_buy_sell,https://t.me/iqborsa/6004
iqborsa,2025-01-31,16:56:03,6004,baghdad_generic,borsa,buy,1500.0,iqborsa:bare_buy_sell,https://t.me/iqborsa/6004
iqborsa,2025-02-01,14:48:48,6005,baghdad_generic,borsa,sell,1507.0,iqborsa:bare_buy_sell,https://t.me/iqborsa/6005
iqborsa,2025-02-01,14:48:48,6005,baghdad_generic,borsa,buy,1503.0,iqborsa:bare_buy_sell,https://t.me/iqborsa/6005
iqborsa,2025-02-02,15:08:07,6008,baghdad_generic,borsa,sell,1505.0,iqborsa:bare_buy_sell,https://t.me/iqborsa/6008
iqborsa,2025-02-02,15:08:07,6008,baghdad_generic,borsa,buy,1502.5,iqborsa:bare_buy_sell,https://t.me/iqborsa/6008
iqborsa,2025-02-03,13:20:56,6010,baghdad_generic,borsa,sell,1506.0,iqborsa:bare_buy_sell,https://t.me/iqborsa/6010
iqborsa,2025-02-03,13:20:56,6010,baghdad_generic,borsa,buy,1503.0,iqborsa:bare_buy_sell,https://t.me/iqborsa/6010
iqborsa,2025-02-03,19:06:48,6012,baghdad_generic,borsa,sell,1506.0,iqborsa:bare_buy_sell,https://t.me/iqborsa/6012
iqborsa,2025-02-03,19:06:48,6012,baghdad_generic,borsa,buy,1502.5,iqborsa:bare_buy_sell,https://t.me/iqborsa/6012
iqborsa,2025-02-04,11:42:01,6013,baghdad_generic,borsa,sell,1504.0,iqborsa:bare_buy_sell,https://t.me/iqborsa/6013
iqborsa,2025-02-04,11:42:01,6013,baghdad_generic,borsa,buy,1500.0,iqborsa:bare_buy_sell,https://t.me/iqborsa/6013
iqborsa,2025-02-05,10:48:37,6016,baghdad_generic,borsa,sell,1504.0,iqborsa:bare_buy_sell,https://t.me/iqborsa/6016
iqborsa,2025-02-05,10:48:37,6016,baghdad_generic,borsa,buy,1501.0,iqborsa:bare_buy_sell,https://t.me/iqborsa/6016
iqborsa,2025-02-05,13:45:31,6018,baghdad_generic,borsa,sell,1503.5,iqborsa:bare_buy_sell,https://t.me/iqborsa/6018
iqborsa,2025-02-05,13:45:31,6018,baghdad_generic,borsa,buy,1500.0,iqborsa:bare_buy_sell,https://t.me/iqborsa/6018
iqborsa,2025-02-05,20:04:26,6020,baghdad_generic,borsa,sell,1506.0,iqborsa:bare_buy_sell,https://t.me/iqborsa/6020
iqborsa,2025-02-05,20:04:26,6020,baghdad_generic,borsa,buy,1502.5,iqborsa:bare_buy_sell,https://t.me/iqborsa/6020
iqborsa,2025-02-06,12:02:53,6021,baghdad_generic,borsa,sell,1507.0,iqborsa:bare_buy_sell,https://t.me/iqborsa/6021
iqborsa,2025-02-06,12:02:53,6021,baghdad_generic,borsa,buy,1503.0,iqborsa:bare_buy_sell,https://t.me/iqborsa/6021
iqborsa,2025-02-07,18:26:06,6023,baghdad_generic,borsa,sell,1505.0,iqborsa:bare_buy_sell,https://t.me/iqborsa/6023
iqborsa,2025-02-07,18:26:06,6023,baghdad_generic,borsa,buy,1502.5,iqborsa:bare_buy_sell,https://t.me/iqborsa/6023
iqborsa,2025-02-08,12:00:38,6024,baghdad_generic,borsa,sell,1506.0,iqborsa:bare_buy_sell,https://t.me/iqborsa/6024
iqborsa,2025-02-08,12:00:38,6024,baghdad_generic,borsa,buy,1503.0,iqborsa:bare_buy_sell,https://t.me/iqborsa/6024
iqborsa,2025-02-09,17:45:04,6026,baghdad_generic,borsa,sell,1505.0,iqborsa:bare_buy_sell,https://t.me/iqborsa/6026
iqborsa,2025-02-09,17:45:04,6026,baghdad_generic,borsa,buy,1502.0,iqborsa:bare_buy_sell,https://t.me/iqborsa/6026
iqborsa,2025-02-10,12:10:49,6028,baghdad_generic,borsa,sell,1505.0,iqborsa:bare_buy_sell,https://t.me/iqborsa/6028
iqborsa,2025-02-10,12:10:49,6028,baghdad_generic,borsa,buy,1502.0,iqborsa:bare_buy_sell,https://t.me/iqborsa/6028
iqborsa,2025-02-10,14:11:40,6030,baghdad_generic,borsa,sell,1504.0,iqborsa:bare_buy_sell,https://t.me/iqborsa/6030
iqborsa,2025-02-10,14:11:40,6030,baghdad_generic,borsa,buy,1501.0,iqborsa:bare_buy_sell,https://t.me/iqborsa/6030
iqborsa,2025-02-11,11:45:27,6032,baghdad_generic,borsa,sell,1505.0,iqborsa:bare_buy_sell,https://t.me/iqborsa/6032
iqborsa,2025-02-11,11:45:27,6032,baghdad_generic,borsa,buy,1501.5,iqborsa:bare_buy_sell,https://t.me/iqborsa/6032
iqborsa,2025-02-12,11:41:48,6035,baghdad_generic,borsa,sell,1505.0,iqborsa:bare_buy_sell,https://t.me/iqborsa/6035
iqborsa,2025-02-12,11:41:48,6035,baghdad_generic,borsa,buy,1501.5,iqborsa:bare_buy_sell,https://t.me/iqborsa/6035
iqborsa,2025-02-13,12:52:14,6037,baghdad_generic,borsa,sell,1504.0,iqborsa:bare_buy_sell,https://t.me/iqborsa/6037
iqborsa,2025-02-13,12:52:14,6037,baghdad_generic,borsa,buy,1501.0,iqborsa:bare_buy_sell,https://t.me/iqborsa/6037
iqborsa,2025-02-14,12:46:55,6040,baghdad_generic,borsa,sell,1505.0,iqborsa:bare_buy_sell,https://t.me/iqborsa/6040
iqborsa,2025-02-14,12:46:55,6040,baghdad_generic,borsa,buy,1501.5,iqborsa:bare_buy_sell,https://t.me/iqborsa/6040
iqborsa,2025-02-14,21:02:53,6042,baghdad_generic,borsa,sell,1505.0,iqborsa:bare_buy_sell,https://t.me/iqborsa/6042
iqborsa,2025-02-14,21:02:53,6042,baghdad_generic,borsa,buy,1502.5,iqborsa:bare_buy_sell,https://t.me/iqborsa/6042
iqborsa,2025-02-15,16:18:34,6044,baghdad_generic,borsa,sell,1504.0,iqborsa:bare_buy_sell,https://t.me/iqborsa/6044
iqborsa,2025-02-15,16:18:34,6044,baghdad_generic,borsa,buy,1502.0,iqborsa:bare_buy_sell,https://t.me/iqborsa/6044
iqborsa,2025-02-17,10:42:39,6047,baghdad_generic,borsa,sell,1505.0,iqborsa:bare_buy_sell,https://t.me/iqborsa/6047
iqborsa,2025-02-17,10:42:39,6047,baghdad_generic,borsa,buy,1502.5,iqborsa:bare_buy_sell,https://t.me/iqborsa/6047
iqborsa,2025-02-18,14:22:12,6050,baghdad_generic,borsa,sell,1504.0,iqborsa:bare_buy_sell,https://t.me/iqborsa/6050
iqborsa,2025-02-18,14:22:12,6050,baghdad_generic,borsa,buy,1501.0,iqborsa:bare_buy_sell,https://t.me/iqborsa/6050
iqborsa,2025-02-18,21:13:05,6054,baghdad_generic,borsa,sell,1504.0,iqborsa:bare_buy_sell,https://t.me/iqborsa/6054
iqborsa,2025-02-18,21:13:05,6054,baghdad_generic,borsa,buy,1501.5,iqborsa:bare_buy_sell,https://t.me/iqborsa/6054
iqborsa,2025-02-19,13:48:53,6056,baghdad_generic,borsa,sell,1504.0,iqborsa:bare_buy_sell,https://t.me/iqborsa/6056
iqborsa,2025-02-19,13:48:53,6056,baghdad_generic,borsa,buy,1501.0,iqborsa:bare_buy_sell,https://t.me/iqborsa/6056
iqborsa,2025-02-20,00:09:42,6058,baghdad_generic,borsa,sell,1502.5,iqborsa:bare_buy_sell,https://t.me/iqborsa/6058
iqborsa,2025-02-20,00:09:42,6058,baghdad_generic,borsa,buy,1500.0,iqborsa:bare_buy_sell,https://t.me/iqborsa/6058
iqborsa,2025-02-20,11:08:33,6059,baghdad_generic,borsa,sell,1502.5,iqborsa:bare_buy_sell,https://t.me/iqborsa/6059
iqborsa,2025-02-20,11:08:33,6059,baghdad_generic,borsa,buy,1500.5,iqborsa:bare_buy_sell,https://t.me/iqborsa/6059
iqborsa,2025-02-20,17:24:14,6063,baghdad_generic,borsa,sell,1502.5,iqborsa:bare_buy_sell,https://t.me/iqborsa/6063
iqborsa,2025-02-21,12:52:22,6066,baghdad_generic,borsa,sell,1502.0,iqborsa:bare_buy_sell,https://t.me/iqborsa/6066
iqborsa,2025-02-21,12:52:22,6066,baghdad_generic,borsa,buy,1499.0,iqborsa:bare_buy_sell,https://t.me/iqborsa/6066
iqborsa,2025-02-22,12:15:52,6069,baghdad_generic,borsa,sell,1502.0,iqborsa:bare_buy_sell,https://t.me/iqborsa/6069
iqborsa,2025-02-22,12:15:52,6069,baghdad_generic,borsa,buy,1499.0,iqborsa:bare_buy_sell,https://t.me/iqborsa/6069
iqborsa,2025-02-23,09:34:46,6073,baghdad_generic,borsa,sell,1500.0,iqborsa:bare_buy_sell,https://t.me/iqborsa/6073
iqborsa,2025-02-23,09:34:46,6073,baghdad_generic,borsa,buy,1498.0,iqborsa:bare_buy_sell,https://t.me/iqborsa/6073
iqborsa,2025-02-23,13:14:12,6075,baghdad_generic,borsa,sell,1499.0,iqborsa:bare_buy_sell,https://t.me/iqborsa/6075
iqborsa,2025-02-23,13:14:12,6075,baghdad_generic,borsa,buy,1495.0,iqborsa:bare_buy_sell,https://t.me/iqborsa/6075
iqborsa,2025-02-23,20:16:07,6078,baghdad_generic,borsa,sell,1496.5,iqborsa:bare_buy_sell,https://t.me/iqborsa/6078
iqborsa,2025-02-23,20:16:07,6078,baghdad_generic,borsa,buy,1493.5,iqborsa:bare_buy_sell,https://t.me/iqborsa/6078
iqborsa,2025-02-24,13:13:57,6082,baghdad_generic,borsa,sell,1493.5,iqborsa:bare_buy_sell,https://t.me/iqborsa/6082
iqborsa,2025-02-24,13:13:57,6082,baghdad_generic,borsa,buy,1489.0,iqborsa:bare_buy_sell,https://t.me/iqborsa/6082
iqborsa,2025-02-24,14:22:21,6084,baghdad_generic,borsa,sell,1495.0,iqborsa:bare_buy_sell,https://t.me/iqborsa/6084
iqborsa,2025-02-24,14:22:21,6084,baghdad_generic,borsa,buy,1492.0,iqborsa:bare_buy_sell,https://t.me/iqborsa/6084
iqborsa,2025-02-24,19:41:17,6089,baghdad_generic,borsa,sell,1492.0,iqborsa:bare_buy_sell,https://t.me/iqborsa/6089
iqborsa,2025-02-24,19:41:17,6089,baghdad_generic,borsa,buy,1487.5,iqborsa:bare_buy_sell,https://t.me/iqborsa/6089
iqborsa,2025-02-25,12:28:24,6093,baghdad_generic,borsa,sell,1490.0,iqborsa:bare_buy_sell,https://t.me/iqborsa/6093
iqborsa,2025-02-25,12:28:24,6093,baghdad_generic,borsa,buy,1485.0,iqborsa:bare_buy_sell,https://t.me/iqborsa/6093
iqborsa,2025-02-25,21:13:11,6096,baghdad_generic,borsa,sell,1490.0,iqborsa:bare_buy_sell,https://t.me/iqborsa/6096
iqborsa,2025-02-25,21:13:11,6096,baghdad_generic,borsa,buy,1487.5,iqborsa:bare_buy_sell,https://t.me/iqborsa/6096
iqborsa,2025-02-26,11:56:53,6098,baghdad_generic,borsa,sell,1492.0,iqborsa:bare_buy_sell,https://t.me/iqborsa/6098
iqborsa,2025-02-26,11:56:53,6098,baghdad_generic,borsa,buy,1489.0,iqborsa:bare_buy_sell,https://t.me/iqborsa/6098
iqborsa,2025-02-26,14:35:30,6100,baghdad_generic,borsa,sell,1492.5,iqborsa:bare_buy_sell,https://t.me/iqborsa/6100
iqborsa,2025-02-26,14:35:30,6100,baghdad_generic,borsa,buy,1489.5,iqborsa:bare_buy_sell,https://t.me/iqborsa/6100
iqborsa,2025-02-26,15:02:58,6102,baghdad_generic,borsa,sell,1492.5,iqborsa:bare_buy_sell,https://t.me/iqborsa/6102
iqborsa,2025-02-26,15:02:58,6102,baghdad_generic,borsa,buy,1490.0,iqborsa:bare_buy_sell,https://t.me/iqborsa/6102
iqborsa,2025-02-27,12:52:46,6106,baghdad_generic,borsa,sell,1490.0,iqborsa:bare_buy_sell,https://t.me/iqborsa/6106
iqborsa,2025-02-27,12:52:46,6106,baghdad_generic,borsa,buy,1486.0,iqborsa:bare_buy_sell,https://t.me/iqborsa/6106
iqborsa,2025-02-27,16:13:00,6109,baghdad_generic,borsa,sell,1487.5,iqborsa:bare_buy_sell,https://t.me/iqborsa/6109
iqborsa,2025-02-27,16:13:00,6109,baghdad_generic,borsa,buy,1482.5,iqborsa:bare_buy_sell,https://t.me/iqborsa/6109
iqborsa,2025-02-27,19:49:52,6111,baghdad_generic,borsa,sell,1487.5,iqborsa:bare_buy_sell,https://t.me/iqborsa/6111
iqborsa,2025-02-27,19:49:52,6111,baghdad_generic,borsa,buy,1484.0,iqborsa:bare_buy_sell,https://t.me/iqborsa/6111
iqborsa,2025-02-28,11:44:29,6113,baghdad_generic,borsa,sell,1486.5,iqborsa:bare_buy_sell,https://t.me/iqborsa/6113
iqborsa,2025-02-28,11:44:29,6113,baghdad_generic,borsa,buy,1482.5,iqborsa:bare_buy_sell,https://t.me/iqborsa/6113
iqborsa,2025-02-28,14:22:17,6116,baghdad_generic,borsa,sell,1487.5,iqborsa:bare_buy_sell,https://t.me/iqborsa/6116
iqborsa,2025-02-28,14:22:17,6116,baghdad_generic,borsa,buy,1484.0,iqborsa:bare_buy_sell,https://t.me/iqborsa/6116
iqborsa,2025-02-28,16:55:52,6118,baghdad_generic,borsa,sell,1487.0,iqborsa:bare_buy_sell,https://t.me/iqborsa/6118
iqborsa,2025-02-28,16:55:52,6118,baghdad_generic,borsa,buy,1483.5,iqborsa:bare_buy_sell,https://t.me/iqborsa/6118
iqborsa,2025-02-28,18:16:22,6121,baghdad_generic,borsa,sell,1486.0,iqborsa:bare_buy_sell,https://t.me/iqborsa/6121
iqborsa,2025-02-28,18:16:22,6121,baghdad_generic,borsa,buy,1483.0,iqborsa:bare_buy_sell,https://t.me/iqborsa/6121
iqborsa,2025-03-01,13:22:24,6125,baghdad_generic,borsa,sell,1484.0,iqborsa:bare_buy_sell,https://t.me/iqborsa/6125
iqborsa,2025-03-01,13:22:24,6125,baghdad_generic,borsa,buy,1481.0,iqborsa:bare_buy_sell,https://t.me/iqborsa/6125
iqborsa,2025-03-01,14:15:46,6127,baghdad_generic,borsa,sell,1482.5,iqborsa:bare_buy_sell,https://t.me/iqborsa/6127
iqborsa,2025-03-01,14:15:46,6127,baghdad_generic,borsa,buy,1478.0,iqborsa:bare_buy_sell,https://t.me/iqborsa/6127
iqborsa,2025-03-01,16:33:19,6130,baghdad_generic,borsa,sell,1480.0,iqborsa:bare_buy_sell,https://t.me/iqborsa/6130
iqborsa,2025-03-01,16:33:19,6130,baghdad_generic,borsa,buy,1475.0,iqborsa:bare_buy_sell,https://t.me/iqborsa/6130
iqborsa,2025-03-01,17:04:12,6134,baghdad_generic,borsa,sell,1480.0,iqborsa:bare_buy_sell,https://t.me/iqborsa/6134
iqborsa,2025-03-01,17:04:12,6134,baghdad_generic,borsa,buy,1475.5,iqborsa:bare_buy_sell,https://t.me/iqborsa/6134
iqborsa,2025-03-02,12:17:20,6140,baghdad_generic,borsa,sell,1480.0,iqborsa:bare_buy_sell,https://t.me/iqborsa/6140
iqborsa,2025-03-02,12:17:20,6140,baghdad_generic,borsa,buy,1475.0,iqborsa:bare_buy_sell,https://t.me/iqborsa/6140
iqborsa,2025-03-03,23:35:18,6148,baghdad_generic,borsa,sell,1490.0,iqborsa:bare_buy_sell,https://t.me/iqborsa/6148
iqborsa,2025-03-03,23:35:18,6148,baghdad_generic,borsa,buy,1485.0,iqborsa:bare_buy_sell,https://t.me/iqborsa/6148
iqborsa,2025-03-05,14:49:24,6153,baghdad_generic,borsa,sell,1486.0,iqborsa:bare_buy_sell,https://t.me/iqborsa/6153
iqborsa,2025-03-05,14:49:24,6153,baghdad_generic,borsa,buy,1482.5,iqborsa:bare_buy_sell,https://t.me/iqborsa/6153
iqborsa,2025-03-06,12:48:12,6156,baghdad_generic,borsa,sell,1485.0,iqborsa:bare_buy_sell,https://t.me/iqborsa/6156
iqborsa,2025-03-06,12:48:12,6156,baghdad_generic,borsa,buy,1480.0,iqborsa:bare_buy_sell,https://t.me/iqborsa/6156
iqborsa,2025-03-06,15:56:45,6161,baghdad_generic,borsa,sell,1485.0,iqborsa:bare_buy_sell,https://t.me/iqborsa/6161
iqborsa,2025-03-06,15:56:45,6161,baghdad_generic,borsa,buy,1482.5,iqborsa:bare_buy_sell,https://t.me/iqborsa/6161
iqborsa,2025-03-06,21:20:14,6164,baghdad_generic,borsa,sell,1485.0,iqborsa:bare_buy_sell,https://t.me/iqborsa/6164
iqborsa,2025-03-06,21:20:14,6164,baghdad_generic,borsa,buy,1482.5,iqborsa:bare_buy_sell,https://t.me/iqborsa/6164
iqborsa,2025-03-07,13:54:52,6167,baghdad_generic,borsa,sell,1485.0,iqborsa:bare_buy_sell,https://t.me/iqborsa/6167
iqborsa,2025-03-07,13:54:52,6167,baghdad_generic,borsa,buy,1482.5,iqborsa:bare_buy_sell,https://t.me/iqborsa/6167
iqborsa,2025-03-08,12:49:57,6173,baghdad_generic,borsa,sell,1487.5,iqborsa:bare_buy_sell,https://t.me/iqborsa/6173
iqborsa,2025-03-08,12:49:57,6173,baghdad_generic,borsa,buy,1484.0,iqborsa:bare_buy_sell,https://t.me/iqborsa/6173
iqborsa,2025-03-08,15:58:18,6175,baghdad_generic,borsa,sell,1487.0,iqborsa:bare_buy_sell,https://t.me/iqborsa/6175
iqborsa,2025-03-08,15:58:18,6175,baghdad_generic,borsa,buy,1483.0,iqborsa:bare_buy_sell,https://t.me/iqborsa/6175
iqborsa,2025-03-08,17:39:00,6177,baghdad_generic,borsa,sell,1486.5,iqborsa:bare_buy_sell,https://t.me/iqborsa/6177
iqborsa,2025-03-08,17:39:00,6177,baghdad_generic,borsa,buy,1483.0,iqborsa:bare_buy_sell,https://t.me/iqborsa/6177
iqborsa,2025-03-09,13:57:56,6180,baghdad_generic,borsa,sell,1486.0,iqborsa:bare_buy_sell,https://t.me/iqborsa/6180
iqborsa,2025-03-09,13:57:56,6180,baghdad_generic,borsa,buy,1483.0,iqborsa:bare_buy_sell,https://t.me/iqborsa/6180
iqborsa,2025-03-09,16:39:23,6183,baghdad_generic,borsa,sell,1485.0,iqborsa:bare_buy_sell,https://t.me/iqborsa/6183
iqborsa,2025-03-09,16:39:23,6183,baghdad_generic,borsa,buy,1482.5,iqborsa:bare_buy_sell,https://t.me/iqborsa/6183
iqborsa,2025-03-10,14:13:56,6187,baghdad_generic,borsa,sell,1486.5,iqborsa:bare_buy_sell,https://t.me/iqborsa/6187
iqborsa,2025-03-10,14:13:56,6187,baghdad_generic,borsa,buy,1483.0,iqborsa:bare_buy_sell,https://t.me/iqborsa/6187
iqborsa,2025-03-10,16:04:20,6189,baghdad_generic,borsa,sell,1485.0,iqborsa:bare_buy_sell,https://t.me/iqborsa/6189
iqborsa,2025-03-10,16:04:20,6189,baghdad_generic,borsa,buy,1481.0,iqborsa:bare_buy_sell,https://t.me/iqborsa/6189
iqborsa,2025-03-10,21:09:08,6191,baghdad_generic,borsa,sell,1485.0,iqborsa:bare_buy_sell,https://t.me/iqborsa/6191
iqborsa,2025-03-10,21:09:08,6191,baghdad_generic,borsa,buy,1482.5,iqborsa:bare_buy_sell,https://t.me/iqborsa/6191
iqborsa,2025-03-11,10:38:22,6196,baghdad_generic,borsa,sell,1484.0,iqborsa:bare_buy_sell,https://t.me/iqborsa/6196
iqborsa,2025-03-11,10:38:22,6196,baghdad_generic,borsa,buy,1480.0,iqborsa:bare_buy_sell,https://t.me/iqborsa/6196
iqborsa,2025-03-11,17:44:42,6197,baghdad_generic,borsa,sell,1482.5,iqborsa:bare_buy_sell,https://t.me/iqborsa/6197
iqborsa,2025-03-11,17:44:42,6197,baghdad_generic,borsa,buy,1478.0,iqborsa:bare_buy_sell,https://t.me/iqborsa/6197
iqborsa,2025-03-12,14:10:25,6199,baghdad_generic,borsa,sell,1480.0,iqborsa:bare_buy_sell,https://t.me/iqborsa/6199
iqborsa,2025-03-12,14:10:25,6199,baghdad_generic,borsa,buy,1476.0,iqborsa:bare_buy_sell,https://t.me/iqborsa/6199
iqborsa,2025-03-12,19:04:22,6200,baghdad_generic,borsa,sell,1481.0,iqborsa:bare_buy_sell,https://t.me/iqborsa/6200
iqborsa,2025-03-12,19:04:22,6200,baghdad_generic,borsa,buy,1478.0,iqborsa:bare_buy_sell,https://t.me/iqborsa/6200
iqborsa,2025-03-13,10:56:48,6202,baghdad_generic,borsa,sell,1481.5,iqborsa:bare_buy_sell,https://t.me/iqborsa/6202
iqborsa,2025-03-13,10:56:48,6202,baghdad_generic,borsa,buy,1478.5,iqborsa:bare_buy_sell,https://t.me/iqborsa/6202
iqborsa,2025-03-13,12:25:35,6204,baghdad_generic,borsa,sell,1482.0,iqborsa:bare_buy_sell,https://t.me/iqborsa/6204
iqborsa,2025-03-13,12:25:35,6204,baghdad_generic,borsa,buy,1479.0,iqborsa:bare_buy_sell,https://t.me/iqborsa/6204
iqborsa,2025-03-13,18:33:03,6206,baghdad_generic,borsa,sell,1485.0,iqborsa:bare_buy_sell,https://t.me/iqborsa/6206
iqborsa,2025-03-13,18:33:03,6206,baghdad_generic,borsa,buy,1482.5,iqborsa:bare_buy_sell,https://t.me/iqborsa/6206
iqborsa,2025-03-14,13:50:58,6209,baghdad_generic,borsa,sell,1485.0,iqborsa:bare_buy_sell,https://t.me/iqborsa/6209
iqborsa,2025-03-14,13:50:58,6209,baghdad_generic,borsa,buy,1480.0,iqborsa:bare_buy_sell,https://t.me/iqborsa/6209
iqborsa,2025-03-14,21:14:41,6211,baghdad_generic,borsa,sell,1484.0,iqborsa:bare_buy_sell,https://t.me/iqborsa/6211
iqborsa,2025-03-14,21:14:41,6211,baghdad_generic,borsa,buy,1480.0,iqborsa:bare_buy_sell,https://t.me/iqborsa/6211
iqborsa,2025-03-15,16:30:03,6218,baghdad_generic,borsa,sell,1481.0,iqborsa:bare_buy_sell,https://t.me/iqborsa/6218
iqborsa,2025-03-15,16:30:03,6218,baghdad_generic,borsa,buy,1477.5,iqborsa:bare_buy_sell,https://t.me/iqborsa/6218
iqborsa,2025-03-15,22:32:21,6220,baghdad_generic,borsa,sell,1481.0,iqborsa:bare_buy_sell,https://t.me/iqborsa/6220
iqborsa,2025-03-15,22:32:21,6220,baghdad_generic,borsa,buy,1478.0,iqborsa:bare_buy_sell,https://t.me/iqborsa/6220
iqborsa,2025-03-16,14:32:41,6223,baghdad_generic,borsa,sell,1482.0,iqborsa:bare_buy_sell,https://t.me/iqborsa/6223
iqborsa,2025-03-16,14:32:41,6223,baghdad_generic,borsa,buy,1479.0,iqborsa:bare_buy_sell,https://t.me/iqborsa/6223
iqborsa,2025-03-16,21:31:21,6226,baghdad_generic,borsa,sell,1481.0,iqborsa:bare_buy_sell,https://t.me/iqborsa/6226
iqborsa,2025-03-16,21:31:21,6226,baghdad_generic,borsa,buy,1478.0,iqborsa:bare_buy_sell,https://t.me/iqborsa/6226
iqborsa,2025-03-17,10:03:22,6230,baghdad_generic,borsa,sell,1481.0,iqborsa:bare_buy_sell,https://t.me/iqborsa/6230
iqborsa,2025-03-17,10:03:22,6230,baghdad_generic,borsa,buy,1478.0,iqborsa:bare_buy_sell,https://t.me/iqborsa/6230
iqborsa,2025-03-17,13:59:27,6232,baghdad_generic,borsa,sell,1480.0,iqborsa:bare_buy_sell,https://t.me/iqborsa/6232
iqborsa,2025-03-17,13:59:27,6232,baghdad_generic,borsa,buy,1477.5,iqborsa:bare_buy_sell,https://t.me/iqborsa/6232
iqborsa,2025-03-17,16:22:38,6234,baghdad_generic,borsa,sell,1479.0,iqborsa:bare_buy_sell,https://t.me/iqborsa/6234
iqborsa,2025-03-17,16:22:38,6234,baghdad_generic,borsa,buy,1475.0,iqborsa:bare_buy_sell,https://t.me/iqborsa/6234
iqborsa,2025-03-18,10:58:33,6237,baghdad_generic,borsa,sell,1475.0,iqborsa:bare_buy_sell,https://t.me/iqborsa/6237
iqborsa,2025-03-18,10:58:33,6237,baghdad_generic,borsa,buy,1470.0,iqborsa:bare_buy_sell,https://t.me/iqborsa/6237
iqborsa,2025-03-18,14:51:42,6238,baghdad_generic,borsa,sell,1472.5,iqborsa:bare_buy_sell,https://t.me/iqborsa/6238
iqborsa,2025-03-18,14:51:42,6238,baghdad_generic,borsa,buy,1472.5,iqborsa:bare_buy_sell,https://t.me/iqborsa/6238
iqborsa,2025-03-19,09:51:36,6241,baghdad_generic,borsa,sell,1477.0,iqborsa:bare_buy_sell,https://t.me/iqborsa/6241
iqborsa,2025-03-19,09:51:36,6241,baghdad_generic,borsa,buy,1474.0,iqborsa:bare_buy_sell,https://t.me/iqborsa/6241
iqborsa,2025-03-19,15:07:15,6243,baghdad_generic,borsa,sell,1477.5,iqborsa:bare_buy_sell,https://t.me/iqborsa/6243
iqborsa,2025-03-19,15:07:15,6243,baghdad_generic,borsa,buy,1475.0,iqborsa:bare_buy_sell,https://t.me/iqborsa/6243
iqborsa,2025-03-19,20:05:15,6245,baghdad_generic,borsa,sell,1475.0,iqborsa:bare_buy_sell,https://t.me/iqborsa/6245
iqborsa,2025-03-19,20:05:15,6245,baghdad_generic,borsa,buy,1472.5,iqborsa:bare_buy_sell,https://t.me/iqborsa/6245
iqborsa,2025-03-20,11:08:05,6248,baghdad_generic,borsa,sell,1476.0,iqborsa:bare_buy_sell,https://t.me/iqborsa/6248
iqborsa,2025-03-20,11:08:05,6248,baghdad_generic,borsa,buy,1473.0,iqborsa:bare_buy_sell,https://t.me/iqborsa/6248
iqborsa,2025-03-20,12:10:24,6249,baghdad_generic,borsa,sell,1475.0,iqborsa:bare_buy_sell,https://t.me/iqborsa/6249
iqborsa,2025-03-20,12:10:24,6249,baghdad_generic,borsa,buy,1471.0,iqborsa:bare_buy_sell,https://t.me/iqborsa/6249
iqborsa,2025-03-20,19:23:45,6251,baghdad_generic,borsa,sell,1475.0,iqborsa:bare_buy_sell,https://t.me/iqborsa/6251
iqborsa,2025-03-20,19:23:45,6251,baghdad_generic,borsa,buy,1472.5,iqborsa:bare_buy_sell,https://t.me/iqborsa/6251
iqborsa,2025-03-21,16:15:39,6264,baghdad_generic,borsa,sell,1475.0,iqborsa:bare_buy_sell,https://t.me/iqborsa/6264
iqborsa,2025-03-21,16:15:39,6264,baghdad_generic,borsa,buy,1472.5,iqborsa:bare_buy_sell,https://t.me/iqborsa/6264
iqborsa,2025-03-22,11:45:52,6267,baghdad_generic,borsa,sell,1475.5,iqborsa:bare_buy_sell,https://t.me/iqborsa/6267
iqborsa,2025-03-22,11:45:52,6267,baghdad_generic,borsa,buy,1472.0,iqborsa:bare_buy_sell,https://t.me/iqborsa/6267
iqborsa,2025-03-22,15:16:31,6269,baghdad_generic,borsa,sell,1474.0,iqborsa:bare_buy_sell,https://t.me/iqborsa/6269
iqborsa,2025-03-22,15:16:31,6269,baghdad_generic,borsa,buy,1471.0,iqborsa:bare_buy_sell,https://t.me/iqborsa/6269
iqborsa,2025-03-23,15:22:13,6271,baghdad_generic,borsa,sell,1474.0,iqborsa:bare_buy_sell,https://t.me/iqborsa/6271
iqborsa,2025-03-23,15:22:13,6271,baghdad_generic,borsa,buy,1471.0,iqborsa:bare_buy_sell,https://t.me/iqborsa/6271
iqborsa,2025-03-24,12:34:04,6276,baghdad_generic,borsa,sell,1472.0,iqborsa:bare_buy_sell,https://t.me/iqborsa/6276
iqborsa,2025-03-24,12:34:04,6276,baghdad_generic,borsa,buy,1468.0,iqborsa:bare_buy_sell,https://t.me/iqborsa/6276
iqborsa,2025-03-24,15:51:47,6280,baghdad_generic,borsa,sell,1472.5,iqborsa:bare_buy_sell,https://t.me/iqborsa/6280
iqborsa,2025-03-24,15:51:47,6280,baghdad_generic,borsa,buy,1468.5,iqborsa:bare_buy_sell,https://t.me/iqborsa/6280
iqborsa,2025-03-25,12:19:57,6283,baghdad_generic,borsa,sell,1470.0,iqborsa:bare_buy_sell,https://t.me/iqborsa/6283
iqborsa,2025-03-25,12:19:57,6283,baghdad_generic,borsa,buy,1467.5,iqborsa:bare_buy_sell,https://t.me/iqborsa/6283
iqborsa,2025-03-25,19:26:10,6288,baghdad_generic,borsa,sell,1472.0,iqborsa:bare_buy_sell,https://t.me/iqborsa/6288
iqborsa,2025-03-25,19:26:10,6288,baghdad_generic,borsa,buy,1468.0,iqborsa:bare_buy_sell,https://t.me/iqborsa/6288
iqborsa,2025-03-25,21:13:55,6291,baghdad_generic,borsa,sell,1472.0,iqborsa:bare_buy_sell,https://t.me/iqborsa/6291
iqborsa,2025-03-25,21:13:55,6291,baghdad_generic,borsa,buy,1469.0,iqborsa:bare_buy_sell,https://t.me/iqborsa/6291
iqborsa,2025-03-26,11:58:44,6304,baghdad_generic,borsa,unknown,1472.0,iqborsa:city_line,https://t.me/iqborsa/6304
iqborsa,2025-03-26,12:31:43,6306,baghdad_generic,borsa,unknown,1473.0,iqborsa:city_line,https://t.me/iqborsa/6306
iqborsa,2025-03-26,13:45:13,6308,baghdad_generic,borsa,unknown,1473.5,iqborsa:city_line,https://t.me/iqborsa/6308
iqborsa,2025-03-26,14:33:16,6311,baghdad_generic,borsa,unknown,1475.0,iqborsa:city_line,https://t.me/iqborsa/6311
iqborsa,2025-03-26,21:14:59,6316,baghdad_generic,borsa,unknown,1472.5,iqborsa:city_line,https://t.me/iqborsa/6316
iqborsa,2025-03-27,11:55:44,6320,baghdad_generic,borsa,unknown,1474.0,iqborsa:city_line,https://t.me/iqborsa/6320
iqborsa,2025-03-27,15:41:27,6325,baghdad_generic,borsa,unknown,1474.5,iqborsa:city_line,https://t.me/iqborsa/6325
iqborsa,2025-03-27,21:19:11,6330,baghdad_generic,borsa,unknown,1474.0,iqborsa:city_line,https://t.me/iqborsa/6330
iqborsa,2025-03-27,22:26:53,6333,baghdad_generic,borsa,unknown,1472.5,iqborsa:city_line,https://t.me/iqborsa/6333
iqborsa,2025-03-28,14:53:04,6335,baghdad_generic,borsa,unknown,1472.0,iqborsa:city_line,https://t.me/iqborsa/6335
iqborsa,2025-03-28,21:42:39,6338,baghdad_generic,borsa,unknown,1475.0,iqborsa:city_line,https://t.me/iqborsa/6338
iqborsa,2025-03-29,14:48:19,6340,baghdad_generic,borsa,unknown,1477.0,iqborsa:city_line,https://t.me/iqborsa/6340
iqborsa,2025-03-30,12:28:27,6345,baghdad_generic,borsa,unknown,1477.5,iqborsa:city_line,https://t.me/iqborsa/6345
iqborsa,2025-04-03,12:43:09,6369,baghdad_generic,borsa,unknown,1477.5,iqborsa:dollar_label,https://t.me/iqborsa/6369
iqborsa,2025-04-03,18:34:49,6372,baghdad_generic,borsa,unknown,1477.0,iqborsa:dollar_label,https://t.me/iqborsa/6372
iqborsa,2025-04-03,22:28:24,6373,baghdad_generic,borsa,unknown,1477.5,iqborsa:dollar_label,https://t.me/iqborsa/6373
iqborsa,2025-04-04,10:05:52,6376,baghdad_generic,borsa,unknown,1477.5,iqborsa:dollar_label,https://t.me/iqborsa/6376
iqborsa,2025-04-04,13:17:33,6378,baghdad_generic,borsa,unknown,1477.0,iqborsa:dollar_label,https://t.me/iqborsa/6378
iqborsa,2025-04-04,16:16:19,6381,baghdad_generic,borsa,unknown,1477.5,iqborsa:dollar_label,https://t.me/iqborsa/6381
iqborsa,2025-04-04,17:19:51,6387,baghdad_generic,borsa,unknown,1477.0,iqborsa:dollar_label,https://t.me/iqborsa/6387
iqborsa,2025-04-04,19:36:52,6392,baghdad_generic,borsa,unknown,1477.5,iqborsa:dollar_label,https://t.me/iqborsa/6392
iqborsa,2025-04-04,19:56:53,6394,baghdad_generic,borsa,unknown,1477.0,iqborsa:dollar_label,https://t.me/iqborsa/6394
iqborsa,2025-04-06,18:32:37,6423,baghdad_generic,borsa,unknown,1477.5,iqborsa:dollar_label,https://t.me/iqborsa/6423
iqborsa,2025-04-06,19:06:23,6426,baghdad_generic,borsa,unknown,1477.0,iqborsa:dollar_label,https://t.me/iqborsa/6426
iqborsa,2025-04-06,22:02:42,6429,baghdad_generic,borsa,unknown,1477.5,iqborsa:dollar_label,https://t.me/iqborsa/6429
iqborsa,2025-04-07,13:02:05,6446,baghdad_generic,borsa,unknown,1482.5,iqborsa:dollar_label,https://t.me/iqborsa/6446
iqborsa,2025-04-07,14:17:35,6447,baghdad_generic,borsa,unknown,1483.5,iqborsa:dollar_label,https://t.me/iqborsa/6447
iqborsa,2025-04-07,20:03:20,6449,baghdad_generic,borsa,unknown,1482.0,iqborsa:dollar_label,https://t.me/iqborsa/6449
iqborsa,2025-04-08,12:43:40,6454,baghdad_generic,borsa,unknown,1480.0,iqborsa:dollar_label,https://t.me/iqborsa/6454
iqborsa,2025-04-08,13:59:53,6457,baghdad_generic,borsa,unknown,1482.0,iqborsa:dollar_label,https://t.me/iqborsa/6457
iqborsa,2025-04-08,15:04:03,6459,baghdad_generic,borsa,unknown,1480.0,iqborsa:dollar_label,https://t.me/iqborsa/6459
iqborsa,2025-04-09,01:49:00,6466,baghdad_generic,borsa,unknown,1480.0,iqborsa:dollar_label,https://t.me/iqborsa/6466
iqborsa,2025-04-09,11:09:39,6470,baghdad_generic,borsa,unknown,1479.0,iqborsa:dollar_label,https://t.me/iqborsa/6470
iqborsa,2025-04-09,13:49:35,6476,baghdad_generic,borsa,unknown,1477.5,iqborsa:dollar_label,https://t.me/iqborsa/6476
iqborsa,2025-04-09,16:05:49,6477,baghdad_generic,borsa,unknown,1477.0,iqborsa:dollar_label,https://t.me/iqborsa/6477
iqborsa,2025-04-09,19:49:52,6481,baghdad_generic,borsa,unknown,1477.5,iqborsa:dollar_label,https://t.me/iqborsa/6481
iqborsa,2025-04-10,12:52:01,6484,baghdad_generic,borsa,unknown,1480.0,iqborsa:dollar_label,https://t.me/iqborsa/6484
iqborsa,2025-04-10,16:35:57,6486,baghdad_generic,borsa,unknown,1482.0,iqborsa:dollar_label,https://t.me/iqborsa/6486
iqborsa,2025-04-10,22:15:42,6488,baghdad_generic,borsa,unknown,1482.0,iqborsa:dollar_label,https://t.me/iqborsa/6488
iqborsa,2025-04-11,13:43:45,6491,baghdad_generic,borsa,unknown,1482.0,iqborsa:dollar_label,https://t.me/iqborsa/6491
iqborsa,2025-04-11,18:12:59,6494,baghdad_generic,borsa,unknown,1481.0,iqborsa:dollar_label,https://t.me/iqborsa/6494
iqborsa,2025-04-12,13:44:53,6496,baghdad_generic,borsa,unknown,1477.5,iqborsa:dollar_label,https://t.me/iqborsa/6496
iqborsa,2025-04-12,19:43:17,6498,baghdad_generic,borsa,unknown,1477.5,iqborsa:dollar_label,https://t.me/iqborsa/6498
iqborsa,2025-04-13,09:22:18,6500,baghdad_generic,borsa,unknown,1476.5,iqborsa:dollar_label,https://t.me/iqborsa/6500
iqborsa,2025-04-13,12:14:23,6502,baghdad_generic,borsa,unknown,1477.5,iqborsa:dollar_label,https://t.me/iqborsa/6502
iqborsa,2025-04-13,14:45:52,6505,baghdad_generic,borsa,unknown,1475.0,iqborsa:dollar_label,https://t.me/iqborsa/6505
iqborsa,2025-04-13,15:15:24,6506,baghdad_generic,borsa,unknown,1477.5,iqborsa:dollar_label,https://t.me/iqborsa/6506
iqborsa,2025-04-13,21:04:26,6508,baghdad_generic,borsa,unknown,1477.0,iqborsa:dollar_label,https://t.me/iqborsa/6508
iqborsa,2025-04-14,09:42:56,6510,baghdad_generic,borsa,unknown,1475.0,iqborsa:dollar_label,https://t.me/iqborsa/6510
iqborsa,2025-04-14,16:56:49,6512,baghdad_generic,borsa,unknown,1476.0,iqborsa:dollar_label,https://t.me/iqborsa/6512
iqborsa,2025-04-14,20:06:33,6514,baghdad_generic,borsa,unknown,1475.0,iqborsa:dollar_label,https://t.me/iqborsa/6514
iqborsa,2025-04-15,10:36:49,6518,baghdad_generic,borsa,unknown,1475.0,iqborsa:dollar_label,https://t.me/iqborsa/6518
iqborsa,2025-04-15,13:16:59,6520,baghdad_generic,borsa,unknown,1475.5,iqborsa:dollar_label,https://t.me/iqborsa/6520
iqborsa,2025-04-15,16:15:57,6522,baghdad_generic,borsa,unknown,1472.5,iqborsa:dollar_label,https://t.me/iqborsa/6522
iqborsa,2025-04-15,20:22:23,6524,baghdad_generic,borsa,unknown,1472.0,iqborsa:dollar_label,https://t.me/iqborsa/6524
iqborsa,2025-04-16,12:20:06,6528,baghdad_generic,borsa,unknown,1471.0,iqborsa:dollar_label,https://t.me/iqborsa/6528
iqborsa,2025-04-16,13:33:04,6530,baghdad_generic,borsa,unknown,1470.0,iqborsa:dollar_label,https://t.me/iqborsa/6530
iqborsa,2025-04-16,16:34:06,6531,baghdad_generic,borsa,unknown,1472.0,iqborsa:dollar_label,https://t.me/iqborsa/6531
iqborsa,2025-04-16,19:39:29,6535,baghdad_generic,borsa,unknown,1470.0,iqborsa:dollar_label,https://t.me/iqborsa/6535
iqborsa,2025-04-17,09:56:13,6538,baghdad_generic,borsa,unknown,1471.5,iqborsa:dollar_label,https://t.me/iqborsa/6538
iqborsa,2025-04-17,13:05:26,6542,baghdad_generic,borsa,unknown,1472.5,iqborsa:dollar_label,https://t.me/iqborsa/6542
iqborsa,2025-04-17,19:33:40,6545,baghdad_generic,borsa,unknown,1472.0,iqborsa:dollar_label,https://t.me/iqborsa/6545
iqborsa,2025-04-18,14:44:21,6549,baghdad_generic,borsa,unknown,1472.0,iqborsa:dollar_label,https://t.me/iqborsa/6549
iqborsa,2025-04-18,21:16:06,6551,baghdad_generic,borsa,unknown,1471.0,iqborsa:dollar_label,https://t.me/iqborsa/6551
iqborsa,2025-04-19,10:51:00,6554,baghdad_generic,borsa,unknown,1472.0,iqborsa:dollar_label,https://t.me/iqborsa/6554
iqborsa,2025-04-19,12:43:37,6557,baghdad_generic,borsa,unknown,1467.5,iqborsa:dollar_label,https://t.me/iqborsa/6557
iqborsa,2025-04-19,14:13:15,6562,baghdad_generic,borsa,unknown,1470.0,iqborsa:dollar_label,https://t.me/iqborsa/6562
iqborsa,2025-04-19,15:37:39,6564,baghdad_generic,borsa,unknown,1470.0,iqborsa:dollar_label,https://t.me/iqborsa/6564
iqborsa,2025-04-19,19:16:48,6565,baghdad_generic,borsa,unknown,1469.0,iqborsa:dollar_label,https://t.me/iqborsa/6565
iqborsa,2025-04-20,11:27:31,6568,baghdad_generic,borsa,unknown,1467.5,iqborsa:dollar_label,https://t.me/iqborsa/6568
iqborsa,2025-04-20,13:27:43,6570,baghdad_generic,borsa,unknown,1466.0,iqborsa:dollar_label,https://t.me/iqborsa/6570
iqborsa,2025-04-20,16:52:46,6572,baghdad_generic,borsa,unknown,1466.0,iqborsa:dollar_label,https://t.me/iqborsa/6572
iqborsa,2025-04-20,20:47:46,6574,baghdad_generic,borsa,unknown,1466.0,iqborsa:dollar_label,https://t.me/iqborsa/6574
iqborsa,2025-04-21,11:46:25,6576,baghdad_generic,borsa,unknown,1466.0,iqborsa:dollar_label,https://t.me/iqborsa/6576
iqborsa,2025-04-21,12:04:57,6579,baghdad_generic,borsa,unknown,1466.5,iqborsa:dollar_label,https://t.me/iqborsa/6579
iqborsa,2025-04-21,13:45:38,6581,baghdad_generic,borsa,unknown,1465.0,iqborsa:dollar_label,https://t.me/iqborsa/6581
iqborsa,2025-04-21,14:27:38,6583,baghdad_generic,borsa,unknown,1464.0,iqborsa:dollar_label,https://t.me/iqborsa/6583
iqborsa,2025-04-21,14:53:03,6585,baghdad_generic,borsa,unknown,1460.0,iqborsa:dollar_label,https://t.me/iqborsa/6585
iqborsa,2025-04-21,19:04:01,6591,baghdad_generic,borsa,unknown,1460.0,iqborsa:dollar_label,https://t.me/iqborsa/6591
iqborsa,2025-04-22,10:02:50,6596,baghdad_generic,borsa,unknown,1457.5,iqborsa:dollar_label,https://t.me/iqborsa/6596
iqborsa,2025-04-22,10:26:33,6597,baghdad_generic,borsa,unknown,1460.0,iqborsa:dollar_label,https://t.me/iqborsa/6597
iqborsa,2025-04-22,16:48:19,6602,baghdad_generic,borsa,unknown,1457.0,iqborsa:dollar_label,https://t.me/iqborsa/6602
iqborsa,2025-04-22,19:53:51,6605,baghdad_generic,borsa,unknown,1457.0,iqborsa:dollar_label,https://t.me/iqborsa/6605
iqborsa,2025-04-22,21:10:39,6609,baghdad_generic,borsa,unknown,1457.5,iqborsa:dollar_label,https://t.me/iqborsa/6609
iqborsa,2025-04-23,14:04:22,6612,baghdad_generic,borsa,unknown,1457.5,iqborsa:dollar_label,https://t.me/iqborsa/6612
iqborsa,2025-04-23,14:30:49,6615,baghdad_generic,borsa,unknown,1455.5,iqborsa:dollar_label,https://t.me/iqborsa/6615
iqborsa,2025-04-23,18:06:36,6619,baghdad_generic,borsa,unknown,1456.0,iqborsa:dollar_label,https://t.me/iqborsa/6619
iqborsa,2025-04-23,19:43:06,6621,baghdad_generic,borsa,unknown,1455.0,iqborsa:dollar_label,https://t.me/iqborsa/6621
iqborsa,2025-04-24,10:49:05,6624,baghdad_generic,borsa,unknown,1450.0,iqborsa:dollar_label,https://t.me/iqborsa/6624
iqborsa,2025-04-24,11:19:25,6625,baghdad_generic,borsa,unknown,1449.5,iqborsa:dollar_label,https://t.me/iqborsa/6625
iqborsa,2025-04-24,18:24:16,6628,baghdad_generic,borsa,unknown,1448.5,iqborsa:dollar_label,https://t.me/iqborsa/6628
iqborsa,2025-04-24,21:16:15,6632,baghdad_generic,borsa,unknown,1446.5,iqborsa:dollar_label,https://t.me/iqborsa/6632
iqborsa,2025-04-25,13:52:56,6637,baghdad_generic,borsa,unknown,1444.5,iqborsa:dollar_label,https://t.me/iqborsa/6637
iqborsa,2025-04-25,16:54:58,6639,baghdad_generic,borsa,unknown,1444.0,iqborsa:dollar_label,https://t.me/iqborsa/6639
iqborsa,2025-04-25,19:32:20,6641,baghdad_generic,borsa,unknown,1442.0,iqborsa:dollar_label,https://t.me/iqborsa/6641
iqborsa,2025-04-26,13:59:08,6644,baghdad_generic,borsa,unknown,1442.5,iqborsa:dollar_label,https://t.me/iqborsa/6644
iqborsa,2025-04-26,15:21:30,6645,baghdad_generic,borsa,unknown,1443.5,iqborsa:dollar_label,https://t.me/iqborsa/6645
iqborsa,2025-04-26,15:36:39,6647,baghdad_generic,borsa,unknown,1440.0,iqborsa:dollar_label,https://t.me/iqborsa/6647
iqborsa,2025-04-26,15:50:13,6648,baghdad_generic,borsa,unknown,1442.5,iqborsa:dollar_label,https://t.me/iqborsa/6648
iqborsa,2025-04-26,20:56:24,6650,baghdad_generic,borsa,unknown,1445.5,iqborsa:dollar_label,https://t.me/iqborsa/6650
iqborsa,2025-04-27,09:13:48,6653,baghdad_generic,borsa,unknown,1447.5,iqborsa:dollar_label,https://t.me/iqborsa/6653
iqborsa,2025-04-27,12:14:36,6654,baghdad_generic,borsa,unknown,1445.0,iqborsa:dollar_label,https://t.me/iqborsa/6654
iqborsa,2025-04-27,14:51:47,6656,baghdad_generic,borsa,unknown,1450.0,iqborsa:dollar_label,https://t.me/iqborsa/6656
iqborsa,2025-04-27,19:17:21,6657,baghdad_generic,borsa,unknown,1455.0,iqborsa:dollar_label,https://t.me/iqborsa/6657
iqborsa,2025-04-27,21:03:22,6658,baghdad_generic,borsa,unknown,1457.0,iqborsa:dollar_label,https://t.me/iqborsa/6658
iqborsa,2025-04-28,12:11:07,6661,baghdad_generic,borsa,unknown,1454.0,iqborsa:dollar_label,https://t.me/iqborsa/6661
iqborsa,2025-04-28,13:40:54,6662,baghdad_generic,borsa,unknown,1452.5,iqborsa:dollar_label,https://t.me/iqborsa/6662
iqborsa,2025-04-28,15:01:53,6663,baghdad_generic,borsa,unknown,1450.0,iqborsa:dollar_label,https://t.me/iqborsa/6663
iqborsa,2025-04-28,17:03:31,6664,baghdad_generic,borsa,unknown,1447.5,iqborsa:dollar_label,https://t.me/iqborsa/6664
iqborsa,2025-04-29,12:10:29,6667,baghdad_generic,borsa,unknown,1447.5,iqborsa:dollar_label,https://t.me/iqborsa/6667
iqborsa,2025-04-29,14:04:03,6668,baghdad_generic,borsa,unknown,1450.0,iqborsa:dollar_label,https://t.me/iqborsa/6668
iqborsa,2025-04-29,17:25:43,6670,baghdad_generic,borsa,unknown,1447.5,iqborsa:dollar_label,https://t.me/iqborsa/6670
iqborsa,2025-04-29,20:14:10,6672,baghdad_generic,borsa,unknown,1447.5,iqborsa:dollar_label,https://t.me/iqborsa/6672
iqborsa,2025-04-30,12:44:59,6676,baghdad_generic,borsa,unknown,1449.0,iqborsa:dollar_label,https://t.me/iqborsa/6676
iqborsa,2025-04-30,15:51:42,6678,baghdad_generic,borsa,unknown,1447.5,iqborsa:dollar_label,https://t.me/iqborsa/6678
iqborsa,2025-04-30,20:38:00,6680,baghdad_generic,borsa,unknown,1448.0,iqborsa:dollar_label,https://t.me/iqborsa/6680
iqborsa,2025-05-01,12:47:48,6684,baghdad_generic,borsa,unknown,1440.0,iqborsa:dollar_label,https://t.me/iqborsa/6684
iqborsa,2025-05-01,12:52:01,6685,baghdad_generic,borsa,unknown,1445.5,iqborsa:dollar_label,https://t.me/iqborsa/6685
iqborsa,2025-05-01,17:25:14,6691,baghdad_generic,borsa,unknown,1446.0,iqborsa:dollar_label,https://t.me/iqborsa/6691
iqborsa,2025-05-02,11:45:08,6698,baghdad_generic,borsa,unknown,1447.5,iqborsa:dollar_label,https://t.me/iqborsa/6698
iqborsa,2025-05-02,12:54:25,6703,baghdad_generic,borsa,unknown,1447.0,iqborsa:dollar_label,https://t.me/iqborsa/6703
iqborsa,2025-05-02,17:40:55,6705,baghdad_generic,borsa,unknown,1447.0,iqborsa:dollar_label,https://t.me/iqborsa/6705
iqborsa,2025-05-03,12:55:57,6708,baghdad_generic,borsa,unknown,1447.0,iqborsa:dollar_label,https://t.me/iqborsa/6708
iqborsa,2025-05-03,15:37:54,6711,baghdad_generic,borsa,unknown,1447.5,iqborsa:dollar_label,https://t.me/iqborsa/6711
iqborsa,2025-05-03,20:49:13,6716,baghdad_generic,borsa,unknown,1446.5,iqborsa:dollar_label,https://t.me/iqborsa/6716
iqborsa,2025-05-04,12:08:28,6720,baghdad_generic,borsa,unknown,1446.5,iqborsa:dollar_label,https://t.me/iqborsa/6720
iqborsa,2025-05-04,15:21:39,6722,baghdad_generic,borsa,unknown,1444.5,iqborsa:dollar_label,https://t.me/iqborsa/6722
iqborsa,2025-05-04,16:11:31,6725,baghdad_generic,borsa,unknown,1444.0,iqborsa:dollar_label,https://t.me/iqborsa/6725
iqborsa,2025-05-04,18:28:30,6727,baghdad_generic,borsa,unknown,1444.5,iqborsa:dollar_label,https://t.me/iqborsa/6727
iqborsa,2025-05-05,12:41:42,6731,baghdad_generic,borsa,unknown,1440.0,iqborsa:dollar_label,https://t.me/iqborsa/6731
iqborsa,2025-05-05,14:57:22,6735,baghdad_generic,borsa,unknown,1440.0,iqborsa:dollar_label,https://t.me/iqborsa/6735
iqborsa,2025-05-05,19:42:13,6738,baghdad_generic,borsa,unknown,1440.0,iqborsa:dollar_label,https://t.me/iqborsa/6738
iqborsa,2025-05-06,13:07:09,6740,baghdad_generic,borsa,unknown,1440.0,iqborsa:dollar_label,https://t.me/iqborsa/6740
iqborsa,2025-05-06,14:37:06,6741,baghdad_generic,borsa,unknown,1439.5,iqborsa:dollar_label,https://t.me/iqborsa/6741
iqborsa,2025-05-06,17:57:27,6743,baghdad_generic,borsa,unknown,1438.5,iqborsa:dollar_label,https://t.me/iqborsa/6743
iqborsa,2025-05-06,20:15:44,6747,baghdad_generic,borsa,unknown,1438.0,iqborsa:dollar_label,https://t.me/iqborsa/6747
iqborsa,2025-05-07,11:18:08,6749,baghdad_generic,borsa,unknown,1432.0,iqborsa:dollar_label,https://t.me/iqborsa/6749
iqborsa,2025-05-07,13:34:50,6751,baghdad_generic,borsa,unknown,1422.0,iqborsa:dollar_label,https://t.me/iqborsa/6751
iqborsa,2025-05-07,16:36:05,6754,baghdad_generic,borsa,unknown,1423.5,iqborsa:dollar_label,https://t.me/iqborsa/6754
iqborsa,2025-05-08,14:03:33,6760,baghdad_generic,borsa,unknown,1425.0,iqborsa:dollar_label,https://t.me/iqborsa/6760
iqborsa,2025-05-08,15:29:35,6762,baghdad_generic,borsa,unknown,1429.0,iqborsa:dollar_label,https://t.me/iqborsa/6762
iqborsa,2025-05-08,19:40:01,6763,baghdad_generic,borsa,unknown,1430.0,iqborsa:dollar_label,https://t.me/iqborsa/6763
iqborsa,2025-05-09,12:46:55,6768,baghdad_generic,borsa,unknown,1430.0,iqborsa:dollar_label,https://t.me/iqborsa/6768
iqborsa,2025-05-09,13:15:59,6769,baghdad_generic,borsa,unknown,1428.5,iqborsa:dollar_label,https://t.me/iqborsa/6769
iqborsa,2025-05-09,16:48:54,6771,baghdad_generic,borsa,unknown,1425.0,iqborsa:dollar_label,https://t.me/iqborsa/6771
iqborsa,2025-05-10,11:25:13,6775,baghdad_generic,borsa,unknown,1424.5,iqborsa:dollar_label,https://t.me/iqborsa/6775
iqborsa,2025-05-10,16:21:16,6777,baghdad_generic,borsa,unknown,1422.5,iqborsa:dollar_label,https://t.me/iqborsa/6777
iqborsa,2025-05-10,18:24:38,6779,baghdad_generic,borsa,unknown,1422.0,iqborsa:dollar_label,https://t.me/iqborsa/6779
iqborsa,2025-05-10,21:05:22,6780,baghdad_generic,borsa,unknown,1421.0,iqborsa:dollar_label,https://t.me/iqborsa/6780
iqborsa,2025-05-11,10:13:30,6784,baghdad_generic,borsa,unknown,1418.5,iqborsa:dollar_label,https://t.me/iqborsa/6784
iqborsa,2025-05-11,10:34:11,6785,baghdad_generic,borsa,unknown,1422.0,iqborsa:dollar_label,https://t.me/iqborsa/6785
iqborsa,2025-05-11,13:11:51,6786,baghdad_generic,borsa,unknown,1423.5,iqborsa:dollar_label,https://t.me/iqborsa/6786
iqborsa,2025-05-11,15:53:10,6789,baghdad_generic,borsa,unknown,1427.0,iqborsa:dollar_label,https://t.me/iqborsa/6789
iqborsa,2025-05-11,16:44:22,6791,baghdad_generic,borsa,unknown,1427.5,iqborsa:dollar_label,https://t.me/iqborsa/6791
iqborsa,2025-05-11,20:04:45,6793,baghdad_generic,borsa,unknown,1426.5,iqborsa:dollar_label,https://t.me/iqborsa/6793
iqborsa,2025-05-12,11:03:57,6796,baghdad_generic,borsa,unknown,1427.0,iqborsa:dollar_label,https://t.me/iqborsa/6796
iqborsa,2025-05-12,13:09:24,6798,baghdad_generic,borsa,unknown,1432.0,iqborsa:dollar_label,https://t.me/iqborsa/6798
iqborsa,2025-05-12,13:22:15,6799,baghdad_generic,borsa,unknown,1434.0,iqborsa:dollar_label,https://t.me/iqborsa/6799
iqborsa,2025-05-12,16:38:13,6801,baghdad_generic,borsa,unknown,1430.0,iqborsa:dollar_label,https://t.me/iqborsa/6801
iqborsa,2025-05-12,20:03:14,6804,baghdad_generic,borsa,unknown,1430.5,iqborsa:dollar_label,https://t.me/iqborsa/6804
iqborsa,2025-05-13,09:48:31,6805,baghdad_generic,borsa,unknown,1429.0,iqborsa:dollar_label,https://t.me/iqborsa/6805
iqborsa,2025-05-13,15:23:47,6807,baghdad_generic,borsa,unknown,1427.0,iqborsa:dollar_label,https://t.me/iqborsa/6807
iqborsa,2025-05-13,17:25:21,6808,baghdad_generic,borsa,unknown,1427.5,iqborsa:dollar_label,https://t.me/iqborsa/6808
iqborsa,2025-05-13,20:04:08,6811,baghdad_generic,borsa,unknown,1425.0,iqborsa:dollar_label,https://t.me/iqborsa/6811
iqborsa,2025-05-14,10:19:03,6814,baghdad_generic,borsa,unknown,1424.0,iqborsa:dollar_label,https://t.me/iqborsa/6814
iqborsa,2025-05-14,13:12:58,6815,baghdad_generic,borsa,unknown,1424.5,iqborsa:dollar_label,https://t.me/iqborsa/6815
iqborsa,2025-05-14,14:37:08,6817,baghdad_generic,borsa,unknown,1425.0,iqborsa:dollar_label,https://t.me/iqborsa/6817
iqborsa,2025-05-14,15:38:15,6819,baghdad_generic,borsa,unknown,1426.0,iqborsa:dollar_label,https://t.me/iqborsa/6819
iqborsa,2025-05-14,18:40:12,6822,baghdad_generic,borsa,unknown,1425.0,iqborsa:dollar_label,https://t.me/iqborsa/6822
iqborsa,2025-05-14,21:51:38,6825,baghdad_generic,borsa,unknown,1425.5,iqborsa:dollar_label,https://t.me/iqborsa/6825
iqborsa,2025-05-15,10:51:21,6829,baghdad_generic,borsa,unknown,1425.5,iqborsa:dollar_label,https://t.me/iqborsa/6829
iqborsa,2025-05-15,11:20:26,6831,baghdad_generic,borsa,unknown,1425.0,iqborsa:dollar_label,https://t.me/iqborsa/6831
iqborsa,2025-05-15,13:41:04,6834,baghdad_generic,borsa,unknown,1425.0,iqborsa:dollar_label,https://t.me/iqborsa/6834
iqborsa,2025-05-15,14:08:36,6837,baghdad_generic,borsa,unknown,1425.5,iqborsa:dollar_label,https://t.me/iqborsa/6837
iqborsa,2025-05-15,17:07:54,6838,baghdad_generic,borsa,unknown,1424.5,iqborsa:dollar_label,https://t.me/iqborsa/6838
iqborsa,2025-05-16,13:20:11,6842,baghdad_generic,borsa,unknown,1423.5,iqborsa:dollar_label,https://t.me/iqborsa/6842
iqborsa,2025-05-17,09:40:15,6848,baghdad_generic,borsa,unknown,1423.5,iqborsa:dollar_label,https://t.me/iqborsa/6848
iqborsa,2025-05-17,11:57:48,6850,baghdad_generic,borsa,unknown,1424.0,iqborsa:dollar_label,https://t.me/iqborsa/6850
iqborsa,2025-05-17,14:20:02,6856,baghdad_generic,borsa,unknown,1423.5,iqborsa:dollar_label,https://t.me/iqborsa/6856
iqborsa,2025-05-17,17:46:02,6857,baghdad_generic,borsa,unknown,1422.0,iqborsa:dollar_label,https://t.me/iqborsa/6857
iqborsa,2025-05-17,20:07:49,6862,baghdad_generic,borsa,unknown,1424.0,iqborsa:dollar_label,https://t.me/iqborsa/6862
iqborsa,2025-05-18,10:53:29,6865,baghdad_generic,borsa,unknown,1425.5,iqborsa:dollar_label,https://t.me/iqborsa/6865
iqborsa,2025-05-18,13:24:22,6867,baghdad_generic,borsa,unknown,1424.5,iqborsa:dollar_label,https://t.me/iqborsa/6867
iqborsa,2025-05-18,14:25:01,6869,baghdad_generic,borsa,unknown,1423.5,iqborsa:dollar_label,https://t.me/iqborsa/6869
iqborsa,2025-05-18,17:31:05,6871,baghdad_generic,borsa,unknown,1423.0,iqborsa:dollar_label,https://t.me/iqborsa/6871
iqborsa,2025-05-19,12:15:51,6877,baghdad_generic,borsa,unknown,1422.5,iqborsa:dollar_label,https://t.me/iqborsa/6877
iqborsa,2025-05-19,17:49:18,6878,baghdad_generic,borsa,unknown,1421.5,iqborsa:dollar_label,https://t.me/iqborsa/6878
iqborsa,2025-05-19,19:26:28,6880,baghdad_generic,borsa,unknown,1423.0,iqborsa:dollar_label,https://t.me/iqborsa/6880
iqborsa,2025-05-20,10:45:33,6887,baghdad_generic,borsa,unknown,1424.0,iqborsa:dollar_label,https://t.me/iqborsa/6887
iqborsa,2025-05-20,16:45:49,6889,baghdad_generic,borsa,unknown,1425.5,iqborsa:dollar_label,https://t.me/iqborsa/6889
iqborsa,2025-05-20,19:38:27,6891,baghdad_generic,borsa,unknown,1423.5,iqborsa:dollar_label,https://t.me/iqborsa/6891
iqborsa,2025-05-20,20:55:30,6892,baghdad_generic,borsa,unknown,1423.0,iqborsa:dollar_label,https://t.me/iqborsa/6892
iqborsa,2025-05-21,10:40:48,6896,baghdad_generic,borsa,unknown,1425.0,iqborsa:dollar_label,https://t.me/iqborsa/6896
iqborsa,2025-05-21,11:51:49,6898,baghdad_generic,borsa,unknown,1424.5,iqborsa:dollar_label,https://t.me/iqborsa/6898
iqborsa,2025-05-21,14:40:18,6901,baghdad_generic,borsa,unknown,1423.5,iqborsa:dollar_label,https://t.me/iqborsa/6901
iqborsa,2025-05-21,19:16:25,6904,baghdad_generic,borsa,unknown,1421.5,iqborsa:dollar_label,https://t.me/iqborsa/6904
iqborsa,2025-05-21,20:42:34,6906,baghdad_generic,borsa,unknown,1421.0,iqborsa:dollar_label,https://t.me/iqborsa/6906
iqborsa,2025-05-22,09:45:02,6912,baghdad_generic,borsa,unknown,1421.0,iqborsa:dollar_label,https://t.me/iqborsa/6912
iqborsa,2025-05-22,12:21:23,6913,baghdad_generic,borsa,unknown,1420.0,iqborsa:dollar_label,https://t.me/iqborsa/6913
iqborsa,2025-05-22,12:56:33,6915,baghdad_generic,borsa,unknown,1419.5,iqborsa:dollar_label,https://t.me/iqborsa/6915
iqborsa,2025-05-23,15:13:11,6919,baghdad_generic,borsa,unknown,1419.5,iqborsa:dollar_label,https://t.me/iqborsa/6919
iqborsa,2025-05-24,12:44:44,6923,baghdad_generic,borsa,unknown,1420.0,iqborsa:dollar_label,https://t.me/iqborsa/6923
iqborsa,2025-05-24,19:18:20,6924,baghdad_generic,borsa,unknown,1419.5,iqborsa:dollar_label,https://t.me/iqborsa/6924
iqborsa,2025-05-25,12:22:57,6925,baghdad_generic,borsa,unknown,1419.0,iqborsa:dollar_label,https://t.me/iqborsa/6925
iqborsa,2025-05-25,15:56:12,6928,baghdad_generic,borsa,unknown,1416.5,iqborsa:dollar_label,https://t.me/iqborsa/6928
iqborsa,2025-05-25,20:24:12,6932,baghdad_generic,borsa,unknown,1414.0,iqborsa:dollar_label,https://t.me/iqborsa/6932
iqborsa,2025-05-25,22:23:43,6933,baghdad_generic,borsa,unknown,1413.0,iqborsa:dollar_label,https://t.me/iqborsa/6933
iqborsa,2025-05-26,12:33:20,6935,baghdad_generic,borsa,unknown,1412.5,iqborsa:dollar_label,https://t.me/iqborsa/6935
iqborsa,2025-05-26,15:27:52,6936,baghdad_generic,borsa,unknown,1407.5,iqborsa:dollar_label,https://t.me/iqborsa/6936
iqborsa,2025-05-27,10:59:15,6944,baghdad_generic,borsa,unknown,1403.0,iqborsa:dollar_label,https://t.me/iqborsa/6944
iqborsa,2025-05-27,14:11:04,6947,baghdad_generic,borsa,unknown,1408.5,iqborsa:dollar_label,https://t.me/iqborsa/6947
iqborsa,2025-05-27,17:31:48,6951,baghdad_generic,borsa,unknown,1410.0,iqborsa:dollar_label,https://t.me/iqborsa/6951
iqborsa,2025-05-28,10:43:44,6954,baghdad_generic,borsa,unknown,1410.0,iqborsa:dollar_label,https://t.me/iqborsa/6954
iqborsa,2025-05-28,14:13:11,6956,baghdad_generic,borsa,unknown,1410.5,iqborsa:dollar_label,https://t.me/iqborsa/6956
iqborsa,2025-05-28,16:34:59,6957,baghdad_generic,borsa,unknown,1408.5,iqborsa:dollar_label,https://t.me/iqborsa/6957
iqborsa,2025-05-28,20:58:53,6959,baghdad_generic,borsa,unknown,1406.0,iqborsa:dollar_label,https://t.me/iqborsa/6959
iqborsa,2025-05-28,22:47:24,6961,baghdad_generic,borsa,unknown,1405.0,iqborsa:dollar_label,https://t.me/iqborsa/6961
iqborsa,2025-05-29,12:54:59,6964,baghdad_generic,borsa,unknown,1407.0,iqborsa:dollar_label,https://t.me/iqborsa/6964
iqborsa,2025-05-29,17:11:18,6966,baghdad_generic,borsa,unknown,1412.0,iqborsa:dollar_label,https://t.me/iqborsa/6966
iqborsa,2025-05-29,19:15:38,6970,baghdad_generic,borsa,unknown,1414.0,iqborsa:dollar_label,https://t.me/iqborsa/6970
iqborsa,2025-05-31,11:47:20,6981,baghdad_generic,borsa,unknown,1415.0,iqborsa:dollar_label,https://t.me/iqborsa/6981
iqborsa,2025-05-31,12:58:13,6983,baghdad_generic,borsa,unknown,1413.5,iqborsa:dollar_label,https://t.me/iqborsa/6983
iqborsa,2025-05-31,14:27:53,6985,baghdad_generic,borsa,unknown,1412.0,iqborsa:dollar_label,https://t.me/iqborsa/6985
iqborsa,2025-05-31,14:59:34,6987,baghdad_generic,borsa,unknown,1411.5,iqborsa:dollar_label,https://t.me/iqborsa/6987
iqborsa,2025-05-31,23:21:11,6989,baghdad_generic,borsa,unknown,1409.0,iqborsa:dollar_label,https://t.me/iqborsa/6989
iqborsa,2025-06-01,12:09:14,6992,baghdad_generic,borsa,unknown,1407.5,iqborsa:dollar_label,https://t.me/iqborsa/6992
iqborsa,2025-06-01,12:47:32,6994,baghdad_generic,borsa,unknown,1407.0,iqborsa:dollar_label,https://t.me/iqborsa/6994
iqborsa,2025-06-01,13:51:23,6995,baghdad_generic,borsa,unknown,1410.0,iqborsa:dollar_label,https://t.me/iqborsa/6995
iqborsa,2025-06-01,16:58:46,6999,baghdad_generic,borsa,unknown,1412.0,iqborsa:dollar_label,https://t.me/iqborsa/6999
iqborsa,2025-06-02,11:45:32,7004,baghdad_generic,borsa,unknown,1416.0,iqborsa:dollar_label,https://t.me/iqborsa/7004
iqborsa,2025-06-02,12:21:37,7005,baghdad_generic,borsa,unknown,1417.0,iqborsa:dollar_label,https://t.me/iqborsa/7005
iqborsa,2025-06-02,13:02:46,7007,baghdad_generic,borsa,unknown,1417.5,iqborsa:dollar_label,https://t.me/iqborsa/7007
iqborsa,2025-06-02,20:29:36,7010,baghdad_generic,borsa,unknown,1416.0,iqborsa:dollar_label,https://t.me/iqborsa/7010
iqborsa,2025-06-02,23:08:04,7012,baghdad_generic,borsa,unknown,1416.5,iqborsa:dollar_label,https://t.me/iqborsa/7012
iqborsa,2025-06-03,11:29:02,7014,baghdad_generic,borsa,unknown,1414.5,iqborsa:dollar_label,https://t.me/iqborsa/7014
iqborsa,2025-06-03,12:40:59,7015,baghdad_generic,borsa,unknown,1415.5,iqborsa:dollar_label,https://t.me/iqborsa/7015
iqborsa,2025-06-03,16:37:49,7017,baghdad_generic,borsa,unknown,1411.5,iqborsa:dollar_label,https://t.me/iqborsa/7017
iqborsa,2025-06-03,19:32:33,7019,baghdad_generic,borsa,unknown,1411.0,iqborsa:dollar_label,https://t.me/iqborsa/7019
iqborsa,2025-06-04,09:58:10,7024,baghdad_generic,borsa,unknown,1411.0,iqborsa:dollar_label,https://t.me/iqborsa/7024
iqborsa,2025-06-04,10:50:19,7026,baghdad_generic,borsa,unknown,1413.0,iqborsa:dollar_label,https://t.me/iqborsa/7026
iqborsa,2025-06-04,12:13:42,7027,baghdad_generic,borsa,unknown,1412.5,iqborsa:dollar_label,https://t.me/iqborsa/7027
iqborsa,2025-06-04,15:13:02,7029,baghdad_generic,borsa,unknown,1414.0,iqborsa:dollar_label,https://t.me/iqborsa/7029
iqborsa,2025-06-05,10:47:11,7032,baghdad_generic,borsa,unknown,1414.0,iqborsa:dollar_label,https://t.me/iqborsa/7032
iqborsa,2025-06-05,13:58:14,7033,baghdad_generic,borsa,unknown,1414.5,iqborsa:dollar_label,https://t.me/iqborsa/7033
iqborsa,2025-06-05,15:29:23,7035,baghdad_generic,borsa,unknown,1416.0,iqborsa:dollar_label,https://t.me/iqborsa/7035
iqborsa,2025-06-05,19:27:53,7037,baghdad_generic,borsa,unknown,1414.5,iqborsa:dollar_label,https://t.me/iqborsa/7037
iqborsa,2025-06-06,17:22:17,7052,baghdad_generic,borsa,unknown,1415.0,iqborsa:dollar_label,https://t.me/iqborsa/7052
iqborsa,2025-06-07,14:36:26,7053,baghdad_generic,borsa,unknown,1414.5,iqborsa:dollar_label,https://t.me/iqborsa/7053
iqborsa,2025-06-07,18:01:22,7055,baghdad_generic,borsa,unknown,1416.5,iqborsa:dollar_label,https://t.me/iqborsa/7055
iqborsa,2025-06-08,13:23:20,7059,baghdad_generic,borsa,unknown,1417.5,iqborsa:dollar_label,https://t.me/iqborsa/7059
iqborsa,2025-06-09,12:31:59,7062,baghdad_generic,borsa,unknown,1417.0,iqborsa:dollar_label,https://t.me/iqborsa/7062
iqborsa,2025-06-10,12:25:41,7066,baghdad_generic,borsa,unknown,1414.5,iqborsa:dollar_label,https://t.me/iqborsa/7066
iqborsa,2025-06-10,17:26:02,7068,baghdad_generic,borsa,unknown,1415.0,iqborsa:dollar_label,https://t.me/iqborsa/7068
iqborsa,2025-06-10,20:44:43,7071,baghdad_generic,borsa,unknown,1412.5,iqborsa:dollar_label,https://t.me/iqborsa/7071
iqborsa,2025-06-11,14:16:36,7074,baghdad_generic,borsa,unknown,1413.5,iqborsa:dollar_label,https://t.me/iqborsa/7074
iqborsa,2025-06-11,18:33:18,7075,baghdad_generic,borsa,unknown,1413.0,iqborsa:dollar_label,https://t.me/iqborsa/7075
iqborsa,2025-06-11,20:39:53,7077,baghdad_generic,borsa,unknown,1411.0,iqborsa:dollar_label,https://t.me/iqborsa/7077
iqborsa,2025-06-12,11:49:34,7086,baghdad_generic,borsa,unknown,1417.0,iqborsa:dollar_label,https://t.me/iqborsa/7086
iqborsa,2025-06-12,14:37:39,7091,baghdad_generic,borsa,unknown,1447.0,iqborsa:dollar_label,https://t.me/iqborsa/7091
iqborsa,2025-06-12,14:38:17,7092,baghdad_generic,borsa,unknown,1447.5,iqborsa:dollar_label,https://t.me/iqborsa/7092
iqborsa,2025-06-12,14:54:18,7096,baghdad_generic,borsa,unknown,1433.5,iqborsa:dollar_label,https://t.me/iqborsa/7096
iqborsa,2025-06-12,14:58:52,7098,baghdad_generic,borsa,unknown,1430.0,iqborsa:dollar_label,https://t.me/iqborsa/7098
iqborsa,2025-06-12,20:35:24,7101,baghdad_generic,borsa,unknown,1435.0,iqborsa:dollar_label,https://t.me/iqborsa/7101
iqborsa,2025-06-12,22:02:26,7103,baghdad_generic,borsa,unknown,1431.0,iqborsa:dollar_label,https://t.me/iqborsa/7103
iqborsa,2025-06-13,15:24:02,7122,erbil,borsa,unknown,1475.0,iqborsa:city_line,https://t.me/iqborsa/7122
iqborsa,2025-06-13,16:16:56,7125,erbil,borsa,unknown,1480.0,iqborsa:city_line,https://t.me/iqborsa/7125
iqborsa,2025-06-13,17:21:56,7130,baghdad_generic,borsa,unknown,1475.0,iqborsa:city_line,https://t.me/iqborsa/7130
iqborsa,2025-06-13,18:33:59,7132,baghdad_generic,borsa,unknown,1470.0,iqborsa:city_line,https://t.me/iqborsa/7132
iqborsa,2025-06-13,18:42:40,7133,erbil,borsa,unknown,1460.0,iqborsa:city_line,https://t.me/iqborsa/7133
iqborsa,2025-06-13,23:05:56,7150,erbil,borsa,unknown,1490.0,iqborsa:city_line,https://t.me/iqborsa/7150
iqborsa,2025-06-14,10:31:56,7169,erbil,borsa,unknown,1467.5,iqborsa:city_line,https://t.me/iqborsa/7169
iqborsa,2025-06-14,10:58:45,7171,baghdad_generic,borsa,unknown,1454.0,iqborsa:city_line,https://t.me/iqborsa/7171
iqborsa,2025-06-14,13:56:18,7173,baghdad_generic,borsa,unknown,1444.0,iqborsa:city_line,https://t.me/iqborsa/7173
iqborsa,2025-06-14,14:12:20,7175,baghdad_generic,borsa,unknown,1438.0,iqborsa:dollar_label,https://t.me/iqborsa/7175
iqborsa,2025-06-14,15:01:36,7177,baghdad_generic,borsa,unknown,1437.0,iqborsa:dollar_label,https://t.me/iqborsa/7177
iqborsa,2025-06-14,17:31:19,7179,baghdad_generic,borsa,unknown,1446.0,iqborsa:dollar_label,https://t.me/iqborsa/7179
iqborsa,2025-06-14,18:07:08,7180,baghdad_generic,borsa,unknown,1448.0,iqborsa:dollar_label,https://t.me/iqborsa/7180
iqborsa,2025-06-14,19:00:14,7184,baghdad_generic,borsa,unknown,1449.0,iqborsa:dollar_label,https://t.me/iqborsa/7184
iqborsa,2025-06-14,19:58:02,7187,baghdad_generic,borsa,unknown,1445.0,iqborsa:dollar_label,https://t.me/iqborsa/7187
iqborsa,2025-06-15,09:42:32,7218,baghdad_generic,borsa,unknown,1446.0,iqborsa:dollar_label,https://t.me/iqborsa/7218
iqborsa,2025-06-15,11:32:24,7225,baghdad_generic,borsa,unknown,1436.0,iqborsa:dollar_label,https://t.me/iqborsa/7225
iqborsa,2025-06-15,13:57:33,7227,baghdad_generic,borsa,unknown,1435.0,iqborsa:dollar_label,https://t.me/iqborsa/7227
iqborsa,2025-06-15,14:11:19,7230,baghdad_generic,borsa,unknown,1433.5,iqborsa:dollar_label,https://t.me/iqborsa/7230
iqborsa,2025-06-15,15:36:30,7231,baghdad_generic,borsa,unknown,1435.0,iqborsa:dollar_label,https://t.me/iqborsa/7231
iqborsa,2025-06-16,10:16:59,7273,baghdad_generic,borsa,unknown,1437.0,iqborsa:dollar_label,https://t.me/iqborsa/7273
iqborsa,2025-06-16,11:22:40,7275,baghdad_generic,borsa,unknown,1439.0,iqborsa:dollar_label,https://t.me/iqborsa/7275
iqborsa,2025-06-16,12:01:06,7280,baghdad_generic,borsa,unknown,1439.5,iqborsa:dollar_label,https://t.me/iqborsa/7280
iqborsa,2025-06-16,16:11:24,7283,baghdad_generic,borsa,unknown,1432.0,iqborsa:dollar_label,https://t.me/iqborsa/7283
iqborsa,2025-06-16,16:35:28,7286,baghdad_generic,borsa,unknown,1431.0,iqborsa:dollar_label,https://t.me/iqborsa/7286
iqborsa,2025-06-25,10:16:23,7429,baghdad_generic,borsa,unknown,1414.5,iqborsa:dollar_label,https://t.me/iqborsa/7429
iqborsa,2025-06-25,12:41:17,7430,baghdad_generic,borsa,unknown,1413.5,iqborsa:dollar_label,https://t.me/iqborsa/7430
iqborsa,2025-06-26,09:58:33,7434,baghdad_generic,borsa,unknown,1413.0,iqborsa:dollar_label,https://t.me/iqborsa/7434
iqborsa,2025-06-26,14:54:30,7435,baghdad_generic,borsa,unknown,1412.5,iqborsa:dollar_label,https://t.me/iqborsa/7435
iqborsa,2025-06-27,14:16:07,7437,baghdad_generic,borsa,unknown,1415.0,iqborsa:dollar_label,https://t.me/iqborsa/7437
iqborsa,2025-06-27,18:44:00,7440,baghdad_generic,borsa,unknown,1412.5,iqborsa:dollar_label,https://t.me/iqborsa/7440
iqborsa,2025-06-28,11:53:48,7442,baghdad_generic,borsa,unknown,1413.0,iqborsa:dollar_label,https://t.me/iqborsa/7442
iqborsa,2025-06-28,13:24:11,7443,baghdad_generic,borsa,unknown,1412.5,iqborsa:dollar_label,https://t.me/iqborsa/7443
iqborsa,2025-06-28,18:49:55,7445,baghdad_generic,borsa,unknown,1412.0,iqborsa:dollar_label,https://t.me/iqborsa/7445
iqborsa,2025-06-29,12:00:58,7447,baghdad_generic,borsa,unknown,1412.0,iqborsa:dollar_label,https://t.me/iqborsa/7447
iqborsa,2025-06-29,13:06:12,7448,baghdad_generic,borsa,unknown,1413.0,iqborsa:dollar_label,https://t.me/iqborsa/7448
iqborsa,2025-06-29,15:02:55,7451,baghdad_generic,borsa,unknown,1412.5,iqborsa:dollar_label,https://t.me/iqborsa/7451
iqborsa,2025-06-29,17:40:04,7453,baghdad_generic,borsa,unknown,1413.0,iqborsa:dollar_label,https://t.me/iqborsa/7453
iqborsa,2025-06-30,14:52:05,7457,baghdad_generic,borsa,unknown,1415.0,iqborsa:dollar_label,https://t.me/iqborsa/7457
iqborsa,2025-06-30,16:50:58,7459,baghdad_generic,borsa,unknown,1415.5,iqborsa:dollar_label,https://t.me/iqborsa/7459
iqborsa,2025-07-01,13:13:07,7467,baghdad_generic,borsa,unknown,1412.5,iqborsa:dollar_label,https://t.me/iqborsa/7467
iqborsa,2025-07-01,14:13:40,7469,baghdad_generic,borsa,unknown,1413.0,iqborsa:dollar_label,https://t.me/iqborsa/7469
iqborsa,2025-07-02,11:01:22,7475,baghdad_generic,borsa,unknown,1413.5,iqborsa:dollar_label,https://t.me/iqborsa/7475
iqborsa,2025-07-02,13:49:14,7476,baghdad_generic,borsa,unknown,1412.5,iqborsa:dollar_label,https://t.me/iqborsa/7476
iqborsa,2025-07-02,16:28:06,7477,baghdad_generic,borsa,unknown,1411.5,iqborsa:dollar_label,https://t.me/iqborsa/7477
iqborsa,2025-07-02,20:33:10,7479,baghdad_generic,borsa,unknown,1412.5,iqborsa:dollar_label,https://t.me/iqborsa/7479
iqborsa,2025-07-03,16:04:14,7483,baghdad_generic,borsa,unknown,1412.0,iqborsa:dollar_label,https://t.me/iqborsa/7483
iqborsa,2025-07-04,10:52:40,7487,baghdad_generic,borsa,unknown,1412.5,iqborsa:dollar_label,https://t.me/iqborsa/7487
iqborsa,2025-07-05,10:44:24,7491,baghdad_generic,borsa,unknown,1412.5,iqborsa:dollar_label,https://t.me/iqborsa/7491
iqborsa,2025-07-05,17:16:32,7493,baghdad_generic,borsa,unknown,1414.0,iqborsa:dollar_label,https://t.me/iqborsa/7493
iqborsa,2025-07-07,10:17:47,7500,baghdad_generic,borsa,unknown,1413.5,iqborsa:dollar_label,https://t.me/iqborsa/7500
iqborsa,2025-07-07,12:45:49,7502,baghdad_generic,borsa,unknown,1412.0,iqborsa:dollar_label,https://t.me/iqborsa/7502
iqborsa,2025-07-07,15:59:22,7504,baghdad_generic,borsa,unknown,1411.5,iqborsa:dollar_label,https://t.me/iqborsa/7504
iqborsa,2025-07-08,12:05:22,7506,baghdad_generic,borsa,unknown,1412.0,iqborsa:dollar_label,https://t.me/iqborsa/7506
iqborsa,2025-07-08,17:53:19,7508,baghdad_generic,borsa,unknown,1411.5,iqborsa:dollar_label,https://t.me/iqborsa/7508
iqborsa,2025-07-09,12:05:22,7511,baghdad_generic,borsa,unknown,1412.0,iqborsa:dollar_label,https://t.me/iqborsa/7511
iqborsa,2025-07-10,11:26:46,7514,baghdad_generic,borsa,unknown,1412.5,iqborsa:dollar_label,https://t.me/iqborsa/7514
iqborsa,2025-07-10,13:10:51,7515,baghdad_generic,borsa,unknown,1412.0,iqborsa:dollar_label,https://t.me/iqborsa/7515
iqborsa,2025-07-10,20:02:39,7517,baghdad_generic,borsa,unknown,1412.0,iqborsa:dollar_label,https://t.me/iqborsa/7517
iqborsa,2025-07-11,15:34:34,7518,baghdad_generic,borsa,unknown,1411.5,iqborsa:dollar_label,https://t.me/iqborsa/7518
iqborsa,2025-07-12,11:26:11,7520,baghdad_generic,borsa,unknown,1412.0,iqborsa:dollar_label,https://t.me/iqborsa/7520
iqborsa,2025-07-12,14:27:38,7521,baghdad_generic,borsa,unknown,1412.5,iqborsa:dollar_label,https://t.me/iqborsa/7521
iqborsa,2025-07-12,20:28:05,7525,baghdad_generic,borsa,unknown,1412.0,iqborsa:dollar_label,https://t.me/iqborsa/7525
iqborsa,2025-07-13,09:56:12,7527,baghdad_generic,borsa,unknown,1412.0,iqborsa:dollar_label,https://t.me/iqborsa/7527
iqborsa,2025-07-13,12:42:07,7529,baghdad_generic,borsa,unknown,1405.5,iqborsa:dollar_label,https://t.me/iqborsa/7529
iqborsa,2025-07-13,15:12:56,7530,baghdad_generic,borsa,unknown,1410.0,iqborsa:dollar_label,https://t.me/iqborsa/7530
iqborsa,2025-07-13,18:14:00,7532,baghdad_generic,borsa,unknown,1411.0,iqborsa:dollar_label,https://t.me/iqborsa/7532
iqborsa,2025-07-14,11:09:56,7535,baghdad_generic,borsa,unknown,1410.5,iqborsa:dollar_label,https://t.me/iqborsa/7535
iqborsa,2025-07-14,16:26:00,7537,baghdad_generic,borsa,unknown,1411.0,iqborsa:dollar_label,https://t.me/iqborsa/7537
iqborsa,2025-07-15,11:06:13,7540,baghdad_generic,borsa,unknown,1408.5,iqborsa:dollar_label,https://t.me/iqborsa/7540
iqborsa,2025-07-15,13:39:22,7542,baghdad_generic,borsa,unknown,1406.5,iqborsa:dollar_label,https://t.me/iqborsa/7542
iqborsa,2025-07-15,17:18:39,7544,baghdad_generic,borsa,unknown,1407.5,iqborsa:dollar_label,https://t.me/iqborsa/7544
iqborsa,2025-07-16,11:12:37,7547,baghdad_generic,borsa,unknown,1407.0,iqborsa:dollar_label,https://t.me/iqborsa/7547
iqborsa,2025-07-16,15:37:32,7548,baghdad_generic,borsa,unknown,1405.5,iqborsa:dollar_label,https://t.me/iqborsa/7548
iqborsa,2025-07-17,10:16:01,7552,baghdad_generic,borsa,unknown,1405.5,iqborsa:dollar_label,https://t.me/iqborsa/7552
iqborsa,2025-07-18,10:49:39,7555,baghdad_generic,borsa,unknown,1407.0,iqborsa:dollar_label,https://t.me/iqborsa/7555
iqborsa,2025-07-18,18:52:23,7557,baghdad_generic,borsa,unknown,1407.5,iqborsa:dollar_label,https://t.me/iqborsa/7557
iqborsa,2025-07-19,12:06:41,7559,baghdad_generic,borsa,unknown,1407.0,iqborsa:dollar_label,https://t.me/iqborsa/7559
iqborsa,2025-07-20,12:23:29,7561,baghdad_generic,borsa,unknown,1403.5,iqborsa:dollar_label,https://t.me/iqborsa/7561
iqborsa,2025-07-20,17:25:24,7563,baghdad_generic,borsa,unknown,1401.0,iqborsa:dollar_label,https://t.me/iqborsa/7563
iqborsa,2025-07-21,12:39:07,7565,baghdad_generic,borsa,unknown,1396.5,iqborsa:dollar_label,https://t.me/iqborsa/7565
iqborsa,2025-07-21,14:49:18,7567,baghdad_generic,borsa,unknown,1396.0,iqborsa:dollar_label,https://t.me/iqborsa/7567
iqborsa,2025-07-21,16:49:50,7569,baghdad_generic,borsa,unknown,1395.0,iqborsa:dollar_label,https://t.me/iqborsa/7569
iqborsa,2025-07-22,14:05:48,7573,baghdad_generic,borsa,unknown,1396.0,iqborsa:dollar_label,https://t.me/iqborsa/7573
iqborsa,2025-07-23,12:08:26,7576,baghdad_generic,borsa,unknown,1394.5,iqborsa:dollar_label,https://t.me/iqborsa/7576
iqborsa,2025-07-23,16:05:11,7578,baghdad_generic,borsa,unknown,1392.5,iqborsa:dollar_label,https://t.me/iqborsa/7578
iqborsa,2025-07-23,21:28:00,7584,baghdad_generic,borsa,unknown,1392.5,iqborsa:dollar_label,https://t.me/iqborsa/7584
iqborsa,2025-07-24,12:36:46,7587,baghdad_generic,borsa,unknown,1395.0,iqborsa:dollar_label,https://t.me/iqborsa/7587
iqborsa,2025-07-24,17:34:35,7588,baghdad_generic,borsa,unknown,1395.5,iqborsa:dollar_label,https://t.me/iqborsa/7588
iqborsa,2025-07-25,11:41:23,7592,baghdad_generic,borsa,unknown,1395.0,iqborsa:dollar_label,https://t.me/iqborsa/7592
iqborsa,2025-07-25,15:15:18,7594,baghdad_generic,borsa,unknown,1394.5,iqborsa:dollar_label,https://t.me/iqborsa/7594
iqborsa,2025-07-26,12:00:46,7597,baghdad_generic,borsa,unknown,1394.5,iqborsa:dollar_label,https://t.me/iqborsa/7597
iqborsa,2025-07-26,16:15:11,7601,baghdad_generic,borsa,unknown,1391.0,iqborsa:dollar_label,https://t.me/iqborsa/7601
iqborsa,2025-07-27,13:02:01,7603,baghdad_generic,borsa,unknown,1391.0,iqborsa:dollar_label,https://t.me/iqborsa/7603
iqborsa,2025-07-27,17:21:15,7607,baghdad_generic,borsa,unknown,1390.5,iqborsa:dollar_label,https://t.me/iqborsa/7607
iqborsa,2025-07-27,19:04:40,7610,baghdad_generic,borsa,unknown,1392.0,iqborsa:dollar_label,https://t.me/iqborsa/7610
iqborsa,2025-07-28,12:45:30,7612,baghdad_generic,borsa,unknown,1391.0,iqborsa:dollar_label,https://t.me/iqborsa/7612
iqborsa,2025-07-28,13:43:35,7614,baghdad_generic,borsa,unknown,1391.5,iqborsa:dollar_label,https://t.me/iqborsa/7614
iqborsa,2025-07-28,19:10:57,7616,baghdad_generic,borsa,unknown,1392.5,iqborsa:dollar_label,https://t.me/iqborsa/7616
iqborsa,2025-07-29,11:58:56,7618,baghdad_generic,borsa,unknown,1392.5,iqborsa:dollar_label,https://t.me/iqborsa/7618
iqborsa,2025-07-29,15:15:40,7620,baghdad_generic,borsa,unknown,1393.0,iqborsa:dollar_label,https://t.me/iqborsa/7620
iqborsa,2025-07-30,10:05:26,7626,baghdad_generic,borsa,unknown,1392.5,iqborsa:dollar_label,https://t.me/iqborsa/7626
iqborsa,2025-07-30,13:45:15,7628,baghdad_generic,borsa,unknown,1395.0,iqborsa:dollar_label,https://t.me/iqborsa/7628
iqborsa,2025-07-30,19:03:06,7630,baghdad_generic,borsa,unknown,1398.0,iqborsa:dollar_label,https://t.me/iqborsa/7630
iqborsa,2025-07-31,11:12:47,7632,baghdad_generic,borsa,unknown,1400.0,iqborsa:dollar_label,https://t.me/iqborsa/7632
iqborsa,2025-07-31,14:54:50,7635,baghdad_generic,borsa,unknown,1401.5,iqborsa:dollar_label,https://t.me/iqborsa/7635
iqborsa,2025-07-31,16:52:05,7637,baghdad_generic,borsa,unknown,1401.0,iqborsa:dollar_label,https://t.me/iqborsa/7637
iqborsa,2025-08-02,10:27:22,7644,baghdad_generic,borsa,unknown,1400.0,iqborsa:dollar_label,https://t.me/iqborsa/7644
iqborsa,2025-08-02,13:19:49,7647,baghdad_generic,borsa,unknown,1396.0,iqborsa:dollar_label,https://t.me/iqborsa/7647
iqborsa,2025-08-02,19:25:30,7651,baghdad_generic,borsa,unknown,1395.5,iqborsa:dollar_label,https://t.me/iqborsa/7651
iqborsa,2025-08-03,10:53:08,7654,baghdad_generic,borsa,unknown,1395.5,iqborsa:dollar_label,https://t.me/iqborsa/7654
iqborsa,2025-08-03,13:28:50,7655,baghdad_generic,borsa,unknown,1395.0,iqborsa:dollar_label,https://t.me/iqborsa/7655
iqborsa,2025-08-03,15:25:16,7656,baghdad_generic,borsa,unknown,1396.0,iqborsa:dollar_label,https://t.me/iqborsa/7656
iqborsa,2025-08-04,13:18:21,7660,baghdad_generic,borsa,unknown,1399.0,iqborsa:dollar_label,https://t.me/iqborsa/7660
iqborsa,2025-08-04,16:55:40,7665,baghdad_generic,borsa,unknown,1398.5,iqborsa:dollar_label,https://t.me/iqborsa/7665
iqborsa,2025-08-04,20:32:03,7666,baghdad_generic,borsa,unknown,1398.0,iqborsa:dollar_label,https://t.me/iqborsa/7666
iqborsa,2025-08-05,11:50:45,7669,baghdad_generic,borsa,unknown,1399.5,iqborsa:dollar_label,https://t.me/iqborsa/7669
iqborsa,2025-08-05,12:27:32,7672,baghdad_generic,borsa,unknown,1400.5,iqborsa:dollar_label,https://t.me/iqborsa/7672
iqborsa,2025-08-05,13:46:49,7675,baghdad_generic,borsa,unknown,1399.5,iqborsa:dollar_label,https://t.me/iqborsa/7675
iqborsa,2025-08-05,15:43:14,7676,baghdad_generic,borsa,unknown,1398.0,iqborsa:dollar_label,https://t.me/iqborsa/7676
iqborsa,2025-08-06,10:08:40,7681,baghdad_generic,borsa,unknown,1398.0,iqborsa:dollar_label,https://t.me/iqborsa/7681
iqborsa,2025-08-06,12:13:20,7682,baghdad_generic,borsa,unknown,1397.0,iqborsa:dollar_label,https://t.me/iqborsa/7682
iqborsa,2025-08-06,14:45:00,7683,baghdad_generic,borsa,unknown,1397.5,iqborsa:dollar_label,https://t.me/iqborsa/7683
iqborsa,2025-08-06,17:52:31,7685,baghdad_generic,borsa,unknown,1399.5,iqborsa:dollar_label,https://t.me/iqborsa/7685
iqborsa,2025-08-07,12:01:58,7688,baghdad_generic,borsa,unknown,1400.0,iqborsa:dollar_label,https://t.me/iqborsa/7688
iqborsa,2025-08-07,16:36:49,7690,baghdad_generic,borsa,unknown,1398.5,iqborsa:dollar_label,https://t.me/iqborsa/7690
iqborsa,2025-08-07,20:13:38,7692,baghdad_generic,borsa,unknown,1399.0,iqborsa:dollar_label,https://t.me/iqborsa/7692
iqborsa,2025-08-08,12:42:40,7694,baghdad_generic,borsa,unknown,1398.0,iqborsa:dollar_label,https://t.me/iqborsa/7694
iqborsa,2025-08-08,20:44:54,7696,baghdad_generic,borsa,unknown,1398.5,iqborsa:dollar_label,https://t.me/iqborsa/7696
iqborsa,2025-08-09,10:30:48,7698,baghdad_generic,borsa,unknown,1399.0,iqborsa:dollar_label,https://t.me/iqborsa/7698
iqborsa,2025-08-09,13:30:32,7701,baghdad_generic,borsa,unknown,1398.5,iqborsa:dollar_label,https://t.me/iqborsa/7701
iqborsa,2025-08-09,19:01:49,7703,baghdad_generic,borsa,unknown,1399.5,iqborsa:dollar_label,https://t.me/iqborsa/7703
iqborsa,2025-08-10,10:45:50,7706,baghdad_generic,borsa,unknown,1398.0,iqborsa:dollar_label,https://t.me/iqborsa/7706
iqborsa,2025-08-10,14:46:35,7707,baghdad_generic,borsa,unknown,1400.0,iqborsa:dollar_label,https://t.me/iqborsa/7707
iqborsa,2025-08-10,21:52:20,7711,baghdad_generic,borsa,unknown,1401.0,iqborsa:dollar_label,https://t.me/iqborsa/7711
iqborsa,2025-08-11,11:22:18,7713,baghdad_generic,borsa,unknown,1402.0,iqborsa:dollar_label,https://t.me/iqborsa/7713
iqborsa,2025-08-11,19:19:03,7720,baghdad_generic,borsa,unknown,1405.0,iqborsa:dollar_label,https://t.me/iqborsa/7720
iqborsa,2025-08-12,11:42:10,7725,baghdad_generic,borsa,unknown,1405.0,iqborsa:dollar_label,https://t.me/iqborsa/7725
iqborsa,2025-08-12,16:50:21,7731,baghdad_generic,borsa,unknown,1406.0,iqborsa:dollar_label,https://t.me/iqborsa/7731
iqborsa,2025-08-13,11:08:32,7734,baghdad_generic,borsa,unknown,1404.0,iqborsa:dollar_label,https://t.me/iqborsa/7734
iqborsa,2025-08-13,13:00:56,7736,baghdad_generic,borsa,unknown,1403.0,iqborsa:dollar_label,https://t.me/iqborsa/7736
iqborsa,2025-08-13,21:39:31,7739,baghdad_generic,borsa,unknown,1405.0,iqborsa:dollar_label,https://t.me/iqborsa/7739
iqborsa,2025-08-14,11:16:10,7740,baghdad_generic,borsa,unknown,1405.0,iqborsa:dollar_label,https://t.me/iqborsa/7740
iqborsa,2025-08-14,14:52:15,7743,baghdad_generic,borsa,unknown,1405.5,iqborsa:dollar_label,https://t.me/iqborsa/7743
iqborsa,2025-08-14,18:31:11,7745,baghdad_generic,borsa,unknown,1405.0,iqborsa:dollar_label,https://t.me/iqborsa/7745
iqborsa,2025-08-16,11:46:29,7752,baghdad_generic,borsa,unknown,1404.5,iqborsa:dollar_label,https://t.me/iqborsa/7752
iqborsa,2025-08-16,17:22:41,7754,baghdad_generic,borsa,unknown,1405.0,iqborsa:dollar_label,https://t.me/iqborsa/7754
iqborsa,2025-08-17,10:22:07,7757,baghdad_generic,borsa,unknown,1404.0,iqborsa:dollar_label,https://t.me/iqborsa/7757
iqborsa,2025-08-17,14:55:25,7759,baghdad_generic,borsa,unknown,1407.0,iqborsa:dollar_label,https://t.me/iqborsa/7759
iqborsa,2025-08-18,11:33:14,7762,baghdad_generic,borsa,unknown,1413.0,iqborsa:dollar_label,https://t.me/iqborsa/7762
iqborsa,2025-08-19,11:57:54,7768,baghdad_generic,borsa,unknown,1416.0,iqborsa:dollar_label,https://t.me/iqborsa/7768
iqborsa,2025-08-19,12:45:28,7769,baghdad_generic,borsa,unknown,1419.0,iqborsa:dollar_label,https://t.me/iqborsa/7769
iqborsa,2025-08-19,15:07:05,7772,baghdad_generic,borsa,unknown,1421.5,iqborsa:dollar_label,https://t.me/iqborsa/7772
iqborsa,2025-08-20,11:19:42,7775,baghdad_generic,borsa,unknown,1422.5,iqborsa:dollar_label,https://t.me/iqborsa/7775
iqborsa,2025-08-20,11:45:37,7778,baghdad_generic,borsa,unknown,1423.5,iqborsa:dollar_label,https://t.me/iqborsa/7778
iqborsa,2025-08-20,12:24:34,7782,baghdad_generic,borsa,unknown,1428.0,iqborsa:bare_number,https://t.me/iqborsa/7782
iqborsa,2025-08-20,23:30:07,7786,baghdad_generic,borsa,unknown,1438.0,iqborsa:bare_number,https://t.me/iqborsa/7786
iqborsa,2025-08-21,10:36:08,7789,baghdad_generic,borsa,unknown,1437.0,iqborsa:bare_number,https://t.me/iqborsa/7789
iqborsa,2025-08-21,11:29:29,7791,baghdad_generic,borsa,unknown,1435.0,iqborsa:bare_number,https://t.me/iqborsa/7791
iqborsa,2025-08-21,12:17:26,7792,baghdad_generic,borsa,unknown,1432.0,iqborsa:bare_number,https://t.me/iqborsa/7792
iqborsa,2025-08-21,13:02:59,7793,baghdad_generic,borsa,unknown,1428.0,iqborsa:bare_number,https://t.me/iqborsa/7793
iqborsa,2025-08-21,15:06:34,7795,baghdad_generic,borsa,unknown,1424.0,iqborsa:bare_number,https://t.me/iqborsa/7795
iqborsa,2025-08-22,12:14:03,7797,baghdad_generic,borsa,unknown,1423.0,iqborsa:bare_number,https://t.me/iqborsa/7797
iqborsa,2025-08-22,21:13:04,7799,baghdad_generic,borsa,unknown,1425.0,iqborsa:bare_number,https://t.me/iqborsa/7799
iqborsa,2025-08-23,11:45:29,7803,baghdad_generic,borsa,unknown,1425.0,iqborsa:bare_number,https://t.me/iqborsa/7803
iqborsa,2025-08-23,12:58:12,7804,baghdad_generic,borsa,unknown,1424.0,iqborsa:bare_number,https://t.me/iqborsa/7804
iqborsa,2025-08-23,16:00:59,7805,baghdad_generic,borsa,unknown,1417.5,iqborsa:bare_number,https://t.me/iqborsa/7805
iqborsa,2025-08-24,10:39:06,7809,baghdad_generic,borsa,unknown,1416.0,iqborsa:bare_number,https://t.me/iqborsa/7809
iqborsa,2025-08-24,14:31:42,7810,baghdad_generic,borsa,unknown,1419.0,iqborsa:bare_number,https://t.me/iqborsa/7810
iqborsa,2025-08-24,20:06:23,7812,baghdad_generic,borsa,unknown,1419.5,iqborsa:bare_number,https://t.me/iqborsa/7812
iqborsa,2025-08-25,12:04:44,7814,baghdad_generic,borsa,unknown,1423.0,iqborsa:bare_number,https://t.me/iqborsa/7814
iqborsa,2025-08-25,13:50:58,7816,baghdad_generic,borsa,unknown,1425.0,iqborsa:bare_number,https://t.me/iqborsa/7816
iqborsa,2025-08-25,15:28:04,7818,baghdad_generic,borsa,unknown,1422.5,iqborsa:bare_number,https://t.me/iqborsa/7818
iqborsa,2025-08-25,17:25:04,7819,baghdad_generic,borsa,unknown,1421.0,iqborsa:bare_number,https://t.me/iqborsa/7819
iqborsa,2025-08-26,18:32:41,7821,baghdad_generic,borsa,unknown,1421.0,iqborsa:bare_number,https://t.me/iqborsa/7821
iqborsa,2025-08-27,13:33:31,7822,baghdad_generic,borsa,unknown,1424.0,iqborsa:bare_number,https://t.me/iqborsa/7822
iqborsa,2025-08-27,15:11:38,7826,baghdad_generic,borsa,unknown,1425.0,iqborsa:bare_number,https://t.me/iqborsa/7826
iqborsa,2025-08-27,19:26:28,7829,baghdad_generic,borsa,unknown,1423.0,iqborsa:bare_number,https://t.me/iqborsa/7829
iqborsa,2025-08-28,13:14:23,7834,baghdad_generic,borsa,unknown,1421.0,iqborsa:bare_number,https://t.me/iqborsa/7834
iqborsa,2025-08-28,14:21:18,7836,baghdad_generic,borsa,unknown,1422.5,iqborsa:bare_number,https://t.me/iqborsa/7836
iqborsa,2025-08-28,15:57:19,7839,baghdad_generic,borsa,unknown,1422.0,iqborsa:bare_number,https://t.me/iqborsa/7839
iqborsa,2025-08-30,10:28:30,7842,baghdad_generic,borsa,unknown,1425.0,iqborsa:bare_number,https://t.me/iqborsa/7842
iqborsa,2025-08-30,14:53:48,7844,baghdad_generic,borsa,unknown,1423.0,iqborsa:bare_number,https://t.me/iqborsa/7844
iqborsa,2025-08-30,18:14:51,7846,baghdad_generic,borsa,unknown,1426.0,iqborsa:bare_number,https://t.me/iqborsa/7846
iqborsa,2025-08-31,11:14:13,7849,baghdad_generic,borsa,unknown,1428.0,iqborsa:bare_number,https://t.me/iqborsa/7849
iqborsa,2025-08-31,13:17:21,7851,baghdad_generic,borsa,unknown,1430.0,iqborsa:bare_number,https://t.me/iqborsa/7851
iqborsa,2025-08-31,16:13:10,7853,baghdad_generic,borsa,unknown,1427.5,iqborsa:bare_number,https://t.me/iqborsa/7853
iqborsa,2025-08-31,19:26:44,7854,baghdad_generic,borsa,unknown,1427.0,iqborsa:bare_number,https://t.me/iqborsa/7854
iqborsa,2025-09-01,10:02:45,7857,baghdad_generic,borsa,unknown,1427.0,iqborsa:bare_number,https://t.me/iqborsa/7857
iqborsa,2025-09-01,14:25:47,7859,baghdad_generic,borsa,unknown,1424.5,iqborsa:bare_number,https://t.me/iqborsa/7859
iqborsa,2025-09-01,17:11:34,7861,baghdad_generic,borsa,unknown,1425.0,iqborsa:bare_number,https://t.me/iqborsa/7861
iqborsa,2025-09-02,13:11:45,7863,baghdad_generic,borsa,unknown,1427.0,iqborsa:bare_number,https://t.me/iqborsa/7863
iqborsa,2025-09-02,14:57:02,7864,baghdad_generic,borsa,unknown,1425.0,iqborsa:bare_number,https://t.me/iqborsa/7864
iqborsa,2025-09-02,15:59:13,7865,baghdad_generic,borsa,unknown,1427.5,iqborsa:bare_number,https://t.me/iqborsa/7865
iqborsa,2025-09-02,19:02:35,7868,baghdad_generic,borsa,unknown,1427.0,iqborsa:bare_number,https://t.me/iqborsa/7868
iqborsa,2025-09-03,10:14:49,7870,baghdad_generic,borsa,unknown,1428.0,iqborsa:bare_number,https://t.me/iqborsa/7870
iqborsa,2025-09-03,13:04:11,7871,baghdad_generic,borsa,unknown,1428.5,iqborsa:bare_number,https://t.me/iqborsa/7871
iqborsa,2025-09-03,14:26:43,7872,baghdad_generic,borsa,unknown,1429.0,iqborsa:bare_number,https://t.me/iqborsa/7872
iqborsa,2025-09-03,21:03:34,7875,baghdad_generic,borsa,unknown,1429.5,iqborsa:bare_number,https://t.me/iqborsa/7875
iqborsa,2025-09-04,10:58:18,7878,baghdad_generic,borsa,unknown,1431.0,iqborsa:bare_number,https://t.me/iqborsa/7878
iqborsa,2025-09-04,13:42:10,7881,baghdad_generic,borsa,unknown,1429.0,iqborsa:bare_number,https://t.me/iqborsa/7881
iqborsa,2025-09-04,15:02:56,7883,baghdad_generic,borsa,unknown,1430.0,iqborsa:bare_number,https://t.me/iqborsa/7883
iqborsa,2025-09-04,17:43:59,7885,baghdad_generic,borsa,unknown,1430.5,iqborsa:bare_number,https://t.me/iqborsa/7885
iqborsa,2025-09-05,22:20:23,7888,baghdad_generic,borsa,unknown,1428.0,iqborsa:bare_number,https://t.me/iqborsa/7888
iqborsa,2025-09-06,10:08:33,7891,baghdad_generic,borsa,unknown,1430.0,iqborsa:bare_number,https://t.me/iqborsa/7891
iqborsa,2025-09-06,17:48:08,7893,baghdad_generic,borsa,unknown,1430.5,iqborsa:bare_number,https://t.me/iqborsa/7893
iqborsa,2025-09-07,13:31:02,7895,baghdad_generic,borsa,unknown,1427.0,iqborsa:bare_number,https://t.me/iqborsa/7895
iqborsa,2025-09-07,17:12:07,7899,baghdad_generic,borsa,unknown,1429.5,iqborsa:bare_number,https://t.me/iqborsa/7899
iqborsa,2025-09-08,10:20:02,7901,baghdad_generic,borsa,unknown,1429.5,iqborsa:bare_number,https://t.me/iqborsa/7901
iqborsa,2025-09-08,14:27:27,7903,baghdad_generic,borsa,unknown,1431.0,iqborsa:bare_number,https://t.me/iqborsa/7903
iqborsa,2025-09-08,17:28:32,7905,baghdad_generic,borsa,unknown,1431.5,iqborsa:bare_number,https://t.me/iqborsa/7905
iqborsa,2025-09-09,10:51:00,7907,baghdad_generic,borsa,unknown,1432.5,iqborsa:bare_number,https://t.me/iqborsa/7907
iqborsa,2025-09-09,13:14:11,7909,baghdad_generic,borsa,unknown,1434.5,iqborsa:bare_number,https://t.me/iqborsa/7909
iqborsa,2025-09-09,15:04:10,7910,baghdad_generic,borsa,unknown,1435.5,iqborsa:bare_number,https://t.me/iqborsa/7910
iqborsa,2025-09-09,20:29:49,7911,baghdad_generic,borsa,unknown,1440.0,iqborsa:bare_number,https://t.me/iqborsa/7911
iqborsa,2025-09-10,13:15:39,7913,baghdad_generic,borsa,unknown,1435.5,iqborsa:bare_number,https://t.me/iqborsa/7913
iqborsa,2025-09-10,16:16:29,7916,baghdad_generic,borsa,unknown,1435.0,iqborsa:bare_number,https://t.me/iqborsa/7916
iqborsa,2025-09-11,09:28:13,7919,baghdad_generic,borsa,unknown,1434.0,iqborsa:bare_number,https://t.me/iqborsa/7919
iqborsa,2025-09-11,13:12:53,7920,baghdad_generic,borsa,unknown,1432.0,iqborsa:bare_number,https://t.me/iqborsa/7920
iqborsa,2025-09-11,16:38:03,7921,baghdad_generic,borsa,unknown,1431.0,iqborsa:bare_number,https://t.me/iqborsa/7921
iqborsa,2025-09-12,16:09:43,7923,baghdad_generic,borsa,unknown,1430.0,iqborsa:bare_number,https://t.me/iqborsa/7923
iqborsa,2025-09-13,10:35:18,7926,baghdad_generic,borsa,unknown,1428.5,iqborsa:bare_number,https://t.me/iqborsa/7926
iqborsa,2025-09-13,14:42:43,7927,baghdad_generic,borsa,unknown,1426.5,iqborsa:bare_number,https://t.me/iqborsa/7927
iqborsa,2025-09-13,18:33:26,7928,baghdad_generic,borsa,unknown,1427.0,iqborsa:bare_number,https://t.me/iqborsa/7928
iqborsa,2025-09-14,12:01:42,7929,baghdad_generic,borsa,unknown,1427.5,iqborsa:bare_number,https://t.me/iqborsa/7929
iqborsa,2025-09-14,14:19:26,7930,baghdad_generic,borsa,unknown,1429.0,iqborsa:bare_number,https://t.me/iqborsa/7930
iqborsa,2025-09-14,17:16:09,7931,baghdad_generic,borsa,unknown,1430.0,iqborsa:bare_number,https://t.me/iqborsa/7931
iqborsa,2025-09-15,13:19:22,7933,baghdad_generic,borsa,unknown,1428.5,iqborsa:bare_number,https://t.me/iqborsa/7933
iqborsa,2025-09-15,13:39:50,7936,baghdad_generic,borsa,unknown,1429.0,iqborsa:bare_number,https://t.me/iqborsa/7936
iqborsa,2025-09-16,11:13:51,7938,baghdad_generic,borsa,unknown,1427.0,iqborsa:bare_number,https://t.me/iqborsa/7938
iqborsa,2025-09-16,12:42:15,7941,baghdad_generic,borsa,unknown,1428.0,iqborsa:bare_number,https://t.me/iqborsa/7941
iqborsa,2025-09-16,18:48:41,7942,baghdad_generic,borsa,unknown,1427.5,iqborsa:bare_number,https://t.me/iqborsa/7942
iqborsa,2025-09-17,12:08:39,7944,baghdad_generic,borsa,unknown,1427.0,iqborsa:bare_number,https://t.me/iqborsa/7944
iqborsa,2025-09-18,11:20:22,7948,baghdad_generic,borsa,unknown,1428.0,iqborsa:bare_number,https://t.me/iqborsa/7948
iqborsa,2025-09-18,13:58:30,7949,baghdad_generic,borsa,unknown,1428.5,iqborsa:bare_number,https://t.me/iqborsa/7949
iqborsa,2025-09-19,17:32:55,7952,baghdad_generic,borsa,unknown,1426.5,iqborsa:bare_number,https://t.me/iqborsa/7952
iqborsa,2025-09-20,12:34:30,7956,baghdad_generic,borsa,unknown,1425.0,iqborsa:bare_number,https://t.me/iqborsa/7956
iqborsa,2025-09-20,15:32:10,7959,baghdad_generic,borsa,unknown,1423.0,iqborsa:bare_number,https://t.me/iqborsa/7959
iqborsa,2025-09-20,19:06:02,7962,baghdad_generic,borsa,unknown,1422.0,iqborsa:bare_number,https://t.me/iqborsa/7962
iqborsa,2025-09-21,12:00:12,7964,baghdad_generic,borsa,unknown,1421.5,iqborsa:bare_number,https://t.me/iqborsa/7964
iqborsa,2025-09-21,12:44:28,7967,baghdad_generic,borsa,unknown,1419.5,iqborsa:bare_number,https://t.me/iqborsa/7967
iqborsa,2025-09-21,19:03:23,7971,baghdad_generic,borsa,unknown,1418.0,iqborsa:bare_number,https://t.me/iqborsa/7971
iqborsa,2025-09-22,12:21:26,7973,baghdad_generic,borsa,unknown,1417.0,iqborsa:bare_number,https://t.me/iqborsa/7973
iqborsa,2025-09-22,13:50:46,7976,baghdad_generic,borsa,unknown,1416.5,iqborsa:bare_number,https://t.me/iqborsa/7976
iqborsa,2025-09-22,14:59:11,7977,baghdad_generic,borsa,unknown,1415.0,iqborsa:bare_number,https://t.me/iqborsa/7977
iqborsa,2025-09-22,17:18:27,7978,baghdad_generic,borsa,unknown,1412.5,iqborsa:bare_number,https://t.me/iqborsa/7978
iqborsa,2025-09-23,13:53:24,7980,baghdad_generic,borsa,unknown,1413.0,iqborsa:bare_number,https://t.me/iqborsa/7980
iqborsa,2025-09-23,20:27:53,7982,baghdad_generic,borsa,unknown,1415.0,iqborsa:bare_number,https://t.me/iqborsa/7982
iqborsa,2025-09-24,12:23:07,7985,baghdad_generic,borsa,unknown,1416.5,iqborsa:bare_number,https://t.me/iqborsa/7985
iqborsa,2025-09-24,16:05:37,7986,baghdad_generic,borsa,unknown,1419.0,iqborsa:bare_number,https://t.me/iqborsa/7986
iqborsa,2025-09-25,10:40:41,7989,baghdad_generic,borsa,unknown,1420.0,iqborsa:bare_number,https://t.me/iqborsa/7989
iqborsa,2025-09-25,14:01:21,7990,baghdad_generic,borsa,unknown,1418.0,iqborsa:bare_number,https://t.me/iqborsa/7990
iqborsa,2025-09-25,16:56:59,7993,baghdad_generic,borsa,unknown,1417.0,iqborsa:bare_number,https://t.me/iqborsa/7993
iqborsa,2025-09-25,20:05:38,7995,baghdad_generic,borsa,unknown,1417.5,iqborsa:bare_number,https://t.me/iqborsa/7995
iqborsa,2025-09-26,17:31:29,7997,baghdad_generic,borsa,unknown,1415.5,iqborsa:bare_number,https://t.me/iqborsa/7997
iqborsa,2025-09-27,11:07:51,7999,baghdad_generic,borsa,unknown,1415.0,iqborsa:bare_number,https://t.me/iqborsa/7999
iqborsa,2025-09-27,14:50:35,8001,baghdad_generic,borsa,unknown,1416.5,iqborsa:bare_number,https://t.me/iqborsa/8001
iqborsa,2025-09-27,19:53:01,8003,baghdad_generic,borsa,unknown,1416.0,iqborsa:bare_number,https://t.me/iqborsa/8003
iqborsa,2025-09-28,11:39:04,8008,baghdad_generic,borsa,unknown,1416.0,iqborsa:bare_number,https://t.me/iqborsa/8008
iqborsa,2025-09-28,14:08:31,8009,baghdad_generic,borsa,unknown,1414.5,iqborsa:bare_number,https://t.me/iqborsa/8009
iqborsa,2025-09-28,21:23:25,8012,baghdad_generic,borsa,unknown,1414.0,iqborsa:bare_number,https://t.me/iqborsa/8012
iqborsa,2025-09-29,10:22:09,8014,baghdad_generic,borsa,unknown,1413.5,iqborsa:bare_number,https://t.me/iqborsa/8014
iqborsa,2025-09-29,13:50:21,8015,baghdad_generic,borsa,unknown,1415.0,iqborsa:bare_number,https://t.me/iqborsa/8015
iqborsa,2025-09-29,19:02:28,8018,baghdad_generic,borsa,unknown,1417.0,iqborsa:bare_number,https://t.me/iqborsa/8018
iqborsa,2025-09-30,10:34:05,8020,baghdad_generic,borsa,unknown,1416.5,iqborsa:bare_number,https://t.me/iqborsa/8020
iqborsa,2025-09-30,13:49:44,8021,baghdad_generic,borsa,unknown,1417.0,iqborsa:bare_number,https://t.me/iqborsa/8021
iqborsa,2025-09-30,20:43:45,8024,baghdad_generic,borsa,unknown,1415.5,iqborsa:bare_number,https://t.me/iqborsa/8024
iqborsa,2025-10-01,11:38:30,8026,baghdad_generic,borsa,unknown,1415.0,iqborsa:bare_number,https://t.me/iqborsa/8026
iqborsa,2025-10-01,12:59:15,8028,baghdad_generic,borsa,unknown,1413.0,iqborsa:bare_number,https://t.me/iqborsa/8028
iqborsa,2025-10-01,15:28:47,8030,baghdad_generic,borsa,unknown,1412.5,iqborsa:bare_number,https://t.me/iqborsa/8030
iqborsa,2025-10-01,18:01:04,8032,baghdad_generic,borsa,unknown,1413.0,iqborsa:bare_number,https://t.me/iqborsa/8032
iqborsa,2025-10-02,10:10:43,8035,baghdad_generic,borsa,unknown,1412.5,iqborsa:bare_number,https://t.me/iqborsa/8035
iqborsa,2025-10-02,13:37:46,8036,baghdad_generic,borsa,unknown,1415.0,iqborsa:bare_number,https://t.me/iqborsa/8036
iqborsa,2025-10-02,13:46:18,8038,baghdad_generic,borsa,unknown,1415.5,iqborsa:bare_number,https://t.me/iqborsa/8038
iqborsa,2025-10-02,16:57:37,8040,baghdad_generic,borsa,unknown,1415.5,iqborsa:bare_number,https://t.me/iqborsa/8040
iqborsa,2025-10-03,13:23:20,8042,baghdad_generic,borsa,unknown,1415.0,iqborsa:bare_number,https://t.me/iqborsa/8042
iqborsa,2025-10-04,12:01:51,8046,baghdad_generic,borsa,unknown,1415.5,iqborsa:bare_number,https://t.me/iqborsa/8046
iqborsa,2025-10-04,14:03:07,8049,baghdad_generic,borsa,unknown,1416.0,iqborsa:city_line,https://t.me/iqborsa/8049
iqborsa,2025-10-04,15:25:04,8050,baghdad_generic,borsa,unknown,1414.5,iqborsa:bare_number,https://t.me/iqborsa/8050
iqborsa,2025-10-04,15:54:23,8051,baghdad_generic,borsa,unknown,1415.0,iqborsa:city_line,https://t.me/iqborsa/8051
iqborsa,2025-10-04,16:03:11,8052,baghdad_generic,borsa,unknown,1415.5,iqborsa:city_line,https://t.me/iqborsa/8052
iqborsa,2025-10-04,16:15:22,8054,baghdad_generic,borsa,unknown,1416.0,iqborsa:city_line,https://t.me/iqborsa/8054
iqborsa,2025-10-05,09:43:49,8059,baghdad_generic,borsa,unknown,1417.5,iqborsa:bare_number,https://t.me/iqborsa/8059
iqborsa,2025-10-05,11:09:06,8060,baghdad_generic,borsa,unknown,1414.5,iqborsa:bare_number,https://t.me/iqborsa/8060
iqborsa,2025-10-05,12:56:21,8061,baghdad_generic,borsa,unknown,1415.5,iqborsa:bare_number,https://t.me/iqborsa/8061
iqborsa,2025-10-05,18:54:12,8063,baghdad_generic,borsa,unknown,1415.0,iqborsa:bare_number,https://t.me/iqborsa/8063
iqborsa,2025-10-06,09:37:04,8066,baghdad_generic,borsa,unknown,1415.0,iqborsa:bare_number,https://t.me/iqborsa/8066
iqborsa,2025-10-06,13:06:17,8067,baghdad_generic,borsa,unknown,1414.5,iqborsa:bare_number,https://t.me/iqborsa/8067
iqborsa,2025-10-07,16:57:23,8071,baghdad_generic,borsa,unknown,1415.5,iqborsa:bare_number,https://t.me/iqborsa/8071
iqborsa,2025-10-07,19:40:33,8072,baghdad_generic,borsa,unknown,1414.5,iqborsa:bare_number,https://t.me/iqborsa/8072
iqborsa,2025-10-08,11:17:59,8074,baghdad_generic,borsa,unknown,1414.5,iqborsa:bare_number,https://t.me/iqborsa/8074
iqborsa,2025-10-08,12:43:35,8076,baghdad_generic,borsa,unknown,1416.5,iqborsa:bare_number,https://t.me/iqborsa/8076
iqborsa,2025-10-08,15:04:09,8078,baghdad_generic,borsa,unknown,1417.5,iqborsa:bare_number,https://t.me/iqborsa/8078
iqborsa,2025-10-09,10:13:53,8083,baghdad_generic,borsa,unknown,1416.5,iqborsa:bare_number,https://t.me/iqborsa/8083
iqborsa,2025-10-09,11:35:11,8085,baghdad_generic,borsa,unknown,1417.5,iqborsa:bare_number,https://t.me/iqborsa/8085
iqborsa,2025-10-09,14:40:05,8087,baghdad_generic,borsa,unknown,1416.5,iqborsa:bare_number,https://t.me/iqborsa/8087
iqborsa,2025-10-28,16:26:58,8198,baghdad_generic,borsa,unknown,1410.0,iqborsa:bare_number,https://t.me/iqborsa/8198
iqborsa,2025-10-28,17:27:42,8200,baghdad_generic,borsa,unknown,1410.5,iqborsa:bare_number,https://t.me/iqborsa/8200
iqborsa,2025-10-29,10:37:57,8202,baghdad_generic,borsa,unknown,1410.0,iqborsa:bare_number,https://t.me/iqborsa/8202
iqborsa,2025-10-29,15:00:18,8204,baghdad_generic,borsa,unknown,1409.5,iqborsa:bare_number,https://t.me/iqborsa/8204
iqborsa,2025-10-30,09:17:26,8207,baghdad_generic,borsa,unknown,1409.5,iqborsa:bare_number,https://t.me/iqborsa/8207
iqborsa,2025-10-30,11:08:04,8210,baghdad_generic,borsa,unknown,1408.5,iqborsa:bare_number,https://t.me/iqborsa/8210
iqborsa,2025-10-30,20:32:48,8213,baghdad_generic,borsa,unknown,1409.5,iqborsa:bare_number,https://t.me/iqborsa/8213
iqborsa,2025-10-31,13:57:41,8217,baghdad_generic,borsa,unknown,1409.5,iqborsa:bare_number,https://t.me/iqborsa/8217
iqborsa,2025-11-01,12:52:45,8221,baghdad_generic,borsa,unknown,1410.5,iqborsa:bare_number,https://t.me/iqborsa/8221
iqborsa,2025-11-01,16:31:47,8222,baghdad_generic,borsa,unknown,1410.0,iqborsa:bare_number,https://t.me/iqborsa/8222
iqborsa,2025-11-01,17:55:14,8224,baghdad_generic,borsa,unknown,1409.0,iqborsa:bare_number,https://t.me/iqborsa/8224
iqborsa,2025-11-02,10:52:09,8226,baghdad_generic,borsa,unknown,1408.5,iqborsa:bare_number,https://t.me/iqborsa/8226
iqborsa,2025-11-02,18:27:45,8230,baghdad_generic,borsa,unknown,1409.0,iqborsa:bare_number,https://t.me/iqborsa/8230
iqborsa,2025-11-03,13:04:14,8232,baghdad_generic,borsa,unknown,1411.0,iqborsa:bare_number,https://t.me/iqborsa/8232
iqborsa,2025-11-03,13:26:46,8233,baghdad_generic,borsa,unknown,1410.0,iqborsa:bare_number,https://t.me/iqborsa/8233
iqborsa,2025-11-03,16:27:48,8237,baghdad_generic,borsa,unknown,1409.5,iqborsa:bare_number,https://t.me/iqborsa/8237
iqborsa,2025-11-06,11:11:15,8259,baghdad_generic,borsa,unknown,1410.5,iqborsa:bare_number,https://t.me/iqborsa/8259
iqborsa,2025-11-11,11:26:42,8291,baghdad_generic,borsa,unknown,1415.0,iqborsa:bare_number,https://t.me/iqborsa/8291
iqborsa,2025-11-12,12:38:16,8298,baghdad_generic,borsa,unknown,1414.5,iqborsa:bare_number,https://t.me/iqborsa/8298
iqborsa,2025-11-12,13:37:42,8299,baghdad_generic,borsa,unknown,1415.0,iqborsa:bare_number,https://t.me/iqborsa/8299
iqborsa,2025-11-13,12:49:09,8303,baghdad_generic,borsa,unknown,1412.5,iqborsa:bare_number,https://t.me/iqborsa/8303
iqborsa,2025-11-14,12:53:40,8307,baghdad_generic,borsa,unknown,1413.5,iqborsa:bare_number,https://t.me/iqborsa/8307
iqborsa,2025-11-14,21:05:26,8309,baghdad_generic,borsa,unknown,1412.5,iqborsa:bare_number,https://t.me/iqborsa/8309
iqborsa,2025-11-15,12:51:09,8311,baghdad_generic,borsa,unknown,1413.5,iqborsa:bare_number,https://t.me/iqborsa/8311
iqborsa,2025-11-15,17:06:52,8313,baghdad_generic,borsa,unknown,1412.5,iqborsa:bare_number,https://t.me/iqborsa/8313
iqborsa,2025-11-16,10:53:14,8316,baghdad_generic,borsa,unknown,1413.0,iqborsa:bare_number,https://t.me/iqborsa/8316
iqborsa,2025-11-16,19:07:07,8318,baghdad_generic,borsa,unknown,1412.5,iqborsa:bare_number,https://t.me/iqborsa/8318
iqborsa,2025-11-17,12:17:08,8320,baghdad_generic,borsa,unknown,1412.5,iqborsa:bare_number,https://t.me/iqborsa/8320
iqborsa,2025-11-17,17:57:55,8324,baghdad_generic,borsa,unknown,1411.5,iqborsa:bare_number,https://t.me/iqborsa/8324
iqborsa,2025-11-18,11:31:59,8325,baghdad_generic,borsa,unknown,1412.0,iqborsa:bare_number,https://t.me/iqborsa/8325
iqborsa,2025-11-18,17:39:53,8328,baghdad_generic,borsa,unknown,1413.0,iqborsa:bare_number,https://t.me/iqborsa/8328
iqborsa,2025-11-19,10:14:50,8332,baghdad_generic,borsa,unknown,1411.5,iqborsa:bare_number,https://t.me/iqborsa/8332
iqborsa,2025-11-19,16:09:06,8334,baghdad_generic,borsa,unknown,1412.5,iqborsa:bare_number,https://t.me/iqborsa/8334
iqborsa,2025-11-23,19:48:31,8350,baghdad_generic,borsa,unknown,1420.0,iqborsa:bare_number,https://t.me/iqborsa/8350
iqborsa,2025-11-24,10:21:15,8353,baghdad_generic,borsa,unknown,1422.0,iqborsa:bare_number,https://t.me/iqborsa/8353
iqborsa,2025-11-24,13:13:58,8354,baghdad_generic,borsa,unknown,1440.0,iqborsa:bare_number,https://t.me/iqborsa/8354
iqborsa,2025-11-24,13:23:43,8356,baghdad_generic,borsa,unknown,1444.0,iqborsa:bare_number,https://t.me/iqborsa/8356
iqborsa,2025-11-24,13:56:10,8358,baghdad_generic,borsa,unknown,1446.0,iqborsa:bare_number,https://t.me/iqborsa/8358
iqborsa,2025-11-24,14:18:28,8359,baghdad_generic,borsa,unknown,1439.0,iqborsa:bare_number,https://t.me/iqborsa/8359
iqborsa,2025-11-24,15:10:16,8361,baghdad_generic,borsa,unknown,1436.0,iqborsa:bare_number,https://t.me/iqborsa/8361
iqborsa,2025-11-24,16:22:23,8365,baghdad_generic,borsa,unknown,1428.0,iqborsa:bare_number,https://t.me/iqborsa/8365
iqborsa,2025-11-24,17:38:28,8366,baghdad_generic,borsa,unknown,1427.5,iqborsa:bare_number,https://t.me/iqborsa/8366
iqborsa,2025-11-25,11:11:28,8368,baghdad_generic,borsa,unknown,1425.0,iqborsa:bare_number,https://t.me/iqborsa/8368
iqborsa,2025-11-25,12:05:57,8370,baghdad_generic,borsa,unknown,1426.5,iqborsa:bare_number,https://t.me/iqborsa/8370
iqborsa,2025-11-25,13:11:52,8371,baghdad_generic,borsa,unknown,1425.0,iqborsa:bare_number,https://t.me/iqborsa/8371
iqborsa,2025-11-25,13:23:37,8372,baghdad_generic,borsa,unknown,1421.0,iqborsa:bare_number,https://t.me/iqborsa/8372
iqborsa,2025-11-25,15:13:33,8374,baghdad_generic,borsa,unknown,1422.0,iqborsa:bare_number,https://t.me/iqborsa/8374
iqborsa,2025-11-25,16:22:02,8376,baghdad_generic,borsa,unknown,1425.0,iqborsa:bare_number,https://t.me/iqborsa/8376
iqborsa,2025-11-25,19:47:55,8377,baghdad_generic,borsa,unknown,1422.5,iqborsa:bare_number,https://t.me/iqborsa/8377
iqborsa,2025-11-26,10:08:17,8380,baghdad_generic,borsa,unknown,1423.0,iqborsa:bare_number,https://t.me/iqborsa/8380
iqborsa,2025-11-26,13:07:46,8381,baghdad_generic,borsa,unknown,1422.0,iqborsa:bare_number,https://t.me/iqborsa/8381
iqborsa,2025-11-26,16:44:06,8384,baghdad_generic,borsa,unknown,1419.0,iqborsa:bare_number,https://t.me/iqborsa/8384
iqborsa,2025-11-26,19:53:45,8385,baghdad_generic,borsa,unknown,1418.5,iqborsa:bare_number,https://t.me/iqborsa/8385
iqborsa,2025-11-27,09:15:39,8388,baghdad_generic,borsa,unknown,1419.0,iqborsa:bare_number,https://t.me/iqborsa/8388
iqborsa,2025-11-28,14:14:35,8392,baghdad_generic,borsa,unknown,1425.0,iqborsa:bare_number,https://t.me/iqborsa/8392
iqborsa,2025-11-29,13:19:04,8393,baghdad_generic,borsa,unknown,1424.5,iqborsa:bare_number,https://t.me/iqborsa/8393
iqborsa,2025-11-29,17:14:12,8396,baghdad_generic,borsa,unknown,1423.5,iqborsa:bare_number,https://t.me/iqborsa/8396
iqborsa,2025-11-29,19:57:34,8397,baghdad_generic,borsa,unknown,1420.0,iqborsa:bare_number,https://t.me/iqborsa/8397
iqborsa,2025-11-30,09:34:50,8399,baghdad_generic,borsa,unknown,1421.5,iqborsa:bare_number,https://t.me/iqborsa/8399
iqborsa,2025-11-30,10:40:26,8401,baghdad_generic,borsa,unknown,1420.5,iqborsa:bare_number,https://t.me/iqborsa/8401
iqborsa,2025-11-30,12:41:34,8402,baghdad_generic,borsa,unknown,1423.5,iqborsa:bare_number,https://t.me/iqborsa/8402
iqborsa,2025-11-30,16:12:12,8404,baghdad_generic,borsa,unknown,1426.0,iqborsa:bare_number,https://t.me/iqborsa/8404
iqborsa,2025-12-01,10:06:20,8406,baghdad_generic,borsa,unknown,1426.5,iqborsa:bare_number,https://t.me/iqborsa/8406
iqborsa,2025-12-01,13:57:55,8407,baghdad_generic,borsa,unknown,1428.0,iqborsa:bare_number,https://t.me/iqborsa/8407
iqborsa,2025-12-01,17:17:51,8408,baghdad_generic,borsa,unknown,1428.5,iqborsa:bare_number,https://t.me/iqborsa/8408
iqborsa,2025-12-01,21:40:25,8409,baghdad_generic,borsa,unknown,1430.0,iqborsa:bare_number,https://t.me/iqborsa/8409
iqborsa,2025-12-02,11:52:13,8411,baghdad_generic,borsa,unknown,1431.0,iqborsa:bare_number,https://t.me/iqborsa/8411
iqborsa,2025-12-06,11:50:35,8435,baghdad_generic,borsa,unknown,1428.0,iqborsa:bare_number,https://t.me/iqborsa/8435
iqborsa,2025-12-06,12:54:15,8438,baghdad_generic,borsa,unknown,1429.0,iqborsa:bare_number,https://t.me/iqborsa/8438
iqborsa,2025-12-06,14:56:01,8439,baghdad_generic,borsa,unknown,1427.5,iqborsa:bare_number,https://t.me/iqborsa/8439
iqborsa,2025-12-07,10:34:19,8442,baghdad_generic,borsa,unknown,1427.5,iqborsa:bare_number,https://t.me/iqborsa/8442
iqborsa,2025-12-07,14:08:48,8444,baghdad_generic,borsa,unknown,1426.0,iqborsa:bare_number,https://t.me/iqborsa/8444
iqborsa,2025-12-07,17:00:27,8447,baghdad_generic,borsa,unknown,1425.5,iqborsa:bare_number,https://t.me/iqborsa/8447
iqborsa,2025-12-08,11:19:12,8449,baghdad_generic,borsa,unknown,1427.0,iqborsa:bare_number,https://t.me/iqborsa/8449
iqborsa,2025-12-08,13:32:50,8453,baghdad_generic,borsa,unknown,1429.0,iqborsa:bare_number,https://t.me/iqborsa/8453
iqborsa,2025-12-08,14:50:33,8455,baghdad_generic,borsa,unknown,1430.0,iqborsa:bare_number,https://t.me/iqborsa/8455
iqborsa,2025-12-09,12:44:49,8458,baghdad_generic,borsa,unknown,1429.5,iqborsa:bare_number,https://t.me/iqborsa/8458
iqborsa,2025-12-09,13:44:09,8460,baghdad_generic,borsa,unknown,1429.0,iqborsa:bare_number,https://t.me/iqborsa/8460
iqborsa,2025-12-09,14:05:53,8462,baghdad_generic,borsa,unknown,1430.0,iqborsa:bare_number,https://t.me/iqborsa/8462
iqborsa,2025-12-10,11:46:17,8465,baghdad_generic,borsa,unknown,1431.0,iqborsa:bare_number,https://t.me/iqborsa/8465
iqborsa,2025-12-10,17:02:54,8467,baghdad_generic,borsa,unknown,1430.0,iqborsa:bare_number,https://t.me/iqborsa/8467
iqborsa,2025-12-11,11:20:15,8470,baghdad_generic,borsa,unknown,1429.5,iqborsa:bare_number,https://t.me/iqborsa/8470
iqborsa,2025-12-11,17:05:15,8473,baghdad_generic,borsa,unknown,1432.0,iqborsa:bare_number,https://t.me/iqborsa/8473
iqborsa,2025-12-13,11:18:44,8478,baghdad_generic,borsa,unknown,1432.0,iqborsa:bare_number,https://t.me/iqborsa/8478
iqborsa,2025-12-15,12:25:57,8487,baghdad_generic,borsa,unknown,1430.0,iqborsa:bare_number,https://t.me/iqborsa/8487
iqborsa,2025-12-15,16:18:14,8490,baghdad_generic,borsa,unknown,1430.0,iqborsa:bare_number,https://t.me/iqborsa/8490
iqborsa,2025-12-16,11:17:16,8492,baghdad_generic,borsa,unknown,1430.0,iqborsa:bare_number,https://t.me/iqborsa/8492
iqborsa,2025-12-16,18:04:38,8494,baghdad_generic,borsa,unknown,1427.0,iqborsa:bare_number,https://t.me/iqborsa/8494
iqborsa,2025-12-17,14:39:05,8495,baghdad_generic,borsa,unknown,1425.0,iqborsa:bare_number,https://t.me/iqborsa/8495
iqborsa,2025-12-18,09:42:34,8496,baghdad_generic,borsa,unknown,1426.5,iqborsa:bare_number,https://t.me/iqborsa/8496
iqborsa,2025-12-20,13:26:47,8500,baghdad_generic,borsa,unknown,1427.5,iqborsa:bare_number,https://t.me/iqborsa/8500
iqborsa,2025-12-21,19:45:33,8504,baghdad_generic,borsa,unknown,1429.5,iqborsa:bare_number,https://t.me/iqborsa/8504
iqborsa,2025-12-22,11:02:43,8505,baghdad_generic,borsa,unknown,1427.5,iqborsa:bare_number,https://t.me/iqborsa/8505
iqborsa,2025-12-22,13:25:21,8506,baghdad_generic,borsa,unknown,1430.0,iqborsa:bare_number,https://t.me/iqborsa/8506
iqborsa,2025-12-22,20:13:38,8507,baghdad_generic,borsa,unknown,1432.5,iqborsa:bare_number,https://t.me/iqborsa/8507
iqborsa,2025-12-24,11:04:18,8516,baghdad_generic,borsa,unknown,1430.0,iqborsa:bare_number,https://t.me/iqborsa/8516
iqborsa,2025-12-27,17:57:15,8529,baghdad_generic,borsa,unknown,1430.0,iqborsa:bare_number,https://t.me/iqborsa/8529
iqborsa,2025-12-28,12:15:45,8532,baghdad_generic,borsa,unknown,1433.0,iqborsa:bare_number,https://t.me/iqborsa/8532
iqborsa,2025-12-28,13:56:10,8534,baghdad_generic,borsa,unknown,1435.5,iqborsa:bare_number,https://t.me/iqborsa/8534
iqborsa,2025-12-28,14:51:06,8535,baghdad_generic,borsa,unknown,1437.0,iqborsa:bare_number,https://t.me/iqborsa/8535
iqborsa,2025-12-29,11:06:42,8541,baghdad_generic,borsa,unknown,1441.0,iqborsa:bare_number,https://t.me/iqborsa/8541
iqborsa,2025-12-30,18:01:04,8550,baghdad_generic,borsa,unknown,1439.0,iqborsa:bare_number,https://t.me/iqborsa/8550
iqborsa,2026-01-02,12:46:06,8568,baghdad_generic,borsa,unknown,1445.0,iqborsa:bare_number,https://t.me/iqborsa/8568
iqborsa,2026-01-03,10:53:26,8571,baghdad_generic,borsa,unknown,1444.5,iqborsa:bare_number,https://t.me/iqborsa/8571
iqborsa,2026-01-03,12:32:28,8573,baghdad_generic,borsa,unknown,1447.0,iqborsa:bare_number,https://t.me/iqborsa/8573
iqborsa,2026-01-03,13:24:52,8575,baghdad_generic,borsa,unknown,1450.0,iqborsa:bare_number,https://t.me/iqborsa/8575
iqborsa,2026-01-04,12:39:43,8578,baghdad_generic,borsa,unknown,1453.0,iqborsa:bare_number,https://t.me/iqborsa/8578
iqborsa,2026-01-04,13:03:29,8579,baghdad_generic,borsa,unknown,1455.0,iqborsa:bare_number,https://t.me/iqborsa/8579
iqborsa,2026-01-04,13:56:02,8581,baghdad_generic,borsa,unknown,1460.0,iqborsa:bare_number,https://t.me/iqborsa/8581
iqborsa,2026-01-04,15:52:58,8582,baghdad_generic,borsa,unknown,1458.0,iqborsa:bare_number,https://t.me/iqborsa/8582
iqborsa,2026-01-04,21:17:08,8586,baghdad_generic,borsa,unknown,1470.0,iqborsa:bare_number,https://t.me/iqborsa/8586
iqborsa,2026-01-05,12:20:39,8595,baghdad_generic,borsa,unknown,1479.0,iqborsa:bare_number,https://t.me/iqborsa/8595
iqborsa,2026-01-05,19:54:13,8597,baghdad_generic,borsa,unknown,1482.5,iqborsa:bare_number,https://t.me/iqborsa/8597
iqborsa,2026-01-06,11:26:03,8602,baghdad_generic,borsa,unknown,1482.5,iqborsa:bare_number,https://t.me/iqborsa/8602
iqborsa,2026-01-06,11:39:43,8603,baghdad_generic,borsa,unknown,1485.0,iqborsa:bare_number,https://t.me/iqborsa/8603
iqborsa,2026-01-06,11:48:19,8605,baghdad_generic,borsa,unknown,1483.5,iqborsa:bare_number,https://t.me/iqborsa/8605
iqborsa,2026-01-06,11:52:47,8606,baghdad_generic,borsa,unknown,1482.0,iqborsa:bare_number,https://t.me/iqborsa/8606
iqborsa,2026-01-06,12:33:13,8607,baghdad_generic,borsa,unknown,1480.0,iqborsa:bare_number,https://t.me/iqborsa/8607
iqborsa,2026-01-06,13:09:22,8608,baghdad_generic,borsa,unknown,1479.0,iqborsa:bare_number,https://t.me/iqborsa/8608
iqborsa,2026-01-06,13:46:32,8609,baghdad_generic,borsa,unknown,1473.5,iqborsa:bare_number,https://t.me/iqborsa/8609
iqborsa,2026-01-06,14:09:16,8610,baghdad_generic,borsa,unknown,1477.5,iqborsa:bare_number,https://t.me/iqborsa/8610
iqborsa,2026-01-06,14:27:02,8612,baghdad_generic,borsa,unknown,1474.0,iqborsa:bare_number,https://t.me/iqborsa/8612
iqborsa,2026-01-06,17:39:37,8613,baghdad_generic,borsa,unknown,1469.0,iqborsa:bare_number,https://t.me/iqborsa/8613
iqborsa,2026-01-07,10:19:37,8618,baghdad_generic,borsa,unknown,1464.0,iqborsa:bare_number,https://t.me/iqborsa/8618
iqborsa,2026-01-07,12:45:05,8619,baghdad_generic,borsa,unknown,1470.0,iqborsa:bare_number,https://t.me/iqborsa/8619
iqborsa,2026-01-07,14:53:29,8620,baghdad_generic,borsa,unknown,1476.0,iqborsa:bare_number,https://t.me/iqborsa/8620
iqborsa,2026-01-07,16:49:35,8622,baghdad_generic,borsa,unknown,1474.5,iqborsa:bare_number,https://t.me/iqborsa/8622
iqborsa,2026-01-07,18:21:14,8624,baghdad_generic,borsa,unknown,1476.5,iqborsa:bare_number,https://t.me/iqborsa/8624
iqborsa,2026-01-08,11:34:02,8627,baghdad_generic,borsa,unknown,1478.0,iqborsa:bare_number,https://t.me/iqborsa/8627
iqborsa,2026-01-08,11:59:22,8630,baghdad_generic,borsa,unknown,1473.0,iqborsa:bare_number,https://t.me/iqborsa/8630
iqborsa,2026-01-08,12:18:08,8631,baghdad_generic,borsa,unknown,1476.0,iqborsa:bare_number,https://t.me/iqborsa/8631
iqborsa,2026-01-08,13:05:52,8632,baghdad_generic,borsa,unknown,1472.5,iqborsa:bare_number,https://t.me/iqborsa/8632
iqborsa,2026-01-08,13:32:09,8633,baghdad_generic,borsa,unknown,1470.0,iqborsa:bare_number,https://t.me/iqborsa/8633
iqborsa,2026-01-08,15:58:01,8637,baghdad_generic,borsa,unknown,1467.0,iqborsa:bare_number,https://t.me/iqborsa/8637
iqborsa,2026-01-09,11:11:18,8640,baghdad_generic,borsa,unknown,1465.0,iqborsa:bare_number,https://t.me/iqborsa/8640
iqborsa,2026-01-10,10:48:51,8645,baghdad_generic,borsa,unknown,1465.5,iqborsa:bare_number,https://t.me/iqborsa/8645
iqborsa,2026-01-10,11:26:47,8647,baghdad_generic,borsa,unknown,1464.5,iqborsa:bare_number,https://t.me/iqborsa/8647
iqborsa,2026-01-10,11:55:39,8649,baghdad_generic,borsa,unknown,1471.0,iqborsa:bare_number,https://t.me/iqborsa/8649
iqborsa,2026-01-10,17:17:43,8650,baghdad_generic,borsa,unknown,1468.0,iqborsa:bare_number,https://t.me/iqborsa/8650
iqborsa,2026-01-10,21:16:51,8651,baghdad_generic,borsa,unknown,1466.0,iqborsa:bare_number,https://t.me/iqborsa/8651
iqborsa,2026-01-11,11:50:39,8653,baghdad_generic,borsa,unknown,1461.0,iqborsa:bare_number,https://t.me/iqborsa/8653
iqborsa,2026-01-11,13:28:19,8654,baghdad_generic,borsa,unknown,1458.0,iqborsa:bare_number,https://t.me/iqborsa/8654
iqborsa,2026-01-11,16:26:10,8656,baghdad_generic,borsa,unknown,1465.0,iqborsa:bare_number,https://t.me/iqborsa/8656
iqborsa,2026-01-11,18:02:23,8659,baghdad_generic,borsa,unknown,1465.5,iqborsa:bare_number,https://t.me/iqborsa/8659
iqborsa,2026-01-12,11:55:23,8663,baghdad_generic,borsa,unknown,1470.0,iqborsa:bare_number,https://t.me/iqborsa/8663
iqborsa,2026-01-12,12:07:04,8664,baghdad_generic,borsa,unknown,1467.5,iqborsa:bare_number,https://t.me/iqborsa/8664
iqborsa,2026-01-12,15:02:21,8666,baghdad_generic,borsa,unknown,1465.0,iqborsa:bare_number,https://t.me/iqborsa/8666
iqborsa,2026-01-12,19:53:25,8668,baghdad_generic,borsa,unknown,1462.5,iqborsa:bare_number,https://t.me/iqborsa/8668
iqborsa,2026-01-13,11:57:54,8670,baghdad_generic,borsa,unknown,1464.0,iqborsa:bare_number,https://t.me/iqborsa/8670
iqborsa,2026-01-13,13:55:56,8672,baghdad_generic,borsa,unknown,1465.0,iqborsa:bare_number,https://t.me/iqborsa/8672
iqborsa,2026-01-13,14:12:25,8673,baghdad_generic,borsa,unknown,1467.5,iqborsa:bare_number,https://t.me/iqborsa/8673
iqborsa,2026-01-13,15:00:54,8675,baghdad_generic,borsa,unknown,1471.0,iqborsa:bare_number,https://t.me/iqborsa/8675
iqborsa,2026-01-14,11:45:15,8678,baghdad_generic,borsa,unknown,1475.0,iqborsa:bare_number,https://t.me/iqborsa/8678
iqborsa,2026-01-14,11:48:31,8679,baghdad_generic,borsa,unknown,1477.5,iqborsa:bare_number,https://t.me/iqborsa/8679
iqborsa,2026-01-14,12:24:01,8680,baghdad_generic,borsa,unknown,1476.5,iqborsa:bare_number,https://t.me/iqborsa/8680
iqborsa,2026-01-14,14:15:06,8681,baghdad_generic,borsa,unknown,1478.0,iqborsa:bare_number,https://t.me/iqborsa/8681
iqborsa,2026-01-14,15:04:16,8683,baghdad_generic,borsa,unknown,1480.0,iqborsa:bare_number,https://t.me/iqborsa/8683
iqborsa,2026-01-14,15:19:06,8684,baghdad_generic,borsa,unknown,1481.0,iqborsa:bare_number,https://t.me/iqborsa/8684
iqborsa,2026-01-14,17:34:17,8686,baghdad_generic,borsa,unknown,1480.5,iqborsa:bare_number,https://t.me/iqborsa/8686
iqborsa,2026-01-15,11:35:57,8689,baghdad_generic,borsa,unknown,1477.5,iqborsa:bare_number,https://t.me/iqborsa/8689
iqborsa,2026-01-15,13:46:53,8691,baghdad_generic,borsa,unknown,1475.0,iqborsa:bare_number,https://t.me/iqborsa/8691
iqborsa,2026-01-15,15:05:57,8692,baghdad_generic,borsa,unknown,1475.5,iqborsa:bare_number,https://t.me/iqborsa/8692
iqborsa,2026-01-15,19:33:22,8695,baghdad_generic,borsa,unknown,1470.0,iqborsa:bare_number,https://t.me/iqborsa/8695
iqborsa,2026-01-16,14:46:48,8696,baghdad_generic,borsa,unknown,1470.0,iqborsa:bare_number,https://t.me/iqborsa/8696
iqborsa,2026-01-17,12:02:23,8699,baghdad_generic,borsa,unknown,1470.5,iqborsa:bare_number,https://t.me/iqborsa/8699
iqborsa,2026-01-17,15:40:29,8701,baghdad_generic,borsa,unknown,1468.0,iqborsa:bare_number,https://t.me/iqborsa/8701
iqborsa,2026-01-17,19:41:34,8703,baghdad_generic,borsa,unknown,1469.5,iqborsa:bare_number,https://t.me/iqborsa/8703
iqborsa,2026-01-18,10:34:16,8706,baghdad_generic,borsa,unknown,1470.0,iqborsa:bare_number,https://t.me/iqborsa/8706
iqborsa,2026-01-18,12:12:32,8708,baghdad_generic,borsa,unknown,1471.5,iqborsa:bare_number,https://t.me/iqborsa/8708
iqborsa,2026-01-19,09:38:16,8711,baghdad_generic,borsa,unknown,1472.0,iqborsa:bare_number,https://t.me/iqborsa/8711
iqborsa,2026-01-19,10:54:33,8712,baghdad_generic,borsa,unknown,1474.0,iqborsa:bare_number,https://t.me/iqborsa/8712
iqborsa,2026-01-19,12:17:10,8713,baghdad_generic,borsa,unknown,1475.0,iqborsa:bare_number,https://t.me/iqborsa/8713
iqborsa,2026-01-19,17:31:01,8714,baghdad_generic,borsa,unknown,1474.5,iqborsa:bare_number,https://t.me/iqborsa/8714
iqborsa,2026-01-19,19:21:20,8716,baghdad_generic,borsa,unknown,1472.5,iqborsa:bare_number,https://t.me/iqborsa/8716
iqborsa,2026-01-20,10:04:43,8718,baghdad_generic,borsa,unknown,1474.5,iqborsa:bare_number,https://t.me/iqborsa/8718
iqborsa,2026-01-20,11:35:56,8720,baghdad_generic,borsa,unknown,1477.5,iqborsa:bare_number,https://t.me/iqborsa/8720
iqborsa,2026-01-20,12:32:27,8721,baghdad_generic,borsa,unknown,1480.0,iqborsa:bare_number,https://t.me/iqborsa/8721
iqborsa,2026-01-20,16:31:18,8723,baghdad_generic,borsa,unknown,1482.5,iqborsa:bare_number,https://t.me/iqborsa/8723
iqborsa,2026-01-21,10:58:25,8726,baghdad_generic,borsa,unknown,1480.0,iqborsa:bare_number,https://t.me/iqborsa/8726
iqborsa,2026-01-21,13:28:38,8728,baghdad_generic,borsa,unknown,1479.5,iqborsa:bare_number,https://t.me/iqborsa/8728
iqborsa,2026-01-21,14:31:36,8730,baghdad_generic,borsa,unknown,1481.5,iqborsa:bare_number,https://t.me/iqborsa/8730
iqborsa,2026-01-21,19:40:44,8732,baghdad_generic,borsa,unknown,1481.0,iqborsa:bare_number,https://t.me/iqborsa/8732
iqborsa,2026-01-22,11:30:20,8734,baghdad_generic,borsa,unknown,1477.5,iqborsa:bare_number,https://t.me/iqborsa/8734
iqborsa,2026-01-22,11:34:43,8735,baghdad_generic,borsa,unknown,1479.0,iqborsa:bare_number,https://t.me/iqborsa/8735
iqborsa,2026-01-22,12:53:31,8738,baghdad_generic,borsa,unknown,1480.5,iqborsa:bare_number,https://t.me/iqborsa/8738
iqborsa,2026-01-22,14:00:21,8739,baghdad_generic,borsa,unknown,1480.0,iqborsa:bare_number,https://t.me/iqborsa/8739
iqborsa,2026-01-22,16:28:27,8740,baghdad_generic,borsa,unknown,1477.5,iqborsa:bare_number,https://t.me/iqborsa/8740
iqborsa,2026-01-22,20:33:38,8743,baghdad_generic,borsa,unknown,1478.0,iqborsa:bare_number,https://t.me/iqborsa/8743
iqborsa,2026-01-22,21:29:03,8745,baghdad_generic,borsa,unknown,1480.0,iqborsa:bare_number,https://t.me/iqborsa/8745
iqborsa,2026-01-23,12:53:30,8748,baghdad_generic,borsa,unknown,1480.0,iqborsa:bare_number,https://t.me/iqborsa/8748
iqborsa,2026-01-23,18:58:39,8750,baghdad_generic,borsa,unknown,1477.5,iqborsa:bare_number,https://t.me/iqborsa/8750
iqborsa,2026-01-24,11:21:40,8756,baghdad_generic,borsa,unknown,1480.0,iqborsa:bare_number,https://t.me/iqborsa/8756
iqborsa,2026-01-24,14:40:06,8758,baghdad_generic,borsa,unknown,1482.5,iqborsa:bare_number,https://t.me/iqborsa/8758
iqborsa,2026-01-24,17:21:16,8759,baghdad_generic,borsa,unknown,1483.0,iqborsa:bare_number,https://t.me/iqborsa/8759
iqborsa,2026-01-25,09:44:40,8763,baghdad_generic,borsa,unknown,1481.5,iqborsa:bare_number,https://t.me/iqborsa/8763
iqborsa,2026-01-25,12:21:06,8764,baghdad_generic,borsa,unknown,1482.5,iqborsa:bare_number,https://t.me/iqborsa/8764
iqborsa,2026-01-25,12:28:33,8765,baghdad_generic,borsa,unknown,1485.0,iqborsa:bare_number,https://t.me/iqborsa/8765
iqborsa,2026-01-25,13:27:27,8768,baghdad_generic,borsa,unknown,1487.5,iqborsa:bare_number,https://t.me/iqborsa/8768
iqborsa,2026-01-25,15:07:28,8770,baghdad_generic,borsa,unknown,1492.5,iqborsa:bare_number,https://t.me/iqborsa/8770
iqborsa,2026-01-25,16:49:56,8773,baghdad_generic,borsa,unknown,1490.0,iqborsa:bare_number,https://t.me/iqborsa/8773
iqborsa,2026-01-25,20:38:15,8774,baghdad_generic,borsa,unknown,1487.5,iqborsa:bare_number,https://t.me/iqborsa/8774
iqborsa,2026-01-26,09:42:33,8777,baghdad_generic,borsa,unknown,1490.0,iqborsa:bare_number,https://t.me/iqborsa/8777
iqborsa,2026-01-26,11:57:07,8779,baghdad_generic,borsa,unknown,1493.5,iqborsa:bare_number,https://t.me/iqborsa/8779
iqborsa,2026-01-26,14:54:55,8781,baghdad_generic,borsa,unknown,1507.5,iqborsa:bare_number,https://t.me/iqborsa/8781
iqborsa,2026-01-26,14:58:20,8782,erbil,borsa,unknown,1517.0,iqborsa:city_line,https://t.me/iqborsa/8782
iqborsa,2026-01-27,12:10:42,8786,erbil,borsa,unknown,1542.0,iqborsa:city_line,https://t.me/iqborsa/8786
iqborsa,2026-01-27,13:19:33,8788,baghdad_generic,borsa,unknown,1532.5,iqborsa:city_line,https://t.me/iqborsa/8788
iqborsa,2026-01-27,13:57:46,8791,baghdad_generic,borsa,unknown,1533.5,iqborsa:city_line,https://t.me/iqborsa/8791
iqborsa,2026-01-27,14:44:26,8793,erbil,borsa,unknown,1550.0,iqborsa:city_line,https://t.me/iqborsa/8793
iqborsa,2026-01-27,15:07:54,8794,baghdad_generic,borsa,unknown,1535.0,iqborsa:city_line,https://t.me/iqborsa/8794
iqborsa,2026-01-27,17:41:27,8797,baghdad_generic,borsa,unknown,1530.0,iqborsa:city_line,https://t.me/iqborsa/8797
iqborsa,2026-01-27,19:35:38,8798,baghdad_generic,borsa,unknown,1527.5,iqborsa:bare_number,https://t.me/iqborsa/8798
iqborsa,2026-01-27,21:15:55,8802,baghdad_generic,borsa,unknown,1522.5,iqborsa:bare_number,https://t.me/iqborsa/8802
iqborsa,2026-01-28,09:49:45,8808,baghdad_generic,borsa,unknown,1522.0,iqborsa:bare_number,https://t.me/iqborsa/8808
iqborsa,2026-01-28,10:07:34,8809,erbil,borsa,unknown,1548.5,iqborsa:city_line,https://t.me/iqborsa/8809
iqborsa,2026-01-28,10:23:48,8810,baghdad_generic,borsa,unknown,1530.0,iqborsa:city_line,https://t.me/iqborsa/8810
iqborsa,2026-01-28,10:59:16,8811,baghdad_generic,borsa,unknown,1532.0,iqborsa:city_line,https://t.me/iqborsa/8811
iqborsa,2026-01-28,10:59:26,8812,basra,borsa,unknown,1528.0,iqborsa:city_line,https://t.me/iqborsa/8812
iqborsa,2026-01-28,11:07:43,8813,baghdad_generic,borsa,unknown,1530.0,iqborsa:city_line,https://t.me/iqborsa/8813
iqborsa,2026-01-28,11:38:14,8814,baghdad_generic,borsa,unknown,1527.5,iqborsa:city_line,https://t.me/iqborsa/8814
iqborsa,2026-01-28,11:39:19,8815,erbil,borsa,unknown,1538.5,iqborsa:city_line,https://t.me/iqborsa/8815
iqborsa,2026-01-28,12:21:25,8817,baghdad_generic,borsa,unknown,1522.5,iqborsa:city_line,https://t.me/iqborsa/8817
iqborsa,2026-01-28,13:17:33,8818,baghdad_generic,borsa,unknown,1519.0,iqborsa:city_line,https://t.me/iqborsa/8818
iqborsa,2026-01-28,13:36:00,8819,baghdad_generic,borsa,unknown,1516.0,iqborsa:city_line,https://t.me/iqborsa/8819
iqborsa,2026-01-28,13:38:48,8821,baghdad_generic,borsa,unknown,1507.5,iqborsa:city_line,https://t.me/iqborsa/8821
iqborsa,2026-01-28,13:58:03,8823,baghdad_generic,borsa,unknown,1510.0,iqborsa:city_line,https://t.me/iqborsa/8823
iqborsa,2026-01-28,14:37:03,8825,baghdad_generic,borsa,unknown,1509.0,iqborsa:city_line,https://t.me/iqborsa/8825
iqborsa,2026-01-28,15:43:41,8826,baghdad_generic,borsa,unknown,1493.0,iqborsa:city_line,https://t.me/iqborsa/8826
iqborsa,2026-01-29,10:19:24,8831,baghdad_generic,borsa,unknown,1499.0,iqborsa:city_line,https://t.me/iqborsa/8831
iqborsa,2026-01-29,10:53:20,8832,baghdad_generic,borsa,unknown,1498.5,iqborsa:city_line,https://t.me/iqborsa/8832
iqborsa,2026-01-29,16:02:58,8834,baghdad_generic,borsa,unknown,1502.5,iqborsa:city_line,https://t.me/iqborsa/8834
iqborsa,2026-01-29,19:40:11,8838,baghdad_generic,borsa,unknown,1500.0,iqborsa:city_line,https://t.me/iqborsa/8838
iqborsa,2026-01-30,13:46:49,8841,baghdad_generic,borsa,unknown,1522.5,iqborsa:city_line,https://t.me/iqborsa/8841
iqborsa,2026-01-30,17:22:10,8844,baghdad_generic,borsa,unknown,1500.0,iqborsa:city_line,https://t.me/iqborsa/8844
iqborsa,2026-01-30,19:45:37,8846,baghdad_generic,borsa,unknown,1496.5,iqborsa:city_line,https://t.me/iqborsa/8846
iqborsa,2026-01-31,11:45:09,8850,baghdad_generic,borsa,unknown,1497.5,iqborsa:bare_number,https://t.me/iqborsa/8850
iqborsa,2026-01-31,12:26:19,8852,baghdad_generic,borsa,unknown,1496.5,iqborsa:bare_number,https://t.me/iqborsa/8852
iqborsa,2026-01-31,12:59:09,8854,baghdad_generic,borsa,unknown,1495.0,iqborsa:bare_number,https://t.me/iqborsa/8854
iqborsa,2026-01-31,14:36:43,8856,baghdad_generic,borsa,unknown,1494.5,iqborsa:bare_number,https://t.me/iqborsa/8856
iqborsa,2026-01-31,16:14:49,8858,baghdad_generic,borsa,unknown,1492.5,iqborsa:bare_number,https://t.me/iqborsa/8858
iqborsa,2026-01-31,17:55:39,8861,baghdad_generic,borsa,unknown,1493.0,iqborsa:bare_number,https://t.me/iqborsa/8861
iqborsa,2026-02-01,13:30:59,8864,baghdad_generic,borsa,unknown,1478.5,iqborsa:city_line,https://t.me/iqborsa/8864
iqborsa,2026-02-01,14:10:40,8865,baghdad_generic,borsa,unknown,1476.0,iqborsa:bare_number,https://t.me/iqborsa/8865
iqborsa,2026-02-01,16:45:41,8867,baghdad_generic,borsa,unknown,1485.0,iqborsa:bare_number,https://t.me/iqborsa/8867
iqborsa,2026-02-01,17:16:28,8868,baghdad_generic,borsa,unknown,1492.5,iqborsa:bare_number,https://t.me/iqborsa/8868
iqborsa,2026-02-01,21:47:05,8872,baghdad_generic,borsa,unknown,1488.5,iqborsa:bare_number,https://t.me/iqborsa/8872
iqborsa,2026-02-02,11:10:01,8875,baghdad_generic,borsa,unknown,1492.5,iqborsa:bare_number,https://t.me/iqborsa/8875
iqborsa,2026-02-02,11:39:42,8877,baghdad_generic,borsa,unknown,1487.5,iqborsa:city_line,https://t.me/iqborsa/8877
iqborsa,2026-02-02,12:28:05,8880,baghdad_generic,borsa,unknown,1490.0,iqborsa:bare_number,https://t.me/iqborsa/8880
iqborsa,2026-02-03,10:12:30,8885,baghdad_generic,borsa,unknown,1492.5,iqborsa:city_line,https://t.me/iqborsa/8885
iqborsa,2026-02-03,12:09:39,8888,baghdad_generic,borsa,unknown,1491.0,iqborsa:city_line,https://t.me/iqborsa/8888
iqborsa,2026-02-03,13:38:56,8890,baghdad_generic,borsa,unknown,1495.0,iqborsa:city_line,https://t.me/iqborsa/8890
iqborsa,2026-02-03,14:41:31,8891,baghdad_generic,borsa,unknown,1500.0,iqborsa:city_line,https://t.me/iqborsa/8891
iqborsa,2026-02-03,14:43:33,8892,baghdad_generic,borsa,unknown,1502.5,iqborsa:city_line,https://t.me/iqborsa/8892
iqborsa,2026-02-03,17:21:39,8893,baghdad_generic,borsa,unknown,1497.5,iqborsa:bare_number,https://t.me/iqborsa/8893
iqborsa,2026-02-04,10:23:51,8899,baghdad_generic,borsa,unknown,1500.0,iqborsa:city_line,https://t.me/iqborsa/8899
iqborsa,2026-02-04,10:59:40,8900,baghdad_generic,borsa,unknown,1502.5,iqborsa:city_line,https://t.me/iqborsa/8900
iqborsa,2026-02-04,13:07:34,8902,baghdad_generic,borsa,unknown,1498.0,iqborsa:city_line,https://t.me/iqborsa/8902
iqborsa,2026-02-04,18:29:53,8903,baghdad_generic,borsa,unknown,1497.5,iqborsa:city_line,https://t.me/iqborsa/8903
iqborsa,2026-02-04,20:20:10,8905,baghdad_generic,borsa,unknown,1495.0,iqborsa:city_line,https://t.me/iqborsa/8905
iqborsa,2026-02-05,11:03:35,8910,baghdad_generic,borsa,unknown,1497.5,iqborsa:city_line,https://t.me/iqborsa/8910
iqborsa,2026-02-05,11:43:03,8912,baghdad_harithiya,borsa,unknown,1500.0,iqborsa:city_line,https://t.me/iqborsa/8912
iqborsa,2026-02-05,15:38:15,8914,baghdad_generic,borsa,unknown,1499.5,iqborsa:city_line,https://t.me/iqborsa/8914
iqborsa,2026-02-05,20:43:38,8917,baghdad_generic,borsa,unknown,1500.0,iqborsa:city_line,https://t.me/iqborsa/8917
iqborsa,2026-02-06,15:05:57,8922,baghdad_generic,borsa,unknown,1500.0,iqborsa:city_line,https://t.me/iqborsa/8922
iqborsa,2026-02-07,12:31:48,8924,baghdad_generic,borsa,unknown,1498.5,iqborsa:city_line,https://t.me/iqborsa/8924
iqborsa,2026-02-07,22:44:04,8927,baghdad_generic,borsa,unknown,1497.5,iqborsa:city_line,https://t.me/iqborsa/8927
iqborsa,2026-02-08,11:06:01,8928,baghdad_generic,borsa,unknown,1498.5,iqborsa:city_line,https://t.me/iqborsa/8928
iqborsa,2026-02-08,13:41:14,8931,baghdad_generic,borsa,unknown,1500.0,iqborsa:bare_number,https://t.me/iqborsa/8931
iqborsa,2026-02-08,17:07:29,8933,baghdad_generic,borsa,unknown,1498.5,iqborsa:city_line,https://t.me/iqborsa/8933
iqborsa,2026-02-09,10:02:58,8935,baghdad_generic,borsa,unknown,1496.59,iqborsa:city_line,https://t.me/iqborsa/8935
iqborsa,2026-02-09,12:26:24,8936,baghdad_generic,borsa,unknown,1498.5,iqborsa:city_line,https://t.me/iqborsa/8936
iqborsa,2026-02-09,14:19:20,8940,baghdad_generic,borsa,unknown,1500.0,iqborsa:city_line,https://t.me/iqborsa/8940
iqborsa,2026-02-10,10:36:27,8943,baghdad_generic,borsa,unknown,1500.0,iqborsa:city_line,https://t.me/iqborsa/8943
iqborsa,2026-02-10,10:58:41,8945,baghdad_generic,borsa,unknown,1504.0,iqborsa:city_line,https://t.me/iqborsa/8945
iqborsa,2026-02-10,12:02:19,8946,baghdad_generic,borsa,unknown,1505.0,iqborsa:city_line,https://t.me/iqborsa/8946
iqborsa,2026-02-10,16:13:07,8949,baghdad_generic,borsa,unknown,1503.5,iqborsa:city_line,https://t.me/iqborsa/8949
iqborsa,2026-02-10,19:27:30,8950,baghdad_generic,borsa,unknown,1500.0,iqborsa:city_line,https://t.me/iqborsa/8950
iqborsa,2026-02-11,11:09:07,8952,baghdad_generic,borsa,unknown,1508.0,iqborsa:bare_number,https://t.me/iqborsa/8952
iqborsa,2026-02-11,12:13:59,8953,baghdad_generic,borsa,unknown,1515.0,iqborsa:city_line,https://t.me/iqborsa/8953
iqborsa,2026-02-11,13:37:46,8955,baghdad_generic,borsa,unknown,1517.5,iqborsa:city_line,https://t.me/iqborsa/8955
iqborsa,2026-02-11,14:07:56,8957,baghdad_generic,borsa,unknown,1518.0,iqborsa:city_line,https://t.me/iqborsa/8957
iqborsa,2026-02-11,15:11:29,8959,baghdad_generic,borsa,unknown,1512.5,iqborsa:bare_number,https://t.me/iqborsa/8959
iqborsa,2026-02-11,19:26:15,8962,baghdad_generic,borsa,unknown,1510.0,iqborsa:city_line,https://t.me/iqborsa/8962
iqborsa,2026-02-12,10:42:38,8965,baghdad_generic,borsa,unknown,1512.5,iqborsa:city_line,https://t.me/iqborsa/8965
iqborsa,2026-02-12,12:00:59,8966,baghdad_generic,borsa,unknown,1515.5,iqborsa:city_line,https://t.me/iqborsa/8966
iqborsa,2026-02-12,12:58:00,8968,baghdad_generic,borsa,unknown,1512.0,iqborsa:city_line,https://t.me/iqborsa/8968
iqborsa,2026-02-12,14:53:02,8970,baghdad_generic,borsa,unknown,1510.0,iqborsa:short_city_line,https://t.me/iqborsa/8970
iqborsa,2026-02-12,18:07:00,8971,baghdad_generic,borsa,unknown,1512.5,iqborsa:city_line,https://t.me/iqborsa/8971
iqborsa,2026-02-13,14:31:29,8975,baghdad_generic,borsa,unknown,1510.5,iqborsa:city_line,https://t.me/iqborsa/8975
iqborsa,2026-02-13,20:54:29,8978,baghdad_generic,borsa,unknown,1509.5,iqborsa:city_line,https://t.me/iqborsa/8978
iqborsa,2026-02-14,10:58:13,8982,baghdad_generic,borsa,unknown,1510.5,iqborsa:city_line,https://t.me/iqborsa/8982
iqborsa,2026-02-14,10:58:43,8984,basra,borsa,unknown,1509.0,iqborsa:city_line,https://t.me/iqborsa/8984
iqborsa,2026-02-14,12:11:04,8988,baghdad_generic,borsa,unknown,1507.5,iqborsa:bare_number,https://t.me/iqborsa/8988
iqborsa,2026-02-14,14:27:12,8991,baghdad_generic,borsa,unknown,1507.0,iqborsa:bare_number,https://t.me/iqborsa/8991
iqborsa,2026-02-14,17:57:32,8995,baghdad_generic,borsa,unknown,1505.0,iqborsa:bare_number,https://t.me/iqborsa/8995
iqborsa,2026-02-15,10:30:18,8999,baghdad_generic,borsa,unknown,1507.5,iqborsa:bare_number,https://t.me/iqborsa/8999
iqborsa,2026-02-15,13:24:46,9001,baghdad_generic,borsa,unknown,1509.0,iqborsa:bare_number,https://t.me/iqborsa/9001
iqborsa,2026-02-15,15:26:42,9003,baghdad_generic,borsa,unknown,1510.0,iqborsa:bare_number,https://t.me/iqborsa/9003
iqborsa,2026-02-15,17:53:53,9005,baghdad_generic,borsa,unknown,1511.0,iqborsa:bare_number,https://t.me/iqborsa/9005
iqborsa,2026-02-16,11:18:28,9011,baghdad_generic,borsa,unknown,1512.0,iqborsa:bare_number,https://t.me/iqborsa/9011
iqborsa,2026-02-16,13:52:51,9015,baghdad_generic,borsa,unknown,1513.0,iqborsa:bare_number,https://t.me/iqborsa/9015
iqborsa,2026-02-16,15:33:32,9017,baghdad_generic,borsa,unknown,1515.0,iqborsa:bare_number,https://t.me/iqborsa/9017
iqborsa,2026-02-16,17:36:35,9019,baghdad_generic,borsa,unknown,1514.0,iqborsa:bare_number,https://t.me/iqborsa/9019
iqborsa,2026-02-17,11:10:46,9022,baghdad_generic,borsa,unknown,1516.0,iqborsa:city_line,https://t.me/iqborsa/9022
iqborsa,2026-02-17,13:19:48,9024,baghdad_generic,borsa,unknown,1515.0,iqborsa:city_line,https://t.me/iqborsa/9024
iqborsa,2026-02-17,16:51:24,9028,baghdad_generic,borsa,unknown,1515.5,iqborsa:city_line,https://t.me/iqborsa/9028
iqborsa,2026-02-17,21:21:01,9032,baghdad_generic,borsa,unknown,1513.5,iqborsa:city_line,https://t.me/iqborsa/9032
iqborsa,2026-02-18,10:06:48,9033,baghdad_generic,borsa,unknown,1515.0,iqborsa:city_line,https://t.me/iqborsa/9033
iqborsa,2026-02-18,10:55:09,9034,baghdad_generic,borsa,unknown,1516.5,iqborsa:city_line,https://t.me/iqborsa/9034
iqborsa,2026-02-18,11:27:44,9035,baghdad_harithiya,borsa,unknown,1518.0,iqborsa:city_line,https://t.me/iqborsa/9035
iqborsa,2026-02-18,13:39:20,9038,baghdad_generic,borsa,unknown,1520.0,iqborsa:city_line,https://t.me/iqborsa/9038
iqborsa,2026-02-19,08:49:16,9043,baghdad_generic,borsa,unknown,1522.5,iqborsa:city_line,https://t.me/iqborsa/9043
iqborsa,2026-02-19,11:28:10,9044,baghdad_generic,borsa,unknown,1525.0,iqborsa:city_line,https://t.me/iqborsa/9044
iqborsa,2026-02-19,12:27:02,9045,baghdad_generic,borsa,unknown,1527.5,iqborsa:city_line,https://t.me/iqborsa/9045
iqborsa,2026-02-19,13:50:04,9047,baghdad_generic,borsa,unknown,1534.0,iqborsa:bare_number,https://t.me/iqborsa/9047
iqborsa,2026-02-19,18:55:16,9048,baghdad_generic,borsa,unknown,1527.5,iqborsa:bare_number,https://t.me/iqborsa/9048
iqborsa,2026-02-20,13:43:20,9050,baghdad_generic,borsa,unknown,1525.0,iqborsa:bare_number,https://t.me/iqborsa/9050
iqborsa,2026-02-21,12:37:49,9053,baghdad_generic,borsa,unknown,1527.5,iqborsa:bare_number,https://t.me/iqborsa/9053
iqborsa,2026-02-21,14:35:08,9054,baghdad_generic,borsa,unknown,1525.0,iqborsa:bare_number,https://t.me/iqborsa/9054
iqborsa,2026-02-21,16:01:30,9057,baghdad_generic,borsa,unknown,1527.0,iqborsa:bare_number,https://t.me/iqborsa/9057
iqborsa,2026-02-22,11:26:46,9060,baghdad_generic,borsa,unknown,1526.0,iqborsa:bare_number,https://t.me/iqborsa/9060
iqborsa,2026-02-22,11:51:27,9061,baghdad_generic,borsa,unknown,1526.5,iqborsa:bare_number,https://t.me/iqborsa/9061
iqborsa,2026-02-23,11:35:43,9063,baghdad_generic,borsa,unknown,1525.0,iqborsa:city_line,https://t.me/iqborsa/9063
iqborsa,2026-02-23,12:03:41,9065,baghdad_generic,borsa,unknown,1526.5,iqborsa:city_line,https://t.me/iqborsa/9065
iqborsa,2026-02-23,13:13:20,9066,baghdad_generic,borsa,unknown,1527.5,iqborsa:city_line,https://t.me/iqborsa/9066
iqborsa,2026-02-23,16:52:03,9068,baghdad_generic,borsa,unknown,1528.0,iqborsa:city_line,https://t.me/iqborsa/9068
iqborsa,2026-02-23,20:31:00,9070,baghdad_generic,borsa,unknown,1530.0,iqborsa:city_line,https://t.me/iqborsa/9070
iqborsa,2026-02-24,11:27:50,9073,baghdad_generic,borsa,unknown,1533.0,iqborsa:city_line,https://t.me/iqborsa/9073
iqborsa,2026-02-24,11:33:19,9074,baghdad_generic,borsa,unknown,1535.0,iqborsa:city_line,https://t.me/iqborsa/9074
iqborsa,2026-02-24,13:56:53,9077,baghdad_generic,borsa,unknown,1536.0,iqborsa:city_line,https://t.me/iqborsa/9077
iqborsa,2026-02-24,15:30:00,9080,baghdad_generic,borsa,unknown,1537.5,iqborsa:city_line,https://t.me/iqborsa/9080
iqborsa,2026-02-24,17:49:47,9082,baghdad_generic,borsa,unknown,1535.5,iqborsa:city_line,https://t.me/iqborsa/9082
iqborsa,2026-02-25,13:41:25,9085,baghdad_generic,borsa,unknown,1542.0,iqborsa:city_line,https://t.me/iqborsa/9085
iqborsa,2026-02-25,14:30:16,9086,baghdad_generic,borsa,unknown,1537.5,iqborsa:city_line,https://t.me/iqborsa/9086
iqborsa,2026-02-25,15:50:42,9088,baghdad_generic,borsa,unknown,1538.0,iqborsa:city_line,https://t.me/iqborsa/9088
iqborsa,2026-02-25,17:00:05,9089,baghdad_generic,borsa,unknown,1540.0,iqborsa:bare_number,https://t.me/iqborsa/9089
iqborsa,2026-02-26,09:52:50,9091,baghdad_generic,borsa,unknown,1538.0,iqborsa:city_line,https://t.me/iqborsa/9091
iqborsa,2026-02-26,12:31:22,9094,baghdad_generic,borsa,unknown,1536.0,iqborsa:city_line,https://t.me/iqborsa/9094
iqborsa,2026-02-26,14:40:56,9095,baghdad_generic,borsa,unknown,1533.0,iqborsa:city_line,https://t.me/iqborsa/9095
iqborsa,2026-02-26,20:59:12,9098,baghdad_generic,borsa,unknown,1532.5,iqborsa:city_line,https://t.me/iqborsa/9098
iqborsa,2026-02-27,13:08:10,9100,baghdad_generic,borsa,unknown,1532.5,iqborsa:city_line,https://t.me/iqborsa/9100
iqborsa,2026-02-27,17:22:16,9103,baghdad_generic,borsa,unknown,1531.0,iqborsa:city_line,https://t.me/iqborsa/9103
iqborsa,2026-02-27,22:01:29,9106,baghdad_generic,borsa,unknown,1530.0,iqborsa:city_line,https://t.me/iqborsa/9106
iqborsa,2026-02-28,13:04:49,9133,baghdad_generic,borsa,unknown,1583.0,iqborsa:city_line,https://t.me/iqborsa/9133
iqborsa,2026-02-28,15:45:27,9150,baghdad_kifah,borsa,unknown,1577.5,iqborsa:city_line,https://t.me/iqborsa/9150
iqborsa,2026-03-01,11:56:16,9191,baghdad_kifah,borsa,unknown,1557.5,iqborsa:city_line,https://t.me/iqborsa/9191
iqborsa,2026-03-02,12:50:54,9252,baghdad_kifah,borsa,unknown,1550.0,iqborsa:city_line,https://t.me/iqborsa/9252
iqborsa,2026-03-02,23:14:47,9276,baghdad_harithiya,borsa,unknown,1550.0,iqborsa:city_line,https://t.me/iqborsa/9276
iqborsa,2026-03-03,14:15:52,9307,baghdad_generic,borsa,unknown,1552.0,iqborsa:city_line,https://t.me/iqborsa/9307
iqborsa,2026-03-04,12:44:42,9334,baghdad_generic,borsa,unknown,1562.5,iqborsa:city_line,https://t.me/iqborsa/9334
iqborsa,2026-03-04,15:53:54,9335,baghdad_generic,borsa,unknown,1565.0,iqborsa:city_line,https://t.me/iqborsa/9335
iqborsa,2026-03-04,20:59:02,9344,baghdad_generic,borsa,unknown,1566.5,iqborsa:city_line,https://t.me/iqborsa/9344
iqborsa,2026-03-05,00:35:21,9351,baghdad_generic,borsa,unknown,1565.0,iqborsa:city_line,https://t.me/iqborsa/9351
iqborsa,2026-03-05,13:09:31,9354,baghdad_generic,borsa,unknown,1564.0,iqborsa:city_line,https://t.me/iqborsa/9354
iqborsa,2026-03-05,15:00:46,9358,baghdad_generic,borsa,unknown,1565.0,iqborsa:city_line,https://t.me/iqborsa/9358
iqborsa,2026-03-05,21:32:23,9366,baghdad_harithiya,borsa,unknown,1562.5,iqborsa:city_line,https://t.me/iqborsa/9366
iqborsa,2026-03-06,14:19:22,9373,baghdad_generic,borsa,unknown,1562.5,iqborsa:city_line,https://t.me/iqborsa/9373
iqborsa,2026-03-06,14:20:17,9374,baghdad_harithiya,borsa,unknown,1560.0,iqborsa:city_line,https://t.me/iqborsa/9374
iqborsa,2026-03-06,22:39:23,9384,baghdad_generic,borsa,unknown,1562.5,iqborsa:city_line,https://t.me/iqborsa/9384
iqborsa,2026-03-07,13:43:06,9395,baghdad_harithiya,borsa,unknown,1560.0,iqborsa:city_line,https://t.me/iqborsa/9395
iqborsa,2026-03-07,14:49:06,9398,baghdad_generic,borsa,unknown,1558.0,iqborsa:city_line,https://t.me/iqborsa/9398
iqborsa,2026-03-07,16:45:51,9401,baghdad_generic,borsa,unknown,1555.0,iqborsa:city_line,https://t.me/iqborsa/9401
iqborsa,2026-03-08,13:24:50,9421,baghdad_generic,borsa,unknown,1554.5,iqborsa:city_line,https://t.me/iqborsa/9421
iqborsa,2026-03-08,17:04:00,9423,baghdad_generic,borsa,unknown,1560.0,iqborsa:city_line,https://t.me/iqborsa/9423
iqborsa,2026-03-08,23:59:30,9428,baghdad_generic,borsa,unknown,1559.0,iqborsa:city_line,https://t.me/iqborsa/9428
iqborsa,2026-03-09,13:19:36,9437,baghdad_generic,borsa,unknown,1558.0,iqborsa:city_line,https://t.me/iqborsa/9437
iqborsa,2026-03-09,18:04:52,9440,baghdad_generic,borsa,unknown,1560.0,iqborsa:city_line,https://t.me/iqborsa/9440
iqborsa,2026-03-09,22:15:03,9449,baghdad_generic,borsa,unknown,1552.5,iqborsa:city_line,https://t.me/iqborsa/9449
iqborsa,2026-03-10,12:12:47,9459,baghdad_generic,borsa,unknown,1547.0,iqborsa:city_line,https://t.me/iqborsa/9459
iqborsa,2026-03-10,15:44:30,9460,erbil,borsa,unknown,1539.0,iqborsa:city_line,https://t.me/iqborsa/9460
iqborsa,2026-03-10,15:44:35,9461,baghdad_generic,borsa,unknown,1542.5,iqborsa:city_line,https://t.me/iqborsa/9461
iqborsa,2026-03-10,21:50:52,9471,baghdad_generic,borsa,unknown,1537.5,iqborsa:city_line,https://t.me/iqborsa/9471
iqborsa,2026-03-11,10:56:21,9477,baghdad_generic,borsa,unknown,1538.0,iqborsa:city_line,https://t.me/iqborsa/9477
iqborsa,2026-03-11,11:50:58,9482,baghdad_generic,borsa,unknown,1537.5,iqborsa:city_line,https://t.me/iqborsa/9482
iqborsa,2026-03-11,11:54:22,9485,baghdad_generic,borsa,unknown,1543.0,iqborsa:city_line,https://t.me/iqborsa/9485
iqborsa,2026-03-11,19:29:45,9496,baghdad_generic,borsa,unknown,1543.5,iqborsa:city_line,https://t.me/iqborsa/9496
iqborsa,2026-03-12,13:52:28,9523,baghdad_generic,borsa,unknown,1541.0,iqborsa:city_line,https://t.me/iqborsa/9523
iqborsa,2026-03-12,14:28:43,9524,baghdad_generic,borsa,unknown,1540.0,iqborsa:city_line,https://t.me/iqborsa/9524
iqborsa,2026-03-12,14:50:10,9526,erbil,borsa,unknown,1536.5,iqborsa:city_line,https://t.me/iqborsa/9526
iqborsa,2026-03-12,14:50:23,9527,baghdad_generic,borsa,unknown,1539.0,iqborsa:city_line,https://t.me/iqborsa/9527
iqborsa,2026-03-12,18:41:35,9529,baghdad_generic,borsa,unknown,1538.5,iqborsa:city_line,https://t.me/iqborsa/9529
iqborsa,2026-03-13,13:45:56,9535,baghdad_generic,borsa,unknown,1540.0,iqborsa:city_line,https://t.me/iqborsa/9535
iqborsa,2026-03-14,10:45:49,9554,baghdad_generic,borsa,unknown,1542.5,iqborsa:city_line,https://t.me/iqborsa/9554
iqborsa,2026-03-14,20:44:55,9558,baghdad_generic,borsa,unknown,1541.0,iqborsa:city_line,https://t.me/iqborsa/9558
iqborsa,2026-03-15,08:23:38,9564,baghdad_generic,borsa,unknown,1542.5,iqborsa:city_line,https://t.me/iqborsa/9564
iqborsa,2026-03-15,09:04:50,9566,baghdad_generic,borsa,unknown,1540.0,iqborsa:city_line,https://t.me/iqborsa/9566
iqborsa,2026-03-15,13:12:30,9568,baghdad_generic,borsa,unknown,1543.5,iqborsa:city_line,https://t.me/iqborsa/9568
iqborsa,2026-03-15,15:16:22,9570,baghdad_generic,borsa,unknown,1545.5,iqborsa:city_line,https://t.me/iqborsa/9570
iqborsa,2026-03-15,16:11:30,9571,baghdad_generic,borsa,unknown,1550.0,iqborsa:bare_number,https://t.me/iqborsa/9571
iqborsa,2026-03-15,20:15:59,9575,baghdad_generic,borsa,unknown,1549.5,iqborsa:city_line,https://t.me/iqborsa/9575
iqborsa,2026-03-16,12:35:07,9589,baghdad_generic,borsa,unknown,1547.5,iqborsa:city_line,https://t.me/iqborsa/9589
iqborsa,2026-03-16,12:41:00,9590,baghdad_generic,borsa,unknown,1547.0,iqborsa:city_line,https://t.me/iqborsa/9590
iqborsa,2026-03-16,14:45:14,9594,baghdad_generic,borsa,unknown,1547.5,iqborsa:city_line,https://t.me/iqborsa/9594
iqborsa,2026-03-16,15:54:05,9597,baghdad_generic,borsa,unknown,1548.5,iqborsa:city_line,https://t.me/iqborsa/9597
iqborsa,2026-03-16,21:15:00,9605,baghdad_generic,borsa,unknown,1545.0,iqborsa:city_line,https://t.me/iqborsa/9605
iqborsa,2026-03-17,10:22:19,9619,baghdad_generic,borsa,unknown,1543.5,iqborsa:city_line,https://t.me/iqborsa/9619
iqborsa,2026-03-17,12:09:38,9621,baghdad_generic,borsa,unknown,1545.0,iqborsa:city_line,https://t.me/iqborsa/9621
iqborsa,2026-03-17,16:08:31,9631,baghdad_harithiya,borsa,unknown,1555.0,iqborsa:city_line,https://t.me/iqborsa/9631
iqborsa,2026-03-17,18:39:42,9635,baghdad_harithiya,borsa,unknown,1549.5,iqborsa:city_line,https://t.me/iqborsa/9635
iqborsa,2026-03-17,20:04:34,9639,baghdad_harithiya,borsa,unknown,1549.0,iqborsa:city_line,https://t.me/iqborsa/9639
iqborsa,2026-03-17,21:34:43,9642,baghdad_harithiya,borsa,unknown,1552.5,iqborsa:city_line,https://t.me/iqborsa/9642
iqborsa,2026-03-18,11:16:16,9651,baghdad_harithiya,borsa,unknown,1551.5,iqborsa:city_line,https://t.me/iqborsa/9651
iqborsa,2026-03-18,11:18:54,9653,erbil,borsa,unknown,1547.5,iqborsa:city_line,https://t.me/iqborsa/9653
iqborsa,2026-03-18,11:19:37,9654,baghdad_harithiya,borsa,unknown,1551.5,iqborsa:city_line,https://t.me/iqborsa/9654
iqborsa,2026-03-18,11:46:48,9655,baghdad_harithiya,borsa,unknown,1550.0,iqborsa:city_line,https://t.me/iqborsa/9655
iqborsa,2026-03-18,19:28:26,9662,baghdad_harithiya,borsa,unknown,1549.5,iqborsa:city_line,https://t.me/iqborsa/9662
iqborsa,2026-03-19,13:46:16,9676,baghdad_harithiya,borsa,unknown,1551.0,iqborsa:city_line,https://t.me/iqborsa/9676
iqborsa,2026-03-19,14:56:12,9680,baghdad_harithiya,borsa,unknown,1550.0,iqborsa:city_line,https://t.me/iqborsa/9680
iqborsa,2026-03-19,17:17:19,9682,baghdad_harithiya,borsa,unknown,1551.5,iqborsa:city_line,https://t.me/iqborsa/9682
iqborsa,2026-03-20,13:58:12,9686,baghdad_harithiya,borsa,unknown,1550.0,iqborsa:city_line,https://t.me/iqborsa/9686
iqborsa,2026-03-20,19:08:45,9689,baghdad_generic,borsa,unknown,1546.5,iqborsa:city_line,https://t.me/iqborsa/9689
iqborsa,2026-03-21,16:38:34,9695,baghdad_generic,borsa,unknown,1547.5,iqborsa:city_line,https://t.me/iqborsa/9695
iqborsa,2026-03-21,19:59:08,9697,baghdad_generic,borsa,unknown,1550.0,iqborsa:city_line,https://t.me/iqborsa/9697
iqborsa,2026-03-22,10:43:00,9710,baghdad_generic,borsa,unknown,1550.0,iqborsa:city_line,https://t.me/iqborsa/9710
iqborsa,2026-03-22,16:39:11,9712,baghdad_generic,borsa,unknown,1547.5,iqborsa:city_line,https://t.me/iqborsa/9712
iqborsa,2026-03-22,19:40:25,9717,baghdad_generic,borsa,unknown,1545.0,iqborsa:city_line,https://t.me/iqborsa/9717
iqborsa,2026-03-23,11:20:05,9721,baghdad_generic,borsa,unknown,1545.0,iqborsa:city_line,https://t.me/iqborsa/9721
iqborsa,2026-03-23,15:55:18,9729,baghdad_generic,borsa,unknown,1547.5,iqborsa:city_line,https://t.me/iqborsa/9729
iqborsa,2026-03-23,16:28:03,9731,erbil,borsa,unknown,1540.0,iqborsa:city_line,https://t.me/iqborsa/9731
iqborsa,2026-03-23,16:28:13,9732,baghdad_generic,borsa,unknown,1547.0,iqborsa:city_line,https://t.me/iqborsa/9732
iqborsa,2026-03-23,18:08:28,9737,baghdad_generic,borsa,unknown,1540.0,iqborsa:city_line,https://t.me/iqborsa/9737
iqborsa,2026-03-24,12:23:19,9748,baghdad_generic,borsa,unknown,1545.0,iqborsa:city_line,https://t.me/iqborsa/9748
iqborsa,2026-03-24,13:12:53,9750,baghdad_generic,borsa,unknown,1544.0,iqborsa:city_line,https://t.me/iqborsa/9750
iqborsa,2026-03-24,18:18:46,9754,baghdad_generic,borsa,unknown,1545.5,iqborsa:city_line,https://t.me/iqborsa/9754
iqborsa,2026-03-25,12:13:31,9768,baghdad_generic,borsa,unknown,1545.0,iqborsa:city_line,https://t.me/iqborsa/9768
iqborsa,2026-03-25,12:15:04,9770,erbil,borsa,unknown,1541.0,iqborsa:city_line,https://t.me/iqborsa/9770
iqborsa,2026-03-25,14:12:14,9776,erbil,borsa,unknown,1542.5,iqborsa:city_line,https://t.me/iqborsa/9776
iqborsa,2026-03-25,14:13:21,9779,baghdad_generic,borsa,unknown,1544.5,iqborsa:city_line,https://t.me/iqborsa/9779
iqborsa,2026-03-26,13:58:55,9795,erbil,borsa,unknown,1543.0,iqborsa:city_line,https://t.me/iqborsa/9795
iqborsa,2026-03-26,13:59:38,9797,baghdad_generic,borsa,unknown,1544.0,iqborsa:city_line,https://t.me/iqborsa/9797
iqborsa,2026-03-26,14:29:17,9798,baghdad_generic,borsa,unknown,1545.0,iqborsa:city_line,https://t.me/iqborsa/9798
iqborsa,2026-03-26,17:50:19,9801,baghdad_generic,borsa,unknown,1542.5,iqborsa:city_line,https://t.me/iqborsa/9801
iqborsa,2026-03-26,21:34:21,9810,baghdad_generic,borsa,unknown,1542.0,iqborsa:city_line,https://t.me/iqborsa/9810
iqborsa,2026-03-27,14:29:38,9820,baghdad_generic,borsa,unknown,1542.5,iqborsa:city_line,https://t.me/iqborsa/9820
iqborsa,2026-03-28,12:58:49,9838,erbil,borsa,unknown,1542.5,iqborsa:city_line,https://t.me/iqborsa/9838
iqborsa,2026-03-28,12:59:31,9840,baghdad_generic,borsa,unknown,1542.5,iqborsa:city_line,https://t.me/iqborsa/9840
iqborsa,2026-03-28,17:43:24,9846,baghdad_generic,borsa,unknown,1545.0,iqborsa:city_line,https://t.me/iqborsa/9846
iqborsa,2026-03-29,13:05:04,9864,erbil,borsa,unknown,1543.0,iqborsa:city_line,https://t.me/iqborsa/9864
iqborsa,2026-03-29,13:05:14,9865,baghdad_generic,borsa,unknown,1546.5,iqborsa:city_line,https://t.me/iqborsa/9865
iqborsa,2026-03-29,17:28:00,9870,baghdad_generic,borsa,unknown,1548.0,iqborsa:city_line,https://t.me/iqborsa/9870
iqborsa,2026-03-30,12:38:15,9885,erbil,borsa,unknown,1551.0,iqborsa:city_line,https://t.me/iqborsa/9885
iqborsa,2026-03-30,12:38:42,9887,baghdad_generic,borsa,unknown,1552.5,iqborsa:city_line,https://t.me/iqborsa/9887
iqborsa,2026-03-31,11:13:41,9895,erbil,borsa,unknown,1551.5,iqborsa:city_line,https://t.me/iqborsa/9895
iqborsa,2026-03-31,11:14:15,9897,baghdad_generic,borsa,unknown,1553.0,iqborsa:city_line,https://t.me/iqborsa/9897
iqborsa,2026-03-31,14:37:42,9901,baghdad_generic,borsa,unknown,1550.0,iqborsa:city_line,https://t.me/iqborsa/9901
iqborsa,2026-03-31,23:06:42,9910,baghdad_generic,borsa,unknown,1547.5,iqborsa:city_line,https://t.me/iqborsa/9910
iqborsa,2026-04-01,11:19:52,9917,baghdad_generic,borsa,unknown,1547.5,iqborsa:city_line,https://t.me/iqborsa/9917
iqborsa,2026-04-01,13:07:25,9918,baghdad_generic,borsa,unknown,1545.5,iqborsa:city_line,https://t.me/iqborsa/9918
iqborsa,2026-04-01,18:36:00,9921,baghdad_generic,borsa,unknown,1542.5,iqborsa:city_line,https://t.me/iqborsa/9921
iqborsa,2026-04-02,13:28:35,9928,erbil,borsa,unknown,1556.0,iqborsa:city_line,https://t.me/iqborsa/9928
iqborsa,2026-04-02,13:29:31,9930,baghdad_generic,borsa,unknown,1545.0,iqborsa:city_line,https://t.me/iqborsa/9930
iqborsa,2026-04-02,16:38:44,9933,baghdad_generic,borsa,unknown,1545.5,iqborsa:city_line,https://t.me/iqborsa/9933
iqborsa,2026-04-03,13:24:41,9946,baghdad_generic,borsa,unknown,1545.0,iqborsa:city_line,https://t.me/iqborsa/9946
iqborsa,2026-04-03,14:40:07,9949,baghdad_generic,borsa,unknown,1542.5,iqborsa:city_line,https://t.me/iqborsa/9949
iqborsa,2026-04-04,12:49:54,9963,basra,borsa,unknown,1545.0,iqborsa:city_line,https://t.me/iqborsa/9963
iqborsa,2026-04-04,12:50:05,9964,baghdad_generic,borsa,unknown,1547.5,iqborsa:city_line,https://t.me/iqborsa/9964
iqborsa,2026-04-04,14:22:08,9965,baghdad_generic,borsa,unknown,1545.0,iqborsa:city_line,https://t.me/iqborsa/9965
iqborsa,2026-04-05,12:49:04,9972,baghdad_generic,borsa,unknown,1545.5,iqborsa:city_line,https://t.me/iqborsa/9972
iqborsa,2026-04-05,14:15:56,9973,baghdad_generic,borsa,unknown,1544.5,iqborsa:city_line,https://t.me/iqborsa/9973
iqborsa,2026-04-06,10:46:03,9980,baghdad_generic,borsa,unknown,1547.5,iqborsa:city_line,https://t.me/iqborsa/9980
iqborsa,2026-04-07,11:49:20,9984,baghdad_generic,borsa,unknown,1546.5,iqborsa:city_line,https://t.me/iqborsa/9984
iqborsa,2026-04-07,14:27:23,9987,baghdad_generic,borsa,unknown,1550.0,iqborsa:city_line,https://t.me/iqborsa/9987
iqborsa,2026-04-08,13:28:24,9998,baghdad_generic,borsa,unknown,1526.0,iqborsa:city_line,https://t.me/iqborsa/9998
iqborsa,2026-04-09,13:03:09,10017,baghdad_generic,borsa,unknown,1532.5,iqborsa:city_line,https://t.me/iqborsa/10017
iqborsa,2026-04-09,16:39:15,10022,baghdad_generic,borsa,unknown,1532.0,iqborsa:city_line,https://t.me/iqborsa/10022
iqborsa,2026-04-10,21:27:37,10031,baghdad_generic,borsa,unknown,1527.5,iqborsa:city_line,https://t.me/iqborsa/10031
iqborsa,2026-04-11,13:12:09,10033,baghdad_generic,borsa,unknown,1530.0,iqborsa:city_line,https://t.me/iqborsa/10033
iqborsa,2026-04-11,20:47:01,10035,baghdad_generic,borsa,unknown,1527.5,iqborsa:city_line,https://t.me/iqborsa/10035
iqborsa,2026-04-12,14:48:45,10040,baghdad_generic,borsa,unknown,1540.0,iqborsa:city_line,https://t.me/iqborsa/10040
iqborsa,2026-04-12,16:40:00,10043,baghdad_generic,borsa,unknown,1542.5,iqborsa:city_line,https://t.me/iqborsa/10043
iqborsa,2026-04-12,19:57:32,10045,baghdad_generic,borsa,unknown,1545.0,iqborsa:city_line,https://t.me/iqborsa/10045
iqborsa,2026-04-13,11:48:43,10048,baghdad_generic,borsa,unknown,1540.0,iqborsa:city_line,https://t.me/iqborsa/10048
iqborsa,2026-04-13,20:08:37,10050,baghdad_generic,borsa,unknown,1537.5,iqborsa:city_line,https://t.me/iqborsa/10050
iqborsa,2026-04-14,11:20:18,10052,baghdad_generic,borsa,unknown,1535.0,iqborsa:city_line,https://t.me/iqborsa/10052
iqborsa,2026-04-14,13:53:30,10055,baghdad_generic,borsa,unknown,1532.5,iqborsa:city_line,https://t.me/iqborsa/10055
iqborsa,2026-04-14,15:00:13,10057,baghdad_generic,borsa,unknown,1534.0,iqborsa:city_line,https://t.me/iqborsa/10057
iqborsa,2026-04-14,23:22:22,10059,baghdad_generic,borsa,unknown,1532.5,iqborsa:city_line,https://t.me/iqborsa/10059
iqborsa,2026-04-15,14:39:32,10063,baghdad_generic,borsa,unknown,1533.5,iqborsa:city_line,https://t.me/iqborsa/10063
iqborsa,2026-04-16,10:10:03,10065,baghdad_generic,borsa,unknown,1532.5,iqborsa:city_line,https://t.me/iqborsa/10065
iqborsa,2026-04-17,20:44:18,10072,baghdad_generic,borsa,unknown,1523.5,iqborsa:city_line,https://t.me/iqborsa/10072
iqborsa,2026-04-18,14:03:20,10076,baghdad_generic,borsa,unknown,1530.0,iqborsa:city_line,https://t.me/iqborsa/10076
iqborsa,2026-04-19,11:24:52,10083,baghdad_generic,borsa,unknown,1530.5,iqborsa:city_line,https://t.me/iqborsa/10083
iqborsa,2026-04-19,15:24:43,10084,baghdad_generic,borsa,unknown,1529.5,iqborsa:city_line,https://t.me/iqborsa/10084
iqborsa,2026-04-20,11:10:36,10088,baghdad_generic,borsa,unknown,1531.0,iqborsa:city_line,https://t.me/iqborsa/10088
iqborsa,2026-04-20,17:19:02,10089,baghdad_generic,borsa,unknown,1542.5,iqborsa:city_line,https://t.me/iqborsa/10089
iqborsa,2026-04-21,11:33:15,10092,baghdad_generic,borsa,unknown,1545.0,iqborsa:city_line,https://t.me/iqborsa/10092
iqborsa,2026-04-21,12:06:31,10094,baghdad_generic,borsa,unknown,1545.5,iqborsa:city_line,https://t.me/iqborsa/10094
iqborsa,2026-04-21,13:52:48,10096,baghdad_generic,borsa,unknown,1552.5,iqborsa:city_line,https://t.me/iqborsa/10096
iqborsa,2026-04-21,18:30:33,10099,baghdad_generic,borsa,unknown,1547.5,iqborsa:city_line,https://t.me/iqborsa/10099
iqborsa,2026-04-22,11:28:00,10102,baghdad_generic,borsa,unknown,1550.0,iqborsa:bare_number,https://t.me/iqborsa/10102
iqborsa,2026-04-22,14:32:33,10107,baghdad_generic,borsa,unknown,1550.5,iqborsa:bare_number,https://t.me/iqborsa/10107
iqborsa,2026-04-22,19:23:35,10111,baghdad_generic,borsa,unknown,1552.5,iqborsa:bare_number,https://t.me/iqborsa/10111
iqborsa,2026-04-23,12:55:33,10116,baghdad_generic,borsa,unknown,1557.5,iqborsa:bare_number,https://t.me/iqborsa/10116
iqborsa,2026-04-23,18:18:08,10119,baghdad_generic,borsa,unknown,1550.0,iqborsa:bare_number,https://t.me/iqborsa/10119
iqborsa,2026-04-24,20:07:20,10128,baghdad_generic,borsa,unknown,1552.5,iqborsa:bare_number,https://t.me/iqborsa/10128
iqborsa,2026-04-25,15:17:12,10133,baghdad_generic,borsa,unknown,1550.0,iqborsa:city_line,https://t.me/iqborsa/10133
iqborsa,2026-04-26,13:30:42,10138,baghdad_generic,borsa,unknown,1552.5,iqborsa:city_line,https://t.me/iqborsa/10138
iqborsa,2026-04-26,18:21:31,10143,baghdad_generic,borsa,unknown,1547.5,iqborsa:city_line,https://t.me/iqborsa/10143
iqborsa,2026-04-27,12:15:35,10147,baghdad_generic,borsa,unknown,1547.5,iqborsa:city_line,https://t.me/iqborsa/10147
iqborsa,2026-04-28,12:24:00,10158,baghdad_generic,borsa,unknown,1541.5,iqborsa:city_line,https://t.me/iqborsa/10158
iqborsa,2026-04-28,14:32:46,10163,baghdad_generic,borsa,unknown,1542.0,iqborsa:city_line,https://t.me/iqborsa/10163
iqborsa,2026-04-28,21:02:26,10166,baghdad_generic,borsa,unknown,1539.5,iqborsa:city_line,https://t.me/iqborsa/10166
iqborsa,2026-04-29,12:26:14,10168,baghdad_generic,borsa,unknown,1535.0,iqborsa:city_line,https://t.me/iqborsa/10168
iqborsa,2026-04-29,14:38:56,10171,baghdad_generic,borsa,unknown,1532.5,iqborsa:city_line,https://t.me/iqborsa/10171
iqborsa,2026-04-29,20:36:12,10173,baghdad_generic,borsa,unknown,1536.5,iqborsa:city_line,https://t.me/iqborsa/10173
iqborsa,2026-04-30,11:18:49,10174,baghdad_generic,borsa,unknown,1537.5,iqborsa:city_line,https://t.me/iqborsa/10174
iqborsa,2026-04-30,17:39:02,10176,baghdad_generic,borsa,unknown,1540.0,iqborsa:city_line,https://t.me/iqborsa/10176
iqborsa,2026-05-01,11:28:47,10182,baghdad_generic,borsa,unknown,1537.5,iqborsa:city_line,https://t.me/iqborsa/10182
iqborsa,2026-05-02,13:34:26,10191,baghdad_generic,borsa,unknown,1527.5,iqborsa:city_line,https://t.me/iqborsa/10191
iqborsa,2026-05-03,11:21:13,10195,baghdad_generic,borsa,unknown,1525.5,iqborsa:city_line,https://t.me/iqborsa/10195
iqborsa,2026-05-03,21:17:31,10197,baghdad_generic,borsa,unknown,1522.5,iqborsa:city_line,https://t.me/iqborsa/10197
iqborsa,2026-05-04,12:42:40,10203,baghdad_generic,borsa,unknown,1523.0,iqborsa:city_line,https://t.me/iqborsa/10203
iqborsa,2026-05-04,13:53:46,10205,baghdad_generic,borsa,unknown,1527.5,iqborsa:city_line,https://t.me/iqborsa/10205
iqborsa,2026-05-04,20:10:43,10211,baghdad_generic,borsa,unknown,1532.5,iqborsa:city_line,https://t.me/iqborsa/10211
iqborsa,2026-05-05,09:32:57,10214,baghdad_generic,borsa,unknown,1532.0,iqborsa:city_line,https://t.me/iqborsa/10214
iqborsa,2026-05-05,22:01:39,10223,baghdad_generic,borsa,unknown,1534.0,iqborsa:city_line,https://t.me/iqborsa/10223
iqborsa,2026-05-06,10:21:45,10226,baghdad_generic,borsa,unknown,1531.0,iqborsa:city_line,https://t.me/iqborsa/10226
iqborsa,2026-05-06,21:32:20,10229,baghdad_generic,borsa,unknown,1530.0,iqborsa:city_line,https://t.me/iqborsa/10229
iqborsa,2026-05-07,10:55:55,10232,baghdad_generic,borsa,unknown,1529.5,iqborsa:city_line,https://t.me/iqborsa/10232
iqborsa,2026-05-07,14:32:59,10234,baghdad_generic,borsa,unknown,1530.0,iqborsa:city_line,https://t.me/iqborsa/10234
iqborsa,2026-05-07,19:40:52,10236,baghdad_generic,borsa,unknown,1532.0,iqborsa:city_line,https://t.me/iqborsa/10236
iqborsa,2026-05-08,16:34:53,10247,baghdad_generic,borsa,unknown,1532.5,iqborsa:city_line,https://t.me/iqborsa/10247
iqborsa,2026-05-09,12:00:24,10253,baghdad_generic,borsa,unknown,1532.5,iqborsa:city_line,https://t.me/iqborsa/10253
iqborsa,2026-05-09,15:58:51,10255,baghdad_generic,borsa,unknown,1533.5,iqborsa:city_line,https://t.me/iqborsa/10255
iqborsa,2026-05-10,14:58:09,10263,baghdad_generic,borsa,unknown,1540.0,iqborsa:city_line,https://t.me/iqborsa/10263
iqborsa,2026-05-10,19:59:23,10265,baghdad_generic,borsa,unknown,1539.0,iqborsa:city_line,https://t.me/iqborsa/10265
iqborsa,2026-05-11,11:18:46,10270,baghdad_generic,borsa,unknown,1541.5,iqborsa:city_line,https://t.me/iqborsa/10270
iqborsa,2026-05-11,15:40:54,10272,baghdad_generic,borsa,unknown,1542.5,iqborsa:city_line,https://t.me/iqborsa/10272
iqborsa,2026-05-11,22:52:37,10274,baghdad_generic,borsa,unknown,1540.0,iqborsa:city_line,https://t.me/iqborsa/10274
iqborsa,2026-05-12,13:09:07,10277,baghdad_generic,borsa,unknown,1541.5,iqborsa:city_line,https://t.me/iqborsa/10277
iqborsa,2026-05-12,19:17:23,10282,baghdad_generic,borsa,unknown,1537.5,iqborsa:city_line,https://t.me/iqborsa/10282
iqborsa,2026-05-13,10:21:44,10285,baghdad_generic,borsa,unknown,1538.0,iqborsa:city_line,https://t.me/iqborsa/10285
iqborsa,2026-05-13,11:40:01,10288,baghdad_generic,borsa,unknown,1538.5,iqborsa:city_line,https://t.me/iqborsa/10288
iqborsa,2026-05-14,11:03:51,10299,baghdad_generic,borsa,unknown,1538.0,iqborsa:city_line,https://t.me/iqborsa/10299
iqborsa,2026-05-14,17:05:00,10301,baghdad_generic,borsa,unknown,1540.0,iqborsa:city_line,https://t.me/iqborsa/10301
iqborsa,2026-05-14,20:58:48,10306,baghdad_generic,borsa,unknown,1539.0,iqborsa:city_line,https://t.me/iqborsa/10306
iqborsa,2026-05-15,19:29:03,10309,baghdad_generic,borsa,unknown,1537.5,iqborsa:city_line,https://t.me/iqborsa/10309
iqborsa,2026-05-16,10:51:55,10312,baghdad_generic,borsa,unknown,1535.5,iqborsa:city_line,https://t.me/iqborsa/10312
iqborsa,2026-05-16,15:09:25,10315,baghdad_generic,borsa,unknown,1536.0,iqborsa:city_line,https://t.me/iqborsa/10315
iqborsa,2026-05-16,21:14:57,10318,baghdad_generic,borsa,unknown,1538.0,iqborsa:city_line,https://t.me/iqborsa/10318
iqborsa,2026-05-17,11:15:26,10323,baghdad_generic,borsa,unknown,1537.5,iqborsa:city_line,https://t.me/iqborsa/10323
iqborsa,2026-05-17,18:10:41,10326,baghdad_generic,borsa,unknown,1540.0,iqborsa:bare_number,https://t.me/iqborsa/10326
iqborsa,2026-05-18,13:12:01,10330,baghdad_generic,borsa,unknown,1540.0,iqborsa:bare_number,https://t.me/iqborsa/10330
iqborsa,2026-05-18,15:38:58,10333,baghdad_generic,borsa,unknown,1540.0,iqborsa:bare_number,https://t.me/iqborsa/10333
iqborsa,2026-05-19,14:09:57,10337,baghdad_generic,borsa,unknown,1537.5,iqborsa:bare_number,https://t.me/iqborsa/10337
iqborsa,2026-05-19,19:50:53,10339,baghdad_generic,borsa,unknown,1536.5,iqborsa:bare_number,https://t.me/iqborsa/10339
iqborsa,2026-05-20,11:44:14,10345,baghdad_generic,borsa,unknown,1535.0,iqborsa:bare_number,https://t.me/iqborsa/10345
iqborsa,2026-05-20,18:53:25,10347,baghdad_generic,borsa,unknown,1536.5,iqborsa:bare_number,https://t.me/iqborsa/10347
iqborsa,2026-05-21,12:27:21,10351,baghdad_generic,borsa,unknown,1534.0,iqborsa:city_line,https://t.me/iqborsa/10351
iqborsa,2026-05-21,15:40:58,10353,baghdad_generic,borsa,unknown,1536.5,iqborsa:city_line,https://t.me/iqborsa/10353
iqborsa,2026-05-22,19:49:03,10361,baghdad_generic,borsa,unknown,1537.5,iqborsa:city_line,https://t.me/iqborsa/10361
iqborsa,2026-05-23,11:25:13,10364,baghdad_generic,borsa,unknown,1536.5,iqborsa:city_line,https://t.me/iqborsa/10364
iqborsa,2026-05-23,12:12:53,10366,baghdad_generic,borsa,unknown,1538.0,iqborsa:city_line,https://t.me/iqborsa/10366
iqborsa,2026-05-23,15:50:35,10368,baghdad_generic,borsa,unknown,1538.5,iqborsa:city_line,https://t.me/iqborsa/10368
iqborsa,2026-05-23,17:50:42,10370,baghdad_generic,borsa,unknown,1535.5,iqborsa:city_line,https://t.me/iqborsa/10370
iqborsa,2026-05-24,12:17:24,10372,baghdad_generic,borsa,unknown,1527.5,iqborsa:city_line,https://t.me/iqborsa/10372
iqborsa,2026-05-24,14:26:47,10375,baghdad_generic,borsa,unknown,1530.0,iqborsa:city_line,https://t.me/iqborsa/10375
iqborsa,2026-05-24,15:37:47,10377,baghdad_generic,borsa,unknown,1531.0,iqborsa:city_line,https://t.me/iqborsa/10377
iqborsa,2026-05-25,11:37:49,10379,baghdad_generic,borsa,unknown,1530.0,iqborsa:city_line,https://t.me/iqborsa/10379
iqborsa,2026-05-25,13:13:48,10380,baghdad_generic,borsa,unknown,1532.5,iqborsa:city_line,https://t.me/iqborsa/10380
iqborsa,2026-05-25,20:57:21,10383,baghdad_generic,borsa,unknown,1531.5,iqborsa:city_line,https://t.me/iqborsa/10383
iqborsa,2026-05-26,09:31:22,10385,baghdad_generic,borsa,unknown,1532.5,iqborsa:city_line,https://t.me/iqborsa/10385
iqborsa,2026-05-26,11:44:23,10387,baghdad_generic,borsa,unknown,1535.0,iqborsa:city_line,https://t.me/iqborsa/10387
iqborsa,2026-05-27,13:14:41,10394,baghdad_generic,borsa,unknown,1532.5,iqborsa:city_line,https://t.me/iqborsa/10394
iqborsa,2026-05-28,14:17:58,10399,baghdad_generic,borsa,unknown,1532.0,iqborsa:city_line,https://t.me/iqborsa/10399
iqborsa,2026-05-29,12:22:24,10404,baghdad_generic,borsa,unknown,1532.5,iqborsa:city_line,https://t.me/iqborsa/10404
iqborsa,2026-05-30,12:24:34,10408,baghdad_generic,borsa,unknown,1532.5,iqborsa:city_line,https://t.me/iqborsa/10408
iqborsa,2026-05-30,20:18:33,10411,baghdad_generic,borsa,unknown,1531.5,iqborsa:city_line,https://t.me/iqborsa/10411
iqborsa,2026-05-31,11:23:17,10413,baghdad_generic,borsa,unknown,1533.0,iqborsa:city_line,https://t.me/iqborsa/10413
iqborsa,2026-05-31,13:34:33,10414,baghdad_generic,borsa,unknown,1534.5,iqborsa:city_line,https://t.me/iqborsa/10414
iqborsa,2026-06-01,09:53:13,10419,baghdad_generic,borsa,unknown,1534.5,iqborsa:city_line,https://t.me/iqborsa/10419
iqborsa,2026-06-01,12:49:30,10420,baghdad_generic,borsa,unknown,1535.0,iqborsa:city_line,https://t.me/iqborsa/10420
iqborsa,2026-06-01,13:37:18,10423,baghdad_generic,borsa,unknown,1537.5,iqborsa:city_line,https://t.me/iqborsa/10423
iqborsa,2026-06-01,16:58:22,10424,baghdad_generic,borsa,unknown,1540.0,iqborsa:bare_number,https://t.me/iqborsa/10424
iqborsa,2026-06-01,19:41:36,10428,baghdad_generic,borsa,unknown,1537.5,iqborsa:city_line,https://t.me/iqborsa/10428
iqborsa,2026-06-02,09:38:14,10431,baghdad_generic,borsa,unknown,1536.5,iqborsa:city_line,https://t.me/iqborsa/10431
iqborsa,2026-06-02,12:35:59,10433,baghdad_generic,borsa,unknown,1535.0,iqborsa:city_line,https://t.me/iqborsa/10433
iqborsa,2026-06-02,19:47:51,10436,baghdad_generic,borsa,unknown,1536.0,iqborsa:city_line,https://t.me/iqborsa/10436
iqborsa,2026-06-03,10:54:37,10446,baghdad_generic,borsa,unknown,1540.0,iqborsa:city_line,https://t.me/iqborsa/10446
iqborsa,2026-06-03,14:17:14,10448,baghdad_generic,borsa,unknown,1537.5,iqborsa:city_line,https://t.me/iqborsa/10448
iqborsa,2026-06-04,10:53:54,10454,baghdad_generic,borsa,unknown,1535.0,iqborsa:city_line,https://t.me/iqborsa/10454
iqborsa,2026-06-04,11:11:27,10455,baghdad_generic,borsa,unknown,1536.0,iqborsa:city_line,https://t.me/iqborsa/10455
iqborsa,2026-06-05,13:13:56,10461,baghdad_generic,borsa,unknown,1536.5,iqborsa:city_line,https://t.me/iqborsa/10461
iqborsa,2026-06-06,13:19:32,10464,baghdad_generic,borsa,unknown,1539.0,iqborsa:city_line,https://t.me/iqborsa/10464
iqborsa,2026-06-06,18:12:15,10466,baghdad_generic,borsa,unknown,1537.5,iqborsa:city_line,https://t.me/iqborsa/10466
iqborsa,2026-06-07,11:33:31,10470,baghdad_generic,borsa,unknown,1538.0,iqborsa:city_line,https://t.me/iqborsa/10470
iqborsa,2026-06-07,12:13:24,10471,baghdad_generic,borsa,unknown,1540.0,iqborsa:city_line,https://t.me/iqborsa/10471
iqborsa,2026-06-07,18:37:51,10473,baghdad_generic,borsa,unknown,1542.0,iqborsa:city_line,https://t.me/iqborsa/10473
iqborsa,2026-06-07,19:00:17,10475,baghdad_generic,borsa,unknown,1545.0,iqborsa:city_line,https://t.me/iqborsa/10475
iqborsa,2026-06-08,12:04:41,10493,baghdad_generic,borsa,unknown,1550.0,iqborsa:bare_number,https://t.me/iqborsa/10493
iqborsa,2026-06-08,14:40:35,10501,baghdad_generic,borsa,unknown,1547.5,iqborsa:city_line,https://t.me/iqborsa/10501
iqborsa,2026-06-08,14:45:49,10502,baghdad_generic,borsa,unknown,1545.0,iqborsa:city_line,https://t.me/iqborsa/10502
iqborsa,2026-06-08,19:28:13,10505,baghdad_generic,borsa,unknown,1540.0,iqborsa:city_line,https://t.me/iqborsa/10505
iqborsa,2026-06-09,12:03:33,10510,baghdad_generic,borsa,unknown,1539.0,iqborsa:city_line,https://t.me/iqborsa/10510
iqborsa,2026-06-09,13:02:55,10512,baghdad_generic,borsa,unknown,1540.0,iqborsa:city_line,https://t.me/iqborsa/10512
iqborsa,2026-06-09,20:26:07,10517,baghdad_generic,borsa,unknown,1541.5,iqborsa:city_line,https://t.me/iqborsa/10517
iqborsa,2026-06-10,10:57:27,10521,baghdad_generic,borsa,unknown,1542.5,iqborsa:city_line,https://t.me/iqborsa/10521
iqborsa,2026-06-10,13:04:53,10523,baghdad_generic,borsa,unknown,1544.0,iqborsa:city_line,https://t.me/iqborsa/10523
iqborsa,2026-06-10,16:17:47,10525,baghdad_generic,borsa,unknown,1547.5,iqborsa:city_line,https://t.me/iqborsa/10525
iqborsa,2026-06-10,20:48:01,10530,baghdad_generic,borsa,unknown,1550.0,iqborsa:bare_number,https://t.me/iqborsa/10530
iqborsa,2026-06-11,12:44:26,10544,baghdad_generic,borsa,unknown,1552.5,iqborsa:city_line,https://t.me/iqborsa/10544
iqborsa,2026-06-11,13:06:20,10545,baghdad_generic,borsa,unknown,1555.0,iqborsa:city_line,https://t.me/iqborsa/10545
iqborsa,2026-06-11,20:52:14,10554,baghdad_generic,borsa,unknown,1557.5,iqborsa:city_line,https://t.me/iqborsa/10554
iqborsa,2026-06-13,09:48:59,10572,baghdad_generic,borsa,unknown,1545.0,iqborsa:city_line,https://t.me/iqborsa/10572
iqborsa,2026-06-13,12:22:00,10573,baghdad_generic,borsa,unknown,1547.5,iqborsa:city_line,https://t.me/iqborsa/10573
iqborsa,2026-06-14,14:30:29,10582,baghdad_generic,borsa,unknown,1549.0,iqborsa:bare_number,https://t.me/iqborsa/10582
iqborsa,2026-06-17,10:08:15,10611,baghdad_generic,borsa,unknown,1560.0,iqborsa:city_line,https://t.me/iqborsa/10611
iqborsa,2026-06-17,14:50:32,10613,baghdad_generic,borsa,unknown,1562.5,iqborsa:city_line,https://t.me/iqborsa/10613
iqborsa,2026-06-17,18:56:47,10616,baghdad_generic,borsa,unknown,1552.5,iqborsa:city_line,https://t.me/iqborsa/10616
iqborsa,2026-06-18,12:19:49,10628,baghdad_generic,borsa,unknown,1549.5,iqborsa:city_line,https://t.me/iqborsa/10628
iqborsa,2026-06-18,17:11:17,10632,baghdad_generic,borsa,unknown,1549.0,iqborsa:city_line,https://t.me/iqborsa/10632
iqborsa,2026-06-18,18:51:41,10634,baghdad_generic,borsa,unknown,1555.0,iqborsa:city_line,https://t.me/iqborsa/10634
iqborsa,2026-06-18,22:12:23,10636,baghdad_generic,borsa,unknown,1555.0,iqborsa:city_line,https://t.me/iqborsa/10636
iqborsa,2026-06-20,11:32:43,10641,baghdad_generic,borsa,unknown,1555.0,iqborsa:city_line,https://t.me/iqborsa/10641
iqborsa,2026-06-20,12:12:07,10642,baghdad_generic,borsa,unknown,1557.5,iqborsa:city_line,https://t.me/iqborsa/10642
iqborsa,2026-06-20,16:53:18,10646,baghdad_generic,borsa,unknown,1558.5,iqborsa:city_line,https://t.me/iqborsa/10646
iqborsa,2026-06-21,11:50:14,10648,baghdad_generic,borsa,unknown,1556.5,iqborsa:city_line,https://t.me/iqborsa/10648
iqborsa,2026-06-21,11:57:44,10649,baghdad_generic,borsa,unknown,1557.5,iqborsa:city_line,https://t.me/iqborsa/10649
iqborsa,2026-06-21,14:20:51,10652,baghdad_generic,borsa,unknown,1561.5,iqborsa:city_line,https://t.me/iqborsa/10652
iqborsa,2026-06-21,16:54:55,10655,baghdad_generic,borsa,unknown,1564.5,iqborsa:city_line,https://t.me/iqborsa/10655
iqborsa,2026-06-21,21:14:17,10661,baghdad_generic,borsa,unknown,1567.5,iqborsa:city_line,https://t.me/iqborsa/10661
iqborsa,2026-06-22,11:22:36,10665,baghdad_generic,borsa,unknown,1570.0,iqborsa:city_line,https://t.me/iqborsa/10665
iqborsa,2026-06-22,18:44:13,10667,baghdad_generic,borsa,unknown,1582.5,iqborsa:city_line,https://t.me/iqborsa/10667
iqborsa,2026-06-23,10:44:45,10670,baghdad_generic,borsa,unknown,1577.5,iqborsa:city_line,https://t.me/iqborsa/10670
iqborsa,2026-06-23,13:42:59,10671,baghdad_generic,borsa,unknown,1570.0,iqborsa:city_line,https://t.me/iqborsa/10671
iqborsa,2026-06-23,13:46:33,10672,baghdad_generic,borsa,unknown,1568.5,iqborsa:city_line,https://t.me/iqborsa/10672
iqborsa,2026-06-23,15:52:31,10674,baghdad_generic,borsa,unknown,1570.5,iqborsa:city_line,https://t.me/iqborsa/10674
iqborsa,2026-06-24,10:08:08,10676,baghdad_generic,borsa,unknown,1568.5,iqborsa:city_line,https://t.me/iqborsa/10676
iqborsa,2026-06-24,15:01:03,10677,baghdad_generic,borsa,unknown,1570.0,iqborsa:city_line,https://t.me/iqborsa/10677
iqborsa,2026-06-24,17:44:58,10678,baghdad_generic,borsa,unknown,1567.5,iqborsa:city_line,https://t.me/iqborsa/10678
iqborsa,2026-06-24,19:22:29,10680,baghdad_generic,borsa,unknown,1567.0,iqborsa:city_line,https://t.me/iqborsa/10680
iqborsa,2026-06-25,14:44:52,10683,baghdad_generic,borsa,unknown,1567.5,iqborsa:city_line,https://t.me/iqborsa/10683
iqborsa,2026-06-27,09:39:14,10692,baghdad_generic,borsa,unknown,1567.5,iqborsa:city_line,https://t.me/iqborsa/10692
iqborsa,2026-06-27,10:59:09,10693,baghdad_generic,borsa,unknown,1570.0,iqborsa:city_line,https://t.me/iqborsa/10693
iqborsa,2026-06-27,16:52:43,10694,baghdad_generic,borsa,unknown,1567.5,iqborsa:city_line,https://t.me/iqborsa/10694
iqborsa,2026-06-27,21:09:58,10697,baghdad_generic,borsa,unknown,1565.0,iqborsa:city_line,https://t.me/iqborsa/10697
iqborsa,2026-06-28,12:08:07,10702,baghdad_generic,borsa,unknown,1557.5,iqborsa:city_line,https://t.me/iqborsa/10702
iqborsa,2026-06-28,13:56:17,10703,baghdad_generic,borsa,unknown,1555.0,iqborsa:city_line,https://t.me/iqborsa/10703
iqborsa,2026-06-28,16:23:14,10710,baghdad_generic,borsa,unknown,1552.5,iqborsa:city_line,https://t.me/iqborsa/10710
iqborsa,2026-06-28,17:13:19,10713,baghdad_generic,borsa,unknown,1547.5,iqborsa:city_line,https://t.me/iqborsa/10713
iqborsa,2026-06-28,19:44:53,10722,baghdad_generic,borsa,unknown,1547.5,iqborsa:city_line,https://t.me/iqborsa/10722
iqborsa,2026-06-28,20:48:22,10723,baghdad_generic,borsa,unknown,1546.0,iqborsa:city_line,https://t.me/iqborsa/10723
iqborsa,2026-06-29,10:47:23,10726,baghdad_generic,borsa,unknown,1545.0,iqborsa:city_line,https://t.me/iqborsa/10726
iqborsa,2026-06-29,15:21:58,10728,baghdad_generic,borsa,unknown,1547.0,iqborsa:city_line,https://t.me/iqborsa/10728
iqborsa,2026-06-29,16:35:56,10731,baghdad_generic,borsa,unknown,1552.5,iqborsa:city_line,https://t.me/iqborsa/10731
iqborsa,2026-06-30,13:37:45,10737,baghdad_generic,borsa,unknown,1552.5,iqborsa:city_line,https://t.me/iqborsa/10737
iqborsa,2026-06-30,17:01:54,10738,baghdad_generic,borsa,unknown,1550.0,iqborsa:city_line,https://t.me/iqborsa/10738
iqborsa,2026-06-30,17:52:36,10739,baghdad_generic,borsa,unknown,1549.0,iqborsa:city_line,https://t.me/iqborsa/10739
iqborsa,2026-07-01,11:08:49,10743,baghdad_generic,borsa,unknown,1548.5,iqborsa:city_line,https://t.me/iqborsa/10743
iqborsa,2026-07-01,11:26:13,10744,baghdad_generic,borsa,unknown,1549.5,iqborsa:city_line,https://t.me/iqborsa/10744
iqborsa,2026-07-01,13:09:34,10745,baghdad_generic,borsa,unknown,1547.5,iqborsa:city_line,https://t.me/iqborsa/10745
iqborsa,2026-07-01,14:19:12,10748,baghdad_generic,borsa,unknown,1550.0,iqborsa:city_line,https://t.me/iqborsa/10748
iqborsa,2026-07-01,20:20:58,10751,baghdad_generic,borsa,unknown,1549.5,iqborsa:city_line,https://t.me/iqborsa/10751
iqborsa,2026-07-02,10:18:59,10754,baghdad_generic,borsa,unknown,1547.5,iqborsa:city_line,https://t.me/iqborsa/10754
iqborsa,2026-07-02,11:02:37,10755,baghdad_generic,borsa,unknown,1545.0,iqborsa:city_line,https://t.me/iqborsa/10755
iqborsa,2026-07-02,12:09:11,10756,baghdad_generic,borsa,unknown,1542.0,iqborsa:city_line,https://t.me/iqborsa/10756
iqborsa,2026-07-02,20:16:46,10758,baghdad_generic,borsa,unknown,1542.5,iqborsa:city_line,https://t.me/iqborsa/10758
iqborsa,2026-07-03,14:53:23,10760,baghdad_generic,borsa,unknown,1542.5,iqborsa:city_line,https://t.me/iqborsa/10760
iqborsa,2026-07-04,12:50:12,10764,baghdad_generic,borsa,unknown,1540.0,iqborsa:city_line,https://t.me/iqborsa/10764
iqborsa,2026-07-04,13:49:16,10766,baghdad_generic,borsa,unknown,1539.0,iqborsa:city_line,https://t.me/iqborsa/10766
iqborsa,2026-07-04,14:29:08,10767,baghdad_generic,borsa,unknown,1538.0,iqborsa:city_line,https://t.me/iqborsa/10767
iqborsa,2026-07-05,10:35:10,10770,baghdad_generic,borsa,unknown,1539.0,iqborsa:city_line,https://t.me/iqborsa/10770
iqborsa,2026-07-05,11:32:01,10771,baghdad_generic,borsa,unknown,1537.5,iqborsa:city_line,https://t.me/iqborsa/10771
iqborsa,2026-07-05,14:20:32,10772,baghdad_generic,borsa,unknown,1532.0,iqborsa:city_line,https://t.me/iqborsa/10772
iqborsa,2026-07-05,19:51:18,10775,baghdad_generic,borsa,unknown,1535.0,iqborsa:city_line,https://t.me/iqborsa/10775
iqborsa,2026-07-06,10:29:55,10778,baghdad_generic,borsa,unknown,1534.5,iqborsa:city_line,https://t.me/iqborsa/10778
iqborsa,2026-07-06,12:00:13,10779,baghdad_generic,borsa,unknown,1533.5,iqborsa:city_line,https://t.me/iqborsa/10779
iqborsa,2026-07-06,13:35:15,10781,baghdad_generic,borsa,unknown,1532.5,iqborsa:city_line,https://t.me/iqborsa/10781
iqborsa,2026-07-06,14:06:53,10784,baghdad_generic,borsa,unknown,1528.0,iqborsa:city_line,https://t.me/iqborsa/10784
iqborsa,2026-07-06,19:52:12,10785,baghdad_generic,borsa,unknown,1526.5,iqborsa:city_line,https://t.me/iqborsa/10785
iqborsa,2026-07-07,09:58:15,10787,baghdad_generic,borsa,unknown,1530.0,iqborsa:city_line,https://t.me/iqborsa/10787
iqborsa,2026-07-07,10:47:40,10788,baghdad_generic,borsa,unknown,1529.0,iqborsa:city_line,https://t.me/iqborsa/10788
iqborsa,2026-07-07,11:33:01,10789,baghdad_generic,borsa,unknown,1532.5,iqborsa:city_line,https://t.me/iqborsa/10789
iqborsa,2026-07-07,15:56:52,10792,baghdad_generic,borsa,unknown,1530.0,iqborsa:city_line,https://t.me/iqborsa/10792
iqborsa,2026-07-08,10:39:39,10796,baghdad_generic,borsa,unknown,1536.5,iqborsa:city_line,https://t.me/iqborsa/10796
iqborsa,2026-07-08,11:16:33,10797,baghdad_generic,borsa,unknown,1535.0,iqborsa:city_line,https://t.me/iqborsa/10797
iqborsa,2026-07-08,13:21:43,10802,baghdad_generic,borsa,unknown,1535.5,iqborsa:city_line,https://t.me/iqborsa/10802
iqborsa,2026-07-08,13:45:30,10803,baghdad_generic,borsa,unknown,1538.5,iqborsa:city_line,https://t.me/iqborsa/10803
iqborsa,2026-07-08,15:41:32,10804,baghdad_generic,borsa,unknown,1540.0,iqborsa:city_line,https://t.me/iqborsa/10804
iqborsa,2026-07-08,17:00:46,10806,baghdad_generic,borsa,unknown,1545.0,iqborsa:city_line,https://t.me/iqborsa/10806
iqborsa,2026-07-09,10:23:03,10812,baghdad_generic,borsa,unknown,1545.0,iqborsa:city_line,https://t.me/iqborsa/10812
iqborsa,2026-07-09,10:42:21,10813,baghdad_generic,borsa,unknown,1542.5,iqborsa:city_line,https://t.me/iqborsa/10813
iqborsa,2026-07-09,14:11:24,10815,baghdad_generic,borsa,unknown,1541.0,iqborsa:city_line,https://t.me/iqborsa/10815
iqborsa,2026-07-09,15:59:46,10819,baghdad_generic,borsa,unknown,1541.5,iqborsa:city_line,https://t.me/iqborsa/10819
iqborsa,2026-07-09,18:35:21,10821,baghdad_generic,borsa,unknown,1541.5,iqborsa:city_line,https://t.me/iqborsa/10821
iqborsa,2026-07-10,16:30:01,10828,baghdad_generic,borsa,unknown,1540.0,iqborsa:city_line,https://t.me/iqborsa/10828
iqborsa,2026-07-10,20:12:12,10830,baghdad_generic,borsa,unknown,1537.5,iqborsa:city_line,https://t.me/iqborsa/10830
iqborsa,2026-07-11,12:43:53,10833,baghdad_generic,borsa,unknown,1535.0,iqborsa:city_line,https://t.me/iqborsa/10833
iqborsa,2026-07-11,16:51:34,10834,baghdad_generic,borsa,unknown,1532.5,iqborsa:city_line,https://t.me/iqborsa/10834
iqborsa,2026-07-12,10:42:01,10843,baghdad_generic,borsa,unknown,1532.5,iqborsa:city_line,https://t.me/iqborsa/10843
iqborsa,2026-07-12,12:06:04,10845,baghdad_generic,borsa,unknown,1534.5,iqborsa:city_line,https://t.me/iqborsa/10845
iqborsa,2026-07-12,16:19:06,10847,baghdad_generic,borsa,unknown,1535.0,iqborsa:city_line,https://t.me/iqborsa/10847
iqborsa,2026-07-12,17:26:13,10849,baghdad_generic,borsa,unknown,1534.5,iqborsa:city_line,https://t.me/iqborsa/10849
iqborsa,2026-07-13,11:22:36,10854,baghdad_generic,borsa,unknown,1536.5,iqborsa:city_line,https://t.me/iqborsa/10854
iqborsa,2026-07-13,15:42:30,10857,baghdad_generic,borsa,unknown,1535.0,iqborsa:city_line,https://t.me/iqborsa/10857
iqborsa,2026-07-13,16:34:00,10859,baghdad_generic,borsa,unknown,1534.5,iqborsa:city_line,https://t.me/iqborsa/10859
iqborsa,2026-07-14,10:26:00,10865,baghdad_generic,borsa,unknown,1535.0,iqborsa:city_line,https://t.me/iqborsa/10865
iqborsa,2026-07-14,12:19:42,10866,baghdad_generic,borsa,unknown,1536.0,iqborsa:city_line,https://t.me/iqborsa/10866
iqborsa,2026-07-14,16:20:08,10868,baghdad_generic,borsa,unknown,1536.5,iqborsa:city_line,https://t.me/iqborsa/10868
iqborsa,2026-07-15,09:58:35,10874,baghdad_generic,borsa,unknown,1536.5,iqborsa:city_line,https://t.me/iqborsa/10874
iqborsa,2026-07-15,10:25:32,10875,baghdad_generic,borsa,unknown,1535.0,iqborsa:city_line,https://t.me/iqborsa/10875
iqborsa,2026-07-15,11:20:40,10876,baghdad_generic,borsa,unknown,1533.0,iqborsa:city_line,https://t.me/iqborsa/10876
iqborsa,2026-07-15,13:14:50,10878,baghdad_generic,borsa,unknown,1530.0,iqborsa:city_line,https://t.me/iqborsa/10878
iqborsa,2026-07-15,16:03:34,10880,baghdad_generic,borsa,unknown,1528.0,iqborsa:city_line,https://t.me/iqborsa/10880
iqborsa,2026-07-16,12:04:35,10882,baghdad_generic,borsa,unknown,1529.0,iqborsa:city_line,https://t.me/iqborsa/10882
iqborsa,2026-07-16,12:20:28,10883,baghdad_generic,borsa,unknown,1527.5,iqborsa:city_line,https://t.me/iqborsa/10883
iqborsa,2026-07-16,15:03:16,10885,baghdad_generic,borsa,unknown,1529.5,iqborsa:city_line,https://t.me/iqborsa/10885
iqborsa,2026-07-17,11:48:58,10892,baghdad_generic,borsa,unknown,1532.5,iqborsa:city_line,https://t.me/iqborsa/10892
iqborsa,2026-07-18,09:39:29,10901,baghdad_generic,borsa,unknown,1534.5,iqborsa:city_line,https://t.me/iqborsa/10901
iqborsa,2026-07-18,12:30:39,10902,baghdad_generic,borsa,unknown,1532.0,iqborsa:city_line,https://t.me/iqborsa/10902
iqborsa,2026-07-18,13:48:31,10905,baghdad_generic,borsa,unknown,1530.0,iqborsa:city_line,https://t.me/iqborsa/10905
iqborsa,2026-07-18,16:28:03,10906,baghdad_generic,borsa,unknown,1529.0,iqborsa:city_line,https://t.me/iqborsa/10906
iqborsa,2026-07-18,19:35:40,10907,baghdad_generic,borsa,unknown,1527.5,iqborsa:city_line,https://t.me/iqborsa/10907
iqborsa,2026-07-18,21:27:43,10910,baghdad_generic,borsa,unknown,1525.0,iqborsa:city_line,https://t.me/iqborsa/10910
iqborsa,2026-07-19,12:12:33,10913,baghdad_generic,borsa,unknown,1522.5,iqborsa:city_line,https://t.me/iqborsa/10913
iqborsa,2026-07-19,16:07:46,10918,baghdad_generic,borsa,unknown,1519.5,iqborsa:city_line,https://t.me/iqborsa/10918
iqborsa,2026-07-19,18:01:30,10920,baghdad_generic,borsa,unknown,1517.0,iqborsa:city_line,https://t.me/iqborsa/10920
iqborsa,2026-07-19,19:28:13,10921,baghdad_generic,borsa,unknown,1512.5,iqborsa:city_line,https://t.me/iqborsa/10921
iqborsa,2026-07-20,10:31:41,10927,baghdad_generic,borsa,unknown,1505.0,iqborsa:city_line,https://t.me/iqborsa/10927
iqborsa,2026-07-20,12:46:55,10929,baghdad_generic,borsa,unknown,1500.0,iqborsa:city_line,https://t.me/iqborsa/10929
iqborsa,2026-07-20,15:52:14,10934,baghdad_generic,borsa,unknown,1500.5,iqborsa:city_line,https://t.me/iqborsa/10934
iqborsa,2026-07-20,16:49:12,10935,baghdad_generic,borsa,unknown,1505.0,iqborsa:city_line,https://t.me/iqborsa/10935
iqborsa,2026-07-21,12:25:17,10938,baghdad_generic,borsa,unknown,1492.5,iqborsa:city_line,https://t.me/iqborsa/10938
iqborsa,2026-07-21,13:57:55,10940,baghdad_generic,borsa,unknown,1497.5,iqborsa:city_line,https://t.me/iqborsa/10940
iqborsa,2026-07-21,14:56:14,10941,baghdad_generic,borsa,unknown,1500.0,iqborsa:city_line,https://t.me/iqborsa/10941
iqborsa,2026-07-21,18:28:31,10944,baghdad_generic,borsa,unknown,1497.5,iqborsa:city_line,https://t.me/iqborsa/10944
iqborsa,2026-07-22,11:38:08,10946,baghdad_generic,borsa,unknown,1502.5,iqborsa:city_line,https://t.me/iqborsa/10946
iqborsa,2026-07-22,13:29:36,10947,baghdad_generic,borsa,unknown,1505.0,iqborsa:city_line,https://t.me/iqborsa/10947
iqborsa,2026-07-22,16:16:00,10949,baghdad_generic,borsa,unknown,1504.0,iqborsa:city_line,https://t.me/iqborsa/10949
iqborsa,2026-07-22,17:14:52,10951,baghdad_generic,borsa,unknown,1503.5,iqborsa:city_line,https://t.me/iqborsa/10951
iqborsa,2026-07-23,11:15:53,10953,baghdad_generic,borsa,unknown,1505.5,iqborsa:city_line,https://t.me/iqborsa/10953
iqborsa,2026-07-23,16:36:19,10957,baghdad_generic,borsa,unknown,1505.0,iqborsa:city_line,https://t.me/iqborsa/10957
iqborsa,2026-07-24,12:04:55,10962,baghdad_generic,borsa,unknown,1506.5,iqborsa:city_line,https://t.me/iqborsa/10962
iqborsa,2026-07-24,19:51:54,10964,baghdad_generic,borsa,unknown,1505.5,iqborsa:city_line,https://t.me/iqborsa/10964
iqborsa,2026-07-25,12:38:15,10968,baghdad_generic,borsa,unknown,1502.5,iqborsa:city_line,https://t.me/iqborsa/10968
iqborsa,2026-07-25,14:37:21,10970,baghdad_generic,borsa,unknown,1501.0,iqborsa:city_line,https://t.me/iqborsa/10970
iqborsa,2026-07-25,17:41:20,10972,baghdad_generic,borsa,unknown,1499.0,iqborsa:city_line,https://t.me/iqborsa/10972
iqborsa,2026-07-26,13:27:18,10978,baghdad_generic,borsa,unknown,1500.0,iqborsa:city_line,https://t.me/iqborsa/10978
iqborsa,2026-07-26,15:49:59,10981,baghdad_generic,borsa,unknown,1501.0,iqborsa:city_line,https://t.me/iqborsa/10981
iqborsa,2026-07-26,20:08:43,10982,baghdad_generic,borsa,unknown,1499.5,iqborsa:city_line,https://t.me/iqborsa/10982
iqborsa,2026-07-27,12:21:23,10984,baghdad_generic,borsa,unknown,1500.0,iqborsa:city_line,https://t.me/iqborsa/10984
iqborsa,2026-07-27,16:33:14,10987,baghdad_generic,borsa,unknown,1499.0,iqborsa:city_line,https://t.me/iqborsa/10987
iqborsa,2026-07-28,10:35:52,10992,baghdad_generic,borsa,unknown,1498.5,iqborsa:city_line,https://t.me/iqborsa/10992
iqborsa,2026-07-28,14:44:21,10995,baghdad_generic,borsa,unknown,1499.5,iqborsa:city_line,https://t.me/iqborsa/10995
iqborsa,2026-07-29,09:38:19,11004,baghdad_generic,borsa,unknown,1501.5,iqborsa:city_line,https://t.me/iqborsa/11004
iqborsa,2026-07-29,11:18:24,11008,baghdad_generic,borsa,unknown,1505.0,iqborsa:city_line,https://t.me/iqborsa/11008
iqborsa,2026-07-29,15:06:53,11012,baghdad_generic,borsa,unknown,1504.0,iqborsa:city_line,https://t.me/iqborsa/11012
iqborsa,2026-07-30,11:12:58,11019,baghdad_generic,borsa,unknown,1506.0,iqborsa:city_line,https://t.me/iqborsa/11019
iqborsa,2026-07-30,13:33:31,11020,baghdad_generic,borsa,unknown,1505.5,iqborsa:city_line,https://t.me/iqborsa/11020
iqborsa,2026-07-30,17:42:17,11023,baghdad_generic,borsa,unknown,1507.5,iqborsa:city_line,https://t.me/iqborsa/11023
iqborsa,2026-07-31,23:31:28,11033,baghdad_generic,borsa,unknown,1507.5,iqborsa:city_line,https://t.me/iqborsa/11033
iqborsa,2026-08-01,13:13:11,11035,baghdad_generic,borsa,unknown,1515.0,iqborsa:city_line,https://t.me/iqborsa/11035
iqborsa,2026-08-01,13:29:10,11036,baghdad_generic,borsa,unknown,1517.5,iqborsa:city_line,https://t.me/iqborsa/11036
iqborsa,2026-08-02,00:31:31,11041,baghdad_generic,borsa,unknown,1522.5,iqborsa:city_line,https://t.me/iqborsa/11041
iqborsa,2026-08-02,10:45:30,11043,baghdad_generic,borsa,unknown,1517.5,iqborsa:city_line,https://t.me/iqborsa/11043
iqborsa,2026-08-02,12:44:00,11044,baghdad_generic,borsa,unknown,1515.0,iqborsa:city_line,https://t.me/iqborsa/11044
iqborsa,2026-08-02,15:30:18,11046,baghdad_generic,borsa,unknown,1517.0,iqborsa:city_line,https://t.me/iqborsa/11046
iqborsa,2026-08-02,19:04:38,11048,baghdad_generic,borsa,unknown,1527.5,iqborsa:city_line,https://t.me/iqborsa/11048
iqborsa,2026-08-02,20:29:55,11050,baghdad_generic,borsa,unknown,1525.0,iqborsa:city_line,https://t.me/iqborsa/11050
iqborsa,2026-08-02,21:37:09,11052,baghdad_generic,borsa,unknown,1520.0,iqborsa:city_line,https://t.me/iqborsa/11052
iqborsa,2026-08-03,12:08:28,11055,baghdad_generic,borsa,unknown,1520.0,iqborsa:city_line,https://t.me/iqborsa/11055
iqborsa,2026-08-03,12:31:18,11056,baghdad_generic,borsa,unknown,1518.5,iqborsa:city_line,https://t.me/iqborsa/11056
iqborsa,2026-08-03,12:51:10,11057,baghdad_generic,borsa,unknown,1522.5,iqborsa:city_line,https://t.me/iqborsa/11057
iqborsa,2026-08-03,15:09:05,11060,baghdad_generic,borsa,unknown,1522.0,iqborsa:city_line,https://t.me/iqborsa/11060
iqborsa,2026-08-03,19:41:11,11064,baghdad_generic,borsa,unknown,1527.0,iqborsa:city_line,https://t.me/iqborsa/11064
iqborsa,2026-08-04,13:03:42,11069,baghdad_generic,borsa,unknown,1527.0,iqborsa:city_line,https://t.me/iqborsa/11069
iqborsa,2026-08-04,14:10:44,11071,baghdad_generic,borsa,unknown,1525.0,iqborsa:city_line,https://t.me/iqborsa/11071
iqborsa,2026-08-04,19:27:29,11073,baghdad_generic,borsa,unknown,1520.0,iqborsa:city_line,https://t.me/iqborsa/11073
iqborsa,2026-08-04,19:50:43,11074,baghdad_generic,borsa,unknown,1517.5,iqborsa:city_line,https://t.me/iqborsa/11074
iqborsa,2026-08-05,00:25:43,11078,baghdad_generic,borsa,unknown,1517.5,iqborsa:city_line,https://t.me/iqborsa/11078
iqborsa,2026-08-05,11:27:24,11080,baghdad_generic,borsa,unknown,1518.0,iqborsa:city_line,https://t.me/iqborsa/11080
iqborsa,2026-08-05,13:20:43,11082,baghdad_generic,borsa,unknown,1519.5,iqborsa:city_line,https://t.me/iqborsa/11082
iqborsa,2026-08-05,16:24:44,11085,baghdad_generic,borsa,unknown,1521.5,iqborsa:city_line,https://t.me/iqborsa/11085
iqborsa,2026-08-05,19:15:55,11090,baghdad_generic,borsa,unknown,1520.5,iqborsa:city_line,https://t.me/iqborsa/11090
iqborsa,2026-08-06,09:54:01,11095,baghdad_generic,borsa,unknown,1520.0,iqborsa:city_line,https://t.me/iqborsa/11095
iqborsa,2026-08-06,11:59:05,11098,baghdad_generic,borsa,unknown,1521.5,iqborsa:city_line,https://t.me/iqborsa/11098
iqborsa,2026-08-06,13:55:16,11101,baghdad_generic,borsa,unknown,1522.5,iqborsa:city_line,https://t.me/iqborsa/11101
iqborsa,2026-08-06,16:55:36,11104,baghdad_generic,borsa,unknown,1521.5,iqborsa:city_line,https://t.me/iqborsa/11104
iqborsa,2026-08-07,01:28:45,11112,baghdad_generic,borsa,unknown,1521.5,iqborsa:city_line,https://t.me/iqborsa/11112
iqborsa,2026-08-07,14:38:51,11117,baghdad_generic,borsa,unknown,1520.0,iqborsa:city_line,https://t.me/iqborsa/11117
iqborsa,2026-08-07,20:34:21,11123,baghdad_generic,borsa,unknown,1521.5,iqborsa:city_line,https://t.me/iqborsa/11123
iqborsa,2026-08-08,12:47:17,11127,baghdad_generic,borsa,unknown,1522.5,iqborsa:city_line,https://t.me/iqborsa/11127
iqborsa,2026-08-08,14:06:23,11129,baghdad_generic,borsa,unknown,1520.0,iqborsa:city_line,https://t.me/iqborsa/11129
iqborsa,2026-08-08,15:39:49,11133,baghdad_generic,borsa,unknown,1521.5,iqborsa:city_line,https://t.me/iqborsa/11133
iqborsa,2026-08-08,20:26:27,11138,baghdad_generic,borsa,unknown,1521.0,iqborsa:city_line,https://t.me/iqborsa/11138
iqborsa,2026-08-08,21:35:10,11141,baghdad_generic,borsa,unknown,1520.0,iqborsa:city_line,https://t.me/iqborsa/11141
iqborsa,2026-08-09,12:11:23,11142,baghdad_generic,borsa,unknown,1521.5,iqborsa:city_line,https://t.me/iqborsa/11142
iqborsa,2026-08-09,14:36:41,11145,baghdad_generic,borsa,unknown,1522.5,iqborsa:city_line,https://t.me/iqborsa/11145
iqborsa,2026-08-09,19:38:35,11148,baghdad_generic,borsa,unknown,1522.5,iqborsa:city_line,https://t.me/iqborsa/11148
iqborsa,2026-08-10,09:21:21,11150,baghdad_generic,borsa,unknown,1523.5,iqborsa:city_line,https://t.me/iqborsa/11150
iqborsa,2026-08-10,11:53:08,11151,baghdad_generic,borsa,unknown,1525.0,iqborsa:city_line,https://t.me/iqborsa/11151
iqborsa,2026-08-10,18:40:56,11154,baghdad_generic,borsa,unknown,1529.0,iqborsa:city_line,https://t.me/iqborsa/11154
iqborsa,2026-08-11,10:28:46,11156,baghdad_generic,borsa,unknown,1532.5,iqborsa:city_line,https://t.me/iqborsa/11156
iqborsa,2026-08-11,11:13:25,11157,baghdad_generic,borsa,unknown,1537.5,iqborsa:city_line,https://t.me/iqborsa/11157
iqborsa,2026-08-11,17:48:50,11160,baghdad_generic,borsa,unknown,1532.5,iqborsa:city_line,https://t.me/iqborsa/11160
iqborsa,2026-08-12,12:05:39,11163,baghdad_generic,borsa,unknown,1533.0,iqborsa:city_line,https://t.me/iqborsa/11163
iqborsa,2026-08-12,17:58:51,11164,baghdad_generic,borsa,unknown,1530.0,iqborsa:city_line,https://t.me/iqborsa/11164
iqborsa,2026-08-12,20:07:37,11166,baghdad_generic,borsa,unknown,1527.5,iqborsa:city_line,https://t.me/iqborsa/11166
iqborsa,2026-08-13,10:20:54,11169,baghdad_generic,borsa,unknown,1528.0,iqborsa:city_line,https://t.me/iqborsa/11169
iqborsa,2026-08-13,14:50:09,11171,baghdad_generic,borsa,unknown,1529.5,iqborsa:city_line,https://t.me/iqborsa/11171
iqborsa,2026-08-13,19:02:18,11172,baghdad_generic,borsa,unknown,1530.0,iqborsa:city_line,https://t.me/iqborsa/11172
iqborsa,2026-08-14,13:43:14,11175,baghdad_generic,borsa,unknown,1530.0,iqborsa:city_line,https://t.me/iqborsa/11175
iqborsa,2026-08-14,18:24:17,11178,baghdad_generic,borsa,unknown,1530.0,iqborsa:city_line,https://t.me/iqborsa/11178
iqborsa,2026-08-15,12:02:59,11180,baghdad_generic,borsa,unknown,1529.5,iqborsa:city_line,https://t.me/iqborsa/11180
iqborsa,2026-08-15,16:39:39,11182,baghdad_generic,borsa,unknown,1530.0,iqborsa:city_line,https://t.me/iqborsa/11182
iqborsa,2026-08-15,18:05:58,11184,baghdad_generic,borsa,unknown,1527.5,iqborsa:city_line,https://t.me/iqborsa/11184
iqborsa,2026-08-16,13:13:49,11186,baghdad_generic,borsa,unknown,1528.5,iqborsa:city_line,https://t.me/iqborsa/11186
iqborsa,2026-08-16,13:23:13,11187,baghdad_generic,borsa,unknown,1535.0,iqborsa:city_line,https://t.me/iqborsa/11187
iqborsa,2026-08-16,15:00:53,11188,baghdad_generic,borsa,unknown,1537.5,iqborsa:city_line,https://t.me/iqborsa/11188
iqborsa,2026-08-17,13:15:00,11195,baghdad_generic,borsa,unknown,1547.5,iqborsa:city_line,https://t.me/iqborsa/11195
iqborsa,2026-08-17,15:07:10,11197,baghdad_generic,borsa,unknown,1545.0,iqborsa:city_line,https://t.me/iqborsa/11197
iqborsa,2026-08-17,17:33:32,11200,baghdad_generic,borsa,unknown,1541.5,iqborsa:city_line,https://t.me/iqborsa/11200
iqborsa,2026-08-18,10:29:48,11205,baghdad_generic,borsa,unknown,1539.5,iqborsa:city_line,https://t.me/iqborsa/11205
iqborsa,2026-08-18,16:38:43,11209,baghdad_generic,borsa,unknown,1542.0,iqborsa:city_line,https://t.me/iqborsa/11209
iqborsa,2026-08-18,18:46:56,11210,baghdad_generic,borsa,unknown,1544.5,iqborsa:city_line,https://t.me/iqborsa/11210
iqborsa,2026-08-19,11:47:25,11212,baghdad_generic,borsa,unknown,1543.5,iqborsa:city_line,https://t.me/iqborsa/11212
iqborsa,2026-08-19,17:56:17,11214,baghdad_generic,borsa,unknown,1542.5,iqborsa:city_line,https://t.me/iqborsa/11214
iqborsa,2026-08-20,11:46:49,11216,baghdad_generic,borsa,unknown,1542.0,iqborsa:city_line,https://t.me/iqborsa/11216
iqborsa,2026-08-20,13:57:00,11219,baghdad_generic,borsa,unknown,1542.5,iqborsa:city_line,https://t.me/iqborsa/11219
iqborsa,2026-08-21,12:19:16,11224,baghdad_generic,borsa,unknown,1542.5,iqborsa:city_line,https://t.me/iqborsa/11224
iqborsa,2026-08-22,13:15:34,11227,baghdad_generic,borsa,unknown,1542.5,iqborsa:city_line,https://t.me/iqborsa/11227
iqborsa,2026-08-22,15:21:01,11230,baghdad_generic,borsa,unknown,1540.5,iqborsa:city_line,https://t.me/iqborsa/11230
iqborsa,2026-08-22,19:27:13,11233,baghdad_generic,borsa,unknown,1540.0,iqborsa:city_line,https://t.me/iqborsa/11233
iqborsa,2026-08-23,12:40:47,11236,baghdad_generic,borsa,unknown,1540.0,iqborsa:city_line,https://t.me/iqborsa/11236
iqborsa,2026-08-23,16:53:09,11238,baghdad_generic,borsa,unknown,1539.0,iqborsa:city_line,https://t.me/iqborsa/11238
iqborsa,2026-08-24,11:12:46,11242,baghdad_generic,borsa,unknown,1543.0,iqborsa:city_line,https://t.me/iqborsa/11242
iqborsa,2026-08-24,11:23:08,11243,baghdad_generic,borsa,unknown,1544.5,iqborsa:city_line,https://t.me/iqborsa/11243
iqborsa,2026-08-24,12:35:42,11246,baghdad_generic,borsa,unknown,1542.5,iqborsa:city_line,https://t.me/iqborsa/11246
iqborsa,2026-08-24,20:37:35,11250,baghdad_generic,borsa,unknown,1542.5,iqborsa:city_line,https://t.me/iqborsa/11250
iqborsa,2026-08-25,11:02:03,11253,baghdad_generic,borsa,unknown,1544.0,iqborsa:city_line,https://t.me/iqborsa/11253
iqborsa,2026-08-25,15:32:12,11254,baghdad_generic,borsa,unknown,1542.5,iqborsa:city_line,https://t.me/iqborsa/11254
iqborsa,2026-08-26,12:15:27,11259,baghdad_generic,borsa,unknown,1540.5,iqborsa:city_line,https://t.me/iqborsa/11259
iqborsa,2026-08-26,14:01:33,11261,baghdad_generic,borsa,unknown,1539.5,iqborsa:city_line,https://t.me/iqborsa/11261
iqborsa,2026-08-26,17:01:45,11263,baghdad_generic,borsa,unknown,1537.5,iqborsa:city_line,https://t.me/iqborsa/11263
iqborsa,2026-08-26,23:25:53,11266,baghdad_generic,borsa,unknown,1535.5,iqborsa:city_line,https://t.me/iqborsa/11266
iqborsa,2026-08-27,10:47:55,11268,baghdad_generic,borsa,unknown,1536.0,iqborsa:city_line,https://t.me/iqborsa/11268
iqborsa,2026-08-27,15:28:41,11270,baghdad_generic,borsa,unknown,1539.5,iqborsa:city_line,https://t.me/iqborsa/11270
iqborsa,2026-08-27,20:38:48,11272,baghdad_generic,borsa,unknown,1538.5,iqborsa:city_line,https://t.me/iqborsa/11272
iqborsa,2026-08-28,16:21:52,11274,baghdad_generic,borsa,unknown,1539.0,iqborsa:city_line,https://t.me/iqborsa/11274
iqborsa,2026-08-29,12:59:01,11276,baghdad_generic,borsa,unknown,1540.0,iqborsa:city_line,https://t.me/iqborsa/11276
iqborsa,2026-08-29,14:44:39,11278,baghdad_generic,borsa,unknown,1541.5,iqborsa:city_line,https://t.me/iqborsa/11278
iqborsa,2026-08-29,18:56:25,11281,baghdad_generic,borsa,unknown,1539.5,iqborsa:city_line,https://t.me/iqborsa/11281
iqborsa,2026-08-30,12:25:57,11285,baghdad_generic,borsa,unknown,1539.0,iqborsa:city_line,https://t.me/iqborsa/11285
iqborsa,2026-08-30,15:07:16,11287,baghdad_generic,borsa,unknown,1538.5,iqborsa:city_line,https://t.me/iqborsa/11287
iqborsa,2026-08-30,15:47:28,11288,baghdad_generic,borsa,unknown,1537.5,iqborsa:city_line,https://t.me/iqborsa/11288
iqborsa,2026-08-31,09:30:50,11291,baghdad_generic,borsa,unknown,1539.5,iqborsa:city_line,https://t.me/iqborsa/11291
iqborsa,2026-08-31,17:15:20,11294,baghdad_generic,borsa,unknown,1541.5,iqborsa:city_line,https://t.me/iqborsa/11294
iqborsa,2026-08-31,20:46:26,11295,baghdad_generic,borsa,unknown,1540.0,iqborsa:city_line,https://t.me/iqborsa/11295
iqborsa,2026-09-01,10:31:56,11299,baghdad_generic,borsa,unknown,1540.0,iqborsa:city_line,https://t.me/iqborsa/11299
iqborsa,2026-09-01,14:15:22,11300,baghdad_generic,borsa,unknown,1542.0,iqborsa:city_line,https://t.me/iqborsa/11300
iqborsa,2026-09-01,16:49:40,11303,baghdad_generic,borsa,unknown,1541.5,iqborsa:city_line,https://t.me/iqborsa/11303
iqborsa,2026-09-02,10:31:22,11306,baghdad_generic,borsa,unknown,1545.0,iqborsa:city_line,https://t.me/iqborsa/11306
iqborsa,2026-09-02,14:55:23,11311,baghdad_generic,borsa,unknown,1545.5,iqborsa:city_line,https://t.me/iqborsa/11311
iqborsa,2026-09-02,21:12:25,11315,baghdad_generic,borsa,unknown,1546.5,iqborsa:city_line,https://t.me/iqborsa/11315
iqborsa,2026-09-03,10:00:30,11319,baghdad_generic,borsa,unknown,1547.0,iqborsa:city_line,https://t.me/iqborsa/11319
iqborsa,2026-09-03,13:11:33,11321,baghdad_generic,borsa,unknown,1546.5,iqborsa:city_line,https://t.me/iqborsa/11321
iqborsa,2026-09-03,15:52:45,11322,baghdad_generic,borsa,unknown,1547.5,iqborsa:city_line,https://t.me/iqborsa/11322
iqborsa,2026-09-03,17:20:43,11324,baghdad_generic,borsa,unknown,1545.5,iqborsa:city_line,https://t.me/iqborsa/11324
iqborsa,2026-09-03,19:16:02,11327,baghdad_generic,borsa,unknown,1546.5,iqborsa:city_line,https://t.me/iqborsa/11327
iqborsa,2026-09-04,12:48:46,11331,baghdad_generic,borsa,unknown,1547.0,iqborsa:city_line,https://t.me/iqborsa/11331
iqborsa,2026-09-04,21:42:37,11334,baghdad_generic,borsa,unknown,1545.0,iqborsa:city_line,https://t.me/iqborsa/11334
iqborsa,2026-09-05,09:33:08,11336,baghdad_generic,borsa,unknown,1545.0,iqborsa:city_line,https://t.me/iqborsa/11336
iqborsa,2026-09-05,12:39:42,11337,baghdad_generic,borsa,unknown,1546.5,iqborsa:city_line,https://t.me/iqborsa/11337
iqborsa,2026-09-05,14:27:48,11340,baghdad_generic,borsa,unknown,1547.0,iqborsa:city_line,https://t.me/iqborsa/11340
iqborsa,2026-09-05,20:27:24,11344,baghdad_generic,borsa,unknown,1550.0,iqborsa:city_line,https://t.me/iqborsa/11344
iqborsa,2026-09-06,09:37:37,11349,baghdad_generic,borsa,unknown,1547.5,iqborsa:city_line,https://t.me/iqborsa/11349
iqborsa,2026-09-06,14:03:00,11350,baghdad_generic,borsa,unknown,1557.5,iqborsa:city_line,https://t.me/iqborsa/11350
iqborsa,2026-09-07,11:25:45,11353,baghdad_generic,borsa,unknown,1556.5,iqborsa:city_line,https://t.me/iqborsa/11353
iqborsa,2026-09-07,11:51:39,11354,baghdad_generic,borsa,unknown,1555.0,iqborsa:city_line,https://t.me/iqborsa/11354
iqborsa,2026-09-07,12:24:35,11356,baghdad_generic,borsa,unknown,1552.5,iqborsa:city_line,https://t.me/iqborsa/11356
iqborsa,2026-09-07,13:39:17,11357,baghdad_generic,borsa,unknown,1555.0,iqborsa:city_line,https://t.me/iqborsa/11357
iqborsa,2026-09-07,14:50:43,11359,baghdad_generic,borsa,unknown,1555.5,iqborsa:city_line,https://t.me/iqborsa/11359
iqborsa,2026-09-07,20:35:28,11363,baghdad_generic,borsa,unknown,1554.0,iqborsa:city_line,https://t.me/iqborsa/11363
iqborsa,2026-09-08,09:42:19,11366,baghdad_generic,borsa,unknown,1554.5,iqborsa:city_line,https://t.me/iqborsa/11366
iqborsa,2026-09-08,11:45:59,11368,baghdad_generic,borsa,unknown,1557.5,iqborsa:city_line,https://t.me/iqborsa/11368
iqborsa,2026-09-08,13:29:45,11370,baghdad_generic,borsa,unknown,1562.5,iqborsa:city_line,https://t.me/iqborsa/11370
iqborsa,2026-09-09,11:39:52,11373,baghdad_generic,borsa,unknown,1565.0,iqborsa:city_line,https://t.me/iqborsa/11373
iqborsa,2026-09-09,13:25:53,11374,baghdad_generic,borsa,unknown,1562.5,iqborsa:city_line,https://t.me/iqborsa/11374
iqborsa,2026-09-09,15:36:55,11376,baghdad_generic,borsa,unknown,1560.0,iqborsa:city_line,https://t.me/iqborsa/11376
iqborsa,2026-09-09,17:50:51,11380,baghdad_generic,borsa,unknown,1560.5,iqborsa:city_line,https://t.me/iqborsa/11380
iqborsa,2026-09-09,23:07:54,11384,baghdad_generic,borsa,unknown,1560.0,iqborsa:city_line,https://t.me/iqborsa/11384
iqborsa,2026-09-10,10:16:22,11386,baghdad_generic,borsa,unknown,1560.0,iqborsa:city_line,https://t.me/iqborsa/11386
iqborsa,2026-09-10,12:01:20,11387,baghdad_generic,borsa,unknown,1561.5,iqborsa:city_line,https://t.me/iqborsa/11387
iqborsa,2026-09-10,15:55:21,11389,baghdad_generic,borsa,unknown,1561.0,iqborsa:city_line,https://t.me/iqborsa/11389
iqborsa,2026-09-10,19:09:27,11390,baghdad_generic,borsa,unknown,1560.0,iqborsa:city_line,https://t.me/iqborsa/11390
iqborsa,2026-09-11,11:42:36,11392,baghdad_generic,borsa,unknown,1561.5,iqborsa:city_line,https://t.me/iqborsa/11392
iqborsa,2026-09-11,16:43:54,11394,baghdad_generic,borsa,unknown,1564.0,iqborsa:city_line,https://t.me/iqborsa/11394
iqborsa,2026-09-12,10:21:56,11400,baghdad_generic,borsa,unknown,1567.5,iqborsa:city_line,https://t.me/iqborsa/11400
iqborsa,2026-09-12,12:49:16,11403,baghdad_generic,borsa,unknown,1570.0,iqborsa:city_line,https://t.me/iqborsa/11403
iqborsa,2026-09-12,13:33:18,11404,baghdad_generic,borsa,unknown,1567.5,iqborsa:city_line,https://t.me/iqborsa/11404
iqborsa,2026-09-12,15:11:51,11405,baghdad_generic,borsa,unknown,1566.0,iqborsa:city_line,https://t.me/iqborsa/11405
iqborsa,2026-09-12,17:12:14,11406,baghdad_generic,borsa,unknown,1565.0,iqborsa:city_line,https://t.me/iqborsa/11406
iqborsa,2026-09-12,18:35:06,11408,baghdad_generic,borsa,unknown,1564.0,iqborsa:city_line,https://t.me/iqborsa/11408
iqborsa,2026-09-13,10:12:51,11410,baghdad_generic,borsa,unknown,1565.0,iqborsa:city_line,https://t.me/iqborsa/11410
iqborsa,2026-09-13,12:51:09,11411,baghdad_generic,borsa,unknown,1564.0,iqborsa:city_line,https://t.me/iqborsa/11411
iqborsa,2026-09-13,15:50:37,11413,baghdad_generic,borsa,unknown,1565.0,iqborsa:city_line,https://t.me/iqborsa/11413
iqborsa,2026-09-13,17:03:41,11414,baghdad_generic,borsa,unknown,1562.5,iqborsa:city_line,https://t.me/iqborsa/11414
iqborsa,2026-09-14,12:23:19,11417,baghdad_generic,borsa,unknown,1565.0,iqborsa:city_line,https://t.me/iqborsa/11417
iqborsa,2026-09-14,15:37:51,11419,baghdad_generic,borsa,unknown,1567.0,iqborsa:city_line,https://t.me/iqborsa/11419
iqborsa,2026-09-14,21:45:02,11421,baghdad_generic,borsa,unknown,1565.0,iqborsa:city_line,https://t.me/iqborsa/11421
iqborsa,2026-09-15,11:54:32,11424,baghdad_generic,borsa,unknown,1567.0,iqborsa:city_line,https://t.me/iqborsa/11424
iqborsa,2026-09-15,12:19:06,11425,baghdad_generic,borsa,unknown,1566.5,iqborsa:city_line,https://t.me/iqborsa/11425
iqborsa,2026-09-15,13:17:40,11426,baghdad_generic,borsa,unknown,1567.5,iqborsa:city_line,https://t.me/iqborsa/11426
iqborsa,2026-09-15,16:03:39,11428,baghdad_generic,borsa,unknown,1569.5,iqborsa:city_line,https://t.me/iqborsa/11428
iqborsa,2026-09-16,11:18:11,11431,baghdad_generic,borsa,unknown,1575.0,iqborsa:city_line,https://t.me/iqborsa/11431
iqborsa,2026-09-16,15:22:50,11433,baghdad_generic,borsa,unknown,1585.0,iqborsa:city_line,https://t.me/iqborsa/11433
iqborsa,2026-09-17,11:34:20,11436,baghdad_generic,borsa,unknown,1591.0,iqborsa:city_line,https://t.me/iqborsa/11436
iqborsa,2026-09-18,11:33:15,11441,baghdad_generic,borsa,unknown,1594.5,iqborsa:city_line,https://t.me/iqborsa/11441
iqborsa,2026-09-18,18:02:26,11444,baghdad_generic,borsa,unknown,1594.0,iqborsa:city_line,https://t.me/iqborsa/11444
iqborsa,2026-09-19,10:23:25,11448,baghdad_generic,borsa,unknown,1597.5,iqborsa:city_line,https://t.me/iqborsa/11448
iqborsa,2026-09-19,12:00:50,11450,baghdad_generic,borsa,unknown,1600.0,iqborsa:city_line,https://t.me/iqborsa/11450
iqborsa,2026-09-19,13:38:35,11452,baghdad_generic,borsa,unknown,1599.5,iqborsa:city_line,https://t.me/iqborsa/11452
iqborsa,2026-09-19,15:55:48,11454,baghdad_generic,borsa,unknown,1597.5,iqborsa:city_line,https://t.me/iqborsa/11454
iqborsa,2026-09-19,17:30:49,11458,baghdad_generic,borsa,unknown,1595.0,iqborsa:city_line,https://t.me/iqborsa/11458
iqborsa,2026-09-19,20:17:20,11459,baghdad_generic,borsa,unknown,1592.5,iqborsa:city_line,https://t.me/iqborsa/11459
iqborsa,2026-09-19,20:52:09,11462,baghdad_generic,borsa,unknown,1587.0,iqborsa:city_line,https://t.me/iqborsa/11462
iqborsa,2026-09-20,13:08:35,11464,baghdad_generic,borsa,unknown,1585.0,iqborsa:city_line,https://t.me/iqborsa/11464
iqborsa,2026-09-20,14:32:03,11466,baghdad_generic,borsa,unknown,1585.5,iqborsa:city_line,https://t.me/iqborsa/11466
iqborsa,2026-09-20,15:25:55,11467,baghdad_generic,borsa,unknown,1584.0,iqborsa:city_line,https://t.me/iqborsa/11467
iqborsa,2026-09-20,15:52:41,11468,baghdad_generic,borsa,unknown,1582.5,iqborsa:city_line,https://t.me/iqborsa/11468
iqborsa,2026-09-20,20:13:49,11470,baghdad_generic,borsa,unknown,1577.5,iqborsa:city_line,https://t.me/iqborsa/11470
iqborsa,2026-09-20,21:27:44,11471,baghdad_generic,borsa,unknown,1574.5,iqborsa:bare_number,https://t.me/iqborsa/11471
iqborsa,2026-09-21,12:23:39,11474,baghdad_generic,borsa,unknown,1573.0,iqborsa:city_line,https://t.me/iqborsa/11474
iqborsa,2026-09-21,12:44:18,11476,baghdad_generic,borsa,unknown,1572.0,iqborsa:city_line,https://t.me/iqborsa/11476
iqborsa,2026-09-21,14:19:52,11477,baghdad_generic,borsa,unknown,1569.5,iqborsa:city_line,https://t.me/iqborsa/11477
iqborsa,2026-09-21,14:45:40,11478,baghdad_generic,borsa,unknown,1575.0,iqborsa:city_line,https://t.me/iqborsa/11478
iqborsa,2026-09-21,15:25:52,11479,baghdad_generic,borsa,unknown,1577.5,iqborsa:city_line,https://t.me/iqborsa/11479
iqborsa,2026-09-21,20:44:47,11483,baghdad_generic,borsa,unknown,1580.0,iqborsa:city_line,https://t.me/iqborsa/11483
iqborsa,2026-09-22,11:01:58,11486,baghdad_generic,borsa,unknown,1573.0,iqborsa:city_line,https://t.me/iqborsa/11486
iqborsa,2026-09-22,13:43:35,11487,baghdad_generic,borsa,unknown,1575.0,iqborsa:city_line,https://t.me/iqborsa/11487
iqborsa,2026-09-22,20:15:16,11488,baghdad_generic,borsa,unknown,1574.5,iqborsa:city_line,https://t.me/iqborsa/11488
iqborsa,2026-09-22,20:56:26,11490,baghdad_generic,borsa,unknown,1572.5,iqborsa:city_line,https://t.me/iqborsa/11490
iqborsa,2026-09-23,10:46:06,11495,baghdad_generic,borsa,unknown,1567.5,iqborsa:city_line,https://t.me/iqborsa/11495
iqborsa,2026-09-23,14:09:34,11497,baghdad_generic,borsa,unknown,1565.0,iqborsa:city_line,https://t.me/iqborsa/11497
iqborsa,2026-09-23,15:24:29,11499,baghdad_generic,borsa,unknown,1565.5,iqborsa:city_line,https://t.me/iqborsa/11499
iqborsa,2026-09-23,18:21:05,11502,baghdad_generic,borsa,unknown,1567.5,iqborsa:city_line,https://t.me/iqborsa/11502
iqborsa,2026-09-23,20:34:26,11503,baghdad_generic,borsa,unknown,1566.5,iqborsa:city_line,https://t.me/iqborsa/11503
iqborsa,2026-09-24,11:55:55,11505,baghdad_generic,borsa,unknown,1567.5,iqborsa:city_line,https://t.me/iqborsa/11505
iqborsa,2026-09-24,13:03:40,11506,baghdad_generic,borsa,unknown,1572.0,iqborsa:city_line,https://t.me/iqborsa/11506
iqborsa,2026-09-24,16:00:55,11509,baghdad_generic,borsa,unknown,1571.0,iqborsa:city_line,https://t.me/iqborsa/11509
iqborsa,2026-09-24,17:36:49,11512,baghdad_generic,borsa,unknown,1572.0,iqborsa:city_line,https://t.me/iqborsa/11512
iqborsa,2026-09-25,11:26:31,11516,baghdad_generic,borsa,unknown,1570.0,iqborsa:city_line,https://t.me/iqborsa/11516
iqborsa,2026-09-25,21:47:06,11520,baghdad_generic,borsa,unknown,1567.5,iqborsa:city_line,https://t.me/iqborsa/11520
iqborsa,2026-09-26,12:36:45,11522,baghdad_generic,borsa,unknown,1566.5,iqborsa:city_line,https://t.me/iqborsa/11522
iqborsa,2026-09-26,14:22:57,11523,baghdad_generic,borsa,unknown,1566.0,iqborsa:city_line,https://t.me/iqborsa/11523
iqborsa,2026-09-26,14:52:31,11525,baghdad_generic,borsa,unknown,1565.0,iqborsa:city_line,https://t.me/iqborsa/11525
iqborsa,2026-09-26,15:52:35,11527,baghdad_generic,borsa,unknown,1562.0,iqborsa:city_line,https://t.me/iqborsa/11527
iqborsa,2026-09-26,16:20:28,11529,baghdad_generic,borsa,unknown,1557.5,iqborsa:city_line,https://t.me/iqborsa/11529
iqborsa,2026-09-26,16:26:06,11531,baghdad_generic,borsa,unknown,1557.0,iqborsa:city_line,https://t.me/iqborsa/11531
iqborsa,2026-09-26,18:20:52,11535,baghdad_generic,borsa,unknown,1558.5,iqborsa:city_line,https://t.me/iqborsa/11535
iqborsa,2026-09-27,10:36:16,11543,baghdad_generic,borsa,unknown,1552.5,iqborsa:city_line,https://t.me/iqborsa/11543
iqborsa,2026-09-27,14:13:32,11544,baghdad_generic,borsa,unknown,1557.0,iqborsa:city_line,https://t.me/iqborsa/11544
iqborsa,2026-09-27,15:36:58,11547,baghdad_generic,borsa,unknown,1559.0,iqborsa:city_line,https://t.me/iqborsa/11547
iqborsa,2026-09-27,20:33:43,11548,baghdad_generic,borsa,unknown,1555.0,iqborsa:city_line,https://t.me/iqborsa/11548
iqborsa,2026-09-28,10:22:14,11551,baghdad_generic,borsa,unknown,1558.5,iqborsa:city_line,https://t.me/iqborsa/11551
iqborsa,2026-09-28,11:26:42,11552,baghdad_generic,borsa,unknown,1560.0,iqborsa:city_line,https://t.me/iqborsa/11552
iqborsa,2026-09-28,12:03:07,11553,baghdad_generic,borsa,unknown,1564.0,iqborsa:city_line,https://t.me/iqborsa/11553
iqborsa,2026-09-28,13:06:17,11555,baghdad_generic,borsa,unknown,1562.0,iqborsa:city_line,https://t.me/iqborsa/11555
iqborsa,2026-09-28,16:13:10,11557,baghdad_generic,borsa,unknown,1566.0,iqborsa:city_line,https://t.me/iqborsa/11557
iqborsa,2026-09-28,19:41:26,11559,baghdad_generic,borsa,unknown,1569.0,iqborsa:city_line,https://t.me/iqborsa/11559
iqborsa,2026-09-29,10:08:16,11562,baghdad_generic,borsa,unknown,1567.5,iqborsa:city_line,https://t.me/iqborsa/11562
iqborsa,2026-09-29,10:33:19,11563,baghdad_generic,borsa,unknown,1575.0,iqborsa:city_line,https://t.me/iqborsa/11563
iqborsa,2026-09-29,12:21:04,11565,baghdad_generic,borsa,unknown,1572.5,iqborsa:city_line,https://t.me/iqborsa/11565
iqborsa,2026-09-29,13:53:03,11566,baghdad_generic,borsa,unknown,1570.0,iqborsa:city_line,https://t.me/iqborsa/11566
iqborsa,2026-09-29,16:23:08,11569,baghdad_generic,borsa,unknown,1574.0,iqborsa:city_line,https://t.me/iqborsa/11569
iqborsa,2026-09-30,09:55:51,11574,baghdad_generic,borsa,unknown,1572.5,iqborsa:city_line,https://t.me/iqborsa/11574
iqborsa,2026-09-30,12:40:57,11575,baghdad_generic,borsa,unknown,1570.0,iqborsa:city_line,https://t.me/iqborsa/11575
iqborsa,2026-09-30,15:07:53,11577,baghdad_generic,borsa,unknown,1568.5,iqborsa:city_line,https://t.me/iqborsa/11577
iqborsa,2026-09-30,19:53:32,11579,baghdad_generic,borsa,unknown,1569.0,iqborsa:city_line,https://t.me/iqborsa/11579
iqborsa,2026-10-01,10:25:31,11581,baghdad_generic,borsa,unknown,1568.5,iqborsa:city_line,https://t.me/iqborsa/11581
iqborsa,2026-10-01,12:19:24,11582,baghdad_generic,borsa,unknown,1572.0,iqborsa:city_line,https://t.me/iqborsa/11582
iqborsa,2026-10-01,13:37:15,11584,baghdad_generic,borsa,unknown,1571.0,iqborsa:city_line,https://t.me/iqborsa/11584
iqborsa,2026-10-01,17:22:20,11586,baghdad_generic,borsa,unknown,1573.0,iqborsa:city_line,https://t.me/iqborsa/11586
iqborsa,2026-10-03,11:29:10,11588,baghdad_generic,borsa,unknown,1569.5,iqborsa:city_line,https://t.me/iqborsa/11588
iqborsa,2026-10-03,12:55:43,11591,baghdad_generic,borsa,unknown,1573.0,iqborsa:city_line,https://t.me/iqborsa/11591
iqborsa,2026-10-03,15:15:41,11594,baghdad_generic,borsa,unknown,1573.5,iqborsa:city_line,https://t.me/iqborsa/11594
iqborsa,2026-10-04,10:18:09,11598,baghdad_generic,borsa,unknown,1579.0,iqborsa:city_line,https://t.me/iqborsa/11598
iqborsa,2026-10-04,10:53:16,11600,baghdad_generic,borsa,unknown,1581.0,iqborsa:city_line,https://t.me/iqborsa/11600
iqborsa,2026-10-04,14:18:42,11602,baghdad_generic,borsa,unknown,1580.5,iqborsa:city_line,https://t.me/iqborsa/11602
iqborsa,2026-10-04,17:50:18,11604,baghdad_generic,borsa,unknown,1585.0,iqborsa:city_line,https://t.me/iqborsa/11604
iqborsa,2026-10-05,09:56:15,11606,baghdad_generic,borsa,unknown,1591.0,iqborsa:city_line,https://t.me/iqborsa/11606
iqborsa,2026-10-05,12:17:47,11607,baghdad_generic,borsa,unknown,1589.5,iqborsa:city_line,https://t.me/iqborsa/11607
iqborsa,2026-10-05,13:50:38,11608,baghdad_generic,borsa,unknown,1596.5,iqborsa:city_line,https://t.me/iqborsa/11608
iqborsa,2026-10-06,10:10:28,11610,baghdad_generic,borsa,unknown,1598.0,iqborsa:city_line,https://t.me/iqborsa/11610
iqborsa,2026-10-06,12:43:34,11612,baghdad_generic,borsa,unknown,1611.0,iqborsa:city_line,https://t.me/iqborsa/11612
iqborsa,2026-10-06,20:13:28,11615,baghdad_generic,borsa,unknown,1623.0,iqborsa:city_line,https://t.me/iqborsa/11615
iqborsa,2026-10-07,11:34:30,11619,baghdad_generic,borsa,unknown,1682.5,iqborsa:city_line,https://t.me/iqborsa/11619
iqborsa,2026-10-07,20:18:19,11621,baghdad_generic,borsa,unknown,1664.5,iqborsa:city_line,https://t.me/iqborsa/11621
iqborsa,2026-10-08,10:20:25,11623,baghdad_generic,borsa,unknown,1668.0,iqborsa:city_line,https://t.me/iqborsa/11623
iqborsa,2026-10-08,14:48:02,11625,baghdad_generic,borsa,unknown,1657.0,iqborsa:city_line,https://t.me/iqborsa/11625
iqborsa,2026-10-09,17:51:11,11631,baghdad_generic,borsa,unknown,1648.0,iqborsa:city_line,https://t.me/iqborsa/11631
